"","ADM2_id","total_exposure_days","total_population","total_person_day_exposure","log_total_person_day_exposure"
"1","10022922B10629043557873",1,93481.0703323687,93481.0703323687,11.4455142384414
"2","10022922B11162683268422",1,141540.443559481,141540.443559481,11.860340775435
"3","10022922B12403701465046",1,130993.491878081,130993.491878081,11.7829029206292
"4","10022922B13687813160362",1,221545.864755732,221545.864755732,12.3083849113924
"5","10022922B21478747844721",1,46063.4856717555,46063.4856717555,10.7377758472755
"6","10022922B23434626058692",1,194941.608646846,194941.608646846,12.1804553498672
"7","10022922B29889196912325",1,91239.3233314846,91239.3233314846,11.4212412600127
"8","10022922B29911348985828",1,139472.057733695,139472.057733695,11.845619557196
"9","10022922B31178585124685",1,121528.002120512,121528.002120512,11.7078999853363
"10","10022922B31790128040616",1,113870.539517988,113870.539517988,11.6428174638104
"11","10022922B34392392155891",1,187575.007571411,187575.007571411,12.1419340847786
"12","10022922B39439372576611",1,279105.496769201,279105.496769201,12.5393451139532
"13","10022922B42807663031303",1,184049.731672505,184049.731672505,12.1229612809007
"14","10022922B47245353926014",1,98869.7123744912,98869.7123744912,11.5015582257587
"15","10022922B52512193010711",1,165672.807429617,165672.807429617,12.0177700827033
"16","10022922B56031688474611",1,77879.0839312215,77879.0839312215,11.2629126968492
"17","10022922B57896428715958",1,21616.4801567925,21616.4801567925,9.98121127298031
"18","10022922B6018255004858",1,83536.7842287384,83536.7842287384,11.3330423435197
"19","10022922B63046975451138",1,47102.5104093829,47102.5104093829,10.7600815781464
"20","10022922B7074189327891",1,49565.4173006503,49565.4173006503,10.8110486376921
"21","10022922B72540367204165",1,88925.3079395337,88925.3079395337,11.3955520597236
"22","10022922B7475622417535",1,213466.765572413,213466.765572413,12.2712364347676
"23","10022922B85703559853082",1,64071.1472171621,64071.1472171621,11.0677494201566
"24","14151628B20319301670654",1,15505.6302387868,15505.6302387868,9.64895847816327
"25","14151628B28251361437248",1,7376.33750346759,7376.33750346759,8.90603252116732
"26","14151628B39642918357252",1,95890.6561362554,95890.6561362554,11.4709638227174
"27","14151628B48978228339800",1,51712.9189893228,51712.9189893228,10.8534629130201
"28","14151628B53541640625043",1,32399.2983448661,32399.2983448661,10.3858920455233
"29","14151628B53702400461405",1,48982.634062935,48982.634062935,10.7992211073969
"30","14151628B61046117406534",1,8497.47355093876,8497.47355093876,9.0475241689957
"31","14151628B68154180840071",1,14757.3265616853,14757.3265616853,9.59949495449185
"32","14151628B8492423103487",1,115634.802143688,115634.802143688,11.6581922465183
"33","14151628B98370545668292",1,207163.687915134,207163.687915134,12.2412645226343
"34","1456440B17189259529244",1,2165.34849696718,2165.34849696718,7.6803365960586
"35","1456440B5266372606878",1,14048.0369196255,14048.0369196255,9.5502379439769
"36","1456440B92384260503294",1,5813.6599417565,5813.6599417565,8.66796558985827
"37","17275852B1065790622928",2,387121.071327156,774242.142654312,13.5596399494524
"38","17275852B11407259911678",1,442891.978690294,442891.978690294,13.0010811788651
"39","17275852B12443275471591",1,722129.77662242,722129.77662242,13.489960147737
"40","17275852B13001476141541",1,553573.580375341,553573.580375341,13.2241499588364
"41","17275852B13333769593378",1,239620.38142776,239620.38142776,12.3868112059953
"42","17275852B1408079528399",1,656949.647054521,656949.647054521,13.3953626538212
"43","17275852B14220584679784",1,603621.343067174,603621.343067174,13.3107023648716
"44","17275852B1464685470526",1,252771.809084456,252771.809084456,12.440242420339
"45","17275852B14815638988431",1,359674.597633181,359674.597633181,12.7929550062091
"46","17275852B15154532755577",1,604884.21215423,604884.21215423,13.3127923338275
"47","17275852B15408627611583",2,399385.374423475,798770.74884695,13.5908292609837
"48","17275852B1598816020910",1,298001.630378601,298001.630378601,12.6048542365417
"49","17275852B16105050053503",2,855686.41506688,1711372.83013376,14.3528064310271
"50","17275852B16277870573564",1,245755.763515904,245755.763515904,12.4120934904949
"51","17275852B16521843045020",1,1077307.26535055,1077307.26535055,13.8899752128961
"52","17275852B17608034678944",1,726337.496015873,726337.496015873,13.4957700563334
"53","17275852B17765750844334",1,738849.72989151,738849.72989151,13.5128498367521
"54","17275852B18068640448414",1,326194.700791842,326194.700791842,12.6952497237638
"55","17275852B19798754149723",1,496061.675601254,496061.675601254,13.114455543947
"56","17275852B2047862171292",1,436429.249159869,436429.249159869,12.9863815544345
"57","17275852B2067645637252",1,355953.842416476,355953.842416476,12.7825563452946
"58","17275852B2295538790743",1,739239.389518825,739239.389518825,13.5133770845766
"59","17275852B23391188567726",2,1073979.0068624,2147958.0137248,14.5800281877368
"60","17275852B2433692358799",1,558778.332593388,558778.332593388,13.2335081307266
"61","17275852B24439099777247",1,308742.051451188,308742.051451188,12.6402614223053
"62","17275852B24445486288332",1,352089.339375043,352089.339375043,12.7716402274199
"63","17275852B24844793518389",1,796914.695608941,796914.695608941,13.5885029201857
"64","17275852B26033440645013",1,95292.7867791571,95292.7867791571,11.4647093971571
"65","17275852B26184442721162",1,1124885.35412007,1124885.35412007,13.9331916809789
"66","17275852B26545854509310",1,640884.77905741,640884.77905741,13.370604967885
"67","17275852B27557602684751",1,315592.684430296,315592.684430296,12.6622076878065
"68","17275852B28001364673929",1,810486.159293478,810486.159293478,13.6053895432613
"69","17275852B28043359135044",1,1174038.8676957,1174038.8676957,13.9759603858883
"70","17275852B2889394580219",1,149752.782676407,149752.782676407,11.9167410979513
"71","17275852B29164896560898",1,455156.212471214,455156.212471214,13.0283959631234
"72","17275852B29365851049062",1,1002939.13319874,1002939.13319874,13.8184453803557
"73","17275852B30171028833385",1,780886.711654904,780886.711654904,13.5681853628008
"74","17275852B30212147371030",1,161222.245760248,161222.245760248,11.9905391005275
"75","17275852B30975390905787",1,101541.324729723,101541.324729723,11.5282211347992
"76","17275852B31429968474935",1,445428.470259543,445428.470259543,13.0067919524171
"77","17275852B31753067259114",2,166126.566467798,332253.132935596,12.7136524059835
"78","17275852B3344696552320",1,1001109.94394666,1001109.94394666,13.8166198863786
"79","17275852B34914005005648",1,954829.492832115,954829.492832115,13.7692880619854
"80","17275852B34982159967792",1,204313.564918124,204313.564918124,12.2274111756555
"81","17275852B35175722210772",2,54365.3034978924,108730.606995785,11.5966286065733
"82","17275852B35691129963558",2,795162.705554199,1590325.4111084,14.2794492143307
"83","17275852B36103206667165",1,897375.476368735,897375.476368735,13.7072296447255
"84","17275852B36427803126994",2,1118375.95171513,2236751.90343026,14.6205353283898
"85","17275852B3726458161276",1,443057.439556668,443057.439556668,13.0014547010209
"86","17275852B37419515135684",1,405317.347604243,405317.347604243,12.912425613586
"87","17275852B37463175613953",2,256962.81479926,513925.62959852,13.1498338444717
"88","17275852B37578058694758",1,306549.542943565,306549.542943565,12.6331346622211
"89","17275852B37590867813392",1,272906.576160666,272906.576160666,12.5168848037336
"90","17275852B37857453943231",2,233722.498872315,467444.99774463,13.0550369689062
"91","17275852B37962942142742",1,259800.736399703,259800.736399703,12.4676702177015
"92","17275852B38338809131920",1,874739.686481702,874739.686481702,13.6816816199137
"93","17275852B38667129164520",1,114948.017465074,114948.017465074,11.6522352831098
"94","17275852B38709981190197",1,240910.861197116,240910.861197116,12.3921822735024
"95","17275852B3879764169207",2,910415.987911902,1820831.9758238,14.4148040841746
"96","17275852B40414648244388",2,263087.545464218,526175.090928436,13.1733893088176
"97","17275852B40485497211548",1,454513.061232479,454513.061232479,13.026981929772
"98","17275852B40827597599959",2,328171.74585566,656343.49171132,13.3944395463011
"99","17275852B40888287647604",1,374334.796561114,374334.796561114,12.8329058539347
"100","17275852B40934974334003",2,730963.115305168,1461926.23061034,14.19526546016
"101","17275852B41190306193582",1,423434.33799936,423434.33799936,12.956153735007
"102","17275852B41425356149959",1,400232.065547355,400232.065547355,12.8997998217285
"103","17275852B42065564755438",1,523687.037930848,523687.037930848,13.1686495290177
"104","17275852B42230140857746",1,404962.975511567,404962.975511567,12.9115509234198
"105","17275852B42238111310042",1,482132.650733469,482132.650733469,13.0859745641603
"106","17275852B42279115337630",1,680687.844739911,680687.844739911,13.4308591022763
"107","17275852B42599245130625",1,351190.613251169,351190.613251169,12.7690844127412
"108","17275852B42704411692482",2,903014.902748238,1806029.80549648,14.40664151642
"109","17275852B43126330817922",1,1284133.3412756,1284133.3412756,14.0655946061857
"110","17275852B43707425356039",2,688979.153114484,1377958.30622897,14.1361134733701
"111","17275852B44248179758570",1,545000.670225917,545000.670225917,13.208542303417
"112","17275852B44457791224784",1,1258545.59084682,1258545.59084682,14.0454673192397
"113","17275852B44953136813001",1,157231.273761288,157231.273761288,11.9654730816926
"114","17275852B46074982775581",1,513922.200355126,513922.200355126,13.1498271718042
"115","17275852B46208020456835",2,424482.629040492,848965.258080984,13.651773543468
"116","17275852B4666557299379",2,643759.665784709,1287519.33156942,14.0682279262185
"117","17275852B46998996515844",1,427819.81766907,427819.81766907,12.9664573991696
"118","17275852B47214038820512",1,762708.44509836,762708.44509836,13.5446311207256
"119","17275852B47532353262214",1,823078.257012281,823078.257012281,13.6208065626384
"120","17275852B47635697455490",1,2618.66885179511,2618.66885179511,7.87042139580899
"121","17275852B47804746725670",1,441346.028926583,441346.028926583,12.9975844928472
"122","17275852B47839165615513",1,16358.9850645728,16358.9850645728,9.70253257061453
"123","17275852B48501556095420",2,149276.246038141,298552.492076282,12.6067010492064
"124","17275852B48557917794925",1,278998.027112187,278998.027112187,12.538959989496
"125","17275852B49260746635311",2,374156.112012119,748312.224024238,13.5255755816617
"126","17275852B50034294804845",2,1303713.16801268,2607426.33602536,14.7738742146528
"127","17275852B50490784073671",1,812864.190802222,812864.190802222,13.6083193275923
"128","17275852B50589627480209",1,446691.845119243,446691.845119243,13.0096242513402
"129","17275852B50974554768856",1,320194.568002284,320194.568002284,12.6766841150107
"130","17275852B51131115925400",1,2045807.26583611,2045807.26583611,14.5313030205855
"131","17275852B51230036148684",2,886001.866281191,1772003.73256238,14.3876215165571
"132","17275852B52033797991024",2,161444.80867295,322889.6173459,12.6850658018345
"133","17275852B52186187686392",1,289580.77946592,289580.77946592,12.5761895680436
"134","17275852B52554899928467",2,571424.317054846,1142848.63410969,13.9490345054071
"135","17275852B53025585862768",2,190639.423568721,381278.847137442,12.8512862686641
"136","17275852B53059710714494",1,568972.917904866,568972.917904866,13.2515881160265
"137","17275852B53073904970373",1,1167007.53384382,1167007.53384382,13.9699533669838
"138","17275852B55570185736143",1,381469.23488895,381469.23488895,12.8517854839619
"139","17275852B56334810083917",1,414519.165129936,414519.165129936,12.9348744892315
"140","17275852B57618783853866",1,569915.109795121,569915.109795121,13.2532426985355
"141","17275852B58186217435722",2,1744134.55218746,3488269.10437492,15.0649162125186
"142","17275852B58586989106809",1,817885.065887767,817885.065887767,13.6144770994633
"143","17275852B59245154361238",1,439122.136148898,439122.136148898,12.992532867825
"144","17275852B59261423659404",2,675784.902121846,1351569.80424369,14.1167772928237
"145","17275852B59692497706789",1,620553.681813183,620553.681813183,13.3383673936852
"146","17275852B60010150977543",1,1908713.61842971,1908713.61842971,14.4619400749167
"147","17275852B60568982990722",2,686041.641830607,1372083.28366121,14.1318407878026
"148","17275852B60612190497835",1,636133.987076732,636133.987076732,13.3631644916384
"149","17275852B60758311941437",1,470380.135417489,470380.135417489,13.0612964455454
"150","17275852B61532431382022",1,411210.358850274,411210.358850274,12.9268601845623
"151","17275852B62298947029961",2,599947.869885467,1199895.73977093,13.9977452274594
"152","17275852B62674344705560",1,568520.267247213,568520.267247213,13.2507922419281
"153","17275852B63077243364371",1,374199.308270109,374199.308270109,12.8325438442638
"154","17275852B63293791576670",2,276262.264377236,552524.528754472,13.2222531073243
"155","17275852B63889031221729",2,904395.809346877,1808791.61869375,14.4081695663072
"156","17275852B66252943806207",2,1262465.01266593,2524930.02533186,14.7417239075677
"157","17275852B66356980534214",2,755642.994533832,1511285.98906766,14.2284714947336
"158","17275852B66961239610954",1,549075.641258094,549075.641258094,13.2159914910703
"159","17275852B66962615782513",1,961505.797714097,961505.797714097,13.7762558738566
"160","17275852B67197169551607",1,1387543.39081984,1387543.39081984,14.1430453967767
"161","17275852B67980375579506",2,752611.956450602,1505223.9129012,14.2244522244349
"162","17275852B69233894766016",2,759641.28612208,1519282.57224416,14.2337487894546
"163","17275852B6984922207713",2,525932.481379896,1051864.96275979,13.866075301645
"164","17275852B70258266780305",2,812517.664024549,1625035.3280491,14.3010401138476
"165","17275852B71290929913135",1,277493.692705098,277493.692705098,12.5335534829197
"166","17275852B71352476597079",1,1274317.79994033,1274317.79994033,14.0579215345093
"167","17275852B71369345081906",1,630038.050835858,630038.050835858,13.353535494696
"168","17275852B71370953459893",1,580398.593066299,580398.593066299,13.2714703759132
"169","17275852B71635948673445",1,328691.926661494,328691.926661494,12.7028761979314
"170","17275852B71820490263286",1,565083.699057677,565083.699057677,13.244729139082
"171","17275852B72633077913274",1,592336.500238266,592336.500238266,13.2918301649455
"172","17275852B72762706296361",1,129691.615418853,129691.615418853,11.7729147222539
"173","17275852B72819681774342",1,298058.159046348,298058.159046348,12.6050439110305
"174","17275852B7350972527003",1,535977.362019223,535977.362019223,13.1918472041223
"175","17275852B75086699702795",2,292949.495371563,585898.990743126,13.2809026829561
"176","17275852B75685650180995",1,573130.325915868,573130.325915868,13.2588684147146
"177","17275852B75960028918134",1,208070.602494196,208070.602494196,12.2456327361567
"178","17275852B75995678778305",1,891959.369941693,891959.369941693,13.701175861132
"179","17275852B76534884260482",1,445589.79328383,445589.79328383,13.0071540617759
"180","17275852B76985937823941",2,58551.0047868366,117102.009573673,11.6708007106142
"181","17275852B77187634403002",1,310744.650965861,310744.650965861,12.6467267959211
"182","17275852B7795452989931",1,501590.036519977,501590.036519977,13.1255384047064
"183","17275852B78001466735071",2,645671.711486351,1291343.4229727,14.0711936476005
"184","17275852B78492057192398",1,284826.332599506,284826.332599506,12.559634914216
"185","17275852B78810548183227",1,249940.94327337,249940.94327337,12.4289799420319
"186","17275852B78816749784203",1,675217.391953125,675217.391953125,13.4227899801566
"187","17275852B78973254528560",1,450600.087326055,450600.087326055,13.0183355007798
"188","17275852B7979903099841",1,437097.750455595,437097.750455595,12.987912134317
"189","17275852B79983094228846",1,319202.774292002,319202.774292002,12.673581835911
"190","17275852B800916503217",1,755694.173721912,755694.173721912,13.5353920412026
"191","17275852B80148882172064",1,1402010.69949711,1402010.69949711,14.1534179781432
"192","17275852B80309702523612",2,163816.440503821,327632.881007642,12.6996489953006
"193","17275852B80322806028087",1,404331.594832557,404331.594832557,12.9099905995767
"194","17275852B81259275775371",1,1249412.77392379,1249412.77392379,14.0381842180359
"195","17275852B81617624799306",1,241241.988757641,241241.988757641,12.3935558114276
"196","17275852B82056417042325",1,264336.926676015,264336.926676015,12.4849798058389
"197","17275852B82537963815987",2,786782.429612806,1573564.85922561,14.2688542143547
"198","17275852B82708605205805",1,5872872.22141738,5872872.22141738,15.5858543773154
"199","17275852B82960244806798",1,211344.960171469,211344.960171469,12.2612469598221
"200","17275852B8296297044700",2,148423.356127444,296846.712254888,12.600971164195
"201","17275852B8306530590796",1,190213.846705066,190213.846705066,12.1559042272063
"202","17275852B85583949591367",2,236513.362803987,473026.725607974,13.0669071682203
"203","17275852B85657114133770",1,938718.548081318,938718.548081318,13.752270977458
"204","17275852B8583677209878",1,514166.186756959,514166.186756959,13.1503018127193
"205","17275852B86431238150342",1,426006.273190643,426006.273190643,12.9622093509427
"206","17275852B8657294857468",1,183690.079649403,183690.079649403,12.1210052667477
"207","17275852B87114256965843",2,473411.252132493,946822.504264986,13.7608669251027
"208","17275852B87182296846240",1,345955.743952346,345955.743952346,12.7540661382068
"209","17275852B87782309196497",1,454258.231320305,454258.231320305,13.0264211067774
"210","17275852B88105539550678",1,941620.325631049,941620.325631049,13.7553574209644
"211","17275852B88564558630562",2,163055.497048315,326110.99409663,12.6949930750902
"212","17275852B88901633924246",1,796903.402607372,796903.402607372,13.5884887491814
"213","17275852B90270417137698",1,269749.975869444,269749.975869444,12.5052507936651
"214","17275852B90429058486395",2,946417.853941123,1892835.70788225,14.4535866371394
"215","17275852B90975196028640",1,475064.974601518,475064.974601518,13.0712068622968
"216","17275852B91247151282545",1,845165.219346905,845165.219346905,13.6472874130809
"217","17275852B91393118840601",1,899474.294294774,899474.294294774,13.7095657541931
"218","17275852B91399175623236",1,47453.6735781116,47453.6735781116,10.7675092210226
"219","17275852B91401282439532",1,382457.984185819,382457.984185819,12.8543740809495
"220","17275852B92006637325800",1,623811.97527354,623811.97527354,13.343604280268
"221","17275852B92675490846952",1,227385.661521939,227385.661521939,12.3344028043174
"222","17275852B93478142128701",1,407386.410892088,407386.410892088,12.917517426529
"223","17275852B94153665683486",2,412199.669610333,824399.339220666,13.6224103264705
"224","17275852B94225890778741",2,467574.079789151,935148.159578302,13.7484602551595
"225","17275852B94592901594717",1,519327.553953113,519327.553953113,13.1602900882228
"226","17275852B95109993079714",1,333513.709806454,333513.709806454,12.7174392523578
"227","17275852B95816601250462",2,164854.850685063,329709.701370126,12.7059678534681
"228","17275852B96160830946824",1,366623.502275419,366623.502275419,12.8120907211038
"229","17275852B97102685179742",1,422461.068762916,422461.068762916,12.9538525765939
"230","17275852B97964298438185",1,466488.837124693,466488.837124693,13.0529893699901
"231","17275852B98251292892168",1,294833.03966788,294833.03966788,12.5941645078745
"232","17275852B98379602519550",1,689903.467405126,689903.467405126,13.4443069644748
"233","17275852B98717202018932",1,336904.279100413,336904.279100413,12.7275541307103
"234","17275852B98852550499473",1,32234.3593621612,32234.3593621612,10.3807882235643
"235","17275852B98891327369808",1,330112.995219859,330112.995219859,12.707190284591
"236","17275852B98893708532288",2,341377.281874815,682754.56374963,13.4338907236778
"237","17275852B99125708243995",2,459462.513642715,918925.02728543,13.7309598172541
"238","17275852B99819709984445",2,1277549.99946699,2555099.99893398,14.7536019193801
"239","22064153B10063200690088",2,4600.71658214828,9201.43316429656,9.12711452963277
"240","22064153B10066515375089",1,132953.170900203,132953.170900203,11.7977522467079
"241","22064153B10136144710667",5,253518.401963227,1267592.00981614,14.0526296033837
"242","22064153B10198647455889",1,10849.834449593,10849.834449593,9.29190510075017
"243","22064153B10207741545348",4,151010.392055761,604041.568223044,13.3113982961102
"244","22064153B10383419065697",5,19778.8240236214,98894.120118107,11.5018050630437
"245","22064153B10436959918879",3,79784.5600447665,239353.6801343,12.3856975702374
"246","22064153B10464594987148",1,64306.0657892989,64306.0657892989,11.0714092415353
"247","22064153B10472046376966",3,23080.6707238655,69242.0121715965,11.145363069694
"248","22064153B10522198578948",1,7686.20254061377,7686.20254061377,8.94718212266592
"249","22064153B1052554637005",4,155213.593042582,620854.372170328,13.3388518280531
"250","22064153B10573216765784",1,45999.8890688777,45999.8890688777,10.7363942639222
"251","22064153B10622080660464",5,104305.060388745,521525.301943725,13.1645130698754
"252","22064153B10908081440803",2,6938.2148529465,13876.429705893,9.53794697517235
"253","22064153B11163200356",1,6370.39980995124,6370.39980995124,8.75941751111014
"254","22064153B11166704859619",1,23105.0606574928,23105.0606574928,10.0478069485982
"255","22064153B11185752440330",1,4502.21001447494,4502.21001447494,8.412323669529
"256","22064153B11283862904746",2,27140.1341153573,54280.2682307146,10.9019160555489
"257","22064153B11294111383773",2,50539.454255201,101078.908510402,11.5236567631692
"258","22064153B11326037690958",3,34723.0868270804,104169.260481241,11.5537723598004
"259","22064153B11347435242213",3,NA,NA,NA
"260","22064153B11370403812277",1,298905.246519389,298905.246519389,12.6078819008761
"261","22064153B11384904576552",2,144297.424740956,288594.849481912,12.5727790785996
"262","22064153B114806197531",4,42241.0118020169,168964.047208068,12.0374412328594
"263","22064153B11481996196295",4,45240.1780701575,180960.71228063,12.1060352274642
"264","22064153B11493994144660",1,65286.1622657341,65286.1622657341,11.0865353826359
"265","22064153B11591323942731",2,228050.356514324,456100.713028648,13.0304689260151
"266","22064153B11629940757392",1,2878.42142036581,2878.42142036581,7.96499730492991
"267","22064153B11669654963101",3,16817.2331337205,50451.6994011615,10.8287717100739
"268","22064153B11798302769414",1,20389.0717647715,20389.0717647715,9.92275433848966
"269","22064153B11870363925687",4,6866.86891569497,27467.4756627799,10.2207578805377
"270","22064153B11880020551001",4,142692.704282971,570770.817131884,13.2547430370197
"271","22064153B11925080577501",2,41699.6615677699,83399.3231355398,11.3313954724331
"272","22064153B12049663471572",4,123391.208826112,493564.835304448,13.1094095077561
"273","22064153B12114341004920",3,10311.1612832362,30933.4838497086,10.3395944959254
"274","22064153B12127418038090",2,5993.52851328788,11987.0570265758,9.39158276556425
"275","22064153B12165260283396",3,5303.51563594972,15910.5469078492,9.67473749584154
"276","22064153B12345861604897",1,75306.8780534253,75306.8780534253,11.2293267516275
"277","22064153B1240967535924",3,4913.57661886943,14740.7298566083,9.59836967989118
"278","22064153B12662900476516",2,31406.011947924,62812.023895848,11.0479017974392
"279","22064153B12861375372699",1,18113.914305936,18113.914305936,9.80443566810423
"280","22064153B12869480434443",1,23444.7198270912,23444.7198270912,10.0624005812322
"281","22064153B12892312696752",1,12420.7716477418,12420.7716477418,9.42712548300532
"282","22064153B12953099652868",3,56160.4380237457,168481.314071237,12.0345801269055
"283","22064153B12979096179166",2,51186.2362776034,102372.472555207,11.5363731327452
"284","22064153B13026846490953",1,4506.82916753452,4506.82916753452,8.41334911816366
"285","22064153B13144997370504",1,208763.687807702,208763.687807702,12.2489582108998
"286","22064153B1319937863397",1,71124.4803416347,71124.4803416347,11.1721868651332
"287","22064153B1320154413470",2,14146.5105626525,28293.021125305,10.2503704498736
"288","22064153B13215881329963",2,7852.0081584086,15704.0163168172,9.66167177497876
"289","22064153B13237952508684",4,55063.9459222441,220255.783688976,12.3025448031085
"290","22064153B13335973696353",1,95497.0504600211,95497.0504600211,11.4668506407565
"291","22064153B13347263805777",5,201473.707627237,1007368.53813618,13.8228520810498
"292","22064153B13415196919485",2,25111.8671380091,50223.7342760182,10.8242429882908
"293","22064153B13433087472373",2,46500.4303669487,93000.8607338974,11.4403640272958
"294","22064153B13436797224753",3,20297.7125410807,60893.1376232421,11.0168757646434
"295","22064153B1352051297857",2,127629.322963038,255258.645926076,12.4500326078375
"296","22064153B13529558542609",1,294753.01449549,294753.01449549,12.5938930456433
"297","22064153B135965652539",1,47513.0234604707,47513.0234604707,10.768759130558
"298","22064153B13639223419847",1,38782.3538081376,38782.3538081376,10.5657206233997
"299","22064153B13741289865163",3,66796.2864863342,200388.859459003,12.2080150551256
"300","22064153B13756884324312",3,100816.8690985,302450.6072955,12.6196732614534
"301","22064153B13823601910405",1,48447.917215414,48447.917215414,10.7882446280649
"302","22064153B13931010812226",3,34662.4150253065,103987.24507592,11.5520235271014
"303","22064153B13974791812642",3,16383.4402705023,49150.3208115069,10.8026386527464
"304","22064153B13974843260526",1,23301.9062486663,23301.9062486663,10.0562904494548
"305","22064153B14001863011483",5,2917.81554648027,14589.0777324013,9.58802842720914
"306","22064153B14023525117600",5,196127.828711261,980639.143556305,13.7959598253674
"307","22064153B14063031562338",1,43018.0208131359,43018.0208131359,10.6693743955601
"308","22064153B1409396634293",1,9789.20629449686,9789.20629449686,9.18903565915286
"309","22064153B14136631633740",1,31026.5407290084,31026.5407290084,10.3425982697264
"310","22064153B14146834260947",1,49929.0160584649,49929.0160584649,10.8183575968808
"311","22064153B14175701044712",3,13803.2170996313,41409.6512988939,10.6312692558061
"312","22064153B14191280892347",4,NA,NA,NA
"313","22064153B1420949553929",3,NA,NA,NA
"314","22064153B14260428934540",3,108466.449955266,325399.349865798,12.6928084758112
"315","22064153B1430516965980",2,32856.2461700267,65712.4923400534,11.0930443285601
"316","22064153B14409781546574",3,106518.433415482,319555.300246446,12.6746856215359
"317","22064153B14538950261497",2,18235.8885084299,36471.7770168598,10.5042940080574
"318","22064153B14602941038291",3,20560.7605137974,61682.2815413922,11.0297519975238
"319","22064153B14641047530321",3,4514.75488295406,13544.2646488622,9.51371846355578
"320","22064153B14902090044751",2,13146.122855258,26292.245710516,10.1770293347877
"321","22064153B1510965020390",2,15245.699148472,30491.398296944,10.3251998997685
"322","22064153B15139247492815",3,3390.1596529757,10170.4789589271,9.22724458320673
"323","22064153B15197878860903",2,14855.2598087871,29710.5196175742,10.2992564579562
"324","22064153B15237000314247",2,4085.63221819181,8171.26443638362,9.00837894165429
"325","22064153B15248099417356",1,1993.58966428332,1993.58966428332,7.59769214413112
"326","22064153B15321782044758",2,1676.07612081074,3352.15224162148,8.11735787871543
"327","22064153B15329717394060",1,59060.6774667361,59060.6774667361,10.9863206260539
"328","22064153B15331758585451",4,3480.91296145478,13923.6518458191,9.54134424472754
"329","22064153B15346425233004",2,52198.2697751465,104396.539550293,11.5559518078113
"330","22064153B15364293597369",2,73638.5751736763,147277.150347353,11.900071467182
"331","22064153B15402468552112",2,29476.5544670545,58953.108934109,10.984497643067
"332","22064153B15413497607030",2,11143.4129306705,22286.825861341,10.011751014326
"333","22064153B15500594562934",4,22843.9951912718,91375.9807650872,11.4227379304017
"334","22064153B15557239492888",1,17294.6067828459,17294.6067828459,9.75814998522647
"335","22064153B15570456578979",1,107787.018660774,107787.018660774,11.5879125096194
"336","22064153B15644746046041",2,92434.5516725755,184869.103345151,12.1274033041435
"337","22064153B15685220899740",1,9140.24148325664,9140.24148325664,9.12044208458678
"338","22064153B15714680533513",2,90286.6836088315,180573.367217663,12.1038924407498
"339","22064153B15735563052201",1,4709.94034764394,4709.94034764394,8.45743052188651
"340","22064153B1576921955547",5,121648.599019544,608242.99509772,13.318329744094
"341","22064153B16137538167455",2,10670.2754971985,21340.550994397,9.96836434431609
"342","22064153B1618089964650",3,88121.5464316985,264364.639295096,12.4850846385872
"343","22064153B16264764307082",1,120062.214763435,120062.214763435,11.6957653437741
"344","22064153B16301749391427",1,103051.166960557,103051.166960557,11.5429809104714
"345","22064153B16354527619629",4,16922.002261997,67688.009047988,11.1226643242763
"346","22064153B16387988868573",1,56812.0446957283,56812.0446957283,10.9475036367311
"347","22064153B16416910808927",1,160327.873528571,160327.873528571,11.9849762070036
"348","22064153B16459031557594",4,747754.569515518,2991018.27806207,14.9111244486138
"349","22064153B16462866208111",1,92997.813520188,92997.813520188,11.4403312613234
"350","22064153B16472104191688",1,13256.8409311664,13256.8409311664,9.49226899487089
"351","22064153B16549607437005",3,82442.380706851,247327.142120553,12.4184672013105
"352","22064153B16625159005652",5,71029.5838594768,355147.919297384,12.7802896557502
"353","22064153B1664466739684",2,31971.7568234625,63943.513646925,11.065755373355
"354","22064153B1700256392599",3,7712.00666362625,23136.0199908788,10.0491459890175
"355","22064153B17016857460461",1,11107.1785998602,11107.1785998602,9.31534689897483
"356","22064153B17092575420538",1,34966.6341799879,34966.6341799879,10.4621495766402
"357","22064153B17110513567738",3,11759.8052719562,35279.4158158686,10.4710549514765
"358","22064153B17150931610065",4,78575.867960619,314303.471842476,12.6581142689941
"359","22064153B17160397070793",3,153045.9248883,459137.7746649,13.0371056066715
"360","22064153B17402484703457",4,6676.67564919987,26706.7025967995,10.1926698464727
"361","22064153B17443115546549",3,104356.437688003,313069.313064009,12.6541798924953
"362","22064153B17451481377922",2,54195.993973705,108391.98794741,11.5935094533318
"363","22064153B1746305161850",1,32221.6369729612,32221.6369729612,10.3803934615534
"364","22064153B17498929592878",2,21872.8283035469,43745.6566070938,10.6861476093053
"365","22064153B17536493511153",1,124257.254646369,124257.254646369,11.7301093297503
"366","22064153B17547452708566",3,121893.43983881,365680.31951643,12.8095147867649
"367","22064153B17594552103117",1,56709.2681194975,56709.2681194975,10.9456929352556
"368","22064153B17605300042191",4,48593.8264315207,194375.305726083,12.1775461347817
"369","22064153B17622592602982",4,4297.54081521204,17190.1632608482,9.75209259576333
"370","22064153B17640645318479",4,3089.13959928753,12356.5583971501,9.42194224540565
"371","22064153B17737822356535",2,17321.5905378377,34643.1810756754,10.4528561908987
"372","22064153B17786192900668",2,286959.337586298,573918.675172596,13.26024298438
"373","22064153B17824097613778",3,37799.234218588,113397.702655764,11.6386564113031
"374","22064153B17826218371858",3,249868.368654946,749605.105964838,13.5273018214691
"375","22064153B17910960265215",3,168219.009838797,504657.029516391,13.1316343280585
"376","22064153B17932497232001",4,63280.5379055218,253122.151622087,12.4416274639286
"377","22064153B18197472399049",4,250738.271737841,1002953.08695136,13.8184592931197
"378","22064153B18284871190784",4,13184.5771600487,52738.3086401948,10.8730973896205
"379","22064153B18309118681649",3,16190.5647878743,48571.6943636229,10.7907962197143
"380","22064153B18374709515284",1,47253.4354098281,47253.4354098281,10.7632806373652
"381","22064153B18443780619579",1,14218.1116515302,14218.1116515302,9.56227189928812
"382","22064153B18476481818662",3,6192.10800665536,18576.3240199661,9.82964314672084
"383","22064153B18479522971761",1,679019.747931907,679019.747931907,13.4284054899646
"384","22064153B18486924389046",3,NA,NA,NA
"385","22064153B18541020859979",3,40590.2351929606,121770.705578882,11.7098950928415
"386","22064153B18585174510843",5,34494.3055566989,172471.527783495,12.0579874455027
"387","22064153B18725311091842",1,272021.056183387,272021.056183387,12.5136347547209
"388","22064153B1875178256639",2,9208.79168672189,18417.5833734438,9.82106110540671
"389","22064153B18822058190622",1,7031.04086860179,7031.04086860179,8.8580900348123
"390","22064153B18826680352976",1,35134.3589825736,35134.3589825736,10.4669348190476
"391","22064153B18860011713755",4,92263.3538966875,369053.41558675,12.818696670234
"392","22064153B18872085958488",2,8411.96273510577,16823.9254702115,9.73055728740432
"393","22064153B18932707643422",1,13611.4301191927,13611.4301191927,9.51866516868449
"394","22064153B18981391951778",4,10523.2510296632,42093.0041186528,10.6476368329086
"395","22064153B19003983421075",3,8836.11289041804,26508.3386712541,10.1852146293169
"396","22064153B19025451607548",4,62103.9695890398,248415.878356159,12.4228595495273
"397","22064153B19140159564863",4,1878.73721118568,7514.94884474272,8.92464949507711
"398","22064153B19171708056014",3,34548.3993528814,103645.198058644,11.5487287883647
"399","22064153B19404158136768",2,12338.3825075949,24676.7650151898,10.1136173922476
"400","22064153B19491219462886",5,50024.7177054226,250123.588527113,12.4297104288001
"401","22064153B19507094368728",5,7870.03851551293,39350.1925775647,10.5802561477996
"402","22064153B19608243669398",2,17281.8221272636,34563.6442545272,10.4505576645384
"403","22064153B19633670255011",5,181458.22912661,907291.14563305,13.7182186760812
"404","22064153B19687868642382",3,29063.6775277792,87191.0325833376,11.3758567672619
"405","22064153B19974298911936",1,35296.5398280181,35296.5398280181,10.4715402162478
"406","22064153B20082507087369",2,17170.5494352767,34341.0988705534,10.4440981336644
"407","22064153B20086130003796",1,88101.0782472585,88101.0782472585,11.3862400507513
"408","22064153B20100015994007",4,NA,NA,NA
"409","22064153B20112956451443",3,6910.76737502732,20732.302125082,9.93944825208987
"410","22064153B20300177961456",3,16702.4498242499,50107.3494727497,10.821922972377
"411","22064153B20391309220421",1,6513.05749250827,6513.05749250827,8.78156428585402
"412","22064153B20439234355907",1,58531.4502711779,58531.4502711779,10.9773195002318
"413","22064153B20504043763502",3,225896.297384393,677688.892153179,13.4264436004825
"414","22064153B20548004874718",5,115607.291634924,578036.45817462,13.267392222092
"415","22064153B20607189577313",4,11479.0006231686,45916.0024926744,10.7345689734731
"416","22064153B20726542801588",1,9893.40052708308,9893.40052708308,9.19962320041121
"417","22064153B20764763312334",3,91188.0435632974,273564.130689892,12.5192913548564
"418","22064153B20820198931231",1,9403.61398312306,9403.61398312306,9.14884936065956
"419","22064153B20891786308722",3,35605.5296240938,106816.588872281,11.5788685199658
"420","22064153B20929599780208",3,4044.48067843976,12133.4420353193,9.40372072387148
"421","22064153B20936499562813",2,65477.6094614368,130955.218922874,11.7826107034592
"422","22064153B20986912902018",4,54502.9792339634,218011.916935854,12.2923050051205
"423","22064153B21018855363784",4,1695.77806147752,6783.11224591008,8.82219130893095
"424","22064153B21124327630561",3,40174.9367315343,120524.810194603,11.6996109044508
"425","22064153B21150807088610",1,38412.5637037601,38412.5637037601,10.5561398648496
"426","22064153B21224542742547",4,18579.3313782892,74317.3255131568,11.2160993867417
"427","22064153B2132252923317",3,23734.911681,71204.735043,11.1733145986017
"428","22064153B21330820256622",2,17572.5371457266,35145.0742914532,10.4672397534633
"429","22064153B21418638291073",3,12718.2397179396,38154.7191538188,10.5494047290314
"430","22064153B21463927954199",3,87230.5703405245,261691.711021574,12.4749224144269
"431","22064153B21468669116940",2,79598.8401059221,159197.680211844,11.9779019807526
"432","22064153B21496575286327",3,35902.9423464005,107708.827039202,11.5871868192957
"433","22064153B21529335846532",4,8937.31626869753,35749.2650747901,10.4842849905623
"434","22064153B21553303139286",4,53387.9848131466,213551.939252586,12.271635357252
"435","22064153B21572106271359",4,59684.5880988518,238738.352395407,12.3831234713745
"436","22064153B21585833160132",5,201215.18665951,1006075.93329755,13.8215681072084
"437","22064153B21867415191580",2,142574.363534756,285148.727069512,12.5607661725015
"438","22064153B21881953859573",1,413205.377202427,413205.377202427,12.9317000297016
"439","22064153B21914755064517",3,45318.2916863295,135954.875058989,11.8200783086232
"440","22064153B21930418676565",4,70064.8180917208,280259.272366883,12.543470426442
"441","22064153B22010426085653",1,2204.10895386806,2204.10895386806,7.69807860365534
"442","22064153B22111041587368",2,11649.6564718987,23299.3129437974,10.0561791517284
"443","22064153B22167023977783",2,79567.2958503114,159134.591700623,11.977505611816
"444","22064153B22404901625877",1,47950.4112974096,47950.4112974096,10.7779226579059
"445","22064153B2252165856655",2,10577.9228690171,21155.8457380342,9.95967154051787
"446","22064153B22522574438890",3,61755.6316069302,185266.894820791,12.1295527391121
"447","22064153B22685350390729",5,245661.57774884,1228307.8887442,14.0211480799963
"448","22064153B22770542866151",4,26402.0686716492,105608.274686597,11.567492005959
"449","22064153B22863459733327",2,44635.772232871,89271.544465742,11.399438065085
"450","22064153B22998678840309",3,11849.7101053752,35549.1303161256,10.4786709712507
"451","22064153B23017512967810",5,453279.782648987,2266398.91324494,14.6337027479912
"452","22064153B23148495981135",4,1159344.37135386,4637377.48541544,15.3496595673096
"453","22064153B2319717856826",1,13138.178821862,13138.178821862,9.4832776844012
"454","22064153B23217272115075",5,41581.7397593465,207908.698796732,12.2448543142249
"455","22064153B23231745702149",1,30340.0996290468,30340.0996290468,10.3202255366495
"456","22064153B23299113779671",3,4655.10596442988,13965.3178932896,9.54433224169267
"457","22064153B23384477642602",2,14171.0086210663,28342.0172421326,10.2521006907444
"458","22064153B23593154045809",1,34743.823300309,34743.823300309,10.4557570884404
"459","22064153B23604692839196",3,15281.2849604548,45843.8548813644,10.7329964421235
"460","22064153B23745136254640",2,182681.626676404,365363.253352808,12.8086473523321
"461","22064153B23836741146869",1,59332.4177847169,59332.4177847169,10.9909111098924
"462","22064153B23846455241552",1,147900.63739956,147900.63739956,11.9042959583553
"463","22064153B23867654552053",1,14844.8463323512,14844.8463323512,9.60540803566912
"464","22064153B23879423585908",1,14817.0954341066,14817.0954341066,9.60353689004016
"465","22064153B23991641947742",1,193131.020851331,193131.020851331,12.1711241020774
"466","22064153B24090934315492",2,4824.61863401927,9649.23726803854,9.17463415162774
"467","22064153B24156704144787",1,8547.46980722597,8547.46980722597,9.05339058915577
"468","22064153B24219941645935",1,6782.28315116564,6782.28315116564,8.82206907220711
"469","22064153B24235604109925",2,45994.457969036,91988.915938072,11.429423369839
"470","22064153B24250896793566",3,13999.2964500684,41997.8893502052,10.6453746424362
"471","22064153B24324307757053",2,198760.694465593,397521.388931186,12.8930040202608
"472","22064153B24327518891099",5,136821.299724295,684106.498621475,13.4358688842237
"473","22064153B24349428503279",1,8005.19843093992,8005.19843093992,8.98784641349834
"474","22064153B24375638846800",5,213575.49727959,1067877.48639795,13.8811835788117
"475","22064153B2439222401331",1,179041.974950898,179041.974950898,12.0953755542652
"476","22064153B2446826655857",3,85157.8232139606,255473.469641882,12.4508738462164
"477","22064153B24536315802693",2,169909.664626517,339819.329253034,12.7361693708076
"478","22064153B24782157370501",1,79916.9652117451,79916.9652117451,11.2887434397754
"479","22064153B24827432296483",3,141939.666579448,425818.999738344,12.9617696517197
"480","22064153B24851023127688",1,69447.9924748144,69447.9924748144,11.1483334417145
"481","22064153B2491065484587",1,401482.84746889,401482.84746889,12.9029200903328
"482","22064153B24965253967759",2,72916.2941623702,145832.58832474,11.8902145874683
"483","22064153B249766001509",4,77927.6541704614,311710.616681846,12.6498305257524
"484","22064153B24985865314901",2,1617922.10748177,3235844.21496354,14.9898004147667
"485","22064153B25042190901764",2,575080.467759111,1150160.93551822,13.9554124344771
"486","22064153B25117865605166",2,39840.7049656661,79681.4099313322,11.2857915870233
"487","22064153B25240716524083",3,2787.97315413298,8363.91946239894,9.03168243142504
"488","22064153B25271963256644",2,27020.4095877395,54040.819175479,10.8974949506469
"489","22064153B25274509403754",3,141230.93621922,423692.80865766,12.9567639637485
"490","22064153B25299017238233",3,NA,NA,NA
"491","22064153B25382009967091",3,31428.7530080293,94286.2590240879,11.4540907424588
"492","22064153B25439030249227",3,8732.4055661564,26197.2166984692,10.1734084512232
"493","22064153B25500969615439",3,7672.308860285,23016.926580855,10.0439851625395
"494","22064153B25557212584140",4,315968.867632157,1263875.47052863,14.0496933286841
"495","22064153B25569633235651",1,89122.8102617098,89122.8102617098,11.3977705881212
"496","22064153B25624433633857",4,18336.1171812339,73344.4687249356,11.202922371388
"497","22064153B25668755078599",1,38406.4468779379,38406.4468779379,10.5559806119306
"498","22064153B25692242595445",4,24802.2984222149,99209.1936888596,11.5049859672937
"499","22064153B25695185741229",1,10955.624977261,10955.624977261,9.30160829990126
"500","22064153B25852554340132",1,22576.1291536781,22576.1291536781,10.024648394916
"501","22064153B25942497643845",3,7538.93406764979,22616.8022029494,10.0264483693382
"502","22064153B25968534985503",1,44964.9951173959,44964.9951173959,10.7136395797618
"503","22064153B26033089234228",2,137757.869970439,275515.739940878,12.5264000382149
"504","22064153B26076067737587",3,36091.8389954829,108275.516986449,11.5924343408251
"505","22064153B26111310234357",4,34212.830515577,136851.322062308,11.8266503750894
"506","22064153B26168625636469",4,738.555654628099,2954.2226185124,7.9909908219689
"507","22064153B26204351532863",1,104659.283434623,104659.283434623,11.5584654333006
"508","22064153B2623770639583",3,32832.7084095895,98498.1252287685,11.4977927937686
"509","22064153B26243303203029",1,10453.2025754055,10453.2025754055,9.25466367698766
"510","22064153B26379129013913",3,330086.378120206,990259.134360618,13.8057219397391
"511","22064153B26413774655735",2,85028.4863678628,170056.972735726,12.0438887936272
"512","22064153B26432964343600",5,71374.4556541635,356872.278270817,12.7851332328017
"513","22064153B26463696706835",5,178263.602858743,891318.014293715,13.700456561172
"514","22064153B26501737367812",1,4282.06670089366,4282.06670089366,8.36219104607027
"515","22064153B26513167275722",3,9048.10360492404,27144.3108147721,10.2089227569869
"516","22064153B26595791524723",1,165773.887501566,165773.887501566,12.0183800153207
"517","22064153B26624831097193",2,8348.08837628161,16696.1767525632,9.72293503522251
"518","22064153B26660671620175",5,615892.973827063,3079464.86913532,14.9402663960673
"519","22064153B26661145575054",5,52952.8600250168,264764.300125084,12.4865952756974
"520","22064153B26672672151559",1,5141.06694406439,5141.06694406439,8.54501591357438
"521","22064153B26690922833011",1,17982.1425258897,17982.1425258897,9.79713446254432
"522","22064153B26773121701856",2,39700.7239774803,79401.4479549606,11.2822718832775
"523","22064153B26843686140780",2,55164.8385150071,110329.677030014,11.6112282264412
"524","22064153B26884354260890",2,103080.429095537,206160.858191074,12.2364120080605
"525","22064153B26987504968655",1,125632.439401704,125632.439401704,11.7411157751601
"526","22064153B27005462697609",3,68551.6241877064,205654.872563119,12.2339546668528
"527","22064153B2702411680064",1,137323.908418564,137323.908418564,11.8300977092884
"528","22064153B27046387100615",3,42365.5046582826,127096.513974848,11.7527020293809
"529","22064153B2722132887235",3,6863.86842453013,20591.6052735904,9.93263876073175
"530","22064153B27247213696549",5,231440.808168654,1157204.04084327,13.9615173439924
"531","22064153B27289126175617",2,10584.9976241528,21169.9952483056,9.96034013967473
"532","22064153B2734112781426",1,16134.2577493187,16134.2577493187,9.68870010090661
"533","22064153B27349531519985",3,123646.288169308,370938.864507924,12.823792542318
"534","22064153B27367893757530",2,47873.6064233035,95747.212846607,11.4694667979676
"535","22064153B27378883096087",5,511274.083119958,2556370.41559979,14.7540990040109
"536","22064153B27631691114886",3,12226.5859878007,36679.7579634021,10.50998032775
"537","22064153B27637415608592",1,8040.96882371002,8040.96882371002,8.99230485537486
"538","22064153B27657139570827",2,106270.728304865,212541.45660973,12.2668923382472
"539","22064153B27741683898286",2,59429.9507464922,118859.901492984,11.6857007801552
"540","22064153B27762332852443",2,12739.9914257046,25479.9828514092,10.1456484366643
"541","22064153B27870068763569",4,16712.6355249351,66850.5420997404,11.110214691693
"542","22064153B27933078040866",2,86238.0284489011,172476.056897802,12.0580137052274
"543","22064153B27979784056918",1,44446.9956879932,44446.9956879932,10.7020526500863
"544","22064153B28035717704665",3,52122.541772144,156367.625316432,11.9599650864105
"545","22064153B28097279144094",3,183911.514580407,551734.543741221,13.2208223105707
"546","22064153B28150220320962",2,882.666403063573,1765.33280612715,7.4760945103047
"547","22064153B28200881155358",2,14738.999025866,29477.998051732,10.2913994353044
"548","22064153B28331596269752",1,108317.668415724,108317.668415724,11.5928235629488
"549","22064153B28337090831591",3,388853.258365095,1166559.77509528,13.9695696122471
"550","22064153B28412414302225",3,23022.0036034332,69066.0108102996,11.1428180046644
"551","22064153B28414045924235",4,3459.88695292423,13839.5478116969,9.53528555607265
"552","22064153B28508352708384",1,55569.4907532806,55569.4907532806,10.9253896021737
"553","22064153B28562561290701",3,21387.1028688573,64161.3086065719,11.0691556383201
"554","22064153B28595577519901",1,32332.9223149531,32332.9223149531,10.3838412568279
"555","22064153B2860073541487",1,8439.96343011358,8439.96343011358,9.04073325465568
"556","22064153B28607831481816",4,5349.13583046173,21396.5433218469,9.97098466094655
"557","22064153B28818453738247",2,96578.9124499391,193157.824899878,12.1712628793105
"558","22064153B28841810223211",3,50537.2520876584,151611.756262975,11.9290782970925
"559","22064153B28864104730432",3,47970.1686987018,143910.506096105,11.8769468999123
"560","22064153B28866553828376",1,140644.277756692,140644.277756692,11.8539891288152
"561","22064153B29029874333324",1,39592.1178973484,39592.1178973484,10.5863853344346
"562","22064153B29173837278044",1,29629.471063632,29629.471063632,10.296524789029
"563","22064153B29179737200672",4,41077.0782190053,164308.312876021,12.0094998984607
"564","22064153B29189264860619",1,110775.946624792,110775.946624792,11.6152649415044
"565","22064153B29202371584226",5,194261.577395077,971307.886975385,13.7863987793774
"566","22064153B2920977635331",3,12371.5676349456,37114.7029048368,10.5217684748001
"567","22064153B29354983880781",1,100486.084519802,100486.084519802,11.5177745344049
"568","22064153B29481673904994",3,7012.47860477834,21037.435814335,9.95405878748241
"569","22064153B29529124372788",2,89028.2940445573,178056.588089115,12.0898566893644
"570","22064153B29541790734430",1,135668.054854973,135668.054854973,11.8179664080505
"571","22064153B29606246418188",3,82667.636769311,248002.910307933,12.4211957601909
"572","22064153B29701758489760",1,64611.0504183276,64611.0504183276,11.076140734249
"573","22064153B298158602474",2,5906.44736188096,11812.8947237619,9.37694698701191
"574","22064153B29893282242980",2,11564.9787071804,23129.9574143608,10.0488839140807
"575","22064153B29987612249320",3,59033.114135125,177099.342405375,12.084466110638
"576","22064153B30058273208400",1,74220.63617558,74220.63617558,11.2147975060624
"577","22064153B30086215465497",1,71896.699440726,71896.699440726,11.1829856377977
"578","22064153B30148969758509",1,13778.9700273083,13778.9700273083,9.5308987977472
"579","22064153B3017496076038",2,24925.1014466332,49850.2028932664,10.8167778454573
"580","22064153B30238599380330",2,19560.7072178328,39121.4144356656,10.574425279826
"581","22064153B30363651690938",4,315106.903038219,1260427.61215288,14.0469615960776
"582","22064153B30375928590829",3,29186.5129226218,87559.5387678654,11.3800742840106
"583","22064153B30432270495602",2,27189.9773822046,54379.9547644092,10.9037508863437
"584","22064153B30545680019922",1,3095.31733864817,3095.31733864817,8.03764571254373
"585","22064153B30552357265418",3,351690.471926376,1055071.41577913,13.8691190152829
"586","22064153B30560845546979",1,13096.384267641,13096.384267641,9.4800914609877
"587","22064153B30582374301374",2,50523.2366396353,101046.473279271,11.5233358214733
"588","22064153B3059978894084",1,9278.23745815391,9278.23745815391,9.13542687866319
"589","22064153B30625233243143",2,36528.8555565306,73057.7111130612,11.1990049709927
"590","22064153B30638579191520",3,14337.4011427914,43012.2034283742,10.6692391550718
"591","22064153B30746537151350",4,711.747180078231,2846.98872031292,7.95401712531477
"592","22064153B30747054135081",4,190505.243872478,762020.975489912,13.5437293611796
"593","22064153B30862547223032",1,10190.932586666,10190.932586666,9.22925364181967
"594","22064153B31019964907182",1,26749.2575197764,26749.2575197764,10.1942619956689
"595","22064153B31040829489801",1,98889.3001382137,98889.3001382137,11.5017563230645
"596","22064153B31050453163422",3,3687.11592633597,11061.3477790079,9.31121212832171
"597","22064153B31135289991863",3,77298.871998873,231896.615996619,12.3540469306258
"598","22064153B3116190270971",1,32787.0432178074,32787.0432178074,10.3977886924824
"599","22064153B31188277470964",1,70646.4967637241,70646.4967637241,11.1654438010903
"600","22064153B31214056666647",1,41787.1149629479,41787.1149629479,10.6403433165177
"601","22064153B31303079621207",3,79354.4912610705,238063.473783212,12.3802926136645
"602","22064153B31542603161121",1,20892.8078971012,20892.8078971012,9.94716025897419
"603","22064153B31654670628378",3,28036.569264456,84109.707793368,11.3398772708495
"604","22064153B3166560830766",2,32504.5725932729,65009.1451865458,11.0822832341588
"605","22064153B31739798993993",2,29911.2876314498,59822.5752628996,10.9991383814562
"606","22064153B31740709740482",1,3444.40536029457,3444.40536029457,8.14450655905543
"607","22064153B31828477920697",4,62586.7097853888,250346.839141555,12.4306025919207
"608","22064153B3183169293833",1,17422.8949980902,17422.8949980902,9.76554042477846
"609","22064153B31840797679086",3,6542.97125723935,19628.913771718,9.88475895062576
"610","22064153B31946200806378",1,16784.2113806928,16784.2113806928,9.72819392473532
"611","22064153B31988030206411",5,55531.6466021023,277658.233010511,12.5341462587081
"612","22064153B32144271118289",2,4899.23031747998,9798.46063495996,9.1899805742553
"613","22064153B32207594646608",4,22359.4342601062,89437.7370404248,11.4012979866425
"614","22064153B32275043868234",1,17150.2009455526,17150.2009455526,9.74976516946729
"615","22064153B32308822660767",1,8011.97697561508,8011.97697561508,8.98869282304407
"616","22064153B32423608968976",1,14885.0699835374,14885.0699835374,9.6081139750537
"617","22064153B32431944472623",1,1673.22821601056,1673.22821601056,7.42251010292727
"618","22064153B32453256362792",2,13103.3280620619,26206.6561241238,10.1737687080229
"619","22064153B32454677361309",4,60139.4567411534,240557.826964614,12.3907157843851
"620","22064153B32459042913276",4,19122.4420306747,76489.7681226988,11.2449122608392
"621","22064153B32499931661973",4,150886.891434838,603547.565739352,13.3105801328834
"622","22064153B32509347712886",1,3959.54013934328,3959.54013934328,8.28388317107687
"623","22064153B32594171484977",2,9734.90329506803,19469.8065901361,9.87662016457967
"624","22064153B32597994259777",1,61069.1136871267,61069.1136871267,11.019761513047
"625","22064153B3260295763556",3,44843.7879859081,134531.363957724,11.8095526401164
"626","22064153B32622592109390",5,683390.790890887,3416953.95445444,15.0442600555763
"627","22064153B32661608825034",4,479516.308476477,1918065.23390591,14.4668275452684
"628","22064153B32663760346389",4,61820.3695151943,247281.478060777,12.418282554064
"629","22064153B32697897340727",4,48637.6373413323,194550.549365329,12.1784473021832
"630","22064153B32748472503600",1,4690.93492767691,4690.93492767691,8.45338718649422
"631","22064153B3280524188858",4,75988.3615840063,303953.446336025,12.6246298316091
"632","22064153B32879665089708",3,22271.3571838497,66814.0715515491,11.10966898931
"633","22064153B33022261417007",5,35665.6455223279,178328.227611639,12.0913811065851
"634","22064153B33141511613521",1,18012.7946383205,18012.7946383205,9.79883759761025
"635","22064153B33206929848815",3,7103.13853526716,21309.4156058015,9.96690430124415
"636","22064153B33402705241691",3,45275.6787783322,135827.036334997,11.8191375636504
"637","22064153B33436919021908",1,37846.3403218052,37846.3403218052,10.5412895652029
"638","22064153B33572200276184",2,1510.06134656021,3020.12269312042,8.01305273640473
"639","22064153B33610753881119",3,29296.4594402268,87889.3783206804,11.3838342381542
"640","22064153B33692548967608",1,64967.1957943463,64967.1957943463,11.0816377413969
"641","22064153B33757504335053",5,99748.5714139375,498742.857069688,13.1198459254189
"642","22064153B33921572198120",1,425278.232763742,425278.232763742,12.9604988990331
"643","22064153B3395766783425",3,7174.79304476851,21524.3791343055,9.97694148494523
"644","22064153B34040936998184",1,43632.3957815448,43632.3957815448,10.6835551759451
"645","22064153B3414994926035",3,15186.0545025493,45558.1635076479,10.7267451074345
"646","22064153B34173315549622",3,19178.1771427629,57534.5314282887,10.9601405931084
"647","22064153B34193146717315",1,72790.3673238614,72790.3673238614,11.1953389084502
"648","22064153B34267563622194",3,341182.330928639,1023546.99278592,13.8387845968408
"649","22064153B3427611435846",1,19382.1948081578,19382.1948081578,9.87211013022726
"650","22064153B34289782846164",1,386962.570130042,386962.570130042,12.8660832493242
"651","22064153B34371075767186",3,50806.7393616802,152420.218085041,11.9343965780355
"652","22064153B34391184874660",2,702.656581449426,1405.31316289885,7.24801544867413
"653","22064153B34391741921391",1,32747.4454156366,32747.4454156366,10.3965802354451
"654","22064153B34425405263494",1,37864.8804986442,37864.8804986442,10.5417793255584
"655","22064153B34439901226362",5,582840.231955617,2914201.15977808,14.8851062955366
"656","22064153B34443868046446",5,507134.199734802,2535670.99867401,14.7459688537392
"657","22064153B34645070246824",3,121851.643383171,365554.930149513,12.8091718345667
"658","22064153B34770411990432",3,218347.229594333,655041.688782999,13.392454159589
"659","22064153B34805483384531",4,44638.9144715159,178555.657886064,12.0926556404851
"660","22064153B34841335570745",4,120192.588649114,480770.354596456,13.0831450018089
"661","22064153B34851227738598",4,23041.5968526187,92166.3874104748,11.4313507813674
"662","22064153B3490214986239",2,19549.5466020477,39099.0932040954,10.5738545539934
"663","22064153B34956601586296",2,4540.96155872294,9081.92311744588,9.11404124624504
"664","22064153B35070175546875",5,511039.009261997,2555195.04630999,14.7536391177708
"665","22064153B35070439080278",4,19128.9889735863,76515.9558943452,11.2452545718484
"666","22064153B35076023646202",2,66658.6864533552,133317.37290671,11.8004878270573
"667","22064153B35105939301214",5,13870.4598957775,69352.2994788875,11.1469545827836
"668","22064153B35205149124459",1,36300.2783825276,36300.2783825276,10.4995806891637
"669","22064153B35259922763541",3,2073.84150209255,6221.52450627765,8.73577025317404
"670","22064153B3528434639026",3,39976.8462350568,119930.53870517,11.6946680100457
"671","22064153B35296121445435",1,47775.8623705828,47775.8623705828,10.7742758196119
"672","22064153B35365393419154",1,25849.8004395335,25849.8004395335,10.1600581599661
"673","22064153B35477366306356",3,12108.0658975121,36324.1976925363,10.500239401272
"674","22064153B35633292127249",1,50409.2705454771,50409.2705454771,10.8279303765391
"675","22064153B35670810334421",1,3320.93077063084,3320.93077063084,8.10800037521874
"676","22064153B3574187835078",1,42054.9454342697,42054.9454342697,10.6467322669107
"677","22064153B35820151330939",4,5444.11709709755,21776.4683883902,9.98858523404595
"678","22064153B35835491852984",3,10770.3453988966,32311.0361966898,10.3831641287682
"679","22064153B3601656726791",5,106899.822736853,534499.113684265,13.1890853512312
"680","22064153B36124177261104",2,105692.379916625,211384.75983325,12.2614352582077
"681","22064153B36411435837789",1,643773.024256349,643773.024256349,13.3751014961556
"682","22064153B36448258784434",3,87208.9143185359,261626.742955608,12.4746741217638
"683","22064153B36635656677218",1,159006.339729913,159006.339729913,11.9766993529227
"684","22064153B36640851523102",1,88125.0981627493,88125.0981627493,11.3865126540175
"685","22064153B36650271822952",4,7552.95719441822,30211.8287776729,10.3159888080557
"686","22064153B36671454737520",1,29456.366099954,29456.366099954,10.2906653321013
"687","22064153B36820241418054",1,42176.022425458,42176.022425458,10.6496071495734
"688","22064153B36847259305466",1,98575.9614767639,98575.9614767639,11.498582712457
"689","22064153B36899747691995",2,12161.7600383877,24323.5200767754,10.0991990656053
"690","22064153B36918905914331",2,11644.5157488724,23289.0314977448,10.0557377775459
"691","22064153B37072051859512",2,538262.164358344,1076524.32871669,13.8892481953609
"692","22064153B3707797018061",2,133599.334458418,267198.668916836,12.4957477390336
"693","22064153B37150233098010",2,937915.245726766,1875830.49145353,14.4445620480979
"694","22064153B37190858382718",2,491.690316116023,983.380632232046,6.89099626008392
"695","22064153B37300460169028",1,29756.8382206673,29756.8382206673,10.3008142407178
"696","22064153B37535549153017",1,7924.54639913659,7924.54639913659,8.97772036040539
"697","22064153B37672699687454",4,1277.34404834934,5109.37619339736,8.53883260008982
"698","22064153B37690647476013",2,37526.988494309,75053.976988618,11.2259628268451
"699","22064153B37744123028030",3,25800.5077123416,77401.5231370248,11.2567617381571
"700","22064153B37844292168146",2,62222.8500299281,124445.700059856,11.7316247556509
"701","22064153B37976146363368",4,14570.4852664575,58281.94106583,10.9730475656198
"702","22064153B37981872501912",1,41516.5043067751,41516.5043067751,10.6338463212986
"703","22064153B37982881195793",3,18697.7783616394,56093.3350849182,10.9347722802626
"704","22064153B37992746393477",5,167631.681913459,838158.409567295,13.6389623944963
"705","22064153B37993588390493",3,399574.978449097,1198724.93534729,13.9967689959704
"706","22064153B37996051653181",3,24892.947741642,74678.843224926,11.2209521077784
"707","22064153B38003203294123",2,64960.9629748875,129921.925949775,11.7746889794064
"708","22064153B38015411122524",3,17034.7732853259,51104.3198559777,10.8416243099177
"709","22064153B38031589003177",2,22745.8877461486,45491.7754922972,10.7252868301892
"710","22064153B3805543078066",4,367104.029059088,1468416.11623635,14.1996949059167
"711","22064153B38153084112914",3,4874.24120474428,14622.7236142328,9.59033200967643
"712","22064153B38160356889893",1,27729.4515579695,27729.4515579695,10.2302503604831
"713","22064153B38167262052076",1,74626.1416283261,74626.1416283261,11.2202461487799
"714","22064153B38229059765707",1,20443.4148214173,20443.4148214173,9.9254160959908
"715","22064153B38234502302871",1,32680.8380151261,32680.8380151261,10.3945441917029
"716","22064153B38245769729166",3,85347.7315013498,256043.194504049,12.4531014377601
"717","22064153B3825663705425",1,113185.235482465,113185.235482465,11.6367810076445
"718","22064153B38263245523496",1,50761.4439943966,50761.4439943966,10.8348923689098
"719","22064153B38280459687635",3,503.329054449064,1509.98716334719,7.31985642867826
"720","22064153B38373217054735",1,19303.0328611271,19303.0328611271,9.86801750561088
"721","22064153B38511485001637",1,110644.462565223,110644.462565223,11.6140772996288
"722","22064153B38516205558719",1,12547.022024066,12547.022024066,9.43723862748342
"723","22064153B386757368004",1,58260.2768360403,58260.2768360403,10.9726757822364
"724","22064153B38748946116024",4,7070.18657151632,28280.7462860653,10.2499365088443
"725","22064153B38860399977783",3,71194.9586153408,213584.875846022,12.271789577597
"726","22064153B38891781279307",2,22135.4813099371,44270.9626198742,10.6980842697833
"727","22064153B38946146548358",3,41310.4273893344,123931.282168003,11.7274825149104
"728","22064153B38947998190164",2,888266.308904817,1776532.61780963,14.3901740549893
"729","22064153B39059468846862",1,38829.7788742453,38829.7788742453,10.5669427279952
"730","22064153B39171502191048",1,12940.4665767653,12940.4665767653,9.4681146243419
"731","22064153B39173666137461",2,8737.92737056988,17475.8547411398,9.7685754781313
"732","22064153B39214075995861",2,152933.119668011,305866.239336022,12.6309031590141
"733","22064153B39248770948024",5,31189.2797728778,155946.398864389,11.9572676301655
"734","22064153B39270708607806",4,545600.095610714,2182400.38244286,14.5959359218708
"735","22064153B3938039280311",2,2793345.06184675,5586690.1236935,15.5358975630931
"736","22064153B39431527645490",3,13485.8141130627,40457.4423391881,10.6080058941707
"737","22064153B39627924903777",3,34874.5999742304,104623.799922691,11.558126337453
"738","22064153B3969862222627",1,14008.0583633694,14008.0583633694,9.54738804038829
"739","22064153B39701382279835",2,23685.045034021,47370.090068042,10.7657462972891
"740","22064153B39757169885153",1,38836.3843749248,38836.3843749248,10.5671128278281
"741","22064153B3977265494534",1,4280.589087243,4280.589087243,8.36184591631102
"742","22064153B397815229123",3,896.951060145886,2690.85318043766,7.89761358975787
"743","22064153B39894202763699",3,18233.8853787455,54701.6561362365,10.9096492646654
"744","22064153B39921881538290",4,71814.1315661728,287256.526264691,12.5681309152604
"745","22064153B39922172056835",1,421046.566322009,421046.566322009,12.9504987153887
"746","22064153B39981249129264",4,28688.3221033134,114753.288413254,11.6505397847083
"747","22064153B40043226344788",3,8500.51878805799,25501.556364174,10.1464947631732
"748","22064153B40136139146839",2,38785.7052527107,77571.4105054214,11.2589542169656
"749","22064153B40173018789364",5,93420.5840879433,467102.920439716,13.0543048987501
"750","22064153B4024875933909",1,50797.7432381741,50797.7432381741,10.8356072081344
"751","22064153B40258273946577",2,20918.8916780769,41837.7833561538,10.6415551182759
"752","22064153B40278985513053",4,7848.8031765534,31395.2127062136,10.3544106986873
"753","22064153B40400083075761",3,2953.71818056001,8861.15454168003,9.08943234455429
"754","22064153B40416571045397",2,98414.0884408858,196828.176881772,12.190086428564
"755","22064153B4043295129009",1,17025.3767730751,17025.3767730751,9.74246026134993
"756","22064153B40501348045878",4,154455.208731998,617820.834927992,13.3339537832877
"757","22064153B40508197079928",2,28333.4926602506,56666.9853205012,10.9449470506514
"758","22064153B40607991311144",1,225587.516970546,225587.516970546,12.3264634644978
"759","22064153B40775689638766",3,44344.7157817191,133034.147345157,11.7983611212061
"760","22064153B40828352777432",1,22417.4307393889,22417.4307393889,10.0175940932436
"761","22064153B40833492978159",1,16261.3886354936,16261.3886354936,9.69654878139214
"762","22064153B40974377910611",5,242488.455000154,1212442.27500077,14.0081472924137
"763","22064153B41013968851864",1,9418.80538637117,9418.80538637117,9.15046354279507
"764","22064153B41096346317753",1,17094.0380210864,17094.0380210864,9.74648502795927
"765","22064153B41128081169981",1,10306.3325543701,10306.3325543701,9.2405137964027
"766","22064153B41206405308946",3,75542.9367519235,226628.81025577,12.3310687609584
"767","22064153B41312501853097",4,NA,NA,NA
"768","22064153B41318657568048",1,12131.1715817074,12131.1715817074,9.40353358274042
"769","22064153B41354551896797",4,31210.1591961544,124840.636784618,11.7347932971777
"770","22064153B41514672574111",4,21245.7857817224,84983.1431268896,11.350208199651
"771","22064153B41525675673644",3,13140.3737533791,39421.1212601373,10.5820570242428
"772","22064153B41545162624275",2,57332.7865571587,114665.573114317,11.6497751108482
"773","22064153B41590295384233",2,121620.415182527,243240.830365054,12.4018073029967
"774","22064153B41643449660961",2,61916.3937042345,123832.787408469,11.7266874459168
"775","22064153B417111065512",1,50586.8521911294,50586.8521911294,10.8314469833918
"776","22064153B41713963483520",4,1829.82250998224,7319.29003992896,8.89826861317087
"777","22064153B41720613650338",1,133501.101328984,133501.101328984,11.8018650064437
"778","22064153B41777541887282",3,14897.1084663095,44691.3253989285,10.7075346991053
"779","22064153B41932272876566",2,64101.0174446917,128202.034889383,11.7613626961148
"780","22064153B42062720942264",3,1407.37707232094,4222.13121696282,8.34809530726279
"781","22064153B4211596098450",5,60179.550481083,300897.752405415,12.614525793017
"782","22064153B42217323909789",2,38486.5238761211,76973.0477522422,11.2512106103696
"783","22064153B42280137563605",4,51753.4860759894,207013.944303958,12.2405414337659
"784","22064153B42291200721989",3,92320.9683504382,276962.905051315,12.5316388594196
"785","22064153B42302848095491",4,2172.96492920133,8691.85971680532,9.07014220190017
"786","22064153B42334403031986",3,20044.1764965791,60132.5294897373,11.0043062301659
"787","22064153B42347188648904",2,250705.16806032,501410.33612064,13.1251800790145
"788","22064153B42446330332241",3,NA,NA,NA
"789","22064153B42670952737244",2,32248.1398564627,64496.2797129254,11.074362822251
"790","22064153B42694196636738",1,123397.922305231,123397.922305231,11.723169553239
"791","22064153B4274209582436",3,45287.6034674392,135862.810402318,11.8194009085487
"792","22064153B4286483496326",3,1612.13940987105,4836.41822961315,8.48392969054556
"793","22064153B42900229299916",1,138562.589781092,138562.589781092,11.839077414305
"794","22064153B42900259009537",1,126256.540904206,126256.540904206,11.7460711549378
"795","22064153B42905790783951",4,26570.4180999198,106281.672399679,11.5738481355392
"796","22064153B43125554844951",1,34931.8318164812,34931.8318164812,10.4611537789246
"797","22064153B43134754063243",3,124779.32156766,374337.96470298,12.8329143172902
"798","22064153B43162211082294",3,93644.491869044,280933.475607132,12.5458731786765
"799","22064153B43185436543368",1,116145.176713603,116145.176713603,11.662596210979
"800","22064153B43232659310460",1,32338.5188532384,32338.5188532384,10.3840143328627
"801","22064153B43476181465127",3,18581.5617870657,55744.6853611971,10.9285373549342
"802","22064153B43689420545928",1,104831.198717895,104831.198717895,11.5601067042558
"803","22064153B43785762223582",4,39947.7373943591,159790.949577436,11.9816216747745
"804","22064153B43898079170437",1,176284.489382356,176284.489382356,12.0798543859697
"805","22064153B43904559584393",1,80944.7795827736,80944.7795827736,11.3015224676226
"806","22064153B43932991343110",2,5942.55647901171,11885.1129580234,9.38304188400015
"807","22064153B43979450317974",1,49447.9467639726,49447.9467639726,10.8086758147322
"808","22064153B439820272378",3,61976.1824312635,185928.54729379,12.1331177245547
"809","22064153B43988911271418",2,362838.702549515,725677.40509903,13.4948608494626
"810","22064153B44054908542385",4,25635.9591715344,102543.836686138,11.5380456611204
"811","22064153B4409747403252",5,76190.5071660249,380952.535830124,12.8504300684747
"812","22064153B44123473908200",1,85057.9698583126,85057.9698583126,11.3510883013504
"813","22064153B44141300014270",1,15132.370601113,15132.370601113,9.62459147667116
"814","22064153B44267984628031",2,26037.0497070176,52074.0994140352,10.8604229719621
"815","22064153B44315864590380",1,53837.6350141862,53837.6350141862,10.8937280371686
"816","22064153B44317666842318",3,43288.9881468387,129866.964440516,11.7742658549996
"817","22064153B44386378805197",3,15059.5167717718,45178.5503153154,10.7183777026395
"818","22064153B44499834230387",5,40758.070180366,203790.35090183,12.2248470527315
"819","22064153B44542304217365",1,127865.061292469,127865.061292469,11.7587307781804
"820","22064153B44542802774302",3,30278.0412912734,90834.1238738202,11.4167903075775
"821","22064153B44549146098758",5,33652.0760888236,168260.380444118,12.0332679421513
"822","22064153B44553862516969",1,56197.4361267379,56197.4361267379,10.9366264143205
"823","22064153B44560660851170",1,18905.6378726591,18905.6378726591,9.84721545670579
"824","22064153B4475386175158",1,4765.24614706595,4765.24614706595,8.46910447206071
"825","22064153B44784100990401",2,64050.8522041691,128101.704408338,11.7605797930917
"826","22064153B44837767609725",2,54127.1191014622,108254.238202924,11.5922377970884
"827","22064153B44882212732018",2,18262.5417819489,36525.0835638978,10.5057545244711
"828","22064153B44894866493506",2,32477.0983149208,64954.1966298416,11.0814376332499
"829","22064153B44963787773880",3,309611.92234697,928835.76704091,13.741687217497
"830","22064153B45001558648398",1,122108.675470191,122108.675470191,11.7126667097466
"831","22064153B45091365620199",1,31801.2077577478,31801.2077577478,10.3672595478504
"832","22064153B45156088025009",4,59155.1242090453,236620.496836181,12.3742128575273
"833","22064153B45188135537989",4,9515.27335160301,38061.093406412,10.5469478689297
"834","22064153B45193462412831",3,2414.6879972567,7244.0639917701,8.88793765272603
"835","22064153B4519570067417",2,34764.9902751002,69529.9805502004,11.1495133133605
"836","22064153B45248140164067",1,49802.2659239787,49802.2659239787,10.8158157624591
"837","22064153B45322323594402",1,53982.7817349115,53982.7817349115,10.8964204179399
"838","22064153B45421969822613",1,36339.9605882162,36339.9605882162,10.5006732574206
"839","22064153B45509780052584",2,8343.73405601783,16687.4681120357,9.72241330425153
"840","22064153B45672928552582",1,4018.78976522528,4018.78976522528,8.29873608286084
"841","22064153B4579292300123",2,9345.70301431815,18691.4060286363,9.83581912654656
"842","22064153B45962078920290",1,28350.1656965146,28350.1656965146,10.2523881538131
"843","22064153B4599338501443",4,101595.688543843,406382.754175372,12.9150507387539
"844","22064153B46015146665875",2,45524.5732549465,91049.146509893,11.4191547112501
"845","22064153B46077925963614",5,3393012.18474386,16965060.9237193,16.6466665473357
"846","22064153B46097580032507",1,49244.0724630675,49244.0724630675,10.804544283277
"847","22064153B46237965810139",1,5085.45291368112,5085.45291368112,8.53413937308682
"848","22064153B46426068444343",1,100969.044649629,100969.044649629,11.5225692602286
"849","22064153B46444356983113",2,10131.0975163572,20262.1950327144,9.91651211510843
"850","22064153B46600625049869",5,86279.1700880854,431395.850440427,12.9747813940695
"851","22064153B46704511069895",3,2000.58584081493,6001.75752244479,8.69980762572485
"852","22064153B4671862991873",3,55404.3833782936,166213.150134881,12.0210262806253
"853","22064153B46722483166197",1,50226.4562742073,50226.4562742073,10.8242971842694
"854","22064153B46764438077406",3,29132.3361029563,87397.0083088689,11.3782163311821
"855","22064153B46807653083164",2,85153.672191628,170307.344383256,12.0453599918704
"856","22064153B46974703546611",1,32860.8776050617,32860.8776050617,10.4000380986315
"857","22064153B4700189189865",3,17399.5511992776,52198.6535978328,10.8628119803931
"858","22064153B47073397017975",4,37811.6567227833,151246.626891133,11.9266670740982
"859","22064153B47088094291136",2,42646.3751878233,85292.7503756466,11.3538447401334
"860","22064153B47110066124982",2,22710.6535078891,45421.3070157782,10.7237365914626
"861","22064153B47141697781340",1,74476.6602996969,74476.6602996969,11.218241070716
"862","22064153B47270255422143",1,33208.1070749243,33208.1070749243,10.410549314099
"863","22064153B47306424439203",5,62855.1981327799,314275.9906639,12.6580268299979
"864","22064153B47377223297779",2,48711.1485059919,97422.2970119838,11.4868103855263
"865","22064153B47469236554060",2,512182.692456831,1024365.38491366,13.8395838421408
"866","22064153B47508893912930",1,426420.459183789,426420.459183789,12.963181131883
"867","22064153B47630890229940",2,59888.0220504183,119776.044100837,11.6933789788984
"868","22064153B47665726673429",5,27198.7900691607,135993.950345803,11.8203656809774
"869","22064153B47905717209978",1,143525.327815641,143525.327815641,11.8742667990649
"870","22064153B47985746370691",1,364981.51005324,364981.51005324,12.8076019738931
"871","22064153B48033226915297",5,76014.2789273146,380071.394636573,12.8481143946778
"872","22064153B48077040474563",3,10758.5356852676,32275.6070558028,10.3820670243932
"873","22064153B48078065447549",1,37827.1333808267,37827.1333808267,10.5407819384098
"874","22064153B48099706637709",2,31696.2674161286,63392.5348322572,11.0571013863673
"875","22064153B48122018052032",2,2271.06988815273,4542.13977630546,8.42115349636756
"876","22064153B48132801424008",3,15772.4628842027,47317.3886526081,10.7646331317135
"877","22064153B48149505278651",3,32414.7258295453,97244.1774886359,11.4849803881062
"878","22064153B48186183517064",4,35174.4326742012,140697.730696805,11.8543691143072
"879","22064153B48335058983319",2,20142.1740018213,40284.3480036426,10.6037182854866
"880","22064153B48342484050891",2,22450.1370496413,44900.2740992826,10.7121991783728
"881","22064153B48448071500223",2,58797.4964203233,117594.992840647,11.6750017356545
"882","22064153B48596792634391",1,8239.32371366444,8239.32371366444,9.01667354595088
"883","22064153B48657370827340",4,19099.1035907694,76396.4143630776,11.2436910416328
"884","22064153B48721476653165",1,43037.0490435845,43037.0490435845,10.6698166293714
"885","22064153B48836747079697",3,36550.7996349577,109652.398904873,11.6050706314441
"886","22064153B48912941109892",1,7833.38674350574,7833.38674350574,8.96615022976078
"887","22064153B49253931002117",2,16989.3959243386,33978.7918486772,10.4334918398168
"888","22064153B49276333720668",3,325.080210687282,975.240632061846,6.88268424266193
"889","22064153B49277227172137",3,81356.8187378631,244070.456213589,12.4052122175674
"890","22064153B49312445085348",1,99491.0238330509,99491.0238330509,11.5078227063441
"891","22064153B49332133216628",1,111820.971899026,111820.971899026,11.6246544061814
"892","22064153B4943550686052",4,140974.003456492,563896.013825968,13.2426251408325
"893","22064153B49505315187680",2,19864.0972984739,39728.1945969478,10.5898164059676
"894","22064153B49599067230525",4,4459.07694271528,17836.3077708611,9.78899142119734
"895","22064153B49774886462778",3,76865.8152762923,230597.445828877,12.3484288105583
"896","22064153B49815970658587",3,1469.02355954144,4407.07067862432,8.3909655025224
"897","22064153B4986899209326",3,11716.6650999571,35149.9952998713,10.4673797635225
"898","22064153B49930616683210",3,30065.9746166195,90197.9238498585,11.4097616886002
"899","22064153B50045413715781",3,1175.78913024813,3527.36739074439,8.16830709003504
"900","22064153B50086663082830",2,23335.5866229752,46671.1732459504,10.7508819778169
"901","22064153B50127678643850",3,55076.1956951876,165228.587085563,12.0150851704105
"902","22064153B50130441477952",1,22421.7154642324,22421.7154642324,10.0177852086068
"903","22064153B50136100430042",3,152627.161419209,457881.484257627,13.0343656616137
"904","22064153B50147384366789",3,43108.962560548,129326.887681644,11.7700984911823
"905","22064153B5017288321656",3,17460.5791744888,52381.7375234664,10.8663132890172
"906","22064153B50299465118131",2,12332.5935316383,24665.1870632766,10.1131480977979
"907","22064153B50417144579003",1,120076.130472325,120076.130472325,11.6958812412072
"908","22064153B5049217711544",2,592.622719518013,1185.24543903603,7.07770515367191
"909","22064153B5057335673555",1,42312.1379026152,42312.1379026152,10.652829271925
"910","22064153B51010300776987",1,197257.658430064,197257.658430064,12.1922660639623
"911","22064153B5111391554664",1,45470.065058793,45470.065058793,10.724809477625
"912","22064153B51289193141424",1,10472.451235907,10472.451235907,9.2565033964157
"913","22064153B51420190401517",3,2104.77910954992,6314.33732864976,8.75057809319762
"914","22064153B51464692079899",3,NA,NA,NA
"915","22064153B5152282240918",3,6883.19241343625,20649.5772403088,9.93545012555534
"916","22064153B51590096369017",2,27325.0174123749,54650.0348247498,10.9087051308369
"917","22064153B51627476063203",5,143451.12247075,717255.61235375,13.4831875586352
"918","22064153B51662529993673",2,3832.36327659918,7664.72655319836,8.94438411594005
"919","22064153B51668010168839",1,283272.187164872,283272.187164872,12.5541635065017
"920","22064153B51715438268926",3,42448.0594352292,127344.178305688,11.7546487652338
"921","22064153B51725743038941",5,60247.5799058347,301237.899529174,12.6156555954423
"922","22064153B51825841674851",1,14324.4184413406,14324.4184413406,9.56972094329571
"923","22064153B51830778550704",1,99850.5327240531,99850.5327240531,11.5114296740731
"924","22064153B51861353705431",1,125563.295673604,125563.295673604,11.7405652584101
"925","22064153B519565970341",4,85407.870415895,341631.48166358,12.7414878960868
"926","22064153B52034596955899",1,48723.1338115391,48723.1338115391,10.7939092232121
"927","22064153B52085994320923",4,98057.5280912192,392230.112364877,12.8796039678819
"928","22064153B52179912270627",1,46063.6275407613,46063.6275407613,10.737778927129
"929","22064153B52241055716439",1,59539.2211550674,59539.2211550674,10.9943905534474
"930","22064153B52253141451980",4,167138.568928742,668554.275714968,13.4128728625275
"931","22064153B52284204383647",3,8996.15139553538,26988.4541866061,10.2031644308115
"932","22064153B52291408422766",5,10190.885552543,50954.427762715,10.8386869389518
"933","22064153B52336142929997",2,16854.7493189079,33709.4986378158,10.4255349353147
"934","22064153B52472433648563",3,14480.6893098257,43442.0679294771,10.6791835577445
"935","22064153B52523580672290",1,36644.6238514891,36644.6238514891,10.509022007646
"936","22064153B52526289873005",1,6047.116462677,6047.116462677,8.70733681966721
"937","22064153B52612130244495",1,45072.9450617389,45072.9450617389,10.7160374577198
"938","22064153B52612753206186",4,7838.64533501144,31354.5813400458,10.353115670633
"939","22064153B52629269001458",1,2628.52477570344,2628.52477570344,7.87417804601057
"940","22064153B52633464961485",2,214776.665303438,429553.330606876,12.9705011817479
"941","22064153B52648905753653",3,2982.23413217394,8946.70239652182,9.09904029605951
"942","22064153B5267804533831",4,10029.3045321273,40117.2181285092,10.5995609009009
"943","22064153B52725816904934",1,48197.0381438197,48197.0381438197,10.7830528488523
"944","22064153B52753140489458",1,246430.221274414,246430.221274414,12.4148341543965
"945","22064153B52801339035563",2,121366.13336268,242732.26672536,12.3997143318904
"946","22064153B52803081317924",2,31092.0096006375,62184.019201275,11.0378533196916
"947","22064153B52807334216940",3,46384.9279651703,139154.783895511,11.8433421457775
"948","22064153B52841590037267",3,24324.857827219,72974.573481657,11.1978663509866
"949","22064153B52887999669387",4,286045.553164636,1144182.21265854,13.9502007150381
"950","22064153B52899597387613",1,12472.0229805766,12472.0229805766,9.43124325330941
"951","22064153B52911851929609",4,106959.308075789,427837.232303156,12.9664981038751
"952","22064153B5295337142210",1,120722.284178111,120722.284178111,11.7012480145526
"953","22064153B53002187512045",4,22639.2367932918,90556.9471731672,11.4137341823251
"954","22064153B53034253556310",5,97003.5803099505,485017.901549753,13.0919410796503
"955","22064153B53045263163046",1,20506.0918511205,20506.0918511205,9.92847728445147
"956","22064153B53107080731031",1,2852.69240783218,2852.69240783218,7.95601853181276
"957","22064153B53114788196581",5,161673.891613713,808369.458068565,13.6027744830811
"958","22064153B53153921361831",2,70264.8183124081,140529.636624816,11.8531736823433
"959","22064153B53244281721356",5,229992.995540986,1149964.97770493,13.9552420457061
"960","22064153B53353386763224",4,512100.57277296,2048402.29109184,14.5325706770486
"961","22064153B53393989117079",3,5740.52441860813,17221.5732558244,9.75391813593531
"962","22064153B53434069623251",4,66596.1346379797,266384.538551919,12.4926961774953
"963","22064153B53472362936594",3,118069.766598562,354209.299795686,12.7776432597617
"964","22064153B53533855614877",1,162927.595940882,162927.595940882,12.0010611844226
"965","22064153B53598611305764",2,48879.8705804444,97759.7411608888,11.4902681267023
"966","22064153B53739410644447",2,17764.8776945335,35529.755389067,10.4781258043606
"967","22064153B53754534753242",3,5944.22837945079,17832.6851383524,9.7887882961733
"968","22064153B53816838639023",4,62479.0160111162,249916.064044465,12.4288803966477
"969","22064153B53997811528221",3,9500.37369866438,28501.1210959931,10.2576987021846
"970","22064153B54195115998574",2,13987.5379179238,27975.0758358476,10.23906924402
"971","22064153B54201279846149",1,6033.67922352439,6033.67922352439,8.70511225680843
"972","22064153B54270766590260",3,82321.2919022461,246963.875706738,12.4169973527148
"973","22064153B54270882779278",5,255497.428397744,1277487.14198872,14.0604055360299
"974","22064153B54328590224994",3,6352.80456888737,19058.4137066621,9.85526394744155
"975","22064153B54478878575697",4,91321.8503947757,365287.401579103,12.8084397243132
"976","22064153B54491533323860",4,23578.6827732081,94314.7310928324,11.4543926716156
"977","22064153B54492214323948",3,64390.8626058887,193172.587817666,12.1713393056922
"978","22064153B54493928872719",4,56401.6586497138,225606.634598855,12.3265482068565
"979","22064153B54500770580391",2,95748.7830410922,191497.566082184,12.1626303777685
"980","22064153B54573279257236",1,12283.9231435392,12283.9231435392,9.41604662490968
"981","22064153B54635082172523",3,15323.1634080537,45969.4902241611,10.7357331994232
"982","22064153B54657262199971",1,33329.9075407973,33329.9075407973,10.4142103972445
"983","22064153B54692117274500",1,2680.02603669413,2680.02603669413,7.89358178864209
"984","22064153B54693030859615",4,66187.6328173758,264750.531269503,12.4865432701453
"985","22064153B54739000283393",1,13707.0743840809,13707.0743840809,9.52566735693883
"986","22064153B54812792902369",2,109469.773809456,218939.547618912,12.2965509324233
"987","22064153B54964059777248",1,24262.3557521652,24262.3557521652,10.0966812821599
"988","22064153B55014741833430",1,6883.93722312727,6883.93722312727,8.83694603804628
"989","22064153B55178851895716",2,16878.8761451649,33757.7522903298,10.4269653674155
"990","22064153B5520386080739",1,20033.0142134419,20033.0142134419,9.90513690228282
"991","22064153B5531323380958",1,1399763.20219405,1399763.20219405,14.1518136389895
"992","22064153B55351511475413",3,67611.6683136477,202835.004940943,12.2201481439941
"993","22064153B55354042889172",1,3672.25688545588,3672.25688545588,8.20856170720626
"994","22064153B5541969291593",1,11988.6844443774,11988.6844443774,9.39171852093232
"995","22064153B55422469295161",3,NA,NA,NA
"996","22064153B55424285147191",1,8806.70945716411,8806.70945716411,9.08326914827196
"997","22064153B55493173352162",4,19238.4664480043,76953.8657920172,11.2509613757182
"998","22064153B55574544094548",2,59501.1371621086,119002.274324217,11.6868978838792
"999","22064153B55610752939403",2,7228.73159818523,14457.4631963705,9.57896604438642
"1000","22064153B55696485794579",2,1025.59578850648,2051.19157701296,7.62617616034748
"1001","22064153B55930097994120",3,87148.6231381099,261445.86941433,12.473982540732
"1002","22064153B55971315986708",2,4791.76121508126,9583.52243016252,9.16780048920576
"1003","22064153B55990340820977",5,97829.4802026829,489147.401013414,13.1004191566003
"1004","22064153B5606212103523",1,4693.10783621916,4693.10783621916,8.45385029362954
"1005","22064153B56106555282703",3,140532.075104143,421596.225312429,12.9518033229254
"1006","22064153B56211754183419",1,417596.590132507,417596.590132507,12.9422711501257
"1007","22064153B56242014914717",1,58915.9954790168,58915.9954790168,10.9838679028733
"1008","22064153B56325145349456",5,32503.2474118649,162516.237059325,11.9985331961253
"1009","22064153B56360165329958",1,50481.9317551786,50481.9317551786,10.8293707642162
"1010","22064153B5639303990614",3,164.007610508267,492.022831524801,6.19852512095382
"1011","22064153B56407070841201",3,22740.5211190785,68221.5633572355,11.1305159721163
"1012","22064153B56453933156729",2,77853.0355122538,155706.071024508,11.9557253488699
"1013","22064153B56467377786107",1,11658.7051946146,11658.7051946146,9.36380840696429
"1014","22064153B56504445725691",3,144165.453477351,432496.360432053,12.9773291901327
"1015","22064153B56538880550239",1,4441.08728214436,4441.08728214436,8.39865450881308
"1016","22064153B56558553348528",4,10683.0245841514,42732.0983366056,10.6627056343035
"1017","22064153B56566020119712",3,3564.71232014773,10694.1369604432,9.27745092264971
"1018","22064153B56572969434164",4,38612.4093313951,154449.63732558,11.9476233501768
"1019","22064153B56793380083143",1,70022.2011475797,70022.2011475797,11.1565676299983
"1020","22064153B56859070265956",1,45555.6111966652,45555.6111966652,10.7266890827337
"1021","22064153B56867511813359",3,76157.5449552185,228472.634865656,12.3391717222569
"1022","22064153B56887254979091",3,53679.8432150272,161039.529645082,11.9894051395759
"1023","22064153B56938477027476",2,10233.1368654791,20466.2737309582,9.92653362646971
"1024","22064153B56972160606638",2,2459.54676367855,4919.0935273571,8.50087955010454
"1025","22064153B56990836800595",1,213934.122331854,213934.122331854,12.2734234070409
"1026","22064153B57190407441885",3,8058.11373087318,24174.3411926195,10.0930470683522
"1027","22064153B5719123813817",5,122674.449830677,613372.249153385,13.3267272886108
"1028","22064153B5740427837712",4,112907.101550747,451628.406202988,13.0206150105261
"1029","22064153B57425006507818",1,1602805.6556929,1602805.6556929,14.2872661863709
"1030","22064153B57460904263691",1,27229.0578259826,27229.0578259826,10.212039984481
"1031","22064153B57479664595133",4,69737.9038331688,278951.615332675,12.5387936240175
"1032","22064153B57554253448105",2,1493.23668539804,2986.47337079608,8.00184849560694
"1033","22064153B57621405150559",1,4604.97863242418,4604.97863242418,8.43489330859703
"1034","22064153B57637751083346",2,1865.28138662471,3730.56277324942,8.22431437880375
"1035","22064153B57653532760136",1,19596.9494304237,19596.9494304237,9.88312919180033
"1036","22064153B57655293715823",2,33438.5964679462,66877.1929358924,11.1106132752254
"1037","22064153B57698371148493",2,7471.02814352047,14942.0562870409,9.61193508556392
"1038","22064153B57801992155462",3,240493.409026469,721480.227079407,13.4890602515252
"1039","22064153B57880496845400",1,45444.5950868484,45444.5950868484,10.7242491725527
"1040","22064153B57896694451609",4,43611.995055705,174447.98022282,12.0693818685761
"1041","22064153B57923514267215",2,6993.56788844253,13987.1357768851,9.5458933130951
"1042","22064153B58001177080426",1,6726.86690249742,6726.86690249742,8.81386477226385
"1043","22064153B58107938128822",2,75740.1375918078,151480.275183616,11.9282106986474
"1044","22064153B58156912777265",1,25497.7252906404,25497.7252906404,10.146344522879
"1045","22064153B58180962451731",3,151129.05985074,453387.17955222,13.0245017404145
"1046","22064153B5819975327596",5,15025.124500186,75125.62250093,11.2269169580052
"1047","22064153B58215996136290",1,483984.403759853,483984.403759853,13.0898079615429
"1048","22064153B58231040039933",2,28273.8609779596,56547.7219559192,10.9428401970179
"1049","22064153B58264224873440",1,12821.7321476222,12821.7321476222,9.45889683426678
"1050","22064153B58298111838793",2,102785.872682421,205571.745364842,12.2335503778512
"1051","22064153B58377090478857",3,68442.8547294931,205328.564188479,12.232366727223
"1052","22064153B58412342930538",3,116417.824017912,349253.472053736,12.7635532185264
"1053","22064153B58560058955462",2,57241.9279769291,114483.855953858,11.6481890959994
"1054","22064153B58621167796121",4,36980.0683365042,147920.273346017,11.9044287139907
"1055","22064153B58757994168933",2,25956.5242659005,51913.048531801,10.8573254543518
"1056","22064153B58761955320799",1,17380.0486073091,17380.0486073091,9.76307819555362
"1057","22064153B58787616490408",2,27153.5769166485,54307.153833297,10.9024112437138
"1058","22064153B58928205078712",1,10373.3494137428,10373.3494137428,9.24699523979102
"1059","22064153B5894955463903",3,18236.6277339616,54709.8832018848,10.909799652197
"1060","22064153B59005328689415",2,224681.250191506,449362.500383012,13.0155851915112
"1061","22064153B59225820770411",2,13936.7645508308,27873.5291016616,10.2354327397168
"1062","22064153B59358276614692",1,18226.1441113046,18226.1441113046,9.81061233193278
"1063","22064153B59364023659403",1,27865.7358416213,27865.7358416213,10.2351531070342
"1064","22064153B59487832348145",1,3618.34689965843,3618.34689965843,8.19377254296708
"1065","22064153B5950324807443",3,80349.6428798724,241048.928639617,12.3927552152672
"1066","22064153B59525909897938",2,14566.6223329379,29133.2446658758,10.2796352294655
"1067","22064153B59618567090175",1,14826.0715547536,14826.0715547536,9.60414250150703
"1068","22064153B59694701296815",1,27145.5143088343,27145.5143088343,10.2089670928845
"1069","22064153B59718071460556",2,14640.4047942194,29280.8095884388,10.2846876175714
"1070","22064153B5983137694741",4,79873.7582125036,319495.032850014,12.6744970060436
"1071","22064153B59967033318464",4,907.412135231671,3629.64854092668,8.19689110189012
"1072","22064153B59992096453849",4,1421.824677234,5687.298708936,8.64599067079747
"1073","22064153B60097307902017",3,60116.0713531732,180348.21405952,12.1026447836462
"1074","22064153B60131456575281",1,13577.2757845411,13577.2757845411,9.5161527760213
"1075","22064153B60195592260119",1,24974.2727408561,24974.2727408561,10.1256014836075
"1076","22064153B60289676551693",3,2525.1724589049,7575.5173767147,8.93267692860159
"1077","22064153B60305206630690",2,112170.413396293,224340.826792586,12.3209217226368
"1078","22064153B60310534251699",2,9909.1690683233,19818.3381366466,9.8943629565707
"1079","22064153B60374785593421",3,70043.1091212826,210129.327363848,12.2554784647349
"1080","22064153B60376459146870",4,1301.15539310267,5204.62157241068,8.55730227377785
"1081","22064153B60409495183126",2,82927.3672369548,165854.73447391,12.0188675906901
"1082","22064153B60457138296150",4,140964.732528593,563858.930114372,13.2425593752833
"1083","22064153B60503510934184",1,42791.5979088744,42791.5979088744,10.6640970517581
"1084","22064153B60540012238661",3,59890.6781439828,179672.034431948,12.0988884370213
"1085","22064153B60548593458523",4,200237.410678885,800949.64271554,13.5935533560537
"1086","22064153B60558378980420",3,NA,NA,NA
"1087","22064153B60613345090189",2,15463.4830363002,30926.9660726004,10.3393837707484
"1088","22064153B60751840721116",1,31009.3311718407,31009.3311718407,10.3420434437175
"1089","22064153B60802825525558",2,26736.2151268832,53472.4302537664,10.8869214777004
"1090","22064153B60880441829581",2,14871.6406356457,29743.2812712914,10.3003585458477
"1091","22064153B60931052346072",2,20999.4187598785,41998.837519757,10.6453972187814
"1092","22064153B61047916899475",1,12948.0318022398,12948.0318022398,9.46869907119386
"1093","22064153B61048147512310",2,53377.0774097589,106754.154819518,11.5782838513594
"1094","22064153B61069370096712",1,138333.710675766,138333.710675766,11.8374242383176
"1095","22064153B61201437622994",1,24361.2449993436,24361.2449993436,10.1007488288653
"1096","22064153B61213319374873",3,5802.12404169334,17406.37212508,9.76459163224767
"1097","22064153B61344255457770",2,31910.2980622928,63820.5961245856,11.063831240506
"1098","22064153B61345801484335",1,1813.40600090976,1813.40600090976,7.50296212441005
"1099","22064153B61358356464849",2,22450.4141526602,44900.8283053204,10.7122115213402
"1100","22064153B61399355999235",3,7764.57132946888,23293.7139884066,10.0559388172497
"1101","22064153B61406224805517",4,71125.6393010465,284502.557204186,12.5584975209235
"1102","22064153B61450639125107",2,34953.1954908338,69906.3909816676,11.1549123543953
"1103","22064153B61527088541433",1,12993.6682576408,12993.6682576408,9.47221746068828
"1104","22064153B61544198291555",5,7897.89082024319,39489.454101216,10.5837889304631
"1105","22064153B61546273634487",1,7307.29195768367,7307.29195768367,8.89662802688238
"1106","22064153B61546956948147",1,11204.1617584615,11204.1617584615,9.32404057383928
"1107","22064153B6160206498414",1,51050.8187956605,51050.8187956605,10.8405768625565
"1108","22064153B61629539071583",3,6368.24722237784,19104.7416671335,9.85769183804834
"1109","22064153B61639073188138",1,22310.1439413684,22310.1439413684,10.0127967392824
"1110","22064153B61853178733261",4,32374.0821413882,129496.328565553,11.7714078088747
"1111","22064153B61865595964656",2,19857.4684452463,39714.9368904926,10.5894826400062
"1112","22064153B61872750237581",3,9991.49029150538,29974.4708745161,10.3081013275136
"1113","22064153B62115102055201",1,28961.4619347722,28961.4619347722,10.2737213263986
"1114","22064153B62217916410467",4,18874.0775611927,75496.3102447708,11.2318390631127
"1115","22064153B62287563607588",4,13704.7341513114,54818.9366052456,10.9117909717344
"1116","22064153B62297132095458",1,57388.704046545,57388.704046545,10.9576027693271
"1117","22064153B62305916302195",3,17287.4609234298,51862.3827702894,10.8563490042441
"1118","22064153B62482792519738",1,13468.7454919861,13468.7454919861,9.50812713158437
"1119","22064153B62552817774637",2,313772.793938818,627545.587877636,13.3495715973534
"1120","22064153B62604628693382",2,51881.7695326351,103763.53906527,11.5498699265936
"1121","22064153B62672077731580",1,20786.2236877368,20786.2236877368,9.94204572355187
"1122","22064153B62697525642711",4,11494.9149491736,45979.6597966944,10.7359543993488
"1123","22064153B62717634643612",3,34728.6774522255,104186.032356677,11.5539333528353
"1124","22064153B62820046776985",1,13651.8306346461,13651.8306346461,9.52162890404912
"1125","22064153B62822681138687",1,51210.2196334274,51210.2196334274,10.8436943933251
"1126","22064153B62984102005508",3,16928.2152910788,50784.6458732364,10.835349341291
"1127","22064153B63008455199942",3,4772.90955430518,14318.7286629155,9.56932365605075
"1128","22064153B63068612486986",3,22417.1723526986,67251.5170580958,11.1161948556943
"1129","22064153B63121572566835",2,40589.4875438824,81178.9750877648,11.3044115651317
"1130","22064153B63261606012237",3,48472.2588906114,145416.776671834,11.8873592203129
"1131","22064153B63372535615325",5,81197.9662101322,405989.831050661,12.9140833915969
"1132","22064153B63397004883448",2,39876.9664919446,79753.9329838892,11.2867013358435
"1133","22064153B63401696697477",3,55019.9262476647,165059.778742994,12.0140629826817
"1134","22064153B63454017875441",3,18880.2662555776,56640.7987667328,10.9444848307882
"1135","22064153B6350784980137",4,572966.532557254,2291866.13022902,14.6448769477065
"1136","22064153B6370182060344",1,110796.733421086,110796.733421086,11.6154525711016
"1137","22064153B63784741567602",1,58849.8304577723,58849.8304577723,10.9827442317628
"1138","22064153B63829453739833",3,NA,NA,NA
"1139","22064153B63835909795908",5,174033.524790344,870167.62395172,13.6764411432809
"1140","22064153B63840040249051",3,51759.8191560626,155279.457468188,11.9529817239431
"1141","22064153B63858884041047",3,341105.949326277,1023317.84797883,13.8385606985125
"1142","22064153B63881976764969",2,58296.5467804573,116593.093560915,11.6664453192481
"1143","22064153B64007643487677",5,20163.4492216077,100817.246108039,11.5210647123264
"1144","22064153B64016815172570",1,924618.874998134,924618.874998134,13.7371369045591
"1145","22064153B64052053840652",3,5254.4212148782,15763.2636446346,9.66543742602335
"1146","22064153B64118294616923",4,47076.4881456538,188305.952582615,12.145823326374
"1147","22064153B64153475656404",1,4922.77452774442,4922.77452774442,8.50162757894182
"1148","22064153B6421292379130",1,64834.9161510317,64834.9161510317,11.0795995667151
"1149","22064153B64323013606809",1,548.494581709021,548.494581709021,6.30717740128732
"1150","22064153B64380847796562",2,46912.5327693541,93825.0655387082,11.4491873225237
"1151","22064153B64476610605868",4,109641.55365662,438566.21462648,12.9912660819636
"1152","22064153B64477662388202",3,16683.7304060205,50051.1912180615,10.8208015850208
"1153","22064153B64690480836823",2,3444.16613208966,6888.33226417932,8.83758428306542
"1154","22064153B64872720029218",2,33079.4099845301,66158.8199690602,11.0998134935207
"1155","22064153B64891765792099",2,37105.4641709125,74210.928341825,11.2146667005453
"1156","22064153B64923077378299",1,65018.9199485913,65018.9199485913,11.0824335826555
"1157","22064153B64946776552870",2,52492.4256208008,104984.851241602,11.5615713448417
"1158","22064153B64962111186487",2,86713.4759520314,173426.951904063,12.063511763223
"1159","22064153B65021558399950",1,224745.863980002,224745.863980002,12.3227255494059
"1160","22064153B65021908380510",3,20501.0275391017,61503.0826173051,11.0268425763971
"1161","22064153B65083387274460",2,27621.2484903814,55242.4969807628,10.919487808905
"1162","22064153B6517008589479",1,272192.828581499,272192.828581499,12.5142660227154
"1163","22064153B6519636166728",1,86980.7532642124,86980.7532642124,11.3734421463143
"1164","22064153B6523383930027",2,143547.231253158,287094.462506316,12.5675665782405
"1165","22064153B65236790677801",5,162581.931547668,812909.65773834,13.6083752602624
"1166","22064153B65355185007631",3,1182.77911357377,3548.33734072131,8.17423441803074
"1167","22064153B65367495834859",3,61799.0729253378,185397.218776013,12.1302559307932
"1168","22064153B65398665506308",3,136598.83099122,409796.49297366,12.923415956853
"1169","22064153B65405257462177",3,37213.2558534891,111639.767560467,11.6230326056028
"1170","22064153B65475311637837",3,20175.580714478,60526.742143434,11.0108405652571
"1171","22064153B65490065262091",1,15196.0707034282,15196.0707034282,9.62879216706243
"1172","22064153B65569101114722",2,5122.15282159063,10244.3056431813,9.23447728318643
"1173","22064153B65650039026669",3,71256.9225299538,213770.767589861,12.2726595403946
"1174","22064153B65721710551900",3,84049.6957223943,252149.087167183,12.4377758073007
"1175","22064153B65726287039798",1,42230.992911428,42230.992911428,10.6509096596437
"1176","22064153B65800581846028",2,11586.3773210549,23172.7546421098,10.0507324986683
"1177","22064153B65854996769111",1,31138.8942553952,31138.8942553952,10.3462129359391
"1178","22064153B65910039566541",1,77047.479866699,77047.479866699,11.2521771324483
"1179","22064153B65962723522222",2,18099.3622000685,36198.724400137,10.4967791596277
"1180","22064153B66002224145568",2,53947.4634242821,107894.926848564,11.5889131329821
"1181","22064153B66021827430595",3,16402.8173109679,49208.4519329037,10.8038206749808
"1182","22064153B66085531246479",1,6827.16055320207,6827.16055320207,8.8286641345289
"1183","22064153B6613288399563",1,245342.769701933,245342.769701933,12.4104115717622
"1184","22064153B66349136174891",3,55196.3343452219,165589.003035666,12.0172641119388
"1185","22064153B66358962164543",3,148549.680052533,445649.040157599,13.0072870157533
"1186","22064153B66514919549994",1,67476.8683095933,67476.8683095933,11.1195401264187
"1187","22064153B66589189313940",1,49800.0259355552,49800.0259355552,10.8157707838069
"1188","22064153B66595558459060",2,64405.8119267195,128811.623853439,11.7661063358897
"1189","22064153B66688444605380",3,9783.42229975825,29350.2668992747,10.2870569188869
"1190","22064153B6673459285220",3,43634.412617902,130903.237853706,11.7822136869145
"1191","22064153B6679921489494",3,61348.3324659469,184044.997397841,12.1229355577686
"1192","22064153B66933042170680",3,6459.14889914306,19377.4466974292,9.87186512740639
"1193","22064153B670450203879",3,8833.01410871566,26499.042326147,10.1848638726853
"1194","22064153B67052333434032",2,19416.6134804575,38833.226960915,10.5670315241121
"1195","22064153B67053571560742",4,16695.6114113008,66782.4456452032,11.109195535247
"1196","22064153B67091834306400",2,16755.2169332409,33510.4338664818,10.4196121280209
"1197","22064153B67146630599686",2,232156.236865608,464312.473731216,13.0483130393185
"1198","22064153B67150935418865",3,12947.6320799106,38842.8962397318,10.5672804881044
"1199","22064153B67163681434847",5,386784.102569351,1933920.51284675,14.4750598542783
"1200","22064153B67222319597553",2,3443.68612267087,6887.37224534174,8.83744490451843
"1201","22064153B67254026374340",1,4527.73258191837,4527.73258191837,8.41797655937537
"1202","22064153B67448277745737",1,53270.5311455553,53270.5311455553,10.8831385706808
"1203","22064153B67459914812798",1,75366.7124270481,75366.7124270481,11.2301209767678
"1204","22064153B67469818844432",1,75177.1337485042,75177.1337485042,11.2276023912052
"1205","22064153B67498585612009",1,5969.53801424443,5969.53801424443,8.69442481884364
"1206","22064153B67534038156395",3,20374.3004615105,61122.9013845315,11.0206418930104
"1207","22064153B67559782883122",3,NA,NA,NA
"1208","22064153B67581321748824",4,36342.6999198058,145370.799679223,11.8870429963974
"1209","22064153B67645488485026",2,68303.193119132,136606.386238264,11.8248589764042
"1210","22064153B67668331145865",1,33491.5667134029,33491.5667134029,10.4190489462229
"1211","22064153B67705173205056",3,8439.42436527384,25318.2730958215,10.1392816707656
"1212","22064153B67847090482379",5,153765.978642104,768829.89321052,13.5526250188304
"1213","22064153B67853216853933",2,5739.69201285392,11479.3840257078,9.34830801213678
"1214","22064153B6795873571666",2,300132.473181191,600264.946362382,13.3051264140024
"1215","22064153B68061345904698",5,306466.482714311,1532332.41357155,14.242301585884
"1216","22064153B68069187412847",1,27907.6570573861,27907.6570573861,10.2366563766572
"1217","22064153B68257517894213",3,121489.988530328,364469.965590984,12.8061994281085
"1218","22064153B6836068570250",5,47941.2876085827,239706.438042914,12.387170278814
"1219","22064153B68363974409505",1,30613.2663878189,30613.2663878189,10.3291887360738
"1220","22064153B68366677906",2,105830.613856397,211661.227712794,12.2627422930315
"1221","22064153B68471878713834",2,80029.9545399356,160059.909079871,11.9833034558831
"1222","22064153B68559217227558",3,65284.9562082541,195854.868624762,12.185129197732
"1223","22064153B68664170623687",3,7299.07403946003,21897.2221183801,9.99411506384964
"1224","22064153B68679560851725",1,10798.5965882271,10798.5965882271,9.28717145913413
"1225","22064153B6874249672824",5,247739.141861114,1238695.70930557,14.0295695366674
"1226","22064153B68748424992772",2,20119.9409741014,40239.8819482028,10.6026138710765
"1227","22064153B68767322375554",1,14032.8413144955,14032.8413144955,9.54915566966294
"1228","22064153B68880016704101",2,26903.9460583979,53807.8921167958,10.8931754290122
"1229","22064153B68900591559433",5,126905.977648513,634529.888242565,13.3606396702164
"1230","22064153B68903426629356",4,38426.5411810667,153706.164724267,11.9427980375335
"1231","22064153B69011593937576",1,107620.526126849,107620.526126849,11.5863666717775
"1232","22064153B69045534590012",1,10730.907934478,10730.907934478,9.28088344849213
"1233","22064153B69065718050224",1,7182.19445718914,7182.19445718914,8.87936025005151
"1234","22064153B69084165037525",4,40206.961758221,160827.847032884,11.9880897987986
"1235","22064153B69171179667980",3,127828.109944946,383484.329834838,12.8570540380285
"1236","22064153B69254860271730",4,68538.6211692735,274154.484677094,12.5214470391777
"1237","22064153B6927791471577",2,113281.281971395,226562.56394279,12.3307764062613
"1238","22064153B69278152819157",1,36354.2723480964,36354.2723480964,10.5010670097029
"1239","22064153B69287462629183",2,5778.72916495221,11557.4583299044,9.3550862503966
"1240","22064153B69533754697672",4,66276.6333273411,265106.533309364,12.4878870366712
"1241","22064153B6965188213643",4,101206.454617953,404825.818471812,12.9112121757313
"1242","22064153B69680253088719",3,62771.4818657406,188314.445597222,12.1458684275669
"1243","22064153B69785759438689",5,137122.985135607,685614.925678035,13.4380714162709
"1244","22064153B69836136073733",3,105025.771963441,315077.315890323,12.6605733349614
"1245","22064153B69891847725817",1,5033.4691436149,5033.4691436149,8.52386471594604
"1246","22064153B69985190181734",2,66939.8299512391,133879.659902478,11.8046966150059
"1247","22064153B70117244890923",2,99120.5368864049,198241.07377281,12.1972391133778
"1248","22064153B70218534764896",4,18507.7237934648,74030.8951738592,11.2122377874059
"1249","22064153B70222679052291",2,3009.73601652296,6019.47203304592,8.70275483230497
"1250","22064153B70283581599440",2,1265.8742407252,2531.7484814504,7.83666544240986
"1251","22064153B70291693279162",2,63917.9191326676,127835.838265335,11.7585022062253
"1252","22064153B70293086274273",2,20730.0950196302,41460.1900392604,10.6324889696566
"1253","22064153B70489840196790",1,11199.5309584293,11199.5309584293,9.32362717769458
"1254","22064153B70502530200246",1,96610.6936035788,96610.6936035788,11.4784447139038
"1255","22064153B70592042041650",2,31731.8845118843,63463.7690237686,11.0582244554909
"1256","22064153B70779878748241",1,28504.7732077806,28504.7732077806,10.2578268332081
"1257","22064153B70786941107268",3,22768.2192835198,68304.6578505594,11.1317332401671
"1258","22064153B70816441618955",1,27422.179799635,27422.179799635,10.219107446661
"1259","22064153B70852556389984",1,22130.1247331431,22130.1247331431,10.0046950694116
"1260","22064153B7091731953162",3,NA,NA,NA
"1261","22064153B71021754844770",1,39516.3197322598,39516.3197322598,10.5844690233418
"1262","22064153B71067186574144",5,225989.774140799,1129948.870704,13.9376829425002
"1263","22064153B71078406395750",1,41096.4897390358,41096.4897390358,10.6236779890275
"1264","22064153B71166838437015",1,22821.9161180431,22821.9161180431,10.0354765865012
"1265","22064153B71223857958688",2,32941.782666255,65883.56533251,11.0956443014142
"1266","22064153B71281946459031",5,153511.188946053,767555.944730265,13.5509666479437
"1267","22064153B71321460612085",2,5283.3447436771,10566.6894873542,9.26546183088145
"1268","22064153B71610558779774",1,2221.08333475131,2221.08333475131,7.70575034446531
"1269","22064153B71727675114303",1,59404.8759934306,59404.8759934306,10.9921315894132
"1270","22064153B71803232115030",2,55579.4586357225,111158.917271445,11.6187161435377
"1271","22064153B71828449311091",4,13946.6820811781,55786.7283247124,10.929291276437
"1272","22064153B71985542420847",4,320315.944729559,1281263.77891824,14.0633574760887
"1273","22064153B72254874224731",3,13955.144554932,41865.433664796,10.6422157932328
"1274","22064153B72276178934988",1,7466.95249220596,7466.95249220596,8.91824222864851
"1275","22064153B72283298086503",1,21363.4400504046,21363.4400504046,9.96943633115571
"1276","22064153B72338395356904",2,1481.13639187771,2962.27278375542,7.99371208503546
"1277","22064153B72367314810159",1,56647.8552020229,56647.8552020229,10.9446094052279
"1278","22064153B72557409137783",2,8009.93129696014,16019.8625939203,9.68158464342703
"1279","22064153B72578079325034",1,8421.52454085052,8421.52454085052,9.03854615270538
"1280","22064153B72604415560034",1,7131.94952526513,7131.94952526513,8.87233990173773
"1281","22064153B72786106713517",3,28488.9221601626,85466.7664804878,11.3558828832283
"1282","22064153B72795159098609",1,20694.0068210787,20694.0068210787,9.93759941178109
"1283","22064153B72852152827794",4,13317.0958747921,53268.3834991684,10.8830982540248
"1284","22064153B7294445238824",3,2358.72887374955,7076.18662124865,8.86449042876579
"1285","22064153B73058523223682",1,15243.7296389623,15243.7296389623,9.63192352626591
"1286","22064153B73079587251631",1,17012.6927922074,17012.6927922074,9.74171497928096
"1287","22064153B73176772627279",2,1771.87406277036,3543.74812554072,8.17294023852798
"1288","22064153B73184835354841",1,2193.75833273766,2193.75833273766,7.6933714856059
"1289","22064153B7322851157107",1,28368.9822411656,28368.9822411656,10.2530516526851
"1290","22064153B73325412364778",5,210232.830943811,1051164.15471905,13.865408826739
"1291","22064153B73342944647376",3,16682.7714103507,50048.3142310521,10.8207441024789
"1292","22064153B73520875859698",2,7208.96887423258,14417.9377484652,9.57622838732898
"1293","22064153B73547165677482",1,13134.7461420878,13134.7461420878,9.48301637510286
"1294","22064153B735534792520",1,138840.90643635,138840.90643635,11.8410839985942
"1295","22064153B73554949432718",4,142246.839258264,568987.357033056,13.251613493236
"1296","22064153B73558398041144",4,8676.23836221935,34704.9534488774,10.4546377064352
"1297","22064153B73592757308242",3,27456.9716408729,82370.9149226187,11.3189876793474
"1298","22064153B73719790331249",5,506925.71709622,2534628.5854811,14.74555766967
"1299","22064153B73742017137533",3,277476.28417223,832428.85251669,13.6321030347422
"1300","22064153B73781091699116",1,281720.159522959,281720.159522959,12.5486695151057
"1301","22064153B73925612476824",3,4623.38027047654,13870.1408114296,9.53749366548731
"1302","22064153B7401189811791",1,43253.4348163842,43253.4348163842,10.6748319269265
"1303","22064153B74315697961644",5,149766.81410411,748834.07052055,13.5262727032714
"1304","22064153B74370220833750",1,7923.65112757165,7923.65112757165,8.97760737953619
"1305","22064153B74407470913412",2,25700.2066592687,51400.4133185374,10.8474014926276
"1306","22064153B74511540229227",3,NA,NA,NA
"1307","22064153B74575036682421",2,71976.4474248838,143952.894849768,11.8772414059442
"1308","22064153B74601702876653",1,44808.5876384795,44808.5876384795,10.7101550883921
"1309","22064153B7471955547521",3,273788.048080142,821364.144240426,13.6187218275436
"1310","22064153B74721517788558",5,11343.1351805024,56715.675902512,10.9458059224486
"1311","22064153B74767559861858",2,23038.2840117239,46076.5680234478,10.7380598139383
"1312","22064153B74794903489103",5,10385.5891301802,51927.945650901,10.8576123760886
"1313","22064153B74828925689931",3,2200.27201803122,6600.81605409366,8.7949485649308
"1314","22064153B74936950050526",2,9933.25703273934,19866.5140654787,9.89679088308798
"1315","22064153B75099650397757",3,41079.2972441517,123237.891732455,11.7218718455573
"1316","22064153B75135560754886",1,28803.512788311,28803.512788311,10.2682526305024
"1317","22064153B75208844196005",4,8561.78169752372,34247.1267900949,10.4413579508312
"1318","22064153B75284693112718",2,4258.49832565826,8516.99665131652,9.04981905196459
"1319","22064153B75299838191887",5,338942.403937347,1694712.01968674,14.3430233844722
"1320","22064153B75302360124634",2,4999.58540059719,9999.17080119438,9.21025744865758
"1321","22064153B75384634569664",3,2145.12911354559,6435.38734063677,8.76956731101386
"1322","22064153B7544432194221",1,24344.0681666247,24344.0681666247,10.1000434917136
"1323","22064153B75480988210132",2,133790.150082037,267580.300164074,12.4971749878002
"1324","22064153B75512617616301",2,20423.1366313078,40846.2732626156,10.6175708663251
"1325","22064153B75558973119201",4,339347.323223901,1357389.2928956,14.1210737752699
"1326","22064153B75602465401170",1,5616.07288547947,5616.07288547947,8.6333879238051
"1327","22064153B75857834624428",1,24802.429722057,24802.429722057,10.1186969000177
"1328","22064153B75952557144029",4,30864.094951573,123456.379806292,11.7236431727113
"1329","22064153B75998677096436",2,8520.23718855429,17040.4743771086,9.743346639028
"1330","22064153B76094051519887",1,15469.7796679775,15469.7796679775,9.64664370093029
"1331","22064153B76164610245689",3,20038.4606563854,60115.3819691562,11.004021027363
"1332","22064153B76299833153547",1,55539.6660317145,55539.6660317145,10.9248527477299
"1333","22064153B76361063206417",3,18087.7630657586,54263.2891972758,10.9016032035661
"1334","22064153B76371421200355",1,301748.522743497,301748.522743497,12.6173492433173
"1335","22064153B76436938350922",3,32821.4218816737,98464.2656450211,11.4974489760079
"1336","22064153B76452428536918",4,34843.03639418,139372.14557672,11.8449029408198
"1337","22064153B76525796154688",1,1349.19346353536,1349.19346353536,7.20726225847917
"1338","22064153B76527177669413",1,20254.0616088292,20254.0616088292,9.91611062569807
"1339","22064153B76547591544799",1,13500.9123348504,13500.9123348504,9.51051254250236
"1340","22064153B76574269122529",3,10856.9013262028,32570.7039786084,10.391168512363
"1341","22064153B76675545591158",2,101536.5837133,203073.1674266,12.2213216237573
"1342","22064153B76687235436591",5,60965.4390496786,304827.195248393,12.6275003220704
"1343","22064153B76748152087135",2,11815.274281275,23630.54856255,10.0702955845772
"1344","22064153B76764932541801",2,3329.32149071391,6658.64298142782,8.80367098623088
"1345","22064153B7677868990473",5,106559.616557618,532798.08278809,13.1858977998311
"1346","22064153B76782638383014",4,5135.23907437962,20540.9562975185,9.93017604021369
"1347","22064153B76952907325958",3,47083.924048474,141251.772145422,11.8582991950923
"1348","22064153B77062639046888",2,4190.75439610186,8381.50879220372,9.033783224072
"1349","22064153B77103081434651",2,7697.8103491517,15395.6206983034,9.6418383777208
"1350","22064153B77106068491412",5,297211.596009433,1486057.98004716,14.2116375210271
"1351","22064153B77164119558950",2,5305.29783432902,10610.595668658,9.2696083722242
"1352","22064153B77183996290647",5,26339.0684118764,131695.342059382,11.7882465192956
"1353","22064153B77192546457633",1,19219.9527830076,19219.9527830076,9.86370422586193
"1354","22064153B77224046457748",1,44148.6048914245,44148.6048914245,10.6953166062446
"1355","22064153B77422596340227",1,64915.4400151807,64915.4400151807,11.0808407790997
"1356","22064153B77526521533443",3,21772.2980724059,65316.8942172177,11.0870059987589
"1357","22064153B7763811650899",4,87206.883431815,348827.53372726,12.7623329063397
"1358","22064153B77677863466257",1,26012.652079735,26012.652079735,10.1663383170946
"1359","22064153B7768413511618",1,12298.9580892744,12298.9580892744,9.4172698295835
"1360","22064153B7777757861783",2,16060.204720299,32120.409440598,10.3772469151961
"1361","22064153B77932337401071",1,3491.64508688463,3491.64508688463,8.15812827573596
"1362","22064153B77987793520078",2,3393.79828797312,6787.59657594624,8.82285219264133
"1363","22064153B78036214751158",1,10872.881731486,10872.881731486,9.29402705367252
"1364","22064153B78110489384423",2,5483.22416902158,10966.4483380432,9.30259573950206
"1365","22064153B78137445159293",3,18613.6861178403,55841.0583535209,10.930264690579
"1366","22064153B78193536381763",3,1137.75651612643,3413.26954837929,8.13542592275253
"1367","22064153B78285272623950",4,7343.8299679128,29375.3198716512,10.2879101406349
"1368","22064153B78317231790134",3,32707.876859351,98123.630578053,11.4939834990949
"1369","22064153B78382308499165",3,45530.906992655,136592.720977965,11.8247589375685
"1370","22064153B7839934707198",4,79297.9502947448,317191.801178979,12.6672619209276
"1371","22064153B78492538655391",2,9404.17564992058,18808.3512998412,9.84205626825906
"1372","22064153B78612612069149",2,2643.72633313403,5287.45266626806,8.57309187130842
"1373","22064153B78632499037431",2,81583.4406002759,163166.881200552,12.0025287670981
"1374","22064153B78682541824565",1,10673.0007880364,10673.0007880364,9.27547254074853
"1375","22064153B78696629959853",2,58964.9131396384,117929.826279277,11.6778450339995
"1376","22064153B78821925959794",3,5291.78568214344,15875.3570464303,9.67252331462169
"1377","22064153B78841847163237",1,9422.47124674619,9422.47124674619,9.15085267358409
"1378","22064153B78973888518782",1,21252.14214633,21252.14214633,9.96421297615801
"1379","22064153B78992229918305",4,10065.7503313034,40263.0013252136,10.6031882449798
"1380","22064153B79045995074029",2,80403.1947293998,160806.3894588,11.9879563703779
"1381","22064153B79102680587304",1,25524.7528051181,25524.7528051181,10.1474039585636
"1382","22064153B79170440452296",2,8714.05922658012,17428.1184531602,9.76584018392988
"1383","22064153B79178271585243",4,9170.14450619934,36680.5780247974,10.5100026848285
"1384","22064153B7929825119488",2,11773.4075967779,23546.8151935558,10.0667458543569
"1385","22064153B79313439986888",1,30185.9478032551,30185.9478032551,10.3151317905472
"1386","22064153B79363581484531",3,7681.26506540328,23043.7951962098,10.0451518233024
"1387","22064153B79429110732098",2,47931.8082566512,95863.6165133024,11.4706817990341
"1388","22064153B79488910412367",3,NA,NA,NA
"1389","22064153B79571376643398",1,9491.36289648986,9491.36289648986,9.15813749525347
"1390","22064153B79593541155568",2,38488.4326170603,76976.8652341206,11.2512602041863
"1391","22064153B79599851642878",2,70093.566210404,140187.132420808,11.8507334692051
"1392","22064153B79630920379478",4,58455.1874463401,233820.74978536,12.3623100742333
"1393","22064153B79650181437953",5,6379.44949928112,31897.2474964056,10.370274999671
"1394","22064153B79836169988029",2,78879.8595347954,157759.719069591,11.9688283890894
"1395","22064153B79844191298444",1,24330.1698940098,24330.1698940098,10.0994724186554
"1396","22064153B79893946389771",1,8912.03446129027,8912.03446129027,9.09515782900096
"1397","22064153B79919938369804",4,76046.4918375271,304185.967350108,12.6253945280593
"1398","22064153B80016481479633",1,18107.9416576766,18107.9416576766,9.80410588664192
"1399","22064153B80068225568868",1,6832.80478774575,6832.80478774575,8.8294905253321
"1400","22064153B80081213273756",2,4777.4914945038,9554.9829890076,9.16481807634915
"1401","22064153B80132847299853",3,41727.0208256398,125181.062476919,11.7375164680359
"1402","22064153B80196181684705",1,499459.698740149,499459.698740149,13.1212821906128
"1403","22064153B80198673281235",3,56663.9951575162,169991.985472549,12.0435065706419
"1404","22064153B8024533352103",1,1235.29336228977,1235.29336228977,7.11906376116945
"1405","22064153B80333600461310",2,21621.4099712384,43242.8199424768,10.6745864856876
"1406","22064153B80439011945054",2,24774.7014852017,49549.4029704034,10.8107254906523
"1407","22064153B80537557357725",1,10478.2119850968,10478.2119850968,9.25705333121005
"1408","22064153B8056767142775",2,27694.0092489354,55388.0184978708,10.9221185767435
"1409","22064153B80567954984898",3,69117.1820103058,207351.546030917,12.2421709217881
"1410","22064153B8060646611549",1,36656.9623552743,36656.9623552743,10.509358658039
"1411","22064153B80619084323236",4,377389.042578254,1509556.17031302,14.2273262386411
"1412","22064153B80637713594426",1,25784.3052488777,25784.3052488777,10.1575212621189
"1413","22064153B80640640435871",3,1493.54641081732,4480.63923245196,8.40752100104555
"1414","22064153B80672932538290",2,56644.6826433076,113289.365286615,11.6377005792975
"1415","22064153B80730466782396",3,2661.61591604062,7984.84774812186,8.9853009932315
"1416","22064153B8093767218470",4,3851.01277202158,15404.0510880863,9.64238581147606
"1417","22064153B80945575612703",1,8663.67799526121,8663.67799526121,9.06689462216158
"1418","22064153B80974797471206",2,71023.068119283,142046.136238566,11.8639071869023
"1419","22064153B81017994421279",1,6239.00822739242,6239.00822739242,8.73857651081362
"1420","22064153B81057246302511",3,14743.9054618957,44231.7163856871,10.6971973760259
"1421","22064153B81060108548609",1,113874.406281449,113874.406281449,11.6428514207743
"1422","22064153B81121179767320",3,2082872.54988023,6248617.64964069,15.6478708211921
"1423","22064153B81163718541362",2,42697.3647738519,85394.7295477038,11.3550396629741
"1424","22064153B81183812222249",3,NA,NA,NA
"1425","22064153B81263079942066",4,169794.931077036,679179.724308144,13.4286410612194
"1426","22064153B81276903927902",4,156048.292232581,624193.168930324,13.3442151650395
"1427","22064153B81529275129859",2,79961.7134697086,159923.426939417,11.9824503980306
"1428","22064153B81541803695444",3,319471.30048276,958413.90144828,13.7730350110882
"1429","22064153B81595625097237",4,15170.5782191835,60682.312876734,11.0134075487007
"1430","22064153B81649499634622",1,5532.29295460689,5532.29295460689,8.61835764774673
"1431","22064153B81712763029694",1,12994.5066956808,12994.5066956808,9.47228198526854
"1432","22064153B81737939638777",3,5603.55946809203,16810.6784042761,9.72976958277311
"1433","22064153B81775396633762",1,10991.474102805,10991.474102805,9.30487516968631
"1434","22064153B81784837273555",3,7753.68127845729,23261.0438353719,10.0545353019089
"1435","22064153B81790310991737",4,6241.61274836999,24966.45099348,10.1252882423545
"1436","22064153B81801674306592",1,9639.59266739659,9639.59266739659,9.17363413229241
"1437","22064153B81931446357320",5,43892.9659566321,219464.82978316,12.298947269881
"1438","22064153B81972245228619",3,14844.5415823243,44533.6247469729,10.7039997951146
"1439","22064153B81991171753056",2,7718.53989886989,15437.0797977398,9.64452767342026
"1440","22064153B82009101284809",4,166435.71495736,665742.85982944,13.4086587786159
"1441","22064153B82025029560168",3,20453.4716863278,61360.4150589834,11.0245202003433
"1442","22064153B82042887470941",1,62283.5386188821,62283.5386188821,11.039452442235
"1443","22064153B82071564709193",5,96367.397416442,481836.98708221,13.0853611347556
"1444","22064153B82107167810847",4,41072.7554260895,164291.021704358,12.0093946567888
"1445","22064153B82114813536666",1,49340.572747519,49340.572747519,10.8065019981943
"1446","22064153B82157551102424",2,4017.7384344348,8035.4768688696,8.99162162536755
"1447","22064153B82247115875791",1,7445.38744690861,7445.38744690861,8.91534998498746
"1448","22064153B82319600160004",3,108215.202317835,324645.606953505,12.6904894262064
"1449","22064153B82343932389070",1,6120.23382615302,6120.23382615302,8.71935558166426
"1450","22064153B82400996798627",1,8494.66749897214,8494.66749897214,9.04719389254803
"1451","22064153B82448443514501",1,1713.60404186711,1713.60404186711,7.44635405839
"1452","22064153B82506873251112",3,11601.2035965107,34803.6107895321,10.4574764186999
"1453","22064153B825337930111",4,38168.8567112815,152675.426845126,11.9360695538636
"1454","22064153B8255256814498",1,16406.8534008543,16406.8534008543,9.70545441681645
"1455","22064153B82556228504312",4,51303.1950941484,205212.780376594,12.2318026728763
"1456","22064153B82580623809132",5,69917.9800413247,349589.900206623,12.7645160327771
"1457","22064153B82678654202342",3,11538.7317464979,34616.1952394937,10.4520769220406
"1458","22064153B82755239799290",1,4771.4292503774,4771.4292503774,8.47040117220413
"1459","22064153B82909244627441",2,3247.82342360418,6495.64684720836,8.77888751570982
"1460","22064153B82911662838779",3,5307.1845363637,15921.5536090911,9.67542904314767
"1461","22064153B83223852380108",4,20848.1939693469,83392.7758773876,11.3313169644199
"1462","22064153B83233320380459",3,NA,NA,NA
"1463","22064153B83234888303578",1,52775.1879317092,52775.1879317092,10.8737964337089
"1464","22064153B8325167179900",3,5469.89637798129,16409.6891339439,9.70562724020841
"1465","22064153B833454751178",2,3155.02912021351,6310.05824042702,8.74990018535432
"1466","22064153B83500491832850",2,39493.0578948093,78986.1157896186,11.2770273665049
"1467","22064153B83824745407144",3,7917.75376290342,23753.2612887103,10.075475117455
"1468","22064153B83864123648968",1,27755.0822013343,27755.0822013343,10.2311742447965
"1469","22064153B83906852735077",1,6548.7987173196,6548.7987173196,8.78703690987317
"1470","22064153B8402988919720",2,30988.5571744899,61977.1143489798,11.0345204724809
"1471","22064153B84142752258378",5,10779.1050598658,53895.525299329,10.8948027348855
"1472","22064153B841709119109",1,12327.745619142,12327.745619142,9.4196077423891
"1473","22064153B84193742615733",1,10199.1549405138,10199.1549405138,9.23006014687096
"1474","22064153B84219767946861",5,9218.30633101685,46091.5316550843,10.7383845169932
"1475","22064153B84222059971345",3,23842.1973669257,71526.5921007771,11.1778245770313
"1476","22064153B84245586977349",2,56017.7851761268,112035.570352254,11.6265716922863
"1477","22064153B8428470598874",3,7379.81613395481,22139.4484018644,10.005116291854
"1478","22064153B84489488181314",2,21152.6233683442,42305.2467366884,10.6526663936708
"1479","22064153B84501483471932",1,63689.8631797511,63689.8631797511,11.0617806951413
"1480","22064153B84546796088042",1,18288.2339666806,18288.2339666806,9.81401317940642
"1481","22064153B84575638248633",1,92924.1232098626,92924.1232098626,11.4395385596608
"1482","22064153B8461855353098",3,1233.66905333375,3701.00716000125,8.21636026699689
"1483","22064153B84652164446594",3,NA,NA,NA
"1484","22064153B84684358535824",2,60309.6032116834,120619.206423367,11.700393807837
"1485","22064153B84687278012023",2,92331.9685458196,184663.937091639,12.1262928958599
"1486","22064153B84897969743305",1,8748.9143587555,8748.9143587555,9.07668489836885
"1487","22064153B84919846771275",1,35299.0978328319,35299.0978328319,10.4716126854512
"1488","22064153B85000886785239",2,51752.9133865927,103505.826773185,11.5473831874284
"1489","22064153B85033318734621",2,9847.21332316035,19694.4266463207,9.88809096334483
"1490","22064153B85044874694323",1,17126.068157966,17126.068157966,9.74835703537303
"1491","22064153B85067318536798",1,6238.97911397813,6238.97911397813,8.73857184444981
"1492","22064153B8508267062616",1,116161.517410977,116161.517410977,11.6627368930843
"1493","22064153B8516585574683",1,67810.0787457112,67810.0787457112,11.1244661169471
"1494","22064153B85234359484130",5,5647.52600623458,28237.6300311729,10.2484107656766
"1495","22064153B85239813190769",2,40619.8254183662,81239.6508367324,11.305158717762
"1496","22064153B85252336705750",5,40666.3137773093,203331.568886546,12.2225932698366
"1497","22064153B85291170334429",1,20070.9907116195,20070.9907116195,9.90703080338322
"1498","22064153B85407616611924",1,3319.3718708594,3319.3718708594,8.10753084848653
"1499","22064153B85437171259684",2,406280.772632413,812561.545264826,13.6079469383355
"1500","22064153B85574659039588",1,167472.845566802,167472.845566802,12.0285765010859
"1501","22064153B85586917882840",1,19080.6521317463,19080.6521317463,9.8564301232309
"1502","22064153B85623167351933",5,43752.1466510928,218760.733255464,12.2957338693268
"1503","22064153B8564356760578",4,23602.7688670267,94411.0754681068,11.4554136701256
"1504","22064153B85680479871483",1,34030.9926193206,34030.9926193206,10.4350269360181
"1505","22064153B85719531819289",5,41632.8953750337,208164.476875169,12.2460838004096
"1506","22064153B85897991709250",5,172462.049650234,862310.24825117,13.667370401656
"1507","22064153B85931137925845",3,94419.488067943,283258.464203829,12.5541150608933
"1508","22064153B85947434617393",5,324336.377119421,1621681.8855971,14.2989743696365
"1509","22064153B86012482981038",2,76375.192969724,152750.385939448,11.9365604036391
"1510","22064153B86120410024942",1,1951.39963311089,1951.39963311089,7.57630215466055
"1511","22064153B86152706636527",1,20227.7149199758,20227.7149199758,9.9148089687634
"1512","22064153B86211377030233",2,79394.9975768292,158789.995153658,11.9753378229997
"1513","22064153B86265185687144",1,49664.0350464111,49664.0350464111,10.813036309213
"1514","22064153B86297113496232",1,10687.4791433961,10687.4791433961,9.27682816174801
"1515","22064153B86338272521773",3,26867.410894948,80602.232684844,11.2972816289156
"1516","22064153B86353051825362",4,53059.9180854613,212239.672341845,12.2654714450008
"1517","22064153B86372044923469",3,6957.70424707953,20873.1127412386,9.9462171380267
"1518","22064153B86390496434861",1,19091.6555179955,19091.6555179955,9.85700663469857
"1519","22064153B86478142547352",1,3872.73045094949,3872.73045094949,8.26171508012646
"1520","22064153B86498088606166",1,8002.65403774733,8002.65403774733,8.98752852036196
"1521","22064153B86521976602525",2,50024.0626695145,100048.125339029,11.5134066025952
"1522","22064153B86629940764584",2,178304.57232499,356609.14464998,12.7843956280812
"1523","22064153B8665907160310",5,11145.8443282441,55729.2216412205,10.9282599138632
"1524","22064153B8666349443712",3,51355.5890698129,154066.767209439,11.9451413407467
"1525","22064153B86683000647841",4,13800.7159723108,55202.8638892432,10.9187701129709
"1526","22064153B86801747373252",1,27791.6850655168,27791.6850655168,10.2324921565772
"1527","22064153B86821614203557",2,9539.50071653316,19079.0014330663,9.85634360783954
"1528","22064153B86856131608768",2,92164.2253533429,184328.450706686,12.1244745034567
"1529","22064153B86890605661062",3,30633.0222421577,91899.0667264731,11.4284461529764
"1530","22064153B87057363105409",1,38375.8519304677,38375.8519304677,10.5551836847856
"1531","22064153B87072224192540",3,78596.1074247617,235788.322274285,12.3706897420011
"1532","22064153B87137159672256",4,12868.1599268361,51472.6397073444,10.8488056776605
"1533","22064153B87212941126642",1,29378.4668244522,29378.4668244522,10.2880172640385
"1534","22064153B87243453067492",2,69636.769429551,139273.538859102,11.8441951837846
"1535","22064153B87267410101558",1,51788.3864468611,51788.3864468611,10.8549212032435
"1536","22064153B87269269919659",3,134568.170899678,403704.512699034,12.9084384851264
"1537","22064153B87296692178554",1,162200.312829776,162200.312829776,11.9965873493285
"1538","22064153B87439490450561",2,21434.630662408,42869.261324816,10.6659103288585
"1539","22064153B87559658215683",2,228704.601292444,457409.202584888,13.0333336797057
"1540","22064153B87562970219481",1,3396.78889396766,3396.78889396766,8.13058582138632
"1541","22064153B87600766129132",2,65404.6950400539,130809.390080108,11.7814965050318
"1542","22064153B87658218657394",4,4626.71834139523,18506.8733655809,9.82589747533966
"1543","22064153B87695161266591",3,15344.0456123877,46032.1368371631,10.7370950584399
"1544","22064153B87793948617144",5,13926.3857665719,69631.9288328595,11.1509784887286
"1545","22064153B87894076500012",5,2062.02346003912,10310.1173001956,9.24088095426884
"1546","22064153B87911292599012",1,56961.1451152578,56961.1451152578,10.9501246497331
"1547","22064153B87940577626061",1,13555.1638836347,13555.1638836347,9.51452285213151
"1548","22064153B87971980709236",4,37610.7508058136,150443.003223254,11.9213395753155
"1549","22064153B87980745802810",1,15742.7234516671,15742.7234516671,9.66413353442872
"1550","22064153B88045540539043",1,116171.207751124,116171.207751124,11.662820310865
"1551","22064153B88065808639443",2,130686.091179029,261372.182358058,12.4737006565984
"1552","22064153B8813975202654",3,1346.67717589459,4040.03152768377,8.30400777480687
"1553","22064153B88194855037275",1,4331.12735574355,4331.12735574355,8.37358314640306
"1554","22064153B88328488927062",2,42150.2180946919,84300.4361893838,11.3421423182279
"1555","22064153B88431886542823",3,12921.500977965,38764.502933895,10.565260234022
"1556","22064153B88432688459960",2,157131.542711176,314263.085422352,12.6579857657522
"1557","22064153B88435751017430",2,55829.2857871392,111658.571574278,11.6232010261467
"1558","22064153B88453450748284",3,36170.189272707,108510.567818121,11.594602846465
"1559","22064153B88498953220491",2,6887.42406308175,13774.8481261635,9.53059960863645
"1560","22064153B88515969469898",2,10121.5302189584,20243.0604379168,9.91556731937767
"1561","22064153B88577614993358",3,224821.054091886,674463.162275658,13.4216723382766
"1562","22064153B88669235683638",1,274126.570205019,274126.570205019,12.5213452137659
"1563","22064153B88760930069413",1,44554.0672565918,44554.0672565918,10.7044587251759
"1564","22064153B8877980294209",1,34314.1346027678,34314.1346027678,10.4433126358135
"1565","22064153B88833417807281",5,3287.44677722332,16437.2338861166,9.7073043993513
"1566","22064153B88862899919648",1,163492.526870817,163492.526870817,12.0045225610627
"1567","22064153B88871529927936",5,112360.984051854,561804.92025927,13.2389099516404
"1568","22064153B88888028347521",1,308208.450434577,308208.450434577,12.6385316201638
"1569","22064153B88946393629550",1,176647.026165429,176647.026165429,12.0819088180315
"1570","22064153B88983601589874",4,117767.12026936,471068.48107744,13.0627587574986
"1571","22064153B89149578572225",2,160301.749589946,320603.499179892,12.6779604335706
"1572","22064153B89218276356736",3,6848.94730951316,20546.8419285395,9.93046253067146
"1573","22064153B89292621442465",3,12870.7191239486,38612.1573718458,10.561322463684
"1574","22064153B89369754706736",2,87341.9049566276,174683.809913255,12.0707328181772
"1575","22064153B89417284310535",2,8138.28896974045,16276.5779394809,9.69748241718377
"1576","22064153B89569754189090",2,2731.24966701348,5462.49933402696,8.60566171748658
"1577","22064153B89642323235755",1,11890.7079061548,11890.7079061548,9.38351252585657
"1578","22064153B89665543421150",2,40459.2606495786,80918.5212991572,11.3011980175007
"1579","22064153B89764256572964",1,8077.62698122925,8077.62698122925,8.99685341793773
"1580","22064153B89943083958801",1,371443.712051054,371443.712051054,12.82515261632
"1581","22064153B90058188171402",3,60052.1568589973,180156.470576992,12.1015810332497
"1582","22064153B90109297711492",1,12160.9911602945,12160.9911602945,9.40598866209105
"1583","22064153B90377794213847",2,20600.3658034063,41200.7316068126,10.6262112926269
"1584","22064153B90382038348999",1,1186141.38861942,1186141.38861942,13.9862160661218
"1585","22064153B90465324055614",2,6086.74445939726,12173.4889187945,9.40701582680204
"1586","22064153B90488906209418",2,20250.2826751598,40500.5653503196,10.6090712122644
"1587","22064153B9051879540232",1,38967.5180206418,38967.5180206418,10.5704837068162
"1588","22064153B90614639681244",3,195214.654409541,585643.963228623,13.2804673126307
"1589","22064153B9064679601577",3,53941.5502971639,161824.650891492,11.9942686260902
"1590","22064153B90768154691941",5,1234172.98602103,6170864.93010515,15.6353495692181
"1591","22064153B90780529710926",1,1083.05534011043,1083.05534011043,6.98754134459708
"1592","22064153B90786052299666",1,68535.1539119798,68535.1539119798,11.1351020884057
"1593","22064153B90800139718357",3,19734.9238322455,59204.7714967365,10.9887574172312
"1594","22064153B9080529541811",1,63785.8116452301,63785.8116452301,11.0632860565952
"1595","22064153B90835968382747",5,91539.1886871677,457695.943435839,13.0339603636701
"1596","22064153B90906708968862",1,21226.7453012761,21226.7453012761,9.96301723636321
"1597","22064153B90991559137685",1,30201.7149023117,30201.7149023117,10.3156539865955
"1598","22064153B9100475302827",1,99164.0379692558,99164.0379692558,11.5045307070753
"1599","22064153B91116498936181",3,11392.2148772129,34176.6446316387,10.4392977842569
"1600","22064153B91141800927007",3,10278.9252151646,30836.7756454938,10.3364632711574
"1601","22064153B91227273559094",1,3694.52679761691,3694.52679761691,8.21460775958361
"1602","22064153B91306965514227",3,36045.472524011,108136.417572033,11.5911488347012
"1603","22064153B91381447128129",3,6814.36450069458,20443.0935020837,9.92540037836918
"1604","22064153B91415931669835",4,89460.9366902157,357843.746760863,12.7878517085439
"1605","22064153B91429451718848",2,78567.373037235,157134.74607447,11.9648589714914
"1606","22064153B91537954314769",4,49191.0578758214,196764.231503286,12.1897614965902
"1607","22064153B91609112527858",4,5401.77502291044,21607.1000916418,9.98077724760601
"1608","22064153B91617146751331",3,14711.2217783013,44133.6653349039,10.6949781564828
"1609","22064153B91785979325065",4,62871.0692859025,251484.27714361,12.4351357502401
"1610","22064153B92028221048613",4,3962.33549700457,15849.3419880183,9.67088326349213
"1611","22064153B92040031890076",2,39289.2236400836,78578.4472801672,11.2718527331841
"1612","22064153B92046986895255",2,52245.390143277,104490.780286554,11.5568541195719
"1613","22064153B92054695753215",1,5300.18260086566,5300.18260086566,8.57549655194024
"1614","22064153B92230134603738",1,1579.45713295829,1579.45713295829,7.36483648024631
"1615","22064153B92307181763302",4,11950.0436644901,47800.1746579604,10.7747845724051
"1616","22064153B92335026142603",1,9130.50994015144,9130.50994015144,9.11937682527697
"1617","22064153B92410380662275",1,60310.6334457841,60310.6334457841,11.0072637095533
"1618","22064153B92414295207402",1,13956.6990857023,13956.6990857023,9.54371489317751
"1619","22064153B92427745486428",1,66279.8553032917,66279.8553032917,11.1016412884254
"1620","22064153B92456215586434",2,7216.65570026682,14433.3114005336,9.5772941057278
"1621","22064153B92561466668703",1,10265.5949774477,10265.5949774477,9.2365532895315
"1622","22064153B92569175059493",2,535673.302576018,1071346.60515204,13.8844269246667
"1623","22064153B92578420514531",4,44960.6421727635,179842.568691054,12.0998371287875
"1624","22064153B92731111025148",1,190748.374242598,190748.374242598,12.1587104261358
"1625","22064153B92754256682750",2,42324.8046800696,84649.6093601392,11.3462757727856
"1626","22064153B92836462541903",2,189437.599794895,378875.19958979,12.8449621411558
"1627","22064153B92910812775945",1,33719.7760564432,33719.7760564432,10.4258397708257
"1628","22064153B92948543202040",1,17941.160834025,17941.160834025,9.79485283998681
"1629","22064153B93078615339227",2,31101.3076598576,62202.6153197152,11.0381523247841
"1630","22064153B93482560698592",3,170381.49981776,511144.49945328,13.1444076070068
"1631","22064153B93507806633963",1,14722.6608884127,14722.6608884127,9.59714314282237
"1632","22064153B93520564600239",1,15301.3317908793,15301.3317908793,9.63569514874783
"1633","22064153B93544053912338",1,40070.0265976081,40070.0265976081,10.5983838674086
"1634","22064153B93596873224412",5,9771.76794614834,48858.8397307417,10.7966905977173
"1635","22064153B93622399148332",3,NA,NA,NA
"1636","22064153B93627159122123",1,23402.8702373545,23402.8702373545,10.0606139535397
"1637","22064153B93672474053317",3,77775.6643219416,233326.992965825,12.3601961519846
"1638","22064153B93831812640775",1,30797.6694990346,30797.6694990346,10.3351943004831
"1639","22064153B93848225384544",3,1205.52488892112,3616.57466676336,8.19328263221567
"1640","22064153B93879560819561",2,88873.9799655716,177747.959931143,12.088121870419
"1641","22064153B93921143123339",3,32359.7119380294,97079.1358140882,11.4832817580095
"1642","22064153B94090813781135",5,56901.6217640658,284508.108820329,12.558517034147
"1643","22064153B94127780812190",1,128501.282799248,128501.282799248,11.7636941661411
"1644","22064153B94139662375640",3,27426.6413345673,82279.9240037019,11.3178824201362
"1645","22064153B94231126253819",2,11663.3628313576,23326.7256627152,10.0573550063751
"1646","22064153B94269242958702",1,1856.86865965541,1856.86865965541,7.52664683168686
"1647","22064153B94280751293225",1,34425.3805506101,34425.3805506101,10.4465493780197
"1648","22064153B94408757822764",1,74381.3585131399,74381.3585131399,11.2169606318073
"1649","22064153B94443438334718",2,10823.030141396,21646.060282792,9.98257874379033
"1650","22064153B9452209011947",1,39278.8763236131,39278.8763236131,10.5784421552266
"1651","22064153B94546008893",2,2251.18097325176,4502.36194650352,8.41235741505944
"1652","22064153B9474359651692",4,230583.487526079,922333.950104316,13.734662638808
"1653","22064153B94848562576718",4,72900.4186648204,291601.674659282,12.5831440221018
"1654","22064153B94965101672522",1,3473.74809065412,3473.74809065412,8.1529894314068
"1655","22064153B94990135039499",2,17593.828269484,35187.656538968,10.4684506335817
"1656","22064153B95018112275614",5,721626.924690813,3608134.62345406,15.0987014719558
"1657","22064153B95037722693010",4,108655.708692881,434622.834771524,12.9822338874663
"1658","22064153B95388461124704",3,50519.4246544204,151558.273963261,11.9287254765962
"1659","22064153B95466714598134",1,3585.06734335358,3585.06734335358,8.18453253761422
"1660","22064153B95476251404862",2,22618.2292479697,45236.4584959394,10.7196586445827
"1661","22064153B95595404063006",5,22856.389093323,114281.945466615,11.6464238798839
"1662","22064153B95599373690567",4,39402.1450461202,157608.580184481,11.9678698977189
"1663","22064153B95660884775900",3,63920.3819058287,191761.145717486,12.1640058438374
"1664","22064153B95692403593429",2,13971.8712014369,27943.7424028738,10.2379485681101
"1665","22064153B95702189282228",1,17505.9850270313,17505.9850270313,9.77029810298705
"1666","22064153B95784348499714",4,1195.19223938471,4780.76895753884,8.47235668232535
"1667","22064153B9578504350076",2,25707.8743303933,51415.7486607866,10.8476997986929
"1668","22064153B95834507403925",3,25497.6762180034,76493.0286540102,11.2449548869564
"1669","22064153B96059107516694",1,61377.2894697929,61377.2894697929,11.0247951673712
"1670","22064153B96065256406270",4,183061.357006237,732245.428024948,13.5038710209354
"1671","22064153B96177150781440",1,43799.4483150643,43799.4483150643,10.6873765007387
"1672","22064153B96257795624750",1,22018.3434161038,22018.3434161038,9.99963117657038
"1673","22064153B96273885694547",3,1736.1639335999,5208.4918007997,8.55804561122718
"1674","22064153B96374809115220",2,80076.1052337442,160152.210467488,11.983879957424
"1675","22064153B96463446975181",3,772.389937506368,2317.1698125191,7.74810181156947
"1676","22064153B96659477590424",1,98658.1713645105,98658.1713645105,11.4994163398958
"1677","22064153B96670024597495",5,10114.206657801,50571.033289005,10.8311342267109
"1678","22064153B96726599318937",2,147631.653718519,295263.307437038,12.5956228048036
"1679","22064153B96792865327572",1,23774.3378494856,23774.3378494856,10.0763620363206
"1680","22064153B96832433526360",4,34752.1574280145,139008.629712058,11.8422912944451
"1681","22064153B96844374642874",2,34916.4316485219,69832.8632970438,11.1538599988236
"1682","22064153B96866391217201",4,606.641760172542,2426.56704069017,7.79423279701921
"1683","22064153B96958507513522",1,5003.07575255451,5003.07575255451,8.51780815279962
"1684","22064153B96973201528361",1,15590.5265363216,15590.5265363216,9.65441873545979
"1685","22064153B96974896989466",3,3293.82372612932,9881.47117838796,9.19841668435185
"1686","22064153B9698947676101",2,39088.6916228271,78177.3832456542,11.2667356678947
"1687","22064153B97059212130214",2,9287.84157227107,18575.6831445421,9.82960864654317
"1688","22064153B97070168127410",2,7443.92220524196,14887.8444104839,9.60830034760143
"1689","22064153B97121686045482",2,87746.0950981481,175492.190196296,12.0753498205919
"1690","22064153B9719288740137",1,14651.0260372706,14651.0260372706,9.59226564866652
"1691","22064153B97335356497134",3,41083.3831917381,123250.149575214,11.7219713054962
"1692","22064153B97344910702567",1,12821.7541226739,12821.7541226739,9.45889854815634
"1693","22064153B9735702870104",1,7937.50813693087,7937.50813693087,8.97935466832557
"1694","22064153B97499384846726",2,10854.3600776594,21708.7201553188,9.98546930928379
"1695","22064153B97523791840920",2,22181.4779427127,44362.9558854254,10.7001600732711
"1696","22064153B97624241092160",1,23529.4406808663,23529.4406808663,10.06600771097
"1697","22064153B9766515498802",4,10841.5097450302,43366.0389801208,10.6774319017874
"1698","22064153B97866090466841",3,109736.761830688,329210.285492064,12.7044519911975
"1699","22064153B97971723277655",5,40642.9225701321,203214.61285066,12.2220179057359
"1700","22064153B97991398929026",1,111497.716215479,111497.716215479,11.6217593873002
"1701","22064153B98016387406431",2,47568.7960389305,95137.592077861,11.463079460415
"1702","22064153B98039049640163",5,21486.2857182671,107431.428591335,11.584608049453
"1703","22064153B98068681997593",1,36148.0196745566,36148.0196745566,10.4953774452996
"1704","22064153B98075085075201",3,24654.3048647219,73962.9145941657,11.2113190924337
"1705","22064153B98075236396986",1,20310.7425797961,20310.7425797961,9.9189052161806
"1706","22064153B98138334835392",1,8750.04686874239,8750.04686874239,9.07681433576502
"1707","22064153B98176626481319",2,14019.6756200218,28039.3512400436,10.2413642039352
"1708","22064153B98195258641844",2,4440.145310737,8880.290621474,9.09158956309415
"1709","22064153B98214763966062",2,45768.9504841853,91537.9009683706,11.4245083837325
"1710","22064153B98285338074110",1,34351.2112965633,34351.2112965633,10.444392560393
"1711","22064153B98286353198048",2,23226.3674941643,46452.7349883286,10.746190622774
"1712","22064153B98370164064849",2,8031.48074071414,16062.9614814283,9.68427137158616
"1713","22064153B98376857578372",4,163097.39043694,652389.56174776,13.3883971498275
"1714","22064153B98470521776341",3,35347.6886924602,106043.066077381,11.5716005743322
"1715","22064153B98524881457681",1,49517.0329150238,49517.0329150238,10.8100719886616
"1716","22064153B98586949773081",2,7113.730751958,14227.461503916,9.5629292847218
"1717","22064153B98589137348385",1,14822.5555261719,14822.5555261719,9.60390532164783
"1718","22064153B98590992450461",5,558201.533825993,2791007.66912996,14.8419132603219
"1719","22064153B98863948412239",1,194870.748623809,194870.748623809,12.1800917902084
"1720","22064153B98871481609914",1,26434.0073740857,26434.0073740857,10.1824066182799
"1721","22064153B98906825445383",2,7717.55463674549,15435.109273491,9.64440001650245
"1722","22064153B98951544817880",1,58332.8546131603,58332.8546131603,10.9739207575723
"1723","22064153B990494098117",4,315217.636022475,1260870.5440899,14.0473129483685
"1724","22064153B99270011132036",5,54766.9420443092,273834.710221546,12.5202799559767
"1725","22064153B99518107679078",3,4843.2847259413,14529.8541778239,9.58396072057618
"1726","22064153B99520360805383",1,46256.2566407907,46256.2566407907,10.741952012511
"1727","22064153B99534934631305",3,27288.7083183193,81866.1249549579,11.3128405695654
"1728","22064153B99607574658792",1,60612.5485256663,60612.5485256663,11.0122572220017
"1729","22064153B99641769976782",5,11698.528062639,58492.640313195,10.9766562186936
"1730","22064153B99649990741384",1,6874.08423265862,6874.08423265862,8.83551371114015
"1731","22064153B99767339475906",2,13863.5992429874,27727.1984859748,10.2301691052326
"1732","22064153B99823885045557",3,6469.34075687778,19408.0222706333,9.87344177868077
"1733","22064153B99847717856531",2,13491.2632353157,26982.5264706314,10.2029447677286
"1734","22064153B99857415229909",4,18446.8226303172,73787.2905212688,11.2089417805989
"1735","22064153B99919647628025",2,435559.822920612,871119.645841224,13.6775346124642
"1736","25037944B14398404968325",1,55479.2228915414,55479.2228915414,10.9237638673289
"1737","25037944B21858000962433",1,893.441399583703,893.441399583703,6.7950807472038
"1738","25037944B34353436415485",1,86372.6707432564,86372.6707432564,11.3664265939134
"1739","25037944B40039133464345",1,3629.29492253441,3629.29492253441,8.19679367217618
"1740","25037944B45717157651515",1,32762.4723249238,32762.4723249238,10.3970390029132
"1741","25037944B46798430259876",1,15589.7689795007,15589.7689795007,9.65437014343662
"1742","25037944B52457612567816",1,37552.1231751964,37552.1231751964,10.5334851982089
"1743","25037944B56639802047851",1,6962.92184148725,6962.92184148725,8.84835447004647
"1744","25037944B57185706761007",1,1074.32659551101,1074.32659551101,6.97944932149658
"1745","25037944B57812572751517",1,1447.21847426879,1447.21847426879,7.2773986995253
"1746","25037944B63911738750692",1,5283.7607937903,5283.7607937903,8.57239339470651
"1747","25037944B68165922230856",1,1728.06488082539,1728.06488082539,7.45475749543309
"1748","25037944B68706686187302",1,26231.5718363522,26231.5718363522,10.1747189962028
"1749","25037944B75420720277181",1,461.520759760622,461.520759760622,6.13452703616114
"1750","25037944B76061046607907",1,220130.926023589,220130.926023589,12.3019777666109
"1751","25037944B77099976714827",1,2350.52194696085,2350.52194696085,7.76239268756624
"1752","25037944B80693108839344",1,927.246279858632,927.246279858632,6.83221920434616
"1753","25037944B81164112312357",1,0.851994754970074,0.851994754970074,-0.160174908310181
"1754","25037944B82153403198712",1,938.342674526645,938.342674526645,6.84411520694669
"1755","25037944B90464299025642",1,1076.73258467599,1076.73258467599,6.98168634983174
"1756","25037944B91209319772795",1,14772.7450153467,14772.7450153467,9.60053920899169
"1757","25037944B93362533996498",1,8910.28816404897,8910.28816404897,9.09496186158598
"1758","25037944B94844051789605",1,3916.8322979265,3916.8322979265,8.27303851884235
"1759","25037944B98291984831496",1,409.691853189402,409.691853189402,6.0154052995355
"1760","2640588B11393510524278",2,173624.032424493,347248.064848986,12.757794687812
"1761","2640588B17162343229623",1,1327841.70639782,1327841.70639782,14.0990654049244
"1762","2640588B17428979589921",1,72429.3369465744,72429.3369465744,11.1903667027442
"1763","2640588B19040020708567",1,812616.034902401,812616.034902401,13.6080139951769
"1764","2640588B21218366338371",1,297071.6070852,297071.6070852,12.6017284900216
"1765","2640588B22535822566030",2,89235.9907581542,178471.981516308,12.0921869015861
"1766","2640588B23864872837062",1,10606.097914867,10606.097914867,9.26918438968039
"1767","2640588B24165862747597",3,51720.6609534739,155161.982860422,11.9522249009284
"1768","2640588B24635602844812",1,74697.3400233245,74697.3400233245,11.2211997616961
"1769","2640588B32523752073662",1,290415.795841594,290415.795841594,12.5790689538474
"1770","2640588B33083527354868",2,688463.597252788,1376927.19450558,14.135364903768
"1771","2640588B34459645926333",1,492216.835653853,492216.835653853,13.1066746212583
"1772","2640588B34650846802583",1,1143787.3391538,1143787.3391538,13.9498555412937
"1773","2640588B45258001695711",3,364187.181903814,1092561.54571144,13.9040355391125
"1774","2640588B49335496833592",1,2183276.19152582,2183276.19152582,14.5963371467806
"1775","2640588B52568839586340",1,840207.744202567,840207.744202567,13.6414044547692
"1776","2640588B56610026740587",1,814827.993481387,814827.993481387,13.6107323190055
"1777","2640588B69318666079956",1,413126.627850337,413126.627850337,12.931509429914
"1778","2640588B69436428808540",2,100601.045074879,201202.090149758,12.212065105572
"1779","2640588B80080860218245",1,203953.483761577,203953.483761577,12.2256472260491
"1780","2640588B8298467794963",1,102224.523385727,102224.523385727,11.5349268828177
"1781","2640588B85389361952197",1,276092.088775448,276092.088775448,12.5284897440323
"1782","2640588B94499067384006",1,235867.164228695,235867.164228695,12.3710240621029
"1783","2640588B97548260432831",1,2263854.71586767,2263854.71586767,14.6325795448096
"1784","48082658B12474943410263",1,3021.51162727043,3021.51162727043,8.01351252397241
"1785","48082658B13739269194746",1,7167.61476136223,7167.61476136223,8.87732820898089
"1786","48082658B34496181007538",1,535.183605587855,535.183605587855,6.28260987603515
"1787","48082658B41580202055285",1,11402.7445872106,11402.7445872106,9.34160935867026
"1788","48082658B47092597141072",1,205.990126606375,205.990126606375,5.32782823854568
"1789","48082658B47865873518539",1,160.399015199244,160.399015199244,5.07766455575798
"1790","48082658B54870744689581",1,3211.70790346831,3211.70790346831,8.07455813178708
"1791","48082658B55363984375879",1,2750.58421917263,2750.58421917263,7.91956861143323
"1792","48082658B59083030943668",1,1610.18257557519,1610.18257557519,7.38410285252748
"1793","48082658B59364107477614",1,2546.93785217483,2546.93785217483,7.84264707427926
"1794","48082658B68963423411416",1,2463.70868996412,2463.70868996412,7.80942309118851
"1795","48082658B69213589871259",1,3519.17823517982,3519.17823517982,8.16598278542224
"1796","48082658B76905372739919",1,25451.7950246886,25451.7950246886,10.1445415509134
"1797","48082658B87920107186750",1,6758.32458926942,6758.32458926942,8.8185302964951
"1798","50627088B1030892779314",1,12007.4558893272,12007.4558893272,9.39328305993883
"1799","50627088B10700770102469",1,165445.859248566,165445.859248566,12.0163992858294
"1800","50627088B10984666318853",1,7245.68261655679,7245.68261655679,8.8881610693029
"1801","50627088B11315942998338",1,24827.7419674313,24827.7419674313,10.1197169346743
"1802","50627088B11716767923603",1,28479.6511907204,28479.6511907204,10.2569451179341
"1803","50627088B11927657665908",1,9791.52310096067,9791.52310096067,9.18927230064131
"1804","50627088B1210945284029",1,14943.4007514662,14943.4007514662,9.61202506005716
"1805","50627088B1220406486190",1,8995.43342057646,8995.43342057646,9.10447232983485
"1806","50627088B1222812133050",1,12120.1608672158,12120.1608672158,9.40262553240781
"1807","50627088B12242639821248",1,12076.7989702513,12076.7989702513,9.39904145046749
"1808","50627088B1268038266758",1,4619.68511406362,4619.68511406362,8.4380818246239
"1809","50627088B12767875779778",1,9667.25196488073,9667.25196488073,9.17649936655865
"1810","50627088B13774862826934",1,83149.0804557848,83149.0804557848,11.3283904256998
"1811","50627088B14039752645412",1,76057.5201278635,76057.5201278635,11.2392451767943
"1812","50627088B14474633080003",1,15370.5757393683,15370.5757393683,9.64021029447574
"1813","50627088B14545810389102",1,71557.9135025386,71557.9135025386,11.1782623798826
"1814","50627088B14708178050051",1,4927.86264995411,4927.86264995411,8.50266063346823
"1815","50627088B14771067875898",1,42068.8988553269,42068.8988553269,10.6470640021352
"1816","50627088B14932470862023",1,2768.66649774697,2768.66649774697,7.92612107451138
"1817","50627088B15670819886365",1,22072.6810828686,22072.6810828686,10.0020959727456
"1818","50627088B16194537288305",1,5993.61708784386,5993.61708784386,8.69845036326076
"1819","50627088B17060352314255",1,10193.0338438036,10193.0338438036,9.2294598094615
"1820","50627088B17582677528322",1,16647.4160406126,16647.4160406126,9.72001029060895
"1821","50627088B17603753996885",1,26482.8553671963,26482.8553671963,10.1842528353251
"1822","50627088B17809013633948",1,15842.2779269905,15842.2779269905,9.67043746355109
"1823","50627088B18003687378579",1,2845.70153455436,2845.70153455436,7.95356490124395
"1824","50627088B18240025112531",1,2773.24012466989,2773.24012466989,7.92777163568928
"1825","50627088B18700427518498",1,2213.00877233306,2213.00877233306,7.70210830404367
"1826","50627088B1882367012373",1,3942.46407421712,3942.46407421712,8.27956120635867
"1827","50627088B19179472142749",1,12369.8422861059,12369.8422861059,9.42301671559676
"1828","50627088B19201983933003",1,146685.965962693,146685.965962693,11.8960492946789
"1829","50627088B19833882883386",1,46131.228642256,46131.228642256,10.7392454105405
"1830","50627088B19949088040088",1,19819.4670802212,19819.4670802212,9.89441991954172
"1831","50627088B20237982609440",1,92807.7698799025,92807.7698799025,11.4382856424235
"1832","50627088B2039046908464",1,19682.5413676605,19682.5413676605,9.88748729680469
"1833","50627088B20540299912317",1,40188.7884917238,40188.7884917238,10.6013433424685
"1834","50627088B20666054453423",1,17287.5725228716,17287.5725228716,9.75774317106886
"1835","50627088B21160446054995",1,22151.3582816454,22151.3582816454,10.0056540955636
"1836","50627088B21598242186115",1,36131.3864882679,36131.3864882679,10.494917198392
"1837","50627088B21617615218202",1,30015.2850910574,30015.2850910574,10.3094620339269
"1838","50627088B21714433224549",1,8761.38892321401,8761.38892321401,9.07810972424057
"1839","50627088B21776838121102",1,6640.71705894608,6640.71705894608,8.80097522744503
"1840","50627088B22298863310989",1,2047.73241280381,2047.73241280381,7.62448831981228
"1841","50627088B2237882581222",1,11531.1376412491,11531.1376412491,9.35280627632715
"1842","50627088B22684914859278",1,85827.7918119801,85827.7918119801,11.3600981469198
"1843","50627088B23138580841990",1,7859.0507530478,7859.0507530478,8.96942110879771
"1844","50627088B23583227090437",1,21552.0637811936,21552.0637811936,9.97822685805527
"1845","50627088B24192997994058",1,14889.2113635783,14889.2113635783,9.60839216011008
"1846","50627088B24413335257695",1,8361.3601321667,8361.3601321667,9.03137638808056
"1847","50627088B24502383873446",1,14680.7457205632,14680.7457205632,9.5942920992818
"1848","50627088B25246558937537",1,28686.874826825,28686.874826825,10.2641949740365
"1849","50627088B25417186263654",1,32117.5981685021,32117.5981685021,10.3771593884435
"1850","50627088B25461945792705",1,11436.814142543,11436.814142543,9.34459274210646
"1851","50627088B25624644630099",1,7740.50745217905,7740.50745217905,8.9542225267317
"1852","50627088B25803309385917",1,16419.3715224534,16419.3715224534,9.70621710714927
"1853","50627088B25883643006706",1,10285.1772864165,10285.1772864165,9.23845903931492
"1854","50627088B26732857587675",1,3698.99160932735,3698.99160932735,8.21581552346744
"1855","50627088B27079735584148",1,14311.6962724835,14311.6962724835,9.56883240308547
"1856","50627088B27236807147286",1,6727.48679549306,6727.48679549306,8.81395691983333
"1857","50627088B27452602729857",1,38344.2449075597,38344.2449075597,10.5543597279346
"1858","50627088B27548444150283",1,11763.0744481957,11763.0744481957,9.37272061995476
"1859","50627088B28415478527281",1,35281.7950020481,35281.7950020481,10.4711223875693
"1860","50627088B28449538232051",1,22440.8362945819,22440.8362945819,10.0186376269717
"1861","50627088B28469606214618",1,28606.0149806694,28606.0149806694,10.2613722887045
"1862","50627088B28473489349448",1,14703.5800545555,14703.5800545555,9.59584628424173
"1863","50627088B28791012424217",1,7455.87635368712,7455.87635368712,8.91675777276321
"1864","50627088B29131736368652",1,7517.87024135552,7517.87024135552,8.92503816424593
"1865","50627088B29513043306551",1,91772.0288894692,91772.0288894692,11.4270628339861
"1866","50627088B29621121298920",1,3242.88824919429,3242.88824919429,8.08421964663073
"1867","50627088B29879698863808",1,36574.0469493609,36574.0469493609,10.5070941681151
"1868","50627088B30378888459240",1,2361.68864617853,2361.68864617853,7.76713217019326
"1869","50627088B30686520493878",1,12299.2913599699,12299.2913599699,9.41729692669024
"1870","50627088B30758784507478",1,50013.7043442726,50013.7043442726,10.8200523337408
"1871","50627088B30826569642234",1,17076.5439588045,17076.5439588045,9.7454611025359
"1872","50627088B31181916661146",1,3723.94098321566,3723.94098321566,8.22253779058493
"1873","50627088B31235975347334",1,16228.0859472793,16228.0859472793,9.69449872054594
"1874","50627088B32683374106398",1,17448.6059882743,17448.6059882743,9.76701503838073
"1875","50627088B32866858963160",1,21290.6712600505,21290.6712600505,9.96602428674936
"1876","50627088B33032017587256",1,5257.9732848084,5257.9732848084,8.56750092441127
"1877","50627088B33192987993204",1,13560.564974879,13560.564974879,9.51492122544052
"1878","50627088B33273723403959",1,7914.80051222995,7914.80051222995,8.97648976823627
"1879","50627088B33396950786450",1,9187.72136115238,9187.72136115238,9.12562323696171
"1880","50627088B34182004017380",1,7381.05181673765,7381.05181673765,8.90667143003232
"1881","50627088B3423694418611",1,16213.8838769007,16213.8838769007,9.69362318361876
"1882","50627088B34357013751850",1,8673.00392476201,8673.00392476201,9.06797048321082
"1883","50627088B34623658197151",1,18279.0217935632,18279.0217935632,9.81350933118917
"1884","50627088B34984367598758",1,9270.32511406973,9270.32511406973,9.13457372958134
"1885","50627088B35254539369817",1,27266.4181042361,27266.4181042361,10.2134111178996
"1886","50627088B35355402430681",1,1761.31164823567,1761.31164823567,7.47381406514718
"1887","50627088B36443984556774",1,12030.3680176634,12030.3680176634,9.39518940016028
"1888","50627088B36485372872762",1,11213.9746727642,11213.9746727642,9.3249160181439
"1889","50627088B36712897039445",1,2642.3858172521,2642.3858172521,7.87943750668861
"1890","50627088B36789256479766",1,11729.6479366472,11729.6479366472,9.36987492727102
"1891","50627088B36827584115772",1,112288.375374506,112288.375374506,11.6288256213393
"1892","50627088B37050079543362",1,28075.3403333,28075.3403333,10.2426469018235
"1893","50627088B37854102096410",1,18186.8115599409,18186.8115599409,9.80845197082304
"1894","50627088B37911705580944",1,2254.83716554984,2254.83716554984,7.7208330389303
"1895","50627088B37931435586909",1,2325.54885630576,2325.54885630576,7.75171135739026
"1896","50627088B382438860006",1,11368.5099908057,11368.5099908057,9.33860253073458
"1897","50627088B38309476572974",1,38965.3001475048,38965.3001475048,10.5704267892508
"1898","50627088B38454753665522",1,27032.5512900829,27032.5512900829,10.2047970221667
"1899","50627088B38644247455726",1,11305.9785247684,11305.9785247684,9.33308693777902
"1900","50627088B38743512142751",1,43627.6853604276,43627.6853604276,10.6834472131502
"1901","50627088B38829203416925",1,16238.1234698978,16238.1234698978,9.69511705715613
"1902","50627088B38854770876072",1,6352.35457848972,6352.35457848972,8.75658082291966
"1903","50627088B39259384142241",1,20598.469894943,20598.469894943,9.93297207507449
"1904","50627088B39262816099819",1,6967.58718569221,6967.58718569221,8.84902427247368
"1905","50627088B39544004778747",1,13072.9404736689,13072.9404736689,9.47829976017193
"1906","50627088B39576903361064",1,7693.56446340509,7693.56446340509,8.94813947440625
"1907","50627088B4018820308250",1,617419.249738204,617419.249738204,13.3333035692784
"1908","50627088B40370346944296",1,29699.4759322551,29699.4759322551,10.2988846792565
"1909","50627088B40432744920645",1,8085.63057351386,8085.63057351386,8.99784376198338
"1910","50627088B40660272766976",1,2944.63141484588,2944.63141484588,7.98773893200371
"1911","50627088B40977064130086",1,7460.93633280307,7460.93633280307,8.91743619910218
"1912","50627088B40990940579560",1,6767.68223538064,6767.68223538064,8.81991394914668
"1913","50627088B4144789748082",1,9492.16896824062,9492.16896824062,9.15822241851822
"1914","50627088B42337074746811",1,3791.84526210209,3791.84526210209,8.24060805613463
"1915","50627088B42356912123760",1,9521.00013280451,9521.00013280451,9.16125517823428
"1916","50627088B4244668772523",1,11232.8174859985,11232.8174859985,9.3265949054902
"1917","50627088B43325373154771",1,18475.9710378188,18475.9710378188,9.82422630399237
"1918","50627088B43459310731784",1,5317.5519045601,5317.5519045601,8.57876830810999
"1919","50627088B43543909000862",1,9206.67386931017,9206.67386931017,9.127683920624
"1920","50627088B4363090136249",1,16598.8612882984,16598.8612882984,9.71708937490129
"1921","50627088B43841606180493",1,10842.1971769596,10842.1971769596,9.29120094605591
"1922","50627088B44475495738204",1,4181.41708629072,4181.41708629072,8.33840548392493
"1923","50627088B44662139516293",1,13443.315908664,13443.315908664,9.50623730304156
"1924","50627088B44837755081847",1,35133.2958970202,35133.2958970202,10.466904560871
"1925","50627088B45047624087039",1,50427.4460702291,50427.4460702291,10.8282908707233
"1926","50627088B45339829502466",1,1031.141049591,1031.141049591,6.9384212831862
"1927","50627088B45390656969896",1,17078.2233934315,17078.2233934315,9.74555944515443
"1928","50627088B4540713417928",1,17945.0759737048,17945.0759737048,9.79507103727042
"1929","50627088B45617363744287",1,14892.7242659143,14892.7242659143,9.60862806837313
"1930","50627088B46222132432578",1,4971.04793804322,4971.04793804322,8.51138594958936
"1931","50627088B46282994353665",1,7926.44142445177,7926.44142445177,8.97795946541832
"1932","50627088B46481232668966",1,15254.3580213983,15254.3580213983,9.63262051310552
"1933","50627088B4688802652397",1,16204.4864011836,16204.4864011836,9.6930434212248
"1934","50627088B46902848147083",1,633719.784601913,633719.784601913,13.3593621555942
"1935","50627088B47039366190393",1,141134.173445316,141134.173445316,11.8574663016091
"1936","50627088B47051465612575",1,12841.9303966323,12841.9303966323,9.46047090836051
"1937","50627088B47546840295566",1,15553.0726689699,15553.0726689699,9.65201349737788
"1938","50627088B47850104568837",1,15701.2179441629,15701.2179441629,9.66149356438886
"1939","50627088B47903559300993",1,30400.2844124484,30400.2844124484,10.3222072430232
"1940","50627088B49115347423872",1,3378.7464143467,3378.7464143467,8.12526003635345
"1941","50627088B49720713331936",1,6513.0481077519,6513.0481077519,8.78156284493888
"1942","50627088B50074216584912",1,10904.1376059951,10904.1376059951,9.29689759306885
"1943","50627088B50649641407498",1,42431.3604096986,42431.3604096986,10.6556430001311
"1944","50627088B50873486185333",1,7233.91094083507,7233.91094083507,8.88653510124398
"1945","50627088B50990328034226",1,73512.4802168985,73512.4802168985,11.2052104696561
"1946","50627088B51124691471902",1,3717.71213450497,3717.71213450497,8.2208637404601
"1947","50627088B51202553457733",1,12167.2226150655,12167.2226150655,9.40650094424746
"1948","50627088B51457701094932",1,75137.1327734044,75137.1327734044,11.2270701599411
"1949","50627088B51524956597076",1,5136.85475521244,5136.85475521244,8.5441962558243
"1950","50627088B51717309851440",1,14065.393952692,14065.393952692,9.5514727299659
"1951","50627088B5175300489414",1,3298.80779465625,3298.80779465625,8.10131640783268
"1952","50627088B52213754253598",1,3753.99170091823,3753.99170091823,8.23057500641365
"1953","50627088B5234987061010",1,3702.90523982327,3702.90523982327,8.21687299047634
"1954","50627088B52665331033665",1,4690.06296236962,4690.06296236962,8.4532012861625
"1955","50627088B52982407932693",1,4423.10267663363,4423.10267663363,8.39459669185021
"1956","50627088B53016454069278",1,11343.9851850051,11343.9851850051,9.33644294279478
"1957","50627088B53037445853541",1,17526.6847787399,17526.6847787399,9.77147984301614
"1958","50627088B53231411399009",1,2106.58266979288,2106.58266979288,7.65282232574413
"1959","50627088B5329329942302",1,4240.60249714196,4240.60249714196,8.35246063651352
"1960","50627088B53777409905176",1,7246.0848035944,7246.0848035944,8.88821657489115
"1961","50627088B54036543797475",1,6451.668454891,6451.668454891,8.77209405151606
"1962","50627088B5409879857753",1,3244.35905612171,3244.35905612171,8.08467309225517
"1963","50627088B54107470170219",1,6057.90709890487,6057.90709890487,8.70911965619473
"1964","50627088B54720368473271",1,11455.4214886749,11455.4214886749,9.34621838938089
"1965","50627088B55369972555828",1,14723.0830375293,14723.0830375293,9.59717181583655
"1966","50627088B55512763165299",1,12884.0995666809,12884.0995666809,9.46374923835362
"1967","50627088B55522839668174",1,15686.9747499951,15686.9747499951,9.66058601324158
"1968","50627088B55923082942331",1,3004.96507179155,3004.96507179155,8.00802122353788
"1969","50627088B55940986793809",1,4976.75569931787,4976.75569931787,8.51253349172209
"1970","50627088B55944116291568",1,9986.26393215937,9986.26393215937,9.20896582092952
"1971","50627088B56291356806731",1,8659.11520457853,8659.11520457853,9.06636782596474
"1972","50627088B56771810727616",1,1543.26669348207,1543.26669348207,7.34165667831064
"1973","50627088B56968228277870",1,10022.2266530108,10022.2266530108,9.21256057081082
"1974","50627088B57037698095260",1,23237.2452547877,23237.2452547877,10.0535116692924
"1975","50627088B57086733135825",1,19980.7204997554,19980.7204997554,9.90252311260118
"1976","50627088B57480550213661",1,10579.7774610727,10579.7774610727,9.266699671266
"1977","50627088B57657804580425",1,2384.5957975369,2384.5957975369,7.77678491203587
"1978","50627088B58089687429718",1,6875.02949749321,6875.02949749321,8.83565121307003
"1979","50627088B58275904386471",1,123282.722618762,123282.722618762,11.7222355545876
"1980","50627088B58942716797711",1,46536.6753079011,46536.6753079011,10.7479959970011
"1981","50627088B59302189712162",1,15415.8110602782,15415.8110602782,9.64314895393958
"1982","50627088B5982554369070",1,16136.0740628393,16136.0740628393,9.68881266953671
"1983","50627088B60120060131713",1,5719.57374795005,5719.57374795005,8.65164956200797
"1984","50627088B60276405094260",1,14077.71246728,14077.71246728,9.55234814970037
"1985","50627088B60332279598838",1,2498.31867443815,2498.31867443815,7.82337325438165
"1986","50627088B60694242822101",1,16733.1138422697,16733.1138422697,9.72514489992985
"1987","50627088B60832764268377",1,3640.09659184659,3640.09659184659,8.1997654965003
"1988","50627088B60977128263275",1,22207.5346477084,22207.5346477084,10.0081869088231
"1989","50627088B61499871451932",1,41824.4979521693,41824.4979521693,10.6412375222485
"1990","50627088B61548157381216",1,10773.8470756497,10773.8470756497,9.28487690930734
"1991","50627088B61699317845767",1,8913.88733846352,8913.88733846352,9.09536571470816
"1992","50627088B61765776713895",1,86401.6380626671,86401.6380626671,11.3667619136711
"1993","50627088B61814303720147",1,9635.42154812895,9635.42154812895,9.17320133164322
"1994","50627088B61816246956144",1,20993.4415059579,20993.4415059579,9.95196535868677
"1995","50627088B61937823223292",1,893.240661554933,893.240661554933,6.79485604239036
"1996","50627088B62386575329079",1,21347.40499121,21347.40499121,9.96868546519029
"1997","50627088B62702999552661",1,6227.88562591895,6227.88562591895,8.73679216828927
"1998","50627088B6273778185161",1,4658.16234945707,4658.16234945707,8.44637630373494
"1999","50627088B6304595362200",1,24607.5815688571,24607.5815688571,10.1108098682945
"2000","50627088B64168457575480",1,81221.7219320051,81221.7219320051,11.3049380018528
"2001","50627088B64259758122284",1,6393.06444064558,6393.06444064558,8.76296900059166
"2002","50627088B6451508023374",1,4145.59967137426,4145.59967137426,8.32980273053687
"2003","50627088B6461377547607",1,29198.1571449642,29198.1571449642,10.2818608747909
"2004","50627088B64688657513585",1,13192.0517110233,13192.0517110233,9.4873697841092
"2005","50627088B64715613220585",1,176816.317217678,176816.317217678,12.0828667168822
"2006","50627088B64741996810444",1,10014.7823750542,10014.7823750542,9.21181751796409
"2007","50627088B65020558146987",1,19796.996438426,19796.996438426,9.89328551014678
"2008","50627088B65141848449255",1,20678.0304348044,20678.0304348044,9.93682708399024
"2009","50627088B65246255323427",1,37563.901238365,37563.901238365,10.5337987947645
"2010","50627088B65767533460157",1,5159.19947811026,5159.19947811026,8.54853670653906
"2011","50627088B66071883870348",1,22693.142865039,22693.142865039,10.0298180814052
"2012","50627088B66284744299832",1,3786.43390064355,3786.43390064355,8.23917993181721
"2013","50627088B66323270500820",1,10992.2357192037,10992.2357192037,9.3049444588468
"2014","50627088B66414175482528",1,3538.44770564845,3538.44770564845,8.17144340872879
"2015","50627088B66549226075892",1,11049.7752618626,11049.7752618626,9.3101653684461
"2016","50627088B66619946151873",1,6071.94974126294,6071.94974126294,8.7114350419106
"2017","50627088B66732332939246",1,17439.8508685185,17439.8508685185,9.76651314630935
"2018","50627088B67043530022751",1,15947.5656314432,15947.5656314432,9.67706147157672
"2019","50627088B67284311995984",1,11823.0195613787,11823.0195613787,9.37780372038079
"2020","50627088B67615476566962",1,12652.0309325192,12652.0309325192,9.44557302929444
"2021","50627088B68203381384952",1,7535.47553634576,7535.47553634576,8.92737721940044
"2022","50627088B68322081472397",1,659006.689416453,659006.689416453,13.3984889642927
"2023","50627088B68378363508666",1,26845.1788226403,26845.1788226403,10.197841524136
"2024","50627088B68450400928549",1,37737.043316272,37737.043316272,10.5383974723525
"2025","50627088B68514471367949",1,4286.31433499813,4286.31433499813,8.36318251328785
"2026","50627088B68645229361242",1,7982.40555825718,7982.40555825718,8.98499509342057
"2027","50627088B68767100251382",1,18651.2938454269,18651.2938454269,9.83367079775554
"2028","50627088B69672703244103",1,41806.0303705959,41806.0303705959,10.6407958753465
"2029","50627088B70242427867447",1,21602.5487148345,21602.5487148345,9.98056658276842
"2030","50627088B7057522682097",1,11650.4536921868,11650.4536921868,9.36310040177091
"2031","50627088B70780361544705",1,5055.05764606837,5055.05764606837,8.52814453516173
"2032","50627088B71136761933939",1,292794.981611071,292794.981611071,12.587227921616
"2033","50627088B71257963793973",1,8122.19260408876,8122.19260408876,9.00235542183958
"2034","50627088B71678919151694",1,3181.82203380276,3181.82203380276,8.06520927829617
"2035","50627088B71812664206882",1,2370.23939633045,2370.23939633045,7.77074624013779
"2036","50627088B72641444034530",1,5034.5783163391,5034.5783163391,8.52408505116657
"2037","50627088B7265793034520",1,34512.8734750247,34512.8734750247,10.4490876776221
"2038","50627088B72724405563530",1,11311.8661332859,11311.8661332859,9.33360755402159
"2039","50627088B73546820144927",1,4802.27583889559,4802.27583889559,8.47684521763365
"2040","50627088B7375180759148",1,4483.66575389637,4483.66575389637,8.4081962394637
"2041","50627088B74262052277311",1,9355.08483144382,9355.08483144382,9.14367530669955
"2042","50627088B74317762178215",1,81210.5855832518,81210.5855832518,11.3048008819788
"2043","50627088B74691902992320",1,5619.58946907759,5619.58946907759,8.63401389201275
"2044","50627088B75168752145477",1,2553.10145342216,2553.10145342216,7.84506415535601
"2045","50627088B75721726599609",1,944.410910028908,944.410910028908,6.85056135748358
"2046","50627088B76027952384475",1,7973.44129988465,7973.44129988465,8.98387146026021
"2047","50627088B76146080244750",1,1975.38808213118,1975.38808213118,7.58852015531377
"2048","50627088B76588814495844",1,11502.9391851805,11502.9391851805,9.35035786301604
"2049","50627088B76659971388370",1,20540.4353984473,20540.4353984473,9.93015068084539
"2050","50627088B76739028658170",1,4561.71381520085,4561.71381520085,8.42545366856638
"2051","50627088B77099076149354",1,3475.95517284259,3475.95517284259,8.15362459011185
"2052","50627088B77263395390231",1,3671.6111889401,3671.6111889401,8.20838586076923
"2053","50627088B77344252061017",1,13312.9752839114,13312.9752839114,9.49649442389233
"2054","50627088B77470661049606",1,45260.7471241406,45260.7471241406,10.720195426434
"2055","50627088B77720764307123",1,2407.11315186042,2407.11315186042,7.78618344617563
"2056","50627088B77985545046422",1,88300.1850810939,88300.1850810939,11.3884974826385
"2057","50627088B78177110012738",1,1444.0445027864,1444.0445027864,7.27520313808203
"2058","50627088B78446998147057",1,3950.13438285232,3950.13438285232,8.28150487829174
"2059","50627088B78854811449565",1,10119.5782411302,10119.5782411302,9.22222726619535
"2060","50627088B79111544799343",1,23563.5419696945,23563.5419696945,10.0674559647381
"2061","50627088B79167311064523",1,13646.2615469026,13646.2615469026,9.52122088375351
"2062","50627088B80124610237867",1,10231.3263424374,10231.3263424374,9.23320950278372
"2063","50627088B80156455392476",1,10718.1171289001,10718.1171289001,9.2796907782373
"2064","50627088B80471800868115",1,21764.7210558955,21764.7210558955,9.98804563772671
"2065","50627088B80645890031295",1,6272.77683334486,6272.77683334486,8.74397441171783
"2066","50627088B80825947676467",1,38097.9320337512,38097.9320337512,10.5479152823124
"2067","50627088B81234283975343",1,30576.8044974934,30576.8044974934,10.3279969775381
"2068","50627088B81322224704661",1,31224.4347921632,31224.4347921632,10.3489562336983
"2069","50627088B81472042875612",1,4231.69059755296,4231.69059755296,8.3503568606464
"2070","50627088B81870617842990",1,10910.2139424711,10910.2139424711,9.29745468839389
"2071","50627088B8235398301321",1,9861.09802719677,9861.09802719677,9.19635280318108
"2072","50627088B8261006945538",1,66803.9831354599,66803.9831354599,11.1095179855234
"2073","50627088B82617761182934",1,5467.85481485583,5467.85481485583,8.6066416457093
"2074","50627088B82713167627307",1,6658.4774361,6658.4774361,8.80364612420026
"2075","50627088B8286013017465",1,4852.85021598428,4852.85021598428,8.48732148471796
"2076","50627088B82923584373412",1,5004.03019495994,5004.03019495994,8.51799890573325
"2077","50627088B83026580761392",1,2063.616899997,2063.616899997,7.63221549890713
"2078","50627088B83230284836349",1,214009.961289659,214009.961289659,12.2737778410032
"2079","50627088B83371137929766",1,10667.3875524408,10667.3875524408,9.27494647387145
"2080","50627088B83571733703728",1,3477.74574647702,3477.74574647702,8.15413958887144
"2081","50627088B8420918184239",1,3252.19651293099,3252.19651293099,8.08708589717255
"2082","50627088B84672530546512",1,11623.4412918535,11623.4412918535,9.3607791390445
"2083","50627088B84819198582198",1,10383.5907170378,10383.5907170378,9.247982023398
"2084","50627088B84990602370402",1,7768.43393818525,7768.43393818525,8.95782387069018
"2085","50627088B85126164894992",1,59855.396217569,59855.396217569,10.9996868692871
"2086","50627088B85126992940446",1,40364.8312653625,40364.8312653625,10.605714171599
"2087","50627088B86274665639855",1,1443.06555970244,1443.06555970244,7.27452499066105
"2088","50627088B86414439934091",1,4448.12484531224,4448.12484531224,8.40023790327759
"2089","50627088B86896895761869",1,25318.8646397775,25318.8646397775,10.1393050348016
"2090","50627088B86938418920354",1,7106.3337920294,7106.3337920294,8.86874174874393
"2091","50627088B87076306063462",1,8285.00241101284,8285.00241101284,9.02220222087002
"2092","50627088B87293297593146",1,12926.4021667224,12926.4021667224,9.46702717834537
"2093","50627088B87487449340620",1,29567.9404325131,29567.9404325131,10.2944459598463
"2094","50627088B88216282065505",1,29892.8642599564,29892.8642599564,10.3053750773833
"2095","50627088B886446566830",1,3382.67062605138,3382.67062605138,8.12642080254251
"2096","50627088B88871832533986",1,56176.2820199276,56176.2820199276,10.9362499186877
"2097","50627088B89618269520255",1,3789.98296794269,3789.98296794269,8.24011680411985
"2098","50627088B89950958410687",1,14342.8315413639,14342.8315413639,9.57100555221819
"2099","50627088B89953909022202",1,22635.5612526401,22635.5612526401,10.0272774553497
"2100","50627088B90206204829893",1,20632.7379315157,20632.7379315157,9.93463431328042
"2101","50627088B91275102089847",1,7369.74897529244,7369.74897529244,8.90513892426308
"2102","50627088B91393089235413",1,31874.1341283471,31874.1341283471,10.3695501174909
"2103","50627088B91446293521910",1,24582.2099718117,24582.2099718117,10.109778288428
"2104","50627088B91573005183393",1,16565.1086874915,16565.1086874915,9.71505387598573
"2105","50627088B92506226945560",1,21299.0149432109,21299.0149432109,9.96641610383049
"2106","50627088B93169403456480",1,3720.63380065933,3720.63380065933,8.22164930927609
"2107","50627088B93641399425538",1,4311.19332685627,4311.19332685627,8.36897001875584
"2108","50627088B93748146703030",1,47167.9006472836,47167.9006472836,10.7614688691883
"2109","50627088B94198813487846",1,18156.4867680576,18156.4867680576,9.80678317353078
"2110","50627088B94550034799576",1,5065.32531513967,5065.32531513967,8.53017364268336
"2111","50627088B94661394277654",1,13376.586939304,13376.586939304,9.50126121439348
"2112","50627088B94679660634187",1,35876.907499095,35876.907499095,10.4878491223549
"2113","50627088B94696650260706",1,106266.452454622,106266.452454622,11.5737049214309
"2114","50627088B94698794440678",1,5776.60907197028,5776.60907197028,8.66157212376165
"2115","50627088B95329536813839",1,11863.1577468812,11863.1577468812,9.38119288895794
"2116","50627088B95604835904920",1,3405.28501901872,3405.28501901872,8.13308392110651
"2117","50627088B95871008533401",1,22174.6237022284,22174.6237022284,10.006703837574
"2118","50627088B95910287491923",1,1925.04908380955,1925.04908380955,7.5627067444797
"2119","50627088B96078514401884",1,1650.32061872838,1650.32061872838,7.40872486239887
"2120","50627088B96232623294583",1,21948.5927548267,21948.5927548267,9.99645830505068
"2121","50627088B96326519449072",1,43646.3405890805,43646.3405890805,10.6838747224517
"2122","50627088B9649339399974",1,82894.1645890197,82894.1645890197,11.325319947681
"2123","50627088B9670324161736",1,38242.2737311457,38242.2737311457,10.5516968248942
"2124","50627088B96714761413162",1,2151.08942055165,2151.08942055165,7.67372970002227
"2125","50627088B96858950012844",1,13923.7854636531,13923.7854636531,9.54135384114623
"2126","50627088B97471764392590",1,51001.0300202197,51001.0300202197,10.8396011079774
"2127","50627088B97826300633000",1,5082.74894111667,5082.74894111667,8.53360752435549
"2128","50627088B98112130077485",1,14314.7031931802,14314.7031931802,9.56904248334452
"2129","50627088B98437787119642",1,13937.4909955855,13937.4909955855,9.54233768214562
"2130","50627088B98903395743063",1,3688.26779407214,3688.26779407214,8.21291219431587
"2131","51752279B16736708134398",1,2608.56075881436,2608.56075881436,7.86655391481696
"2132","51752279B19829880804306",1,878.09475268092,878.09475268092,6.77775450658328
"2133","51752279B21947974506929",1,1382.52605224513,1382.52605224513,7.23166757751921
"2134","51752279B25088829088610",1,3081.99229069747,3081.99229069747,8.03333151448091
"2135","51752279B50751398676550",1,1694.08827979065,1694.08827979065,7.43489998707177
"2136","51752279B69229599413395",1,1211.87446137637,1211.87446137637,7.09992358154204
"2137","51752279B71733643384678",1,888.146532251127,888.146532251127,6.7891367431752
"2138","51752279B95977436708349",1,1393.70369626384,1393.70369626384,7.23972001224496
"2139","52423323B1474651347139",1,264876.388401114,264876.388401114,12.4870185372789
"2140","52423323B17101546722120",1,131004.114556819,131004.114556819,11.7829840105207
"2141","52423323B33049838557264",1,3552.32977950126,3552.32977950126,8.17535894313044
"2142","52423323B35059140048006",1,259293.796332771,259293.796332771,12.4657170465694
"2143","52423323B36790328551153",1,24574.7449290962,24574.7449290962,10.1094745656775
"2144","52423323B39160011861592",1,115604.696078056,115604.696078056,11.6579318579079
"2145","52423323B48942229676406",1,796402.046007576,796402.046007576,13.5878594202392
"2146","52423323B49434157073126",1,5220.17186352611,5220.17186352611,8.56028560438185
"2147","52423323B50185112630259",1,28706.0250818,28706.0250818,10.2648623128786
"2148","52423323B51460600730955",1,383656.394386987,383656.394386987,12.8575026247079
"2149","52423323B55479715593619",1,297660.299954721,297660.299954721,12.6037081822318
"2150","52423323B58805530467838",1,136018.20246148,136018.20246148,11.8205439973907
"2151","52423323B64374819566346",1,26262.9261354208,26262.9261354208,10.1759135710253
"2152","52423323B74651487208839",1,819107.832955602,819107.832955602,13.6159710183387
"2153","52423323B84565222808084",2,803.556235909462,1607.11247181892,7.38219435197474
"2154","52423323B94618395838075",1,104678.648521002,104678.648521002,11.5586504459857
"2155","52423323B9469904891992",1,203627.252931673,203627.252931673,12.2240464099643
"2156","52511910B10215199478646",3,42117.7728521149,126353.318556345,11.7468373772624
"2157","52511910B10855589670933",2,19390.3848674837,38780.7697349674,10.5656797773611
"2158","52511910B1114695065436",3,166719.163940768,500157.491822304,13.122678311452
"2159","52511910B11437294536827",3,125319.309865608,375957.929596824,12.8372325267418
"2160","52511910B1170609292065",2,26502.8010104951,53005.6020209902,10.8781528854578
"2161","52511910B12166681712059",3,6528.10481311902,19584.3144393571,9.88248424111438
"2162","52511910B12217989868885",3,33252.5416147546,99757.6248442638,11.5104987713722
"2163","52511910B12239492719020",3,22845.091169183,68535.273507549,11.1351038334294
"2164","52511910B12240276172675",3,40667.7395894769,122003.218768431,11.7118027067152
"2165","52511910B1240337598967",3,29955.3795445351,89866.1386336053,11.4060764935961
"2166","52511910B1281835166424",3,4389.20939385962,13167.6281815789,9.48551668600383
"2167","52511910B1289591480139",3,8456.53285061739,25369.5985518522,10.1413068287335
"2168","52511910B132067886793",2,23398.8615979271,46797.7231958542,10.7535898310611
"2169","52511910B13267113488931",3,14349.1467553127,43047.4402659381,10.670058048528
"2170","52511910B1345857498627",3,2222.89225837912,6668.67677513736,8.80517673469173
"2171","52511910B13500089926277",2,22674.251659372,45348.503318744,10.7221324521044
"2172","52511910B1376149917055",3,30143.6552367385,90430.9657102155,11.4123420287687
"2173","52511910B14295991899678",3,30392.5462679649,91177.6388038947,11.420564957445
"2174","52511910B1429973809191",2,18609.1272732357,37218.2545464714,10.5245546335155
"2175","52511910B1435450581762",3,2153.34257659972,6460.02772979916,8.773388889306
"2176","52511910B14571669428725",3,7305.42793259174,21916.2837977752,9.99498519191628
"2177","52511910B14763561478876",3,11989.3312627502,35967.9937882506,10.4903847605512
"2178","52511910B14816404731270",3,97887.390579186,293662.171737558,12.5901853099045
"2179","52511910B14944460308189",3,17781.1510407692,53343.4531223076,10.8845065335916
"2180","52511910B14985671444346",3,129047.469816572,387142.409449716,12.866547887397
"2181","52511910B15112316927565",3,41894.83217493,125684.49652479,11.7415300498578
"2182","52511910B15727969780764",2,72487.6147388278,144975.229477656,11.8843181756208
"2183","52511910B16211515353621",2,19350.6299031379,38701.2598062758,10.5636274316218
"2184","52511910B16548233454257",1,3581.39644312039,3581.39644312039,8.18350807124876
"2185","52511910B16992601244944",3,54764.2956001263,164292.886800379,12.009406009116
"2186","52511910B1724778943765",3,5174.02796511754,15522.0838953526,9.65001905633136
"2187","52511910B17356876538254",1,43599.5864067318,43599.5864067318,10.682802943208
"2188","52511910B17390178466990",3,10072.4358935571,30217.3076806713,10.3161701412117
"2189","52511910B17490321584859",3,121369.546739306,364108.640217918,12.8052075642251
"2190","52511910B17517272780410",3,236699.829908583,710099.489725749,13.473160365575
"2191","52511910B17799667237096",3,12121.667784327,36365.003352981,10.5013621447922
"2192","52511910B18270670997793",3,25205.0414764193,75615.1244292579,11.2334116007466
"2193","52511910B1854707671717",3,125307.114389155,375921.343167465,12.8371352067844
"2194","52511910B19191805182315",3,97925.3396479977,293776.018943993,12.5905729156464
"2195","52511910B19330386236783",3,37939.3801327527,113818.140398258,11.6423571939307
"2196","52511910B19407638162060",2,1882.57602094479,3765.15204188958,8.23354352239062
"2197","52511910B19586040436612",2,16233.5130184931,32467.0260369862,10.3879802698023
"2198","52511910B2005519933546",3,48381.9885964368,145145.96578931,11.8854951756756
"2199","52511910B2055603825455",3,47705.9565766898,143117.869730069,11.8714238335698
"2200","52511910B21046020325533",3,16010.9399732056,48032.8199196168,10.779639804566
"2201","52511910B21260910933226",2,19218.8793394755,38437.758678951,10.5567955543851
"2202","52511910B21407702399528",2,481698.853329537,963397.706659074,13.7782215927094
"2203","52511910B21548483035565",3,8731.50065792657,26194.5019737797,10.1733048193989
"2204","52511910B21980317252116",3,1764.47550028391,5293.42650085173,8.5742210468947
"2205","52511910B22102802824180",3,9574.87858910479,28724.6357673144,10.2655104226475
"2206","52511910B2226983620167",3,84428.847508616,253286.542525848,12.4422767059793
"2207","52511910B22297779295169",2,14053.5053608216,28107.0107216432,10.2437743160773
"2208","52511910B22417450396653",3,9973.39353280362,29920.1805984109,10.3062884681133
"2209","52511910B23437445078556",3,63466.4031136516,190399.209340955,12.1568782487097
"2210","52511910B24095937104675",2,9115.95121425792,18231.9024285158,9.81092821925016
"2211","52511910B24217315836254",3,20750.6660083653,62251.9980250959,11.0389459106006
"2212","52511910B2433100174245",2,89206.9442130771,178413.888426154,12.0918613460203
"2213","52511910B24338772487994",2,6574.52078640292,13149.0415728058,9.48410415075245
"2214","52511910B24425392494170",3,26441.0461816684,79323.1385450052,11.2812851499927
"2215","52511910B24462040337349",3,40465.6967921146,121397.090376344,11.7068221900744
"2216","52511910B24789968471650",2,250979.687873721,501959.375747442,13.1262744705934
"2217","52511910B24890266463781",3,109939.41399349,329818.24198047,12.7062969998292
"2218","52511910B24911018318465",3,77205.4326326115,231616.297897835,12.3528373930938
"2219","52511910B25870488928169",1,1336.55447150093,1336.55447150093,7.19785029157667
"2220","52511910B26024129556324",2,99573.9602851262,199147.920570252,12.2018031470301
"2221","52511910B26321075911025",3,108828.761802342,326486.285407026,12.6961432219375
"2222","52511910B26426295483490",2,42821.9299966989,85643.8599933978,11.3579528140069
"2223","52511910B26440140856632",3,91759.2827113377,275277.848134013,12.5255362234327
"2224","52511910B26517515062770",3,31877.6477942281,95632.9433826843,11.4682726357331
"2225","52511910B26605642536320",2,15253.3155458416,30506.6310916832,10.3256993518068
"2226","52511910B27035674370402",3,28018.934009295,84056.802027885,11.339248063913
"2227","52511910B27389223998758",3,104775.500625683,314326.501877049,12.6581875395524
"2228","52511910B27691000187918",2,124619.237265409,249238.474530818,12.4261654461564
"2229","52511910B27783301561641",1,1059.85159861453,1059.85159861453,6.96588417599797
"2230","52511910B27876515321702",3,46214.5457939602,138643.637381881,11.8396621602101
"2231","52511910B28036042271757",3,167645.74353244,502937.23059732,13.12822065123
"2232","52511910B28406755893597",2,6586.35829020405,13172.7165804081,9.48590304380883
"2233","52511910B28476693424992",3,67726.9661329517,203180.898398855,12.2218519863252
"2234","52511910B28710323112279",3,9097.13895722099,27291.416871663,10.2143275314335
"2235","52511910B29261340686380",2,6821.35199334666,13642.7039866933,9.52096015124425
"2236","52511910B29325635095698",2,259385.909154658,518771.818309316,13.159219409034
"2237","52511910B29818712056723",3,29632.6261870446,88897.8785611338,11.3952435580129
"2238","52511910B30663215399885",3,70018.9551920674,210056.865576202,12.2551335615011
"2239","52511910B30709967967550",2,119620.030914598,239240.061829196,12.3852227695985
"2240","52511910B30715783231624",3,30844.6346355702,92533.9039067106,11.4353303850665
"2241","52511910B30774246387934",3,24781.2943892024,74343.8831676072,11.2164566777252
"2242","52511910B30880402907345",3,40637.3882264116,121912.164679235,11.7110561027729
"2243","52511910B3088598520620",2,40975.3947053206,81950.7894106412,11.3138742169583
"2244","52511910B30921209280056",2,4644.64284406822,9289.28568813644,9.13661693844655
"2245","52511910B3092467574862",3,32320.1803987337,96960.5411962011,11.4820593829316
"2246","52511910B30977236715140",2,100792.411907969,201584.823815938,12.213965533655
"2247","52511910B31003231188752",3,23594.2567828283,70782.7703484849,11.167370893406
"2248","52511910B3118715998086",3,4695.32500319872,14085.9750095962,9.55293490117317
"2249","52511910B31268860247424",3,88271.3869295668,264814.1607887,12.4867835789138
"2250","52511910B31717620625581",2,24252.1771020744,48504.3542041488,10.789408850301
"2251","52511910B3173449865557",3,31361.4552751989,94084.3658255967,11.4519471675149
"2252","52511910B31970606922462",3,27382.6989182236,82148.0967546708,11.3162789552685
"2253","52511910B32484376841800",2,4157.53356802903,8315.06713605806,9.0258244656844
"2254","52511910B32855735947523",3,25871.0534723705,77613.1604171115,11.2594922847961
"2255","52511910B33100646615087",2,47870.5287958568,95741.0575917136,11.4694025093834
"2256","52511910B33929030594907",3,107793.545225589,323380.635676767,12.6865853470188
"2257","52511910B34768840903386",2,93971.099929235,187942.19985847,12.1438897469791
"2258","52511910B3516463668472",2,2358.82358894609,4717.64717789218,8.45906547503738
"2259","52511910B35262105049161",3,46496.5153683322,139489.546104997,11.8457449391201
"2260","52511910B3549258104854",2,17110.155063276,34220.310126552,10.4405746101331
"2261","52511910B3606287647189",2,15733.2506200743,31466.5012401486,10.356678806253
"2262","52511910B36399926613491",3,215505.145242168,646515.435726504,13.3793523527428
"2263","52511910B36549244443661",3,3247.02079326935,9741.06237980805,9.18410546459072
"2264","52511910B37391519791178",3,33998.3523843369,101995.057153011,11.532679631808
"2265","52511910B37639564414460",3,38943.2248739862,116829.674621959,11.6684723806518
"2266","52511910B37647459697968",3,22878.9125256008,68636.7375768024,11.1365832035568
"2267","52511910B37723179298847",3,6680.63683635145,20041.9105090544,9.90558088543788
"2268","52511910B38062779232785",2,3300.17942833096,6600.35885666192,8.7948792987579
"2269","52511910B38320737099141",3,9217.6610724283,27652.9832172849,10.2274888932566
"2270","52511910B38482668702502",3,227270.967056296,681812.901168888,13.4325105607259
"2271","52511910B39021201460320",3,65210.8193434755,195632.458030426,12.183992963667
"2272","52511910B39055948947966",3,4679.20916361928,14037.6274908578,9.54949668116808
"2273","52511910B39647585180353",3,67333.6620376327,202000.986112898,12.2160278581184
"2274","52511910B398222474379",2,2289.24581550073,4578.49163100146,8.4291248846552
"2275","52511910B3988585053627",3,1161.91698352637,3485.75095057911,8.15643878077942
"2276","52511910B39925062868722",3,28153.4731910828,84460.4195732484,11.3440382961911
"2277","52511910B4018321552262",3,20017.7159419981,60053.1478259943,11.0029852462174
"2278","52511910B4023851996912",3,12114.4662983517,36343.3988950551,10.5007678679852
"2279","52511910B40379944508344",3,23403.0797612673,70209.2392838019,11.1592351950829
"2280","52511910B40704082736400",3,112215.773470456,336647.320411368,12.7267911343736
"2281","52511910B40762326804108",3,19202.7063016368,57608.1189049104,10.9614187899613
"2282","52511910B40907976300093",2,121144.891065969,242289.782131938,12.3978897355974
"2283","52511910B40932238962124",2,1923.08396076091,3846.16792152182,8.25483258653772
"2284","52511910B41349980343036",3,39423.8540379731,118271.562113919,11.6807386331897
"2285","52511910B41569626445575",3,42131.9484562607,126395.845368782,11.7471738912368
"2286","52511910B41832053670190",2,64111.7320434589,128223.464086918,11.7615298339203
"2287","52511910B41847670787440",3,1380.22916548364,4140.68749645092,8.32861711497727
"2288","52511910B41918855057041",3,59545.4425831259,178636.327749378,12.093107329593
"2289","52511910B42295955196197",2,25814.0561740894,51628.1123481788,10.8518216160622
"2290","52511910B42739382471676",3,57723.5698524761,173170.709557428,12.0620331473994
"2291","52511910B42807411813200",3,9976.56282088984,29929.6884626695,10.3066061919275
"2292","52511910B43288181316884",3,55293.1533277273,165879.459983182,12.0190166588883
"2293","52511910B43412485397625",3,48525.662076435,145576.986229305,11.8884603406398
"2294","52511910B43880613502989",2,27510.2227840517,55020.4455681034,10.9154601327392
"2295","52511910B44183742195819",3,177149.626958575,531448.880875725,13.1833622931654
"2296","52511910B44653158831279",3,69382.6450296529,208147.935088959,12.2460043322711
"2297","52511910B45067846009416",3,294326.607590772,882979.822772316,13.6910576285575
"2298","52511910B45111644423638",2,157775.880056715,315551.76011343,12.6620780049193
"2299","52511910B45186727587827",3,126730.997303782,380192.991911346,12.8484342762294
"2300","52511910B45758904415578",3,45202.8592591047,135608.577777314,11.8175279104325
"2301","52511910B46327040282414",2,162253.786652534,324507.573305068,12.6900641532363
"2302","52511910B46580896438278",3,21633.3651688773,64900.0955066319,11.0806043742879
"2303","52511910B46875128491",3,135345.593833041,406036.781499123,12.9141990293058
"2304","52511910B47006759189229",3,43474.9377445307,130424.813233592,11.7785521959064
"2305","52511910B47108576517123",1,31813.0822319821,31813.0822319821,10.367632875113
"2306","52511910B47117449404442",2,10990.160711773,21980.321423546,9.99790285130592
"2307","52511910B47244734334087",1,6583.44069448367,6583.44069448367,8.79231278955102
"2308","52511910B47715712995546",3,101125.580459109,303376.741377327,12.6227306830283
"2309","52511910B47928826922149",1,1501.92629153114,1501.92629153114,7.31450375757209
"2310","52511910B4802898208422",3,21366.1950590526,64098.5851771578,11.0681775705459
"2311","52511910B48556697809502",3,28579.8874164311,85739.6622492933,11.3590708009011
"2312","52511910B4874504546565",2,218263.424874087,436526.849748174,12.9866051638206
"2313","52511910B48822656668811",3,4908.27904373464,14724.8371312039,9.59729094775939
"2314","52511910B49041277824691",2,2065.89448362004,4131.78896724008,8.32646575614729
"2315","52511910B49192689587509",1,7879.81930136092,7879.81930136092,8.97206025128962
"2316","52511910B49246730473855",2,49346.9306141073,98693.8612282146,11.499778027218
"2317","52511910B49284203349487",3,27561.9448546703,82685.8345640109,11.3228035793273
"2318","52511910B49336497562900",2,99068.4970623258,198136.994124652,12.1967139599499
"2319","52511910B49397347460294",3,19231.3796841251,57694.1390523753,10.9629108711216
"2320","52511910B4946947315760",3,88582.0985106165,265746.29553185,12.4902973564338
"2321","52511910B49492134849249",3,59429.2987011,178287.8961033,12.0911549165402
"2322","52511910B49637011657057",3,37347.8097712963,112043.429313889,11.6266418368482
"2323","52511910B4969786063416",3,11419.0465625011,34257.1396875033,10.4416502799953
"2324","52511910B49699122775209",3,12410.2036807617,37230.6110422851,10.524886579364
"2325","52511910B49735999236113",3,7769.89636680506,23309.6891004152,10.0566243943353
"2326","52511910B50234287801955",3,27110.1292701944,81330.3878105832,11.3062749995078
"2327","52511910B50474008293669",3,160985.720924141,482957.162772423,13.0876832387894
"2328","52511910B50770239456778",3,26574.7994493799,79724.3983481397,11.2863309452601
"2329","52511910B51634678228857",3,158309.893611116,474929.680833348,13.0709220317069
"2330","52511910B51671938708352",3,5242.77743707949,15728.3323112385,9.66321897080301
"2331","52511910B5173446134858",3,28225.84169627,84677.52508881,11.3466054981898
"2332","52511910B52040400722593",3,37849.2622067787,113547.786620336,11.6399790547883
"2333","52511910B52167757698823",2,35530.494444264,71060.988888528,11.1712937857254
"2334","52511910B52234359951443",3,38652.2864570491,115956.859371147,11.6609734989429
"2335","52511910B52477730632252",3,28100.7769040839,84302.3307122517,11.3421647914399
"2336","52511910B53055897182204",3,14254.3239989521,42762.9719968563,10.6634278668597
"2337","52511910B53218930904512",3,3252.80930954456,9758.42792863368,9.18588659354761
"2338","52511910B53442502489936",2,170165.402309465,340330.80461893,12.7376733783402
"2339","52511910B53659520741831",3,59283.4042368393,177850.212710518,12.0886969733867
"2340","52511910B53728166380969",3,19436.2300673207,58308.6902019621,10.9735064212982
"2341","52511910B54123288304078",3,21989.4243157883,65968.2729473649,11.0969291925104
"2342","52511910B54132966107148",3,52045.1859120695,156135.557736208,11.9584798687521
"2343","52511910B54429610497624",3,155360.350784361,466081.052353083,13.0521148300715
"2344","52511910B54492038659997",3,25270.4473605095,75811.3420815285,11.2360031921192
"2345","52511910B54544949915679",3,123207.350490943,369622.051472829,12.8202362800457
"2346","52511910B54921877123299",2,16816.5043166032,33633.0086332064,10.4232632635102
"2347","52511910B55440888068193",3,4940.21251495592,14820.6375448678,9.60377591714662
"2348","52511910B55503333028627",2,34713.086305289,69426.172610578,11.148019202354
"2349","52511910B55551570232595",3,58923.855480165,176771.566440495,12.0826135929519
"2350","52511910B55567443002533",3,6247.88163943246,18743.6449182974,9.83861003625539
"2351","52511910B55591891530874",3,14928.0974795843,44784.2924387529,10.7096127417168
"2352","52511910B558444185686",3,65865.1956078291,197595.586823487,12.1939777301573
"2353","52511910B56209015841977",3,138127.54572813,414382.63718439,12.9345450703633
"2354","52511910B56958480946992",3,80750.0606387298,242250.181916189,12.3977262806968
"2355","52511910B57035161982504",2,156702.118620502,313404.237241004,12.6552491290456
"2356","52511910B57239711193520",3,37839.2414259859,113517.724277958,11.639714264751
"2357","52511910B57344020400583",2,332542.786493727,665085.572987454,13.4076709925434
"2358","52511910B57885575775117",3,168593.851044645,505781.553133935,13.1338601418806
"2359","52511910B57972476709593",2,14210.2617083454,28420.5234166908,10.2548668186768
"2360","52511910B58011485138839",3,3944.18943337619,11832.5683001286,9.37861103401209
"2361","52511910B5845387986633",3,6236.30784235478,18708.9235270643,9.83675588298251
"2362","52511910B58943778362560",3,13810.0310838607,41430.0932515821,10.6317627858916
"2363","52511910B59176200579981",2,28522.6013515171,57045.2027030342,10.9515992624124
"2364","52511910B59203276225690",3,5174.98222959064,15524.9466887719,9.65020347290026
"2365","52511910B59245920767717",3,11483.6184019426,34450.8552058278,10.447289100686
"2366","52511910B59360103371589",3,8436.03086087298,25308.0925826189,10.1388794884954
"2367","52511910B59553354826271",3,10822.175285002,32466.525855006,10.3879648638383
"2368","52511910B59671861776280",3,10711.5968247062,32134.7904741186,10.3776945376073
"2369","52511910B59824272814460",3,66173.6422045503,198520.926613651,12.198649797299
"2370","52511910B60061263127196",3,32918.8487041355,98756.5461124065,11.5004129703122
"2371","52511910B60889717547120",2,203891.730510846,407783.461021692,12.9184915797078
"2372","52511910B61192023784720",3,18206.4524411007,54619.3573233021,10.908143628633
"2373","52511910B61439489120441",3,48471.670692045,145415.012076135,11.8873470854929
"2374","52511910B6162382764157",3,177220.047265076,531660.141795228,13.1837597329722
"2375","52511910B61676244874246",2,24066.8432901939,48133.6865803878,10.7817375556735
"2376","52511910B61790844495814",3,27886.1328477921,83658.3985433763,11.3344971023719
"2377","52511910B62200479590982",3,5763.72285803437,17291.1685741031,9.75795116309694
"2378","52511910B62500214534323",3,101.902532641888,305.707597925664,5.72262908277721
"2379","52511910B62556379472396",2,4651.40913476191,9302.81826952382,9.13807267296782
"2380","52511910B62562257240113",3,100765.964429622,302297.893288866,12.6191682118014
"2381","52511910B62922031863482",2,4746.35520972028,9492.71041944056,9.15827945877527
"2382","52511910B63167976390159",3,13799.0491395256,41397.1474185768,10.6309672545066
"2383","52511910B63672424305930",3,17666.3765555515,52999.1296666545,10.8780307710155
"2384","52511910B63745543652662",2,53639.6079075665,107279.215815133,11.5831902082265
"2385","52511910B6389603869041",2,388321.649350038,776643.298700076,13.5627364489105
"2386","52511910B648094459248",3,54016.4437101557,162049.331130467,11.9956560810108
"2387","52511910B65003852157868",3,11836.340923073,35509.022769219,10.4775421056829
"2388","52511910B65196754917234",3,69553.6151606645,208660.845481994,12.2484654639738
"2389","52511910B65674101735888",3,29761.0576714858,89283.1730144574,11.3995683170201
"2390","52511910B65736953470193",3,15121.2663652814,45363.7990958442,10.722469689212
"2391","52511910B66300742055958",3,8855.01733063638,26565.0519919091,10.1873517960414
"2392","52511910B66393591343605",3,22201.6128049091,66604.8384147273,11.1065325027595
"2393","52511910B66525116512935",3,26242.5780363924,78727.7341091772,11.2737507752382
"2394","52511910B66692058551395",3,93527.0078514389,280581.023554317,12.5446178162607
"2395","52511910B67044835484249",3,31013.5904114457,93040.7712343371,11.4407930764352
"2396","52511910B67072521171420",3,3887.31465397827,11661.9439619348,9.36408616658575
"2397","52511910B67244265985329",2,56368.7628104759,112737.525620952,11.632817613736
"2398","52511910B67503722299641",3,125215.402435036,375646.207305108,12.8364030413936
"2399","52511910B67569609565838",3,82390.8839085778,247172.651725733,12.417842366268
"2400","52511910B67622492960002",3,23085.3974523516,69256.1923570548,11.1455678403703
"2401","52511910B68145786967648",2,74533.0762329449,149066.15246589,11.9121454626804
"2402","52511910B68305869820707",3,39208.6019484807,117625.805845442,11.675263727835
"2403","52511910B68505135665197",2,314150.793643719,628301.587287438,13.3507755647088
"2404","52511910B68559401871490",2,114300.45764686,228600.91529372,12.3397330342444
"2405","52511910B68600157990452",2,11128.5107606125,22257.021521225,10.010412811799
"2406","52511910B68602378722707",3,76948.1622582015,230844.486774604,12.3494995453654
"2407","52511910B69050472249631",3,17073.118647466,51219.355942398,10.8438727853363
"2408","52511910B69477070610060",3,3853.06332595382,11559.1899778615,9.35523606865202
"2409","52511910B70153095650041",3,4176.50259987295,12529.5077996188,9.43584176536428
"2410","52511910B70290379794397",2,43528.4678484428,87056.9356968856,11.3743176168862
"2411","52511910B70456030054544",3,1462.28460613821,4386.85381841463,8.38636757907346
"2412","52511910B70473175587181",2,5091.95853909627,10183.9170781925,9.2285649978428
"2413","52511910B70638918104863",3,18910.3231350564,56730.9694051692,10.9460755382262
"2414","52511910B71032150875325",3,12347.7078761603,37043.1236284809,10.5198380164269
"2415","52511910B71538284073489",3,3560.3659813018,10681.0979439054,9.2762309109667
"2416","52511910B71690687423925",3,20875.4019795761,62626.2059387283,11.0449390947084
"2417","52511910B72557613719767",2,310513.482404717,621026.964809434,13.3391297815662
"2418","52511910B73336698759549",3,30497.5454877139,91492.6364631417,11.4240137722126
"2419","52511910B75183314272458",3,27298.6643170799,81895.9929512397,11.31320534253
"2420","52511910B75402986028359",2,62348.426827987,124696.853655974,11.7336409000425
"2421","52511910B76288634877329",3,52212.6168502006,156637.850550602,11.9616917354447
"2422","52511910B76622709081814",3,1955.60551633,5866.81654899,8.67706744015508
"2423","52511910B76643025216805",3,218818.524313252,656455.572939756,13.3946102978376
"2424","52511910B76864499188928",3,4838.14470673889,14514.4341202167,9.58289888983701
"2425","52511910B77222989775801",2,4154.49463780824,8308.98927561648,9.0250932529693
"2426","52511910B77517078586613",3,70910.6857001117,212732.057100335,12.2677887049252
"2427","52511910B77588417233313",3,31660.410597279,94981.231791837,11.4614345909792
"2428","52511910B7774942695724",3,22588.2062480152,67764.6187440456,11.1237954902858
"2429","52511910B78140930961679",3,2796.60420659788,8389.81261979364,9.03477346545662
"2430","52511910B78362812420952",3,227368.622471916,682105.867415748,13.4329401555934
"2431","52511910B78382154896940",2,2040.68480121188,4081.36960242376,8.31418789793655
"2432","52511910B7838707993704",3,22517.6716323861,67553.0148971583,11.1206679744746
"2433","52511910B78526013910080",1,10113.6498660949,10113.6498660949,9.22164126230378
"2434","52511910B78624558885304",2,70334.5240545352,140669.04810907,11.8541652338921
"2435","52511910B79023193352255",3,33769.1000546148,101307.300163844,11.5259137524363
"2436","52511910B79239618011253",2,132306.941408709,264613.882817418,12.4860269964726
"2437","52511910B79351211043156",3,69898.2277146634,209694.68314399,12.2534078619858
"2438","52511910B79904820365756",3,29299.5329371118,87898.5988113354,11.3839391428333
"2439","52511910B79940153361499",3,15373.1508520596,46119.4525561788,10.7389901043251
"2440","52511910B80020209032330",3,43144.1831953787,129432.549586136,11.7709151718142
"2441","52511910B80553421723016",3,70414.7770939113,211244.331281734,12.2607707106901
"2442","52511910B80611967822771",3,30403.3286573905,91209.9859721715,11.4209196653771
"2443","52511910B80613047181881",3,13438.7243282969,40316.1729848907,10.6045079821911
"2444","52511910B80624224978544",1,12618.9887813301,12618.9887813301,9.44295800462249
"2445","52511910B81270804246754",3,30283.3343664487,90850.0030993461,11.4169651079393
"2446","52511910B81672195550340",3,99897.7786204735,299693.33586142,12.6105150170262
"2447","52511910B81807770672257",2,377210.916042069,754421.832084138,13.5337069495488
"2448","52511910B81868017791126",3,14256.3314823687,42768.9944471061,10.6635686902386
"2449","52511910B82181877276071",3,27905.6538912862,83716.9616738586,11.3351968843803
"2450","52511910B82353065981408",2,10694.7768629476,21389.5537258952,9.97065793817929
"2451","52511910B82588790657213",3,13951.3105009776,41853.9315029328,10.6419410142277
"2452","52511910B82760897224923",3,21753.3525350511,65260.0576051533,11.0861354528492
"2453","52511910B83187520966287",3,75797.4137602686,227392.241280806,12.3344317404588
"2454","52511910B83254623159264",3,64654.922885577,193964.768656731,12.1754318166911
"2455","52511910B83654747413473",3,68720.531488681,206161.594466043,12.2364155794157
"2456","52511910B8366046265197",3,1164.23847477958,3492.71542433874,8.15843477121562
"2457","52511910B83755823779571",2,26811.3878865682,53622.7757731364,10.8897291779461
"2458","52511910B84130893113897",2,162508.39407143,325016.78814286,12.6916321158019
"2459","52511910B84254778922177",2,3098.5014328998,6197.0028657996,8.73182104541151
"2460","52511910B8433520860340",3,9848.0135737325,29544.0407211975,10.2936373348552
"2461","52511910B8555120582575",3,81684.0348426296,245052.104527889,12.4092261384579
"2462","52511910B85663060935330",3,42401.9438710376,127205.831613113,11.7535617748523
"2463","52511910B85672644454395",2,204762.370330844,409524.740661688,12.9227525972065
"2464","52511910B8569683364670",3,93874.3764575506,281623.129372652,12.5483250354494
"2465","52511910B85706759339541",2,27314.0343054365,54628.068610873,10.9083031067628
"2466","52511910B86399036189677",2,25113.5866744891,50227.1733489782,10.8243114610013
"2467","52511910B8640641883305",3,13360.3214260327,40080.9642780981,10.5986567943041
"2468","52511910B86463604693023",2,23300.7497980345,46601.499596069,10.7493879997691
"2469","52511910B86635109020715",3,9517.88889509512,28553.6666852854,10.2595406371454
"2470","52511910B86664130512952",1,4580.18198210374,4580.18198210374,8.42949401040264
"2471","52511910B86675185737242",2,110009.079719653,220018.159439306,12.301465364834
"2472","52511910B86901151057582",3,35354.7648874817,106064.294662445,11.5718007426343
"2473","52511910B8694284014765",2,27157.3291547611,54314.6583095222,10.9025494199436
"2474","52511910B87526029786391",3,10335.0967264583,31005.2901793749,10.3419131198556
"2475","52511910B87738681480797",3,2230.28197706327,6690.84593118981,8.80849559224209
"2476","52511910B88737921309662",3,186097.218077848,558291.654233544,13.2326367826529
"2477","52511910B89393531563013",3,105318.079208606,315954.237625818,12.6633526644421
"2478","52511910B89557374460695",3,2262.2441900526,6786.7325701578,8.82272489267972
"2479","52511910B90052363141845",3,8235.65614866499,24706.968445995,10.1148406061464
"2480","52511910B9027234137610",2,26458.3945644899,52916.7891289798,10.8764759423326
"2481","52511910B9049907467318",2,2779.97783197813,5559.95566395626,8.62334541310425
"2482","52511910B90712224530022",3,84445.0784412082,253335.235323625,12.4424689314226
"2483","52511910B90795941917739",2,9640.77946370516,19281.5589274103,9.86690442212659
"2484","52511910B90991611037176",2,2382.12394999579,4764.24789999158,8.46889496522371
"2485","52511910B91175598455743",2,20289.9925097729,40579.9850195458,10.6110302442212
"2486","52511910B91354507826004",3,176733.171337106,530199.514011318,13.1810086562228
"2487","52511910B92065650444302",2,71114.0917385776,142228.183477155,11.8651879727549
"2488","52511910B92188863099631",3,53925.0455453945,161775.136636184,11.9939626045314
"2489","52511910B92709587856848",3,40794.8236162185,122384.470848656,11.7149227688599
"2490","52511910B92990516943265",3,52039.7607769747,156119.282330924,11.9583756243773
"2491","52511910B93540688501820",3,55200.8360404795,165602.508121438,12.0173456664795
"2492","52511910B93844416805291",3,32511.2056231336,97533.6168694008,11.4879523859642
"2493","52511910B93975188491166",2,7919.08866895378,15838.1773379076,9.6701785916964
"2494","52511910B94067910328765",3,33553.8915245644,100661.674573693,11.5195204161317
"2495","52511910B94409074074623",3,10375.9554240424,31127.8662721272,10.3458587185914
"2496","52511910B94458762678017",2,31114.2206665634,62228.4413331268,11.0385674303771
"2497","52511910B94488542881377",3,35685.1645568035,107055.49367041,11.5811026114345
"2498","52511910B94627775761425",2,43574.354157852,87148.708315704,11.3753712294465
"2499","52511910B94675128167590",2,164622.931633352,329245.863266704,12.7045600554164
"2500","52511910B95098417504855",2,24046.7917518391,48093.5835036782,10.7809040481035
"2501","52511910B95362195406961",3,68338.3845148587,205015.153544576,12.2308391751183
"2502","52511910B95398494564210",3,24724.99687272,74174.99061816,11.2141823186765
"2503","52511910B954183777842",3,99848.3411836169,299545.023550851,12.6100200142906
"2504","52511910B95850947838113",3,40264.7791877176,120794.337563153,11.701844688907
"2505","52511910B95876228816034",2,17283.3110427237,34566.6220854474,10.4506438158316
"2506","52511910B95956240331763",3,58092.7451296146,174278.235388844,12.06840835503
"2507","52511910B96063333949316",3,26610.3771804497,79831.1315413491,11.2876688269268
"2508","52511910B96194264601254",3,183657.108753003,550971.326259009,13.2194380473236
"2509","52511910B96314718972571",3,6299.91440428927,18899.7432128678,9.84690361433468
"2510","52511910B9639721186799",3,18673.810767684,56021.432303052,10.9334896161961
"2511","52511910B96811995525646",1,7496.19199495211,7496.19199495211,8.92215043657746
"2512","52511910B97040583536387",2,275788.704799542,551577.409599084,13.2205374697463
"2513","52511910B97060806511909",3,14295.1167957495,42885.3503872485,10.6662855637829
"2514","52511910B97228601381981",2,97704.7157297897,195409.431459579,12.1828522848752
"2515","52511910B97258167764484",3,148244.328299113,444732.984897339,13.0052293471174
"2516","52511910B97596648855860",3,14171.8938446606,42515.6815339818,10.6576282641273
"2517","52511910B98030585757527",2,214074.253934224,428148.507868448,12.967225395381
"2518","52511910B98629971413037",3,94367.6924489774,283103.077346932,12.5535663412173
"2519","52511910B98838605252897",2,83338.1612230003,166676.322446001,12.0238090217341
"2520","52511910B98966812491458",3,11121.8897494041,33365.6692482123,10.4152827835274
"2521","52511910B99182661436347",3,15219.8839780005,45659.6519340015,10.7289702970587
"2522","52511910B99479800826846",3,28714.6327538819,86143.8982616457,11.3637744125371
"2523","52511910B99923381863543",3,269461.815934327,808385.447802981,13.6027942631163
"2524","54806243B16467343540184",1,93429.2609820609,93429.2609820609,11.4449598618987
"2525","54806243B19210763437500",1,21099.0739430121,21099.0739430121,9.95698442954424
"2526","54806243B19850954629179",1,55477.6335892444,55477.6335892444,10.9237352201169
"2527","54806243B2404656271674",1,15816.870392236,15816.870392236,9.66883239572343
"2528","54806243B24736520064001",1,5514.28074289408,5514.28074289408,8.6150965048495
"2529","54806243B26229872021267",1,13464.888827562,13464.888827562,9.50784074881072
"2530","54806243B28884115571756",1,35569.3914123615,35569.3914123615,10.4792407552196
"2531","54806243B31598332414602",1,19572.338475482,19572.338475482,9.88187254612224
"2532","54806243B32132961433294",1,11687.7230003682,11687.7230003682,9.36629425366032
"2533","54806243B36605497856689",1,16405.9647976462,16405.9647976462,9.70540025486042
"2534","54806243B37030800305867",1,36154.7927907384,36154.7927907384,10.4955647994555
"2535","54806243B37917799339304",1,30948.134615893,30948.134615893,10.3400680054044
"2536","54806243B38020110154971",1,31756.6081548934,31756.6081548934,10.3658561135274
"2537","54806243B38161899142036",1,10659.3850186062,10659.3850186062,9.2741960054934
"2538","54806243B39354451969384",1,28483.4165506048,28483.4165506048,10.2570773214842
"2539","54806243B39902865855878",1,13238.2291755155,13238.2291755155,9.49086407247308
"2540","54806243B40513758321567",1,7779.8757933604,7779.8757933604,8.9592956521813
"2541","54806243B45153092091690",1,54746.1143484563,54746.1143484563,10.9104616743557
"2542","54806243B45246983413139",1,18855.0048339784,18855.0048339784,9.8445336660689
"2543","54806243B47827681100424",1,16937.0385017766,16937.0385017766,9.73725813012327
"2544","54806243B53814291483739",1,60582.1011393411,60582.1011393411,11.0117547676929
"2545","54806243B58411592743301",1,63505.9708329364,63505.9708329364,11.0588892093255
"2546","54806243B62258390491570",1,12082.380195921,12082.380195921,9.39950348816592
"2547","54806243B62960887748037",1,78364.9055286762,78364.9055286762,11.2691314725579
"2548","54806243B63933200485588",1,58465.0923689341,58465.0923689341,10.9761851434745
"2549","54806243B69886470699230",1,46573.085862473,46573.085862473,10.7487780966644
"2550","54806243B70207385851148",1,17331.7196977655,17331.7196977655,9.76029361020222
"2551","54806243B75063146976266",1,44642.8350424014,44642.8350424014,10.7064491040529
"2552","54806243B75308999712701",1,18825.5239656026,18825.5239656026,9.8429688857789
"2553","54806243B76096525034044",1,85725.6883779392,85725.6883779392,11.3589078073711
"2554","54806243B76472997498531",1,39519.8718243863,39519.8718243863,10.5845589085465
"2555","54806243B7670424419028",1,17582.471778027,17582.471778027,9.7746577630637
"2556","54806243B76912612814401",1,46885.5964721584,46885.5964721584,10.7554657957981
"2557","54806243B77256668678203",1,22043.8475621463,22043.8475621463,10.0007888198162
"2558","54806243B78730192124512",1,24499.9561180445,24499.9561180445,10.106426605431
"2559","54806243B78936618260326",1,67573.2799837647,67573.2799837647,11.1209679173803
"2560","54806243B82377713639337",2,26681.1990187304,53362.3980374608,10.8848616203117
"2561","54806243B83345748269493",1,34774.2987359141,34774.2987359141,10.4566338508346
"2562","54806243B86213796006306",1,13723.1630184834,13723.1630184834,9.52684041541524
"2563","54806243B87134843513913",1,13368.2552709917,13368.2552709917,9.50063816576853
"2564","54806243B89658590845208",1,39203.4371175411,39203.4371175411,10.5765197035047
"2565","54806243B973390148812",1,39289.1741350033,39289.1741350033,10.5787042926066
"2566","74100532B19516932260818",1,5514.96500283625,5514.96500283625,8.61522058585355
"2567","74100532B3675352926720",1,4138.67232656924,4138.67232656924,8.32813032132062
"2568","74100532B52002127383103",1,3193.51279842962,3193.51279842962,8.06887678064341
"2569","74100532B54294973205276",1,NA,NA,NA
"2570","74100532B54588500691901",1,35337.165086614,35337.165086614,10.4726905243938
"2571","74100532B56248932917605",1,1705.18877091291,1705.18877091291,7.441431099667
"2572","74100532B88993889644511",1,5358.29162026785,5358.29162026785,8.58640047569845
"2573","74100532B93709990123087",1,7783.55504317693,7783.55504317693,8.95976845922798
"2574","76128533B19792346411952",1,3635046.18980959,3635046.18980959,15.1061323758318
"2575","76128533B24594618908349",1,900657.538402473,900657.538402473,13.7108803737745
"2576","76128533B28290181894983",1,632684.393684475,632684.393684475,13.3577269886137
"2577","76128533B30246762498957",1,1087618.86793148,1087618.86793148,13.8995013398168
"2578","76128533B34824326075805",1,898732.819845702,898732.819845702,13.7087410722249
"2579","76128533B36958871695926",1,875063.336553307,875063.336553307,13.6820515473525
"2580","76128533B4481773749911",1,3913324.07218729,3913324.07218729,15.1798977171313
"2581","76128533B53018054761164",1,509371.687450003,509371.687450003,13.1409332597905
"2582","76128533B53373614632193",1,693852.142139612,693852.142139612,13.4500141651182
"2583","76128533B55622097933343",1,2474275.84479359,2474275.84479359,14.7214583232105
"2584","76128533B58104976570569",1,886486.077251883,886486.077251883,13.6950206990734
"2585","76128533B60322704115131",1,329145.041996244,329145.041996244,12.70425378973
"2586","76128533B63833971372360",1,602766.2657072,602766.2657072,13.3092847815063
"2587","76128533B72541188260561",1,4253083.88579733,4253083.88579733,15.2631548979532
"2588","76128533B84398038505400",1,228213.607102266,228213.607102266,12.3380373426003
"2589","76128533B8892495882090",1,1430802.64210875,1430802.64210875,14.1737461329607
"2590","76128533B8930157583904",1,531812.939655314,531812.939655314,13.1840470893027
"2591","76128533B95075104846315",1,2859991.60187681,2859991.60187681,14.866329246385
"2592","76128533B96571577519224",1,1195096.2457349,1195096.2457349,13.9937372804685
"2593","77969171B80728608262829",1,NA,NA,NA
"2594","78962969B11605835659379",1,44910.3576190481,44910.3576190481,10.7124237290661
"2595","78962969B13361717862760",1,110996.050201564,110996.050201564,11.6172498958917
"2596","78962969B14140185659984",1,59909.5001817421,59909.5001817421,11.0005903722246
"2597","78962969B15613866978457",1,14498.9945355263,14498.9945355263,9.58183458362688
"2598","78962969B15954858222696",1,27617.977260228,27617.977260228,10.2262221896772
"2599","78962969B17101559907344",1,139626.19457955,139626.19457955,11.8467240919628
"2600","78962969B17401881155721",1,37590.8628792799,37590.8628792799,10.5345162913168
"2601","78962969B18932454885431",1,74432.3472939492,74432.3472939492,11.21764590179
"2602","78962969B22410583469431",1,28977.0774091503,28977.0774091503,10.2742603622436
"2603","78962969B22667703415616",1,57909.733956329,57909.733956329,10.9666407661207
"2604","78962969B23223373784889",1,73606.1315953319,73606.1315953319,11.2064836109661
"2605","78962969B2501060362083",1,47635.2594312745,47635.2594312745,10.7713285103583
"2606","78962969B25029845772948",1,167596.281141475,167596.281141475,12.0293132778906
"2607","78962969B28674959070038",1,50874.0970457215,50874.0970457215,10.8371091741003
"2608","78962969B31746602904448",1,15996.1932433796,15996.1932433796,9.68010605062515
"2609","78962969B32872774308874",1,43542.7630778221,43542.7630778221,10.6814987934507
"2610","78962969B32881438495472",1,91154.9087264161,91154.9087264161,11.4203156319362
"2611","78962969B35250175896926",1,104925.29952271,104925.29952271,11.561003942834
"2612","78962969B36388809671077",1,33945.8657084472,33945.8657084472,10.432522349679
"2613","78962969B37195167988634",1,211926.141708122,211926.141708122,12.2639931047837
"2614","78962969B38072300244645",1,42423.5906259422,42423.5906259422,10.6554598691839
"2615","78962969B39562479301608",1,78592.6077157538,78592.6077157538,11.2720329245765
"2616","78962969B40575496973623",1,133796.207350282,133796.207350282,11.8040730806115
"2617","78962969B41477512763413",1,59212.6604766574,59212.6604766574,10.9888906574104
"2618","78962969B45700319590301",1,15328.4220517027,15328.4220517027,9.6374640345199
"2619","78962969B47302686470604",1,17678.5122512083,17678.5122512083,9.78010518396362
"2620","78962969B4789393991708",1,84772.4350703389,84772.4350703389,11.3477257108044
"2621","78962969B490988164886",1,79948.9218681964,79948.9218681964,11.2891432330955
"2622","78962969B49336844859905",1,67671.2014191963,67671.2014191963,11.1224159831576
"2623","78962969B51412577639732",1,118784.695075996,118784.695075996,11.6850678482848
"2624","78962969B52951901004479",1,124690.33700556,124690.33700556,11.7335886387343
"2625","78962969B53080362722064",1,92233.0047364759,92233.0047364759,11.4320733144313
"2626","78962969B54010161704756",1,16791.9376089858,16791.9376089858,9.72865414597343
"2627","78962969B58196939194054",1,94047.1002580635,94047.1002580635,11.4515510023353
"2628","78962969B62467270664056",1,18577.4614169258,18577.4614169258,9.8297043731583
"2629","78962969B64071020381099",1,73369.8667160196,73369.8667160196,11.2032685951059
"2630","78962969B64295862325828",1,49675.7326789109,49675.7326789109,10.8132718167609
"2631","78962969B66355346971085",1,92401.5328658905,92401.5328658905,11.4338988469499
"2632","78962969B67652065328847",1,29419.1213406013,29419.1213406013,10.2894001276524
"2633","78962969B68603960000153",1,61582.9364274287,61582.9364274287,11.0281401051001
"2634","78962969B73602858262126",1,14633.047015054,14633.047015054,9.5910377440343
"2635","78962969B75558951633427",1,27500.3333711738,27500.3333711738,10.2219534061693
"2636","78962969B77162965817779",1,65737.4840184879,65737.4840184879,11.0934245747865
"2637","78962969B77230188112326",1,59373.817208495,59373.817208495,10.9916086204395
"2638","78962969B79910801110812",1,26318.8456561467,26318.8456561467,10.1780405264283
"2639","78962969B81717267751176",1,37991.9142402063,37991.9142402063,10.5451286329145
"2640","78962969B83463915016953",1,73623.9796713723,73623.9796713723,11.2067260624045
"2641","78962969B87350252424765",1,15281.0617819991,15281.0617819991,9.63436954865703
"2642","78962969B89578186205363",1,68361.2337159064,68361.2337159064,11.1325611844029
"2643","78962969B89728183001998",1,9701.23967574502,9701.23967574502,9.18000895794874
"2644","78962969B89858575119676",1,41730.3999554754,41730.3999554754,10.6389851579028
"2645","78962969B8993470391858",1,61184.4768098914,61184.4768098914,11.0216487894294
"2646","78962969B91655555555249",1,104359.765447565,104359.765447565,11.5555994917162
"2647","78962969B93131496494320",1,57926.230713908,57926.230713908,10.9669255957543
"2648","78962969B93773491047037",1,57322.164272403,57322.164272403,10.9564426389474
"2649","78962969B94983517253563",1,13447.4544500169,13447.4544500169,9.50654510689622
"2650","78962969B97368388626717",1,41383.9479085506,41383.9479085506,10.6306483529485
"2651","78962969B97466858782755",1,10897.090059986,10897.090059986,9.29625106560145
"2652","78962969B97829088345215",1,43327.780019675,43327.780019675,10.6765492791651
"2653","78962969B97836103025475",1,38957.4671559767,38957.4671559767,10.5702257442462
"2654","78962969B9845696572141",1,58630.1275828875,58630.1275828875,10.9790039660242
"2655","79324940B20321408060420",1,1515.40346136689,1515.40346136689,7.32343699362221
"2656","79324940B26279629748947",1,241.521265921183,241.521265921183,5.48695752686043
"2657","79324940B30441549583849",1,902.997565659396,902.997565659396,6.80571985757658
"2658","79324940B39467357025683",1,13951.2954729361,13951.2954729361,9.54332764838123
"2659","79324940B4028665083072",1,117.680413509756,117.680413509756,4.76797259013606
"2660","79324940B51603968819213",1,NA,NA,NA
"2661","79324940B54997452530027",1,5947.9110779652,5947.9110779652,8.69079535756332
"2662","79324940B58732194011753",1,NA,NA,NA
"2663","79324940B58883222100719",1,2403.47073402517,2403.47073402517,7.78466911086095
"2664","79324940B63649844160089",1,NA,NA,NA
"2665","79324940B66206681775054",1,686.82204632204,686.82204632204,6.53207522856934
"2666","79324940B71932148328417",1,2062.99630004397,2062.99630004397,7.63191471958635
"2667","79324940B76926879567495",1,657.890700331628,657.890700331628,6.4890388086092
"2668","79324940B77190916627334",2,NA,NA,NA
"2669","79324940B78067123130515",1,942.925152182281,942.925152182281,6.8489869074603
"2670","79324940B79401034886578",1,2788.52362235174,2788.52362235174,7.93326756714095
"2671","79324940B88858920972167",1,386.6788915281,386.6788915281,5.95759461095347
"2672","79324940B90066431308454",1,414.178659369946,414.178659369946,6.02629742510867
"2673","79324940B94242414509537",1,449.284372599125,449.284372599125,6.10765603380891
"2674","811477B34653806269140",1,155781.978235471,155781.978235471,11.9562127332986
"2675","81297802B10780873415993",1,146812.742603349,146812.742603349,11.8969131938706
"2676","81297802B11022979046189",1,68716.4661966767,68716.4661966767,11.1377441321211
"2677","81297802B11134761285152",1,104981.88529158,104981.88529158,11.5615430932236
"2678","81297802B12079916150099",2,33100.6298103327,66201.2596206654,11.1004547692466
"2679","81297802B12468750690576",2,163831.685184433,327663.370368866,12.6997420504987
"2680","81297802B12813150904873",2,73597.8641571644,147195.728314329,11.8995184652521
"2681","81297802B13550924224659",2,44520.4053940843,89040.8107881686,11.3968500917949
"2682","81297802B14138193507010",1,159815.47952938,159815.47952938,11.9817751757667
"2683","81297802B14659466260998",2,67369.8327297501,134739.6654595,11.811099791652
"2684","81297802B16083563480391",2,101961.21359015,203922.4271803,12.2254949415895
"2685","81297802B17102674968438",1,21955.4201192448,21955.4201192448,9.99676931828278
"2686","81297802B18152468964479",2,71646.142376121,143292.284752242,11.872641772536
"2687","81297802B19242536298701",2,92701.2469707429,185402.493941486,12.1302843837035
"2688","81297802B2130126961507",1,160252.670903176,160252.670903176,11.9845070417465
"2689","81297802B21993860278161",1,71027.7378372377,71027.7378372377,11.1708257534942
"2690","81297802B23145234920875",2,117505.275978587,235010.551957174,12.3673856940637
"2691","81297802B24299836434530",2,111463.879012205,222927.75802441,12.31460304291
"2692","81297802B27432396017289",1,86408.815903093,86408.815903093,11.3668449855023
"2693","81297802B31644345342604",1,77892.7071394856,77892.7071394856,11.2630876092413
"2694","81297802B31894177777214",1,71450.2173034787,71450.2173034787,11.1767562246897
"2695","81297802B33972751107769",1,27080.6451512756,27080.6451512756,10.2065745506448
"2696","81297802B3478153063518",1,106407.270695668,106407.270695668,11.5750291871609
"2697","81297802B34920687321908",1,117513.000059949,117513.000059949,11.6743042452544
"2698","81297802B35670860897871",1,75703.9236650709,75703.9236650709,11.2345852698534
"2699","81297802B35959496403420",1,85553.785473586,85553.785473586,11.3569005270098
"2700","81297802B37110717960369",1,61266.2212609241,61266.2212609241,11.0229839302569
"2701","81297802B42791937018990",1,18412.8643437067,18412.8643437067,9.82080484842069
"2702","81297802B44635779635670",2,119584.401891816,239168.803783632,12.3849248735886
"2703","81297802B45369844815447",1,24086.0709949504,24086.0709949504,10.0893889853769
"2704","81297802B46228878369339",2,88891.8373635884,177783.674727177,12.088322779664
"2705","81297802B47177978604160",1,91089.7016433325,91089.7016433325,11.4196000323282
"2706","81297802B47304896634130",1,32121.6366985621,32121.6366985621,10.3772851225085
"2707","81297802B50427055609681",2,130787.884097267,261575.768194534,12.474479265049
"2708","81297802B52387636717940",2,85139.3640099813,170278.728019963,12.0451919499821
"2709","81297802B53129181429645",2,92293.0700773487,184586.140154697,12.1258715178135
"2710","81297802B53592665760601",1,40355.9745932738,40355.9745932738,10.605494731963
"2711","81297802B53696601888295",1,28507.788137596,28507.788137596,10.2579325969117
"2712","81297802B5400707592531",2,91706.3633017378,183412.726603476,12.1194942290004
"2713","81297802B54877143810300",2,130459.868959283,260919.737918566,12.4719681214582
"2714","81297802B55071935880129",2,75739.3348954601,151478.66979092,11.92820010056
"2715","81297802B57271723433997",2,63593.0117983546,127186.023596709,11.7534060464668
"2716","81297802B57556187754980",2,38840.2770015615,77680.554003123,11.2603602348028
"2717","81297802B61067118889021",1,74798.1191603074,74798.1191603074,11.2225480187308
"2718","81297802B61752422174773",1,105453.873098498,105453.873098498,11.5660289144737
"2719","81297802B6190272756602",1,250531.342726594,250531.342726594,12.4313393123452
"2720","81297802B61927033163821",2,62067.0739441198,124134.14788824,11.7291180976307
"2721","81297802B62948768430814",1,75624.9014351542,75624.9014351542,11.2335408919955
"2722","81297802B63375818356773",2,164618.707872104,329237.415744208,12.7045343979008
"2723","81297802B63810165613250",2,10421.2084651411,20842.4169302822,9.94474546468403
"2724","81297802B64444176527608",1,58083.6323893326,58083.6323893326,10.9696391886817
"2725","81297802B65581648571900",1,77241.4180695701,77241.4180695701,11.2546910956382
"2726","81297802B66107700635107",2,29799.2882437223,59598.5764874446,10.9953869683294
"2727","81297802B69562638547328",1,65748.3353209791,65748.3353209791,11.0935896314074
"2728","81297802B70720207353538",1,175018.806247246,175018.806247246,12.0726487114018
"2729","81297802B71017047307278",1,145426.474730361,145426.474730361,11.8874259095586
"2730","81297802B72056692107631",1,156537.47228621,156537.47228621,11.9610506998298
"2731","81297802B73536270925214",1,29885.0421692378,29885.0421692378,10.3051133723076
"2732","81297802B74996211829814",1,71098.9562015724,71098.9562015724,11.1718279349743
"2733","81297802B76302638024773",1,23767.1688151948,23767.1688151948,10.0760604457801
"2734","81297802B78420794750623",1,45966.315433208,45966.315433208,10.7356641340371
"2735","81297802B80628180194499",2,70024.6671716727,140049.334343345,11.8497500276841
"2736","81297802B81560237884054",2,36891.1604601482,73782.3209202964,11.2088744279654
"2737","81297802B84418908504415",2,69943.082263396,139886.164526792,11.8485842603149
"2738","81297802B84719552891507",1,79221.1225421774,79221.1225421774,11.2799982410096
"2739","81297802B85934029741785",1,25415.8919015384,25415.8919015384,10.1431299227745
"2740","81297802B86432819232797",1,55430.9500430661,55430.9500430661,10.9228933817775
"2741","81297802B88130440660417",1,348984.199901757,348984.199901757,12.7627819276719
"2742","81297802B89611140069217",1,69313.3227498678,69313.3227498678,11.1463924141737
"2743","81297802B9107629386142",1,19821.9249285924,19821.9249285924,9.89454392368233
"2744","81297802B92234400822922",1,164765.751462645,164765.751462645,12.0122800560656
"2745","81297802B92253150972948",2,94290.8285474026,188581.657094805,12.1472863862056
"2746","81297802B92574261409002",1,186568.660480205,186568.660480205,12.1365546030233
"2747","81297802B92774803000720",1,23454.1583164045,23454.1583164045,10.0628030850794
"2748","81297802B93916372624290",2,122982.796527776,245965.593055552,12.4129469395046
"2749","81297802B94706269623038",1,37066.8044733781,37066.8044733781,10.5204770899306
"2750","81297802B94904539855050",1,33519.4940523578,33519.4940523578,10.4198824605787
"2751","81297802B95398881806036",1,79849.046754816,79849.046754816,11.2878932156234
"2752","81297802B96824977906351",1,41607.9003947161,41607.9003947161,10.6360453415526
"2753","81297802B98438479076374",1,121203.682132371,121203.682132371,11.705227732786
"2754","81297802B99684516055458",2,137732.50842841,275465.01685682,12.5262159189564
"2755","81297802B9978574523269",2,303619.119640651,607238.239281302,13.3166764794991
"2756","81905179B10053567804267",1,NA,NA,NA
"2757","81905179B10873583367862",1,0,0,0
"2758","81905179B1106200869758",1,10.7200324619189,10.7200324619189,2.37211418380215
"2759","81905179B11075638716817",1,7.59220468997955,7.59220468997955,2.02712202221651
"2760","81905179B11216366066462",1,8.62606418192387,8.62606418192387,2.15478833871778
"2761","81905179B12873332240665",1,37.5712118980288,37.5712118980288,3.6262381161332
"2762","81905179B13988178862867",1,229.343007903993,229.343007903993,5.43521873400332
"2763","81905179B15793502543785",1,78.2193675327301,78.2193675327301,4.35951728354589
"2764","81905179B16358514797122",1,NA,NA,NA
"2765","81905179B16593070408987",1,NA,NA,NA
"2766","81905179B18672892914333",1,24.0683571668062,24.0683571668062,3.18089799715186
"2767","81905179B21109401244182",1,132.614759170711,132.614759170711,4.88744837752084
"2768","81905179B24146808409811",1,47.7990080904774,47.7990080904774,3.86700488803686
"2769","81905179B25065420091435",1,112.272040920351,112.272040920351,4.72092486298499
"2770","81905179B2949458195189",1,58.9714992906898,58.9714992906898,4.0770542643236
"2771","81905179B30151450559542",1,23.9176137566939,23.9176137566939,3.1746151647706
"2772","81905179B33808746946065",1,17.8607862116024,17.8607862116024,2.88260759528587
"2773","81905179B3509636164924",1,51.9831191135943,51.9831191135943,3.95091903344603
"2774","81905179B35739525053108",1,82.0441633893549,82.0441633893549,4.40725768020218
"2775","81905179B35974165109386",1,7.14399312026799,7.14399312026799,1.96627188056533
"2776","81905179B3672705563325",1,NA,NA,NA
"2777","81905179B37615107776552",1,9.76775251988321,9.76775251988321,2.27908640068515
"2778","81905179B38855830052729",1,0,0,0
"2779","81905179B39054061568345",1,1123.99393961266,1123.99393961266,7.02464363863542
"2780","81905179B39182150955379",1,37.9940583214909,37.9940583214909,3.63742978754013
"2781","81905179B39687877092944",1,137.019128938504,137.019128938504,4.92012054336949
"2782","81905179B39968712547281",1,52.0521111754328,52.0521111754328,3.95224535476547
"2783","81905179B4066449576994",1,77.9767498746514,77.9767498746514,4.35641070372525
"2784","81905179B41520221517607",1,115.924005938098,115.924005938098,4.75293485519739
"2785","81905179B42625934985566",1,176.544127426017,176.544127426017,5.17357085887026
"2786","81905179B43294852199533",1,94.2628880427033,94.2628880427033,4.54608756013828
"2787","81905179B43507284949030",1,3061.00062808342,3061.00062808342,8.02649714413436
"2788","81905179B4441268560543",1,0,0,0
"2789","81905179B49247527018285",1,NA,NA,NA
"2790","81905179B51358963868347",1,53.5879557770304,53.5879557770304,3.98132433717424
"2791","81905179B51546394317477",1,0,0,0
"2792","81905179B52447266125366",1,60.9510535393842,60.9510535393842,4.11007114108362
"2793","81905179B53206837764533",1,0,0,0
"2794","81905179B53694522517045",1,7.48826282098889,7.48826282098889,2.01333683751619
"2795","81905179B53990233662504",1,21.8846572637558,21.8846572637558,3.08578580973685
"2796","81905179B54071498694988",1,210.151553881168,210.151553881168,5.34782895557638
"2797","81905179B56582984107965",1,32.6443130671978,32.6443130671978,3.48567066190526
"2798","81905179B58840706611886",1,NA,NA,NA
"2799","81905179B58942175915190",1,88.2733118310943,88.2733118310943,4.48043781765644
"2800","81905179B59799521808446",1,21.2124085175991,21.2124085175991,3.0545863178863
"2801","81905179B59978558639999",1,0,0,0
"2802","81905179B6044255110216",1,1731.1878758873,1731.1878758873,7.45656308532779
"2803","81905179B61182383580434",1,11.1947981752455,11.1947981752455,2.41544922177258
"2804","81905179B62716900655722",1,99.3403800791502,99.3403800791502,4.59855213571527
"2805","81905179B65158388744507",1,1.45634395182133,1.45634395182133,0.375929152522946
"2806","81905179B66234991007705",1,5.61399098973721,5.61399098973721,1.72526187297531
"2807","81905179B66298370942195",1,2122.71279166408,2122.71279166408,7.66045016836127
"2808","81905179B67536129813351",1,NA,NA,NA
"2809","81905179B69060738119315",1,249.037324839011,249.037324839011,5.51760278418283
"2810","81905179B69517244030983",1,481.337785684429,481.337785684429,6.17656928077878
"2811","81905179B70449898800022",1,NA,NA,NA
"2812","81905179B74113200519778",1,19.3404479980469,19.3404479980469,2.96219865408193
"2813","81905179B7485238607741",1,98.3230856096744,98.3230856096744,4.58825884810213
"2814","81905179B7495119160888",1,51.7111442756653,51.7111442756653,3.94567331487467
"2815","81905179B75346360802885",1,156.792486928217,156.792486928217,5.05492319176973
"2816","81905179B7875466527963",1,2136.21109489456,2136.21109489456,7.66678902239483
"2817","81905179B7917113976902",1,2.67242431715131,2.67242431715131,0.982986044395886
"2818","81905179B80003657919374",1,285.110609343052,285.110609343052,5.65287720793425
"2819","81905179B80173793972451",1,12.8828629818186,12.8828629818186,2.5558979771725
"2820","81905179B83677896294556",1,48.2645965014771,48.2645965014771,3.87669830020093
"2821","81905179B86075584623295",1,NA,NA,NA
"2822","81905179B87089550714781",1,3.93657796829939,3.93657796829939,1.37031180994932
"2823","81905179B87979542082634",1,NA,NA,NA
"2824","81905179B88239301587184",1,7.47718976577744,7.47718976577744,2.01185702163117
"2825","81905179B88331309358666",1,14.757087691226,14.757087691226,2.69172348881142
"2826","81905179B89717668575285",1,1090.64932536036,1090.64932536036,6.9945285091974
"2827","81905179B90317674654188",1,106.801823463198,106.801823463198,4.67097500000579
"2828","81905179B91574201730062",1,7.92108579197898,7.92108579197898,2.06952829137652
"2829","81905179B92886188714488",1,0.0014735621586442,0.0014735621586442,-6.52007257232322
"2830","81905179B96125611766208",1,28.5159739110991,28.5159739110991,3.35046441836855
"2831","93511190B20758743929628",1,9387.02414210845,9387.02414210845,9.14708360419993
"2832","93511190B21658762393869",1,8488.57021888345,8488.57021888345,9.04647585745344
"2833","93511190B28979172348328",1,10016.933204603,10016.933204603,9.21203226038578
"2834","93511190B48408833278115",1,26308.1375361948,26308.1375361948,10.1776335823304
"2835","93511190B55681603978518",1,3164.73606229723,3164.73606229723,8.05982493846181
"2836","93511190B82420517640996",1,34749.4741435861,34749.4741435861,10.4559197183198
"2837","DIS015",3,NA,NA,NA
"2838","DIS017",2,NA,NA,NA
"2839","DIS018",1,NA,NA,NA
