"","ADM2_id","total_exposure_days","total_population","total_person_day_exposure","log_total_person_day_exposure"
"1","10022922B10629043557873",1,130873.655767627,130873.655767627,11.7819876770036
"2","10022922B12403701465046",1,230642.366554564,230642.366554564,12.3486235930755
"3","10022922B13687813160362",1,252738.140093267,252738.140093267,12.440109212313
"4","10022922B13687974105922",1,249378.462074667,249378.462074667,12.4267269495361
"5","10022922B15279482214677",2,228531.678218841,457063.356437682,13.0325772957984
"6","10022922B16213196407560",1,234254.238855794,234254.238855794,12.3641622953726
"7","10022922B21608854890468",1,113921.890905672,113921.890905672,11.643268325048
"8","10022922B23434626058692",1,205465.021714117,205465.021714117,12.2330310877941
"9","10022922B25342620887316",1,21633.990061814,21633.990061814,9.98202097081202
"10","10022922B31790128040616",1,167614.165562424,167614.165562424,12.0294199835207
"11","10022922B32579750162608",2,215185.380763421,430370.761526842,12.9724023522667
"12","10022922B40357207342555",2,181561.093314889,363122.186629778,12.802494658895
"13","10022922B42807663031303",1,222613.379248612,222613.379248612,12.3131918204586
"14","10022922B52512193010711",1,294084.285612485,294084.285612485,12.5916216909911
"15","10022922B54557741887580",1,126655.286664548,126655.286664548,11.7492243968764
"16","10022922B55197674782137",1,165643.695899681,165643.695899681,12.0175943502558
"17","10022922B56031688474611",1,88444.381698987,88444.381698987,11.3901291780565
"18","10022922B56427545477040",1,131745.089438742,131745.089438742,11.7886241938968
"19","10022922B56468572037030",2,130589.306223473,261178.612446946,12.4729597911289
"20","10022922B63046975451138",1,53074.5354928997,53074.5354928997,10.879452534633
"21","10022922B63714971659336",1,84831.7737422932,84831.7737422932,11.3484254419583
"22","10022922B77596397547877",1,156671.770894323,156671.770894323,11.9619082646639
"23","10022922B78580830473532",2,266148.051315772,532296.102631544,13.1849551973823
"24","10022922B79548799707119",2,211390.986791932,422781.973583864,12.9546118962695
"25","10022922B95964642483948",1,94427.7152085737,94427.7152085737,11.4555899023547
"26","10022922B97539486376385",1,62768.6093596857,62768.6093596857,11.0472103765287
"27","1004716B11599288881671",1,58227.9871991909,58227.9871991909,10.9721213978451
"28","1004716B26434721219648",1,26506.972940708,26506.972940708,10.1851631071998
"29","1004716B4922305453104",1,80976.378603652,80976.378603652,11.3019127689474
"30","1004716B49873570075163",1,33925.7877614351,33925.7877614351,10.4319307051095
"31","1004716B63442021771404",1,26301.9852943696,26301.9852943696,10.1773997017948
"32","1004716B63753467336397",1,22460.5232250925,22460.5232250925,10.0195145238845
"33","1004716B8103194672097",1,56531.9166705897,56531.9166705897,10.942560654465
"34","1004716B82314405656204",1,47120.9297419134,47120.9297419134,10.7604725494957
"35","1004716B85519023744244",1,73082.1163537828,73082.1163537828,11.199338969484
"36","1004716B97490188129445",1,21552.0216505817,21552.0216505817,9.97822490322377
"37","1004716B99280439905911",1,65780.2819066583,65780.2819066583,11.0940754053322
"38","14151628B42533076410957",1,73803.4464308503,73803.4464308503,11.2091607091032
"39","14151628B59272471160482",1,14449.0781139387,14449.0781139387,9.57838589316203
"40","14151628B71764118664060",1,1816.75507861741,1816.75507861741,7.50480726493382
"41","1456440B17189259529244",1,2538.3524808288,2538.3524808288,7.83927051996644
"42","1456440B2347802332561",1,4715.97353219358,4715.97353219358,8.45871064929918
"43","1456440B30022647812570",1,1195.76357011065,1195.76357011065,7.08654023111458
"44","1456440B30822357340136",1,4984.48519217679,4984.48519217679,8.5140854056843
"45","1456440B3381431616278",1,10370.755952763,10370.755952763,9.24674519661514
"46","1456440B38299420542047",1,NA,NA,NA
"47","1456440B41515061278311",1,3881.3792851975,3881.3792851975,8.26394585532283
"48","1456440B42858998503900",1,12111.0671548234,12111.0671548234,9.40187495445022
"49","1456440B45455972514267",1,NA,NA,NA
"50","1456440B5266372606878",1,20801.3661726914,20801.3661726914,9.94277394491188
"51","1456440B54087410472023",1,8973.69855262722,8973.69855262722,9.10205319477797
"52","1456440B59769308078565",1,6090.73535047869,6090.73535047869,8.71452410061963
"53","1456440B59944424745172",1,16093.5145953062,16093.5145953062,9.6861716496514
"54","1456440B62290110422722",1,3102.49684899789,3102.49684899789,8.03996250144501
"55","1456440B63332510884225",1,7704.05289574914,7704.05289574914,8.94950181946544
"56","1456440B68597198845590",1,14232.2346610347,14232.2346610347,9.56326471747806
"57","1456440B69828690893614",1,NA,NA,NA
"58","1456440B76393603142959",1,18325.9137064905,18325.9137064905,9.81607138671185
"59","1456440B85489993561805",1,9756.90018566543,9756.90018566543,9.18573002503261
"60","1456440B85935550107059",1,14957.0994494851,14957.0994494851,9.61294134566344
"61","1456440B92384260503294",1,7940.4339872469,7940.4339872469,8.97972321109091
"62","16705992B13795829103768",1,927225.661776058,927225.661776058,13.7399522472598
"63","16705992B14602656752780",1,733180.571618381,733180.571618381,13.5051472965311
"64","16705992B21968895988188",1,2526105.0705666,2526105.0705666,14.7421891766596
"65","16705992B23463827258150",1,422265.588459161,422265.588459161,12.9533897515947
"66","16705992B28022870637862",1,2857586.54661239,2857586.54661239,14.8654879617208
"67","16705992B2831557138260",1,2869519.71291139,2869519.71291139,14.869655226314
"68","16705992B28796010313895",1,2711178.76066092,2711178.76066092,14.8128940653187
"69","16705992B31973889793084",1,1768492.79283114,1768492.79283114,14.3856382123189
"70","16705992B34517682786426",1,2106691.68028913,2106691.68028913,14.5606293509394
"71","16705992B35326431749719",1,632309.383028309,632309.383028309,13.3571340834563
"72","16705992B35610473312733",2,746824.283166474,1493648.56633295,14.2167323869725
"73","16705992B37732832620169",1,1863517.88984232,1863517.88984232,14.4379765979854
"74","16705992B46028667424095",1,1168355.51898627,1168355.51898627,13.971107778749
"75","16705992B46384724638491",1,2510251.85011929,2510251.85011929,14.7358936447673
"76","16705992B47191620994273",1,2216301.11884782,2216301.11884782,14.6113502015745
"77","16705992B48875454234518",1,1061536.63704453,1061536.63704453,13.8752280739383
"78","16705992B49808088196813",1,1646455.42993992,1646455.42993992,14.3141353108542
"79","16705992B50862305652789",1,3277568.52905977,3277568.52905977,15.0026124033441
"80","16705992B54511139091050",1,5204265.04858945,5204265.04858945,15.4649890490219
"81","16705992B55867939933107",1,3620040.85760267,3620040.85760267,15.1019958703688
"82","16705992B56503274196630",1,789808.574123785,789808.574123785,13.5795458838454
"83","16705992B59490572634285",1,5375263.18111671,5375263.18111671,15.497318094708
"84","16705992B60176987344662",1,2060913.15473737,2060913.15473737,14.5386597215454
"85","16705992B61059366245275",1,2385400.899739,2385400.899739,14.6848777603124
"86","16705992B62450131352427",1,2016590.69673829,2016590.69673829,14.5169188695905
"87","16705992B66943755852345",1,2457612.2905258,2457612.2905258,14.7147008229507
"88","16705992B67131385183639",1,1934200.93565532,1934200.93565532,14.4752048460077
"89","16705992B70711841490613",1,2431531.17703254,2431531.17703254,14.7040317308834
"90","16705992B77509092527129",1,1805791.48600632,1805791.48600632,14.4065095500401
"91","16705992B77600989823530",1,1628097.71214443,1628097.71214443,14.3029228434882
"92","16705992B7772300815487",1,2092138.70703274,2092138.70703274,14.5536974055219
"93","16705992B78415132034426",1,913486.998356466,913486.998356466,13.72502442192
"94","16705992B79131283702140",1,1447804.11980572,1447804.11980572,14.1855585663999
"95","16705992B82604838368079",1,2963791.99000062,2963791.99000062,14.9019800841233
"96","16705992B83268326466345",1,1484899.60333367,1484899.60333367,14.2108577207508
"97","16705992B87804307332289",1,1185719.18585757,1185719.18585757,13.9858600563539
"98","16705992B87985099055959",1,1282516.04320452,1282516.04320452,14.0643343652701
"99","16705992B90744549146712",1,10794348.0121628,10794348.0121628,16.1945332229012
"100","16705992B92388810566131",1,1201126.11112576,1201126.11112576,13.99877010065
"101","16705992B94200136889214",2,7562546.49608695,15125092.9921739,16.5318657101052
"102","16705992B95243043657125",1,2236576.3702477,2236576.3702477,14.6204568484876
"103","16705992B96773862439533",1,3084288.11740872,3084288.11740872,14.941831432586
"104","16705992B99884694518333",1,1429339.53553596,1429339.53553596,14.1727230322828
"105","17275852B1065790622928",1,585939.545174396,585939.545174396,13.2809718980058
"106","17275852B11168745431905",1,345061.610170276,345061.610170276,12.7514782602736
"107","17275852B11407259911678",1,514023.294639563,514023.294639563,13.1500238637208
"108","17275852B12443275471591",2,860888.950010987,1721777.90002197,14.3588679777316
"109","17275852B13001476141541",3,611979.909518356,1835939.72855507,14.4230670220393
"110","17275852B14417300719855",1,299001.884713909,299001.884713909,12.608205155744
"111","17275852B14815638988431",1,323170.004729522,323170.004729522,12.6859337941735
"112","17275852B15408627611583",1,750315.150307662,750315.150307662,13.5282485976632
"113","17275852B16105050053503",1,1234668.53439085,1234668.53439085,14.0263130988145
"114","17275852B2047862171292",1,473341.384409345,473341.384409345,13.0675721500802
"115","17275852B2295538790743",1,1316471.4402809,1316471.4402809,14.0904655640113
"116","17275852B23032274093284",1,238065.87132373,238065.87132373,12.3803026846276
"117","17275852B23391188567726",1,2017932.48717391,2017932.48717391,14.5175840240208
"118","17275852B26033440645013",2,86264.6319015825,172529.263803165,12.0583221463012
"119","17275852B26344796891704",1,194621.273180328,194621.273180328,12.1788107602327
"120","17275852B27557602684751",1,364917.425028116,364917.425028116,12.8074263741704
"121","17275852B29365851049062",2,1326800.56066811,2653601.12133622,14.7914281891866
"122","17275852B30212147371030",1,415252.803113355,415252.803113355,12.9366427778762
"123","17275852B31573882035564",1,528449.215577683,528449.215577683,13.1777019880532
"124","17275852B31753067259114",2,201123.283310421,402246.566620842,12.9048205293821
"125","17275852B32842515207648",1,300489.142902511,300489.142902511,12.6131669021966
"126","17275852B34420574294401",1,362766.102075748,362766.102075748,12.8015135586675
"127","17275852B34909453536373",1,752631.813969365,752631.813969365,13.5313314283306
"128","17275852B34982159967792",2,175392.488357477,350784.976714954,12.7679287127791
"129","17275852B35691129963558",1,2141192.02596633,2141192.02596633,14.5768732533987
"130","17275852B37590867813392",2,414833.933010567,829667.866021134,13.6287807382665
"131","17275852B37857453943231",1,246732.735333823,246732.735333823,12.4160609865959
"132","17275852B38667129164520",1,137327.375335486,137327.375335486,11.830122955243
"133","17275852B3879764169207",2,1478298.3304539,2956596.6609078,14.8995493880796
"134","17275852B39002428158328",1,239404.536134205,239404.536134205,12.3859100198555
"135","17275852B40888287647604",1,396383.485329434,396383.485329434,12.890137418939
"136","17275852B40934974334003",1,1048181.40483322,1048181.40483322,13.8625672250986
"137","17275852B41190306193582",1,589292.16864011,589292.16864011,13.2866773814794
"138","17275852B41425356149959",1,555121.95873609,555121.95873609,13.2269431140585
"139","17275852B42230140857746",2,429751.373839296,859502.747678592,13.6641093006337
"140","17275852B42869172782924",1,332497.69670821,332497.69670821,12.7143882118607
"141","17275852B43707425356039",2,845608.279146554,1691216.55829311,14.3409586849047
"142","17275852B44248179758570",2,470470.57528567,940941.15057134,13.7546358773678
"143","17275852B46208020456835",1,455590.325879107,455590.325879107,13.0293492765262
"144","17275852B46630816811728",1,509217.11729056,509217.11729056,13.1406297611463
"145","17275852B47214038820512",2,1164236.84405556,2328473.68811112,14.6607235414099
"146","17275852B47416526759176",2,140115.475338753,280230.950677506,12.5433693660194
"147","17275852B47804746725670",1,810432.724741372,810432.724741372,13.6053236120754
"148","17275852B48501556095420",1,136649.34120677,136649.34120677,11.8251733703184
"149","17275852B49260746635311",1,522416.392910122,522416.392910122,13.1662202364484
"150","17275852B50034294804845",1,1391135.07868463,1391135.07868463,14.145630575238
"151","17275852B50435667373766",1,470346.813302579,470346.813302579,13.0612256022152
"152","17275852B50589627480209",1,484512.588085119,484512.588085119,13.0908986915753
"153","17275852B50934595514046",1,301872.221965594,301872.221965594,12.6177591007482
"154","17275852B51230036148684",1,1416032.83344094,1416032.83344094,14.1633697404253
"155","17275852B52033797991024",1,153637.470096577,153637.470096577,11.942351015887
"156","17275852B53025585862768",3,202498.766055167,607496.298165501,13.3171013606235
"157","17275852B54078553013960",2,514263.967512539,1028527.93502508,13.8436391486446
"158","17275852B54799230122335",1,179167.269105259,179167.269105259,12.0960751127582
"159","17275852B56334810083917",1,522237.465119514,522237.465119514,13.1658776774448
"160","17275852B57257006426226",1,1077625.79857763,1077625.79857763,13.8902708445653
"161","17275852B58586989106809",1,1155648.64651147,1155648.64651147,13.9601723430117
"162","17275852B59245154361238",1,769136.622223426,769136.622223426,13.5530238948968
"163","17275852B59261423659404",1,639241.154280187,639241.154280187,13.3680370554045
"164","17275852B60010150977543",3,2776086.33188679,8328258.99566037,15.9351649881762
"165","17275852B60568982990722",2,790447.322824047,1580894.64564809,14.2735014761775
"166","17275852B60612190497835",3,677091.712420952,2031275.13726286,14.5241743002515
"167","17275852B60797773490242",1,125758.888881795,125758.888881795,11.7421217723965
"168","17275852B62298947029961",1,963394.701651782,963394.701651782,13.7782184735283
"169","17275852B62317461872302",1,1036433.15633829,1036433.15633829,13.8512957189938
"170","17275852B62466362466217",1,251930.21799878,251930.21799878,12.4369074154429
"171","17275852B6292026436391",2,106786.046465313,213572.092930626,12.2717297264587
"172","17275852B63293791576670",1,241389.885894949,241389.885894949,12.3941686890667
"173","17275852B63889031221729",1,959071.487165904,959071.487165904,13.7737208945346
"174","17275852B69068872724558",1,1634399.58140925,1634399.58140925,14.3067860663727
"175","17275852B69233894766016",2,947859.467657632,1895718.93531526,14.4551087099409
"176","17275852B71369345081906",1,1049460.96796733,1049460.96796733,13.8637872264767
"177","17275852B71820490263286",1,1278655.72738851,1278655.72738851,14.061319871058
"178","17275852B72633077913274",1,498629.980411047,498629.980411047,13.1196195774477
"179","17275852B72762706296361",2,112390.394115684,224780.788231368,12.3228809317454
"180","17275852B72819681774342",1,311047.974412655,311047.974412655,12.6477024378263
"181","17275852B73340521246225",1,245259.675628732,245259.675628732,12.4100728287543
"182","17275852B75086699702795",1,956716.870120543,956716.870120543,13.7712627751687
"183","17275852B76985937823941",1,90057.9856143693,90057.9856143693,11.4082090264543
"184","17275852B77187634403002",1,340762.294273858,340762.294273858,12.7389404289486
"185","17275852B78492057192398",1,364211.644685776,364211.644685776,12.8054904190917
"186","17275852B78973254528560",1,524014.613791343,524014.613791343,13.1692748518291
"187","17275852B80309702523612",1,441764.306277087,441764.306277087,12.9985317751178
"188","17275852B80322806028087",1,383220.462222723,383220.462222723,12.856365721938
"189","17275852B8079983127742",1,620937.004634551,620937.004634551,13.3389849139577
"190","17275852B82056417042325",1,310027.883522288,310027.883522288,12.6444175192624
"191","17275852B82537963815987",2,1173229.82388162,2346459.64776324,14.6684182172919
"192","17275852B8296297044700",1,146572.492801494,146572.492801494,11.8952754164601
"193","17275852B85014187933164",1,225290.047908588,225290.047908588,12.3251439528241
"194","17275852B85583949591367",1,258493.795235773,258493.795235773,12.4626269696862
"195","17275852B85592550914884",2,106835.620101453,213671.240202906,12.2721938520114
"196","17275852B86431238150342",1,659791.922427747,659791.922427747,13.399679795246
"197","17275852B8657294857468",2,222908.69486072,445817.38972144,13.0076647070723
"198","17275852B87114256965843",2,642236.347615664,1284472.69523133,14.0658588381877
"199","17275852B87182296846240",2,466273.554455942,932547.108911884,13.7456749481644
"200","17275852B88564558630562",2,176536.467802703,353072.935605406,12.7744299310191
"201","17275852B88901633924246",1,985002.15639483,985002.15639483,13.8003991093852
"202","17275852B89940388970234",1,184196.607294342,184196.607294342,12.1237589840362
"203","17275852B90429058486395",1,1005439.50043106,1005439.50043106,13.8209353177432
"204","17275852B92675490846952",1,235956.484830497,235956.484830497,12.371402680695
"205","17275852B93478142128701",1,696591.946454886,696591.946454886,13.4539550756283
"206","17275852B94592901594717",1,877044.703557922,877044.703557922,13.6843132433254
"207","17275852B95109993079714",1,427582.717931997,427582.717931997,12.9659030408803
"208","17275852B96160830946824",2,566150.759152978,1132301.51830596,13.9397628612055
"209","17275852B96568921985306",1,107463.451328547,107463.451328547,11.5849060810995
"210","17275852B98251292892168",2,280081.117479722,560162.234959444,13.2359817260396
"211","17275852B99819709984445",1,1953502.71340148,1953502.71340148,14.4851345824712
"212","22064153B10063200690088",1,4229.9969615433,4229.9969615433,8.34995655372879
"213","22064153B10136144710667",1,288474.582699297,288474.582699297,12.5723622594869
"214","22064153B10198647455889",2,10219.2785776657,20438.5571553314,9.9251784525566
"215","22064153B10383419065697",1,18857.3153186443,18857.3153186443,9.84465619815706
"216","22064153B10436959918879",1,76855.9667852114,76855.9667852114,11.2496883879204
"217","22064153B10464594987148",2,60778.2989141525,121556.597828305,11.708135259047
"218","22064153B10472046376966",2,22247.4918744992,44494.9837489984,10.7031317370588
"219","22064153B10522198578948",1,6374.22868216414,6374.22868216414,8.76001837167355
"220","22064153B1052554637005",1,168397.638897742,168397.638897742,12.0340833598948
"221","22064153B10573216765784",1,43304.8188788101,43304.8188788101,10.676019198302
"222","22064153B10622080660464",1,148125.971436217,148125.971436217,11.9058183490692
"223","22064153B11163200356",1,5610.83575234978,5610.83575234978,8.63245496288442
"224","22064153B11185752440330",1,4051.78780533649,4051.78780533649,8.30691349611394
"225","22064153B11283862904746",1,23048.2856992615,23048.2856992615,10.045346672525
"226","22064153B11326037690958",1,39343.2272138349,39343.2272138349,10.5800791224838
"227","22064153B11347435242213",1,NA,NA,NA
"228","22064153B11384904576552",1,141974.090293347,141974.090293347,11.8633998572121
"229","22064153B114806197531",1,38589.2704322674,38589.2704322674,10.5607295487367
"230","22064153B11481996196295",1,51440.5307193438,51440.5307193438,10.8481816761084
"231","22064153B11493994144660",1,59385.9560618292,59385.9560618292,10.9918130474612
"232","22064153B11591323942731",1,262529.472481296,262529.472481296,12.4781186308305
"233","22064153B11629940757392",1,2595.4360794334,2595.4360794334,7.86150982750627
"234","22064153B11669654963101",1,15499.1577032223,15499.1577032223,9.64854095970318
"235","22064153B11731771091880",1,29222.3230674789,29222.3230674789,10.2826881847961
"236","22064153B11798302769414",1,17296.2075618437,17296.2075618437,9.75824254037611
"237","22064153B11870363925687",1,7464.05939560974,7464.05939560974,8.91785470010668
"238","22064153B11880020551001",1,153043.428755406,153043.428755406,11.9384770081719
"239","22064153B12049663471572",1,141321.555985177,141321.555985177,11.8587931117803
"240","22064153B12114341004920",1,11524.3125067786,11524.3125067786,9.35221421374533
"241","22064153B12165260283396",1,4878.53069672592,4878.53069672592,8.49259936677499
"242","22064153B12172811493606",1,6013.01696450367,6013.01696450367,8.70168189234004
"243","22064153B1240967535924",2,4451.5273776057,8903.0547552114,9.0941497277526
"244","22064153B12662900476516",2,33727.3821192032,67454.7642384064,11.1192124927724
"245","22064153B12892312696752",1,12195.0824921262,12195.0824921262,9.40878807504913
"246","22064153B12905305574663",1,19225.009754806,19225.009754806,9.86396730177585
"247","22064153B12979096179166",1,50790.0916996369,50790.0916996369,10.83545656926
"248","22064153B13026846490953",1,3969.52053800477,3969.52053800477,8.28640059510436
"249","22064153B1320154413470",1,12719.8707252446,12719.8707252446,9.45092067373277
"250","22064153B13215881329963",1,7028.75468647259,7028.75468647259,8.8577648263638
"251","22064153B13237952508684",1,59958.6789269481,59958.6789269481,11.0014109194012
"252","22064153B13347263805777",1,219646.655185146,219646.655185146,12.2997754213578
"253","22064153B13415196919485",2,23399.5112445622,46799.0224891244,10.7536175947031
"254","22064153B13433087472373",2,42171.525795377,84343.051590754,11.3426477086564
"255","22064153B13436797224753",1,20033.024354265,20033.024354265,9.90513740848825
"256","22064153B13529558542609",1,265896.077492242,265896.077492242,12.4908608253067
"257","22064153B13708684658213",1,21370.8732406997,21370.8732406997,9.96978421040297
"258","22064153B13786864628755",1,31456.234384256,31456.234384256,10.3563524740972
"259","22064153B13931010812226",1,30314.518412419,30314.518412419,10.3193820322645
"260","22064153B13974791812642",1,15787.0246471123,15787.0246471123,9.66694365675888
"261","22064153B14001863011483",1,3193.42172701805,3193.42172701805,8.06884826260828
"262","22064153B14023525117600",1,213543.520773792,213543.520773792,12.2715959352511
"263","22064153B14063031562338",1,41427.3057693112,41427.3057693112,10.6316955020447
"264","22064153B1409396634293",1,8631.25211754175,8631.25211754175,9.06314486249188
"265","22064153B14136631633740",1,32938.0916044315,32938.0916044315,10.4023850665473
"266","22064153B14175701044712",1,15563.0556580468,15563.0556580468,9.65265515750439
"267","22064153B14191280892347",1,NA,NA,NA
"268","22064153B1420949553929",1,NA,NA,NA
"269","22064153B14260428934540",1,106909.202340126,106909.202340126,11.5797351769389
"270","22064153B1430516965980",2,29605.6095311869,59211.2190623738,10.9888663141059
"271","22064153B14538950261497",1,17518.3971210938,17518.3971210938,9.77100687178301
"272","22064153B14602941038291",1,18340.3331676036,18340.3331676036,9.81685791181795
"273","22064153B14641047530321",1,4009.15988378917,4009.15988378917,8.29633699306183
"274","22064153B14902090044751",1,12577.1302161928,12577.1302161928,9.43963538151131
"275","22064153B15139247492815",1,3242.23940613696,3242.23940613696,8.08401954476875
"276","22064153B15197878860903",2,15868.8667740323,31737.7335480646,10.3652615847276
"277","22064153B15321782044758",2,1587.18340314038,3174.36680628076,8.06286346034509
"278","22064153B15331758585451",1,3165.05031915911,3165.05031915911,8.05992423308037
"279","22064153B15346425233004",1,51625.9190548881,51625.9190548881,10.8517791326209
"280","22064153B15402468552112",1,25515.7826652762,25515.7826652762,10.1470524677396
"281","22064153B15557239492888",1,18594.2317495512,18594.2317495512,9.83060669061196
"282","22064153B15570456578979",1,104334.836127194,104334.836127194,11.5553605845255
"283","22064153B15685220899740",1,8200.98783174697,8200.98783174697,9.01200989328296
"284","22064153B15714680533513",1,153740.116981166,153740.116981166,11.9430189038054
"285","22064153B1576921955547",1,174396.905703071,174396.905703071,12.0690890477714
"286","22064153B16137538167455",1,8852.32296438335,8852.32296438335,9.08843518541087
"287","22064153B1618089964650",1,78368.7989994488,78368.7989994488,11.2691811551808
"288","22064153B16264764307082",2,108116.989732625,216233.97946525,12.2841163386521
"289","22064153B16301749391427",1,106343.81311305,106343.81311305,11.5744326441647
"290","22064153B16354527619629",1,18306.4418073424,18306.4418073424,9.81500828821824
"291","22064153B16387988868573",1,51126.99458732,51126.99458732,10.842067906517
"292","22064153B16416910808927",1,139057.31556063,139057.31556063,11.842641469286
"293","22064153B16459031557594",1,814232.11125785,814232.11125785,13.6100007533029
"294","22064153B16472104191688",1,11171.2539069276,11171.2539069276,9.32109914242611
"295","22064153B16549607437005",1,75804.9714472652,75804.9714472652,11.2359191558553
"296","22064153B16569113596510",2,5080.32573673683,10160.6514734737,9.22627784048167
"297","22064153B16625159005652",1,73017.9697155601,73017.9697155601,11.1984608503251
"298","22064153B1700256392599",1,6869.95892361284,6869.95892361284,8.83491340610286
"299","22064153B17092575420538",1,41320.8129801168,41320.8129801168,10.6291215982607
"300","22064153B17110513567738",1,11255.7249489833,11255.7249489833,9.3286321625489
"301","22064153B17150931610065",1,89832.9504775385,89832.9504775385,11.4057071188084
"302","22064153B17160397070793",1,149203.720975227,149203.720975227,11.9130679059531
"303","22064153B17402484703457",2,6178.17702755184,12356.3540551037,9.42192570813617
"304","22064153B17443115546549",1,102782.67735361,102782.67735361,11.5403721095707
"305","22064153B17498929592878",1,18964.8255898965,18964.8255898965,9.85034125766081
"306","22064153B17547452708566",1,116716.248984473,116716.248984473,11.6675010458097
"307","22064153B17594552103117",1,59913.9310567233,59913.9310567233,11.0006643289614
"308","22064153B17605300042191",1,52299.6849394142,52299.6849394142,10.8647456259319
"309","22064153B17622592602982",1,4946.07065951581,4946.07065951581,8.50634873417337
"310","22064153B17640645318479",1,2614.77627178718,2614.77627178718,7.868933817117
"311","22064153B17786192900668",2,302802.859965743,605605.719931486,13.313984426126
"312","22064153B17824097613778",1,36999.7233855213,36999.7233855213,10.5186657155314
"313","22064153B17837685410242",1,3665.72049892509,3665.72049892509,8.20678018406516
"314","22064153B17910960265215",1,165183.712840492,165183.712840492,12.0148135446547
"315","22064153B17932497232001",1,68544.5886037935,68544.5886037935,11.1352397410108
"316","22064153B18037782605293",1,49371.8243865465,49371.8243865465,10.8071351839132
"317","22064153B18197472399049",1,272483.965803135,272483.965803135,12.5153350502648
"318","22064153B18284871190784",1,12200.8006694401,12200.8006694401,9.40925685721051
"319","22064153B18309118681649",1,14010.6939334604,14010.6939334604,9.54757616940066
"320","22064153B18374709515284",1,50484.7362823475,50484.7362823475,10.8294263177415
"321","22064153B18443780619579",2,13067.1683538561,26134.3367077122,10.1710053113611
"322","22064153B18476481818662",1,5454.41538412255,5454.41538412255,8.60418072187734
"323","22064153B18479522971761",1,822245.526805172,822245.526805172,13.6197943238482
"324","22064153B18486924389046",1,NA,NA,NA
"325","22064153B18510229019860",1,6433.25153604981,6433.25153604981,8.76923537154038
"326","22064153B18585174510843",1,49588.1737771083,49588.1737771083,10.8115076523705
"327","22064153B1875178256639",1,9106.27225891485,9106.27225891485,9.11671871429631
"328","22064153B18822058190622",2,6585.22721011622,13170.4544202324,9.48573129833588
"329","22064153B18860011713755",1,100676.740150018,100676.740150018,11.5196700703979
"330","22064153B18872085958488",2,8958.04242046606,17916.0848409321,9.79345418280002
"331","22064153B18981391951778",1,11173.5834093448,11173.5834093448,9.32130764718205
"332","22064153B19003983421075",1,7929.52994156512,7929.52994156512,8.97834903690291
"333","22064153B19025451607548",1,65789.2895880233,65789.2895880233,11.0942123318461
"334","22064153B19116581600045",1,298917.202121616,298917.202121616,12.6079218980433
"335","22064153B19125244688726",2,451599.086054922,903198.172109844,13.7136972680222
"336","22064153B19140159564863",1,1711.95326495757,1711.95326495757,7.44539025782298
"337","22064153B19171708056014",2,29566.5490065033,59133.0980130066,10.9875460806947
"338","22064153B19332172900276",1,55912.8929785706,55912.8929785706,10.9315502761728
"339","22064153B19404158136768",2,11491.0300967342,22982.0601934684,10.0424691989712
"340","22064153B19491219462886",1,48898.7699852226,48898.7699852226,10.7975075214702
"341","22064153B19507094368728",1,7711.8573956245,7711.8573956245,8.95051434488815
"342","22064153B19608243669398",1,15902.2715993468,15902.2715993468,9.67421724588712
"343","22064153B19633670255011",1,258525.806516041,258525.806516041,12.4627507997313
"344","22064153B19687868642382",1,30380.5063010136,30380.5063010136,10.3215564416137
"345","22064153B19974298911936",1,33962.0335349375,33962.0335349375,10.432998518931
"346","22064153B20086130003796",1,93228.3798275671,93228.3798275671,11.4428074589092
"347","22064153B20100015994007",1,NA,NA,NA
"348","22064153B20112956451443",1,6143.44272978013,6143.44272978013,8.72314056918069
"349","22064153B20391309220421",1,5629.10572379992,5629.10572379992,8.63570586727378
"350","22064153B20439234355907",1,50751.942485952,50751.942485952,10.8347051717568
"351","22064153B20504043763502",1,239101.765872561,239101.765872561,12.3846445389171
"352","22064153B20548004874718",1,134011.131502377,134011.131502377,11.8056781463961
"353","22064153B20607189577313",1,10696.2523467719,10696.2523467719,9.27764871113361
"354","22064153B20764763312334",1,98895.9930228807,98895.9930228807,11.501824001349
"355","22064153B20820198931231",1,7799.3274059151,7799.3274059151,8.96179277894878
"356","22064153B20891786308722",2,33273.9680322056,66547.9360644112,11.1056778100352
"357","22064153B20929599780208",1,3918.44219420396,3918.44219420396,8.27344945436266
"358","22064153B20986912902018",1,58716.2304488121,58716.2304488121,10.9804714658738
"359","22064153B21018855363784",2,2400.39236946948,4800.78473893896,8.47653467081234
"360","22064153B21038809643944",1,13140.5606362239,13140.5606362239,9.48345895750771
"361","22064153B21150807088610",1,40425.4247019821,40425.4247019821,10.6072141903142
"362","22064153B21224542742547",1,19822.9958474244,19822.9958474244,9.89459794920749
"363","22064153B2132252923317",2,22265.5991127073,44531.1982254146,10.7039453062271
"364","22064153B21418638291073",1,11411.3899760069,11411.3899760069,9.34236725629606
"365","22064153B21463927954199",2,78782.6077492171,157565.215498434,11.9675947182026
"366","22064153B21496575286327",1,35532.106674645,35532.106674645,10.4781919800984
"367","22064153B21529335846532",2,8052.20860946535,16104.4172189307,9.68684887476661
"368","22064153B21553303139286",1,56314.807077752,56314.807077752,10.9387127827057
"369","22064153B21572106271359",1,67615.737633416,67615.737633416,11.1215960401642
"370","22064153B21585833160132",1,230769.354469556,230769.354469556,12.3491740252054
"371","22064153B21627928533987",1,18779.4227720304,18779.4227720304,9.84051701597627
"372","22064153B21781575553931",1,84616.9307170957,84616.9307170957,11.3458896522513
"373","22064153B21914755064517",2,40904.5358862454,81809.0717724908,11.3121434183059
"374","22064153B21930418676565",1,77110.7337105864,77110.7337105864,11.2529977678976
"375","22064153B21986481545696",1,36959.6614077855,36959.6614077855,10.5175823646689
"376","22064153B22010426085653",1,2004.52022056457,2004.52022056457,7.6031600196169
"377","22064153B2210274470223",1,10409.2101671425,10409.2101671425,9.25044628621782
"378","22064153B22111041587368",1,9997.04266642168,9997.04266642168,9.21004459488062
"379","22064153B22404901625877",1,45459.1268190779,45459.1268190779,10.7245688895467
"380","22064153B22522574438890",1,61952.5683463338,61952.5683463338,11.034124344573
"381","22064153B22685350390729",1,256488.997724713,256488.997724713,12.4548410488122
"382","22064153B22770542866151",1,24633.5068570047,24633.5068570047,10.1118628625061
"383","22064153B22863459733327",1,43922.1981051126,43922.1981051126,10.6901751228617
"384","22064153B22998678840309",1,10350.4317504185,10350.4317504185,9.24478351283975
"385","22064153B23017512967810",1,519656.400930901,519656.400930901,13.160923104714
"386","22064153B23148495981135",1,1228865.32748407,1228865.32748407,14.021601803605
"387","22064153B2319717856826",2,12344.0320550305,24688.064110061,10.1140751714102
"388","22064153B23217272115075",1,45248.8396838765,45248.8396838765,10.719932306454
"389","22064153B23231745702149",1,29513.4005310864,29513.4005310864,10.2925996944763
"390","22064153B23299113779671",2,4926.26642203117,9852.53284406234,9.19548384264009
"391","22064153B23384477642602",1,15897.6385587204,15897.6385587204,9.67392585885891
"392","22064153B23593154045809",1,36259.1346012414,36259.1346012414,10.4984466175387
"393","22064153B23604692839196",2,13254.0048139502,26508.0096279004,10.1852022164154
"394","22064153B23745136254640",1,193762.329530914,193762.329530914,12.1743875814795
"395","22064153B23836741146869",1,52907.5516899318,52907.5516899318,10.876301361721
"396","22064153B23846455241552",1,127672.831086888,127672.831086888,11.7572262636049
"397","22064153B23879423585908",1,17151.4180871702,17151.4180871702,9.74983613647423
"398","22064153B24090934315492",2,4503.18949567527,9006.37899135054,9.10568838207142
"399","22064153B24235604109925",1,51366.9053468304,51366.9053468304,10.8467493792256
"400","22064153B24250896793566",1,12904.8822214221,12904.8822214221,9.46536098552619
"401","22064153B24327518891099",1,131258.284997645,131258.284997645,11.7849223022532
"402","22064153B24375638846800",1,246514.851786311,246514.851786311,12.4151775213043
"403","22064153B2439222401331",1,287623.903426795,287623.903426795,12.5694090148203
"404","22064153B2446826655857",1,83563.8829329063,83563.8829329063,11.3333666833906
"405","22064153B24536315802693",1,238923.578735732,238923.578735732,12.3838990255376
"406","22064153B24782157370501",1,67913.2200165938,67913.2200165938,11.1259859929253
"407","22064153B249766001509",1,71805.3072055183,71805.3072055183,11.181713668816
"408","22064153B25042190901764",2,611338.961481485,1222677.92296297,14.0165540299972
"409","22064153B25117865605166",1,35007.9066266499,35007.9066266499,10.4633292185777
"410","22064153B25240716524083",1,2397.92659485292,2397.92659485292,7.78235972413183
"411","22064153B25274509403754",2,131679.641488746,263359.282977492,12.4812744738726
"412","22064153B25299017238233",1,NA,NA,NA
"413","22064153B25382009967091",1,30326.2004222248,30326.2004222248,10.3197673182629
"414","22064153B25439030249227",1,7876.57215032534,7876.57215032534,8.97164808190534
"415","22064153B25500969615439",2,6618.60714596362,13237.2142919272,9.49078740644178
"416","22064153B25557212584140",1,331640.765346654,331640.765346654,12.7118076299909
"417","22064153B25569633235651",1,96238.8925584548,96238.8925584548,11.4745888435006
"418","22064153B25624433633857",1,16432.7258885814,16432.7258885814,9.70703010649579
"419","22064153B25692242595445",1,27118.2350445872,27118.2350445872,10.2079616604597
"420","22064153B25942497643845",2,6507.0803011905,13014.160602381,9.47379332071806
"421","22064153B25968534985503",1,40873.4025802291,40873.4025802291,10.6182348268299
"422","22064153B26033089234228",1,154147.927103301,154147.927103301,11.9456679859537
"423","22064153B26076067737587",1,28017.001829782,28017.001829782,10.2405668130875
"424","22064153B26111310234357",1,30899.6805346413,30899.6805346413,10.3385011241476
"425","22064153B26168625636469",1,677.825086731195,677.825086731195,6.51888927048448
"426","22064153B26204351532863",1,86625.7847681648,86625.7847681648,11.3693527958239
"427","22064153B2623770639583",2,28124.1283092892,56248.2566185784,10.9375303261389
"428","22064153B26379129013913",1,377451.398642389,377451.398642389,12.8411970940647
"429","22064153B26432964343600",1,75646.2717220068,75646.2717220068,11.2338234347503
"430","22064153B26463696706835",1,197892.347113552,197892.347113552,12.1954784603707
"431","22064153B26501737367812",1,3819.35224666841,3819.35224666841,8.24783611828721
"432","22064153B26513167275722",2,10006.1929718588,20012.3859437176,9.90410665803664
"433","22064153B26624831097193",1,7676.55919245203,7676.55919245203,8.94592670393382
"434","22064153B26660671620175",1,706403.755936203,706403.755936203,13.4679422452682
"435","22064153B26661145575054",1,50731.5967429961,50731.5967429961,10.8343042053856
"436","22064153B26672672151559",2,4853.7002130773,9707.4004261546,9.18064380413932
"437","22064153B26690922833011",1,17517.5198803204,17517.5198803204,9.77095679512747
"438","22064153B26884354260890",2,101132.564586962,202265.129173924,12.217334636444
"439","22064153B26987504968655",1,112872.641536493,112872.641536493,11.6340153960292
"440","22064153B27005462697609",2,63880.0844817042,127760.168963408,11.7579101053943
"441","22064153B27046387100615",1,41403.9915338915,41403.9915338915,10.631132569028
"442","22064153B2722132887235",2,6204.14509219959,12408.2901843992,9.42612009146227
"443","22064153B27247213696549",1,265442.520766575,265442.520766575,12.489153601938
"444","22064153B2734112781426",1,14429.7302923586,14429.7302923586,9.577045960835
"445","22064153B27349531519985",1,118431.979787203,118431.979787203,11.6820940645158
"446","22064153B27367893757530",1,43943.9374018276,43943.9374018276,10.6906699505227
"447","22064153B27378883096087",1,585000.87500022,585000.87500022,13.2793686219397
"448","22064153B27631691114886",2,11318.1058010127,22636.2116020254,10.0273061862495
"449","22064153B27637415608592",2,7581.96160184352,15163.923203687,9.6266744122398
"450","22064153B27741683898286",1,54965.7291387978,54965.7291387978,10.9144651634357
"451","22064153B27762332852443",1,12000.8552410317,12000.8552410317,9.39273319631652
"452","22064153B27870068763569",2,14941.4502440333,29882.9004880666,10.3050417057561
"453","22064153B27936475019673",1,5239.16596924911,5239.16596924911,8.56391759847297
"454","22064153B27979784056918",1,40310.3198281586,40310.3198281586,10.6043627902935
"455","22064153B28035717704665",1,47229.6363262918,47229.6363262918,10.7627768628032
"456","22064153B28097279144094",2,170942.785541539,341885.571083078,12.7422313725815
"457","22064153B28200881155358",1,14144.3168143188,14144.3168143188,9.55706818382897
"458","22064153B28331596269752",1,199639.476622492,199639.476622492,12.2042684019737
"459","22064153B28337090831591",1,378375.210372316,378375.210372316,12.8436416023128
"460","22064153B28412414302225",1,26087.3471939633,26087.3471939633,10.1692056939256
"461","22064153B28414045924235",1,3733.77128862061,3733.77128862061,8.22517407118681
"462","22064153B28508352708384",1,58254.7227499867,58254.7227499867,10.9725804453944
"463","22064153B28562561290701",1,22649.2631604413,22649.2631604413,10.0278825988342
"464","22064153B28595577519901",1,28978.6922899436,28978.6922899436,10.2743160902859
"465","22064153B2860073541487",1,7194.51424169153,7194.51424169153,8.88107410372636
"466","22064153B28607831481816",1,4883.54585094679,4883.54585094679,8.49362684379539
"467","22064153B28818453738247",1,87648.0381948919,87648.0381948919,11.3810845078387
"468","22064153B28841810223211",1,53361.4662817772,53361.4662817772,10.8848441592558
"469","22064153B28864104730432",1,52240.6275498991,52240.6275498991,10.8636157767016
"470","22064153B28866553828376",1,180483.826890066,180483.826890066,12.1033964510235
"471","22064153B29022768014976",1,28754.4762135571,28754.4762135571,10.266548728491
"472","22064153B29173837278044",1,31278.0058688481,31278.0058688481,10.3506704416312
"473","22064153B29179737200672",1,44244.1355237474,44244.1355237474,10.6974781111163
"474","22064153B29189264860619",1,100985.036994353,100985.036994353,11.5227276362776
"475","22064153B29202371584226",1,222284.819923529,222284.819923529,12.3117148111768
"476","22064153B29481673904994",1,6256.279116629,6256.279116629,8.74134089705933
"477","22064153B29546995606208",1,32890.8484800386,32890.8484800386,10.4009497363584
"478","22064153B29606246418188",1,77976.9832540584,77976.9832540584,11.2641689756387
"479","22064153B298158602474",1,5446.59674753298,5446.59674753298,8.60274624261324
"480","22064153B29893282242980",2,10897.8630724595,21795.726144919,9.98946918115897
"481","22064153B29987612249320",1,56815.3084848154,56815.3084848154,10.9475610839742
"482","22064153B30086215465497",1,69817.7768481598,69817.7768481598,11.1536439389627
"483","22064153B30148969758509",1,12696.1731599981,12696.1731599981,9.44905590105448
"484","22064153B30363651690938",1,330666.615499212,330666.615499212,12.7088659428586
"485","22064153B30432270495602",2,24447.5139320722,48895.0278641444,10.7974309906234
"486","22064153B30545680019922",1,3272.98338572838,3272.98338572838,8.09345719832831
"487","22064153B30560845546979",1,12131.3669552224,12131.3669552224,9.40354968769289
"488","22064153B3059978894084",1,9711.63333782405,9711.63333782405,9.18107975906766
"489","22064153B30625233243143",1,37138.9999791743,37138.9999791743,10.5224229088354
"490","22064153B30638579191520",2,12181.7983422949,24363.5966845898,10.1008453580757
"491","22064153B30746537151350",1,654.506865396739,654.506865396739,6.48388207482395
"492","22064153B30747054135081",1,194153.315802884,194153.315802884,12.1764034135763
"493","22064153B31019964907182",1,27801.6964797413,27801.6964797413,10.2328523222679
"494","22064153B31050453163422",1,3408.3194141535,3408.3194141535,8.13397460836761
"495","22064153B31135289991863",1,81208.5427423837,81208.5427423837,11.304775726803
"496","22064153B31214056666647",2,39686.4837593691,79372.9675187382,11.281913129804
"497","22064153B31303079621207",1,83265.4198741402,83265.4198741402,11.3297886144043
"498","22064153B31542603161121",1,22223.7744249095,22223.7744249095,10.0089179148755
"499","22064153B31654670628378",2,25550.4870606631,51100.9741213262,10.8415588390497
"500","22064153B31739798993993",1,25595.5444598965,25595.5444598965,10.1501735707849
"501","22064153B31740709740482",1,2929.98695012725,2929.98695012725,7.98275324811971
"502","22064153B31828477920697",1,71397.861761098,71397.861761098,11.1760232005557
"503","22064153B3183169293833",1,15102.5766457022,15102.5766457022,9.6226206470341
"504","22064153B31946200806378",1,14777.064865671,14777.064865671,9.60083158653134
"505","22064153B31988030206411",1,52663.0073440169,52663.0073440169,10.8716685401173
"506","22064153B32144271118289",2,5122.63779746074,10245.2755949215,9.23457196074276
"507","22064153B32207594646608",1,18766.119608386,18766.119608386,9.83980837450473
"508","22064153B32275043868234",1,14554.2540530977,14554.2540530977,9.58563860464981
"509","22064153B32308822660767",1,7145.59522587733,7145.59522587733,8.874251393525
"510","22064153B32423608968976",1,13532.0349570357,13532.0349570357,9.51281511318397
"511","22064153B32431944472623",2,1557.87747972963,3115.75495945926,8.04422676444373
"512","22064153B32453256362792",2,11790.1278283166,23580.2556566332,10.068165016129
"513","22064153B32454677361309",1,64474.8940410787,64474.8940410787,11.0740311873372
"514","22064153B32499931661973",1,161006.705976642,161006.705976642,11.989201295128
"515","22064153B32509347712886",1,3606.24267738645,3606.24267738645,8.19042169972026
"516","22064153B32594171484977",1,8426.19355616669,8426.19355616669,9.03910041357428
"517","22064153B3260295763556",1,44325.1538241643,44325.1538241643,10.6993076013067
"518","22064153B32622592109390",1,748621.470314124,748621.470314124,13.5259887546638
"519","22064153B32661608825034",1,520970.542258632,520970.542258632,13.1634487783666
"520","22064153B32663760346389",1,66677.4091694581,66677.4091694581,11.1076214814227
"521","22064153B32697897340727",1,50931.0737607648,50931.0737607648,10.8382285027266
"522","22064153B32748472503600",1,5007.80938787403,5007.80938787403,8.51875385052882
"523","22064153B3280524188858",1,86794.216447922,86794.216447922,11.3712952676442
"524","22064153B32879665089708",2,20475.4707469519,40950.9414939038,10.620130080321
"525","22064153B33022261417007",1,34543.8409431351,34543.8409431351,10.4499845482724
"526","22064153B33141511613521",2,16871.2447870285,33742.489574057,10.4265131403979
"527","22064153B33206929848815",2,6606.99702574777,13213.9940514955,9.4890317024229
"528","22064153B33436919021908",1,39209.686931053,39209.686931053,10.5766791108386
"529","22064153B33572200276184",1,1702.08451381075,1702.08451381075,7.43960896348851
"530","22064153B33610753881119",1,28586.976592734,28586.976592734,10.2607065292079
"531","22064153B33692548967608",1,59248.3807132327,59248.3807132327,10.9894937288894
"532","22064153B33757504335053",1,112808.577123152,112808.577123152,11.6334476534811
"533","22064153B3395766783425",1,6408.33939980334,6408.33939980334,8.7653554523586
"534","22064153B34040936998184",1,37111.1830292118,37111.1830292118,10.5216736325336
"535","22064153B3414994926035",2,16305.660860085,32611.32172017,10.3924147990926
"536","22064153B34173315549622",1,20729.4585456615,20729.4585456615,9.93931108572843
"537","22064153B3427611435846",1,17018.2951732058,17018.2951732058,9.74204423102379
"538","22064153B34289782846164",2,478682.329115657,957364.658231314,13.7719396409405
"539","22064153B34391184874660",1,632.421702610515,632.421702610515,6.44955642259991
"540","22064153B34391741921391",1,36285.5749079084,36285.5749079084,10.4991755558173
"541","22064153B34439901226362",1,665127.23216392,665127.23216392,13.4077336278997
"542","22064153B34443868046446",1,581061.608752522,581061.608752522,13.2726120693733
"543","22064153B34645070246824",1,131152.164008944,131152.164008944,11.7841134854177
"544","22064153B34770411990432",1,212089.907030453,212089.907030453,12.2647655535198
"545","22064153B34805483384531",1,48839.1969635374,48839.1969635374,10.7962884859015
"546","22064153B34841335570745",2,108727.171257079,217454.342514158,12.2897441879996
"547","22064153B34851227738598",1,24841.3112001064,24841.3112001064,10.1202633204879
"548","22064153B35070175546875",1,728543.829301174,728543.829301174,13.4988030665704
"549","22064153B35070439080278",2,16804.059452479,33608.118904958,10.4225229508386
"550","22064153B35076023646202",1,67065.2046529879,67065.2046529879,11.1134206288933
"551","22064153B35105939301214",1,19804.1971032912,19804.1971032912,9.89364916913282
"552","22064153B3528434639026",2,34535.719012343,69071.438024686,11.1428965816822
"553","22064153B35296121445435",1,51160.2458936589,51160.2458936589,10.8427180620467
"554","22064153B35365393419154",1,23938.0165241867,23938.0165241867,10.0832231237241
"555","22064153B35477366306356",2,11148.1086379979,22296.2172759958,10.0121723141805
"556","22064153B35633292127249",2,48641.6477582201,97283.2955164402,11.4853825732343
"557","22064153B3574187835078",1,37142.6638765656,37142.6638765656,10.5225215576056
"558","22064153B35820151330939",1,6143.71652112127,6143.71652112127,8.72318513462265
"559","22064153B35835491852984",1,9577.32890515102,9577.32890515102,9.1671540121658
"560","22064153B3601656726791",1,115379.032055707,115379.032055707,11.6559779185896
"561","22064153B36124177261104",1,97414.8747060201,97414.8747060201,11.4867341956914
"562","22064153B36411435837789",2,753844.669724505,1507689.33944901,14.2260887980045
"563","22064153B36448258784434",1,92135.7218407181,92135.7218407181,11.4310180063366
"564","22064153B36635656677218",1,156888.943081273,156888.943081273,11.9632934651179
"565","22064153B36650271822952",1,6875.89744808567,6875.89744808567,8.83577745191881
"566","22064153B36820241418054",1,37933.4499554752,37933.4499554752,10.5435885863989
"567","22064153B36899747691995",2,12905.1724870259,25810.3449740518,10.15853065853
"568","22064153B36918905914331",1,10085.7690837162,10085.7690837162,9.21888070764091
"569","22064153B37150233098010",1,1056089.09824998,1056089.09824998,13.8700831130319
"570","22064153B37190858382718",1,422.887201920297,422.887201920297,6.04710548135865
"571","22064153B37300460169028",1,31141.7346221735,31141.7346221735,10.3463041478242
"572","22064153B37535549153017",1,6966.53834864836,6966.53834864836,8.84887373026086
"573","22064153B37672699687454",1,1175.38910417233,1175.38910417233,7.06935452424647
"574","22064153B37744123028030",1,23957.8282754599,23957.8282754599,10.0840504085329
"575","22064153B37976146363368",1,13432.3437722666,13432.3437722666,9.50542079195776
"576","22064153B37981872501912",1,35257.33292073,35257.33292073,10.470428812726
"577","22064153B37982881195793",1,16626.8525295519,16626.8525295519,9.71877428966514
"578","22064153B37992746393477",1,191757.215703847,191757.215703847,12.1639853493108
"579","22064153B37993588390493",1,510687.399939726,510687.399939726,13.1435129401946
"580","22064153B37996051653181",1,24373.7008218306,24373.7008218306,10.1012599948284
"581","22064153B38003203294123",2,63253.538879209,126507.077758418,11.748053536244
"582","22064153B38015411122524",2,14623.6982180967,29247.3964361934,10.2835458379699
"583","22064153B3805543078066",1,393371.611401962,393371.611401962,12.8825100201624
"584","22064153B38153084112914",1,4734.36338502486,4734.36338502486,8.46260254780074
"585","22064153B38234502302871",1,31813.3198768318,31813.3198768318,10.3676403451205
"586","22064153B38245769729166",1,82109.6475889827,82109.6475889827,11.3158107987558
"587","22064153B38263245523496",1,53468.7529220873,53468.7529220873,10.886852704725
"588","22064153B38280459687635",2,635.957704003031,1271.91540800606,7.14827923854875
"589","22064153B38373217054735",1,17202.7132926843,17202.7132926843,9.75282239993506
"590","22064153B38511485001637",1,95367.1943844578,95367.1943844578,11.4654899239213
"591","22064153B38516205558719",2,11708.5908889797,23417.1817779594,10.0612252959212
"592","22064153B38567420312382",1,2772.01692423517,2772.01692423517,7.9273304657151
"593","22064153B386757368004",1,56743.8382306841,56743.8382306841,10.9463023520158
"594","22064153B38748946116024",1,7676.19991014524,7676.19991014524,8.94587990031963
"595","22064153B38860399977783",1,62667.1373468279,62667.1373468279,11.0455924639694
"596","22064153B38891781279307",1,20050.8145990204,20050.8145990204,9.90602506028947
"597","22064153B38946146548358",1,46335.9435846122,46335.9435846122,10.7436732582164
"598","22064153B39171502191048",2,12250.0020366729,24500.0040733458,10.1064285627918
"599","22064153B39173666137461",2,9320.09418751192,18640.1883750238,9.83307519414473
"600","22064153B39214075995861",1,132057.214366233,132057.214366233,11.790990549828
"601","22064153B39248770948024",1,33412.0847303065,33412.0847303065,10.416672931797
"602","22064153B39270708607806",1,619852.435311448,619852.435311448,13.3372367211308
"603","22064153B39431527645490",1,13171.8545953137,13171.8545953137,9.48583760451289
"604","22064153B3969862222627",1,12314.6190823542,12314.6190823542,9.41854237888293
"605","22064153B39701382279835",1,20546.3105318971,20546.3105318971,9.93043666764511
"606","22064153B39757169885153",1,32929.8923978409,32929.8923978409,10.4021361077623
"607","22064153B397815229123",1,823.085510845089,823.085510845089,6.71306009667105
"608","22064153B39894202763699",1,17823.9648193902,17823.9648193902,9.78829916894758
"609","22064153B39921881538290",1,79078.559523403,79078.559523403,11.2781970616837
"610","22064153B39981249129264",1,33395.0826841603,33395.0826841603,10.416163943101
"611","22064153B40043226344788",1,7557.87821807221,7557.87821807221,8.93034577079632
"612","22064153B40136139146839",1,38266.7904662198,38266.7904662198,10.5523377093742
"613","22064153B40173018789364",1,89878.6718317775,89878.6718317775,11.4062159490626
"614","22064153B4024875933909",1,48927.2052979726,48927.2052979726,10.798088866322
"615","22064153B40258273946577",1,18102.0735602204,18102.0735602204,9.80378177203041
"616","22064153B40278985513053",1,8363.99501409246,8363.99501409246,9.03169146443314
"617","22064153B40501348045878",1,165485.876782771,165485.876782771,12.0166411334979
"618","22064153B40775689638766",1,43843.8889562495,43843.8889562495,10.6883906256312
"619","22064153B40828352777432",1,23790.6991406141,23790.6991406141,10.0770499908691
"620","22064153B40974377910611",1,263550.201262546,263550.201262546,12.4819991459429
"621","22064153B41013968851864",1,8097.98016186155,8097.98016186155,8.99936994683133
"622","22064153B41128081169981",1,9671.96727050729,9671.96727050729,9.17698700834631
"623","22064153B41154522842822",1,6419.35469764627,6419.35469764627,8.76707287724678
"624","22064153B41206405308946",1,65494.9488018175,65494.9488018175,11.0897283011201
"625","22064153B41312501853097",1,NA,NA,NA
"626","22064153B41354551896797",1,28252.8389137435,28252.8389137435,10.2489492240474
"627","22064153B41514672574111",2,19944.2722509756,39888.5445019512,10.5938444564411
"628","22064153B41525675673644",2,11869.0828599803,23738.1657199606,10.074839399802
"629","22064153B41545162624275",1,56779.1481045753,56779.1481045753,10.9469244264726
"630","22064153B417111065512",1,53074.1116640783,53074.1116640783,10.8794445490612
"631","22064153B41713963483520",1,1681.87942661353,1681.87942661353,7.42766715342927
"632","22064153B41720613650338",1,128695.521654896,128695.521654896,11.7652045962025
"633","22064153B41777541887282",1,14420.7382470646,14420.7382470646,9.5764226055801
"634","22064153B42062720942264",1,1358.74327389908,1358.74327389908,7.2143154882109
"635","22064153B4211596098450",1,68852.5037970467,68852.5037970467,11.1397218694658
"636","22064153B42217323909789",2,44452.9858542882,88905.9717085764,11.3953345925708
"637","22064153B42280137563605",1,55532.1670336946,55532.1670336946,10.924717718032
"638","22064153B42291200721989",1,90411.3287072894,90411.3287072894,11.4121248560872
"639","22064153B42302848095491",1,2490.81076619221,2490.81076619221,7.82036354537221
"640","22064153B42334403031986",1,17867.2549743174,17867.2549743174,9.7907249855157
"641","22064153B42446330332241",1,NA,NA,NA
"642","22064153B42670952737244",1,37652.8121373495,37652.8121373495,10.5361629220018
"643","22064153B42694196636738",1,102200.176366558,102200.176366558,11.5346886824504
"644","22064153B42815652831414",1,NA,NA,NA
"645","22064153B4286483496326",1,1374.50152151808,1374.50152151808,7.22584641456582
"646","22064153B42900229299916",1,123625.168640551,123625.168640551,11.7250094330539
"647","22064153B42900259009537",1,109544.292900137,109544.292900137,11.6040842478212
"648","22064153B42905790783951",1,24205.5145657895,24205.5145657895,10.0943357608047
"649","22064153B43125554844951",1,34207.9492068819,34207.9492068819,10.4402133289921
"650","22064153B43134754063243",1,122189.455181424,122189.455181424,11.7133280305186
"651","22064153B43162211082294",1,80766.7930687184,80766.7930687184,11.2993211831627
"652","22064153B43185436543368",2,113951.909239183,227903.818478366,12.3366789701543
"653","22064153B43232659310460",1,29753.0058890072,29753.0058890072,10.3006854441557
"654","22064153B43785762223582",1,41188.6033397293,41188.6033397293,10.6259168791041
"655","22064153B43898079170437",1,242774.68390143,242774.68390143,12.399889065439
"656","22064153B43932991343110",1,5778.87728056344,5778.87728056344,8.66196470068193
"657","22064153B43979450317974",1,45198.1693120741,45198.1693120741,10.7188118630548
"658","22064153B439820272378",1,59415.7158812332,59415.7158812332,10.9923140474815
"659","22064153B43988911271418",1,392462.750290826,392462.750290826,12.8801969079833
"660","22064153B4409747403252",1,83474.7558551269,83474.7558551269,11.3322995400412
"661","22064153B44123473908200",1,81141.6709257465,81141.6709257465,11.3039519296683
"662","22064153B44267984628031",2,28787.1181880326,57574.2363760652,10.9608304614844
"663","22064153B44317666842318",2,37334.7897397465,74669.579479493,11.2208280522942
"664","22064153B44386378805197",1,13484.2307233678,13484.2307233678,9.50927618710698
"665","22064153B44499834230387",1,45029.4479002296,45029.4479002296,10.7150719525105
"666","22064153B44542304217365",2,122769.158885461,245538.317770922,12.4112082945707
"667","22064153B44542802774302",1,29559.9128463099,29559.9128463099,10.2941744266921
"668","22064153B44549146098758",1,32384.4086986486,32384.4086986486,10.3854323729556
"669","22064153B44560660851170",1,19849.1792292462,19849.1792292462,9.89591793660787
"670","22064153B44894866493506",1,27146.5541424629,27146.5541424629,10.2090053980609
"671","22064153B44963787773880",2,408594.443638976,817188.887277952,13.6136255432991
"672","22064153B45091365620199",1,28015.538320294,28015.538320294,10.2405145752456
"673","22064153B45156088025009",1,53544.0332296226,53544.0332296226,10.8882596453843
"674","22064153B45188135537989",2,8604.31679509485,17208.6335901897,9.75316648978333
"675","22064153B45193462412831",1,2341.63540932326,2341.63540932326,7.75860485711304
"676","22064153B4519570067417",1,30015.3287678863,30015.3287678863,10.3094634890788
"677","22064153B45248140164067",1,45564.7075041745,45564.7075041745,10.7268887376004
"678","22064153B45322323594402",1,60295.8037196098,60295.8037196098,11.0070177902376
"679","22064153B45421969822613",2,34740.6183905128,69481.2367810256,11.1488120207295
"680","22064153B4599338501443",1,107604.81026048,107604.81026048,11.5862206307336
"681","22064153B46077925963614",1,3636042.25459768,3636042.25459768,15.1064063553885
"682","22064153B46179239075141",1,262681.69623875,262681.69623875,12.478698297718
"683","22064153B46444356983113",1,8863.77224703383,8863.77224703383,9.08972771450464
"684","22064153B46600625049869",1,82333.4525796585,82333.4525796585,11.3185327752769
"685","22064153B46704511069895",2,1724.1172116932,3448.2344233864,8.1456176176936
"686","22064153B4671862991873",1,54675.565706398,54675.565706398,10.909172192202
"687","22064153B46722483166197",1,46195.7036299672,46195.7036299672,10.7406420777232
"688","22064153B46764438077406",2,30558.9622792309,61117.9245584618,11.0205604664324
"689","22064153B4700189189865",1,17774.3994298415,17774.3994298415,9.78551446674995
"690","22064153B47073397017975",1,41137.3465374451,41137.3465374451,10.6246716627662
"691","22064153B47088094291136",2,38444.0205124693,76888.0410249386,11.2501056300705
"692","22064153B47110066124982",1,22396.2134448858,22396.2134448858,10.0166471809148
"693","22064153B47141697781340",2,69961.5431344414,139923.086268883,11.8488481668312
"694","22064153B47306424439203",1,73326.9862579664,73326.9862579664,11.2026839818929
"695","22064153B47377223297779",1,47871.3074879415,47871.3074879415,10.7762715953192
"696","22064153B47630890229940",1,67324.4802872356,67324.4802872356,11.1172791981882
"697","22064153B47665726673429",1,29576.2615486174,29576.2615486174,10.2947273438495
"698","22064153B48033226915297",1,84758.5169867784,84758.5169867784,11.3475615156126
"699","22064153B48077040474563",1,9551.90640062813,9551.90640062813,9.16449603665516
"700","22064153B48078065447549",1,39278.0000488197,39278.0000488197,10.5784198459181
"701","22064153B48099706637709",2,33819.5937935273,67639.1875870546,11.1219427921044
"702","22064153B48122018052032",2,2172.03690758099,4344.07381516198,8.37656785391
"703","22064153B48132801424008",1,17546.3729469316,17546.3729469316,9.77260253784438
"704","22064153B48149505278651",1,36116.5769626745,36116.5769626745,10.4945072345649
"705","22064153B48186183517064",1,37807.911595504,37807.911595504,10.5402736611755
"706","22064153B48342484050891",2,27269.1531123278,54538.3062246556,10.9066586002638
"707","22064153B48448071500223",1,54111.2902312578,54111.2902312578,10.8987981349516
"708","22064153B48596792634391",1,7045.48171253505,7045.48171253505,8.86014179850835
"709","22064153B48657370827340",1,20504.0655437927,20504.0655437927,9.92837846467324
"710","22064153B48721476653165",2,37783.6772946215,75567.354589243,11.2327796513049
"711","22064153B48912941109892",1,6759.18971006886,6759.18971006886,8.81865829647815
"712","22064153B4914866611049",1,37620.3043462659,37620.3043462659,10.5352991928347
"713","22064153B49253931002117",1,16699.1730178222,16699.1730178222,9.72311447728781
"714","22064153B49276333720668",1,283.743483800524,283.743483800524,5.64807060395227
"715","22064153B49277227172137",2,77068.8061507359,154137.612301472,11.9456010687583
"716","22064153B49312445085348",1,102221.440973342,102221.440973342,11.5348967290077
"717","22064153B4943550686052",1,150208.377368904,150208.377368904,11.9197787915165
"718","22064153B49599067230525",1,3778.38141748966,3778.38141748966,8.23705100048006
"719","22064153B49815970658587",2,1549.98728809231,3099.97457618462,8.03914918920884
"720","22064153B4986899209326",1,11379.2787030716,11379.2787030716,9.33954932281316
"721","22064153B49930616683210",2,26161.5375056789,52323.0750113578,10.8651927575569
"722","22064153B50086663082830",1,21270.5225426101,21270.5225426101,9.965077475011
"723","22064153B50127678643850",1,52919.2218331063,52919.2218331063,10.876521913531
"724","22064153B50130441477952",2,20044.7297223767,40089.4594447534,10.5988687220025
"725","22064153B50147384366789",1,38531.8001300822,38531.8001300822,10.559239156749
"726","22064153B5017288321656",1,15559.7062228242,15559.7062228242,9.65243991727293
"727","22064153B51010300776987",1,173839.20912699,173839.20912699,12.0658860654894
"728","22064153B5111391554664",1,43733.1268311127,43733.1268311127,10.6858611449633
"729","22064153B51289193141424",2,10613.4496280698,21226.8992561396,9.96302448920876
"730","22064153B51420190401517",1,1883.63264403132,1883.63264403132,7.5409574488793
"731","22064153B51464692079899",1,NA,NA,NA
"732","22064153B5152282240918",1,6155.60235166606,6155.60235166606,8.72511789762648
"733","22064153B51627476063203",1,164189.791072895,164189.791072895,12.0087783003337
"734","22064153B51662529993673",2,3763.07644797568,7526.15289595136,8.92613928664611
"735","22064153B51668010168839",1,297675.28644208,297675.28644208,12.6037585285834
"736","22064153B51715438268926",1,40200.6254586102,40200.6254586102,10.601637833158
"737","22064153B51725743038941",1,66622.1474451666,66622.1474451666,11.1067923454696
"738","22064153B51825841674851",1,12071.136828321,12071.136828321,9.39857249592982
"739","22064153B51861353705431",2,127569.613090245,255139.22618049,12.4495646601665
"740","22064153B519565970341",1,77275.3740192284,77275.3740192284,11.2551306070951
"741","22064153B52034596955899",1,42932.696456874,42932.696456874,10.6673889697952
"742","22064153B52085994320923",1,112411.638992445,112411.638992445,11.6299227608357
"743","22064153B52179912270627",1,48811.1720397363,48811.1720397363,10.7957145008801
"744","22064153B52241055716439",2,56033.7853851956,112067.570770391,11.6268572788086
"745","22064153B52253141451980",1,179481.246412297,179481.246412297,12.0978260046407
"746","22064153B52284204383647",1,10177.842055412,10177.842055412,9.22796828879414
"747","22064153B52291408422766",1,9877.53164452843,9877.53164452843,9.19801792597856
"748","22064153B52336142929997",1,16486.1747190764,16486.1747190764,9.71027741284421
"749","22064153B52472433648563",1,12904.1671946983,12904.1671946983,9.46530557653282
"750","22064153B52477902075398",1,58107.2376982721,58107.2376982721,10.9700455082014
"751","22064153B52523580672290",1,35248.6749712896,35248.6749712896,10.470183218067
"752","22064153B52612130244495",1,41147.7895854272,41147.7895854272,10.624925488634
"753","22064153B52612753206186",1,7362.83320634744,7362.83320634744,8.90420008416462
"754","22064153B52633464961485",1,213386.442500628,213386.442500628,12.2708600849067
"755","22064153B52648905753653",2,3606.27707647745,7212.5541529549,8.88357841899682
"756","22064153B5267804533831",1,10815.9527467436,10815.9527467436,9.28877742944402
"757","22064153B52725816904934",1,46773.2226755783,46773.2226755783,10.7530661531051
"758","22064153B52801339035563",1,136994.599930774,136994.599930774,11.8276967874697
"759","22064153B52807334216940",1,41326.2306833077,41326.2306833077,10.6292527028461
"760","22064153B52841590037267",1,23778.8164636063,23778.8164636063,10.0765503987626
"761","22064153B52868042497281",1,99586.8236761009,99586.8236761009,11.5087851424127
"762","22064153B52887999669387",1,313465.921694903,313465.921694903,12.655445930419
"763","22064153B52893965353266",1,NA,NA,NA
"764","22064153B52899597387613",1,11490.3607136986,11490.3607136986,9.34926376405748
"765","22064153B52911851929609",1,112806.037283122,112806.037283122,11.6334251386273
"766","22064153B5295337142210",1,104535.883430836,104535.883430836,11.5572856735581
"767","22064153B53002187512045",1,20757.2100779393,20757.2100779393,9.94064893893949
"768","22064153B53034253556310",1,139072.48795984,139072.48795984,11.8427505722949
"769","22064153B53107080731031",1,2547.2409454224,2547.2409454224,7.84276607019989
"770","22064153B53114788196581",1,183570.785844401,183570.785844401,12.1203556260133
"771","22064153B53153921361831",1,79706.3191851595,79706.3191851595,11.2861041487765
"772","22064153B53244281721356",1,264664.235736365,264664.235736365,12.4862172666438
"773","22064153B53353386763224",1,549306.668611207,549306.668611207,13.2164121594558
"774","22064153B53393989117079",2,5404.99587123313,10809.9917424663,9.2882261467538
"775","22064153B53434069623251",1,67405.5464823831,67405.5464823831,11.1184825855381
"776","22064153B53472362936594",1,124097.013180358,124097.013180358,11.7288189030574
"777","22064153B53598611305764",1,42122.5892581233,42122.5892581233,10.6483394377233
"778","22064153B53739410644447",1,15507.3267424159,15507.3267424159,9.64906788428226
"779","22064153B53754534753242",1,5462.6396446514,5462.6396446514,8.60568740331533
"780","22064153B53816838639023",2,58172.297713947,116344.595427894,11.6643117166665
"781","22064153B54270766590260",1,73570.5195788214,73570.5195788214,11.2059996752749
"782","22064153B54270882779278",1,293100.264819667,293100.264819667,12.5882700302116
"783","22064153B54328590224994",2,5474.9678510992,10949.9357021984,9.30108886328206
"784","22064153B54478878575697",1,97114.9723687888,97114.9723687888,11.4836508377457
"785","22064153B54491533323860",1,25183.8312089658,25183.8312089658,10.1339574488823
"786","22064153B54492214323948",1,62486.8363977653,62486.8363977653,11.0427111959057
"787","22064153B54573279257236",1,11144.3599217789,11144.3599217789,9.31868881229801
"788","22064153B54635082172523",1,14999.0418940145,14999.0418940145,9.61574160431197
"789","22064153B54692117274500",1,2415.13428264261,2415.13428264261,7.78951016811957
"790","22064153B54693030859615",1,70778.4783119562,70778.4783119562,11.1673102548263
"791","22064153B54713047474060",1,5725.70026062789,5725.70026062789,8.6527201372093
"792","22064153B54964059777248",1,21147.6646164094,21147.6646164094,9.95928475834976
"793","22064153B55014741833430",1,7762.09020593785,7762.09020593785,8.95700693334262
"794","22064153B55178851895716",1,15530.4987738876,15530.4987738876,9.65056103242594
"795","22064153B5520386080739",1,18078.6638586956,18078.6638586956,9.80248772959449
"796","22064153B5531323380958",1,1459327.42998443,1459327.42998443,14.1934862231519
"797","22064153B55351511475413",1,66099.0462651057,66099.0462651057,11.0989095970686
"798","22064153B55422469295161",1,NA,NA,NA
"799","22064153B55493173352162",2,17277.2987071744,34554.5974143488,10.4502958858817
"800","22064153B55567026325895",1,NA,NA,NA
"801","22064153B55574544094548",1,55149.1244542439,55149.1244542439,10.9177961488393
"802","22064153B55610752939403",1,8088.59603609711,8088.59603609711,8.99821045186451
"803","22064153B55696485794579",1,938.375070466712,938.375070466712,6.84414973098757
"804","22064153B55930097994120",2,79206.2166283754,158412.433256751,11.9729572480646
"805","22064153B55931345507884",2,86650.2504326907,173300.500865381,12.0627823658633
"806","22064153B55971315986708",2,4529.09321644931,9058.18643289862,9.1114242060305
"807","22064153B55990340820977",1,112301.757730376,112301.757730376,11.6289447927
"808","22064153B5606212103523",2,4456.05419031473,8912.10838062946,9.09516612329481
"809","22064153B56106555282703",2,126336.601159497,252673.202318994,12.4398522423197
"810","22064153B56211754183419",1,489762.800543072,489762.800543072,13.1016764723577
"811","22064153B56325145349456",1,45944.7439848154,45944.7439848154,10.7351947357095
"812","22064153B56360165329958",2,44613.4919168492,89226.9838336984,11.3989387821678
"813","22064153B56407070841201",1,22153.2280236294,22153.2280236294,10.0057384995561
"814","22064153B56453933156729",1,74254.1488780587,74254.1488780587,11.2152489322494
"815","22064153B56467377786107",2,10949.140538402,21898.281076804,9.99416342308047
"816","22064153B56504445725691",1,128375.970069377,128375.970069377,11.762718503731
"817","22064153B56566020119712",1,3100.94834805129,3100.94834805129,8.03946326241587
"818","22064153B56572969434164",1,41349.769810361,41349.769810361,10.6298221335769
"819","22064153B56793380083143",1,64127.5299425905,64127.5299425905,11.0686290349906
"820","22064153B56859070265956",1,39442.183683721,39442.183683721,10.5825911744182
"821","22064153B56867511813359",1,73326.7758155647,73326.7758155647,11.2026811119713
"822","22064153B56887254979091",1,52363.3256855539,52363.3256855539,10.8659617337737
"823","22064153B56938477027476",1,9200.91331192921,9200.91331192921,9.12705803114567
"824","22064153B57190407441885",1,7219.69310453411,7219.69310453411,8.88456772468624
"825","22064153B5719123813817",1,141026.481670949,141026.481670949,11.8567029649947
"826","22064153B5740427837712",1,120785.304265771,120785.304265771,11.7017699036534
"827","22064153B57460904263691",1,26751.6841878484,26751.6841878484,10.1943527106356
"828","22064153B57479664595133",1,75778.5903159399,75778.5903159399,11.2355710820763
"829","22064153B57554253448105",2,1569.214752524,3138.429505048,8.05147779615373
"830","22064153B57621405150559",1,3982.72552848271,3982.72552848271,8.28972167005718
"831","22064153B57653532760136",1,17530.6743086908,17530.6743086908,9.77170744315899
"832","22064153B57698371148493",1,6720.90263638308,6720.90263638308,8.81297774538729
"833","22064153B57763514697313",1,29569.787533682,29569.787533682,10.2945084276223
"834","22064153B57801992155462",1,302686.421140363,302686.421140363,12.6204526348704
"835","22064153B57880496845400",1,44121.0782337127,44121.0782337127,10.6946929117296
"836","22064153B57896694451609",1,47696.544684077,47696.544684077,10.7726142357637
"837","22064153B57923514267215",1,5846.01577025751,5846.01577025751,8.67351564328259
"838","22064153B58107938128822",1,72750.4678402775,72750.4678402775,11.1947906158073
"839","22064153B58156912777265",1,24340.495189159,24340.495189159,10.0998967110001
"840","22064153B58180962451731",1,160488.166502175,160488.166502175,11.9859754898757
"841","22064153B5819975327596",1,16129.5948053059,16129.5948053059,9.68841105023993
"842","22064153B58264224873440",2,12100.5249903855,24201.049980771,10.0941512988387
"843","22064153B58298111838793",2,106346.149701993,212692.299403986,12.2676017965084
"844","22064153B58377090478857",1,61523.4182768303,61523.4182768303,11.0271731663035
"845","22064153B58412342930538",1,121826.879635871,121826.879635871,11.7103562965758
"846","22064153B58604351029537",2,5705.17632900568,11410.3526580114,9.34227635017966
"847","22064153B58604359229112",1,12810.5280639843,12810.5280639843,9.45802261683461
"848","22064153B58621167796121",2,33092.5037763991,66185.0075527982,11.1002092442643
"849","22064153B58757994168933",1,28230.594598553,28230.594598553,10.2481615836737
"850","22064153B58787616490408",2,24412.0454775999,48824.0909551998,10.7959791371425
"851","22064153B58928205078712",1,9547.71237628412,9547.71237628412,9.16405686302971
"852","22064153B5894955463903",1,16094.2029167662,16094.2029167662,9.68621441885116
"853","22064153B59005328689415",1,266942.558454018,266942.558454018,12.4947887773608
"854","22064153B59364023659403",1,24028.1015805281,24028.1015805281,10.0869793235509
"855","22064153B59487832348145",1,3246.82322135657,3246.82322135657,8.08543232693628
"856","22064153B59525909897938",1,16436.0602381632,16436.0602381632,9.70723299501016
"857","22064153B59694701296815",1,23414.2937658858,23414.2937658858,10.0611019595521
"858","22064153B59718071460556",1,12717.4757532779,12717.4757532779,9.45073237013154
"859","22064153B5983137694741",1,72757.0177901104,72757.0177901104,11.1948806448502
"860","22064153B59967033318464",1,822.386934342328,822.386934342328,6.71221100734504
"861","22064153B59992096453849",1,1284.49861404937,1284.49861404937,7.15812373756872
"862","22064153B60097307902017",1,55266.2304545884,55266.2304545884,10.9199173401238
"863","22064153B60131456575281",1,13070.1789172071,13070.1789172071,9.47808849567584
"864","22064153B60195592260119",1,25005.7916984852,25005.7916984852,10.1268627449589
"865","22064153B60289676551693",1,2442.07597965348,2442.07597965348,7.80060376788584
"866","22064153B60305206630690",1,110575.707454984,110575.707454984,11.6134557006811
"867","22064153B60374785593421",1,76654.5348632579,76654.5348632579,11.2470640458018
"868","22064153B60376459146870",1,1201.73986886868,1201.73986886868,7.09152567642331
"869","22064153B60548593458523",1,211847.776894051,211847.776894051,12.263623262226
"870","22064153B60558378980420",1,NA,NA,NA
"871","22064153B60751840721116",1,29769.8667336283,29769.8667336283,10.3012519774673
"872","22064153B60802825525558",1,30897.4709133369,30897.4709133369,10.3384296120713
"873","22064153B60880441829581",2,13878.9458670599,27757.8917341198,10.2312754655594
"874","22064153B60931052346072",2,19911.7187557592,39823.4375115184,10.5922109001484
"875","22064153B61047916899475",1,11605.8524591592,11605.8524591592,9.35926477220716
"876","22064153B61048147512310",1,47727.5301051077,47727.5301051077,10.7732636614393
"877","22064153B61213319374873",1,5209.9991179917,5209.9991179917,8.55833496545598
"878","22064153B61358356464849",1,25378.0328051513,25378.0328051513,10.141639228617
"879","22064153B61399355999235",2,7211.5873770027,14423.1747540054,9.57659154985244
"880","22064153B61406224805517",1,76468.6678491664,76468.6678491664,11.2446363653185
"881","22064153B61527088541433",1,11966.0611344976,11966.0611344976,9.38982968295394
"882","22064153B61544198291555",1,7577.95087306175,7577.95087306175,8.9329981087206
"883","22064153B61546273634487",1,7113.62585630338,7113.62585630338,8.86976735853376
"884","22064153B61629539071583",2,5547.7517035374,11095.5034070748,9.31429520676415
"885","22064153B61639073188138",1,23122.8665477719,23122.8665477719,10.048577300731
"886","22064153B61853178733261",1,34878.2551369719,34878.2551369719,10.4596188520289
"887","22064153B61862032927901",1,53360.5503924082,53360.5503924082,10.8848269952366
"888","22064153B61865595964656",1,20074.3403203441,20074.3403203441,9.90719767752007
"889","22064153B61872750237581",1,9223.95448132206,9223.95448132206,9.12955912712775
"890","22064153B62115102055201",2,27472.0910498576,54944.1820997152,10.9140730779702
"891","22064153B62217916410467",1,17029.4313604895,17029.4313604895,9.74269838264063
"892","22064153B62287563607588",1,14667.371765412,14667.371765412,9.59338069799118
"893","22064153B62297132095458",1,50496.8006265067,50496.8006265067,10.8296652593259
"894","22064153B62305916302195",1,15319.1560998391,15319.1560998391,9.63685935691046
"895","22064153B62482792519738",1,11994.1686070935,11994.1686070935,9.39217586124958
"896","22064153B62604628693382",1,44737.0303896769,44737.0303896769,10.7085568580016
"897","22064153B62672077731580",1,23005.7872670046,23005.7872670046,10.0435010835648
"898","22064153B62822681138687",2,48053.6957070595,96107.391414119,11.4732215057792
"899","22064153B63008455199942",2,4109.29020897479,8218.58041794958,9.01415277458984
"900","22064153B63068612486986",2,20814.7746711874,41629.5493423748,10.6365655148212
"901","22064153B63261606012237",1,53183.914778185,53183.914778185,10.8815112758181
"902","22064153B63344692709050",1,247280.84786169,247280.84786169,12.4182800055517
"903","22064153B63372535615325",1,116884.057087964,116884.057087964,11.6689377573893
"904","22064153B63397004883448",1,34538.1831658284,34538.1831658284,10.4498207494437
"905","22064153B6350784980137",1,650789.190020833,650789.190020833,13.3859410438953
"906","22064153B6370182060344",1,91745.2961116656,91745.2961116656,11.4267714960648
"907","22064153B63784741567602",2,51824.5512346856,103649.102469371,11.5487664585825
"908","22064153B63829453739833",1,NA,NA,NA
"909","22064153B63835909795908",1,199977.645579061,199977.645579061,12.2059608671785
"910","22064153B63840040249051",2,46613.9862866431,93227.9725732862,11.4428030905487
"911","22064153B63858884041047",1,330475.554071177,330475.554071177,12.7082879690365
"912","22064153B63881976764969",1,58919.1271316729,58919.1271316729,10.983921056001
"913","22064153B64007643487677",1,19308.1340317862,19308.1340317862,9.868281738531
"914","22064153B64016815172570",1,965682.68931198,965682.68931198,13.7805905802605
"915","22064153B64052053840652",1,4519.04976994669,4519.04976994669,8.4160570228374
"916","22064153B64118294616923",1,51283.0185077129,51283.0185077129,10.8451149531171
"917","22064153B6421292379130",1,67581.0306764749,67581.0306764749,11.1210826113576
"918","22064153B64219933693528",1,9261.13174605105,9261.13174605105,9.13358153896813
"919","22064153B64323013606809",1,497.63147358245,497.63147358245,6.20985979019331
"920","22064153B64476610605868",1,117854.932477516,117854.932477516,11.6772097613494
"921","22064153B64477662388202",1,15119.2096699169,15119.2096699169,9.62372137785923
"922","22064153B64891765792099",1,35127.8150075622,35127.8150075622,10.4667485459889
"923","22064153B64946776552870",1,56395.7558883894,56395.7558883894,10.9401491844488
"924","22064153B64962111186487",1,83762.1489831123,83762.1489831123,11.3357365016517
"925","22064153B65021558399950",1,217601.005285898,217601.005285898,12.2904184138333
"926","22064153B65083387274460",2,30381.7401930267,60763.4803860534,11.0147442359457
"927","22064153B6517008589479",1,307591.10624522,307591.10624522,12.6365266028186
"928","22064153B65236790677801",1,185591.541975004,185591.541975004,12.1313035270405
"929","22064153B65355185007631",2,1236.86830292365,2473.7366058473,7.81348508238865
"930","22064153B65367495834859",1,59886.6469374226,59886.6469374226,11.000208836672
"931","22064153B65398665506308",1,147144.834394243,147144.834394243,11.899172648691
"932","22064153B65475311637837",1,22551.7548501153,22551.7548501153,10.0235681623072
"933","22064153B65490065262091",1,16079.0994000444,16079.0994000444,9.68527553370456
"934","22064153B65569101114722",2,4810.05427748314,9620.10855496628,9.17161082789611
"935","22064153B65721710551900",1,88515.0703960261,88515.0703960261,11.3909281034596
"936","22064153B65726287039798",1,38178.0089279795,38178.0089279795,10.5500149463122
"937","22064153B65800581846028",1,9918.29786136958,9918.29786136958,9.20213659900078
"938","22064153B65854996769111",2,28988.8691738057,57977.7383476114,10.9678143942573
"939","22064153B65962723522222",1,17331.8931158645,17331.8931158645,9.76030361597398
"940","22064153B66002224145568",1,53255.2959774957,53255.2959774957,10.8828525336028
"941","22064153B66021827430595",1,13766.9336402053,13766.9336402053,9.53002488284397
"942","22064153B66349136174891",1,59317.9741360481,59317.9741360481,10.9906676442197
"943","22064153B66358962164543",1,147266.386307,147266.386307,11.8999983775431
"944","22064153B66514919549994",1,71230.8494798362,71230.8494798362,11.1736812827729
"945","22064153B66589189313940",1,42310.7255029013,42310.7255029013,10.6527958908822
"946","22064153B66933042170680",1,7123.63523961494,7123.63523961494,8.8711734414725
"947","22064153B670450203879",1,7399.52056434671,7399.52056434671,8.90917048849159
"948","22064153B67053571560742",1,15298.8043344041,15298.8043344041,9.63552995624864
"949","22064153B67091834306400",2,18375.9372602068,36751.8745204136,10.5119445106983
"950","22064153B67150935418865",1,12626.0800857462,12626.0800857462,9.44351980183049
"951","22064153B67163681434847",1,421403.180281005,421403.180281005,12.9513453272649
"952","22064153B67222319597553",1,3168.8525477317,3168.8525477317,8.06112482901915
"953","22064153B67254026374340",1,4033.69703596632,4033.69703596632,8.3024386130578
"954","22064153B67459914812798",1,71479.0090482178,71479.0090482178,11.1771591058339
"955","22064153B67534038156395",1,18120.3659297749,18120.3659297749,9.804791774193
"956","22064153B67559782883122",1,NA,NA,NA
"957","22064153B67581321748824",1,38682.6766235554,38682.6766235554,10.5631471463343
"958","22064153B67645488485026",1,62869.4604110489,62869.4604110489,11.0488157987261
"959","22064153B67705173205056",1,8071.80573971104,8071.80573971104,8.99613249580122
"960","22064153B67847090482379",1,166588.373286686,166588.373286686,12.0232812180844
"961","22064153B67853216853933",1,6368.54477647567,6368.54477647567,8.75912627293478
"962","22064153B68061345904698",1,351176.523708138,351176.523708138,12.7690442925753
"963","22064153B68069187412847",2,25201.9328345144,50403.8656690288,10.8278231509005
"964","22064153B68257517894213",1,119923.484842539,119923.484842539,11.6946091920819
"965","22064153B6836068570250",1,46234.6136404761,46234.6136404761,10.7414840095472
"966","22064153B68363974409505",1,32235.3458297727,32235.3458297727,10.3808188260809
"967","22064153B68366677906",1,91688.8079180034,91688.8079180034,11.426155599738
"968","22064153B68559217227558",1,64345.2109618116,64345.2109618116,11.072017788527
"969","22064153B68664170623687",1,6278.86810331161,6278.86810331161,8.74494500489119
"970","22064153B68679560851725",1,11316.9852417475,11316.9852417475,9.33405999488693
"971","22064153B6874249672824",1,282244.919946443,282244.919946443,12.5505304834317
"972","22064153B68748424992772",1,17985.2668534443,17985.2668534443,9.79730819357563
"973","22064153B68880016704101",1,27223.6274255773,27223.6274255773,10.2118405305735
"974","22064153B68900591559433",1,138623.22718614,138623.22718614,11.8395149360128
"975","22064153B68903426629356",1,34799.4487744078,34799.4487744078,10.4573568258212
"976","22064153B69045534590012",1,9310.33872478555,9310.33872478555,9.13888075250783
"977","22064153B69065718050224",1,6531.27173815025,6531.27173815025,8.78435695647091
"978","22064153B69084165037525",1,33614.4198891887,33614.4198891887,10.4227104172557
"979","22064153B69254860271730",1,73491.1953768743,73491.1953768743,11.2049208872346
"980","22064153B6927791471577",1,120963.267215502,120963.267215502,11.7032422017587
"981","22064153B69278152819157",2,36325.5687649747,72651.1375299494,11.1934243265489
"982","22064153B69287462629183",1,5319.54716970141,5319.54716970141,8.57914346023573
"983","22064153B69533754697672",1,68715.6158589032,68715.6158589032,11.1377317574592
"984","22064153B6965188213643",1,99285.7938210635,99285.7938210635,11.5057577765668
"985","22064153B69680253088719",1,65084.2818541282,65084.2818541282,11.0834383528707
"986","22064153B69785759438689",1,144148.115132058,144148.115132058,11.8785966272409
"987","22064153B69836136073733",1,110860.857800117,110860.857800117,11.6160311606321
"988","22064153B69891847725817",1,4575.30472512492,4575.30472512492,8.42842858207618
"989","22064153B69985190181734",1,75330.3043063539,75330.3043063539,11.2296377804552
"990","22064153B70218534764896",1,15356.8687949385,15356.8687949385,9.63931813142432
"991","22064153B70222679052291",1,2762.26865471973,2762.26865471973,7.92380759742137
"992","22064153B70283581599440",2,1194.74399892096,2389.48799784192,7.77883439513132
"993","22064153B70489840196790",2,10500.9756580368,21001.9513160736,9.95237063220181
"994","22064153B70592042041650",1,31546.5041873773,31546.5041873773,10.3592180595285
"995","22064153B70786941107268",2,19655.7139517937,39311.4279035874,10.579270541938
"996","22064153B70816441618955",1,28338.1237221281,28338.1237221281,10.2519633050589
"997","22064153B7091731953162",1,NA,NA,NA
"998","22064153B71021754844770",2,37981.2016345334,75962.4032690668,11.237993803039
"999","22064153B71067186574144",1,244098.185974079,244098.185974079,12.4053258248667
"1000","22064153B71078406395750",1,40104.1433007922,40104.1433007922,10.5992349321664
"1001","22064153B71166838437015",1,19392.4146699629,19392.4146699629,9.87263727219873
"1002","22064153B71281946459031",1,177331.224948419,177331.224948419,12.0857745901964
"1003","22064153B71321460612085",2,5560.3338185876,11120.6676371752,9.3165606053166
"1004","22064153B71610558779774",1,1973.7306860248,1973.7306860248,7.58768078010072
"1005","22064153B71803232115030",2,50119.2936513184,100238.587302637,11.5153084963206
"1006","22064153B71828449311091",1,15156.2977827371,15156.2977827371,9.62617141979036
"1007","22064153B71985542420847",1,339506.351051406,339506.351051406,12.7352479328793
"1008","22064153B72254874224731",1,12082.4027916406,12082.4027916406,9.39950535830228
"1009","22064153B72276178934988",1,6472.54741635739,6472.54741635739,8.77532503741692
"1010","22064153B72283298086503",1,17690.2902999454,17690.2902999454,9.78077119741745
"1011","22064153B72338395356904",2,1272.94336217311,2545.88672434622,7.84223428651179
"1012","22064153B72367314810159",2,49995.5203816443,99991.0407632886,11.5128358685895
"1013","22064153B72557409137783",1,6957.83915034054,6957.83915034054,8.84762423821854
"1014","22064153B72578079325034",1,7508.70435611203,7508.70435611203,8.92381820738605
"1015","22064153B72604415560034",1,6194.02775396683,6194.02775396683,8.73134084130561
"1016","22064153B72786106713517",1,32214.5942957347,32214.5942957347,10.3801748678487
"1017","22064153B72852152827794",1,15800.302103339,15800.302103339,9.66778433929676
"1018","22064153B73058523223682",1,14654.5472522572,14654.5472522572,9.59250595892892
"1019","22064153B73079587251631",1,18601.4381908375,18601.4381908375,9.83099417880013
"1020","22064153B7322851157107",1,27649.8970342017,27649.8970342017,10.2273772830449
"1021","22064153B73325412364778",1,228636.768566971,228636.768566971,12.3398898597843
"1022","22064153B73342944647376",1,16251.0455164266,16251.0455164266,9.69591252516059
"1023","22064153B73520875859698",1,6228.99770689062,6228.99770689062,8.73697071711964
"1024","22064153B73547165677482",1,11598.4241695884,11598.4241695884,9.35862452041708
"1025","22064153B735534792520",1,197782.062099499,197782.062099499,12.1949210069983
"1026","22064153B73554949432718",1,150140.796167428,150140.796167428,11.9193287739465
"1027","22064153B73558398041144",1,9457.61281871058,9457.61281871058,9.15457528545645
"1028","22064153B73592757308242",1,24562.0695041749,24562.0695041749,10.1089586419104
"1029","22064153B73719790331249",1,541957.328499151,541957.328499151,13.2029425476161
"1030","22064153B73742017137533",1,349337.156704893,349337.156704893,12.763792799901
"1031","22064153B73781091699116",1,309233.475058825,309233.475058825,12.6418518532856
"1032","22064153B7401189811791",1,39744.7517199292,39744.7517199292,10.5902330791624
"1033","22064153B74315697961644",1,170378.443093321,170378.443093321,12.0457773777063
"1034","22064153B74511540229227",1,NA,NA,NA
"1035","22064153B7471955547521",1,295451.47460609,295451.47460609,12.5962598878126
"1036","22064153B74721517788558",1,11718.2175176585,11718.2175176585,9.36889996262732
"1037","22064153B74794903489103",1,11391.959643824,11391.959643824,9.34066309114408
"1038","22064153B74828925689931",1,1975.94828671008,1975.94828671008,7.58880370727208
"1039","22064153B74936950050526",1,9755.96940520677,9755.96940520677,9.18563462333323
"1040","22064153B75099650397757",1,39875.77342062,39875.77342062,10.5935242360274
"1041","22064153B75208844196005",1,9225.14519513772,9225.14519513772,9.12968820809519
"1042","22064153B75284693112718",2,3958.79256820194,7917.58513640388,8.97684153129516
"1043","22064153B75299838191887",1,392050.402780999,392050.402780999,12.87914568903
"1044","22064153B75302360124634",2,4704.38763782328,9408.77527564656,9.14939807274307
"1045","22064153B7544432194221",1,23043.8643634996,23043.8643634996,10.0451548248559
"1046","22064153B75512617616301",2,19225.8205361273,38451.6410722546,10.5571566547058
"1047","22064153B75558973119201",1,363700.555329256,363700.555329256,12.8040861578622
"1048","22064153B75602465401170",1,5009.82333046948,5009.82333046948,8.5191559300778
"1049","22064153B75651828357837",1,35423.3170430634,35423.3170430634,10.4751255558245
"1050","22064153B75871799756298",1,31060.2363389646,31060.2363389646,10.343683705784
"1051","22064153B75952557144029",1,28107.7056894946,28107.7056894946,10.2437990415548
"1052","22064153B75998677096436",1,9560.68309992812,9560.68309992812,9.16541445746011
"1053","22064153B76164610245689",2,18644.9237304431,37289.8474608862,10.5264763825473
"1054","22064153B76299833153547",1,50906.4277376946,50906.4277376946,10.8377444762493
"1055","22064153B76361063206417",1,16146.4352835627,16146.4352835627,9.68945457881136
"1056","22064153B76371421200355",1,454985.752616881,454985.752616881,13.0280213845129
"1057","22064153B76436938350922",1,32312.6656681382,32312.6656681382,10.383214558298
"1058","22064153B76452428536918",1,32107.7615184628,32107.7615184628,10.3768530717436
"1059","22064153B76527177669413",1,19763.5545097975,19763.5545097975,9.89159483922372
"1060","22064153B76547591544799",1,11526.042499661,11526.042499661,9.35236431927604
"1061","22064153B76574269122529",1,10747.3124596725,10747.3124596725,9.28241099854827
"1062","22064153B76687235436591",1,67537.3783967055,67537.3783967055,11.1204364776207
"1063","22064153B76748152087135",2,11804.1798438544,23608.3596877088,10.0693561523466
"1064","22064153B76764932541801",2,3101.31949645964,6202.63899291928,8.7327301244917
"1065","22064153B7677868990473",1,123908.43936189,123908.43936189,11.7272981795985
"1066","22064153B76782638383014",1,5874.77836899609,5874.77836899609,8.67842361387458
"1067","22064153B77103081434651",1,7062.41461776391,7062.41461776391,8.86254228586146
"1068","22064153B77106068491412",1,333001.690045809,333001.690045809,12.7159028441623
"1069","22064153B77164119558950",1,4905.66304545257,4905.66304545257,8.49814554032611
"1070","22064153B77183996290647",1,25498.7728139948,25498.7728139948,10.1463856050471
"1071","22064153B77224046457748",2,41812.2954847732,83624.5909695464,11.3340929061725
"1072","22064153B77422596340227",1,68380.9725888901,68380.9725888901,11.1328498863868
"1073","22064153B77526521533443",1,21382.7281856514,21382.7281856514,9.97033878100568
"1074","22064153B7763811650899",1,93935.4651142909,93935.4651142909,11.4503632841374
"1075","22064153B77677863466257",2,24628.0459909512,49256.0919819024,10.8047883340146
"1076","22064153B7768413511618",1,11233.4773108801,11233.4773108801,9.3266536445825
"1077","22064153B77987793520078",2,3114.48984705729,6228.97969411458,8.73696782535392
"1078","22064153B78036214751158",1,10243.4382217573,10243.4382217573,9.23439260608092
"1079","22064153B78110489384423",1,5061.94269085899,5061.94269085899,8.52950561959866
"1080","22064153B78193536381763",2,1191.98819067534,2383.97638135068,7.7765251209846
"1081","22064153B78228861031651",2,152980.694885889,305961.389771778,12.6312141957571
"1082","22064153B78285272623950",1,6476.7418150347,6476.7418150347,8.77597285657503
"1083","22064153B78382308499165",1,44886.725393688,44886.725393688,10.7118973817703
"1084","22064153B7839934707198",1,82947.2791143978,82947.2791143978,11.3259604935664
"1085","22064153B78612612069149",1,2432.14019834654,2432.14019834654,7.79652688877095
"1086","22064153B78632499037431",1,80582.4740446173,80582.4740446173,11.2970364612353
"1087","22064153B78682541824565",2,10075.3121308579,20150.6242617158,9.91099054762525
"1088","22064153B78821925959794",2,4529.1611144874,9058.3222289748,9.1114391974484
"1089","22064153B78841847163237",1,8926.1351803668,8926.1351803668,9.09673878963725
"1090","22064153B78973888518782",1,18951.2140387968,18951.2140387968,9.84962327383034
"1091","22064153B79045995074029",1,79663.6684501262,79663.6684501262,11.2855689070201
"1092","22064153B79102680587304",1,21119.4851251555,21119.4851251555,9.95795135897926
"1093","22064153B79178271585243",2,8281.68880602767,16563.3776120553,9.71494936922245
"1094","22064153B79313439986888",1,27592.6646285505,27592.6646285505,10.2253052420531
"1095","22064153B79363581484531",1,7111.5203880952,7111.5203880952,8.86947133792528
"1096","22064153B79429110732098",1,47475.8366528996,47475.8366528996,10.7679761585457
"1097","22064153B79488910412367",1,NA,NA,NA
"1098","22064153B79630920379478",1,62765.9422581263,62765.9422581263,11.0471678846167
"1099","22064153B79650181437953",1,5833.94592996927,5833.94592996927,8.6714488822958
"1100","22064153B79836169988029",1,78081.3579955105,78081.3579955105,11.2655066132963
"1101","22064153B79844191298444",1,21506.2207837332,21506.2207837332,9.97609751104365
"1102","22064153B79919938369804",1,78905.2189893383,78905.2189893383,11.2760026515328
"1103","22064153B80016481479633",1,15655.6920747172,15655.6920747172,9.65858984068609
"1104","22064153B80068225568868",2,6430.4815563469,12860.9631126938,9.46195188710971
"1105","22064153B80186148009906",1,16058.4908659843,16058.4908659843,9.68399301459131
"1106","22064153B80198673281235",2,49751.1329288142,99502.2658576284,11.5079356953259
"1107","22064153B8024533352103",1,1474.46330830592,1474.46330830592,7.29604934378561
"1108","22064153B80537557357725",1,9075.33077109153,9075.33077109153,9.11331510707394
"1109","22064153B8056767142775",1,25127.7041062329,25127.7041062329,10.1317262656888
"1110","22064153B80567954984898",1,61941.0632808065,61941.0632808065,11.0339386196828
"1111","22064153B8060646611549",1,30325.8334734403,30325.8334734403,10.3197552181317
"1112","22064153B80619084323236",1,403134.684130403,403134.684130403,12.9070259888927
"1113","22064153B80640640435871",1,1362.84993368408,1362.84993368408,7.2173333256234
"1114","22064153B80730466782396",1,2388.42661384047,2388.42661384047,7.77839010756858
"1115","22064153B80804439158864",1,6174.28226395676,6174.28226395676,8.72814792218304
"1116","22064153B8093767218470",1,3253.00150921196,3253.00150921196,8.0873333904179
"1117","22064153B80945575612703",1,9327.91955774966,9327.91955774966,9.1407672848127
"1118","22064153B80974797471206",1,61754.8923226974,61754.8923226974,11.0309284792498
"1119","22064153B81017994421279",1,5478.74797946449,5478.74797946449,8.60863188293797
"1120","22064153B81057246302511",1,12468.6777916051,12468.6777916051,9.43097500190604
"1121","22064153B81060108548609",1,103734.317070317,103734.317070317,11.549588265899
"1122","22064153B81121179767320",1,2227413.00192208,2227413.00192208,14.6163513811882
"1123","22064153B81163718541362",1,45139.9263859481,45139.9263859481,10.717522419576
"1124","22064153B81183812222249",1,NA,NA,NA
"1125","22064153B81263079942066",1,183849.735135858,183849.735135858,12.1218740460749
"1126","22064153B81276903927902",1,167263.104367829,167263.104367829,12.0273233268962
"1127","22064153B81529275129859",1,79026.1705925201,79026.1705925201,11.2775343499133
"1128","22064153B81541803695444",2,353437.529983611,706875.059967222,13.4686092106868
"1129","22064153B81595625097237",1,16160.5037611006,16160.5037611006,9.69032550492464
"1130","22064153B81712763029694",1,13746.5022249576,13746.5022249576,9.52853968709426
"1131","22064153B81737939638777",1,4819.61269356625,4819.61269356625,8.48044884978419
"1132","22064153B81775396633762",1,10671.010017919,10671.010017919,9.27528599941464
"1133","22064153B81784837273555",2,6676.60113998417,13353.2022799683,9.49951150622259
"1134","22064153B81790310991737",1,5753.9369228875,5753.9369228875,8.65763958174475
"1135","22064153B81801674306592",1,8372.4487144792,8372.4487144792,9.03270167917682
"1136","22064153B81931446357320",1,48140.3416113929,48140.3416113929,10.7818758075186
"1137","22064153B82009101284809",1,170144.67670104,170144.67670104,12.0444043935216
"1138","22064153B82025029560168",1,18809.6545385589,18809.6545385589,9.84212555628692
"1139","22064153B82042887470941",2,56184.9971927228,112369.994385446,11.6295522269371
"1140","22064153B82071564709193",1,110837.237417897,110837.237417897,11.6158180746127
"1141","22064153B82107167810847",1,44669.9397136576,44669.9397136576,10.7070560647517
"1142","22064153B82114813536666",1,43423.234649484,43423.234649484,10.6787499374213
"1143","22064153B82157551102424",2,3719.49567908967,7438.99135817934,8.91449054849949
"1144","22064153B82247115875791",1,7149.82571552161,7149.82571552161,8.87484325993944
"1145","22064153B82319600160004",1,116205.753475564,116205.753475564,11.6631176357333
"1146","22064153B82343932389070",1,5300.66640427273,5300.66640427273,8.57558782829125
"1147","22064153B82400996798627",1,8361.9957085185,8361.9957085185,9.03145239870405
"1148","22064153B82448443514501",1,1528.23212628776,1528.23212628776,7.33186687329832
"1149","22064153B82506873251112",1,10409.9819099506,10409.9819099506,9.2505204238506
"1150","22064153B825337930111",1,41122.4533133163,41122.4533133163,10.6243095606381
"1151","22064153B8255256814498",1,17376.4301571493,17376.4301571493,9.76286997824845
"1152","22064153B82556228504312",1,55483.7432785805,55483.7432785805,10.9238453429274
"1153","22064153B82580623809132",1,100165.789821805,100165.789821805,11.5145819903921
"1154","22064153B82678654202342",2,10839.5193528465,21679.038705693,9.98410111442722
"1155","22064153B82755239799290",1,3953.87308705953,3953.87308705953,8.28245090586073
"1156","22064153B82909244627441",1,3066.25727222883,3066.25727222883,8.0282129672711
"1157","22064153B82911662838779",2,5350.0060236182,10700.0120472364,9.27800014635931
"1158","22064153B83131458706543",1,125521.937767345,125521.937767345,11.7402358252048
"1159","22064153B83223852380108",1,18353.5781805795,18353.5781805795,9.81757983069029
"1160","22064153B83233320380459",1,NA,NA,NA
"1161","22064153B83234888303578",1,55512.3591015304,55512.3591015304,10.9243609614576
"1162","22064153B8325167179900",1,5032.2571950717,5032.2571950717,8.5236239089723
"1163","22064153B833454751178",2,3357.29804665868,6714.59609331736,8.81203895723275
"1164","22064153B83500491832850",2,37227.4871742702,74454.9743485404,11.2179498505013
"1165","22064153B83824745407144",1,7065.77354979674,7065.77354979674,8.86301777954208
"1166","22064153B8402988919720",1,26717.8538724887,26717.8538724887,10.1930873052814
"1167","22064153B84142752258378",1,11692.9301261701,11692.9301261701,9.36673967542505
"1168","22064153B84219767946861",1,8268.96538706199,8268.96538706199,9.02026467584595
"1169","22064153B84222059971345",1,21272.9842769834,21272.9842769834,9.96519320286514
"1170","22064153B8428470598874",1,6534.23348127508,6534.23348127508,8.7848103248062
"1171","22064153B84385819333701",1,15565.2327515266,15565.2327515266,9.65279503628312
"1172","22064153B84501483471932",1,52683.8737897097,52683.8737897097,10.8720646875066
"1173","22064153B84546796088042",2,17353.2653854776,34706.5307709552,10.4546831548821
"1174","22064153B8461855353098",1,1134.95932778649,1134.95932778649,7.03435209472408
"1175","22064153B84652164446594",1,NA,NA,NA
"1176","22064153B84684358535824",1,53709.2074442202,53709.2074442202,10.8913397265855
"1177","22064153B84687278012023",2,133369.381520972,266738.763041944,12.4940250428482
"1178","22064153B85000886785239",2,52888.822762954,105777.645525908,11.5690944861562
"1179","22064153B85033318734621",1,9841.61393663076,9841.61393663076,9.19437499454711
"1180","22064153B85067318536798",1,5562.46576079441,5562.46576079441,8.62379677109275
"1181","22064153B85234359484130",1,8101.45240214693,8101.45240214693,8.99979863349364
"1182","22064153B85252336705750",1,38634.667667425,38634.667667425,10.5619052784781
"1183","22064153B85407616611924",1,3078.16923716484,3078.16923716484,8.0320902957219
"1184","22064153B85574659039588",1,149251.905612871,149251.905612871,11.9133907990988
"1185","22064153B85586917882840",2,17121.3608197063,34242.7216394126,10.4412293142291
"1186","22064153B85623167351933",1,62379.1774786849,62379.1774786849,11.0409868044174
"1187","22064153B8564356760578",1,25824.3923984663,25824.3923984663,10.1590747660621
"1188","22064153B85680479871483",1,32210.3822999071,32210.3822999071,10.3800441112367
"1189","22064153B85719531819289",1,40920.324847937,40920.324847937,10.6193821586444
"1190","22064153B85897991709250",1,195401.799156725,195401.799156725,12.1828132261059
"1191","22064153B85947434617393",1,347516.717867944,347516.717867944,12.7585680518023
"1192","22064153B86120410024942",1,2047.18355499917,2047.18355499917,7.62422025188989
"1193","22064153B86152706636527",1,17672.2622933456,17672.2622933456,9.77975158730226
"1194","22064153B86211377030233",2,81890.904751615,163781.80950323,12.0062903911404
"1195","22064153B86265185687144",1,45293.8955199225,45293.8955199225,10.720927545656
"1196","22064153B86297113496232",1,10377.0044830878,10377.0044830878,9.24734752962675
"1197","22064153B86353051825362",1,56836.9580980917,56836.9580980917,10.9479420638559
"1198","22064153B86478142547352",1,3449.72558863359,3449.72558863359,8.14604996733547
"1199","22064153B86498088606166",1,7640.46632603221,7640.46632603221,8.94121391773663
"1200","22064153B86521976602525",2,52894.1655736153,105788.331147231,11.5691955007097
"1201","22064153B86629940764584",1,164089.285926962,164089.285926962,12.008165985044
"1202","22064153B8665907160310",1,12046.6655499854,12046.6655499854,9.39654318278182
"1203","22064153B8666349443712",2,47877.1564004118,95754.3128008236,11.4695409483348
"1204","22064153B86683000647841",1,12742.4996463433,12742.4996463433,9.45269811446009
"1205","22064153B86801747373252",1,24537.3066834458,24537.3066834458,10.1079499601409
"1206","22064153B86821614203557",1,8629.40993125402,8629.40993125402,9.06293140760938
"1207","22064153B86856131608768",1,101525.454379409,101525.454379409,11.5280648280866
"1208","22064153B87072224192540",1,76315.7469647734,76315.7469647734,11.2426345782168
"1209","22064153B87137159672256",1,13864.6996215647,13864.6996215647,9.5371012933049
"1210","22064153B87212941126642",1,29296.0244424723,29296.0244424723,10.2852071012419
"1211","22064153B87267410101558",1,47073.1344432324,47073.1344432324,10.7594577232814
"1212","22064153B87269269919659",1,142036.185490981,142036.185490981,11.8638371315217
"1213","22064153B87296692178554",1,143758.760311381,143758.760311381,11.8758918980993
"1214","22064153B87439490450561",1,24137.6382699939,24137.6382699939,10.091527655151
"1215","22064153B87472284700058",1,11717.1068324891,11717.1068324891,9.36880517536057
"1216","22064153B87559658215683",1,352463.200918608,352463.200918608,12.7727015012278
"1217","22064153B87658218657394",1,4253.33889945363,4253.33889945363,8.35545957687879
"1218","22064153B87695161266591",1,13783.3654836044,13783.3654836044,9.53121774432788
"1219","22064153B87793948617144",1,13382.3116646356,13382.3116646356,9.50168908891131
"1220","22064153B87894076500012",1,1878.96463036501,1878.96463036501,7.53847617558809
"1221","22064153B87911292599012",1,62348.2534197907,62348.2534197907,11.0404909382024
"1222","22064153B87971980709236",1,40721.2859461102,40721.2859461102,10.6145062309348
"1223","22064153B87980745802810",1,16759.4478451207,16759.4478451207,9.72671742869152
"1224","22064153B88065808639443",1,118361.533940618,118361.533940618,11.6814990663881
"1225","22064153B8813975202654",2,1256.39046836609,2512.78093673218,7.82914536173123
"1226","22064153B88328488927062",1,41839.0208033855,41839.0208033855,10.6415846951042
"1227","22064153B88435751017430",1,48714.7092710932,48714.7092710932,10.7937363018871
"1228","22064153B88453450748284",1,33226.1221777232,33226.1221777232,10.4110916581119
"1229","22064153B88515969469898",1,9555.27977624357,9555.27977624357,9.16484913685728
"1230","22064153B88577614993358",1,218920.313836599,218920.313836599,12.2964630788243
"1231","22064153B88669235683638",1,385739.163810079,385739.163810079,12.8629166786062
"1232","22064153B88729606439601",2,36104.2366439863,72208.4732879726,11.1873126765541
"1233","22064153B88760930069413",1,43945.0868419675,43945.0868419675,10.6906961071481
"1234","22064153B8877980294209",1,31133.0225795887,31133.0225795887,10.3460243541154
"1235","22064153B88833417807281",1,3408.36150027504,3408.36150027504,8.13398695634812
"1236","22064153B88862899919648",1,146827.875867148,146827.875867148,11.8970162672389
"1237","22064153B88871529927936",1,107413.799873469,107413.799873469,11.5844439432447
"1238","22064153B88983601589874",1,108500.715834848,108500.715834848,11.5945120494971
"1239","22064153B89149578572225",1,174450.024831689,174450.024831689,12.0693935889576
"1240","22064153B89218276356736",1,6231.32634632634,6231.32634632634,8.73734448580381
"1241","22064153B89292621442465",1,13122.0230890219,13122.0230890219,9.48204724946904
"1242","22064153B89417284310535",1,6946.61522183804,6946.61522183804,8.84600980148627
"1243","22064153B89569754189090",1,2559.40584205417,2559.40584205417,7.84753041758828
"1244","22064153B89642323235755",1,12307.4592396217,12307.4592396217,9.41796079979439
"1245","22064153B89764256572964",1,7233.65858577093,7233.65858577093,8.88650021562429
"1246","22064153B90382038348999",1,1156781.48646338,1156781.48646338,13.961152126164
"1247","22064153B9051879540232",2,40922.9775210603,81845.9550421206,11.3125941624226
"1248","22064153B90614639681244",1,204933.368111187,204933.368111187,12.2304401716817
"1249","22064153B9064679601577",1,53286.8047840593,53286.8047840593,10.8834440144776
"1250","22064153B90768154691941",1,1327973.11268836,1327973.11268836,14.0991643623439
"1251","22064153B90780529710926",1,1031.65352864605,1031.65352864605,6.93891816161607
"1252","22064153B90786052299666",1,62478.4723413752,62478.4723413752,11.0425773338525
"1253","22064153B90800139718357",2,17165.1044507938,34330.2089015876,10.4437809715363
"1254","22064153B9080529541811",1,60560.7968142795,60560.7968142795,11.01140304546
"1255","22064153B90835968382747",1,99338.7002214061,99338.7002214061,11.5062905044345
"1256","22064153B90991559137685",1,28699.3695700284,28699.3695700284,10.2646304353054
"1257","22064153B91116498936181",1,10923.054518015,10923.054518015,9.29863092795212
"1258","22064153B91141800927007",1,11505.1320965917,11505.1320965917,9.35054848407167
"1259","22064153B91306965514227",2,31702.8247871954,63405.6495743908,11.0573082464614
"1260","22064153B91381447128129",1,6119.82113566065,6119.82113566065,8.71928814888004
"1261","22064153B91415931669835",1,97642.0148353468,97642.0148353468,11.4890631596417
"1262","22064153B91537954314769",1,56191.0935534849,56191.0935534849,10.9365135456269
"1263","22064153B91609112527858",1,5778.99113355771,5778.99113355771,8.6619844020646
"1264","22064153B91785979325065",1,67530.5308311626,67530.5308311626,11.1203350832097
"1265","22064153B92028221048613",1,3552.3392292869,3552.3392292869,8.17536160329255
"1266","22064153B92054695753215",1,5514.36374726287,5514.36374726287,8.61511155735552
"1267","22064153B92307181763302",1,11032.902830482,11032.902830482,9.30863725355049
"1268","22064153B92427745486428",1,58766.85640009,58766.85640009,10.9813333083018
"1269","22064153B92456215586434",1,6187.03428734455,6187.03428734455,8.73021113735248
"1270","22064153B92521276992791",1,28073.943515282,28073.943515282,10.2425971480983
"1271","22064153B92578420514531",1,48081.8645416351,48081.8645416351,10.7806603484413
"1272","22064153B92728866184375",1,22718.1125276369,22718.1125276369,10.030917794016
"1273","22064153B92731111025148",1,172314.499131894,172314.499131894,12.0570765694799
"1274","22064153B92754256682750",2,38251.0733132473,76502.1466264946,11.245074079898
"1275","22064153B92948543202040",1,17644.7618599129,17644.7618599129,9.77819423983881
"1276","22064153B93078615339227",1,28515.0292638994,28515.0292638994,10.2581865698535
"1277","22064153B93482560698592",1,165997.752232171,165997.752232171,12.0197295264769
"1278","22064153B93520564600239",1,17091.66306061,17091.66306061,9.74634608328912
"1279","22064153B93521388220713",1,27367.7355122313,27367.7355122313,10.2171200624859
"1280","22064153B93544053912338",1,40810.2969119097,40810.2969119097,10.6166897038429
"1281","22064153B93596873224412",1,9355.12662687991,9355.12662687991,9.14367977436003
"1282","22064153B93622399148332",1,NA,NA,NA
"1283","22064153B93672474053317",1,82773.4923209602,82773.4923209602,11.3238631480661
"1284","22064153B93831812640775",2,28928.1020827682,57856.2041655364,10.9657159726024
"1285","22064153B93848225384544",1,1038.7935117454,1038.7935117454,6.94581523385592
"1286","22064153B93921143123339",1,36331.7266179938,36331.7266179938,10.5004466500423
"1287","22064153B94045297720108",1,18942.2074759031,18942.2074759031,9.84914791094658
"1288","22064153B94090813781135",1,81590.7294303613,81590.7294303613,11.3094709245761
"1289","22064153B94127780812190",1,135410.874662444,135410.874662444,11.8160689513197
"1290","22064153B94139662375640",1,26688.3161190974,26688.3161190974,10.1919811500785
"1291","22064153B94231126253819",1,13655.1543598101,13655.1543598101,9.52187233811415
"1292","22064153B94280751293225",1,31556.226904367,31556.226904367,10.3595262147192
"1293","22064153B94443438334718",1,9794.40340775338,9794.40340775338,9.1895664206884
"1294","22064153B9452209011947",1,36458.3584493237,36458.3584493237,10.5039260238873
"1295","22064153B94530132332923",1,37591.2400151419,37591.2400151419,10.5345263239136
"1296","22064153B94546008893",2,2353.07754170302,4706.15508340604,8.45662652314425
"1297","22064153B9474359651692",1,262890.307565339,262890.307565339,12.4794921426566
"1298","22064153B94848562576718",1,79666.7593675253,79666.7593675253,11.285607705854
"1299","22064153B94990135039499",2,16542.7501432524,33085.5002865048,10.4068504075803
"1300","22064153B94993011750115",1,21153.0627505945,21153.0627505945,9.95953998489315
"1301","22064153B95018112275614",1,828307.919154297,828307.919154297,13.6271402472726
"1302","22064153B95037722693010",1,115603.426928834,115603.426928834,11.6579208794941
"1303","22064153B95388461124704",1,53716.2205305312,53716.2205305312,10.8914702931832
"1304","22064153B95466714598134",1,2958.63332613414,2958.63332613414,7.99248272655144
"1305","22064153B95595404063006",1,30385.1232238644,30385.1232238644,10.3217083999789
"1306","22064153B95599373690567",1,35531.477592586,35531.477592586,10.4781742753326
"1307","22064153B95692403593429",2,13831.0975458685,27662.195091737,10.227821961858
"1308","22064153B95702189282228",2,16282.2246785852,32564.4493571704,10.3909764617993
"1309","22064153B95784348499714",1,1280.61011847534,1280.61011847534,7.15509189840859
"1310","22064153B95834507403925",2,24443.8231768306,48887.6463536612,10.797280012742
"1311","22064153B95884811797842",1,9870.41726449053,9870.41726449053,9.19729740757146
"1312","22064153B96059107516694",1,55941.2417067072,55941.2417067072,10.9320571636263
"1313","22064153B96257795624750",1,19074.3218556914,19074.3218556914,9.85609830404973
"1314","22064153B96273885694547",1,1544.65149814536,1544.65149814536,7.3425535963442
"1315","22064153B96374809115220",1,87347.4959356485,87347.4959356485,11.3776496481295
"1316","22064153B96659477590424",1,81665.0356017191,81665.0356017191,11.3103812284355
"1317","22064153B96670024597495",1,9168.18491042045,9168.18491042045,9.1234946078633
"1318","22064153B96792865327572",1,22874.0392445897,22874.0392445897,10.0377578890252
"1319","22064153B96832433526360",1,37303.0461195811,37303.0461195811,10.5268302677018
"1320","22064153B96866391217201",1,560.437674131451,560.437674131451,6.3287180394185
"1321","22064153B96898003018692",1,31574.3825762506,31574.3825762506,10.3601013928312
"1322","22064153B96958507513522",1,4617.36413832786,4617.36413832786,8.43757928843053
"1323","22064153B96974896989466",1,2945.75179805725,2945.75179805725,7.98811934298357
"1324","22064153B97070168127410",1,7206.55714713355,7206.55714713355,8.88274660543462
"1325","22064153B97335356497134",1,39725.375519956,39725.375519956,10.5897454443484
"1326","22064153B97344910702567",1,15084.5863234954,15084.5863234954,9.62142872818071
"1327","22064153B97499384846726",1,10482.7016726205,10482.7016726205,9.25748171784106
"1328","22064153B97523791840920",1,21519.7635095122,21519.7635095122,9.9767270248804
"1329","22064153B97624241092160",1,20003.0616532488,20003.0616532488,9.90364062348261
"1330","22064153B9766515498802",1,11417.0559347432,11417.0559347432,9.34286365091485
"1331","22064153B97866090466841",1,101114.706835184,101114.706835184,11.5240108626307
"1332","22064153B97971723277655",1,44933.1982801036,44933.1982801036,10.712932183152
"1333","22064153B98016387406431",1,53565.5360240988,53565.5360240988,10.8886611556306
"1334","22064153B98039049640163",1,30396.3597606503,30396.3597606503,10.3220781355089
"1335","22064153B98068681997593",1,33868.95428959,33868.95428959,10.4302540710981
"1336","22064153B98075085075201",2,21107.6572066386,42215.3144132772,10.6505383349801
"1337","22064153B98138334835392",1,9145.05654003107,9145.05654003107,9.1209687434227
"1338","22064153B98176626481319",1,12904.2825578449,12904.2825578449,9.46531451648448
"1339","22064153B98285338074110",1,29753.7856227346,29753.7856227346,10.3007116507015
"1340","22064153B98286353198048",2,21692.7735839742,43385.5471679484,10.6778816500634
"1341","22064153B98370164064849",1,7348.91434159066,7348.91434159066,8.90230787266977
"1342","22064153B98376857578372",1,174303.369005251,174303.369005251,12.068552560095
"1343","22064153B98586949773081",2,7486.50738757001,14973.01477514,9.61400484492278
"1344","22064153B98589137348385",1,13574.3941586719,13574.3941586719,9.51594051461078
"1345","22064153B98590992450461",1,800341.641264081,800341.641264081,13.5927939670696
"1346","22064153B98863948412239",1,190077.710570067,190077.710570067,12.155188270524
"1347","22064153B98906825445383",1,7107.97320854604,7107.97320854604,8.8689724200702
"1348","22064153B98951544817880",2,55859.1308658599,111718.26173172,11.6237354607877
"1349","22064153B99270011132036",1,62250.6712571738,62250.6712571738,11.0389245975166
"1350","22064153B99518107679078",1,4180.62484417247,4180.62484417247,8.33821599859893
"1351","22064153B99534934631305",1,27088.5126716417,27088.5126716417,10.2068650303472
"1352","22064153B99641769976782",1,13288.4341763581,13288.4341763581,9.49464932507888
"1353","22064153B99767339475906",2,15283.3166262786,30566.6332525572,10.3276642764207
"1354","22064153B99823885045557",1,5511.99499057963,5511.99499057963,8.61468190387226
"1355","22064153B99919647628025",1,466741.486317349,466741.486317349,13.0535308208891
"1356","25037944B61185375235969",1,13834.722134044,13834.722134044,9.53493680774351
"1357","25037944B73531494726593",1,2680.96334512439,2680.96334512439,7.89393146605163
"1358","2640588B11393510524278",2,233885.958222253,467771.916444506,13.0557360980777
"1359","2640588B20950743061684",1,865922.971413665,865922.971413665,13.6715512360292
"1360","2640588B22535822566030",2,184545.308208735,369090.61641747,12.8187974658216
"1361","2640588B23864872837062",1,16137.8640067663,16137.8640067663,9.68892359147781
"1362","2640588B24165862747597",2,99427.4317730738,198854.863546148,12.2003305087031
"1363","2640588B2684850326122",1,178944.952874934,178944.952874934,12.0948335116888
"1364","2640588B33083527354868",2,1099133.44251109,2198266.88502218,14.6031798283318
"1365","2640588B36229801410553",1,399046.659189165,399046.659189165,12.8968336293587
"1366","2640588B45258001695711",2,551120.793798568,1102241.58759714,13.9128564711631
"1367","2640588B49362051778248",1,691151.313034337,691151.313034337,13.4461140556727
"1368","2640588B50881283310688",1,718343.792632326,718343.792632326,13.4847035532549
"1369","2640588B52568839586340",2,1436849.17623042,2873698.35246084,14.8711103827226
"1370","2640588B69318666079956",2,630910.081944161,1261820.16388832,14.0480658110482
"1371","2640588B69436428808540",2,149719.77773618,299439.55547236,12.6096678580473
"1372","2640588B94420346402626",1,164353.032135406,164353.032135406,12.0097720281793
"1373","27666195B1442019449651",1,8572.55813858656,8572.55813858656,9.05632146630143
"1374","27666195B20969327250579",1,48912.5996632683,48912.5996632683,10.7977903040994
"1375","27666195B3053537582037",1,4799.56735703155,4799.56735703155,8.47628105888191
"1376","27666195B43578423594427",1,10880.775339211,10880.775339211,9.29475278066599
"1377","27666195B49147516395854",1,12976.1805931166,12976.1805931166,9.47087069373034
"1378","27666195B63914214220022",1,17480.6155272411,17480.6155272411,9.76884786181845
"1379","27666195B65375396253537",1,25068.3603111739,25068.3603111739,10.1293617845927
"1380","27666195B69653705101844",1,25424.9195165869,25424.9195165869,10.1434850553891
"1381","27666195B72562154839723",1,29479.3650145243,29479.3650145243,10.2914458065368
"1382","27666195B98073695243909",1,119810.8646085,119810.8646085,11.6936696501049
"1383","3306468B10183104109049",1,25815.431136142,25815.431136142,10.1587276981676
"1384","3306468B11586418732368",1,8272.50250349379,8272.50250349379,9.02069234242416
"1385","3306468B11652899938830",1,26159.492664143,26159.492664143,10.1719674118106
"1386","3306468B11940370524112",1,17174.8576308742,17174.8576308742,9.751201827733
"1387","3306468B14471946980605",1,32531.1543008258,32531.1543008258,10.3899535030317
"1388","3306468B15896052245603",1,11673.2768649413,11673.2768649413,9.36505747977636
"1389","3306468B16106454484671",1,19402.7278848372,19402.7278848372,9.87316894778687
"1390","3306468B1703224271200",1,20738.5355410698,20738.5355410698,9.93974886892741
"1391","3306468B17793693444976",1,14101.2222403588,14101.2222403588,9.55401675632283
"1392","3306468B23054065948148",1,8882.32582476385,8882.32582476385,9.09181871889503
"1393","3306468B23578023399759",1,109115.736790024,109115.736790024,11.6001644033077
"1394","3306468B24610118168871",1,116511.18634655,116511.18634655,11.6657425675203
"1395","3306468B25789433891427",1,19423.3937973387,19423.3937973387,9.87423348442137
"1396","3306468B26306333639139",1,41076.0259850397,41076.0259850397,10.6231799209268
"1397","3306468B2740041336238",1,54097.6030834131,54097.6030834131,10.8985451585557
"1398","3306468B2817273614412",1,17188.3881710431,17188.3881710431,9.75198932847994
"1399","3306468B28180088914928",1,9942.91742432033,9942.91742432033,9.20461576003966
"1400","3306468B29734552826956",1,17416.6751819659,17416.6751819659,9.76518337007553
"1401","3306468B30549660873689",1,16207.6230384254,16207.6230384254,9.69323696847031
"1402","3306468B30631228592753",1,19410.0656676651,19410.0656676651,9.87354705934461
"1403","3306468B30679779198976",1,186873.701690185,186873.701690185,12.1381882756257
"1404","3306468B31891639272972",1,17411.8235096787,17411.8235096787,9.76490476648934
"1405","3306468B33320306044259",1,27510.9664893695,27510.9664893695,10.2223399855941
"1406","3306468B34554561821271",1,14705.4309748524,14705.4309748524,9.59597215860707
"1407","3306468B37182555728177",1,133902.440120649,133902.440120649,11.8048667549684
"1408","3306468B37188297910356",1,34480.4660199605,34480.4660199605,10.4481482403464
"1409","3306468B37411515289314",1,43377.10466693,43377.10466693,10.6776870386525
"1410","3306468B38935954737927",1,20071.2222920977,20071.2222920977,9.90704234138578
"1411","3306468B40985088538713",1,17564.4526990529,17564.4526990529,9.77363240560663
"1412","3306468B41298949605028",1,28764.4220891002,28764.4220891002,10.266894558329
"1413","3306468B4250882356752",1,16636.6581842664,16636.6581842664,9.71936386393365
"1414","3306468B42519572872146",1,11287.4414305739,11287.4414305739,9.33144600883682
"1415","3306468B42523335746622",1,20284.7178581564,20284.7178581564,9.91762306665333
"1416","3306468B4333912279461",1,245089.751388823,245089.751388823,12.4093797546429
"1417","3306468B43421780768425",1,60066.515275838,60066.515275838,11.003207815105
"1418","3306468B44690790041357",1,6942.94409209794,6942.94409209794,8.84548118430805
"1419","3306468B48172399013768",1,22889.2257964292,22889.2257964292,10.0384215895886
"1420","3306468B48570951315042",1,39814.1948628873,39814.1948628873,10.5919787825327
"1421","3306468B49446780717545",1,7596.16837426236,7596.16837426236,8.93539923786112
"1422","3306468B50273300961313",1,9409.79538166481,9409.79538166481,9.14950648756774
"1423","3306468B50398630049357",1,22257.1864115255,22257.1864115255,10.0104202202337
"1424","3306468B51823501845904",1,69289.9542760876,69289.9542760876,11.1460552147293
"1425","3306468B51834332245466",1,57628.8931913473,57628.8931913473,10.9617793388211
"1426","3306468B52155686963809",1,19525.5758295992,19525.5758295992,9.8794804661859
"1427","3306468B53789709824921",1,4154.26728388181,4154.26728388181,8.33189134610268
"1428","3306468B54245916691578",1,9360.05949423878,9360.05949423878,9.14420692567353
"1429","3306468B54253052941239",1,189874.110177916,189874.110177916,12.1541165535298
"1430","3306468B55753848240652",1,129175.938846862,129175.938846862,11.7689306211519
"1431","3306468B55760825381670",1,50911.1597304197,50911.1597304197,10.8378374266491
"1432","3306468B56210487942158",1,21830.1110524219,21830.1110524219,9.99104553667818
"1433","3306468B57439307714728",1,162661.934951385,162661.934951385,11.9994293073305
"1434","3306468B58364807671066",1,12194.1211567788,12194.1211567788,9.40870924218835
"1435","3306468B60047889099268",1,179467.967131316,179467.967131316,12.0977520148923
"1436","3306468B60341362842796",1,37375.2224646683,37375.2224646683,10.5287632629072
"1437","3306468B62426802090355",1,72289.9863892423,72289.9863892423,11.1884408977144
"1438","3306468B63097535879723",1,1035076.94182457,1035076.94182457,13.8499863218457
"1439","3306468B63590922856333",1,23894.1763140809,23894.1763140809,10.0813900393606
"1440","3306468B64693584443826",1,27361.963848558,27361.963848558,10.2169091472511
"1441","3306468B64768612261884",1,13326.3395786709,13326.3395786709,9.49749777521346
"1442","3306468B65787617435828",1,84197.7281980547,84197.7281980547,11.3409232188457
"1443","3306468B67900396339745",1,45239.3893332572,45239.3893332572,10.7197234317583
"1444","3306468B69236034460520",1,70039.6462469114,70039.6462469114,11.1568167356576
"1445","3306468B69873779257439",1,37286.6991430562,37286.6991430562,10.5263919506991
"1446","3306468B69906942456290",1,407630.56667916,407630.56667916,12.9181165693717
"1447","3306468B70752003572919",1,24908.0317803901,24908.0317803901,10.1229455919025
"1448","3306468B71353623072064",1,20660.4765221261,20660.4765221261,9.93597780737018
"1449","3306468B71596371711370",1,78250.1569095137,78250.1569095137,11.2676661136338
"1450","3306468B72129908795789",1,23228.4636489598,23228.4636489598,10.0531336870711
"1451","3306468B72281596552802",1,76564.9469954392,76564.9469954392,11.2458946399672
"1452","3306468B72856581619047",1,59490.6426341888,59490.6426341888,10.9935743125137
"1453","3306468B72895662483472",1,34579.8064591009,34579.8064591009,10.4510251623188
"1454","3306468B73916150464178",1,10133.1302918371,10133.1302918371,9.2235655615357
"1455","3306468B74633928052065",1,7536.81268382028,7536.81268382028,8.92755465065156
"1456","3306468B74800067614401",1,31600.4832215331,31600.4832215331,10.3609276912788
"1457","3306468B75896846080251",1,11453.0319607584,11453.0319607584,9.34600977399527
"1458","3306468B76468188202077",1,34178.6064990325,34178.6064990325,10.4393551863544
"1459","3306468B77556762591061",1,23127.869909897,23127.869909897,10.0487936588921
"1460","3306468B7799388924344",1,750564.456683198,750564.456683198,13.5285808113554
"1461","3306468B79017025460716",1,13357.6850918751,13357.6850918751,9.49984716051115
"1462","3306468B80072272336201",1,30783.3453779811,30783.3453779811,10.3347290882309
"1463","3306468B80132338687245",1,20514.4325519977,20514.4325519977,9.92888394434252
"1464","3306468B80209753736626",1,28866.5622437569,28866.5622437569,10.2704391884541
"1465","3306468B80571164490310",1,6342.65774558175,6342.65774558175,8.75505316236348
"1466","3306468B82844411676159",1,235832.55776765,235832.55776765,12.3708773312083
"1467","3306468B8616193891808",1,15741.2131169701,15741.2131169701,9.66403759123592
"1468","3306468B8700472779567",1,17458.1224208881,17458.1224208881,9.76756028757957
"1469","3306468B87386677214515",1,20955.6767543034,20955.6767543034,9.95016485543794
"1470","3306468B8786854663218",1,17369.3018801334,17369.3018801334,9.76245966730101
"1471","3306468B87904766376188",1,200127.681465471,200127.681465471,12.2067108491623
"1472","3306468B89107795210133",1,59489.7112329172,59489.7112329172,10.9935586561261
"1473","3306468B8968248816263",1,31320.4836834835,31320.4836834835,10.352027593264
"1474","3306468B8987969858006",1,51446.0346113567,51446.0346113567,10.8482886656264
"1475","3306468B91060644356542",1,33456.0318797465,33456.0318797465,10.4179873745537
"1476","3306468B91186516288237",1,24110.4509164786,24110.4509164786,10.0904006734673
"1477","3306468B93342772649109",1,5743.20558016339,5743.20558016339,8.65577279687404
"1478","3306468B93547885769442",1,42695.4647778439,42695.4647778439,10.6618479822842
"1479","3306468B9406738878397",1,4612.6340719588,4612.6340719588,8.43655435501768
"1480","3306468B94493131963400",1,41077.8980254568,41077.8980254568,10.6232254949013
"1481","3306468B95520457943603",1,8282.24610446778,8282.24610446778,9.02186947924815
"1482","3306468B95722442714869",1,30091.9923138014,30091.9923138014,10.3120143792568
"1483","3306468B99813204721250",1,26642.7538384481,26642.7538384481,10.1902724916259
"1484","3306468B99956465733744",1,958411.643823677,958411.643823677,13.7730326555012
"1485","35162164B10073394870765",1,796.941522767156,796.941522767156,6.68078130441351
"1486","35162164B10269713734613",1,259.610425874561,259.610425874561,5.55918214532766
"1487","35162164B103369510017",1,453.026563735738,453.026563735738,6.11595076335704
"1488","35162164B10401266625964",1,349.485845315054,349.485845315054,5.85646306103986
"1489","35162164B10440863111199",1,19754.6977042853,19754.6977042853,9.89114660049026
"1490","35162164B10462811723711",1,11011.8286775111,11011.8286775111,9.3067253083419
"1491","35162164B10475764562507",1,275.097635365844,275.097635365844,5.61712607234958
"1492","35162164B10488528933377",1,284.565711156644,284.565711156644,5.65096419757038
"1493","35162164B10585117065466",1,2665.48505173719,2665.48505173719,7.88814132819501
"1494","35162164B10617562274251",1,420.175566144556,420.175566144556,6.04067263856353
"1495","35162164B10651246481512",1,953.345056421332,953.345056421332,6.85997691201564
"1496","35162164B10819971000444",1,1222.87565260279,1222.87565260279,7.10896045644016
"1497","35162164B10830799365035",1,190.284457553223,190.284457553223,5.24852009757318
"1498","35162164B10877240154643",1,3903.26991631682,3903.26991631682,8.26956992090443
"1499","35162164B10896570080574",1,824.101791153759,824.101791153759,6.7142940552335
"1500","35162164B11144501251238",1,1660.53057088861,1660.53057088861,7.41489245129991
"1501","35162164B11166913193037",1,423.317228175357,423.317228175357,6.04812184638059
"1502","35162164B11360557013319",1,NA,NA,NA
"1503","35162164B11505770337311",1,8586.84140797794,8586.84140797794,9.05798624165111
"1504","35162164B11517368414750",1,1651.37020883545,1651.37020883545,7.40936065187598
"1505","35162164B1168912161793",1,11705.4070201125,11705.4070201125,9.36780615250391
"1506","35162164B11758798186333",1,8424.86319570804,8424.86319570804,9.03894251719057
"1507","35162164B11946880099707",1,1553.18109963363,1553.18109963363,7.34806042912112
"1508","35162164B1222731303046",1,7892.8165621829,7892.8165621829,8.97370832886858
"1509","35162164B12544962881567",1,1952.1527464523,1952.1527464523,7.57668801516787
"1510","35162164B12647744596162",1,266.939906447113,266.939906447113,5.58702356358184
"1511","35162164B12761059225260",1,271.248853908092,271.248853908092,5.60303667962212
"1512","35162164B12787485199825",1,579.344070806801,579.344070806801,6.36189655117443
"1513","35162164B13018725482272",1,930.956411651969,930.956411651969,6.83621245733245
"1514","35162164B1306870441904",1,956.63084304437,956.63084304437,6.86341757308934
"1515","35162164B13080681802385",1,691.420875790685,691.420875790685,6.53874872053863
"1516","35162164B13082338953427",1,13874.3520182468,13874.3520182468,9.53779723613647
"1517","35162164B130893387664",1,639.130149151981,639.130149151981,6.46010810993251
"1518","35162164B13098404592902",1,1295.6991165056,1295.6991165056,7.16680568676805
"1519","35162164B13121035531136",1,353.315204268307,353.315204268307,5.86736058844706
"1520","35162164B13220887556117",1,1170.14029966323,1170.14029966323,7.06487893484474
"1521","35162164B13235352626667",1,490.050825549245,490.050825549245,6.19450911133625
"1522","35162164B13454318588319",1,1200.8314644811,1200.8314644811,7.09076948290826
"1523","35162164B13535955292285",1,1388.29410088372,1388.29410088372,7.23583100686636
"1524","35162164B13700806796370",1,296.724106790453,296.724106790453,5.69280277371124
"1525","35162164B13736079230506",1,9349.63605493281,9349.63605493281,9.14309269691903
"1526","35162164B13749762397036",1,1788.75780275494,1788.75780275494,7.4892766929883
"1527","35162164B13821553518661",1,1905.46035302985,1905.46035302985,7.55247891350068
"1528","35162164B14186353694037",1,1316.59139612776,1316.59139612776,7.18280140009503
"1529","35162164B14224251746015",1,373.405995626271,373.405995626271,5.92266628782464
"1530","35162164B14247469001779",1,444.444016655818,444.444016655818,6.09682410024094
"1531","35162164B1433837472990",1,2074.98526356407,2074.98526356407,7.63770933074275
"1532","35162164B14493742439580",1,974.227459563673,974.227459563673,6.88164480775787
"1533","35162164B14520492938636",1,13000.5332559175,13000.5332559175,9.47274565528835
"1534","35162164B14631898826694",1,365.815130932808,365.815130932808,5.90212809905102
"1535","35162164B14656063603224",1,8571.54696508683,8571.54696508683,9.056203504647
"1536","35162164B14729572635571",1,NA,NA,NA
"1537","35162164B14734200252425",1,1283.76616023763,1283.76616023763,7.15755334946938
"1538","35162164B14875369166050",1,1130.52500257009,1130.52500257009,7.03043740785567
"1539","35162164B15336588909365",1,166.159808522463,166.159808522463,5.11295002719877
"1540","35162164B15393502878039",1,NA,NA,NA
"1541","35162164B15608303769076",1,3277.95510210896,3277.95510210896,8.09497506247689
"1542","35162164B15658417820468",1,NA,NA,NA
"1543","35162164B15686644794557",1,279.566684024736,279.566684024736,5.63324084741145
"1544","35162164B15710553395599",1,5456.28026937762,5456.28026937762,8.60452256722478
"1545","35162164B15850560645002",1,649.157834590376,649.157834590376,6.47567588373193
"1546","35162164B16069825451569",1,1123.62871116442,1123.62871116442,7.02431864773774
"1547","35162164B16447978201917",1,NA,NA,NA
"1548","35162164B16484391965954",1,3031.32068440679,3031.32068440679,8.01675367298111
"1549","35162164B16799942106005",1,5588.40379611206,5588.40379611206,8.62844897906034
"1550","35162164B1682453304038",1,1259.30921320111,1259.30921320111,7.13831860611393
"1551","35162164B16957839422128",1,607.083748344183,607.083748344183,6.40866675245537
"1552","35162164B17022445758631",1,700.818743730701,700.818743730701,6.55224928545558
"1553","35162164B17022796428589",1,NA,NA,NA
"1554","35162164B1707900630918",1,4491.8570025672,4491.8570025672,8.41002148155092
"1555","35162164B17354137205830",1,3795.77159858386,3795.77159858386,8.24164298894801
"1556","35162164B17395280980108",1,496.333457880527,496.333457880527,6.20724799495044
"1557","35162164B17395603055172",1,1102.37730297428,1102.37730297428,7.00522431130858
"1558","35162164B17645323328375",1,2165.25579646697,2165.25579646697,7.68029378425039
"1559","35162164B18081939382744",1,1166.98880763777,1166.98880763777,7.06218204152743
"1560","35162164B18107329513145",1,2737.63493589904,2737.63493589904,7.91484966456258
"1561","35162164B182364481574",1,5888.26389000176,5888.26389000176,8.68071647767916
"1562","35162164B18289340712836",1,27.116394546017,27.116394546017,3.3001385097659
"1563","35162164B18436063056106",1,NA,NA,NA
"1564","35162164B18462645016622",1,18435.6391494476,18435.6391494476,9.82204098050107
"1565","35162164B18672968966255",1,1749.07944069716,1749.07944069716,7.46684489462586
"1566","35162164B18988139724424",1,384.232250781357,384.232250781357,5.9512471895011
"1567","35162164B19002910433442",1,412.85474276799,412.85474276799,6.02309581866954
"1568","35162164B19134220719998",1,1089.9034489575,1089.9034489575,6.99384439236177
"1569","35162164B19135592413232",1,13696.2502242489,13696.2502242489,9.52487736809262
"1570","35162164B1914566735657",1,155.56225699427,155.56225699427,5.04704601801664
"1571","35162164B19220579289922",1,726.183151825033,726.183151825033,6.58780225824984
"1572","35162164B19249083063273",1,14773.4793390594,14773.4793390594,9.60058891576329
"1573","35162164B19382405183666",1,9565.60722009278,9565.60722009278,9.16592936340277
"1574","35162164B19425469833230",1,314.481467765056,314.481467765056,5.75092514837903
"1575","35162164B19854739890686",1,23824.7152882814,23824.7152882814,10.0784787783264
"1576","35162164B19864553701402",1,2045.44184047267,2045.44184047267,7.62336910405038
"1577","35162164B20234037216973",1,190.656130947411,190.656130947411,5.25047144391613
"1578","35162164B20237498885834",1,1147.1378854395,1147.1378854395,7.04502532388812
"1579","35162164B2046013509646",1,1018.05999693644,1018.05999693644,6.92565413146068
"1580","35162164B20589291848800",1,527.082399071008,527.082399071008,6.26735689129265
"1581","35162164B20590940352842",1,NA,NA,NA
"1582","35162164B20665201677941",1,10871.1537536001,10871.1537536001,9.29386811556826
"1583","35162164B20700175666909",1,6424.93109861975,6424.93109861975,8.76794118575569
"1584","35162164B20735321288499",1,19248.8949894313,19248.8949894313,9.86520893492188
"1585","35162164B2079151775126",1,1161.22477544324,1161.22477544324,7.05723056799179
"1586","35162164B20802405808987",1,1539.96879061234,1539.96879061234,7.33951742936618
"1587","35162164B20853900805685",1,1873.5752666719,1873.5752666719,7.53560379179128
"1588","35162164B21011442617383",1,1425.86859456655,1425.86859456655,7.26253644705537
"1589","35162164B21667270736466",1,797.359136744678,797.359136744678,6.68130518801674
"1590","35162164B21733796859397",1,5673.89211970538,5673.89211970538,8.64363060209418
"1591","35162164B22116826076314",1,15749.5684725011,15749.5684725011,9.66456824530707
"1592","35162164B22154659439015",1,NA,NA,NA
"1593","35162164B22388149113112",1,3013.8717311911,3013.8717311911,8.01098082061365
"1594","35162164B2242768806126",1,9603.68150324212,9603.68150324212,9.16990179386352
"1595","35162164B22512399474750",1,2776.07762637928,2776.07762637928,7.92879428462884
"1596","35162164B22514799027862",1,1189.97100083491,1189.97100083491,7.08168421676235
"1597","35162164B22597873563843",1,9918.31337001973,9918.31337001973,9.20213816263984
"1598","35162164B22602987441684",1,3469.87537707734,3469.87537707734,8.15187395790903
"1599","35162164B22687194999862",1,1730.73320557728,1730.73320557728,7.456300415959
"1600","35162164B22901750711962",1,2236.49534247085,2236.49534247085,7.71266534036273
"1601","35162164B2290413152887",1,NA,NA,NA
"1602","35162164B23239115370775",1,612.54421191743,612.54421191743,6.41762112253617
"1603","35162164B23239985864040",1,197.16111798355,197.16111798355,5.28402125225907
"1604","35162164B23385405996925",1,992.866641734712,992.866641734712,6.90059635667258
"1605","35162164B23409895494057",1,1954.17172952813,1954.17172952813,7.57772171488638
"1606","35162164B23546425595788",1,2571.11295719105,2571.11295719105,7.85209414141981
"1607","35162164B23618117428445",1,930.362455852747,930.362455852747,6.83557424769545
"1608","35162164B23669787713896",1,16359.9268917928,16359.9268917928,9.70259014142993
"1609","35162164B23827394250317",1,1358.34383541514,1358.34383541514,7.21402146857093
"1610","35162164B23982900579398",1,1931.1326038132,1931.1326038132,7.56586195112887
"1611","35162164B2401593792892",1,140.614436647281,140.614436647281,4.94602165296236
"1612","35162164B241272526579",1,1771.05467491552,1771.05467491552,7.47933050964707
"1613","35162164B24217242873495",1,504.541170199424,504.541170199424,6.22364944240942
"1614","35162164B24828223630236",1,1057.22752646185,1057.22752646185,6.96340521952875
"1615","35162164B24977696654809",1,5949.21091072115,5949.21091072115,8.69101386969799
"1616","35162164B25229657984831",1,17235.6476419088,17235.6476419088,9.75473505537921
"1617","35162164B25602656335961",1,683.202729106575,683.202729106575,6.52679163706031
"1618","35162164B25637967928692",1,1127.96082551036,1127.96082551036,7.02816670229745
"1619","35162164B25650133668867",1,144.87763953808,144.87763953808,4.97588952091123
"1620","35162164B25670326150951",1,1422.54591688408,1422.54591688408,7.26020344448416
"1621","35162164B25767436951669",1,1550.31281564272,1550.31281564272,7.34621200609476
"1622","35162164B25826046843734",1,8545.05686010772,8545.05686010772,9.05310824972389
"1623","35162164B25865282512198",1,1129.92071117813,1129.92071117813,7.02990274214556
"1624","35162164B26172432571373",1,5788.98493833902,5788.98493833902,8.66371224230312
"1625","35162164B26182668769136",1,699.189864429809,699.189864429809,6.54992232828347
"1626","35162164B26370017689795",1,1051.64288811628,1051.64288811628,6.95810887570257
"1627","35162164B26415064985128",1,1933.60328637812,1933.60328637812,7.56714052900415
"1628","35162164B26514463540699",1,NA,NA,NA
"1629","35162164B26726208247039",1,836.027890072331,836.027890072331,6.72866197385876
"1630","35162164B26748692145835",1,195.870047894776,195.870047894776,5.27745141838991
"1631","35162164B26838097201620",1,10167.8927048144,10167.8927048144,9.2269902605727
"1632","35162164B26843037379141",1,1949.57745258705,1949.57745258705,7.57536793709591
"1633","35162164B26886781454226",1,738.752256863043,738.752256863043,6.604962623691
"1634","35162164B27091090727362",1,3839.38404224926,3839.38404224926,8.25306722705115
"1635","35162164B27165980360946",1,984.893250134647,984.893250134647,6.89253325980122
"1636","35162164B27338061419730",1,6629.26778803911,6629.26778803911,8.79924963787126
"1637","35162164B27449427829131",1,784.126763019547,784.126763019547,6.66457069480532
"1638","35162164B27478954341503",1,887.250433300972,887.250433300972,6.7881272798905
"1639","35162164B27536144892403",1,2374.61630765827,2374.61630765827,7.77259114874718
"1640","35162164B2754916840566",1,118.131778087519,118.131778087519,4.77180076480278
"1641","35162164B27662620318918",1,760.151788799144,760.151788799144,6.63351813544271
"1642","35162164B2787680447386",1,2071.13247948647,2071.13247948647,7.63585082819876
"1643","35162164B27901886768337",1,2895.48627175642,2895.48627175642,7.97090834542042
"1644","35162164B28230343509230",1,NA,NA,NA
"1645","35162164B28347629707850",1,453.636844646692,453.636844646692,6.11729697629004
"1646","35162164B28437940927119",1,6124.41829416847,6124.41829416847,8.72003905852211
"1647","35162164B28497207695699",1,213.837896618068,213.837896618068,5.36521823554056
"1648","35162164B28686366216138",1,NA,NA,NA
"1649","35162164B28796349408819",1,1649.73819150193,1649.73819150193,7.40837188248791
"1650","35162164B28882572278634",1,289.367081174463,289.367081174463,5.66769605919423
"1651","35162164B29257726998169",1,2120.18283635476,2120.18283635476,7.65925760751086
"1652","35162164B29334565132125",1,1721.66690136066,1721.66690136066,7.45104822920352
"1653","35162164B2935679182415",1,3716.82761900422,3716.82761900422,8.22062579284417
"1654","35162164B2944080233928",1,10651.1133013105,10651.1133013105,9.27341970100845
"1655","35162164B29665566368909",1,2544.31894526412,2544.31894526412,7.84161828816774
"1656","35162164B29670244219059",1,0.781909557759762,0.781909557759762,-0.246016200164053
"1657","35162164B29739570351422",1,5517.65884014893,5517.65884014893,8.61570892614405
"1658","35162164B29744490152199",1,735.402618350655,735.402618350655,6.60041812930502
"1659","35162164B29771918648995",1,737.732818100758,737.732818100758,6.60358172395612
"1660","35162164B29778711665887",1,19866.8271635175,19866.8271635175,9.89680664305324
"1661","35162164B29805961991353",1,1648.1463913625,1648.1463913625,7.40740653623455
"1662","35162164B29979050445990",1,9325.838058864,9325.838058864,9.14054411273798
"1663","35162164B30150096816100",1,16284.0942750509,16284.0942750509,9.69794409903444
"1664","35162164B30214649518021",1,1478.55566816744,1478.55566816744,7.29882099037096
"1665","35162164B30247748644856",1,559.693703197643,559.693703197643,6.32738967551715
"1666","35162164B30305198666927",1,5801.25030968906,5801.25030968906,8.66582874393854
"1667","35162164B30310519653899",1,21211.4263100891,21211.4263100891,9.96229529235522
"1668","35162164B30603053665119",1,1661.8512135507,1661.8512135507,7.41568744887534
"1669","35162164B30621256255641",1,5415.22083629501,5415.22083629501,8.59696894092946
"1670","35162164B30744648886698",1,4593.87481196499,4593.87481196499,8.43247913254361
"1671","35162164B30898640235885",1,238.423193743706,238.423193743706,5.47404721965231
"1672","35162164B30968954703154",1,5422.4422134974,5422.4422134974,8.5983015858434
"1673","35162164B31027952362552",1,6111.48909409013,6111.48909409013,8.71792573672585
"1674","35162164B31029299854574",1,307.04731708619,307.04731708619,5.72700186302738
"1675","35162164B31036277734293",1,4214.27928825431,4214.27928825431,8.34623386845042
"1676","35162164B31209785534751",1,NA,NA,NA
"1677","35162164B31318535149924",1,163.967223142684,163.967223142684,5.09966654896368
"1678","35162164B31445567914923",1,11710.8341043997,11710.8341043997,9.36826968414893
"1679","35162164B31903053355242",1,6263.60222277832,6263.60222277832,8.74251073354355
"1680","35162164B31951026387591",1,1729.39482589495,1729.39482589495,7.45552681467205
"1681","35162164B32079497073653",1,671.103350549742,671.103350549742,6.5089231497754
"1682","35162164B3217186539387",1,500.418565762818,500.418565762818,6.21544487974866
"1683","35162164B32207408635232",1,5722.17876392365,5722.17876392365,8.65210491463265
"1684","35162164B32476575049647",1,6263.00075501774,6263.00075501774,8.7424147030775
"1685","35162164B32503532025347",1,474.442655258089,474.442655258089,6.16214075776056
"1686","35162164B32511012519739",1,1553.56608582813,1553.56608582813,7.34830826788848
"1687","35162164B32586573829867",1,673.83994241856,673.83994241856,6.51299260855442
"1688","35162164B32603147707699",1,3527.60258002611,3527.60258002611,8.1683737633966
"1689","35162164B32711720847006",1,NA,NA,NA
"1690","35162164B32881754588399",1,7620.37473474613,7620.37473474613,8.93858082525971
"1691","35162164B3291213961319",1,453.76512998943,453.76512998943,6.11757972935247
"1692","35162164B33008860234246",1,667.951807260722,667.951807260722,6.5042160261148
"1693","35162164B33097387261556",1,3149.1185375055,3149.1185375055,8.0548778632968
"1694","35162164B3312502369937",1,325.143806745529,325.143806745529,5.78426756675725
"1695","35162164B33177484318806",1,84.681842765063,84.681842765063,4.43890120754457
"1696","35162164B3327858582551",1,481.75430471611,481.75430471611,6.17743424283548
"1697","35162164B33282887229490",1,582.290919031173,582.290919031173,6.36697018372091
"1698","35162164B3332276953355",1,636.309979289606,636.309979289606,6.4556858334249
"1699","35162164B33418122090766",1,693.806443205923,693.806443205923,6.54219302132724
"1700","35162164B33499420983824",1,1060.58759007235,1060.58759007235,6.96657836377879
"1701","35162164B33687534617917",1,NA,NA,NA
"1702","35162164B34027282042904",1,749.803497126699,749.803497126699,6.61981116837029
"1703","35162164B34108970564975",1,5321.81380961111,5321.81380961111,8.57956946588451
"1704","35162164B3427671821915",1,871.109643226504,871.109643226504,6.7697678509352
"1705","35162164B34336796208513",1,1075.24913681214,1075.24913681214,6.98030766888477
"1706","35162164B34576871564652",1,337.18799080798,337.18799080798,5.82064061104503
"1707","35162164B34693817831811",1,NA,NA,NA
"1708","35162164B34736142106091",1,930.438244669199,930.438244669199,6.83565570598002
"1709","35162164B34799384969485",1,2288.1039376516,2288.1039376516,7.73547877876318
"1710","35162164B34840260601186",1,20668.6589181486,20668.6589181486,9.93637376997826
"1711","35162164B34996558503734",1,48.1356721017361,48.1356721017361,3.87402352598144
"1712","35162164B3499900463051",1,326.944455922119,326.944455922119,5.7897902969041
"1713","35162164B35015702019735",1,442.512670289248,442.512670289248,6.09246909746008
"1714","35162164B35054322137295",1,1527.05235892724,1527.05235892724,7.33109459338471
"1715","35162164B35115776141340",1,6847.66893220666,6847.66893220666,8.83166357147281
"1716","35162164B35138350065445",1,2608.7452942982,2608.7452942982,7.86662465457501
"1717","35162164B35235229853832",1,9728.86673679399,9728.86673679399,9.18285269735813
"1718","35162164B35335348273773",1,153.547775733411,153.547775733411,5.03401176116427
"1719","35162164B35433441802256",1,6470.39006105804,6470.39006105804,8.77499167332193
"1720","35162164B35435864807624",1,64.8433273600191,64.8433273600191,4.17197401202244
"1721","35162164B3547177020810",1,3243.36814379301,3243.36814379301,8.08436761938127
"1722","35162164B35604114195252",1,518.217746424884,518.217746424884,6.25039551382661
"1723","35162164B35819168559936",1,696.62278705728,696.62278705728,6.54624406922186
"1724","35162164B35846593220974",1,486.518856041953,486.518856041953,6.18727565944013
"1725","35162164B3595633868920",1,257.54225942713,257.54225942713,5.55118382091863
"1726","35162164B35966590555151",1,1968.22254702231,1968.22254702231,7.58488615405536
"1727","35162164B35990184487288",1,NA,NA,NA
"1728","35162164B36072688257457",1,12813.2958299458,12813.2958299458,9.45823864750854
"1729","35162164B36130278756514",1,1872.06298151357,1872.06298151357,7.53479630044252
"1730","35162164B36201030843686",1,291.429712631561,291.429712631561,5.67479885366789
"1731","35162164B36262795857615",1,510.658235307015,510.658235307015,6.23570055100073
"1732","35162164B36295319178856",1,2058.99020581213,2058.99020581213,7.62997095024723
"1733","35162164B3638695478709",1,2291.12579510286,2291.12579510286,7.73679858932795
"1734","35162164B3644248448752",1,6316.13057105255,6316.13057105255,8.75086204822273
"1735","35162164B36464745645155",1,1123.31614994448,1123.31614994448,7.02404043777597
"1736","35162164B36615656829014",1,4379.14628139186,4379.14628139186,8.38460907144827
"1737","35162164B36736631592146",1,378.21312195453,378.21312195453,5.93545785143032
"1738","35162164B36782193630345",1,634.710599105492,634.710599105492,6.45316914556718
"1739","35162164B36860764345845",1,846.416304162621,846.416304162621,6.74101132387056
"1740","35162164B36890645103450",1,1114.30088540634,1114.30088540634,7.01598247863794
"1741","35162164B37063972584076",1,637.830268244982,637.830268244982,6.45807221071704
"1742","35162164B37087641211860",1,NA,NA,NA
"1743","35162164B3709572728491",1,1073.88969021255,1073.88969021255,6.97904256049455
"1744","35162164B37105319510629",1,678.651288414091,678.651288414091,6.52010742923785
"1745","35162164B37287460765736",1,3734.27165475251,3734.27165475251,8.22530807312987
"1746","35162164B37355742822958",1,1111.15933431354,1111.15933431354,7.01315919458036
"1747","35162164B37410879222528",1,4234.26184576232,4234.26184576232,8.35096429337311
"1748","35162164B37480487737261",1,3706.97359682532,3706.97359682532,8.21797108060724
"1749","35162164B37521844633919",1,7006.42060438538,7006.42060438538,8.85458223683771
"1750","35162164B37577453073889",1,25186.6438017417,25186.6438017417,10.1340691251283
"1751","35162164B37645034893203",1,1787.99061907446,1787.99061907446,7.48884770911704
"1752","35162164B37648994900725",1,338.15505519408,338.15505519408,5.82350453347029
"1753","35162164B37650855114133",1,467.40992135495,467.40992135495,6.14720664856957
"1754","35162164B37971320550046",1,3154.28365629318,3154.28365629318,8.05651669889222
"1755","35162164B38144883145872",1,956.196407852113,956.196407852113,6.862963339494
"1756","35162164B38387632600591",1,1677.25407469898,1677.25407469898,7.42491325583279
"1757","35162164B38413956233352",1,5693.81457161322,5693.81457161322,8.64713570173223
"1758","35162164B38508894129969",1,1991.35485802421,1991.35485802421,7.59657051923477
"1759","35162164B38587864840285",1,2232.76288275552,2232.76288275552,7.71099505845241
"1760","35162164B38655040871087",1,4617.24548333216,4617.24548333216,8.43755359053954
"1761","35162164B38888452611030",1,1163.71709864947,1163.71709864947,7.05937455635443
"1762","35162164B38891145564470",1,2707.50048182574,2707.50048182574,7.90378115683477
"1763","35162164B38966555912320",1,614.41613571544,614.41613571544,6.42067244404629
"1764","35162164B38971200706697",1,1482.37447067295,1482.37447067295,7.3014004532045
"1765","35162164B39055849407196",1,3620.13624354836,3620.13624354836,8.19426694045091
"1766","35162164B39099588088418",1,595.211618941099,595.211618941099,6.38891700439874
"1767","35162164B39157638140950",1,6835.79740086746,6835.79740086746,8.82992840670845
"1768","35162164B39169634152977",1,5755.74056154889,5755.74056154889,8.65795299429321
"1769","35162164B39311117722517",1,1145.64451859424,1145.64451859424,7.04372265595608
"1770","35162164B39353777100388",1,799.332495720297,799.332495720297,6.68377699902926
"1771","35162164B3937621778129",1,2924.60434116899,2924.60434116899,7.98091448254
"1772","35162164B39513571338002",1,6768.4229827769,6768.4229827769,8.82002339678839
"1773","35162164B39523888219750",1,2618.24017952289,2618.24017952289,7.87025768386722
"1774","35162164B39557523691136",1,158.297973653883,158.297973653883,5.06447916613468
"1775","35162164B39676460193401",1,698.933939528227,698.933939528227,6.54955623065504
"1776","35162164B39768025410051",1,5116.43476664428,5116.43476664428,8.54021314084019
"1777","35162164B39839791868318",1,430.061150377631,430.061150377631,6.06392740875724
"1778","35162164B39875970443562",1,13199.9718516008,13199.9718516008,9.4879699761177
"1779","35162164B39915546247391",1,1143.87242755067,1143.87242755067,7.04217465134277
"1780","35162164B39951318882667",1,1512.85073603621,1512.85073603621,7.32175105461649
"1781","35162164B4001885115008",1,6986.64825390091,6986.64825390091,8.85175621434845
"1782","35162164B40153831078788",1,620.830767898381,620.830767898381,6.43105852933285
"1783","35162164B40202387586398",1,1066.78487614384,1066.78487614384,6.97240461536432
"1784","35162164B4025167017502",1,33.5297912969589,33.5297912969589,3.5124343360913
"1785","35162164B40364811374948",1,772.514805856705,772.514805856705,6.64965117474578
"1786","35162164B40653151075906",1,3831.59290444989,3831.59290444989,8.25103589765659
"1787","35162164B40811293491230",1,485.130814589679,485.130814589679,6.18441857537283
"1788","35162164B41058885477695",1,1116.26023315199,1116.26023315199,7.01773929958608
"1789","35162164B41129284369230",1,407.319772333324,407.319772333324,6.00959855836519
"1790","35162164B41198917697525",1,4157.3821769324,4157.3821769324,8.33264087078153
"1791","35162164B41272201057348",1,1205.47974303167,1205.47974303167,7.09463289369047
"1792","35162164B41289654122948",1,7549.7132098122,7549.7132098122,8.92926485606627
"1793","35162164B41303054294604",1,3632.97250754267,3632.97250754267,8.19780646476693
"1794","35162164B41691661831409",1,1124.56398113563,1124.56398113563,7.02515066718907
"1795","35162164B41784667768364",1,7283.41794982012,7283.41794982012,8.89335552961241
"1796","35162164B41788523288409",1,10276.4745785685,10276.4745785685,9.23761254036388
"1797","35162164B4192483471758",1,585.819472879969,585.819472879969,6.37301167535697
"1798","35162164B41932037702546",1,2849.94348406833,2849.94348406833,7.95505444291461
"1799","35162164B42075240589234",1,8776.09613632143,8776.09613632143,9.07978695635284
"1800","35162164B42122420865004",1,223.919898689695,223.919898689695,5.41128839276736
"1801","35162164B42240340469477",1,2332.95990820682,2332.95990820682,7.75489308722174
"1802","35162164B42411795193024",1,237.630845426738,237.630845426738,5.4707183998821
"1803","35162164B42502123725586",1,4162.84624599327,4162.84624599327,8.33395431304985
"1804","35162164B42587299910885",1,11249.4861334758,11249.4861334758,9.32807772956497
"1805","35162164B42794382244883",1,8072.1300289087,8072.1300289087,8.99617267053957
"1806","35162164B42948895051340",1,2136.6596290562,2136.6596290562,7.66699896750773
"1807","35162164B43001876870642",1,1004.85255570391,1004.85255570391,6.91259609898772
"1808","35162164B43081801814917",1,2566.48730299401,2566.48730299401,7.85029343478142
"1809","35162164B43095609946318",1,845.035691329464,845.035691329464,6.73937886472488
"1810","35162164B43104180618768",1,353.579187047601,353.579187047601,5.86810746887166
"1811","35162164B43329717977786",1,819.076668358646,819.076668358646,6.70817769163124
"1812","35162164B43359933366516",1,1492.03137066071,1492.03137066071,7.30789380645467
"1813","35162164B4355148112138",1,1047.95479955298,1047.95479955298,6.95459573375332
"1814","35162164B4373871632357",1,6846.91497738647,6846.91497738647,8.83155346154527
"1815","35162164B4381355814899",1,2163.9697497532,2163.9697497532,7.67969966101155
"1816","35162164B43983765297672",1,5934.39656736755,5934.39656736755,8.68852062830559
"1817","35162164B44046782909904",1,486.150173433751,486.150173433751,6.18651757500506
"1818","35162164B44082529851006",1,494.723322434902,494.723322434902,6.20399866172498
"1819","35162164B44108052302901",1,6157.08773466539,6157.08773466539,8.7253591743899
"1820","35162164B44118594197771",1,616.061372009635,616.061372009635,6.42334658845656
"1821","35162164B44132025235652",1,12632.2240104004,12632.2240104004,9.44400628934382
"1822","35162164B44510857688037",1,377.208073441029,377.208073441029,5.93279695413849
"1823","35162164B44634444711623",1,1054.02954541346,1054.02954541346,6.96037576041
"1824","35162164B44657175287617",1,599.401583296299,599.401583296299,6.39593179634771
"1825","35162164B44780300439373",1,84.3872701100335,84.3872701100335,4.43541656214604
"1826","35162164B45098270678787",1,848.499711127959,848.499711127959,6.74346974422397
"1827","35162164B45378325977411",1,3088.85996224084,3088.85996224084,8.03555735755648
"1828","35162164B45570204479435",1,1627.18139498962,1627.18139498962,7.39460459147132
"1829","35162164B45790961504178",1,805.532433774441,805.532433774441,6.69150346719987
"1830","35162164B45791079749061",1,776.876450715095,776.876450715095,6.65528132963584
"1831","35162164B45882638430456",1,1875.84601514885,1875.84601514885,7.53681504472014
"1832","35162164B46053571621586",1,4033.71061212435,4033.71061212435,8.30244197873823
"1833","35162164B46160238611369",1,1314.7748851509,1314.7748851509,7.18142073995787
"1834","35162164B4630365107743",1,2545.25963360886,2545.25963360886,7.84198794091634
"1835","35162164B464656830553",1,392.337693014696,392.337693014696,5.97212293071742
"1836","35162164B46618736388217",1,551.705672614068,551.705672614068,6.31301470228836
"1837","35162164B4666434979378",1,6176.13890771484,6176.13890771484,8.72844858298582
"1838","35162164B46718052991793",1,705.393761504412,705.393761504412,6.55875617385075
"1839","35162164B469584995552",1,882.935261396795,882.935261396795,6.78325188126474
"1840","35162164B47227241958713",1,12481.225326235,12481.225326235,9.43198082029567
"1841","35162164B47289388802077",1,NA,NA,NA
"1842","35162164B4735329384018",1,39.5293499126434,39.5293499126434,3.6770434317558
"1843","35162164B47400970440910",1,1608.97239400292,1608.97239400292,7.38335098960649
"1844","35162164B47483648218814",1,806.532858311236,806.532858311236,6.69274463859676
"1845","35162164B47655084452397",1,14401.1920233154,14401.1920233154,9.57506626153497
"1846","35162164B47738675903000",1,NA,NA,NA
"1847","35162164B47850165060399",1,1594.54274356365,1594.54274356365,7.37434229296673
"1848","35162164B47977528408812",1,535.949639156461,535.949639156461,6.28404019985894
"1849","35162164B47990147537025",1,6859.62474122384,6859.62474122384,8.83340801677819
"1850","35162164B48134009375448",1,2670.28653177497,2670.28653177497,7.88994106090795
"1851","35162164B48276520022709",1,8735.1453800968,8735.1453800968,9.07510986582941
"1852","35162164B48283661565489",1,1763.66222423312,1763.66222423312,7.47514773537051
"1853","35162164B4834326147555",1,512.202735404477,512.202735404477,6.2387205142519
"1854","35162164B48366708508024",1,34.5624777281284,34.5624777281284,3.54276863488823
"1855","35162164B48474720743291",1,550.016372057088,550.016372057088,6.30994804516
"1856","35162164B48594737867341",1,18551.8524202679,18551.8524202679,9.8283249239807
"1857","35162164B48668524840804",1,NA,NA,NA
"1858","35162164B48798891823707",1,1915.85747951756,1915.85747951756,7.55792057137874
"1859","35162164B48833074214893",1,1081.16630112809,1081.16630112809,6.98579564588853
"1860","35162164B48871281697567",1,840.29868870914,840.29868870914,6.73375741042973
"1861","35162164B48964158147247",1,NA,NA,NA
"1862","35162164B49055104405338",1,446.268613449991,446.268613449991,6.10092104303628
"1863","35162164B49086916119000",1,3200.03913556078,3200.03913556078,8.07091831857578
"1864","35162164B49139561829601",1,15083.8139382955,15083.8139382955,9.62137752326475
"1865","35162164B49212853106844",1,401.285867746681,401.285867746681,5.99467406047206
"1866","35162164B49319017371443",1,5434.57121105766,5434.57121105766,8.60053590243338
"1867","35162164B49407671778739",1,242.092375969708,242.092375969708,5.48931937220366
"1868","35162164B49669417208425",1,385.11939613764,385.11939613764,5.95355340604859
"1869","35162164B49699015358538",1,502.029715137124,502.029715137124,6.21865931144011
"1870","35162164B49792832455672",1,1046.10763761464,1046.10763761464,6.9528315433599
"1871","35162164B49820869522821",1,254.481817387223,254.481817387223,5.53922938898731
"1872","35162164B49984893156433",1,1483.14222238103,1483.14222238103,7.30191823934749
"1873","35162164B50002705209243",1,459.194905772731,459.194905772731,6.12947475124332
"1874","35162164B50149511982959",1,473.8121885048,473.8121885048,6.16081101639338
"1875","35162164B50185526040521",1,14.3083328918815,14.3083328918815,2.66084208726265
"1876","35162164B50194612794123",1,7396.06559027739,7396.06559027739,8.90870346081239
"1877","35162164B50213628521675",1,4409.22179593161,4409.22179593161,8.3914534893618
"1878","35162164B50505339448184",1,6845.00297117799,6845.00297117799,8.8312741717879
"1879","35162164B50611338864670",1,5906.5991231823,5906.5991231823,8.68382550029843
"1880","35162164B50635922990966",1,2211.48107663351,2211.48107663351,7.70141774047028
"1881","35162164B50812150666604",1,481.000934008896,481.000934008896,6.17586921191031
"1882","35162164B50966628744256",1,5955.95795159912,5955.95795159912,8.69214733394001
"1883","35162164B51027865452470",1,788.109719857551,788.109719857551,6.66963731856302
"1884","35162164B51145992961570",1,115.440456206679,115.440456206679,4.74875486635212
"1885","35162164B51236873924617",1,1963.57360469766,1963.57360469766,7.5825213597925
"1886","35162164B51283194093735",1,5193.7086462518,5193.7086462518,8.55520329635821
"1887","35162164B5152364964620",1,758.185020187728,758.185020187728,6.63092744581469
"1888","35162164B51523673246105",1,965.074830772229,965.074830772229,6.87220564317423
"1889","35162164B51703363318263",1,111.632440254211,111.632440254211,4.71521169098847
"1890","35162164B51705520873479",1,8324.79212934602,8324.79212934602,9.02699334508898
"1891","35162164B51772334527527",1,2884.55118484658,2884.55118484658,7.96712459832945
"1892","35162164B52032683058931",1,1389.38489200377,1389.38489200377,7.23661640444392
"1893","35162164B52048270525554",1,1190.55769028899,1190.55769028899,7.0821771236264
"1894","35162164B52095802244464",1,9384.67604554398,9384.67604554398,9.14683343010241
"1895","35162164B52339983377836",1,1091.76606695238,1091.76606695238,6.99555190895294
"1896","35162164B52508011667505",1,3156.6682030205,3156.6682030205,8.05727238421322
"1897","35162164B52602965230915",1,1202.44883489779,1202.44883489779,7.09211545213314
"1898","35162164B52706250089410",1,2094.0074760505,2094.0074760505,7.6468349616488
"1899","35162164B52838643588694",1,6430.36833872557,6430.36833872557,8.7687870999962
"1900","35162164B52848122873213",1,NA,NA,NA
"1901","35162164B52856134936661",1,9769.98078576326,9769.98078576326,9.18706977837812
"1902","35162164B52912630691789",1,533.787747894764,533.787747894764,6.27999828409323
"1903","35162164B52921582022619",1,1594.17970834637,1594.17970834637,7.37411459348876
"1904","35162164B53146220009550",1,1777.74286643326,1777.74286643326,7.48309978606159
"1905","35162164B53154080329110",1,NA,NA,NA
"1906","35162164B53369988821982",1,1087.01098740333,1087.01098740333,6.99118699507687
"1907","35162164B53623755674193",1,4174.99051534741,4174.99051534741,8.3368673655093
"1908","35162164B53729872192207",1,2083.43798223837,2083.43798223837,7.6417746842752
"1909","35162164B53813298320791",1,570.334137916625,570.334137916625,6.34622239594774
"1910","35162164B53957159908750",1,1658.3697186684,1658.3697186684,7.41359030158945
"1911","35162164B54094305142623",1,281.336978466392,281.336978466392,5.639553162478
"1912","35162164B54144747776936",1,311.781460572273,311.781460572273,5.74230249549821
"1913","35162164B54306894687431",1,1438.9141965816,1438.9141965816,7.27164407799466
"1914","35162164B54504500114566",1,1334.07616965127,1334.07616965127,7.19599432353461
"1915","35162164B54573865984147",1,53.2444336827174,53.2444336827174,3.97489326734575
"1916","35162164B54684322655219",1,9830.85108486676,9830.85108486676,9.19328078974602
"1917","35162164B54710841907593",1,854.116685688667,854.116685688667,6.75006781875082
"1918","35162164B54859772673703",1,4501.88562709808,4501.88562709808,8.41225161623461
"1919","35162164B5486368161051",1,3507.30571256423,3507.30571256423,8.16260341844363
"1920","35162164B54904175819793",1,5839.26182453731,5839.26182453731,8.67235966792514
"1921","35162164B55045053102964",1,90.115556202963,90.115556202963,4.50109280457201
"1922","35162164B55047607861786",1,18971.5429808743,18971.5429808743,9.85069539756935
"1923","35162164B55174178620740",1,772.502613407239,772.502613407239,6.64963539181762
"1924","35162164B55209695103192",1,367.439985035107,367.439985035107,5.90655999929009
"1925","35162164B55355936251636",1,1443.46347581215,1443.46347581215,7.27480069626272
"1926","35162164B55494115928353",1,3897.63147492783,3897.63147492783,8.26812433350675
"1927","35162164B55508639359232",1,1063.630942404,1063.630942404,6.96944375108936
"1928","35162164B55527048225424",1,668.694688030086,668.694688030086,6.50532758530188
"1929","35162164B55566355073112",1,117.204188052662,117.204188052662,4.76391761074219
"1930","35162164B55570147522340",1,2537.39100227606,2537.39100227606,7.8388916676594
"1931","35162164B55651843175504",1,956.716648838535,956.716648838535,6.86350726489346
"1932","35162164B55653603648730",1,734.825254983082,734.825254983082,6.59963272262389
"1933","35162164B55805795944357",1,455.105389657937,455.105389657937,6.12052901775172
"1934","35162164B55936134420227",1,5783.65239852905,5783.65239852905,8.66279066495957
"1935","35162164B55937002420663",1,1986.75799855494,1986.75799855494,7.59425944276157
"1936","35162164B56267554774687",1,693.878538460426,693.878538460426,6.54229692856198
"1937","35162164B56375608291865",1,3728.94369164123,3728.94369164123,8.22388027994178
"1938","35162164B56395579306206",1,1391.91259220609,1391.91259220609,7.23843404596741
"1939","35162164B56396362384048",1,60576.0679233676,60576.0679233676,11.0116551753001
"1940","35162164B56440462518587",1,235.524101206005,235.524101206005,5.46181324879755
"1941","35162164B56488122937951",1,5182.43233738327,5182.43233738327,8.55302978824463
"1942","35162164B57006109689190",1,643.897736744128,643.897736744128,6.46753991961969
"1943","35162164B57140391494677",1,1027.51062873185,1027.51062873185,6.93489429058146
"1944","35162164B57243276794912",1,24187.8687292345,24187.8687292345,10.0936064942755
"1945","35162164B57287087232463",1,998.633722241253,998.633722241253,6.90638806701491
"1946","35162164B5732093392977",1,1525.55984620357,1525.55984620357,7.33011673393693
"1947","35162164B57366882784799",1,610.75936269787,610.75936269787,6.41470303985722
"1948","35162164B57515137909984",1,7250.28919182826,7250.28919182826,8.88879663558123
"1949","35162164B5760982623829",1,617.383423629969,617.383423629969,6.42549026303573
"1950","35162164B5774991400225",1,3669.30525027002,3669.30525027002,8.20775761802461
"1951","35162164B57941425768227",1,1050.1818270472,1050.1818270472,6.956718596776
"1952","35162164B57970494139144",1,1171.83560158576,1171.83560158576,7.06632668861346
"1953","35162164B58097277944417",1,1521.10342428765,1521.10342428765,7.32719128750683
"1954","35162164B5812724327715",1,65136.1103643971,65136.1103643971,11.08423436511
"1955","35162164B58227039352196",1,2170.28814850052,2170.28814850052,7.68261522504648
"1956","35162164B58259764346195",1,125.058609208465,125.058609208465,4.82878250108311
"1957","35162164B58310088088088",1,1716.66614569937,1716.66614569937,7.44813940151353
"1958","35162164B58341155442223",1,675.622998360671,675.622998360671,6.51563522574068
"1959","35162164B586389844470",1,307.564776492298,307.564776492298,5.72868572032137
"1960","35162164B58929409429796",1,808.163698072031,808.163698072031,6.69476463462497
"1961","35162164B59399831038543",1,613.626037482694,613.626037482694,6.41938568312064
"1962","35162164B59555480017581",1,1255.28998526479,1255.28998526479,7.13512188883073
"1963","35162164B60113687786338",1,781.214905442245,781.214905442245,6.6608502790077
"1964","35162164B60318395890345",1,30729.7931458477,30729.7931458477,10.3329879237595
"1965","35162164B60478226363731",1,2647.48051175353,2647.48051175353,7.88136371644886
"1966","35162164B60523300331136",1,323.395007316701,323.395007316701,5.7788745089184
"1967","35162164B60572790247888",1,3346.17309511927,3346.17309511927,8.11557261216307
"1968","35162164B60639371650725",1,235.118405003838,235.118405003838,5.46008923833399
"1969","35162164B60799927677467",1,1232.49855498684,1232.49855498684,7.11679873349169
"1970","35162164B60985093963323",1,1998.60669378917,1998.60669378917,7.60020556366113
"1971","35162164B61039198412665",1,494.848022196203,494.848022196203,6.20425068956034
"1972","35162164B61137004836092",1,5063.88482296785,5063.88482296785,8.52988921928571
"1973","35162164B61226104202809",1,29.4193857893944,29.4193857893944,3.38165383764042
"1974","35162164B6189191279068",1,1087.67722850928,1087.67722850928,6.99179971842904
"1975","35162164B61931844295180",1,500.931976845846,500.931976845846,6.21647031710785
"1976","35162164B62010559485680",1,415.825820677631,415.825820677631,6.03026647228766
"1977","35162164B62024364691699",1,NA,NA,NA
"1978","35162164B62151191241006",1,3636.48980813862,3636.48980813862,8.19877415693389
"1979","35162164B62328940615775",1,NA,NA,NA
"1980","35162164B62342793759497",1,3148.55981463514,3148.55981463514,8.05470042556798
"1981","35162164B62401168973782",1,12366.8963329441,12366.8963329441,9.42277853115207
"1982","35162164B62428051071911",1,18021.8582337341,18021.8582337341,9.79934064647474
"1983","35162164B62692741159025",1,607.488557522803,607.488557522803,6.4093333396839
"1984","35162164B62789094619129",1,5683.45224253655,5683.45224253655,8.64531411626513
"1985","35162164B62900953125542",1,2912.84086324663,2912.84086324663,7.97688412561706
"1986","35162164B6296725203986",1,633.844266002245,633.844266002245,6.45180328704303
"1987","35162164B63214843233933",1,1228.55609757653,1228.55609757653,7.11359485439165
"1988","35162164B6328683586484",1,573.472680147857,573.472680147857,6.35171029837783
"1989","35162164B63355054805724",1,546.673730562933,546.673730562933,6.30385215382811
"1990","35162164B63443536988454",1,720.001241769984,720.001241769984,6.57925293668915
"1991","35162164B63456951667461",1,9280.91594412774,9280.91594412774,9.13571552178547
"1992","35162164B63728605531274",1,10759.0364256482,10759.0364256482,9.28350127818612
"1993","35162164B63932580669884",1,7154.41138420516,7154.41138420516,8.87548442224802
"1994","35162164B6396716767482",1,11175.1623031643,11175.1623031643,9.32144894314939
"1995","35162164B63967587387605",1,2524.33541354595,2524.33541354595,7.83373310450953
"1996","35162164B64011842715923",1,581.196251306497,581.196251306497,6.36508848175533
"1997","35162164B64032004028006",1,6513.00756185913,6513.00756185913,8.78155661958659
"1998","35162164B64333696497287",1,1301.10304362187,1301.10304362187,7.17096767877491
"1999","35162164B64456112534270",1,18486.4703231192,18486.4703231192,9.82479440962589
"2000","35162164B64481090493590",1,1222.75482212344,1222.75482212344,7.10886164308246
"2001","35162164B64614498452260",1,476.149597625501,476.149597625501,6.16573208558142
"2002","35162164B64653334099040",1,710.066502309166,710.066502309166,6.56535863087323
"2003","35162164B64679939862971",1,104.942461927444,104.942461927444,4.65341221831732
"2004","35162164B64881067970982",1,2364.59011802249,2364.59011802249,7.76835997428744
"2005","35162164B65076936477061",1,5854.25769004202,5854.25769004202,8.67492448576404
"2006","35162164B65125805198712",1,481.219968380958,481.219968380958,6.17632448029058
"2007","35162164B65128475764544",1,302.394339447282,302.394339447282,5.71173192537119
"2008","35162164B65276003398937",1,5804.17724541212,5804.17724541212,8.66633315203057
"2009","35162164B65314498182346",1,1921.55042530707,1921.55042530707,7.56088765233924
"2010","35162164B65329015071825",1,4531.84390824781,4531.84390824781,8.41888417942055
"2011","35162164B65385180644380",1,468.605233188391,468.605233188391,6.14976069372024
"2012","35162164B65486523174635",1,NA,NA,NA
"2013","35162164B6558506114396",1,339.820923024796,339.820923024796,5.82841878187073
"2014","35162164B65691399727908",1,298.451742352247,298.451742352247,5.69860825260146
"2015","35162164B65765715361168",1,10149.4665690937,10149.4665690937,9.22517642831979
"2016","35162164B65820653235088",1,594.676772292405,594.676772292405,6.38801801809271
"2017","35162164B65908868425620",1,244.58589016059,244.58589016059,5.49956653622776
"2018","35162164B65937431669133",1,10528.1470582199,10528.1470582199,9.26180762176351
"2019","35162164B65955038225271",1,4954.14314601558,4954.14314601558,8.50797950466931
"2020","35162164B66231377530280",1,1173.27897606465,1173.27897606465,7.06755765163327
"2021","35162164B66239287050159",1,3506.18985605297,3506.18985605297,8.16228521577001
"2022","35162164B66386769962643",1,11797.5975794876,11797.5975794876,9.37565119476681
"2023","35162164B66396036790840",1,855.164104646653,855.164104646653,6.75129338577879
"2024","35162164B66426333223872",1,981.87078164801,981.87078164801,6.88945971277966
"2025","35162164B66483536565196",1,958.827590539754,958.827590539754,6.86571127826193
"2026","35162164B67253441607804",1,2645.74946287993,2645.74946287993,7.88070965496141
"2027","35162164B67357398396511",1,14708.1913424368,14708.1913424368,9.59615985174889
"2028","35162164B67611771637099",1,1181.30314204955,1181.30314204955,7.07437346577448
"2029","35162164B67834793855572",1,1330.40276666927,1330.40276666927,7.19323700745358
"2030","35162164B67840176156165",1,521.17983460816,521.17983460816,6.25609515418785
"2031","35162164B67873210702282",1,400.095056518465,400.095056518465,5.99170216017192
"2032","35162164B67895796063130",1,797.080057282947,797.080057282947,6.68095512203038
"2033","35162164B67913939941732",1,2441.87992214805,2441.87992214805,7.80052348153213
"2034","35162164B68020695361946",1,16237.3302150008,16237.3302150008,9.6950682045732
"2035","35162164B6810731341858",1,2346.80664302567,2346.80664302567,7.76081080772167
"2036","35162164B68193657015740",1,1226.35415366298,1226.35415366298,7.11180094400087
"2037","35162164B68266542502187",1,3701.59218393726,3701.59218393726,8.21651832605427
"2038","35162164B68498720914772",1,1014.42042601928,1014.42042601928,6.92207271954025
"2039","35162164B68519247506685",1,818.912156179741,818.912156179741,6.70797682068879
"2040","35162164B68550082171779",1,1848.60386826851,1848.60386826851,7.52218596736798
"2041","35162164B68647324713377",1,11783.5387498163,11783.5387498163,9.37445881530378
"2042","35162164B68655707954868",1,5991.4644039917,5991.4644039917,8.69809113602034
"2043","35162164B688158722363",1,3557.15527897871,3557.15527897871,8.17671642547376
"2044","35162164B69010938957463",1,2484.44120118117,2484.44120118117,7.81780304450399
"2045","35162164B69017338902165",1,415.086903015733,415.086903015733,6.02848790316575
"2046","35162164B69149388198567",1,1963.72829299355,1963.72829299355,7.5826001356544
"2047","35162164B69315213162773",1,NA,NA,NA
"2048","35162164B69415913554299",1,9756.97614555088,9756.97614555088,9.18573781025008
"2049","35162164B69621988819609",1,2140.81080895781,2140.81080895781,7.66893991894854
"2050","35162164B69764209566342",1,451.278170336783,451.278170336783,6.11208393503772
"2051","35162164B69767329259242",1,5593.92033707478,5593.92033707478,8.62943563288017
"2052","35162164B70002149136386",1,4835.57576329109,4835.57576329109,8.4837554831743
"2053","35162164B70010729273822",1,3892.41008231638,3892.41008231638,8.26678380320149
"2054","35162164B70039093596166",1,1919.09031029463,1919.09031029463,7.55960655602315
"2055","35162164B70126533167331",1,3358.25821329392,3358.25821329392,8.11917772964665
"2056","35162164B70690583888265",1,171.51795626539,171.51795626539,5.14468796238112
"2057","35162164B70983807913344",1,154.093580568731,154.093580568731,5.03756008389011
"2058","35162164B70989189372526",1,662.280730595872,662.280730595872,6.49568953039135
"2059","35162164B71008560556163",1,230.310682976037,230.310682976037,5.43942919296762
"2060","35162164B71180321026887",1,2526.62228869215,2526.62228869215,7.8346386259719
"2061","35162164B71228624509443",1,3885.94831272866,3885.94831272866,8.26512232895563
"2062","35162164B7127592145054",1,503.41644800894,503.41644800894,6.22141775600323
"2063","35162164B71805351346614",1,997.278169620819,997.278169620819,6.90502973768746
"2064","35162164B7183290362481",1,331.542781053156,331.542781053156,5.80375685425
"2065","35162164B7183991745981",1,2655.00355741437,2655.00355741437,7.88420127356756
"2066","35162164B71943949952285",1,1765.22278767289,1765.22278767289,7.47603218671207
"2067","35162164B71980128159858",1,391.260251616418,391.260251616418,5.96937294372558
"2068","35162164B7201362234672",1,1513.35764381003,1513.35764381003,7.32208606642991
"2069","35162164B72415884278967",1,731.920167387724,731.920167387724,6.595671447068
"2070","35162164B72501764161352",1,6174.26414072001,6174.26414072001,8.72814498690043
"2071","35162164B72512269852971",1,18633.9524605739,18633.9524605739,9.83274059678751
"2072","35162164B72590752021291",1,656.006271805003,656.006271805003,6.48617034957674
"2073","35162164B72617590649552",1,1207.21453349289,1207.21453349289,7.09607094639119
"2074","35162164B72746887370475",1,286.33973975303,286.33973975303,5.65717900705781
"2075","35162164B72879195732120",1,2296.29091140871,2296.29091140871,7.73905045298846
"2076","35162164B72910549593944",1,382.466053744674,382.466053744674,5.94663990094828
"2077","35162164B72966387621417",1,1391.24069187161,1391.24069187161,7.23795121208875
"2078","35162164B72968127914093",1,3880.45647745271,3880.45647745271,8.26370807452526
"2079","35162164B73119791157228",1,6870.06740895081,6870.06740895081,8.83492919724261
"2080","35162164B73190179505267",1,6661.98606961822,6661.98606961822,8.80417292773046
"2081","35162164B7327807293180",1,1034.49118312839,1034.49118312839,6.94166497431544
"2082","35162164B73697792957212",1,770.58832354781,770.58832354781,6.64715427966071
"2083","35162164B73749532735960",1,NA,NA,NA
"2084","35162164B73997840305006",1,5495.83057770819,5495.83057770819,8.61174500695473
"2085","35162164B74015662320963",1,6388.93863868713,6388.93863868713,8.76232343634385
"2086","35162164B74045295228727",1,75.2041194391847,75.2041194391847,4.32020600923183
"2087","35162164B74485762582225",1,11.1335921645165,11.1335921645165,2.40996685935417
"2088","35162164B74535275196744",1,4296.79952451038,4296.79952451038,8.36562572792991
"2089","35162164B74561990131004",1,2472.19361608961,2472.19361608961,7.81286113917129
"2090","35162164B74733900924427",1,3463.13366211322,3463.13366211322,8.14992914086035
"2091","35162164B7477347872499",1,1700.50494972628,1700.50494972628,7.4386805151906
"2092","35162164B74806153768774",1,831.104767929554,831.104767929554,6.72275586143286
"2093","35162164B74837009973467",1,239.627392704815,239.627392704815,5.47908518652124
"2094","35162164B74947223762643",1,NA,NA,NA
"2095","35162164B75012255495996",1,472.085830888361,472.085830888361,6.1571608141562
"2096","35162164B75101619915753",1,NA,NA,NA
"2097","35162164B75354004802205",1,977.773241231829,977.773241231829,6.88527778347005
"2098","35162164B75418708729676",1,2673.57153345568,2673.57153345568,7.89117051051323
"2099","35162164B75494899713606",1,702.736514997184,702.736514997184,6.55498202069778
"2100","35162164B75734537804589",1,679.196900952265,679.196900952265,6.5209110721956
"2101","35162164B7581344953903",1,525.213535547674,525.213535547674,6.26380491427414
"2102","35162164B76001906737626",1,21.9317798827291,21.9317798827291,3.08793672113949
"2103","35162164B76097011770940",1,NA,NA,NA
"2104","35162164B76141633592259",1,60.2955531753227,60.2955531753227,4.09925835599432
"2105","35162164B76299075946348",1,5873.71575214347,5873.71575214347,8.67824271973707
"2106","35162164B76427572399995",1,724.436039925389,724.436039925389,6.5853934761872
"2107","35162164B76764344209894",1,444.588254707262,444.588254707262,6.09714858351867
"2108","35162164B76905261736533",1,4369.25874161014,4369.25874161014,8.38234864935629
"2109","35162164B76933711191894",1,852.567526017576,852.567526017576,6.74825241542555
"2110","35162164B771777787969",1,214.93853109175,214.93853109175,5.37035208535109
"2111","35162164B77351699219617",1,331.173228302792,331.173228302792,5.80264158682488
"2112","35162164B77417429769300",1,20415.5374284561,20415.5374284561,9.92405152858259
"2113","35162164B77455172963326",1,1183.49839241272,1183.49839241272,7.07623007061997
"2114","35162164B77471538431519",1,361.310387187496,361.310387187496,5.88973738722137
"2115","35162164B77716442881052",1,1605.25835951231,1605.25835951231,7.38103999426833
"2116","35162164B77771311357485",1,2428.98429809067,2428.98429809067,7.79522846462997
"2117","35162164B77793812605243",1,11472.387701828,11472.387701828,9.34769835775545
"2118","35162164B77975290003350",1,1141.65264392307,1141.65264392307,7.04023217925766
"2119","35162164B78196937555517",1,1511.72289098364,1511.72289098364,7.32100526678393
"2120","35162164B78200354698048",1,240.115919389956,240.115919389956,5.48112180419441
"2121","35162164B78220788438035",1,1802.14046645306,1802.14046645306,7.49673038543723
"2122","35162164B78312843571031",1,5701.45714645674,5701.45714645674,8.64847706088163
"2123","35162164B78675605051517",1,2141.52436375573,2141.52436375573,7.66927317394879
"2124","35162164B78704123867302",1,546.677304138035,546.677304138035,6.3038586907499
"2125","35162164B78781462284724",1,301.702256627202,301.702256627202,5.70944062584272
"2126","35162164B7887157811958",1,105.994369002521,105.994369002521,4.66338597008328
"2127","35162164B78894493117330",1,1491.22170101437,1491.22170101437,7.3073509965443
"2128","35162164B79148347758299",1,280.976911958538,280.976911958538,5.63827250210949
"2129","35162164B79316798311168",1,170.78335258995,170.78335258995,5.14039580933227
"2130","35162164B79413675859532",1,5979.72845080948,5979.72845080948,8.69613043635
"2131","35162164B79454937987859",1,69.0080576699376,69.0080576699376,4.23422327560444
"2132","35162164B7950150342067",1,260.288597998053,260.288597998053,5.56179100772977
"2133","35162164B79658494056814",1,442.9463954207,442.9463954207,6.0934487591586
"2134","35162164B7967123658868",1,2207.02297649609,2207.02297649609,7.69939981693933
"2135","35162164B7972342313960",1,197.603634491891,197.603634491891,5.2862631783222
"2136","35162164B79794886867745",1,309.947222349673,309.947222349673,5.73640203250001
"2137","35162164B79839429868607",1,346.597688759863,346.597688759863,5.84816470893805
"2138","35162164B79856958417190",1,7325.18810115682,7325.18810115682,8.89907411289438
"2139","35162164B79871706950018",1,5768.7435815382,5768.7435815382,8.66020958562444
"2140","35162164B79898656875181",1,5257.51789453044,5257.51789453044,8.56741431119074
"2141","35162164B80036140892395",1,2448.91671250683,2448.91671250683,7.80340104759755
"2142","35162164B80475473742606",1,565.854681917578,565.854681917578,6.3383372995097
"2143","35162164B80562151711640",1,650.902414751567,650.902414751567,6.47835973043713
"2144","35162164B80588060868180",1,1624.29402889179,1624.29402889179,7.39282855660691
"2145","35162164B8108508636873",1,497.940296676055,497.940296676055,6.21048018364507
"2146","35162164B81186004485323",1,8444.16107678246,8444.16107678246,9.0412304846724
"2147","35162164B81256238253343",1,445.95395486141,445.95395486141,6.10021570646937
"2148","35162164B81260181661363",1,21595.336004785,21595.336004785,9.98023264465255
"2149","35162164B8126032291410",1,NA,NA,NA
"2150","35162164B81331151620228",1,1702.14214375201,1702.14214375201,7.43964282136406
"2151","35162164B81334638416928",1,4699.65950386961,4699.65950386961,8.45524533908862
"2152","35162164B81478119519036",1,2027.10357120244,2027.10357120244,7.61436324095447
"2153","35162164B81504679646753",1,743.230398247123,743.230398247123,6.61100608850268
"2154","35162164B81544331747727",1,3289.4208656788,3289.4208656788,8.0984667995955
"2155","35162164B81808601681355",1,1379.39922130041,1379.39922130041,7.22940333647652
"2156","35162164B81949872862729",1,403.22351557155,403.22351557155,5.99949103740655
"2157","35162164B82075264350235",1,3794.37932094881,3794.37932094881,8.24127612466153
"2158","35162164B82157921225742",1,7818.10320331267,7818.10320331267,8.96419724699648
"2159","35162164B82209603617868",1,5977.13797611237,5977.13797611237,8.69569713306716
"2160","35162164B82314120989703",1,357.576149835199,357.576149835199,5.87934834598342
"2161","35162164B82503842404748",1,101.826731960893,101.826731960893,4.62327266258101
"2162","35162164B82842507514093",1,1938.71026127624,1938.71026127624,7.56977821719557
"2163","35162164B8288674907050",1,5243.1044571228,5243.1044571228,8.5646690555331
"2164","35162164B8322659721088",1,1181.12870919183,1181.12870919183,7.07422579348675
"2165","35162164B83428714797918",1,5507.95106254813,5507.95106254813,8.61394797501389
"2166","35162164B83508075470533",1,1446.70132784975,1446.70132784975,7.27704129748247
"2167","35162164B83544121757555",1,1119.07715386652,1119.07715386652,7.02025965487743
"2168","35162164B83694508708576",1,9011.05820687294,9011.05820687294,9.10620779174951
"2169","35162164B83697985197757",1,451.927083455771,451.927083455771,6.11352084703068
"2170","35162164B83752279361185",1,428.757147332847,428.757147332847,6.06089066850528
"2171","35162164B83790317969803",1,4295.11026823713,4295.11026823713,8.36523250771793
"2172","35162164B83791662867727",1,2268.38447422495,2268.38447422495,7.72682317174374
"2173","35162164B83840665506835",1,551.217669342384,551.217669342384,6.31212977532206
"2174","35162164B84210175764285",1,2080.295945815,2080.295945815,7.64026544421612
"2175","35162164B84260366908441",1,1081.70323226425,1081.70323226425,6.9862921447655
"2176","35162164B84273758465737",1,165.535304345697,165.535304345697,5.10918449137714
"2177","35162164B8427556516221",1,971.508258235663,971.508258235663,6.87884976928128
"2178","35162164B84385181551937",1,5584.25766894546,5584.25766894546,8.62770678752972
"2179","35162164B84386014824349",1,5694.47315778351,5694.47315778351,8.64725136199419
"2180","35162164B84406525891877",1,88.2316664755344,88.2316664755344,4.47996592891163
"2181","35162164B84535321325965",1,1638.64126059996,1638.64126059996,7.40162267778857
"2182","35162164B84540905905219",1,2348.27657574345,2348.27657574345,7.76143696606533
"2183","35162164B84564227894690",1,9677.94845257709,9677.94845257709,9.17760522109162
"2184","35162164B84883073198144",1,582.478930796683,582.478930796683,6.36729301447957
"2185","35162164B84932287518076",1,1738.18270586629,1738.18270586629,7.46059542450402
"2186","35162164B84999792785249",1,1809.27102136397,1809.27102136397,7.50067929250641
"2187","35162164B85043288699007",1,5746.27050335361,5746.27050335361,8.65630631524174
"2188","35162164B85447112983414",1,12921.2592692711,12921.2592692711,9.46662923924888
"2189","35162164B85670822748309",1,1748.45723812833,1748.45723812833,7.46648909988657
"2190","35162164B85716408466784",1,3276.98032792428,3276.98032792428,8.09467764560612
"2191","35162164B85999917170291",1,4440.37745122464,4440.37745122464,8.39849466335007
"2192","35162164B86064916766341",1,23387.7937952829,23387.7937952829,10.0599695325679
"2193","35162164B86146780861409",1,9186.26025748689,9186.26025748689,9.12546419645554
"2194","35162164B86222512228272",1,962.698934392214,962.698934392214,6.86974072988834
"2195","35162164B86319358416590",1,531.395492419005,531.395492419005,6.27550655082644
"2196","35162164B86369616224577",1,NA,NA,NA
"2197","35162164B86395405111301",1,1875.39597946239,1875.39597946239,7.53657510515385
"2198","35162164B86529685983259",1,0,0,0
"2199","35162164B86683666691782",1,677.738977408588,677.738977408588,6.5187622247402
"2200","35162164B86825253629714",1,191.26921510151,191.26921510151,5.25368193877877
"2201","35162164B86902015023409",1,371.130686439455,371.130686439455,5.91655425513415
"2202","35162164B86995698526112",1,13117.4250490437,13117.4250490437,9.48169678173045
"2203","35162164B87237067995855",1,2159.92079196188,2159.92079196188,7.67782682961782
"2204","35162164B87426615399239",1,536.092752627894,536.092752627894,6.28430719204764
"2205","35162164B87465584551900",1,1798.2681268276,1798.2681268276,7.49457932895669
"2206","35162164B87505352772757",1,672.266820603073,672.266820603073,6.51065531618674
"2207","35162164B8753161454074",1,1889.24284380993,1889.24284380993,7.54393141604659
"2208","35162164B87941103289150",1,5676.199647995,5676.199647995,8.6440372117267
"2209","35162164B88081723771743",1,NA,NA,NA
"2210","35162164B88130973565417",1,1312.32599243737,1312.32599243737,7.17955640848607
"2211","35162164B88170081075241",1,682.77397542116,682.77397542116,6.52616387569649
"2212","35162164B88247729447591",1,480.277652878575,480.277652878575,6.17436438016502
"2213","35162164B88315297420476",1,322.513908224456,322.513908224456,5.7761462615833
"2214","35162164B88427883385320",1,4848.12645012057,4848.12645012057,8.48634761035466
"2215","35162164B88480680408023",1,3414.15755141264,3414.15755141264,8.13568605091659
"2216","35162164B88569778097944",1,1788.7789513962,1788.7789513962,7.4892885160066
"2217","35162164B88656538124428",1,625.08661855834,625.08661855834,6.43789022982708
"2218","35162164B8865729404977",1,227.346337086678,227.346337086678,5.42647456880047
"2219","35162164B88924439668944",1,319.863395214193,319.863395214193,5.76789401469467
"2220","35162164B89182870898706",1,2633.42903617053,2633.42903617053,7.87604209197619
"2221","35162164B8946338387222",1,NA,NA,NA
"2222","35162164B89480386947841",1,5517.56551381621,5517.56551381621,8.615692011883
"2223","35162164B89618160361249",1,39221.3398388705,39221.3398388705,10.5769762613002
"2224","35162164B89833620700240",1,5482.35095043182,5482.35095043182,8.60928929349874
"2225","35162164B89901853898241",1,939.813782174617,939.813782174617,6.84568175156929
"2226","35162164B89920990843468",1,980.759210525066,980.759210525066,6.8883269763533
"2227","35162164B90104213269537",1,7304.44607520686,7304.44607520686,8.89623849313815
"2228","35162164B90129304114534",1,1356.25783000135,1356.25783000135,7.21248459054499
"2229","35162164B90275404298477",1,949.980756822973,949.980756822973,6.85644172841361
"2230","35162164B90437908780159",1,422.582779737264,422.582779737264,6.046385355978
"2231","35162164B90496375174706",1,853.929270698324,853.929270698324,6.74984836916236
"2232","35162164B90501646319876",1,232.195394805416,232.195394805416,5.44757923618777
"2233","35162164B90631715404715",1,5911.86854552841,5911.86854552841,8.68471722718604
"2234","35162164B90727917616152",1,1474.40587473623,1474.40587473623,7.29601039084051
"2235","35162164B90801381088985",1,3215.80167417826,3215.80167417826,8.07583195992037
"2236","35162164B90853337499161",1,1132.9362712571,1132.9362712571,7.03256801165884
"2237","35162164B90999728098455",1,1929.47300434649,1929.47300434649,7.56500218986995
"2238","35162164B91014165776113",1,11083.8611147485,11083.8611147485,9.31324537565793
"2239","35162164B91042411005085",1,988.965022940367,988.965022940367,6.89665896491073
"2240","35162164B91305720017158",1,5623.58231326294,5623.58231326294,8.63472416210922
"2241","35162164B91625858594399",1,102.435045471907,102.435045471907,4.62922889499093
"2242","35162164B91682450620726",1,407.622298421383,407.622298421383,6.01034100647975
"2243","35162164B91850627235480",1,11132.3718727148,11132.3718727148,9.31761252782936
"2244","35162164B91948341108244",1,1046.32636455701,1046.32636455701,6.95304060796404
"2245","35162164B92047869357109",1,600.469720505677,600.469720505677,6.39771221644468
"2246","35162164B92062232277676",1,NA,NA,NA
"2247","35162164B92137147076245",1,NA,NA,NA
"2248","35162164B92247679350017",1,2120.18144622456,2120.18144622456,7.6592569518454
"2249","35162164B92549367267608",1,1406.74839825307,1406.74839825307,7.24903621969754
"2250","35162164B92781238126857",1,6228.19212185287,6228.19212185287,8.7368413805598
"2251","35162164B93120993003597",1,10780.5126164361,10780.5126164361,9.2854953958775
"2252","35162164B93275351105411",1,259.07471350047,259.07471350047,5.55711648921411
"2253","35162164B93405453104311",1,1116.53793129928,1116.53793129928,7.0179880441015
"2254","35162164B93697216068198",1,826.034879294619,826.034879294619,6.71663699937839
"2255","35162164B9444925606644",1,1213.10574376532,1213.10574376532,7.10093908054872
"2256","35162164B94591120431982",1,1398.24540778041,1398.24540778041,7.24297344943413
"2257","35162164B94618775040480",1,14474.1624805881,14474.1624805881,9.58012044104968
"2258","35162164B9477131027693",1,87.2972224767283,87.2972224767283,4.46931864649439
"2259","35162164B94814409618708",1,6159.47980431312,6159.47980431312,8.72574760560992
"2260","35162164B94878294408370",1,369.930519564584,369.930519564584,5.91331520304388
"2261","35162164B94885023749257",1,2846.45894589333,2846.45894589333,7.95383102562538
"2262","35162164B94979885438142",1,476.101697026581,476.101697026581,6.16563148062718
"2263","35162164B95023156542012",1,187.017695917964,187.017695917964,5.23120324295474
"2264","35162164B95086429513149",1,8353.9614767251,8353.9614767251,9.03049113368967
"2265","35162164B95182825999511",1,712.693839979343,712.693839979343,6.56905193125361
"2266","35162164B95235010398339",1,7388.80582890829,7388.80582890829,8.90772140804416
"2267","35162164B95277716885398",1,2218.01900721802,2218.01900721802,7.70436973740381
"2268","35162164B95336658593472",1,1262.81849390769,1262.81849390769,7.14110140173631
"2269","35162164B95338494684554",1,2180.54813991505,2180.54813991505,7.68733156450532
"2270","35162164B9540250970382",1,NA,NA,NA
"2271","35162164B95735814838892",1,4816.82268162093,4816.82268162093,8.47986979499585
"2272","35162164B95781779373245",1,565.877035737894,565.877035737894,6.33837680325421
"2273","35162164B95822393911903",1,710.461786356002,710.461786356002,6.5659151619331
"2274","35162164B95972022762023",1,14409.3069584232,14409.3069584232,9.57562959334866
"2275","35162164B95996470591729",1,9702.84543047851,9702.84543047851,9.18017446482303
"2276","35162164B96084595050032",1,5719.49202155909,5719.49202155909,8.65163527301049
"2277","35162164B96250965166702",1,1054.15338511482,1054.15338511482,6.96049324518773
"2278","35162164B96295666653816",1,792.347925869346,792.347925869346,6.67500059569037
"2279","35162164B96310726996388",1,11199.8950543175,11199.8950543175,9.32365968708906
"2280","35162164B96342745207455",1,105.648511903346,105.648511903346,4.6601176588076
"2281","35162164B96460942686930",1,306.967711693168,306.967711693168,5.72674256841817
"2282","35162164B96583511443133",1,1189.27778182912,1189.27778182912,7.08110149583761
"2283","35162164B96611236567141",1,8360.94580430609,8360.94580430609,9.0313268341659
"2284","35162164B96640931331626",1,1844.60401853293,1844.60401853293,7.52001990933819
"2285","35162164B96692196397264",1,2063.62827994207,2063.62827994207,7.63222101345476
"2286","35162164B96711316915897",1,7221.42178811373,7221.42178811373,8.88480713606143
"2287","35162164B96714679751706",1,NA,NA,NA
"2288","35162164B96715375867031",1,606.481643973343,606.481643973343,6.4076744624246
"2289","35162164B96970037909745",1,8317.59864781432,8317.59864781432,9.02612886809453
"2290","35162164B97038798352871",1,681.90428386876,681.90428386876,6.52488930176052
"2291","35162164B97331945744119",1,759.068711391293,759.068711391293,6.63209230214042
"2292","35162164B97452353995756",1,2131.36269183584,2131.36269183584,7.66451681556865
"2293","35162164B97490588079311",1,139.681438653499,139.681438653499,4.9393643916767
"2294","35162164B97516507779443",1,1889.20376788971,1889.20376788971,7.54391073245662
"2295","35162164B97541519725805",1,2641.2691597361,2641.2691597361,7.87901482294507
"2296","35162164B97593710454644",1,9568.67138715148,9568.67138715148,9.16624964379043
"2297","35162164B97601190647681",1,1056.00773271812,1056.00773271812,6.96225078688913
"2298","35162164B97773298225598",1,297.657075137615,297.657075137615,5.6959420693072
"2299","35162164B9815447309573",1,27055.8408662602,27055.8408662602,10.2056581894778
"2300","35162164B9855276322248",1,21011.7380889718,21011.7380889718,9.9528365171652
"2301","35162164B9857986666330",1,797.061433532864,797.061433532864,6.68093175678935
"2302","35162164B98657786354217",1,1139.82545966853,1139.82545966853,7.03863042411277
"2303","35162164B9883700660134",1,2873.51004831231,2873.51004831231,7.9632895748313
"2304","35162164B98907208586584",1,NA,NA,NA
"2305","35162164B98980028218745",1,1860.46305398744,1860.46305398744,7.52858068948009
"2306","35162164B99106227267700",1,23822.9228048364,23822.9228048364,10.0784035391952
"2307","35162164B99205050964205",1,266.385772534758,266.385772534758,5.584945530839
"2308","35162164B99322895276990",1,157.909644424558,157.909644424558,5.06202299871589
"2309","35162164B99467656280123",1,308.69910508842,308.69910508842,5.7323670325354
"2310","35162164B99492645825608",1,431.278168383002,431.278168383002,6.06675328420201
"2311","35162164B99808802322822",1,342.936294886239,342.936294886239,5.8375447007215
"2312","50627088B10662501501563",2,15371.8643254692,30743.7286509384,10.3334413061238
"2313","50627088B10700770102469",2,185099.709738792,370199.419477584,12.8217971109884
"2314","50627088B10984666318853",2,8851.09248153454,17702.1849630691,9.7814433551845
"2315","50627088B11315942998338",1,34979.3866886934,34979.3866886934,10.4625142152197
"2316","50627088B11703653351845",1,12715.2652546282,12715.2652546282,9.45055853919019
"2317","50627088B11716767923603",2,37099.2592150923,74198.5184301846,11.2144994617079
"2318","50627088B11927657665908",1,12055.9560285298,12055.9560285298,9.39731409303108
"2319","50627088B1209754794586",1,144896.753833326,144896.753833326,11.8837767252512
"2320","50627088B1220406486190",2,12377.43035753,24754.86071506,10.116777141242
"2321","50627088B12242639821248",1,16677.2208281618,16677.2208281618,9.7217990450139
"2322","50627088B12360956562142",1,5199.7604319079,5199.7604319079,8.55636783272129
"2323","50627088B1268038266758",2,4869.93499070829,9739.86998141658,9.18398304761695
"2324","50627088B13774862826934",2,99968.6645021798,199937.32900436,12.205759241446
"2325","50627088B14039752645412",2,90404.1548389931,180808.309677986,12.1051926864924
"2326","50627088B14118013577680",1,21774.8896333357,21774.8896333357,9.98851273320433
"2327","50627088B1433623777217",1,13860.4817358495,13860.4817358495,9.53679702941617
"2328","50627088B14474633080003",1,18914.4154784508,18914.4154784508,9.84767963404937
"2329","50627088B14545810389102",2,91139.0592207787,182278.118441557,12.1132889229719
"2330","50627088B14557669521894",1,76680.2157810195,76680.2157810195,11.2473990112013
"2331","50627088B15654993016577",2,55690.5974941122,111381.194988224,11.6207137860161
"2332","50627088B15670819886365",2,26159.6112817257,52319.2225634514,10.8651191267594
"2333","50627088B16194537288305",1,6800.32426716746,6800.32426716746,8.8247255763754
"2334","50627088B17060352314255",2,14794.0737923736,29588.1475847472,10.2951291406887
"2335","50627088B17085270439419",1,31741.6533376992,31741.6533376992,10.3653850827584
"2336","50627088B17809013633948",2,19323.4675871929,38646.9351743858,10.5622227539603
"2337","50627088B17897683861413",2,15721.0649851347,31442.1299702694,10.3559039913944
"2338","50627088B18003687378579",2,2855.96140122783,5711.92280245566,8.65031098895184
"2339","50627088B18700427518498",1,2810.35185436942,2810.35185436942,7.94106496956712
"2340","50627088B1882367012373",1,5053.8066960488,5053.8066960488,8.52789703950176
"2341","50627088B19134439985606",1,236298.87794753,236298.87794753,12.3728527147402
"2342","50627088B19179472142749",2,15284.8009488935,30569.601897787,10.3277613921565
"2343","50627088B19201983933003",2,157440.935274898,314881.870549796,12.6599528333448
"2344","50627088B19738638241158",1,16253.3176537609,16253.3176537609,9.69605233022775
"2345","50627088B20237982609440",1,142855.2573445,142855.2573445,11.8695872102334
"2346","50627088B2039046908464",1,29345.6398986885,29345.6398986885,10.2868992588098
"2347","50627088B21617615218202",1,38920.0007832576,38920.0007832576,10.5692635564248
"2348","50627088B21776838121102",2,7756.41049498115,15512.8209899623,9.64942212164123
"2349","50627088B22298863310989",2,2468.04173136604,4936.08346273208,8.50432747442365
"2350","50627088B22684914859278",2,103308.905878739,206617.811757478,12.2386260456856
"2351","50627088B23421839832911",2,11506.9700077803,23013.9400155606,10.0438553989474
"2352","50627088B23479789488100",1,13766.025756282,13766.025756282,9.52995893396353
"2353","50627088B23583227090437",2,24585.4886030533,49170.9772061066,10.8030588342395
"2354","50627088B24413335257695",1,11650.112171014,11650.112171014,9.36307108736071
"2355","50627088B24502383873446",2,17027.1645989788,34054.3291979576,10.4357124458734
"2356","50627088B25417186263654",2,37132.6236808177,74265.2473616354,11.215398387255
"2357","50627088B25624644630099",2,10154.5036080616,20309.0072161232,9.91881977184957
"2358","50627088B25803309385917",1,29085.2989530517,29085.2989530517,10.277988134891
"2359","50627088B25862533799100",2,32298.4964272077,64596.9928544154,11.075923138446
"2360","50627088B25883643006706",1,13714.741221071,13714.741221071,9.52622653487951
"2361","50627088B26732857587675",2,4454.05804717939,8908.11609435878,9.09471806088762
"2362","50627088B27236807147286",2,8661.20167160453,17322.4033432091,9.75975593364524
"2363","50627088B27452602729857",2,46581.6784008261,93163.3568016522,11.4421097559989
"2364","50627088B27684829351077",2,30175.3681738118,60350.7363476236,11.0079284277375
"2365","50627088B28473489349448",1,19074.6353738326,19074.6353738326,9.85611474057455
"2366","50627088B28791012424217",1,9576.4680365246,9576.4680365246,9.16706412203805
"2367","50627088B28943276063630",1,13715.8690277833,13715.8690277833,9.52630876467336
"2368","50627088B29125905034403",1,22157.4374370564,22157.4374370564,10.0059284950525
"2369","50627088B29131736368652",2,9807.16399494946,19614.3279898989,9.88401559804651
"2370","50627088B29480766363328",1,239712.813479404,239712.813479404,12.3871968753117
"2371","50627088B29879698863808",2,44472.1332636007,88944.2665272014,11.3957652337619
"2372","50627088B30378888459240",1,3130.68312234209,3130.68312234209,8.04900650967069
"2373","50627088B30686520493878",2,13241.3093532417,26482.6187064834,10.1842438989107
"2374","50627088B30758784507478",2,56388.7885181764,112777.577036353,11.633172813147
"2375","50627088B30826569642234",2,23423.0006623671,46846.0013247342,10.7546209334313
"2376","50627088B30858161806263",1,9416.05972931901,9416.05972931901,9.15017199230561
"2377","50627088B32683374106398",2,21575.3892543893,43150.7785087786,10.6724557382672
"2378","50627088B32866858963160",2,26329.9653609041,52659.9307218082,10.8716101174742
"2379","50627088B33032017587256",2,7093.05889231336,14186.1177846267,9.56001914460552
"2380","50627088B33192987993204",2,19011.1109419347,38022.2218838694,10.5459260542052
"2381","50627088B33396950786450",2,11164.2125702664,22328.4251405328,10.0136158157252
"2382","50627088B34182004017380",2,8662.49471252765,17324.9894250553,9.7599052136715
"2383","50627088B3423694418611",2,19668.3892460929,39336.7784921858,10.5799151997284
"2384","50627088B34357013751850",2,9807.86804025573,19615.7360805115,9.8840873843485
"2385","50627088B34935710320898",2,22265.8542013161,44531.7084026322,10.703956762786
"2386","50627088B34984367598758",2,11026.7125553082,22053.4251106164,10.0012232026267
"2387","50627088B35254539369817",1,36360.5610347027,36360.5610347027,10.5012399781697
"2388","50627088B36443984556774",2,17148.1689514141,34296.3379028282,10.4427938607727
"2389","50627088B36485372872762",2,13142.1025481809,26284.2050963618,10.1767234710752
"2390","50627088B36712897039445",2,3715.55034116159,7431.10068232318,8.91342926702587
"2391","50627088B36789256479766",2,14487.4690933728,28974.9381867456,10.2741865348751
"2392","50627088B36827584115772",2,141695.713604083,283391.427208166,12.5545843559864
"2393","50627088B37050079543362",1,34795.4150361824,34795.4150361824,10.4572409052487
"2394","50627088B37854102096410",1,23381.103953937,23381.103953937,10.0596834517872
"2395","50627088B37911705580944",2,2527.54758343057,5055.09516686114,8.52815195756047
"2396","50627088B38493213969100",1,1123.13587050667,1123.13587050667,7.02387993629492
"2397","50627088B38644247455726",2,14258.302099245,28516.60419849,10.258241800065
"2398","50627088B38743512142751",1,70557.2008899479,70557.2008899479,11.1641790199668
"2399","50627088B38829203416925",1,20707.8564627212,20707.8564627212,9.93826844650855
"2400","50627088B38998854105063",1,3747.64365020771,3747.64365020771,8.228882561519
"2401","50627088B39259384142241",2,25485.4062703831,50970.8125407662,10.8390084447563
"2402","50627088B39448172692324",1,2778.13660030876,2778.13660030876,7.92953569428276
"2403","50627088B39480353913545",2,46120.5946604443,92241.1893208886,11.4321620486249
"2404","50627088B39576903361064",2,10165.9278201075,20331.855640215,9.91994417841445
"2405","50627088B40370346944296",1,37020.8023992785,37020.8023992785,10.5192352606435
"2406","50627088B40432744920645",1,10120.8615292988,10120.8615292988,9.22235407057162
"2407","50627088B40660272766976",1,4168.79560120493,4168.79560120493,8.33538244842388
"2408","50627088B40977064130086",2,10335.8406628325,20671.681325665,9.93651999071587
"2409","50627088B41950768169543",2,54588.0825567755,109176.165113551,11.600718050278
"2410","50627088B42356912123760",2,10485.1313529846,20970.2627059692,9.95086065152227
"2411","50627088B4244668772523",1,13280.3978050416,13280.3978050416,9.49404437778069
"2412","50627088B42495423385863",1,15207.93094182,15207.93094182,9.62957234324659
"2413","50627088B43108093310772",1,39185.130733033,39185.130733033,10.5760526357844
"2414","50627088B43325373154771",2,23027.7022470604,46055.4044941208,10.737600396233
"2415","50627088B43459310731784",2,5853.96225119619,11707.9245023924,9.36802119941316
"2416","50627088B4363090136249",2,23274.0479929771,46548.0959859542,10.7482413793113
"2417","50627088B43841606180493",2,16413.3179885563,32826.6359771126,10.3989955372927
"2418","50627088B44278957593951",1,32348.1655100081,32348.1655100081,10.3843125907479
"2419","50627088B44475495738204",2,4299.36176450443,8598.72352900886,9.05936904436581
"2420","50627088B44662139516293",1,17120.3872637172,17120.3872637172,9.74802526998412
"2421","50627088B46282994353665",1,10847.3584035762,10847.3584035762,9.29167686421798
"2422","50627088B46481232668966",1,21295.0348571037,21295.0348571037,9.96622921922396
"2423","50627088B47039366190393",1,202516.700498087,202516.700498087,12.2185776337236
"2424","50627088B47100083140695",1,9385.99243107003,9385.99243107003,9.14697368994769
"2425","50627088B47546840295566",2,19746.9019382948,39493.8038765896,10.583899074701
"2426","50627088B47850104568837",1,17922.3907467733,17922.3907467733,9.79380608983864
"2427","50627088B47903559300993",1,39276.8118204568,39276.8118204568,10.5783895937073
"2428","50627088B48258188094940",1,15125.5571925023,15125.5571925023,9.6241411213942
"2429","50627088B48811130716283",2,418239.999167856,836479.998335712,13.6369578879883
"2430","50627088B48906851597033",2,5468.24242998706,10936.4848599741,9.29985971355613
"2431","50627088B49115347423872",2,3850.26262363368,7700.52524726736,8.94904381944614
"2432","50627088B49608937685636",2,16496.5735062407,32993.1470124814,10.4040551525945
"2433","50627088B49720713331936",2,7463.47566699661,14926.9513339932,9.61092367236084
"2434","50627088B50190092788877",2,24389.5428461504,48779.0856923008,10.795056928099
"2435","50627088B50649641407498",2,52713.4082173949,105426.81643479,11.5657723081063
"2436","50627088B5073197281792",2,4753.62919545522,9507.25839091044,9.15981082700625
"2437","50627088B50873486185333",1,9453.4601229949,9453.4601229949,9.15413610405249
"2438","50627088B50990328034226",2,89203.0932052147,178406.186410429,12.0918181757153
"2439","50627088B51202553457733",2,15580.1427828484,31160.2855656968,10.3468996644387
"2440","50627088B51717309851440",2,19125.0267027312,38250.0534054624,10.5519002354749
"2441","50627088B52213754253598",1,4809.14158453087,4809.14158453087,8.47827388241858
"2442","50627088B52665331033665",2,5467.4813389754,10934.9626779508,9.29972052002327
"2443","50627088B52793228533805",1,11888.4510461472,11888.4510461472,9.3833227075355
"2444","50627088B52982407932693",1,5925.92341760155,5925.92341760155,8.68709180493181
"2445","50627088B53016454069278",2,12103.6019152439,24207.2038304878,10.094405546793
"2446","50627088B53037445853541",1,21314.9226103685,21314.9226103685,9.96716269843356
"2447","50627088B5329329942302",2,5117.77688232452,10235.553764649,9.23362260162923
"2448","50627088B53777409905176",1,10235.1783488043,10235.1783488043,9.23358592332748
"2449","50627088B53896362948042",1,4499.97981368603,4499.97981368603,8.4118281899008
"2450","50627088B53965479624602",1,21193.7709508648,21193.7709508648,9.96146259441323
"2451","50627088B54036543797475",2,7564.00669049446,15128.0133809889,9.62430349485594
"2452","50627088B5409879857753",2,5068.81617331644,10137.6323466329,9.22400975349336
"2453","50627088B54107470170219",1,8742.38033220567,8742.38033220567,9.07593778079188
"2454","50627088B55072426150825",1,394874.676699427,394874.676699427,12.8863237193625
"2455","50627088B55369972555828",2,16730.8270503669,33461.6541007338,10.4181554084873
"2456","50627088B55512763165299",1,19105.6075444884,19105.6075444884,9.85773715966266
"2457","50627088B55522839668174",2,18062.7491873515,36125.498374703,10.4947542211591
"2458","50627088B55726085156575",2,14027.5867428381,28055.1734856762,10.2419283319363
"2459","50627088B55923082942331",1,3751.8538642488,3751.8538642488,8.23000536060661
"2460","50627088B56172328383937",1,25933.790534095,25933.790534095,10.1633020511924
"2461","50627088B56291356806731",2,11412.9355663611,22825.8711327222,10.035649870462
"2462","50627088B56392169999769",1,14394.7755781827,14394.7755781827,9.57462061266304
"2463","50627088B56530364421655",1,1739.52785962085,1739.52785962085,7.46136901034236
"2464","50627088B56771810727616",1,2410.33688229678,2410.33688229678,7.78752180190105
"2465","50627088B56968228277870",2,14133.7330420091,28267.4660840182,10.2494668139862
"2466","50627088B57019790335861",2,25540.3112531878,51080.6225063756,10.8411604969629
"2467","50627088B57037698095260",2,28237.9397862513,56475.8795725026,10.9415689157612
"2468","50627088B57480550213661",2,13564.4656155612,27128.9312311224,10.208356010521
"2469","50627088B58089687429718",2,8139.94608958822,16279.8921791764,9.69768601663389
"2470","50627088B58277069964164",1,37834.0861944175,37834.0861944175,10.5409657264494
"2471","50627088B58942716797711",2,58046.8138449246,116093.627689849,11.6621522797873
"2472","50627088B59302189712162",2,19104.5260193147,38209.0520386294,10.5508277308851
"2473","50627088B5982554369070",2,18712.9444840396,37425.8889680792,10.5301179623278
"2474","50627088B60120060131713",2,8151.73861328845,16303.4772265769,9.69913369082779
"2475","50627088B60276405094260",2,16181.4464265344,32362.8928530688,10.3847677631308
"2476","50627088B60332279598838",1,3019.85996020186,3019.85996020186,8.01296573849967
"2477","50627088B60694242822101",1,25270.0199749963,25270.0199749963,10.1373739908448
"2478","50627088B60977128263275",2,24219.7898070821,48439.5796141642,10.7880725191439
"2479","50627088B61096049889972",2,14795.1556180797,29590.3112361594,10.2952022636275
"2480","50627088B6133554619555",2,63932.6084530148,127865.21690603,11.7587319951936
"2481","50627088B61499871451932",2,49672.6526469392,99345.3052938784,11.5063569926498
"2482","50627088B61548157381216",2,13152.670648013,26305.341296026,10.1775272886493
"2483","50627088B61699317845767",2,10380.5261498449,20761.0522996898,9.94083402480491
"2484","50627088B61765776713895",1,115819.395241716,115819.395241716,11.6597873192303
"2485","50627088B61814303720147",2,12371.6194541112,24743.2389082224,10.1163075552523
"2486","50627088B61816246956144",2,25549.7022361712,51099.4044723424,10.8415281219623
"2487","50627088B61937823223292",2,858.987739414792,1717.97547882958,7.44890182935129
"2488","50627088B62702999552661",2,8763.78641211405,17527.5728242281,9.7715305099279
"2489","50627088B62941812668880",1,1388.92840869509,1388.92840869509,7.23628779980982
"2490","50627088B63495042821208",1,406150.79756225,406150.79756225,12.9144797921907
"2491","50627088B64168457575480",1,205159.947775607,205159.947775607,12.2315451869487
"2492","50627088B6451508023374",2,5394.78801902421,10789.5760380484,9.28633576536238
"2493","50627088B6461377547607",2,37844.2912129439,75688.5824258878,11.2343826014436
"2494","50627088B64741996810444",2,11477.2647376844,22954.5294753688,10.0412705587764
"2495","50627088B65141848449255",2,24830.709681138,49661.419362276,10.8129836402541
"2496","50627088B65405615420244",1,5573.39708738841,5573.39708738841,8.62576003702987
"2497","50627088B65767533460157",2,5947.43179011687,11894.8635802337,9.38386195400662
"2498","50627088B66284744299832",1,4430.65564867334,4430.65564867334,8.39630285404584
"2499","50627088B66414175482528",1,4439.2242764961,4439.2242764961,8.39823492766138
"2500","50627088B66549226075892",2,15627.2390009714,31254.4780019428,10.3499179409608
"2501","50627088B66619946151873",2,7632.42585685886,15264.8517137177,9.63330819098604
"2502","50627088B67284311995984",2,13923.6126196287,27847.2252392574,10.2344886080492
"2503","50627088B67463100581546",2,4142.69040654656,8285.38081309312,9.02224789296766
"2504","50627088B67872726344877",2,4022.10704558386,8044.21409116772,8.99270836555176
"2505","50627088B68203381384952",1,9874.25123502214,9874.25123502214,9.19768576259296
"2506","50627088B68450400928549",2,49201.0912531071,98402.1825062142,11.4968182627356
"2507","50627088B68645229361242",2,9340.3649194865,18680.729838973,9.83524778162843
"2508","50627088B6965194159018",1,39429.3602445038,39429.3602445038,10.582266001645
"2509","50627088B69816273127262",1,52721.1682920879,52721.1682920879,10.8727723292512
"2510","50627088B70242427867447",2,25659.3956140899,51318.7912281798,10.8458122648314
"2511","50627088B7057522682097",2,14759.7370283895,29519.474056779,10.2928054620509
"2512","50627088B70821360053618",2,27761.3679142068,55522.7358284136,10.924547870415
"2513","50627088B714151448233",1,49247.1791298229,49247.1791298229,10.8046073684081
"2514","50627088B71678919151694",2,4245.64619460638,8491.29238921276,9.04679649259819
"2515","50627088B71812664206882",2,2976.6565943391,5953.3131886782,8.691703181996
"2516","50627088B72101462893192",2,5831.0108015517,11662.0216031034,9.36409282421594
"2517","50627088B72641444034530",1,6519.96785032126,6519.96785032126,8.78262472397622
"2518","50627088B7265793034520",2,46880.0241719521,93760.0483439042,11.448494120424
"2519","50627088B72724405563530",1,14321.4260017207,14321.4260017207,9.56951201668251
"2520","50627088B73546820144927",2,5890.81490618728,11781.6298123746,9.37429680182691
"2521","50627088B74262052277311",1,14155.4954673653,14155.4954673653,9.55785819992637
"2522","50627088B74691902992320",2,6423.81560152681,12847.6312030536,9.46091473115544
"2523","50627088B75168752145477",2,2960.93041999143,5921.86083998286,8.68640600956457
"2524","50627088B76146080244750",1,2995.84115798185,2995.84115798185,8.00498032520152
"2525","50627088B76215411073468",2,7780.72992200082,15561.4598440016,9.65255261364012
"2526","50627088B76588814495844",2,13107.0765634563,26214.1531269126,10.1740547395797
"2527","50627088B76795265629930",1,56053.92715987,56053.92715987,10.9340694913424
"2528","50627088B77099076149354",2,4254.30400881186,8508.60801762372,9.04883363799138
"2529","50627088B77344252061017",2,15415.7330702535,30831.466140507,10.3362910753935
"2530","50627088B77470661049606",2,57224.4326000652,114448.86520013,11.6478834100859
"2531","50627088B77720764307123",1,3060.77074760629,3060.77074760629,8.02642204153312
"2532","50627088B78177110012738",2,2235.63267803287,4471.26535606574,8.40542672496839
"2533","50627088B78446998147057",2,5436.40713396728,10872.8142679346,9.29402084889973
"2534","50627088B78705285739892",2,6444.62470404863,12889.2494080973,9.46414886367898
"2535","50627088B78854811449565",2,11627.459519052,23254.919038104,10.0542719601688
"2536","50627088B79111544799343",2,37197.191161662,74394.382323324,11.2171357115635
"2537","50627088B79728757861785",2,38092.576399946,76185.152799892,11.2409218775442
"2538","50627088B80053246551902",2,7935.0807932099,15870.1615864198,9.67219599534762
"2539","50627088B80124610237867",2,11870.8024568005,23741.604913601,10.0749842696529
"2540","50627088B80471800868115",1,27396.1657342357,27396.1657342357,10.2181583458774
"2541","50627088B80645890031295",2,7822.45403328498,15644.90806657,9.65790077986775
"2542","50627088B81322224704661",2,50244.7739336455,100489.547867291,11.5178089997523
"2543","50627088B81472042875612",2,5290.75382501754,10581.5076500351,9.26686319526345
"2544","50627088B81752384557696",1,153813.164678723,153813.164678723,11.9434939284811
"2545","50627088B82617761182934",1,7262.34331611946,7262.34331611946,8.8904578265549
"2546","50627088B82713167627307",2,11014.2736208219,22028.5472416438,10.0000944930756
"2547","50627088B8286013017465",2,6173.72944456596,12347.4588891319,9.42120556292002
"2548","50627088B82923584373412",2,5940.0657323192,11880.1314646384,9.38262265890241
"2549","50627088B83026580761392",1,2709.19980321638,2709.19980321638,7.90440859470542
"2550","50627088B83258114022778",1,52238.0510321523,52238.0510321523,10.863566455294
"2551","50627088B83371137929766",1,16038.678710846,16038.678710846,9.68275850339199
"2552","50627088B83571733703728",2,4020.33767403107,8040.67534806214,8.99226835716053
"2553","50627088B84316937235456",2,82535.2032629237,165070.406525847,12.0141273680868
"2554","50627088B8443354195275",1,454.702233861363,454.702233861363,6.11964277364354
"2555","50627088B84672530546512",1,13933.1893598161,13933.1893598161,9.5420289967638
"2556","50627088B84819198582198",2,12831.9966487004,25663.9932974008,10.1528442494988
"2557","50627088B85126164894992",2,74974.2483679482,149948.496735896,11.9180471590245
"2558","50627088B85126992940446",1,51472.4233741049,51472.4233741049,10.8488014747734
"2559","50627088B86274665639855",2,1647.61709345664,3295.23418691328,8.10023251782931
"2560","50627088B86414439934091",2,5180.63772570972,10361.2754514194,9.24583062130706
"2561","50627088B8661366969935",2,18789.4308262821,37578.8616525642,10.5341969811985
"2562","50627088B87175964143986",2,15703.9444489187,31407.8888978374,10.3548143791258
"2563","50627088B87487449340620",1,45538.7159573879,45538.7159573879,10.7263181432911
"2564","50627088B87731139171896",2,17448.5184105484,34897.0368210968,10.4601571997463
"2565","50627088B88216282065505",2,38293.1849553726,76586.3699107452,11.2461744013937
"2566","50627088B886446566830",1,4463.37036926102,4463.37036926102,8.40365944780068
"2567","50627088B88871832533986",2,73330.7958139723,146661.591627945,11.8958831140909
"2568","50627088B89950958410687",2,18109.4512561918,36218.9025123836,10.4973364303815
"2569","50627088B89953909022202",1,34419.6837885645,34419.6837885645,10.4463838828716
"2570","50627088B90206204829893",2,25498.4183451207,50996.8366902414,10.8395188841012
"2571","50627088B90852523965903",1,62766.2085323758,62766.2085323758,11.0471721269443
"2572","50627088B91275102089847",2,9734.90319792297,19469.8063958459,9.87662015460062
"2573","50627088B92506226945560",1,24283.2922525371,24283.2922525371,10.0975438312258
"2574","50627088B92525339863236",1,48516.1010128308,48516.1010128308,10.7896510014785
"2575","50627088B92616914414309",2,15868.0670172443,31736.1340344886,10.3652111856062
"2576","50627088B92619426323393",2,18932.3294841328,37864.6589682656,10.5417734749912
"2577","50627088B93641399425538",1,5929.90988188666,5929.90988188666,8.6877642948926
"2578","50627088B94198813487846",2,23565.235557099,47130.471114198,10.7606750159255
"2579","50627088B94661394277654",2,15400.5233979192,30801.0467958384,10.335303955262
"2580","50627088B94934519915903",1,2661.07980359592,2661.07980359592,7.88648726060538
"2581","50627088B95329536813839",2,14363.8017981872,28727.6035963744,10.2656137372997
"2582","50627088B95871008533401",2,31040.319678595,62080.63935719,11.0361894537279
"2583","50627088B95910287491923",1,2358.4089402677,2358.4089402677,7.7657424928069
"2584","50627088B96232623294583",1,28375.4217385271,28375.4217385271,10.253278617705
"2585","50627088B9649339399974",1,100434.423951602,100434.423951602,11.5172602955178
"2586","50627088B96858950012844",2,15957.1298679827,31914.2597359654,10.3708082025587
"2587","50627088B97471764392590",2,62427.0858631163,124854.171726233,11.7349017090562
"2588","50627088B99460777873405",1,17828.1183326298,17828.1183326298,9.78853217150402
"2589","50627088B99707223574870",1,11972.4000024558,11972.4000024558,9.39035927991258
"2590","50627088B99780541835919",1,345.410782510362,345.410782510362,5.84473438268439
"2591","52423323B11344178006251",1,9590.072571422,9590.072571422,9.16848373525469
"2592","52423323B11356717138354",1,3099.19450799235,3099.19450799235,8.03889752057848
"2593","52423323B1142335795557",1,11659.9174491644,11659.9174491644,9.3639123800479
"2594","52423323B11454809492263",1,152971.190652658,152971.190652658,11.9380048862567
"2595","52423323B11549083721324",1,11596.2180883446,11596.2180883446,9.3584342970693
"2596","52423323B11777472364014",1,204037.812348938,204037.812348938,12.226060610302
"2597","52423323B1226588316364",1,24647.4190443638,24647.4190443638,10.1124274699064
"2598","52423323B13112190165396",1,28592.8385315983,28592.8385315983,10.2609115644593
"2599","52423323B13977400518801",1,98973.2639646769,98973.2639646769,11.5026050316808
"2600","52423323B14200891286465",1,3583.03950646462,3583.03950646462,8.18396674332974
"2601","52423323B15193843372165",1,35761.1011000937,35761.1011000937,10.484616020203
"2602","52423323B15402942481985",1,34612.1832587242,34612.1832587242,10.4519610163712
"2603","52423323B1560312281680",1,24497.7503612505,24497.7503612505,10.1063365703271
"2604","52423323B15615503962810",1,14884.3610576269,14884.3610576269,9.60806634727676
"2605","52423323B15729416108881",1,418462.664134884,418462.664134884,12.9443429513952
"2606","52423323B160469889501",1,217042.322015432,217042.322015432,12.2878476458354
"2607","52423323B17082300411624",1,33263.3745617867,33263.3745617867,10.4122122076659
"2608","52423323B18041062174834",1,25558.2214362115,25558.2214362115,10.1487143221976
"2609","52423323B18210039689715",1,2994.49886380149,2994.49886380149,8.00453217227599
"2610","52423323B18388852349045",1,356223.291251764,356223.291251764,12.7833130358296
"2611","52423323B19175534214846",1,19447.7655538285,19447.7655538285,9.87548746089597
"2612","52423323B19658065056773",1,26771.7093491124,26771.7093491124,10.1951009876366
"2613","52423323B20361031483491",1,10577.6424119989,10577.6424119989,9.26649784617637
"2614","52423323B21823422169347",1,39725.9364272088,39725.9364272088,10.5897595638699
"2615","52423323B21900392582772",1,35521.1027982525,35521.1027982525,10.4778822438722
"2616","52423323B21915580186486",1,3691.12341166229,3691.12341166229,8.21368613830476
"2617","52423323B24006196223482",1,194838.945204739,194838.945204739,12.1799285742574
"2618","52423323B24972944108066",1,26894.8030031654,26894.8030031654,10.1996883500167
"2619","52423323B26295572620292",1,8372.06122630224,8372.06122630224,9.03265539676206
"2620","52423323B26439939384184",1,32451.9053774627,32451.9053774627,10.3875144377417
"2621","52423323B27353189607616",1,25836.1013422544,25836.1013422544,10.1595280696657
"2622","52423323B27439582532785",1,22635.9931464089,22635.9931464089,10.0272965354884
"2623","52423323B28004932041096",1,40588.6034970025,40588.6034970025,10.6112426041414
"2624","52423323B28131645769529",1,18676.9607566174,18676.9607566174,9.83504599815048
"2625","52423323B28169903287246",1,41165.9144190609,41165.9144190609,10.6253658729939
"2626","52423323B28526478136706",1,47900.0244322825,47900.0244322825,10.7768712934674
"2627","52423323B28730875803746",1,34922.0748466825,34922.0748466825,10.4608744253328
"2628","52423323B30055377123023",1,83255.2586727178,83255.2586727178,11.3296665730876
"2629","52423323B30468560709175",1,23109.6269816265,23109.6269816265,10.0480045621441
"2630","52423323B30804513522660",1,40804.4450746596,40804.4450746596,10.6165463023662
"2631","52423323B30821332153735",1,22762.1700123012,22762.1700123012,10.0328552269424
"2632","52423323B31059219556593",1,14722.8622121556,14722.8622121556,9.5971568171417
"2633","52423323B31237535640697",1,40525.3280348547,40525.3280348547,10.6096824412005
"2634","52423323B31615661575159",1,65004.3259505213,65004.3259505213,11.0822090997482
"2635","52423323B32135121114798",1,15155.0733115682,15155.0733115682,9.62609062693109
"2636","52423323B3277020886605",1,37671.7121024169,37671.7121024169,10.5366647496776
"2637","52423323B33690071450754",1,31233.2417799771,31233.2417799771,10.3492382482834
"2638","52423323B35006791438696",1,62455.5167063182,62455.5167063182,11.0422098496236
"2639","52423323B35564374613878",1,52956.443598221,52956.443598221,10.8772250357545
"2640","52423323B36141291253557",1,120409.322780726,120409.322780726,11.6986522405928
"2641","52423323B3743396317208",1,35085.4264263181,35085.4264263181,10.4655411217045
"2642","52423323B37641528063122",1,42509.3504575133,42509.3504575133,10.6574793414787
"2643","52423323B3769936214170",1,50461.1484458135,50461.1484458135,10.8289589814647
"2644","52423323B38827881811881",1,30300.820124312,30300.820124312,10.3189300579401
"2645","52423323B39360840436508",1,23428.7851629019,23428.7851629019,10.0617206805162
"2646","52423323B39402203079771",1,4185.50133486962,4185.50133486962,8.33938176902722
"2647","52423323B40695299315200",1,46423.4949911013,46423.4949911013,10.7455609676255
"2648","52423323B41088190294642",1,37374.1506243177,37374.1506243177,10.528734584664
"2649","52423323B41320659077500",1,5353.02368920379,5353.02368920379,8.58541685579061
"2650","52423323B41825478999592",1,513124.926312872,513124.926312872,13.1482746155842
"2651","52423323B42356104193293",1,159777.405311279,159777.405311279,11.9815369087709
"2652","52423323B42777689659233",1,52674.3432558243,52674.3432558243,10.8718837707413
"2653","52423323B43145970536326",1,28469.0537761197,28469.0537761197,10.2565729438968
"2654","52423323B43736341835391",1,23897.5426565766,23897.5426565766,10.081530914917
"2655","52423323B44486980116087",1,45578.2087582971,45578.2087582971,10.7271850031748
"2656","52423323B44939102873256",1,47200.4716978632,47200.4716978632,10.7621591651225
"2657","52423323B45396051816333",1,44073.8989418052,44073.8989418052,10.6936230254862
"2658","52423323B45605902717918",1,12192.3801606299,12192.3801606299,9.40856645859433
"2659","52423323B48021062516164",1,18360.4691153545,18360.4691153545,9.8179552147933
"2660","52423323B49434157073126",1,6798.12824428119,6798.12824428119,8.82440259507977
"2661","52423323B51150866941712",1,5219.18211478378,5219.18211478378,8.56009598560901
"2662","52423323B51190014897639",1,92988.3547314223,92988.3547314223,11.4402295463533
"2663","52423323B51950353714831",1,173616.586431364,173616.586431364,12.0646046206038
"2664","52423323B52221590077134",1,24134.8365065746,24134.8365065746,10.09141157395
"2665","52423323B52788200523187",1,293058.347680154,293058.347680154,12.5881270070138
"2666","52423323B53991752457296",1,36086.6893052228,36086.6893052228,10.4936793590212
"2667","52423323B55438776297696",1,109763.041276741,109763.041276741,11.606079151001
"2668","52423323B55997906288289",1,52243.3468671173,52243.3468671173,10.8636678290328
"2669","52423323B56288271705093",1,42581.8224835778,42581.8224835778,10.6591827389307
"2670","52423323B5668037178714",1,261527.349238515,261527.349238515,12.4742941430165
"2671","52423323B58673559392327",1,31460.6400436379,31460.6400436379,10.3564925210855
"2672","52423323B59988568496806",1,27008.2677924886,27008.2677924886,10.203898312649
"2673","52423323B60189599793984",1,190503.50001976,190503.50001976,12.1574258461873
"2674","52423323B60583840273125",1,13707.8243128423,13707.8243128423,9.52572206651627
"2675","52423323B61060611937313",1,4065.67475590903,4065.67475590903,8.31033499982036
"2676","52423323B61278008297409",1,102271.214259554,102271.214259554,11.5353835268063
"2677","52423323B61382457071366",1,249819.262152684,249819.262152684,12.4284929839997
"2678","52423323B61502128532198",1,44120.7356857601,44120.7356857601,10.694685147883
"2679","52423323B63190785401157",1,405953.929939876,405953.929939876,12.9139949590908
"2680","52423323B63484657830280",1,56864.6964776374,56864.6964776374,10.9484299790089
"2681","52423323B64374819566346",1,35482.5170943379,35482.5170943379,10.4767953779414
"2682","52423323B64688263814776",1,74750.8939148177,74750.8939148177,11.2219164499081
"2683","52423323B65711938596700",1,43687.6205132741,43687.6205132741,10.6848200575022
"2684","52423323B66250868095677",1,55226.7606676778,55226.7606676778,10.9192029094945
"2685","52423323B66757955193379",1,74872.7265139056,74872.7265139056,11.2235449712026
"2686","52423323B67589001499387",1,14694.4590181693,14694.4590181693,9.59522576416851
"2687","52423323B68186618035588",1,3904736.52821667,3904736.52821667,15.1777008686126
"2688","52423323B68249799438553",1,257313.706124678,257313.706124678,12.4580512658938
"2689","52423323B69509517878544",1,7803.34715641073,7803.34715641073,8.96230804324767
"2690","52423323B69937594660811",1,97438.3752343539,97438.3752343539,11.4869754082804
"2691","52423323B70117049347271",1,21223.718656978,21223.718656978,9.96287463983912
"2692","52423323B7041002082937",1,7444.43620434993,7444.43620434993,8.9152222141579
"2693","52423323B71522839301040",1,43890.7416465668,43890.7416465668,10.6894586803879
"2694","52423323B7185899041346",1,14363.2888081517,14363.2888081517,9.57243084201715
"2695","52423323B72611764841085",1,29524.6343654847,29524.6343654847,10.2929802570934
"2696","52423323B72724897935672",1,25255.0281182386,25255.0281182386,10.1367805482747
"2697","52423323B73481023135249",1,26719.183953153,26719.183953153,10.1931370865088
"2698","52423323B74070322698639",1,25258.56852988,25258.56852988,10.1369207248561
"2699","52423323B7471592660560",1,84608.46095308,84608.46095308,11.3457895518592
"2700","52423323B75557290257100",1,11931.2441043617,11931.2441043617,9.38691579333977
"2701","52423323B7621511423784",1,62584.9441064743,62584.9441064743,11.0442800186799
"2702","52423323B76755657103328",1,21309.2580136869,21309.2580136869,9.96689690579511
"2703","52423323B76935168618959",1,62718.2369584546,62718.2369584546,11.0464075449107
"2704","52423323B77575058684255",1,25599.3889049479,25599.3889049479,10.1503237592823
"2705","52423323B77931792505034",1,37056.2050824309,37056.2050824309,10.5201910953094
"2706","52423323B78580900034992",1,131793.421763141,131793.421763141,11.7889909890549
"2707","52423323B79106599781981",1,19762.6324806971,19762.6324806971,9.89154818513584
"2708","52423323B79195939570534",1,6245.43670885915,6245.43670885915,8.73960634947569
"2709","52423323B80423316533974",1,14551.3103329762,14551.3103329762,9.58543632579395
"2710","52423323B8068619404186",1,28718.7826976776,28718.7826976776,10.2653066370855
"2711","52423323B82031073374827",1,209135.928706872,209135.928706872,12.2507396961317
"2712","52423323B82267660013487",1,6202.10746399838,6202.10746399838,8.73264442682379
"2713","52423323B82661835696463",1,29364.6277288997,29364.6277288997,10.2875460905018
"2714","52423323B83678883467317",1,4686.61276687249,4686.61276687249,8.45246537596309
"2715","52423323B83955157156950",1,12008.0655959721,12008.0655959721,9.39333383598759
"2716","52423323B84079682288186",1,15345.8308027549,15345.8308027549,9.6385991071819
"2717","52423323B84341860753916",1,33973.1170258215,33973.1170258215,10.4333248151383
"2718","52423323B84565222808084",1,987.642658782005,987.642658782005,6.89532095093065
"2719","52423323B84660675823799",1,105345.658415106,105345.658415106,11.5650022073258
"2720","52423323B84884093129235",1,13249.0881396321,13249.0881396321,9.49168400939578
"2721","52423323B86132788198176",1,16952.8982052803,16952.8982052803,9.73819408375449
"2722","52423323B87261257392916",1,8867.15164279774,8867.15164279774,9.09010890116202
"2723","52423323B88446663762190",1,11469.0067227975,11469.0067227975,9.34740360853555
"2724","52423323B89498799122377",1,84788.9679313418,84788.9679313418,11.3479207181676
"2725","52423323B90119869144557",1,121978.000998828,121978.000998828,11.7115959877741
"2726","52423323B90141807319554",1,55746.3895253422,55746.3895253422,10.928567925348
"2727","52423323B91072384884845",1,45424.0226463351,45424.0226463351,10.723796377267
"2728","52423323B91102328415682",1,5366.7983540318,5366.7983540318,8.58798680002174
"2729","52423323B91358685939419",1,235393.841565195,235393.841565195,12.3690153118909
"2730","52423323B92182718553781",1,27027.0352032714,27027.0352032714,10.204592947841
"2731","52423323B92388679305568",1,23769.8431911184,23769.8431911184,10.0761729634086
"2732","52423323B9429339455263",1,7306.46686973572,7306.46686973572,8.8965151075495
"2733","52423323B95239416662840",1,49535.5521539093,49535.5521539093,10.8104459160879
"2734","52423323B95540408919203",1,65810.9456306949,65810.9456306949,11.0945414504503
"2735","52423323B96895412793722",1,54035.1819819525,54035.1819819525,10.8973906315849
"2736","52423323B98554944088847",1,67122.5190290809,67122.5190290809,11.1142748706675
"2737","52423323B99277183073993",1,711246.743788952,711246.743788952,13.4747746862596
"2738","52511910B10215199478646",3,43393.8048015908,130181.414404772,11.7766842520602
"2739","52511910B10855589670933",2,24071.6510451202,48143.3020902404,10.781937302467
"2740","52511910B1114695065436",2,211644.362283022,423288.724566044,12.9558097891735
"2741","52511910B11437294536827",2,118464.766914758,236929.533829516,12.3755180502934
"2742","52511910B1170609292065",3,25347.7005045304,76043.1015135912,11.2390555836926
"2743","52511910B12166681712059",2,6743.56801516605,13487.1360303321,9.50949162349937
"2744","52511910B12217989868885",1,30180.3101207897,30180.3101207897,10.3149450079745
"2745","52511910B12239492719020",3,23381.032545171,70143.097635513,11.1582926863277
"2746","52511910B12240276172675",2,38763.4594273102,77526.9188546204,11.2583804950925
"2747","52511910B1240337598967",2,26059.6886590346,52119.3773180692,10.8612920840851
"2748","52511910B1281835166424",3,4214.6809366732,12644.0428100196,9.44494145912696
"2749","52511910B1289591480139",3,8646.0655781537,25938.1967344611,10.1634719386638
"2750","52511910B132067886793",2,20752.126382185,41504.25276437,10.6335511772183
"2751","52511910B13267113488931",2,14621.2560789376,29242.5121578752,10.2833788252852
"2752","52511910B1345857498627",3,2340.61768949085,7021.85306847255,8.85678243205383
"2753","52511910B13500089926277",1,23046.1320373299,23046.1320373299,10.0452532268524
"2754","52511910B1376149917055",1,25512.2738022022,25512.2738022022,10.1469149409231
"2755","52511910B14295991899678",2,30562.4911069079,61124.9822138158,11.0206759357966
"2756","52511910B1429973809191",1,16457.5482307127,16457.5482307127,9.70853950995981
"2757","52511910B1435450581762",3,2816.96800749946,8450.90402249838,9.04202869953979
"2758","52511910B14571669428725",2,7427.3617319916,14854.7234639832,9.60607317203735
"2759","52511910B14763561478876",2,12607.859166552,25215.718333104,10.1352228224296
"2760","52511910B14816404731270",3,91153.6942638097,273461.082791429,12.5189145974524
"2761","52511910B14944460308189",2,18729.940161042,37459.880322084,10.5310257811741
"2762","52511910B14985671444346",2,137264.61741747,274529.23483494,12.5228130363917
"2763","52511910B15112316927565",1,37767.0277490697,37767.0277490697,10.5391917191779
"2764","52511910B15727969780764",1,74813.5838725826,74813.5838725826,11.2227547500495
"2765","52511910B16211515353621",2,15530.986792545,31061.97358509,10.3437396357365
"2766","52511910B16548233454257",1,3893.74390262115,3893.74390262115,8.26712641659454
"2767","52511910B16992601244944",3,72578.4038077474,217735.211423242,12.2910349770157
"2768","52511910B1724778943765",2,6068.34005019234,12136.6801003847,9.40398755937123
"2769","52511910B17356876538254",1,49741.7486519827,49741.7486519827,10.8145998725895
"2770","52511910B17390178466990",2,9275.94005510517,18551.8801102103,9.8283264165498
"2771","52511910B17490321584859",2,148712.872071581,297425.744143162,12.6029198732939
"2772","52511910B17517272780410",2,277246.802624634,554493.605249268,13.2258105532431
"2773","52511910B17799667237096",1,10868.9307773262,10868.9307773262,9.29366361072574
"2774","52511910B18270670997793",2,23236.2099402731,46472.4198805462,10.7466142947612
"2775","52511910B1854707671717",2,170879.90612818,341759.81225636,12.7418634659702
"2776","52511910B19191805182315",2,128378.994834609,256757.989669218,12.4558892457846
"2777","52511910B19330386236783",2,39996.5820780355,79993.164156071,11.289696461956
"2778","52511910B19407638162060",2,2043.21750394074,4086.43500788148,8.31542823272632
"2779","52511910B19586040436612",1,14005.6114260158,14005.6114260158,9.54721334443605
"2780","52511910B2005519933546",3,45644.2636383188,136932.790914956,11.8272455071748
"2781","52511910B2055603825455",3,72082.1915394209,216246.574618263,12.2841745847531
"2782","52511910B21046020325533",2,15324.3101297517,30648.6202595034,10.330342924348
"2783","52511910B21260910933226",1,19827.6488065786,19827.6488065786,9.89483264698939
"2784","52511910B21407702399528",3,614407.17939121,1843221.53817363,14.4270254346225
"2785","52511910B21548483035565",2,9001.74468788166,18003.4893757633,9.79832087230008
"2786","52511910B21980317252116",3,2315.81961102945,6947.45883308835,8.84613123617101
"2787","52511910B22102802824180",3,12512.0915901396,37536.2747704188,10.5330630716102
"2788","52511910B2226983620167",2,91662.7386351075,183325.477270215,12.119018416369
"2789","52511910B22297779295169",2,18494.8679688444,36989.7359376888,10.5183957460524
"2790","52511910B22417450396653",2,9526.23664827865,19052.4732965573,9.8549522039677
"2791","52511910B23437445078556",2,79138.2328188377,158276.465637675,11.9720985654401
"2792","52511910B24095937104675",1,9564.73111544333,9564.73111544333,9.16583777018213
"2793","52511910B24217315836254",3,20912.7347786948,62738.2043360844,11.046725860616
"2794","52511910B2433100174245",3,84347.7363474725,253043.209042417,12.4413155398562
"2795","52511910B24338772487994",2,7876.77555774774,15753.5511154955,9.66482108649027
"2796","52511910B24425392494170",2,27648.6877531109,55297.3755062218,10.9204807271839
"2797","52511910B24462040337349",2,39613.8342863111,79227.6685726222,11.2800808674582
"2798","52511910B24789968471650",3,328244.617461749,984733.852385247,13.8001266830193
"2799","52511910B24890266463781",2,108917.163361936,217834.326723872,12.2914900836917
"2800","52511910B24911018318465",2,79695.4846982968,159390.969396594,11.9791153900106
"2801","52511910B25870488928169",1,1530.96001855215,1530.96001855215,7.3336502807198
"2802","52511910B26024129556324",2,101832.918406623,203665.836813246,12.2242358749106
"2803","52511910B26321075911025",2,117712.12276541,235424.24553082,12.3691444656617
"2804","52511910B26426295483490",1,39629.4576674532,39629.4576674532,10.5873280011919
"2805","52511910B26440140856632",3,94833.8871277585,284501.661383276,12.5584943721915
"2806","52511910B26517515062770",3,31097.18064313,93291.54192939,11.4434847281643
"2807","52511910B26605642536320",1,15633.5031140953,15633.5031140953,9.65717152588396
"2808","52511910B27035674370402",2,28126.6877412934,56253.3754825868,10.9376213268455
"2809","52511910B27389223998758",3,117004.325712478,351012.977137434,12.7685784736661
"2810","52511910B27691000187918",3,122151.238222306,366453.714666918,12.8116275022024
"2811","52511910B27783301561641",2,1214.64271548597,2429.28543097194,7.79535243176166
"2812","52511910B27876515321702",2,57806.8831142987,115613.766228597,11.6580103131528
"2813","52511910B28036042271757",3,179289.902283931,537869.706851793,13.1953716292406
"2814","52511910B28406755893597",2,6775.1421246171,13550.2842492342,9.51416280389108
"2815","52511910B28476693424992",2,67757.4813193184,135514.962638637,11.8168373385829
"2816","52511910B28710323112279",2,8693.84748567826,17387.6949713565,9.76351804947474
"2817","52511910B29261340686380",1,7897.65423219482,7897.65423219482,8.97432106172832
"2818","52511910B29325635095698",3,339086.474160305,1017259.42248091,13.8326227285204
"2819","52511910B29818712056723",2,30435.2315155187,60870.4630310374,11.0165033283432
"2820","52511910B30663215399885",2,73507.5596139059,147015.119227812,11.8982907123619
"2821","52511910B30709967967550",2,113154.471008428,226308.942016856,12.329656344835
"2822","52511910B30715783231624",2,32568.359496054,65136.718992108,11.0842437090033
"2823","52511910B30774246387934",3,23846.4826850691,71539.4480552073,11.1780042975918
"2824","52511910B30880402907345",3,44378.0141081166,133134.04232435,11.7991117367023
"2825","52511910B3088598520620",2,42335.5239429357,84671.0478858714,11.3465290026773
"2826","52511910B30921209280056",1,5043.5771061272,5043.5771061272,8.52587085259597
"2827","52511910B3092467574862",2,36283.3595073878,72566.7190147756,11.1922616799338
"2828","52511910B30977236715140",1,111085.165803026,111085.165803026,11.6180524455881
"2829","52511910B31003231188752",2,21287.4353944813,42574.8707889626,10.6590194706223
"2830","52511910B3118715998086",2,4626.94195210322,9253.88390420644,9.13279862391672
"2831","52511910B31268860247424",2,110653.555963503,221307.111927006,12.307306662563
"2832","52511910B31717620625581",2,23975.8507246705,47951.701449341,10.7779495635056
"2833","52511910B3173449865557",2,26931.6340325994,53863.2680651988,10.8942040415616
"2834","52511910B31970606922462",2,28095.2261287051,56190.4522574102,10.9365021327909
"2835","52511910B32484376841800",2,4109.7334995614,8219.4669991228,9.01426064399203
"2836","52511910B32855735947523",2,22787.1558936209,45574.3117872418,10.7270994987689
"2837","52511910B33100646615087",2,60579.848258179,121159.696516358,11.7048647603209
"2838","52511910B33929030594907",2,103250.644683414,206501.289366828,12.2380619352709
"2839","52511910B34768840903386",1,85083.1390282521,85083.1390282521,11.351384163653
"2840","52511910B3516463668472",3,1779.97203494322,5339.91610482966,8.58296522112477
"2841","52511910B35262105049161",2,43081.9481200561,86163.8962401122,11.3640065317934
"2842","52511910B3549258104854",1,17384.5490629382,17384.5490629382,9.76333710582188
"2843","52511910B3606287647189",2,17692.8798084723,35385.7596169446,10.4740647474815
"2844","52511910B36399926613491",3,332293.890907243,996881.672721729,13.8123873585723
"2845","52511910B36549244443661",2,3407.95821184784,6815.91642369568,8.82701580665224
"2846","52511910B37391519791178",2,35338.8233592748,70677.6467185496,11.1658846310088
"2847","52511910B37639564414460",2,41254.8731898806,82509.7463797612,11.3206717032815
"2848","52511910B37647459697968",2,27203.5448853752,54407.0897707504,10.9042497510205
"2849","52511910B37723179298847",3,7281.76225481346,21845.2867644404,9.991740468534
"2850","52511910B38062779232785",2,2502.08974958795,5004.1794991759,8.51802874208172
"2851","52511910B38320737099141",3,8814.17611126829,26442.5283338049,10.1827289147268
"2852","52511910B38482668702502",2,227115.101746648,454230.203493296,13.0263594046666
"2853","52511910B39021201460320",3,87134.7146515625,261404.143954688,12.473822932972
"2854","52511910B39055948947966",2,3533.63442301291,7067.26884602582,8.86322938242174
"2855","52511910B39647585180353",2,77036.5976892561,154073.195378512,11.9451830631447
"2856","52511910B398222474379",2,2301.70590663159,4603.41181326318,8.43455300609023
"2857","52511910B3988585053627",2,1140.63681664515,2281.2736332903,7.73248917707563
"2858","52511910B39925062868722",2,28940.4151145337,57880.8302290674,10.966141524614
"2859","52511910B4018321552262",2,19832.082892854,39664.165785708,10.5882034340189
"2860","52511910B4023851996912",2,11336.8375177943,22673.6750355886,10.0289598404465
"2861","52511910B40379944508344",1,18652.4574603468,18652.4574603468,9.83373318370223
"2862","52511910B40704082736400",3,179436.430687191,538309.292061573,13.1961885662644
"2863","52511910B40762326804108",1,16253.5558906395,16253.5558906395,9.69606698785875
"2864","52511910B40907976300093",3,113451.361889562,340354.085668686,12.7377417831193
"2865","52511910B40932238962124",2,1891.16430957811,3782.32861915622,8.23809513575466
"2866","52511910B41349980343036",2,40118.8870622646,80237.7741245292,11.2927496820283
"2867","52511910B41569626445575",2,42787.1980158522,85574.3960317044,11.3571414056078
"2868","52511910B41832053670190",3,85498.0106050818,256494.031815245,12.4548606755454
"2869","52511910B41847670787440",2,1226.27028319108,2452.54056638216,7.80487973213133
"2870","52511910B41918855057041",2,49736.3660452117,99472.7320904234,11.5076388362458
"2871","52511910B42295955196197",2,26887.8559831168,53775.7119662336,10.8925771937737
"2872","52511910B42739382471676",2,62430.4558472595,124860.911694519,11.7349556903232
"2873","52511910B42807411813200",3,10170.8970491715,30512.6911475145,10.3258979792458
"2874","52511910B43288181316884",2,54842.2129849313,109684.425969863,11.6053626669036
"2875","52511910B43412485397625",2,49421.3242714575,98842.648542915,11.5012844560094
"2876","52511910B43880613502989",2,26131.5643890251,52263.1287780502,10.8640464067438
"2877","52511910B44183742195819",2,196074.705053883,392149.410107766,12.8793981943882
"2878","52511910B44653158831279",2,70946.3381593454,141892.676318691,11.8628262502496
"2879","52511910B45067846009416",2,320963.116824602,641926.233649204,13.3722286752126
"2880","52511910B45111644423638",1,208773.43542556,208773.43542556,12.2490049019235
"2881","52511910B45186727587827",2,144457.072587608,288914.145175216,12.5738848474406
"2882","52511910B45758904415578",2,45961.8547813783,91923.7095627566,11.4287142681352
"2883","52511910B46327040282414",3,160040.901258529,480122.703775587,13.0817969830814
"2884","52511910B46580896438278",2,20497.005073235,40994.01014647,10.6211812410251
"2885","52511910B46875128491",2,148692.352160141,297384.704320282,12.6027818803482
"2886","52511910B47006759189229",2,44800.8471132746,89601.6942265492,11.4031295075627
"2887","52511910B47108576517123",2,28699.482782196,57398.965564392,10.957781560619
"2888","52511910B47117449404442",2,14410.4590275653,28820.9180551306,10.268856723839
"2889","52511910B47244734334087",2,5798.27836884609,11596.5567376922,9.35846350007326
"2890","52511910B47715712995546",3,161849.779319173,485549.337957519,13.0930361845318
"2891","52511910B47928826922149",2,1396.89579465079,2793.79158930158,7.93515494480198
"2892","52511910B4802898208422",2,22843.8057315408,45687.6114630816,10.7295824561736
"2893","52511910B48556697809502",3,37273.9270942441,111821.781282732,11.6246616443655
"2894","52511910B4874504546565",2,239130.412969122,478260.825938244,13.0779115236135
"2895","52511910B48822656668811",3,5719.65390263351,17158.9617079005,9.75027586467876
"2896","52511910B49041277824691",3,2735.01605262947,8205.04815788841,9.01250487284132
"2897","52511910B49192689587509",1,8375.34288761109,8375.34288761109,9.03304729765948
"2898","52511910B49246730473855",3,52699.8704094693,158099.611228408,11.9709805641712
"2899","52511910B49284203349487",2,25045.9459467701,50091.8918935402,10.8216144355234
"2900","52511910B49336497562900",3,133661.582465809,400984.747397427,12.9016786691499
"2901","52511910B49397347460294",2,19161.9324926685,38323.864985337,10.5538280877851
"2902","52511910B4946947315760",2,89076.8541076448,178153.70821529,12.0904019859467
"2903","52511910B49492134849249",2,67824.5799658441,135649.159931688,11.8178271251574
"2904","52511910B49637011657057",2,41813.8203043076,83627.6406086152,11.3341293737166
"2905","52511910B4969786063416",2,10842.3338194127,21684.6676388254,9.9843607293743
"2906","52511910B49699122775209",2,12911.3472222817,25822.6944445634,10.1590090138965
"2907","52511910B49735999236113",2,8047.72926125081,16095.4585225016,9.68629243183297
"2908","52511910B50234287801955",2,24396.5409868844,48793.0819737688,10.7953438189593
"2909","52511910B50474008293669",3,249829.691439996,749489.074319988,13.527147019127
"2910","52511910B50770239456778",3,38157.7235033932,114473.17051018,11.6480957558311
"2911","52511910B51634678228857",2,162093.322747528,324186.645495056,12.6890746952547
"2912","52511910B51671938708352",2,5475.17463995503,10950.3492799101,9.30112663244461
"2913","52511910B5173446134858",2,31862.6221468344,63725.2442936688,11.0623360627979
"2914","52511910B52040400722593",2,40277.3570342069,80554.7140684138,11.2966919103988
"2915","52511910B52167757698823",1,30755.5657795734,30755.5657795734,10.3338262578177
"2916","52511910B52234359951443",2,44032.7739903249,88065.5479806498,11.3858366796037
"2917","52511910B52477730632252",2,24127.4968139918,48254.9936279836,10.7842545962924
"2918","52511910B53055897182204",2,14368.2278912472,28736.4557824944,10.2659218320039
"2919","52511910B53218930904512",3,4150.44119180138,12451.3235754041,9.42958220751965
"2920","52511910B53442502489936",3,166493.859802721,499481.579408163,13.121325998329
"2921","52511910B53659520741831",2,54976.1176010745,109952.235202149,11.6078013250364
"2922","52511910B53728166380969",2,19880.8461267909,39761.6922535818,10.5906592215746
"2923","52511910B54123288304078",2,24222.2507905957,48444.5015811914,10.7881741244225
"2924","52511910B54132966107148",2,54584.9567938644,109169.913587729,11.6006607877354
"2925","52511910B54429610497624",2,163227.334582198,326454.669164396,12.6960463793595
"2926","52511910B54492038659997",2,26090.6915158755,52181.383031751,10.8624810633558
"2927","52511910B54544949915679",2,116252.891989172,232505.783978344,12.3566703810263
"2928","52511910B54921877123299",3,22295.4047899835,66886.2143699505,11.1107481616529
"2929","52511910B55440888068193",2,4537.08801516305,9074.1760303261,9.11318785945453
"2930","52511910B55503333028627",1,30224.478057864,30224.478057864,10.3164074067769
"2931","52511910B55551570232595",2,52397.6022521679,104795.204504336,11.5597632912757
"2932","52511910B55567443002533",3,6247.57156339887,18742.7146901966,9.83856040603732
"2933","52511910B55591891530874",1,11039.4472742082,11039.4472742082,9.30923025283574
"2934","52511910B558444185686",2,73837.9075108271,147675.815021654,11.9027747111828
"2935","52511910B56209015841977",2,145140.517459252,290281.034918504,12.5786048186279
"2936","52511910B56958480946992",2,78627.7905619084,157255.581123817,11.9656276659762
"2937","52511910B57035161982504",3,181216.470831409,543649.412494227,13.2060598557562
"2938","52511910B57239711193520",3,52895.8508264481,158687.552479344,11.9746924691557
"2939","52511910B57344020400583",3,318844.570061376,956533.710184128,13.7710713105076
"2940","52511910B57885575775117",2,181259.677526623,362519.355053246,12.8008331451018
"2941","52511910B57972476709593",1,15199.2291608054,15199.2291608054,9.62899999244351
"2942","52511910B58011485138839",3,3972.52498119673,11917.5749435902,9.38576947559205
"2943","52511910B5845387986633",2,7657.88813665295,15315.7762733059,9.63663870510645
"2944","52511910B58943778362560",2,13252.0563998008,26504.1127996016,10.185055199917
"2945","52511910B59176200579981",1,24212.4197101858,24212.4197101858,10.0946209916617
"2946","52511910B59203276225690",2,5323.09620740481,10646.1924148096,9.27295758747597
"2947","52511910B59245920767717",2,10383.223750691,20766.447501382,9.94109386234622
"2948","52511910B59360103371589",2,8493.90105345665,16987.8021069133,9.74025084237269
"2949","52511910B59553354826271",2,10057.103807661,20114.207615322,9.90918169088225
"2950","52511910B59671861776280",2,10016.1680812689,20032.3361625378,9.90510305503587
"2951","52511910B59824272814460",2,65901.7425741797,131803.485148359,11.7890673434047
"2952","52511910B60061263127196",1,27717.660097371,27717.660097371,10.2298250376692
"2953","52511910B60889717547120",3,197128.985181323,591386.955543969,13.2902258292482
"2954","52511910B61192023784720",1,15168.9959667265,15168.9959667265,9.62700888470242
"2955","52511910B61439489120441",2,60059.6486381221,120119.297276244,11.696240671899
"2956","52511910B6162382764157",3,264334.086469543,793002.259408629,13.5835813498041
"2957","52511910B61676244874246",1,20342.8084704721,20342.8084704721,9.92048273629864
"2958","52511910B61790844495814",2,23511.0390380827,47022.0780761654,10.7583725166973
"2959","52511910B62200479590982",2,6589.67762379715,13179.3552475943,9.48640688786101
"2960","52511910B62500214534323",2,109.348119961739,218.696239923478,5.38768373468389
"2961","52511910B62556379472396",3,6179.95828511093,18539.8748553328,9.82767908911501
"2962","52511910B62562257240113",2,115535.189712823,231070.379425646,12.3504776159389
"2963","52511910B62922031863482",2,6012.03383150355,12024.0676630071,9.39466555874624
"2964","52511910B63167976390159",2,16747.6356572342,33495.2713144684,10.4191595530579
"2965","52511910B63672424305930",3,18368.1139296792,55104.3417890376,10.9169837903857
"2966","52511910B63745543652662",2,51778.111389032,103556.222778064,11.5478699594466
"2967","52511910B6389603869041",3,494432.431835337,1483297.29550601,14.2097780700147
"2968","52511910B648094459248",2,51237.2281092936,102474.456218587,11.5373688388797
"2969","52511910B65003852157868",2,12241.2829871964,24482.5659743928,10.1057165503485
"2970","52511910B65196754917234",2,62655.1216783106,125310.243356621,11.7385478881942
"2971","52511910B65674101735888",2,26669.2536452022,53338.5072904044,10.8844138125376
"2972","52511910B65736953470193",2,14320.4305362914,28640.8610725828,10.2625896860061
"2973","52511910B66300742055958",2,9261.41595477151,18522.831909543,9.82675940739295
"2974","52511910B66393591343605",2,23629.5183646906,47259.0367293812,10.7633991681671
"2975","52511910B66525116512935",2,27212.2213615422,54424.4427230844,10.904568646695
"2976","52511910B66692058551395",2,78644.0273532415,157288.054706483,11.9658341465982
"2977","52511910B67044835484249",3,30672.9424782158,92018.8274346474,11.4297484811228
"2978","52511910B67072521171420",2,3936.4807447315,7872.961489463,8.97118957170331
"2979","52511910B67244265985329",1,45118.6548222988,45118.6548222988,10.7170510723919
"2980","52511910B67503722299641",2,123667.881454137,247335.762908274,12.4185020565124
"2981","52511910B67569609565838",2,86132.9564181174,172265.912836235,12.0567945668222
"2982","52511910B67622492960002",2,23621.4058282114,47242.8116564228,10.7630557870927
"2983","52511910B68145786967648",1,75065.1186121331,75065.1186121331,11.2261112639708
"2984","52511910B68305869820707",2,38762.2547247276,77524.5094494552,11.2583494163054
"2985","52511910B68505135665197",3,405220.492220449,1215661.47666135,14.0107989118468
"2986","52511910B68559401871490",3,140232.293515198,420696.880545594,12.9496678546369
"2987","52511910B68600157990452",2,11981.1661996505,23962.332399301,10.0842383930384
"2988","52511910B68602378722707",3,83172.5696347146,249517.708904144,12.4272851692266
"2989","52511910B69050472249631",2,16490.0173853765,32980.034770753,10.4036576504112
"2990","52511910B69477070610060",2,4055.73472094009,8111.46944188018,9.00103431958455
"2991","52511910B70153095650041",2,3653.27773109579,7306.55546219158,8.89652723268745
"2992","52511910B70290379794397",3,62281.9640702323,186845.892210697,12.1380394502497
"2993","52511910B70456030054544",2,1394.78476435303,2789.56952870606,7.933642572125
"2994","52511910B70473175587181",2,4400.8669412763,8801.7338825526,9.08270401316627
"2995","52511910B70638918104863",3,30125.3446909462,90376.0340728386,11.4117344014187
"2996","52511910B71032150875325",2,12555.2129393363,25110.4258786726,10.1310384125284
"2997","52511910B71538284073489",2,3684.89226100833,7369.78452201666,8.90514374758048
"2998","52511910B71690687423925",1,17497.5144642224,17497.5144642224,9.76981411920844
"2999","52511910B72557613719767",3,292975.588234477,878926.764703431,13.6864568565904
"3000","52511910B73336698759549",2,32781.739723646,65563.479447292,11.0907741041659
"3001","52511910B75183314272458",3,38670.2447546602,116010.734263981,11.6614380025657
"3002","52511910B75402986028359",3,80334.4628507188,241003.388552156,12.3925662727563
"3003","52511910B76288634877329",3,50274.0774733921,150822.232420176,11.9238571535313
"3004","52511910B76622709081814",2,1940.47663040801,3880.95326081602,8.26383608821884
"3005","52511910B76643025216805",2,226315.809505993,452631.619011986,13.0228338705721
"3006","52511910B76864499188928",2,4530.60214843333,9061.20429686666,9.1117573148023
"3007","52511910B77222989775801",3,5449.11697702745,16347.3509310824,9.70182114063456
"3008","52511910B77517078586613",3,89366.6924425882,268100.077327765,12.4991156126528
"3009","52511910B77588417233313",2,32039.814751362,64079.629502724,11.0678817999328
"3010","52511910B7774942695724",3,22152.027164023,66456.081492069,11.1042965797742
"3011","52511910B78140930961679",2,2603.94521591577,5207.89043183154,8.55793014523229
"3012","52511910B78362812420952",2,203102.315844948,406204.631689896,12.9146123305496
"3013","52511910B78382154896940",2,1725.02144202591,3450.04288405182,8.1461419401081
"3014","52511910B7838707993704",2,22483.0261111658,44966.0522223316,10.713663088994
"3015","52511910B78526013910080",2,7604.22373001683,15208.4474600337,9.62960630640992
"3016","52511910B78624558885304",1,63166.7800377769,63166.7800377769,11.0535338096282
"3017","52511910B79023193352255",2,34362.3267881774,68724.6535763548,11.1378632722984
"3018","52511910B79239618011253",3,193612.978122039,580838.934366117,13.2722287760003
"3019","52511910B79351211043156",2,86839.2366072033,173678.473214407,12.0649610137167
"3020","52511910B79904820365756",2,34400.8736748709,68801.7473497418,11.1389844211242
"3021","52511910B79940153361499",2,16065.2489469525,32130.497893905,10.3775609482209
"3022","52511910B80020209032330",2,45904.009465731,91808.018931462,11.4274549249882
"3023","52511910B80553421723016",2,87952.6241760744,175905.248352149,12.0777007674161
"3024","52511910B80611967822771",2,31460.3667207521,62920.7334415042,11.0496310138351
"3025","52511910B80613047181881",1,14195.2924212839,14195.2924212839,9.56066566899668
"3026","52511910B80624224978544",1,13747.6518299551,13747.6518299551,9.52862331250757
"3027","52511910B81270804246754",2,32298.3349983453,64596.6699966906,11.0759181404032
"3028","52511910B81672195550340",2,105426.815625689,210853.631251378,12.2589194809917
"3029","52511910B81807770672257",3,454359.794418247,1363079.38325474,14.1252569505489
"3030","52511910B81868017791126",2,13383.9382528609,26767.8765057218,10.1949578097118
"3031","52511910B82181877276071",2,22606.6773594625,45213.354718925,10.7191477805644
"3032","52511910B82353065981408",1,9176.50647893674,9176.50647893674,9.12440185333399
"3033","52511910B82588790657213",2,11675.292806048,23350.585612096,10.0583773425297
"3034","52511910B82760897224923",3,26537.1971629308,79611.5914887924,11.2849149829492
"3035","52511910B83187520966287",2,78418.5015540119,156837.003108024,11.9629623482667
"3036","52511910B83254623159264",3,78372.5352076156,235117.605622847,12.3678411174022
"3037","52511910B83654747413473",2,72290.0121946809,144580.024389362,11.8815884352454
"3038","52511910B8366046265197",2,1223.23499066612,2446.46998133224,7.80240144060781
"3039","52511910B83755823779571",1,27543.2433464464,27543.2433464464,10.2235125339195
"3040","52511910B84130893113897",2,185216.635302635,370433.27060527,12.8224286011686
"3041","52511910B84254778922177",3,2930.86968527141,8792.60905581423,9.08166676754836
"3042","52511910B8433520860340",3,13150.5102264059,39451.5306792177,10.5828281260084
"3043","52511910B8555120582575",3,80373.7063789055,241121.119136716,12.3930546552593
"3044","52511910B85663060935330",2,42471.252831988,84942.505663976,11.3497299026549
"3045","52511910B85672644454395",3,202553.54438332,607660.63314996,13.3173718359527
"3046","52511910B8569683364670",3,124763.120578444,374289.361735332,12.8327844717289
"3047","52511910B85706759339541",2,32938.1908437917,65876.3816875834,11.0955352600083
"3048","52511910B86399036189677",1,21853.9305727469,21853.9305727469,9.99213607325857
"3049","52511910B8640641883305",2,12547.3282879096,25094.6565758192,10.130410217031
"3050","52511910B86463604693023",1,23493.6007087021,23493.6007087021,10.0644833527811
"3051","52511910B86635109020715",2,9347.83833344885,18695.6766668977,9.83604758182961
"3052","52511910B86664130512952",2,4087.27508192716,8174.55016385432,9.00878096842326
"3053","52511910B86675185737242",3,142210.578622517,426631.735867551,12.9636764748158
"3054","52511910B86901151057582",2,35044.7095056903,70089.4190113806,11.1575271202801
"3055","52511910B8694284014765",2,23145.525285431,46291.050570862,10.742703929185
"3056","52511910B87526029786391",2,12595.0872578738,25190.1745157476,10.1342092972999
"3057","52511910B87738681480797",2,2273.11383996692,4546.22767993384,8.42205308673376
"3058","52511910B88737921309662",2,257281.903398382,514563.806796764,13.1510748436645
"3059","52511910B89393531563013",2,120483.827623961,240967.655247922,12.3924179928762
"3060","52511910B89557374460695",2,2414.33201602043,4828.66403204086,8.48232511046521
"3061","52511910B90052363141845",2,8613.13593728635,17226.2718745727,9.75419093202805
"3062","52511910B9027234137610",1,21942.7805181327,21942.7805181327,9.99619345862212
"3063","52511910B9049907467318",2,2710.44004784667,5420.88009569334,8.59801346053082
"3064","52511910B90712224530022",2,80017.3140765961,160034.628153192,11.9831454967567
"3065","52511910B90795941917739",2,8405.90976767625,16811.8195353525,9.72983746179143
"3066","52511910B90991611037176",3,3033.92091649896,9101.76274949688,9.11622338248175
"3067","52511910B91175598455743",1,17384.1152936261,17384.1152936261,9.76331215408328
"3068","52511910B91354507826004",2,187250.473348708,374500.946697416,12.8333496098332
"3069","52511910B92065650444302",2,77148.6493292143,154297.298658429,11.9466365311237
"3070","52511910B92188863099631",2,62538.6086228358,125077.217245672,11.7366865635283
"3071","52511910B92709587856848",2,43082.135026556,86164.270053112,11.3640108701787
"3072","52511910B92990516943265",2,65789.9612567265,131579.922513453,11.7873697217468
"3073","52511910B93540688501820",2,45733.4132996544,91466.8265993088,11.4237316346989
"3074","52511910B93844416805291",2,34021.3553013438,68042.7106026876,11.1278908840862
"3075","52511910B93975188491166",1,8082.65066860622,8082.65066860622,8.99747515076283
"3076","52511910B94067910328765",2,30587.0648815675,61174.129763135,11.0214796628421
"3077","52511910B94409074074623",2,11267.105387039,22534.210774078,10.0227899122828
"3078","52511910B94458762678017",3,36220.632829746,108661.898489238,11.5959964917846
"3079","52511910B94488542881377",2,39539.8917410646,79079.7834821292,11.2782125393209
"3080","52511910B94627775761425",1,36371.8503169481,36371.8503169481,10.5015504114999
"3081","52511910B94675128167590",3,209996.557770443,629989.673311329,13.3534587066641
"3082","52511910B95098417504855",1,25167.3376414538,25167.3376414538,10.1333023074634
"3083","52511910B95362195406961",3,112371.961096164,337115.883288492,12.7281820175506
"3084","52511910B95398494564210",2,22467.9938295479,44935.9876590958,10.7129942595793
"3085","52511910B954183777842",3,138709.267228388,416127.801685164,12.9387477076517
"3086","52511910B95850947838113",2,38058.5074880447,76117.0149760894,11.2400271059287
"3087","52511910B95876228816034",2,17187.8296297528,34375.6592595056,10.4451040132433
"3088","52511910B95956240331763",2,73915.2217577962,147830.443515592,11.9038212440638
"3089","52511910B96063333949316",2,26873.8315238242,53747.6630476484,10.8920554668614
"3090","52511910B96194264601254",3,295299.963935054,885899.891805162,13.6943592342703
"3091","52511910B96314718972571",3,8175.48197676053,24526.4459302816,10.1075072400975
"3092","52511910B9639721186799",2,18593.8350614084,37187.6701228168,10.5237325370087
"3093","52511910B96811995525646",2,6754.78487479027,13509.5697495805,9.51115358363591
"3094","52511910B97040583536387",3,261196.815880371,783590.447641113,13.5716417746274
"3095","52511910B97060806511909",3,15277.7203171198,45833.1609513594,10.7327631463523
"3096","52511910B97228601381981",3,90357.8229196801,271073.46875904,12.5101451655521
"3097","52511910B97258167764484",2,162064.244711638,324128.489423276,12.6888952884545
"3098","52511910B97596648855860",2,13397.2846486676,26794.5692973352,10.1959545078059
"3099","52511910B98030585757527",3,205315.604176076,615946.812528228,13.3309158954895
"3100","52511910B98629971413037",3,151845.421460951,455536.264382853,13.029230606965
"3101","52511910B98838605252897",3,134991.544671526,404974.634014578,12.9115797120644
"3102","52511910B98966812491458",2,10881.0952086134,21762.1904172268,9.98792935846012
"3103","52511910B99182661436347",2,12467.6205064867,24935.2410129734,10.1240373835831
"3104","52511910B99479800826846",2,23357.2265146605,46714.453029321,10.7518088824851
"3105","52511910B99923381863543",2,295137.961280147,590275.922560294,13.288345371917
"3106","54806243B24736520064001",1,9823.84826589625,9823.84826589625,9.19256820502093
"3107","54806243B26229872021267",1,20455.4189603998,20455.4189603998,9.92600311220702
"3108","54806243B31598332414602",1,34389.9659977631,34389.9659977631,10.4455201147013
"3109","54806243B45246983413139",1,30519.0519482541,30519.0519482541,10.3261064216215
"3110","54806243B77256668678203",1,33150.6168355692,33150.6168355692,10.4088166028487
"3111","54806243B78730192124512",1,45836.6658103779,45836.6658103779,10.7328396133676
"3112","54806243B82377713639337",1,38146.7442996048,38146.7442996048,10.5491956936111
"3113","54806243B83345748269493",1,62756.6612992753,62756.6612992753,11.0470200075236
"3114","54806243B86213796006306",1,22549.4887612417,22549.4887612417,10.023467673332
"3115","54806243B973390148812",1,51251.7807137141,51251.7807137141,10.8445056420305
"3116","57096268B10864130869566",1,57831.0019363166,57831.0019363166,10.965280276548
"3117","57096268B12667844160065",2,168868.200239678,337736.400479356,12.7300209899618
"3118","57096268B13273891480647",1,56963.3858171562,56963.3858171562,10.9501639863339
"3119","57096268B14042132739921",1,102830.648775632,102830.648775632,11.5408387274091
"3120","57096268B177802279293",1,70554.3922023822,70554.3922023822,11.1641392119325
"3121","57096268B18861401200296",1,171796.188213375,171796.188213375,12.0540641009368
"3122","57096268B19780609344191",1,312220.793741204,312220.793741204,12.6514658887571
"3123","57096268B27125670128287",1,125983.079870105,125983.079870105,11.7439028901711
"3124","57096268B32991656624453",1,60889.5781844839,60889.5781844839,11.0168173090779
"3125","57096268B35473133047669",1,202296.147856876,202296.147856876,12.2174879812389
"3126","57096268B37402539332126",2,398987.240440178,797974.480880356,13.5898318970739
"3127","57096268B37864859171197",1,298854.653080273,298854.653080273,12.6077126240836
"3128","57096268B40761153029526",1,103019.703031731,103019.703031731,11.5426755404881
"3129","57096268B46256442272467",1,143721.400655255,143721.400655255,11.8756319869026
"3130","57096268B47073695413304",2,94455.7776062155,188911.555212431,12.1490342226745
"3131","57096268B49795400417952",1,122241.924613341,122241.924613341,11.7137573488227
"3132","57096268B55617934237810",1,64044.4614874484,64044.4614874484,11.0673328318834
"3133","57096268B6056210372718",1,116307.345612019,116307.345612019,11.6639914974066
"3134","57096268B61339172511637",1,296805.811360206,296805.811360206,12.6008333701383
"3135","57096268B62174897776861",1,310040.702133068,310040.702133068,12.6444588650461
"3136","57096268B62997609407208",1,338902.904137339,338902.904137339,12.7334689268631
"3137","57096268B67842804061774",1,455277.254176276,455277.254176276,13.0286618621928
"3138","57096268B68264839364801",1,450870.37700843,450870.37700843,13.0189351647758
"3139","57096268B71612732443021",1,47339.6033313995,47339.6033313995,10.7651025038905
"3140","57096268B76360272208873",2,110017.460036464,220034.920072928,12.3015415403428
"3141","57096268B78477673147329",1,138867.559127622,138867.559127622,11.8412759458674
"3142","57096268B82804707709843",1,2138288.75385495,2138288.75385495,14.5755164193779
"3143","57096268B86585772768605",1,240585.1234265,240585.1234265,12.390829249466
"3144","57096268B90141402454331",1,117491.532450758,117491.532450758,11.6741215457207
"3145","57096268B94613960435878",1,210319.108972097,210319.108972097,12.2563812228604
"3146","57096268B94684972969241",1,151369.262385598,151369.262385598,11.9274775768214
"3147","57096268B99356291190440",1,173235.377400701,173235.377400701,12.0624065117626
"3148","60131773B83658797775488",1,133022.130605808,133022.130605808,11.7982707888941
"3149","60261553B1263911264167",1,684193.440787224,684193.440787224,13.4359959647905
"3150","60261553B42580025975984",1,187209.489533786,187209.489533786,12.1399835336948
"3151","60261553B63127450973926",1,105594.026476849,105594.026476849,11.5673570812002
"3152","60261553B78069071602625",1,563008.194932124,563008.194932124,13.2410494628456
"3153","60546857B13986152751532",1,52648.5268123605,52648.5268123605,10.8713935363988
"3154","60546857B16550429961208",1,23653.6060919677,23653.6060919677,10.0712708597582
"3155","60546857B18364853545627",1,157386.430899932,157386.430899932,11.966459403498
"3156","60546857B19127043016225",1,177279.50832068,177279.50832068,12.0854829090753
"3157","60546857B21650831857614",1,19050.7892171002,19050.7892171002,9.85486380841587
"3158","60546857B24171750309190",1,278561.733853661,278561.733853661,12.5373949793281
"3159","60546857B25654008959984",1,20165.9539772492,20165.9539772492,9.91175101475524
"3160","60546857B31022249995355",1,56429.5904717721,56429.5904717721,10.9407489536583
"3161","60546857B35688012480020",1,30559.4593293326,30559.4593293326,10.327429551021
"3162","60546857B38268968219520",1,8796.54981588505,8796.54981588505,9.08211485721148
"3163","60546857B42824444489369",1,14959.171332324,14959.171332324,9.61307985776993
"3164","60546857B4605918394037",1,27146.121451078,27146.121451078,10.2089894588433
"3165","60546857B68527863677430",1,43730.8583856519,43730.8583856519,10.6858092734311
"3166","60546857B70594930522098",1,22265.2709283324,22265.2709283324,10.0107833860327
"3167","60546857B74818644481383",1,66840.7153261754,66840.7153261754,11.1100676847193
"3168","60546857B77453412545109",1,52063.0824234082,52063.0824234082,10.8602113858509
"3169","60546857B87143917250519",1,64782.1620395937,64782.1620395937,11.0787855672779
"3170","60546857B87435244018445",1,25740.9802556829,25740.9802556829,10.1558395633963
"3171","60546857B93732040646201",1,88961.2294030135,88961.2294030135,11.395955929117
"3172","65221844B12885462064369",2,8.69301693916321,17.3860338783264,2.85566723325307
"3173","7082276B29529138088476",1,4359.62980956366,4359.62980956366,8.38014242667498
"3174","75667366B11766528680291",1,34570.3334359426,34570.3334359426,10.450751178109
"3175","75667366B13289010115746",1,19134.115583566,19134.115583566,9.85922817696231
"3176","75667366B15173471690010",1,15915.6992693407,15915.6992693407,9.67506127650407
"3177","75667366B1870341582038",1,30684.9132890927,30684.9132890927,10.331526388979
"3178","75667366B26080416722316",1,33393.6786336894,33393.6786336894,10.416121898588
"3179","75667366B28750002223070",1,50872.785249769,50872.785249769,10.8370833886232
"3180","75667366B30873187181490",1,362878.830786644,362878.830786644,12.8018242580377
"3181","75667366B35686919235679",1,26032.0765373585,26032.0765373585,10.1670847695804
"3182","75667366B37604451742967",1,22458.3712585577,22458.3712585577,10.0194187082345
"3183","75667366B38419187157771",1,36838.123092041,36838.123092041,10.5142885415155
"3184","75667366B38833271967671",1,95016.8971031303,95016.8971031303,11.4618100190102
"3185","75667366B49038548326439",1,25471.0431009943,25471.0431009943,10.1452975212375
"3186","75667366B50607521886252",1,79791.0954320706,79791.0954320706,11.2871671911474
"3187","75667366B58423249689704",1,34250.969042585,34250.969042585,10.4414701365043
"3188","75667366B61514763609503",1,47861.3746592277,47861.3746592277,10.7760640835578
"3189","75667366B62585917604041",1,42226.6808512825,42226.6808512825,10.6508075479005
"3190","75667366B6512814483561",1,195791.856403525,195791.856403525,12.1848074168118
"3191","75667366B65325522017421",1,20625.6588467564,20625.6588467564,9.93429115477784
"3192","75667366B68502135113248",1,49725.3869658867,49725.3869658867,10.8142708858113
"3193","75667366B69518596321544",1,12196.7789260563,12196.7789260563,9.40892717340688
"3194","75667366B7115870770167",1,35623.5914614311,35623.5914614311,10.4807633788646
"3195","75667366B72833729423776",1,30670.5058191065,30670.5058191065,10.331056749281
"3196","75667366B79962068280443",1,47033.0989073504,47033.0989073504,10.7586068649084
"3197","75667366B81437275330712",1,53968.241853188,53968.241853188,10.8961510387098
"3198","75667366B81929821514595",1,40446.2150070791,40446.2150070791,10.607728345972
"3199","75667366B81992415495720",1,65974.2623682989,65974.2623682989,11.0970199808361
"3200","75667366B85703768975715",1,52110.7461665869,52110.7461665869,10.8611264668678
"3201","75667366B87194513843542",1,57884.91670272,57884.91670272,10.9662121236256
"3202","75667366B90097717371430",1,36361.8578694169,36361.8578694169,10.5012756435046
"3203","75667366B92264993742233",1,40068.5654375501,40068.5654375501,10.5983474015805
"3204","75667366B94668251008376",1,74695.6711068071,74695.6711068071,11.2211774190643
"3205","75667366B9514275444181",1,101789.284752529,101789.284752529,11.5306601197249
"3206","75667366B96475957480743",1,40982.1479454859,40982.1479454859,10.6208918349016
"3207","76128533B2860535426345",1,11042042.2184693,11042042.2184693,16.2172205652629
"3208","76128533B35468154415031",1,63404.8648658695,63404.8648658695,11.0572958703816
"3209","76128533B42970684683247",1,364892.016480792,364892.016480792,12.8073567435357
"3210","76128533B43965372582859",1,458312.185736486,458312.185736486,13.0353058591389
"3211","76128533B4720703924950",1,336590.908672246,336590.908672246,12.7266235510819
"3212","76128533B52802748445403",1,2146338.97908009,2146338.97908009,14.5792741482635
"3213","76128533B60186573304899",1,1332193.39123769,1332193.39123769,14.1023373081605
"3214","76128533B64903504311414",1,27196.4184074475,27196.4184074475,10.2108405674172
"3215","76128533B67044589012853",1,305954.313361202,305954.313361202,12.6311910670466
"3216","76128533B67748245133340",1,427239.731627169,427239.731627169,12.9651005670487
"3217","76128533B70210707786180",1,118136.827432286,118136.827432286,11.6795987861946
"3218","76128533B70842759816811",1,2605782.87190655,2605782.87190655,14.7732437146641
"3219","76128533B72507508533064",1,3485963.63156947,3485963.63156947,15.0642550722967
"3220","76128533B77134386587213",1,344003.217003961,344003.217003961,12.7484062880675
"3221","76128533B77336742344288",1,87370.1930753001,87370.1930753001,11.3779094631478
"3222","76128533B77719785699048",1,949411.319892647,949411.319892647,13.7635974082352
"3223","76128533B80656256583567",1,1669482.60139896,1669482.60139896,14.3280243168674
"3224","76128533B93453964263910",1,9506194.85415389,9506194.85415389,16.0674542339635
"3225","76128533B94126463611805",1,502298.859534987,502298.859534987,13.1269505592498
"3226","76128533B97225684979956",1,996480.673360035,996480.673360035,13.8119850239261
"3227","76128533B97836280165555",1,133233.969781651,133233.969781651,11.799862032965
"3228","77236927B10986826820410",1,1168.86871719857,1168.86871719857,7.06379165165706
"3229","77236927B11778048532769",1,1094.26091056779,1094.26091056779,6.99783444683947
"3230","77236927B15473640252363",1,992.283783265054,992.283783265054,6.9000091382139
"3231","77236927B16584952276885",1,2620.51143014108,2620.51143014108,7.87112478004957
"3232","77236927B16755152791685",1,2742.74116987072,2742.74116987072,7.91671312624869
"3233","77236927B17135940935596",1,4728.24394996049,4728.24394996049,8.46130915461622
"3234","77236927B19394632379581",1,7167.83803970404,7167.83803970404,8.87735935949214
"3235","77236927B23242879306276",1,3581.69872708067,3581.69872708067,8.18359247162409
"3236","77236927B24909731902413",1,4538.06306862034,4538.06306862034,8.42025556313222
"3237","77236927B27410418950848",1,5336.56710943139,5336.56710943139,8.5823378618266
"3238","77236927B2761964185252",1,2941.39336249864,2941.39336249864,7.9866386808847
"3239","77236927B27814537301823",1,3823.978909428,3823.978909428,8.24904675883914
"3240","77236927B32680405740537",1,NA,NA,NA
"3241","77236927B36499931511312",1,3290.31259699041,3290.31259699041,8.09873785352865
"3242","77236927B39670792397739",1,38087.4801478208,38087.4801478208,10.5476409020683
"3243","77236927B40431360126678",1,4162.99028496687,4162.99028496687,8.33398891353068
"3244","77236927B47218530990891",1,1185.7308817746,1185.7308817746,7.0781146413088
"3245","77236927B51416444743643",1,2234.19679964362,2234.19679964362,7.7116370686962
"3246","77236927B5490091431503",1,4909.57895908965,4909.57895908965,8.49894346539878
"3247","77236927B59461179812420",1,2985.3689757607,2985.3689757607,8.0014786281577
"3248","77236927B64905396997634",1,6018.18244325739,6018.18244325739,8.70254057299124
"3249","77236927B6539808470139",1,5918.3222159781,5918.3222159781,8.68580827824684
"3250","77236927B67571127096265",1,1468.4867475852,1468.4867475852,7.29198772614116
"3251","77236927B67758893467366",1,7089.42529762103,7089.42529762103,8.86635955807732
"3252","77236927B7031422019545",1,4287.21536241414,4287.21536241414,8.3633927014953
"3253","77236927B73770222811595",1,1727.97748559027,1727.97748559027,7.45470692010682
"3254","77236927B78933945874407",1,1935.04599302655,1935.04599302655,7.56788637418737
"3255","77236927B84597259035429",1,7426.56781197768,7426.56781197768,8.91281909450952
"3256","77236927B85216783558225",1,11414.093422214,11414.093422214,9.3426041359426
"3257","77236927B89058038610930",1,592.612583143383,592.612583143383,6.38454086870307
"3258","77236927B93199120734028",1,3601.38428601637,3601.38428601637,8.18907357442727
"3259","78962969B17401881155721",1,32544.4268965829,32544.4268965829,10.3903614162826
"3260","78962969B38072300244645",1,35724.8005625687,35724.8005625687,10.4836004202092
"3261","78962969B45700319590301",1,13490.5943209384,13490.5943209384,9.50974800463894
"3262","78962969B4789393991708",1,71108.0481782257,71108.0481782257,11.1719558045783
"3263","78962969B58196939194054",1,82289.7281826068,82289.7281826068,11.31800156943
"3264","78962969B97368388626717",1,35405.380789587,35405.380789587,10.4746190872769
"3265","79324940B26279629748947",1,333.246532642275,333.246532642275,5.80888255433035
"3266","79324940B30441549583849",1,941.33894434756,941.33894434756,6.84730327063642
"3267","79324940B58732194011753",1,NA,NA,NA
"3268","79324940B66206681775054",1,1178.54414000096,1178.54414000096,7.07203517606678
"3269","79324940B71932148328417",1,2591.68271455061,2591.68271455061,7.86006264046971
"3270","79324940B76926879567495",1,826.478451991238,826.478451991238,6.71717384552525
"3271","79324940B77190916627334",1,NA,NA,NA
"3272","79324940B88858920972167",1,542.354817740902,542.354817740902,6.29592043253132
"3273","79324940B90066431308454",1,263.701591664121,263.701591664121,5.57481812923075
"3274","79465075B23985435861738",1,39459.616141264,39459.616141264,10.5830330517357
"3275","79465075B29002473426991",1,9342.16281603016,9342.16281603016,9.14229306930133
"3276","79465075B50413520272297",1,39623.6841843329,39623.6841843329,10.5871823039237
"3277","79465075B54780709245522",1,83911.2605837556,83911.2605837556,11.3375150977969
"3278","79465075B67582520223271",1,26951.291243644,26951.291243644,10.201786487755
"3279","811477B10091051232665",1,201718.085246803,201718.085246803,12.214626384012
"3280","811477B18636492208722",1,138727.394916666,138727.394916666,11.8402660988163
"3281","811477B20578745802052",1,172149.650525474,172149.650525474,12.0561194387064
"3282","811477B25825438233887",1,253371.052335593,253371.052335593,12.4426103033097
"3283","811477B41230698537605",1,161908.124817511,161908.124817511,11.9947843225789
"3284","811477B46471323661826",1,126157.178486543,126157.178486543,11.7452838568223
"3285","811477B76043940988669",1,119794.158919458,119794.158919458,11.6935302065421
"3286","811477B772229677818",1,386884.021434119,386884.021434119,12.8658802408803
"3287","811477B83690670726478",1,92205.9383534142,92205.9383534142,11.4317798147745
"3288","81297802B12079916150099",1,35135.1286219022,35135.1286219022,10.4669567244109
"3289","81297802B12468750690576",1,175108.749538246,175108.749538246,12.0731624858333
"3290","81297802B12813150904873",1,85769.1886372259,85769.1886372259,11.3594151141895
"3291","81297802B13550924224659",1,51007.124588104,51007.124588104,10.8397205997556
"3292","81297802B14659466260998",1,80667.8275988575,80667.8275988575,11.2980951080885
"3293","81297802B16083563480391",1,109488.829942732,109488.829942732,11.6035778133799
"3294","81297802B18152468964479",1,85284.2304398438,85284.2304398438,11.3537448446403
"3295","81297802B19242536298701",1,103044.265686701,103044.265686701,11.5429139388383
"3296","81297802B23145234920875",1,141670.617601844,141670.617601844,11.8612600478037
"3297","81297802B24299836434530",1,118715.67039638,118715.67039638,11.684486588703
"3298","81297802B44635779635670",1,127687.729758478,127687.729758478,11.7573429509395
"3299","81297802B46228878369339",1,116789.229930874,116789.229930874,11.6681261356288
"3300","81297802B50427055609681",1,144144.094912124,144144.094912124,11.8785687373445
"3301","81297802B52387636717940",1,90486.7474688544,90486.7474688544,11.4129586821569
"3302","81297802B53129181429645",1,98952.8528319225,98952.8528319225,11.5023987816603
"3303","81297802B5400707592531",1,111042.133807191,111042.133807191,11.6176649921193
"3304","81297802B54877143810300",1,148131.551922796,148131.551922796,11.9058560222835
"3305","81297802B55071935880129",1,80792.0994679375,80792.0994679375,11.2996344608664
"3306","81297802B57271723433997",1,74533.7845868709,74533.7845868709,11.2190077859622
"3307","81297802B57556187754980",1,46753.9920677164,46753.9920677164,10.752654922894
"3308","81297802B61927033163821",1,64642.0153680274,64642.0153680274,11.076619871051
"3309","81297802B63375818356773",1,198473.023263392,198473.023263392,12.1984084669185
"3310","81297802B66107700635107",1,31722.2562582853,31722.2562582853,10.3647738036821
"3311","81297802B80628180194499",1,83308.3008669913,83308.3008669913,11.3303034734542
"3312","81297802B81560237884054",1,43097.2578039283,43097.2578039283,10.671214650029
"3313","81297802B84418908504415",1,82679.7099262097,82679.7099262097,11.3227295053983
"3314","81297802B92253150972948",1,101278.215302404,101278.215302404,11.525626615801
"3315","81297802B92574261409002",1,213138.685379515,213138.685379515,12.2696983378828
"3316","81297802B93916372624290",1,132521.020168293,132521.020168293,11.7944965546055
"3317","81297802B99684516055458",1,146975.306176638,146975.306176638,11.8980198664568
"3318","81297802B9978574523269",1,354018.081995146,354018.081995146,12.7771032698938
"3319","85939544B17350721147016",1,149536.675338521,149536.675338521,11.915296961717
"3320","85939544B19130781251351",1,35864.2593505655,35864.2593505655,10.4874965173105
"3321","85939544B19302565001464",1,60561.1768629693,60561.1768629693,11.0114093209306
"3322","85939544B24800488676804",1,202615.557080355,202615.557080355,12.2190656550173
"3323","85939544B25886081823580",1,111992.474834494,111992.474834494,11.6261869590422
"3324","85939544B37735984540105",1,122068.341731375,122068.341731375,11.7123363450002
"3325","85939544B45831091528789",1,39836.3058434647,39836.3058434647,10.5925339825867
"3326","85939544B48412147332355",1,218387.926079821,218387.926079821,12.2940282378074
"3327","85939544B58581363474884",1,47811.762374376,47811.762374376,10.7750269629859
"3328","85939544B63223307878319",1,97957.4147034688,97957.4147034688,11.492288119369
"3329","85939544B65323255513357",1,47231.5922326347,47231.5922326347,10.7628182746369
"3330","85939544B66501899539367",1,52305.4903524,52305.4903524,10.8648566226006
"3331","85939544B70195584825603",1,144046.194619802,144046.194619802,11.877889323085
"3332","85939544B78683919401949",1,453882.75165261,453882.75165261,13.0255941873978
"3333","85939544B81104327117882",1,135933.862967528,135933.862967528,11.8199237447258
"3334","85939544B829507062217",1,74777.1230489367,74777.1230489367,11.2222672755917
"3335","85939544B85400452133709",1,129024.67280308,129024.67280308,11.7677589270949
"3336","85939544B88211826741163",1,108826.090030512,108826.090030512,11.5975063827316
"3337","85939544B96403406066950",1,195355.608362956,195355.608362956,12.1825768093773
"3338","85939544B98429522964184",1,171320.144218002,171320.144218002,12.0512892735338
"3339","85939544B9969435799517",1,113667.812916331,113667.812916331,11.6410355518546
"3340","86173395B2607926408865",1,2207.75670910962,2207.75670910962,7.6997322152344
"3341","86173395B2854433088661",1,7365.56277333481,7365.56277333481,8.90457073783558
"3342","86173395B32206568144682",1,1770.78123797075,1770.78123797075,7.47917610557413
"3343","86173395B33619167853359",1,314.494475217477,314.494475217477,5.75096650911013
"3344","86173395B49274497759117",1,1612.5361633548,1612.5361633548,7.38556347530515
"3345","86173395B49833060083827",1,2514.43163892821,2514.43163892821,7.82980206849686
"3346","86173395B61374394244874",1,988.595872276072,988.595872276072,6.89628562554154
"3347","86173395B65522481744755",1,9043.51506129998,9043.51506129998,9.10980321202439
"3348","86173395B69626346529227",1,244983.0427426,244983.0427426,12.408944273836
"3349","86173395B71884173217057",1,315.923008513972,315.923008513972,5.75549853995778
"3350","86173395B8049186625596",1,4445.80094552544,4445.80094552544,8.39971532193514
"3351","86173395B80651222663477",1,690.651275608644,690.651275608644,6.53763503011255
"3352","86173395B84342245076332",1,2447.23056148884,2447.23056148884,7.80271228110819
"3353","86173395B89769104432743",1,4056.68833431421,4056.68833431421,8.30812223854346
"3354","86173395B93497811769454",1,892.733199684952,892.733199684952,6.7942877676864
"3355","86173395B9994145648784",1,1285.90946434303,1285.90946434303,7.15922150134187
"3356","8701671B10053189367937",1,NA,NA,NA
"3357","8701671B10070089345452",1,NA,NA,NA
"3358","8701671B1025448555952",1,NA,NA,NA
"3359","8701671B10526359848248",1,NA,NA,NA
"3360","8701671B10607749601803",1,NA,NA,NA
"3361","8701671B10713626030510",1,191.329117593575,191.329117593575,5.25399507392566
"3362","8701671B10801688655736",1,NA,NA,NA
"3363","8701671B10960716544692",1,125.250810575314,125.250810575314,4.83031821160323
"3364","8701671B11157561333534",1,50.2515084590912,50.2515084590912,3.91704056557501
"3365","8701671B11332589204327",1,NA,NA,NA
"3366","8701671B11486827062004",1,58.2547354254425,58.2547354254425,4.06482538399894
"3367","8701671B11506413614658",1,NA,NA,NA
"3368","8701671B11621920628841",1,452.849206922054,452.849206922054,6.11555919351558
"3369","8701671B11660104738059",1,0,0,0
"3370","8701671B1177875671821",1,451.497753849581,451.497753849581,6.11257039798217
"3371","8701671B12100696846936",1,1573.33965556259,1573.33965556259,7.36095580826947
"3372","8701671B12183972503150",1,NA,NA,NA
"3373","8701671B12184767464675",1,NA,NA,NA
"3374","8701671B12563091717165",1,NA,NA,NA
"3375","8701671B12567928056648",1,NA,NA,NA
"3376","8701671B12581562971222",1,NA,NA,NA
"3377","8701671B12736855691443",1,NA,NA,NA
"3378","8701671B12936296158000",1,200.351653205276,200.351653205276,5.30007408863421
"3379","8701671B12954312315710",1,408.437050624877,408.437050624877,6.0123378035881
"3380","8701671B13263124861718",1,NA,NA,NA
"3381","8701671B13319398950854",1,50.360551745832,50.360551745832,3.91920816514933
"3382","8701671B134536261517",1,199.172186971545,199.172186971545,5.29416971176539
"3383","8701671B13502438451250",1,357.358716753036,357.358716753036,5.87874008612919
"3384","8701671B13742843200127",1,NA,NA,NA
"3385","8701671B13840593777950",1,NA,NA,NA
"3386","8701671B1385498050924",1,364.936176548589,364.936176548589,5.89972247952192
"3387","8701671B14194395113255",1,NA,NA,NA
"3388","8701671B1426599605087",1,2344.31004839243,2344.31004839243,7.75974641515454
"3389","8701671B14589117854765",1,NA,NA,NA
"3390","8701671B14688938630280",1,208.459214083359,208.459214083359,5.33974340619642
"3391","8701671B14864913892073",1,522.1950649812,522.1950649812,6.25804120578223
"3392","8701671B14881348545468",1,NA,NA,NA
"3393","8701671B14942759406503",1,7.72874862670898,7.72874862670898,2.04494696420458
"3394","8701671B15123648543538",1,141.923028454274,141.923028454274,4.95528485749843
"3395","8701671B15632424418996",1,440.804041920736,440.804041920736,6.08860042730832
"3396","8701671B16128625192304",1,NA,NA,NA
"3397","8701671B16268299103818",1,NA,NA,NA
"3398","8701671B16290064127769",1,134.127983948395,134.127983948395,4.89879444822171
"3399","8701671B16318499791123",1,697.450269737691,697.450269737691,6.5474312132866
"3400","8701671B16711141632325",1,NA,NA,NA
"3401","8701671B17247241487473",1,NA,NA,NA
"3402","8701671B17247677679787",1,114.55049620495,114.55049620495,4.7410157406662
"3403","8701671B17450854784889",1,NA,NA,NA
"3404","8701671B17506768267168",1,NA,NA,NA
"3405","8701671B17924499339223",1,378.626585152626,378.626585152626,5.93655045594181
"3406","8701671B17958091241974",1,NA,NA,NA
"3407","8701671B18019835911399",1,NA,NA,NA
"3408","8701671B18221439700807",1,0,0,0
"3409","8701671B18283500133998",1,NA,NA,NA
"3410","8701671B18356236998563",1,117.840517018668,117.840517018668,4.76933215960799
"3411","8701671B18613428350032",1,NA,NA,NA
"3412","8701671B18648215649765",1,NA,NA,NA
"3413","8701671B1865604971664",1,1273.54854989628,1273.54854989628,7.14956241689369
"3414","8701671B18704050053031",1,27.6254665374756,27.6254665374756,3.31873804792972
"3415","8701671B18948997599977",1,627.401433720544,627.401433720544,6.44158658093175
"3416","8701671B19142540356259",1,47.0209861758798,47.0209861758798,3.8505940164326
"3417","8701671B19150990882958",1,9.23772778448463,9.23772778448463,2.22329594464252
"3418","8701671B19228970825308",1,201.509496697783,201.509496697783,5.30583651028997
"3419","8701671B19273401931572",1,NA,NA,NA
"3420","8701671B19367701502123",1,NA,NA,NA
"3421","8701671B19465815393412",1,1245.55732973959,1245.55732973959,7.12733836314077
"3422","8701671B19516927692390",1,223.97807370472,223.97807370472,5.41154816181718
"3423","8701671B19884465022303",1,158.596551719755,158.596551719755,5.06636356697041
"3424","8701671B1991093639025",1,120.01562371397,120.01562371397,4.78762193192349
"3425","8701671B20173506314249",1,NA,NA,NA
"3426","8701671B20457253682512",1,80.9968339876533,80.9968339876533,4.39441006733636
"3427","8701671B2050901299754",1,NA,NA,NA
"3428","8701671B20776144053651",1,NA,NA,NA
"3429","8701671B20786089058501",1,NA,NA,NA
"3430","8701671B20822148324962",1,NA,NA,NA
"3431","8701671B2095740790766",1,NA,NA,NA
"3432","8701671B21062082038543",1,232.973040356979,232.973040356979,5.45092274024876
"3433","8701671B21269769416552",1,NA,NA,NA
"3434","8701671B21443736840155",1,52.4862462220229,52.4862462220229,3.96055115855231
"3435","8701671B21751079889511",1,NA,NA,NA
"3436","8701671B21993534180379",1,140.027926621318,140.027926621318,4.9418418785832
"3437","8701671B22058673565731",1,276.545109537512,276.545109537512,5.62237395245685
"3438","8701671B22157937027856",1,NA,NA,NA
"3439","8701671B22263392934776",1,51.4252519948483,51.4252519948483,3.94012933576714
"3440","8701671B22615930928090",1,4042.16974293008,4042.16974293008,8.30453689186906
"3441","8701671B22929774804888",1,50.0937880663872,50.0937880663872,3.91389700971246
"3442","8701671B23364700154190",1,228.710485693946,228.710485693946,5.43245694909858
"3443","8701671B23372433445877",1,768.070067739241,768.070067739241,6.64388096302157
"3444","8701671B23391099181160",1,NA,NA,NA
"3445","8701671B2341246797828",1,NA,NA,NA
"3446","8701671B23608310651096",1,NA,NA,NA
"3447","8701671B23610017259246",1,687.972773540944,687.972773540944,6.53374926380865
"3448","8701671B23690641916416",1,NA,NA,NA
"3449","8701671B2397405829195",1,NA,NA,NA
"3450","8701671B23998662762063",1,NA,NA,NA
"3451","8701671B24039630787071",1,4.14649143028259,4.14649143028259,1.42226253817181
"3452","8701671B24321034687398",1,0,0,0
"3453","8701671B24452545338403",1,45.7029295552969,45.7029295552969,3.82216239990022
"3454","8701671B2449694797689",1,NA,NA,NA
"3455","8701671B24659660179823",1,NA,NA,NA
"3456","8701671B250084574474",1,3253.37544721484,3253.37544721484,8.08744833549587
"3457","8701671B25026940525342",1,NA,NA,NA
"3458","8701671B25390904232189",1,NA,NA,NA
"3459","8701671B25474950387418",1,NA,NA,NA
"3460","8701671B255319431107",1,NA,NA,NA
"3461","8701671B2564147185651",1,388.77312227574,388.77312227574,5.96299594024747
"3462","8701671B2567370595513",1,NA,NA,NA
"3463","8701671B2571810219289",1,NA,NA,NA
"3464","8701671B25756031943387",1,NA,NA,NA
"3465","8701671B25758314350266",1,2072.54023712465,2072.54023712465,7.63653030159766
"3466","8701671B2612636818679",1,106.07834732756,106.07834732756,4.66417794682486
"3467","8701671B26165957358131",1,518.08914429456,518.08914429456,6.25014732068588
"3468","8701671B26229529558045",1,0,0,0
"3469","8701671B26291709137074",1,NA,NA,NA
"3470","8701671B26446113405700",1,1598.46509534407,1598.46509534407,7.3767991323804
"3471","8701671B26596683393313",1,20.531807199955,20.531807199955,3.02197525443163
"3472","8701671B26752019642149",1,NA,NA,NA
"3473","8701671B26789831471183",1,589.984960059792,589.984960059792,6.38009704515077
"3474","8701671B26801747706600",1,378.341930935636,378.341930935636,5.93579836592919
"3475","8701671B26894832040288",1,931.980148860455,931.980148860455,6.8373115149528
"3476","8701671B26969099511197",1,72.881384221077,72.881384221077,4.28883324592552
"3477","8701671B28049445861870",1,226.713754445188,226.713754445188,5.42368822812639
"3478","8701671B28120595422367",1,NA,NA,NA
"3479","8701671B28263897430178",1,367.161513292998,367.161513292998,5.90580184195967
"3480","8701671B28478396095564",1,120.097503172144,120.097503172144,4.78830393929568
"3481","8701671B29376048072153",1,58.6608372187763,58.6608372187763,4.07177233584391
"3482","8701671B29380756423502",1,147.46674209854,147.46674209854,4.99360267305801
"3483","8701671B30216430122169",1,256.564624665499,256.564624665499,5.5473805808909
"3484","8701671B30275732730591",1,NA,NA,NA
"3485","8701671B30362315223491",1,NA,NA,NA
"3486","8701671B30671419360126",1,60.4817588088661,60.4817588088661,4.10234181228286
"3487","8701671B30970661206572",1,145.006864304498,145.006864304498,4.97678108133109
"3488","8701671B31053612499035",1,219.491373390183,219.491373390183,5.39131293055924
"3489","8701671B31198157043754",1,NA,NA,NA
"3490","8701671B31259394762981",1,676.654507090434,676.654507090434,6.51716081338917
"3491","8701671B31339536458012",1,NA,NA,NA
"3492","8701671B31446207074709",1,237.866428176224,237.866428176224,5.47170928997481
"3493","8701671B31536824051324",1,NA,NA,NA
"3494","8701671B31601381418998",1,NA,NA,NA
"3495","8701671B31799938456205",1,114.578322140932,114.578322140932,4.74125862531354
"3496","8701671B32126440612749",1,16.3546704602241,16.3546704602241,2.7945135116112
"3497","8701671B32276542748639",1,NA,NA,NA
"3498","8701671B32439381681784",1,115.233388527967,115.233388527967,4.74695953724084
"3499","8701671B32794864311067",1,1189.4388936737,1189.4388936737,7.08123695698478
"3500","8701671B32853593869516",1,2533.8419647864,2533.8419647864,7.83749199302717
"3501","8701671B32861116669136",1,75.6186415704489,75.6186415704489,4.32570283440893
"3502","8701671B33386018665106",1,NA,NA,NA
"3503","8701671B33635631845794",1,NA,NA,NA
"3504","8701671B33750138379558",1,753.924984169841,753.924984169841,6.62529287256752
"3505","8701671B33864037616544",1,133.623472716793,133.623472716793,4.89502593965814
"3506","8701671B33968538338102",1,1.56200139522552,1.56200139522552,0.445967944647262
"3507","8701671B34039397692989",1,NA,NA,NA
"3508","8701671B34343071784823",1,NA,NA,NA
"3509","8701671B34451908876457",1,NA,NA,NA
"3510","8701671B34711583072149",1,NA,NA,NA
"3511","8701671B34835556346125",1,197.198567903027,197.198567903027,5.28421117998713
"3512","8701671B34935279369913",1,85.2856109583378,85.2856109583378,4.44600575279278
"3513","8701671B35205001440787",1,NA,NA,NA
"3514","8701671B353408445184",1,NA,NA,NA
"3515","8701671B35560062727781",1,NA,NA,NA
"3516","8701671B35578223598548",1,399.105172872245,399.105172872245,5.98922497331433
"3517","8701671B35754409069588",1,NA,NA,NA
"3518","8701671B35889486410430",1,NA,NA,NA
"3519","8701671B35941232442157",1,5483.6345223251,5483.6345223251,8.60952339410052
"3520","8701671B35979662153697",1,971.536202752396,971.536202752396,6.87887853292235
"3521","8701671B36300089777335",1,NA,NA,NA
"3522","8701671B3640054805688",1,NA,NA,NA
"3523","8701671B36493357542675",1,285.37096890837,285.37096890837,5.65378997915534
"3524","8701671B37181005506912",1,NA,NA,NA
"3525","8701671B37327912911660",1,NA,NA,NA
"3526","8701671B37545518209863",1,167.522086017139,167.522086017139,5.12111519939152
"3527","8701671B38188499976025",1,NA,NA,NA
"3528","8701671B38196244900111",1,10.4052054341435,10.4052054341435,2.34230620344151
"3529","8701671B38315544372764",1,219.046873063773,219.046873063773,5.38928573916954
"3530","8701671B38434288339117",1,NA,NA,NA
"3531","8701671B38782099046323",1,NA,NA,NA
"3532","8701671B38809130706709",1,NA,NA,NA
"3533","8701671B38837551888140",1,NA,NA,NA
"3534","8701671B39379224532007",1,NA,NA,NA
"3535","8701671B39771319698243",1,595.974522282168,595.974522282168,6.39019791830292
"3536","8701671B39792436227120",1,NA,NA,NA
"3537","8701671B40211912929953",1,NA,NA,NA
"3538","8701671B40300568900689",1,309.133091700345,309.133091700345,5.73377190164244
"3539","8701671B40321186165087",1,6735.57787109625,6735.57787109625,8.81515888636587
"3540","8701671B40414621404718",1,242.662121357396,242.662121357396,5.49167002868308
"3541","8701671B40430448784583",1,424.307453915238,424.307453915238,6.05045831961286
"3542","8701671B40447391578275",1,299.38235127037,299.38235127037,5.70172152325533
"3543","8701671B40736207737623",1,63.5744846239686,63.5744846239686,4.15221220469205
"3544","8701671B40799965178228",1,NA,NA,NA
"3545","8701671B40891625905372",1,574.419069483996,574.419069483996,6.35335921614533
"3546","8701671B41249245584298",1,42.9956313568577,42.9956313568577,3.76109851418016
"3547","8701671B41472866915589",1,NA,NA,NA
"3548","8701671B41529666733093",1,NA,NA,NA
"3549","8701671B41674368745419",1,NA,NA,NA
"3550","8701671B41782818655170",1,NA,NA,NA
"3551","8701671B42420673442147",1,461.874436902113,461.874436902113,6.13529307254527
"3552","8701671B4251285469436",1,NA,NA,NA
"3553","8701671B42521441086623",1,NA,NA,NA
"3554","8701671B42547396516194",1,42.5247900084257,42.5247900084257,3.75008720019626
"3555","8701671B42639255298272",1,NA,NA,NA
"3556","8701671B42677537488502",1,207.879731565654,207.879731565654,5.33695969884469
"3557","8701671B42772891330913",1,1927.52413460846,1927.52413460846,7.56399162655674
"3558","8701671B42907640167452",1,104.799798023984,104.799798023984,4.65205184463302
"3559","8701671B42961858888115",1,23.6020289459229,23.6020289459229,3.16133268062103
"3560","8701671B43089055128677",1,136.913968663529,136.913968663529,4.91935276261528
"3561","8701671B43129052292298",1,436.159732303232,436.159732303232,6.0780085347498
"3562","8701671B43134404703092",1,1260.11924403095,1260.11924403095,7.13896163358742
"3563","8701671B431817219608",1,NA,NA,NA
"3564","8701671B43196595047489",1,243.439782228395,243.439782228395,5.49486961102865
"3565","8701671B43516735791505",1,22.1083601456135,22.1083601456135,3.095955824123
"3566","8701671B44154359269961",1,NA,NA,NA
"3567","8701671B44259561788806",1,NA,NA,NA
"3568","8701671B44376877134949",1,NA,NA,NA
"3569","8701671B44431410980873",1,NA,NA,NA
"3570","8701671B44468241471992",1,NA,NA,NA
"3571","8701671B44976535093209",1,NA,NA,NA
"3572","8701671B45029066757980",1,NA,NA,NA
"3573","8701671B45251476998803",1,604.098398688138,604.098398688138,6.40373709640147
"3574","8701671B45291890821133",1,18.6052128973492,18.6052128973492,2.92344180475108
"3575","8701671B45365250149949",1,NA,NA,NA
"3576","8701671B45853929817808",1,8.39125378656387,8.39125378656387,2.12718994752219
"3577","8701671B45858620723076",1,91.5731163717508,91.5731163717508,4.51713773921228
"3578","8701671B45915520468586",1,3.71206218972802,3.71206218972802,1.31158756848189
"3579","8701671B45925024878482",1,NA,NA,NA
"3580","8701671B45952926697202",1,1589.35475591427,1589.35475591427,7.37108339895914
"3581","8701671B45979799747328",1,6.69508584311604,6.69508584311604,1.90137380103495
"3582","8701671B46031998027021",1,NA,NA,NA
"3583","8701671B46064896130461",1,976.74163137148,976.74163137148,6.8842221660679
"3584","8701671B46237577852216",1,NA,NA,NA
"3585","8701671B46527115488152",1,1740.13668042339,1740.13668042339,7.461718941091
"3586","8701671B46937841277831",1,6.09296292853355,6.09296292853355,1.80713448697632
"3587","8701671B47130122414504",1,202.642438741028,202.642438741028,5.31144304046618
"3588","8701671B47246158509977",1,514.910105335653,514.910105335653,6.24399233268133
"3589","8701671B47563764529661",1,NA,NA,NA
"3590","8701671B47647917387752",1,NA,NA,NA
"3591","8701671B476552117611",1,173.167186725676,173.167186725676,5.15425752509482
"3592","8701671B47910558118739",1,NA,NA,NA
"3593","8701671B48498321599703",1,NA,NA,NA
"3594","8701671B48526464274479",1,NA,NA,NA
"3595","8701671B48601442509190",1,NA,NA,NA
"3596","8701671B48752097884677",1,NA,NA,NA
"3597","8701671B48766638933033",1,NA,NA,NA
"3598","8701671B48782263961868",1,3.64288177108765,3.64288177108765,1.29277506377694
"3599","8701671B4886377420508",1,NA,NA,NA
"3600","8701671B49626021137525",1,285.755944982141,285.755944982141,5.65513810729539
"3601","8701671B4982354038174",1,NA,NA,NA
"3602","8701671B49997775844737",1,44.5487430013716,44.5487430013716,3.79658393806133
"3603","8701671B50411660224690",1,18.7358719998598,18.7358719998598,2.93043997505682
"3604","8701671B50549026935963",1,2127.61976055971,2127.61976055971,7.66275915054815
"3605","8701671B50591469420225",1,177.020395372793,177.020395372793,5.17626495403046
"3606","8701671B50625769822151",1,42.7416797891557,42.7416797891557,3.75517455162583
"3607","8701671B50877038935662",1,NA,NA,NA
"3608","8701671B51264810574376",1,277.789332486629,277.789332486629,5.62686302960681
"3609","8701671B51268298139498",1,1106.71298234269,1106.71298234269,7.00914962388115
"3610","8701671B51271106476031",1,1017.8883043313,1017.8883043313,6.92548547039454
"3611","8701671B51325698675387",1,0,0,0
"3612","8701671B51566327672106",1,517.299332410067,517.299332410067,6.24862168648103
"3613","8701671B52063001665114",1,682.054745558023,682.054745558023,6.52510992670104
"3614","8701671B52064180240109",1,NA,NA,NA
"3615","8701671B52595214845054",1,439.934731025934,439.934731025934,6.08662637733163
"3616","8701671B52742071766833",1,NA,NA,NA
"3617","8701671B52865399345725",1,NA,NA,NA
"3618","8701671B52938625502385",1,9.82265754318237,9.82265754318237,2.28469171133253
"3619","8701671B5294461890646",1,92.096761965394,92.096761965394,4.5228397848299
"3620","8701671B52982434499588",1,681.729784457237,681.729784457237,6.52463336885809
"3621","8701671B53039174443584",1,198.855459199037,198.855459199037,5.2925782251317
"3622","8701671B53100902069949",1,NA,NA,NA
"3623","8701671B53143424756117",1,804.992932710648,804.992932710648,6.6908334981386
"3624","8701671B53172954238098",1,NA,NA,NA
"3625","8701671B53372431800849",1,NA,NA,NA
"3626","8701671B53380311765902",1,0,0,0
"3627","8701671B53480283308673",1,2732.96161176336,2732.96161176336,7.91314113963965
"3628","8701671B53611878651636",1,NA,NA,NA
"3629","8701671B53815212038994",1,190.32844029741,190.32844029741,5.24875121293806
"3630","8701671B54095148495441",1,251.924126111746,251.924126111746,5.52912795531752
"3631","8701671B540973728907",1,NA,NA,NA
"3632","8701671B5410324269547",1,290.963117019624,290.963117019624,5.67319651350155
"3633","8701671B54248554179471",1,338.147288235828,338.147288235828,5.82348156457678
"3634","8701671B5455309404848",1,NA,NA,NA
"3635","8701671B54690332526022",1,798.018482088968,798.018482088968,6.6821317576941
"3636","8701671B54761121422893",1,NA,NA,NA
"3637","8701671B5497256844946",1,60.2895564713478,60.2895564713478,4.09915889588689
"3638","8701671B55145671844028",1,NA,NA,NA
"3639","8701671B55457269732014",1,NA,NA,NA
"3640","8701671B55619097224465",1,17.5394806632996,17.5394806632996,2.86445437779985
"3641","8701671B55791110195050",1,80.9460549014956,80.9460549014956,4.39378294393291
"3642","8701671B55959658835891",1,NA,NA,NA
"3643","8701671B56086336550970",1,NA,NA,NA
"3644","8701671B56473836536162",1,60.4082111690491,60.4082111690491,4.10112504220832
"3645","8701671B56645509731346",1,0,0,0
"3646","8701671B56799057925384",1,730.780964261204,730.780964261204,6.59411377635563
"3647","8701671B56834223394204",1,56.637611706242,56.637611706242,4.03667328229309
"3648","8701671B57020485893312",1,14.3882462382317,14.3882462382317,2.66641163982592
"3649","8701671B57148125008640",1,114.943356636912,114.943356636912,4.74443945603679
"3650","8701671B57170093007223",1,NA,NA,NA
"3651","8701671B57419145053481",1,972.120010213837,972.120010213837,6.87947926413717
"3652","8701671B57914873676078",1,NA,NA,NA
"3653","8701671B5799269287632",1,NA,NA,NA
"3654","8701671B58191073405905",1,16.8826337404251,16.8826337404251,2.82628550427319
"3655","8701671B58662152175879",1,NA,NA,NA
"3656","8701671B58668276188859",1,6.07663928717375,6.07663928717375,1.80445179433602
"3657","8701671B58858754832343",1,80.4131213085353,80.4131213085353,4.38717736322411
"3658","8701671B58944232238955",1,NA,NA,NA
"3659","8701671B59019630539263",1,2432.94154880193,2432.94154880193,7.79685631816363
"3660","8701671B59116812435541",1,5941.97521383122,5941.97521383122,8.68979688466266
"3661","8701671B59649153426200",1,121.454216330945,121.454216330945,4.79953737144455
"3662","8701671B59677117664850",1,292.530421693161,292.530421693161,5.67856866705227
"3663","8701671B59724395423262",1,13.7865129051209,13.7865129051209,2.62369078855311
"3664","8701671B59760242426432",1,315.239400791734,315.239400791734,5.75333235268341
"3665","8701671B59921054204413",1,147.355537737265,147.355537737265,4.99284829067815
"3666","8701671B60259256363554",1,NA,NA,NA
"3667","8701671B60383917462580",1,5.22074873310328,5.22074873310328,1.65264082706906
"3668","8701671B60568978044101",1,NA,NA,NA
"3669","8701671B60571960824161",1,23.9172999840379,23.9172999840379,3.17460204578986
"3670","8701671B61096532329378",1,424.734993284136,424.734993284136,6.05146542922545
"3671","8701671B61329229942409",1,1944.41603454685,1944.41603454685,7.57271697166417
"3672","8701671B61376458937885",1,NA,NA,NA
"3673","8701671B61716592772376",1,NA,NA,NA
"3674","8701671B61834764030996",1,42.2313403770328,42.2313403770328,3.74316260836715
"3675","8701671B61982793358866",1,360.196036444902,360.196036444902,5.88664842891924
"3676","8701671B62248544319556",1,871.002722134277,871.002722134277,6.7696451021453
"3677","8701671B63256124601591",1,6.87808675438166,6.87808675438166,1.92834052524569
"3678","8701671B6329691357439",1,12.2102781803012,12.2102781803012,2.50227807085254
"3679","8701671B63359836488901",1,35.7642704257369,35.7642704257369,3.57694936223966
"3680","8701671B63390184751595",1,1250.21849929096,1250.21849929096,7.13107361445347
"3681","8701671B63558668022840",1,87.9043759215176,87.9043759215176,4.47624958640442
"3682","8701671B6383069893931",1,22.3780591771603,22.3780591771603,3.10808097781676
"3683","8701671B640126266142",1,NA,NA,NA
"3684","8701671B64130059422641",1,NA,NA,NA
"3685","8701671B64289292392873",1,2257.93155439836,2257.93155439836,7.72220443176052
"3686","8701671B64489112890700",1,3956.0091647489,3956.0091647489,8.28299100941052
"3687","8701671B64660107039204",1,NA,NA,NA
"3688","8701671B64891030149560",1,NA,NA,NA
"3689","8701671B64921834857972",1,187.460565515518,187.460565515518,5.23356850604012
"3690","8701671B64940786723478",1,NA,NA,NA
"3691","8701671B64973472521789",1,NA,NA,NA
"3692","8701671B65041139962090",1,113.119930997416,113.119930997416,4.72844859215352
"3693","8701671B65386836314559",1,34.8814348605871,34.8814348605871,3.55195473525279
"3694","8701671B65471913227261",1,933.812939470746,933.812939470746,6.83927613923109
"3695","8701671B6558289916202",1,95.893088851463,95.893088851463,4.56323391309295
"3696","8701671B65833866980229",1,NA,NA,NA
"3697","8701671B65845111607319",1,1076.1496003553,1076.1496003553,6.98114476484488
"3698","8701671B66024605882248",1,NA,NA,NA
"3699","8701671B66361265375763",1,NA,NA,NA
"3700","8701671B66587320665101",1,610.940358073175,610.940358073175,6.41499934077888
"3701","8701671B67132891165103",1,1765.25473757096,1765.25473757096,7.4760502861889
"3702","8701671B67257471082353",1,103.494337840438,103.494337840438,4.63951690435328
"3703","8701671B67654174060035",1,0.0886021854132414,0.0886021854132414,-2.42359875561163
"3704","8701671B67888908023489",1,139.473557732299,139.473557732299,4.93787503298839
"3705","8701671B68052266894517",1,41.5279641686082,41.5279641686082,3.72636703569967
"3706","8701671B68101868582268",1,NA,NA,NA
"3707","8701671B68700558971197",1,NA,NA,NA
"3708","8701671B68891744403519",1,125.697170823082,125.697170823082,4.83387560796886
"3709","8701671B68903094038939",1,NA,NA,NA
"3710","8701671B68975897642122",1,48.2510004804134,48.2510004804134,3.87641656291538
"3711","8701671B68986810783457",1,266.137889488995,266.137889488995,5.58401455600598
"3712","8701671B69138058153877",1,224.915210094433,224.915210094433,5.41572348715613
"3713","8701671B69175081288575",1,790.974540860385,790.974540860385,6.67326578123246
"3714","8701671B69185125078741",1,76.2929427087307,76.2929427087307,4.33458044002478
"3715","8701671B69443980159425",1,NA,NA,NA
"3716","8701671B69664820658119",1,21.0158048277534,21.0158048277534,3.0452747654993
"3717","8701671B69792415593649",1,NA,NA,NA
"3718","8701671B70067848832200",1,88.9617252311409,88.9617252311409,4.48820622364989
"3719","8701671B70172506125810",1,228.278872432619,228.278872432619,5.43056800625128
"3720","8701671B71036629686729",1,NA,NA,NA
"3721","8701671B71072292356728",1,NA,NA,NA
"3722","8701671B71229429215357",1,2488.94874571118,2488.94874571118,7.81961570983382
"3723","8701671B71359677826666",1,NA,NA,NA
"3724","8701671B71571062507422",1,371.167998258628,371.167998258628,5.91665478560787
"3725","8701671B71920498975173",1,NA,NA,NA
"3726","8701671B7232350225457",1,218.180865675755,218.180865675755,5.38532437787535
"3727","8701671B72346500642507",1,100.439521830954,100.439521830954,4.60955577353486
"3728","8701671B72439737760091",1,NA,NA,NA
"3729","8701671B72446042689753",1,263.805317922592,263.805317922592,5.57521139899812
"3730","8701671B72718235306176",1,0,0,0
"3731","8701671B72959640308554",1,170.420247249216,170.420247249216,5.13826742922152
"3732","8701671B73008172575008",1,NA,NA,NA
"3733","8701671B73025224751915",1,98.5899032859802,98.5899032859802,4.59096885561457
"3734","8701671B73326281141145",1,NA,NA,NA
"3735","8701671B73364458199971",1,50.1058596282788,50.1058596282788,3.91413795989997
"3736","8701671B73612450286207",1,377.100223960072,377.100223960072,5.93251099816515
"3737","8701671B73614942856081",1,252.057884305239,252.057884305239,5.52965876075847
"3738","8701671B73627657700806",1,NA,NA,NA
"3739","8701671B73692307492725",1,NA,NA,NA
"3740","8701671B74099385302774",1,NA,NA,NA
"3741","8701671B74106328276296",1,NA,NA,NA
"3742","8701671B74160923345613",1,NA,NA,NA
"3743","8701671B74250012316808",1,82.585190986976,82.585190986976,4.41383037858134
"3744","8701671B74804511892204",1,NA,NA,NA
"3745","8701671B75024298551322",1,NA,NA,NA
"3746","8701671B75049629719771",1,1978.67953692203,1978.67953692203,7.59018500066706
"3747","8701671B75171816704867",1,NA,NA,NA
"3748","8701671B75449277915828",1,189.787466697373,189.787466697373,5.24590484973505
"3749","8701671B75539751550114",1,4230.27677126825,4230.27677126825,8.35002270045971
"3750","8701671B75874971152676",1,NA,NA,NA
"3751","8701671B76033822027974",1,147.063669276476,147.063669276476,4.99086561733724
"3752","8701671B76266155523948",1,612.378793636531,612.378793636531,6.41735103489612
"3753","8701671B76730810017081",1,16.3359855117798,16.3359855117798,2.79337037453282
"3754","8701671B76853731017795",1,7015.87417713118,7015.87417713118,8.85593060018699
"3755","8701671B77198875782479",1,113.879809900999,113.879809900999,4.7351435931162
"3756","8701671B77297874442969",1,317.049940456271,317.049940456271,5.75905930234054
"3757","8701671B7729903902665",1,NA,NA,NA
"3758","8701671B77761135281215",1,NA,NA,NA
"3759","8701671B77991927650857",1,NA,NA,NA
"3760","8701671B78073152626196",1,NA,NA,NA
"3761","8701671B78261941759356",1,276.251642768994,276.251642768994,5.62131219948937
"3762","8701671B78477528803813",1,251.893620214038,251.893620214038,5.52900685637662
"3763","8701671B78745731328632",1,NA,NA,NA
"3764","8701671B7895347248645",1,151.708406054437,151.708406054437,5.02196029717549
"3765","8701671B79417644951649",1,67.4165883869939,67.4165883869939,4.21089110613746
"3766","8701671B79423766550609",1,NA,NA,NA
"3767","8701671B79808617109773",1,127.790124380589,127.790124380589,4.85038926494034
"3768","8701671B80390087772516",1,253.97535053838,253.97535053838,5.53723721718487
"3769","8701671B80425002261515",1,7.0262221262455,7.0262221262455,1.94964916823793
"3770","8701671B8071500438377",1,146.370457139492,146.370457139492,4.98614078566849
"3771","8701671B80977223747238",1,322.755618874431,322.755618874431,5.77689543894603
"3772","8701671B80994766223390",1,171.886096347205,171.886096347205,5.14683202690245
"3773","8701671B80997210152417",1,167.16036182335,167.16036182335,5.11895360211045
"3774","8701671B81059330414733",1,NA,NA,NA
"3775","8701671B81462153055318",1,NA,NA,NA
"3776","8701671B81496139383371",1,1.44083303570747,1.44083303570747,0.36522144334209
"3777","8701671B8158625953395",1,NA,NA,NA
"3778","8701671B81655629015903",1,NA,NA,NA
"3779","8701671B81790835951847",1,NA,NA,NA
"3780","8701671B8208248485546",1,NA,NA,NA
"3781","8701671B82105549024004",1,NA,NA,NA
"3782","8701671B82156592609383",1,NA,NA,NA
"3783","8701671B82289109634820",1,195.391384389997,195.391384389997,5.27500464646667
"3784","8701671B82490011784618",1,NA,NA,NA
"3785","8701671B82829723168564",1,NA,NA,NA
"3786","8701671B82854907311550",1,167.189159114383,167.189159114383,5.1191258607159
"3787","8701671B83159323008867",1,NA,NA,NA
"3788","8701671B83371663515297",1,NA,NA,NA
"3789","8701671B83706236309505",1,653.785936401814,653.785936401814,6.48277998350784
"3790","8701671B83724356219791",1,97.4853277524635,97.4853277524635,4.57970188208974
"3791","8701671B83780855203463",1,821.436247218162,821.436247218162,6.71105432913193
"3792","8701671B8403911269466",1,NA,NA,NA
"3793","8701671B84211341759878",1,514.72102720806,514.72102720806,6.2436250591525
"3794","8701671B84261355290509",1,NA,NA,NA
"3795","8701671B84491224846423",1,NA,NA,NA
"3796","8701671B84632828581630",1,975.209408076227,975.209408076227,6.88265222545054
"3797","8701671B84690280241827",1,152.184343942955,152.184343942955,5.02509257511004
"3798","8701671B84813542366979",1,312.868696581215,312.868696581215,5.745783602785
"3799","8701671B84932876584417",1,623.008795834109,623.008795834109,6.43456063720161
"3800","8701671B84964760406378",1,NA,NA,NA
"3801","8701671B85169170830121",1,121.875344658852,121.875344658852,4.80299875728408
"3802","8701671B85402755836861",1,409.953729108632,409.953729108632,6.01604429749705
"3803","8701671B85920169217386",1,30.0943380351067,30.0943380351067,3.40433704891488
"3804","8701671B86080825614718",1,871.950382437527,871.950382437527,6.77073252141567
"3805","8701671B86108661761319",1,162.613657291975,162.613657291975,5.09137718677206
"3806","8701671B86288644178895",1,244.505267222375,244.505267222375,5.49923685151468
"3807","8701671B86453873223968",1,108.916465701051,108.916465701051,4.69058121870262
"3808","8701671B86513395077945",1,370.527873758778,370.527873758778,5.91492867472351
"3809","8701671B86605125061107",1,NA,NA,NA
"3810","8701671B86679693622237",1,99.1577996949554,99.1577996949554,4.59671251747904
"3811","8701671B87024407460992",1,NA,NA,NA
"3812","8701671B87099663459533",1,NA,NA,NA
"3813","8701671B87129820959835",1,141.649097550586,141.649097550586,4.95335285527555
"3814","8701671B87504135677093",1,933.284301954687,933.284301954687,6.83870987249527
"3815","8701671B87551920719887",1,NA,NA,NA
"3816","8701671B87673640484733",1,228.438766151816,228.438766151816,5.43126819259059
"3817","8701671B87881136739477",1,NA,NA,NA
"3818","8701671B87901537971964",1,NA,NA,NA
"3819","8701671B87910523251509",1,43.1089515792728,43.1089515792728,3.76373066879903
"3820","8701671B8810495152060",1,212.894755913258,212.894755913258,5.36079793990635
"3821","8701671B8813575079880",1,2.25258151817322,2.25258151817322,0.81207689993351
"3822","8701671B88292249499058",1,NA,NA,NA
"3823","8701671B88374512548949",1,245.237220840812,245.237220840812,5.50222599042452
"3824","8701671B88518569021729",1,NA,NA,NA
"3825","8701671B886545295565",1,NA,NA,NA
"3826","8701671B88709297193728",1,13.4025984060839,13.4025984060839,2.59544859906036
"3827","8701671B8871656007589",1,NA,NA,NA
"3828","8701671B88887342435419",1,14.2668732073978,14.2668732073978,2.6579402909689
"3829","8701671B89602605916522",1,0,0,0
"3830","8701671B89606244104668",1,693.363519562826,693.363519562826,6.54155442091051
"3831","8701671B89726898979713",1,0,0,0
"3832","8701671B8981340817709",1,72.1024600708112,72.1024600708112,4.27808816396973
"3833","8701671B90029568380485",1,287.633626754426,287.633626754426,5.66168754096764
"3834","8701671B90050195307789",1,240.278178388685,240.278178388685,5.48179732875081
"3835","8701671B90118791051051",1,611.40962591964,611.40962591964,6.41576715339502
"3836","8701671B90589302469982",1,1691.75981522448,1691.75981522448,7.43352457691284
"3837","8701671B90786780806365",1,NA,NA,NA
"3838","8701671B908189837343",1,5.71671856880188,5.71671856880188,1.74339496399333
"3839","8701671B91089309525348",1,NA,NA,NA
"3840","8701671B91249744249717",1,30.9893050501049,30.9893050501049,3.4336421465758
"3841","8701671B91261158207926",1,NA,NA,NA
"3842","8701671B91352204106029",1,198.501593183048,198.501593183048,5.29079712620611
"3843","8701671B91623550198243",1,239.126505119204,239.126505119204,5.47699272201851
"3844","8701671B91684501452899",1,89.3124253876433,89.3124253876433,4.49214062028196
"3845","8701671B91946398565623",1,7.54226537100971,7.54226537100971,2.02052258397819
"3846","8701671B91948443212485",1,96.9312917289734,96.9312917289734,4.57400239482626
"3847","8701671B91973054912616",1,NA,NA,NA
"3848","8701671B91980057323344",1,79.2861937560514,79.2861937560514,4.37306401204646
"3849","8701671B92087442166631",1,744.146321586937,744.146321586937,6.61223768429597
"3850","8701671B92172840318225",1,286.632887391746,286.632887391746,5.65820225895644
"3851","8701671B92535137088393",1,NA,NA,NA
"3852","8701671B92631226508247",1,NA,NA,NA
"3853","8701671B92777247023512",1,49.6992194675803,49.6992194675803,3.9059892281016
"3854","8701671B92902112367309",1,3358.05960128183,3358.05960128183,8.11911858652161
"3855","8701671B92996832063401",1,37.6760607413948,37.6760607413948,3.62902489916319
"3856","8701671B93108958332775",1,52.7327691509649,52.7327691509649,3.96523706782752
"3857","8701671B93430889647256",1,1.5334235906601,1.5334235906601,0.427502876568532
"3858","8701671B93449908484695",1,NA,NA,NA
"3859","8701671B93683641934125",1,168.210910917752,168.210910917752,5.1252186141493
"3860","8701671B93850487776066",1,185.547417941898,185.547417941898,5.22331047170996
"3861","8701671B94015264983282",1,637.361152702555,637.361152702555,6.45733645362852
"3862","8701671B94073395823663",1,1181.00000611019,1181.00000611019,7.0741168213711
"3863","8701671B9474908465202",1,NA,NA,NA
"3864","8701671B94814187921498",1,NA,NA,NA
"3865","8701671B94960647396655",1,374.640636414468,374.640636414468,5.92596726360988
"3866","8701671B95563300423658",1,80.3801099247336,80.3801099247336,4.38676675658336
"3867","8701671B95823931599644",1,2773.34532798025,2773.34532798025,7.92780957013067
"3868","8701671B96155424695073",1,0,0,0
"3869","8701671B96397646944426",1,NA,NA,NA
"3870","8701671B96536961646106",1,NA,NA,NA
"3871","8701671B96547889187506",1,47.4543471441269,47.4543471441269,3.85976813612036
"3872","8701671B96600181049115",1,NA,NA,NA
"3873","8701671B96630840865992",1,435.78465480566,435.78465480566,6.07714821033863
"3874","8701671B96841263270820",1,12.0339977426529,12.0339977426529,2.48773578921736
"3875","8701671B96951790647096",1,1019.30905894057,1019.30905894057,6.92688028354836
"3876","8701671B96967747537750",1,108.592650812238,108.592650812238,4.68760373313114
"3877","8701671B96985788698945",1,71.3594321318269,71.3594321318269,4.26772953044618
"3878","8701671B97135267153779",1,77.2721914466023,77.2721914466023,4.34733414244151
"3879","8701671B97170128709946",1,495.015735713393,495.015735713393,6.20458955138341
"3880","8701671B97252067164265",1,NA,NA,NA
"3881","8701671B97284253822936",1,NA,NA,NA
"3882","8701671B9732663070943",1,3460.14712876163,3460.14712876163,8.14906638991118
"3883","8701671B9780152008483",1,525.081626304746,525.081626304746,6.26355372918177
"3884","8701671B97832675692274",1,NA,NA,NA
"3885","8701671B98117918076450",1,NA,NA,NA
"3886","8701671B98275971460966",1,222.834371536523,222.834371536523,5.40642876696486
"3887","8701671B98296158896120",1,NA,NA,NA
"3888","8701671B98393552934318",1,9.32362739038467,9.32362739038467,2.23255175795379
"3889","8701671B98444413378484",1,412.09102000919,412.09102000919,6.02124424730218
"3890","8701671B98536206371918",1,NA,NA,NA
"3891","8701671B98746614638816",1,NA,NA,NA
"3892","8701671B98909054283677",1,6212.92849078095,6212.92849078095,8.73438764038551
"3893","8701671B98916205392785",1,326.89251834169,326.89251834169,5.78963142678025
"3894","8701671B98929881441736",1,409.474872594088,409.474872594088,6.01487554022385
"3895","8701671B98989854041717",1,NA,NA,NA
"3896","8701671B99228851829724",1,NA,NA,NA
"3897","8701671B99321727283863",1,538.043429849654,538.043429849654,6.28793928153134
"3898","8701671B99330114936147",1,NA,NA,NA
"3899","8701671B99819358130632",1,NA,NA,NA
"3900","8701671B99871718233737",1,17.1202116374969,17.1202116374969,2.84025973264051
"3901","8701671B99904787478825",1,183.103218967229,183.103218967229,5.21005003190403
"3902","8701671B99981007165290",1,307.732922280554,307.732922280554,5.7292322713414
"3903","91817680B11201690622195",1,160647.133343948,160647.133343948,11.9869655202762
"3904","91817680B11476058556898",1,224576.052029121,224576.052029121,12.32196969062
"3905","91817680B11624916188823",1,242052.7155179,242052.7155179,12.3969108141353
"3906","91817680B12008242239928",1,404013.550790659,404013.550790659,12.9092036979418
"3907","91817680B14892127844453",1,114449.377427194,114449.377427194,11.6478878856734
"3908","91817680B15590775835688",1,290642.716531167,290642.716531167,12.579850013573
"3909","91817680B1574399427608",1,603875.84975034,603875.84975034,13.3111239090184
"3910","91817680B16002130574290",1,267499.289832737,267499.289832737,12.4968721904838
"3911","91817680B16538338684661",1,370450.826685512,370450.826685512,12.8224759934134
"3912","91817680B1659695850463",1,52567.4082281849,52567.4082281849,10.8698515912511
"3913","91817680B1708787718818",1,437263.459164116,437263.459164116,12.9882911738002
"3914","91817680B17319558643664",1,41765.0379842504,41765.0379842504,10.6398148566652
"3915","91817680B20286966250971",1,59407.1739018191,59407.1739018191,10.9921702708162
"3916","91817680B21539665501577",1,104725.76541896,104725.76541896,11.5591004546351
"3917","91817680B21680824294868",1,83917.9023194241,83917.9023194241,11.3375942465641
"3918","91817680B23901291202395",1,26768.2622862505,26768.2622862505,10.1949722216787
"3919","91817680B24548286345957",1,71919.1959614689,71919.1959614689,11.1832984894594
"3920","91817680B26152541530210",1,1081266.05649484,1081266.05649484,13.8936431870554
"3921","91817680B26607970527366",1,214565.524496165,214565.524496165,12.2763704462087
"3922","91817680B27152027053647",1,42759.5518664629,42759.5518664629,10.6633478848797
"3923","91817680B29624883381183",1,317966.633218239,317966.633218239,12.6697017292704
"3924","91817680B30315657457409",1,22985.3532893829,22985.3532893829,10.0426124785544
"3925","91817680B30389585516178",1,68605.3481639782,68605.3481639782,11.1361257722492
"3926","91817680B30407776748413",1,46952.5770598508,46952.5770598508,10.7568933725837
"3927","91817680B32751924176777",1,367996.833207659,367996.833207659,12.8158296117001
"3928","91817680B32757414449699",1,26057.5523776051,26057.5523776051,10.1680629236894
"3929","91817680B32789615967236",1,343244.494928004,343244.494928004,12.7461982854186
"3930","91817680B33034423068968",1,126140.652967122,126140.652967122,11.7451528567313
"3931","91817680B33489673734556",1,170326.179286984,170326.179286984,12.0454705793636
"3932","91817680B35472999009946",1,18267.5089039579,18267.5089039579,9.81287929108597
"3933","91817680B35753357340942",1,87515.1565945081,87515.1565945081,11.3795672755681
"3934","91817680B36456413113015",1,46604.6690266826,46604.6690266826,10.7494560088003
"3935","91817680B37138617445780",1,98208.2543444059,98208.2543444059,11.4948455472704
"3936","91817680B37299464646583",1,236260.171470253,236260.171470253,12.3726888982715
"3937","91817680B37660936440541",1,36474.4845086695,36474.4845086695,10.504368240561
"3938","91817680B37722151409475",1,290246.051750525,290246.051750525,12.5784842965409
"3939","91817680B39611758954351",1,58142.2660775542,58142.2660775542,10.9706481495754
"3940","91817680B40505476377979",1,86650.3473753321,86650.3473753321,11.3696363040836
"3941","91817680B40534015790157",1,41592.2950934116,41592.2950934116,10.6356702149944
"3942","91817680B43065782555772",1,76821.6350330723,76821.6350330723,11.2492415856238
"3943","91817680B4431337162748",1,50653.9718001744,50653.9718001744,10.8327729231903
"3944","91817680B44823551048989",1,199652.011253971,199652.011253971,12.2043311863398
"3945","91817680B44911241756091",1,51312.7453544191,51312.7453544191,10.8456944477555
"3946","91817680B44952414610796",1,100617.267419991,100617.267419991,11.5190791662525
"3947","91817680B46219646335198",1,24598.5006479507,24598.5006479507,10.1104407707927
"3948","91817680B46467557111645",1,60433.1677372882,60433.1677372882,11.0092933679269
"3949","91817680B48235767363306",1,102016.596281539,102016.596281539,11.5328907876733
"3950","91817680B48442195707238",1,539604.557607112,539604.557607112,13.1985918495497
"3951","91817680B48783047676904",1,45840.0429683066,45840.0429683066,10.7329132887422
"3952","91817680B49679347075852",1,305927.029874459,305927.029874459,12.6311018880348
"3953","91817680B50207003035",1,267303.644276813,267303.644276813,12.4961405356922
"3954","91817680B51132506733028",1,22965.2307720554,22965.2307720554,10.0417366455688
"3955","91817680B51485783996699",1,134799.267074287,134799.267074287,11.8115420403112
"3956","91817680B53198155341948",1,22636.9645729284,22636.9645729284,10.0273394496945
"3957","91817680B5353031397212",1,263434.53564563,263434.53564563,12.4815601745243
"3958","91817680B54012703126739",1,100956.059331065,100956.059331065,11.522440645031
"3959","91817680B55707549130569",1,120923.300087507,120923.300087507,11.7029117400154
"3960","91817680B55822624410007",1,30167.7169028368,30167.7169028368,10.3145276548726
"3961","91817680B56099735913612",1,26485.0813259633,26485.0813259633,10.1843368846163
"3962","91817680B57927404517776",1,281819.820715134,281819.820715134,12.5490232120809
"3963","91817680B58127051569150",1,198922.129946038,198922.129946038,12.2006687203223
"3964","91817680B59018342058044",1,41559.6366804416,41559.6366804416,10.6348847031259
"3965","91817680B59476098361869",1,40291.0440108268,40291.0440108268,10.6038844902554
"3966","91817680B60221740281290",1,71577.5537373079,71577.5537373079,11.1785368085098
"3967","91817680B60872934813823",1,63848.993957952,63848.993957952,11.0642761050006
"3968","91817680B63178832268751",1,143570.136739755,143570.136739755,11.874578952547
"3969","91817680B63526671374694",1,79190.4864094333,79190.4864094333,11.2796114494944
"3970","91817680B65451529480853",1,294705.974101334,294705.974101334,12.5937334403267
"3971","91817680B65504384218086",1,155302.311512238,155302.311512238,11.9531288932001
"3972","91817680B67324121140218",1,40841.441123093,40841.441123093,10.6174525587053
"3973","91817680B68494559899558",1,171617.205871368,171617.205871368,12.0530217283252
"3974","91817680B68842805087026",1,53725.9494013193,53725.9494013193,10.8916513928542
"3975","91817680B72214553011774",1,183032.312570601,183032.312570601,12.1174179876607
"3976","91817680B73468302874709",1,54186.3844121053,54186.3844121053,10.9001849457604
"3977","91817680B75354784424725",1,46748.7301569785,46748.7301569785,10.7525423719304
"3978","91817680B75376031789242",1,54956.6452622943,54956.6452622943,10.9142998854098
"3979","91817680B75710427976091",1,507839.646753593,507839.646753593,13.1379210207339
"3980","91817680B75900877128055",1,102519.977962246,102519.977962246,11.5378129655174
"3981","91817680B78599330358722",1,64143.7946192652,64143.7946192652,11.0688826330074
"3982","91817680B7912985797785",1,34349.1531474327,34349.1531474327,10.4443326437056
"3983","91817680B8006777837161",1,349462.040608934,349462.040608934,12.7641502241965
"3984","91817680B84202113891253",1,665949.521128689,665949.521128689,13.4089691525489
"3985","91817680B85110926045998",1,206629.728201599,206629.728201599,12.2386837178699
"3986","91817680B85222249357664",1,20619.2127722983,20619.2127722983,9.93397857897108
"3987","91817680B85909931268472",1,31825.1462902908,31825.1462902908,10.3680120201249
"3988","91817680B86480113122364",1,26658.1285926744,26658.1285926744,10.1908493959454
"3989","91817680B86853073591153",1,409959.978915886,409959.978915886,12.9238148215158
"3990","91817680B87761816793360",1,297448.476317475,297448.476317475,12.6029963001201
"3991","91817680B87996420220515",1,328091.798807317,328091.798807317,12.7010487226213
"3992","91817680B88513858108060",1,106478.99320036,106478.99320036,11.5757029977309
"3993","91817680B88957070935676",1,642293.863232866,642293.863232866,13.3728012088376
"3994","91817680B88985387415210",1,34312.0547946002,34312.0547946002,10.443252023147
"3995","91817680B8944082307158",1,264339.716960861,264339.716960861,12.4849903615723
"3996","91817680B89733153975870",1,43559.3035750639,43559.3035750639,10.6818785892025
"3997","91817680B90297389150949",1,206608.291910102,206608.291910102,12.2385799699547
"3998","91817680B90592918780723",1,27860.6307105735,27860.6307105735,10.234969885648
"3999","91817680B91067436457746",1,47905.3044865869,47905.3044865869,10.776981518115
"4000","91817680B91211823266814",1,119987.298916594,119987.298916594,11.6951411738008
"4001","91817680B915295689263",1,74725.2324386688,74725.2324386688,11.221573097735
"4002","91817680B91736183236009",1,60771.3747919607,60771.3747919607,11.014874147746
"4003","91817680B92610564128426",1,32758.4694990359,32758.4694990359,10.396916818287
"4004","91817680B92973690121395",1,48347.3821736768,48347.3821736768,10.7861673561618
"4005","91817680B93090957259339",1,20633.8360936298,20633.8360936298,9.9346875361195
"4006","91817680B93885607227135",1,74335.2438434927,74335.2438434927,11.2163404633743
"4007","91817680B95262291256995",1,112366.931497437,112366.931497437,11.6295249693959
"4008","91817680B96924831002014",1,318731.877971669,318731.877971669,12.6721055204163
"4009","91817680B97433571779884",1,50016.1001224814,50016.1001224814,10.8201002350282
"4010","91817680B99071511370380",1,129763.785668299,129763.785668299,11.7734710433095
"4011","93511190B20758743929628",1,12439.2466018787,12439.2466018787,9.42861180190924
"4012","93511190B21658762393869",1,7973.49293664233,7973.49293664233,8.98387793633353
"4013","93511190B28979172348328",1,11438.5089597845,11438.5089597845,9.34474092075618
"4014","93511190B48408833278115",1,29151.8535562021,29151.8535562021,10.2802737765908
"4015","93511190B55681603978518",1,3662.8281801011,3662.8281801011,8.20599085479935
"4016","93511190B76376744251170",1,4852.741821379,4852.741821379,8.48729914819179
"4017","93511190B82420517640996",1,40873.8095668769,40873.8095668769,10.6182447840293
"4018","96108325B18979939092740",1,6008.01376061486,6008.01376061486,8.70084948382332
"4019","96108325B20095781885743",1,8993.06719774895,8993.06719774895,9.10420924811488
"4020","96108325B32463735273618",1,1771.55130530333,1771.55130530333,7.47961088538958
"4021","96108325B47785236493574",1,8447.7404267403,8447.7404267403,9.0416542794726
"4022","96108325B67235694688325",1,6496.68653385305,6496.68653385305,8.77904756188727
"4023","96108325B69930325682932",1,5639.6338569257,5639.6338569257,8.63757442339997
"4024","96108325B74916276227315",1,5279.06283923507,5279.06283923507,8.57150386837752
"4025","96108325B86083732773811",1,1563.91393850735,1563.91393850735,7.35494689306141
"4026","96108325B93131520053722",1,1394.70989311159,1394.70989311159,7.24044171070121
"4027","96108325B98972581904621",1,19812.4006684864,19812.4006684864,9.8940633170291
"4028","DIS015",1,NA,NA,NA
"4029","DIS017",2,NA,NA,NA
