"","ADM2_id","total_exposure_days","total_population","total_person_day_exposure","log_total_person_day_exposure"
"1","10022922B11101019287712",1,84847.0393702101,84847.0393702101,11.3486053775399
"2","10022922B13687974105922",1,292784.556263039,292784.556263039,12.5871923146749
"3","10022922B15279482214677",1,253841.658540144,253841.658540144,12.4444659600371
"4","10022922B16213196407560",1,302089.301570291,302089.301570291,12.6184779532101
"5","10022922B25342620887316",1,29444.2547555433,29444.2547555433,10.2902540853468
"6","10022922B32579750162608",1,281133.246838194,281133.246838194,12.5465840239605
"7","10022922B40357207342555",1,206676.358215079,206676.358215079,12.2389093618427
"8","10022922B54995100782210",1,168062.646241935,168062.646241935,12.0320920831748
"9","10022922B56427545477040",1,160717.199643975,160717.199643975,11.987401575519
"10","10022922B56468572037030",1,169474.001175588,169474.001175588,12.0404548086431
"11","10022922B59328070281510",1,178514.160580595,178514.160580595,12.092423208039
"12","10022922B61088153240222",1,244827.78037557,244827.78037557,12.4083103051081
"13","10022922B61824869015313",1,161726.96676975,161726.96676975,11.9936648020363
"14","10022922B69129581267436",1,185154.684565365,185154.684565365,12.1289468874819
"15","10022922B77596397547877",1,212758.936845046,212758.936845046,12.2679150518756
"16","10022922B78580830473532",1,302538.796880364,302538.796880364,12.6199648023791
"17","10022922B79548799707119",1,248518.502135658,248518.502135658,12.4232725770214
"18","10022922B79563685419763",1,247047.058139559,247047.058139559,12.4173341162474
"19","10022922B80147144228565",1,329830.096641292,329830.096641292,12.7063329421947
"20","10022922B85658862424992",1,282087.866128548,282087.866128548,12.5499738834048
"21","10022922B85703559853082",1,124554.632746501,124554.632746501,11.7324997158757
"22","10022922B96360954496738",1,131837.84015899,131837.84015899,11.7893279627199
"23","10022922B97289291498871",1,189698.308656141,189698.308656141,12.1531902399959
"24","10022922B97539486376385",1,89350.9709966718,89350.9709966718,11.4003273878668
"25","1004716B4922305453104",1,118367.568707044,118367.568707044,11.6815500509638
"26","14789045B36010441751176",1,41586.0609738511,41586.0609738511,10.635520317356
"27","14789045B56748216757277",1,68713.3423924945,68713.3423924945,11.1376986717626
"28","14789045B57856207537526",1,16207.7322245405,16207.7322245405,9.69324370516125
"29","14789045B63599255468551",1,39931.2996081888,39931.2996081888,10.5949157466899
"30","14789045B75407950785126",1,7202.62952304666,7202.62952304666,8.8822014498649
"31","14789045B8861726414707",1,19279.2773734611,19279.2773734611,9.86678608683251
"32","16705992B23463827258150",1,504446.450734313,504446.450734313,13.1312169699
"33","16705992B34517682786426",1,2521260.9395359,2521260.9395359,14.7402697071746
"34","16705992B35326431749719",1,708286.679075443,708286.679075443,13.4706042046687
"35","16705992B35610473312733",1,845694.45870296,845694.45870296,13.6479134134288
"36","16705992B62450131352427",1,2327862.02729863,2327862.02729863,14.6604608194528
"37","16705992B83268326466345",1,1645811.12378992,1645811.12378992,14.3137439050262
"38","16705992B94200136889214",1,8449521.64869463,8449521.64869463,15.949620388109
"39","17275852B10013747765987",1,1391933.53533434,1391933.53533434,14.1462043711319
"40","17275852B10267820559553",1,440353.237735985,440353.237735985,12.9953324968488
"41","17275852B11168745431905",1,333258.659440244,333258.659440244,12.7166742225203
"42","17275852B11386974868733",1,820804.434014661,820804.434014661,13.6180401554487
"43","17275852B12258272370747",2,649472.428487873,1298944.85697575,14.0770628443866
"44","17275852B13001476141541",1,652783.156744347,652783.156744347,13.3890002807433
"45","17275852B14815638988431",1,317184.178846868,317184.178846868,12.667237889967
"46","17275852B16105050053503",1,1615008.15026624,1615008.15026624,14.2948505612306
"47","17275852B1643752484532",1,1019108.40494423,1019108.40494423,13.8344386902013
"48","17275852B16521843045020",1,1532153.5852334,1532153.5852334,14.2421848757157
"49","17275852B17785585955827",1,683319.793781475,683319.793781475,13.4347182482719
"50","17275852B1821978982236",1,118509.124872395,118509.124872395,11.6827452397353
"51","17275852B19079798784363",2,377989.966686014,755979.933372028,13.5357701116507
"52","17275852B19348529307540",1,956391.875050541,956391.875050541,13.7709230191837
"53","17275852B19894710040929",1,901347.327337122,901347.327337122,13.7116459532481
"54","17275852B21750823884811",1,214542.34150736,214542.34150736,12.2762623941748
"55","17275852B21842931785294",2,2242558.37781129,4485116.75562258,15.316275085605
"56","17275852B2295538790743",1,1472811.19047747,1472811.19047747,14.2026835069693
"57","17275852B25965384817686",2,2478535.19623044,4957070.39246088,15.4163254775194
"58","17275852B27877276340012",2,3991578.69824292,7983157.39648584,15.8928445548918
"59","17275852B282910546940",1,973802.39349943,973802.39349943,13.788963680624
"60","17275852B29214488763632",1,404172.77904131,404172.77904131,12.9095977364125
"61","17275852B30419994709301",1,1642896.53682169,1642896.53682169,14.3119714229256
"62","17275852B31711539663260",2,3806027.760538,7612055.521076,15.8452438012596
"63","17275852B33382458843189",2,8008040.81992856,16016081.6398571,16.5891038779178
"64","17275852B34420574294401",1,355844.926754855,355844.926754855,12.7822503159301
"65","17275852B34966799109471",2,NA,NA,NA
"66","17275852B35416849225692",1,1575804.62743946,1575804.62743946,14.2702765743546
"67","17275852B36456254412660",1,1015786.86361282,1015786.86361282,13.831174105205
"68","17275852B37590867813392",1,449104.645697544,449104.645697544,13.0150112034836
"69","17275852B37857453943231",1,262713.15406955,262713.15406955,12.4788180470106
"70","17275852B37976290279083",2,2153387.91103211,4306775.82206422,15.27570011301
"71","17275852B38552083710936",2,666354.272877641,1332708.54575528,14.1027239299096
"72","17275852B38988280096574",2,9822741.71193899,19645483.423878,16.7933580186576
"73","17275852B39380894050966",1,1854332.01022296,1854332.01022296,14.4330350868656
"74","17275852B41676374519260",2,1618588.45487025,3237176.9097405,14.9902121837908
"75","17275852B42230140857746",1,458212.274668973,458212.274668973,13.0350878375318
"76","17275852B44304898110438",2,863023.325497524,1726046.65099505,14.3613441786467
"77","17275852B46208020456835",1,483995.897561878,483995.897561878,13.089831709551
"78","17275852B47086513907411",2,547788.020213874,1095576.04042775,13.906790847227
"79","17275852B47214038820512",1,1227223.63553536,1227223.63553536,14.0202649691353
"80","17275852B47587357578303",2,491402.007174322,982804.014348644,13.7981650042246
"81","17275852B50589627480209",2,526334.528123991,1052669.05624798,13.8668394551536
"82","17275852B52033797991024",1,159747.311936804,159747.311936804,11.9813485454115
"83","17275852B52216203262250",2,525806.314733316,1051612.62946663,13.8658353815286
"84","17275852B52304964201578",1,430434.454193219,430434.454193219,12.9725503361899
"85","17275852B53025585862768",1,214413.428142536,214413.428142536,12.2756613374794
"86","17275852B54668809399872",1,1219991.19975065,1219991.19975065,14.0143542033643
"87","17275852B54721890479732",1,655062.957414713,655062.957414713,13.3924866281887
"88","17275852B5503806020979",1,340315.672850184,340315.672850184,12.737628915409
"89","17275852B56120808638546",2,493297.42280672,986594.84561344,13.8020147433747
"90","17275852B56364962136156",2,7368461.77264955,14736923.5452991,16.50586670824
"91","17275852B5638517994669",1,663886.275630578,663886.275630578,13.4058661421492
"92","17275852B57638199041654",2,457910.777967763,915821.555935526,13.7275768167481
"93","17275852B58322219662995",1,1717690.61760523,1717690.61760523,14.3564912824254
"94","17275852B59014028549632",1,1256711.33850903,1256711.33850903,14.0440088180094
"95","17275852B59261423659404",1,646574.610636637,646574.610636637,13.3794438775524
"96","17275852B59747399545028",2,866293.133684673,1732586.26736935,14.3651258023819
"97","17275852B60010150977543",1,2933923.91223889,2933923.91223889,14.8918513042332
"98","17275852B60182527489554",2,526777.501297453,1053555.00259491,13.8676807202559
"99","17275852B60612190497835",1,719421.312839492,719421.312839492,13.486202435659
"100","17275852B62019928411356",1,362320.156771318,362320.156771318,12.8002835109175
"101","17275852B64916188375107",2,1132470.4778183,2264940.9556366,14.6330592484079
"102","17275852B66204891178522",2,3531859.04792253,7063718.09584506,15.7704821133129
"103","17275852B67003966243436",1,1186425.59641172,1186425.59641172,13.9864556444313
"104","17275852B68011043448207",1,90037.9479513793,90037.9479513793,11.4079865043498
"105","17275852B68859127780148",2,1321724.13086065,2643448.2617213,14.7875947825808
"106","17275852B7296923051238",2,2108305.16610025,4216610.3322005,15.254542124428
"107","17275852B74040811495822",1,711444.828157222,711444.828157222,13.4750531505079
"108","17275852B75559495982426",1,329703.497364885,329703.497364885,12.7059490367223
"109","17275852B75763620561947",1,970883.957034528,970883.957034528,13.7859622314134
"110","17275852B78973254528560",1,596288.58725617,596288.58725617,13.2984800356629
"111","17275852B79176055066883",1,810211.636042832,810211.636042832,13.6050507715864
"112","17275852B80309702523612",2,563069.823060941,1126139.64612188,13.9343060996384
"113","17275852B80982691802979",1,1246997.55989198,1246997.55989198,14.0362492678776
"114","17275852B83740928033028",2,332886.552185885,665773.10437177,13.40870420735
"115","17275852B84281685795050",1,307138.958980414,307138.958980414,12.6350555592763
"116","17275852B84693836922329",1,650545.115040961,650545.115040961,13.3855659289356
"117","17275852B85236269968714",1,441427.162448735,441427.162448735,12.9977683079498
"118","17275852B85583949591367",1,287196.537400597,287196.537400597,12.5679220596789
"119","17275852B8583677209878",1,960135.024539975,960135.024539975,13.7748292041161
"120","17275852B85962848339274",1,957094.409272791,957094.409272791,13.7716573168471
"121","17275852B86000242921086",1,787521.122763108,787521.122763108,13.5766454718785
"122","17275852B86267588373141",2,577662.460393214,1155324.92078643,13.9598921790741
"123","17275852B87114256965843",1,816987.311013454,816987.311013454,13.6133788425262
"124","17275852B88564558630562",1,189038.165119923,189038.165119923,12.1497042055077
"125","17275852B88884426413746",1,1654908.71491073,1654908.71491073,14.3192564081185
"126","17275852B89468905887192",1,1128594.43681316,1128594.43681316,13.9364835552238
"127","17275852B90337226463204",2,632311.962731424,1264623.92546285,14.0502853438195
"128","17275852B90429058486395",1,1069794.9298572,1069794.9298572,13.882977533731
"129","17275852B90470795224142",1,1076031.58265225,1076031.58265225,13.8887903711804
"130","17275852B90712148595772",2,445162.176898679,890324.353797358,13.6993411177842
"131","17275852B92305935351425",2,615187.633740454,1230375.26748091,14.0228297763294
"132","17275852B92675490846952",1,249459.304804983,249459.304804983,12.4270510738763
"133","17275852B93697739867414",1,566826.394842471,566826.394842471,13.247808353891
"134","17275852B94869101817355",1,1535260.20286245,1535260.20286245,14.2442104379031
"135","17275852B95277244028777",2,1567817.66436675,3135635.3287335,14.9583423682104
"136","17275852B95583475247133",2,1705473.05398831,3410946.10797662,15.0425002617968
"137","17275852B96568921985306",1,103497.201456871,103497.201456871,11.547299852258
"138","17275852B98647576585138",1,326700.189078622,326700.189078622,12.696798176342
"139","18249212B15509533795694",1,8683.81167650491,8683.81167650491,9.06921584450151
"140","18249212B32162439805208",1,6863.66650074089,6863.66650074089,8.83399705326553
"141","18249212B80874946619424",1,8244.27628927744,8244.27628927744,9.01727445543196
"142","18249212B83249722744294",1,6474.01963502685,6474.01963502685,8.77555246738657
"143","18249212B83355432632114",1,10175.8587077413,10175.8587077413,9.22777340063104
"144","22064153B10063200690088",2,4142.74281236014,8285.48562472028,9.02226054307592
"145","22064153B10066515375089",2,147516.124730977,295032.249461954,12.594839949557
"146","22064153B10136144710667",1,304076.354463555,304076.354463555,12.62503411485
"147","22064153B10198647455889",1,10209.5093799077,10209.5093799077,9.23107485710577
"148","22064153B10207741545348",2,198961.073439099,397922.146878198,12.8940116542735
"149","22064153B10383419065697",3,19041.0451840564,57123.1355521692,10.9529644896274
"150","22064153B10436959918879",1,73080.9259446448,73080.9259446448,11.1993226806996
"151","22064153B10464594987148",1,60446.8324329002,60446.8324329002,11.0095194548834
"152","22064153B10472046376966",3,21953.536269187,65860.608807561,11.095295799853
"153","22064153B1052554637005",1,171824.066738451,171824.066738451,12.0542263645096
"154","22064153B10622080660464",1,104152.457477631,104152.457477631,11.5536110419713
"155","22064153B10908081440803",2,4987.20679022637,9974.41358045274,9.20777845110288
"156","22064153B11166704859619",2,21754.4739571813,43508.9479143626,10.6807218951043
"157","22064153B11185752440330",1,3954.18992135555,3954.18992135555,8.28253103529214
"158","22064153B11283862904746",3,20777.9099942294,62333.7299826882,11.040257970507
"159","22064153B11294111383773",2,43522.4728109247,87044.9456218494,11.3741798805795
"160","22064153B11347435242213",2,NA,NA,NA
"161","22064153B11370403812277",1,406146.655182667,406146.655182667,12.9144695930215
"162","22064153B11384904576552",1,136503.294763877,136503.294763877,11.8241040307801
"163","22064153B114806197531",2,37527.9452170457,75055.8904340914,11.2259883207784
"164","22064153B11481996196295",1,54217.7341022998,54217.7341022998,10.9007633313697
"165","22064153B11493994144660",1,57794.1919283353,57794.1919283353,10.9646435639425
"166","22064153B11669654963101",2,15197.3962006478,30394.7924012956,10.3220265701314
"167","22064153B11731771091880",1,27831.9898565353,27831.9898565353,10.2339413523784
"168","22064153B11870363925687",1,7583.18952220682,7583.18952220682,8.93368917142657
"169","22064153B11880020551001",2,160798.179404134,321596.358808268,12.6810524941093
"170","22064153B11925080577501",2,41500.8864265468,83001.7728530936,11.3266172462264
"171","22064153B12049663471572",1,149188.591232695,149188.591232695,11.9129664975593
"172","22064153B12127418038090",2,5576.00277090578,11152.0055418116,9.3193746299345
"173","22064153B12165260283396",2,4779.0586243678,9558.1172487356,9.16514604614129
"174","22064153B12345861604897",2,84523.1515384948,169046.30307699,12.0379279390829
"175","22064153B1240967535924",3,4320.88707005874,12962.6612101762,9.46982828911821
"176","22064153B12662900476516",1,35668.5727220073,35668.5727220073,10.482025264152
"177","22064153B12861375372699",2,16921.0826530066,33842.1653060132,10.4294627982574
"178","22064153B12869480434443",2,22506.7758669797,45013.5517339594,10.7147188730595
"179","22064153B12953099652868",2,53932.0307157528,107864.061431506,11.5886270228412
"180","22064153B12979096179166",1,48916.226014465,48916.226014465,10.7978644407595
"181","22064153B13144997370504",2,264181.34075313,528362.68150626,13.1775382236749
"182","22064153B1320154413470",1,12285.7983919648,12285.7983919648,9.4161992720145
"183","22064153B13215881329963",1,6791.15704084464,6791.15704084464,8.82337660969469
"184","22064153B13237952508684",2,63708.5342255973,127417.068451195,11.7552209884304
"185","22064153B13335973696353",2,87149.3820152828,174298.764030566,12.0685261404363
"186","22064153B13347263805777",1,224685.508929571,224685.508929571,12.3224569653487
"187","22064153B13415196919485",2,23222.3521099428,46444.7042198856,10.7460177274062
"188","22064153B13433087472373",3,40939.6133043072,122818.839912922,11.7184657024139
"189","22064153B13436797224753",1,19299.2790289763,19299.2790289763,9.86782301818363
"190","22064153B1352051297857",2,118497.966351895,236995.93270379,12.3757982583826
"191","22064153B135965652539",2,44576.9330448097,89153.8660896194,11.3981189884712
"192","22064153B13639223419847",2,33771.4534758756,67542.9069517512,11.1205183334598
"193","22064153B13708684658213",1,20994.109956039,20994.109956039,9.95199719908031
"194","22064153B13741289865163",2,76331.4047342863,152662.809468573,11.9359869086193
"195","22064153B13756884324312",2,96812.4898458766,193624.979691753,12.1736784728347
"196","22064153B13786864628755",1,30931.2235510817,30931.2235510817,10.3395214236126
"197","22064153B13823601910405",2,47049.7007665563,94099.4015331126,11.4521069656501
"198","22064153B13974791812642",2,15584.7669330387,31169.5338660774,10.3471964180803
"199","22064153B13974843260526",2,20824.5132145955,41649.026429191,10.6370332722724
"200","22064153B14001863011483",1,3268.76965842465,3268.76965842465,8.09216894184475
"201","22064153B14023525117600",1,218970.538304313,218970.538304313,12.2966924714581
"202","22064153B14063031562338",1,41955.9358243759,41955.9358243759,10.6443751994868
"203","22064153B14191280892347",1,NA,NA,NA
"204","22064153B1420949553929",1,NA,NA,NA
"205","22064153B14260428934540",1,102742.266270366,102742.266270366,11.5399788620841
"206","22064153B1430516965980",3,28599.2624553959,85797.7873661877,11.3597484968707
"207","22064153B14409781546574",2,100511.709893467,201023.419786934,12.2111766966066
"208","22064153B14538950261497",1,16572.0578505958,16572.0578505958,9.71547329405505
"209","22064153B14641047530321",1,3851.35054679599,3851.35054679599,8.2561791571445
"210","22064153B14902090044751",1,12552.6601641357,12552.6601641357,9.43768788736824
"211","22064153B1510965020390",2,13921.31038106,27842.62076212,10.2343232465882
"212","22064153B15139247492815",1,3088.62856679877,3088.62856679877,8.03548244185536
"213","22064153B15197878860903",1,17075.4152849402,17075.4152849402,9.7453950053696
"214","22064153B15237000314247",2,3244.43467936532,6488.86935873064,8.77784358169091
"215","22064153B15321782044758",3,1577.15994304756,4731.47982914268,8.46199329283927
"216","22064153B15329717394060",2,51304.3931631532,102608.786326306,11.5386788447608
"217","22064153B15331758585451",2,3074.71258529435,6149.4251705887,8.72411388823518
"218","22064153B15346425233004",1,49790.0091188872,49790.0091188872,10.8155696227832
"219","22064153B15364293597369",2,60100.6320869475,120201.264173895,11.6969228182816
"220","22064153B15413497607030",2,10385.0124396378,20770.0248792756,9.94126611471612
"221","22064153B15500594562934",2,19264.5350883203,38529.0701766406,10.5591683048774
"222","22064153B15570456578979",1,100409.650017918,100409.650017918,11.5170135973373
"223","22064153B15644746046041",2,94215.4449723092,188430.889944618,12.1464865870509
"224","22064153B15714680533513",1,146852.786514148,146852.786514148,11.8971859116878
"225","22064153B1576921955547",2,122062.902540261,244125.805080522,12.4054389659944
"226","22064153B16137538167455",3,7875.37084616695,23626.1125385008,10.0701078428299
"227","22064153B16264764307082",3,104278.789405888,312836.368217664,12.6534355475754
"228","22064153B16354527619629",2,19248.5509717588,38497.1019435176,10.5583382432483
"229","22064153B16459031557594",1,832645.779347068,832645.779347068,13.6323635958335
"230","22064153B16462866208111",2,85085.9967046547,170171.993409309,12.0445649305198
"231","22064153B16549607437005",1,74279.5700778676,74279.5700778676,11.2155912275914
"232","22064153B16569113596510",1,5125.89268509742,5125.89268509742,8.54205997129664
"233","22064153B16625159005652",1,72835.0459429913,72835.0459429913,11.1959525186646
"234","22064153B1664466739684",1,30900.4653379717,30900.4653379717,10.3385265222537
"235","22064153B1700256392599",1,6613.35404462162,6613.35404462162,8.79684622391307
"236","22064153B17016857460461",1,10587.7619842192,10587.7619842192,9.26745408332658
"237","22064153B17150931610065",1,94596.3434223058,94596.3434223058,11.4573741012518
"238","22064153B17160397070793",2,142688.247937073,285376.495874146,12.5615646256025
"239","22064153B17402484703457",2,6031.6254155344,12063.2508310688,9.3979189887728
"240","22064153B17443115546549",1,98676.1354675851,98676.1354675851,11.4995984076104
"241","22064153B17451481377922",2,49081.4937331622,98162.9874663244,11.4943845135827
"242","22064153B1746305161850",2,30380.0417879799,60760.0835759598,11.0146883322183
"243","22064153B17547452708566",2,110903.754110146,221807.508220292,12.3095652046343
"244","22064153B17605300042191",2,55177.9757987778,110355.951597556,11.6114663440552
"245","22064153B17622592602982",1,5192.47313907097,5192.47313907097,8.55496538271252
"246","22064153B17640645318479",3,2349.41860672158,7048.25582016474,8.86053546380247
"247","22064153B17737822356535",2,16026.1086411991,32052.2172823982,10.375121641934
"248","22064153B17786192900668",1,311183.088171431,311183.088171431,12.6481367258876
"249","22064153B17824097613778",2,35310.0361084877,70620.0722169754,11.1650696920955
"250","22064153B17826218371858",2,259417.044538529,518834.089077058,13.159339436816
"251","22064153B17910960265215",1,158424.603722644,158424.603722644,11.9730340728324
"252","22064153B17932497232001",1,69722.1407322681,69722.1407322681,11.152273203871
"253","22064153B18197472399049",1,277990.374848971,277990.374848971,12.535341769228
"254","22064153B18284871190784",3,12017.0878622059,36051.2635866177,10.4926971930452
"255","22064153B18443780619579",1,12695.7593816893,12695.7593816893,9.44902330973374
"256","22064153B18486924389046",2,NA,NA,NA
"257","22064153B18541020859979",2,38636.1022316504,77272.2044633008,11.2550895898762
"258","22064153B18585174510843",1,34732.3471400812,34732.3471400812,10.4554267259504
"259","22064153B18725311091842",2,244925.785221616,489851.570443232,13.1018577067353
"260","22064153B18822058190622",1,6554.62335810929,6554.62335810929,8.78792593582987
"261","22064153B18826680352976",1,32369.8388967971,32369.8388967971,10.3849823699786
"262","22064153B18860011713755",1,100881.522264189,100881.522264189,11.5217020603761
"263","22064153B18872085958488",1,9536.51181187702,9536.51181187702,9.16288305941237
"264","22064153B18981391951778",1,11310.9917145438,11310.9917145438,9.33353025001797
"265","22064153B19025451607548",2,69238.626971104,138477.253942208,11.8384613596579
"266","22064153B19125244688726",1,416119.172986928,416119.172986928,12.938726971744
"267","22064153B19140159564863",3,1673.40345326659,5020.21035979977,8.5212271161504
"268","22064153B19171708056014",3,27750.3668816307,83251.1006448921,11.329616628715
"269","22064153B19332172900276",1,55152.9279973078,55152.9279973078,10.917865114792
"270","22064153B19404158136768",3,11359.4919624818,34078.4758874454,10.4364212583307
"271","22064153B19491219462886",3,49556.8713143772,148670.613943132,11.9094884931686
"272","22064153B19507094368728",1,7843.77063449225,7843.77063449225,8.96747494600297
"273","22064153B19608243669398",1,15571.9505599334,15571.9505599334,9.65322653379167
"274","22064153B19633670255011",1,182215.254866138,182215.254866138,12.1129439862425
"275","22064153B19687868642382",2,30229.4696953392,60458.9393906784,11.0097197258488
"276","22064153B20082507087369",2,17474.3299881776,34948.6599763552,10.461635405764
"277","22064153B20100015994007",1,NA,NA,NA
"278","22064153B20112956451443",1,5892.45761571288,5892.45761571288,8.6814284418634
"279","22064153B20300177961456",2,14324.8607051922,28649.7214103844,10.2628989981998
"280","22064153B20504043763502",1,240110.615301673,240110.615301673,12.388854993234
"281","22064153B20548004874718",1,141779.960457777,141779.960457777,11.8620315605105
"282","22064153B20607189577313",3,10223.0085255375,30669.0255766125,10.3310084853813
"283","22064153B20726542801588",2,8624.05810695019,17248.1162139004,9.75545821150492
"284","22064153B20764763312334",1,100046.340533361,100046.340533361,11.5133887629647
"285","22064153B20820198931231",1,7255.68557656657,7255.68557656657,8.88954065796834
"286","22064153B20891786308722",3,32897.9744250235,98693.9232750705,11.4997786558977
"287","22064153B20929599780208",1,3729.77928912675,3729.77928912675,8.22410433907126
"288","22064153B20936499562813",2,53929.0695352279,107858.139070456,11.588572115548
"289","22064153B20986912902018",1,63126.5530262501,63126.5530262501,11.0528967686711
"290","22064153B21018855363784",3,2637.25051889476,7911.75155668428,8.97610447198601
"291","22064153B21124327630561",2,34455.041989781,68910.083979562,11.1405578030352
"292","22064153B21224542742547",1,20142.1851584628,20142.1851584628,9.91057165882112
"293","22064153B2132252923317",3,21990.3697512765,65971.1092538295,11.0969721865947
"294","22064153B21330820256622",2,16345.5262908869,32691.0525817738,10.3948566980917
"295","22064153B21418638291073",1,10987.466257731,10987.466257731,9.30451047101998
"296","22064153B21463927954199",3,76152.7460230995,228458.238069299,12.3391087070517
"297","22064153B21468669116940",2,68186.3718964003,136372.743792801,11.8231471788577
"298","22064153B21496575286327",1,34049.3790528163,34049.3790528163,10.4355670750771
"299","22064153B21529335846532",2,7785.90729702392,15571.8145940478,9.65321780229213
"300","22064153B21553303139286",1,56624.3388659175,56624.3388659175,10.9441941870601
"301","22064153B21572106271359",1,70783.9384485704,70783.9384485704,11.1673873958746
"302","22064153B21585833160132",1,244029.191514022,244029.191514022,12.4050431344719
"303","22064153B21781575553931",1,80791.8941301004,80791.8941301004,11.2996319193048
"304","22064153B21867415191580",2,132112.042705475,264224.08541095,12.4845528304692
"305","22064153B21881953859573",2,342869.409498086,685738.818996172,13.4382521038855
"306","22064153B21914755064517",3,39596.7488432593,118790.246529778,11.6851145826226
"307","22064153B21930418676565",2,81803.3458194318,163606.691638864,12.0052206047523
"308","22064153B22010426085653",1,1940.54416438272,1940.54416438272,7.57072370982991
"309","22064153B22111041587368",3,8941.52791208202,26824.5837362461,10.1970740496244
"310","22064153B22167023977783",2,66051.6474309759,132103.294861952,11.7913394323792
"311","22064153B22404901625877",1,44813.9497163378,44813.9497163378,10.710274747532
"312","22064153B2252165856655",2,10777.0120556578,21554.0241113156,9.97831781180307
"313","22064153B22522574438890",1,59461.5001505581,59461.5001505581,10.9930843258093
"314","22064153B22685350390729",1,256761.227739136,256761.227739136,12.4559018570747
"315","22064153B22770542866151",2,23794.2822183876,47588.5644367752,10.7703477684317
"316","22064153B22863459733327",1,42880.5174776922,42880.5174776922,10.6661728637151
"317","22064153B22998678840309",3,9776.95567065349,29330.8670119605,10.2863957221197
"318","22064153B23017512967810",1,548624.991250359,548624.991250359,13.2151704110422
"319","22064153B23148495981135",1,1235459.12898979,1235459.12898979,14.0269532233212
"320","22064153B2319717856826",1,12244.0251319215,12244.0251319215,9.41279335265398
"321","22064153B23217272115075",1,46708.6125972454,46708.6125972454,10.7516838505769
"322","22064153B23231745702149",1,28442.6802148928,28442.6802148928,10.2556461205068
"323","22064153B23299113779671",1,5241.00070820078,5241.00070820078,8.56426773392919
"324","22064153B23604692839196",3,12533.9983094089,37601.9949282267,10.5348123845723
"325","22064153B23745136254640",1,182289.365035821,182289.365035821,12.113350621257
"326","22064153B23867654552053",2,14140.518451155,28281.03690231,10.249946784908
"327","22064153B23991641947742",2,171482.731337898,342965.462675796,12.745385029171
"328","22064153B24090934315492",1,4450.52140463364,4450.52140463364,8.40077653787706
"329","22064153B24250896793566",1,12614.3407217539,12614.3407217539,9.44258959825517
"330","22064153B24324307757053",2,187479.442620294,374958.885240588,12.8345716595833
"331","22064153B24327518891099",1,131525.607595144,131525.607595144,11.7869568462055
"332","22064153B24375638846800",1,260699.722744607,260699.722744607,12.4711245364174
"333","22064153B2446826655857",1,80188.362837784,80188.362837784,11.2921336815531
"334","22064153B24536315802693",1,228540.152635034,228540.152635034,12.3394671965706
"335","22064153B24827432296483",2,160695.318495206,321390.636990412,12.6804125999085
"336","22064153B24851023127688",2,61604.4116547001,123208.8233094,11.7216359452882
"337","22064153B2491065484587",1,435184.450003183,435184.450003183,12.9835252431943
"338","22064153B24965253967759",2,64823.4831983867,129646.966396773,11.7725703922879
"339","22064153B249766001509",2,69410.36278295,138820.7255659,11.8409386355468
"340","22064153B24985865314901",2,1432702.86348076,2865405.72696152,14.8682205130998
"341","22064153B25042190901764",3,568213.264179831,1704639.79253949,14.3488643810074
"342","22064153B25240716524083",3,2239.97147548588,6719.91442645764,8.81283069927803
"343","22064153B25271963256644",2,25429.590376576,50859.180753152,10.836815930965
"344","22064153B25274509403754",3,130154.73157349,390464.19472047,12.8750915532013
"345","22064153B25299017238233",2,NA,NA,NA
"346","22064153B25382009967091",1,29158.5671472586,29158.5671472586,10.2805040473041
"347","22064153B25500969615439",3,6232.03711224091,18696.1113367227,9.83607083131022
"348","22064153B25557212584140",1,332291.866357678,332291.866357678,12.7137689772381
"349","22064153B25624433633857",2,15887.8743037297,31775.7486074594,10.3664586554169
"350","22064153B25668755078599",2,36655.9696767314,73311.9393534628,11.202478758014
"351","22064153B25692242595445",2,28673.9816012183,57347.9632024366,10.9568926067121
"352","22064153B25695185741229",1,11146.8894691226,11146.8894691226,9.31891576658937
"353","22064153B25852554340132",1,22243.4621005527,22243.4621005527,10.0098034062381
"354","22064153B25942497643845",3,6130.88654287823,18392.6596286347,9.81970693077567
"355","22064153B25968534985503",1,39758.9885964607,39758.9885964607,10.5905912227322
"356","22064153B26076067737587",3,24501.9596204379,73505.8788613137,11.20512066651
"357","22064153B26111310234357",2,29925.1691970492,59850.3383940984,10.9996023650069
"358","22064153B26168625636469",2,662.03858712536,1324.07717425072,7.18847102350724
"359","22064153B2623770639583",3,26383.8450933933,79151.5352801799,11.2791194622174
"360","22064153B26243303203029",2,9115.26658497976,18230.5331699595,9.81085311408867
"361","22064153B26379129013913",1,398179.41681953,398179.41681953,12.8946579787175
"362","22064153B26413774655735",2,70779.7952627034,141559.590525407,11.8604760418684
"363","22064153B26432964343600",1,76113.4307327812,76113.4307327812,11.2399800162248
"364","22064153B26463696706835",1,188532.243573876,188532.243573876,12.1470243246845
"365","22064153B26513167275722",1,11350.6599479516,11350.6599479516,9.33703116641316
"366","22064153B26624831097193",1,7542.79300322278,7542.79300322278,8.92834781724227
"367","22064153B26660671620175",1,745093.46365548,745093.46365548,13.521264944064
"368","22064153B26661145575054",1,50989.0508333842,50989.0508333842,10.8393661991159
"369","22064153B26672672151559",1,4826.78226713375,4826.78226713375,8.48193532735781
"370","22064153B26773121701856",2,32654.2175379311,65308.4350758622,11.0868764811315
"371","22064153B26843686140780",2,48926.1799453453,97852.3598906906,11.4912150899651
"372","22064153B26884354260890",1,107973.104829092,107973.104829092,11.5896374457331
"373","22064153B26987504968655",2,109635.7517922,219271.5035844,12.2980659833471
"374","22064153B27005462697609",3,63031.0478926136,189093.143677841,12.1499949963363
"375","22064153B2702411680064",2,124805.116548443,249610.233096886,12.4276559126213
"376","22064153B27046387100615",1,39760.6490880626,39760.6490880626,10.5906329857897
"377","22064153B2722132887235",3,6011.04392532014,18033.1317759604,9.7999659991702
"378","22064153B27247213696549",1,279751.740181933,279751.740181933,12.5416578466443
"379","22064153B27289126175617",2,7697.80667608989,15395.6133521798,9.64183790056398
"380","22064153B27349531519985",2,116340.28442046,232680.56884092,12.3574218427566
"381","22064153B27367893757530",1,42981.1803426165,42981.1803426165,10.668517632421
"382","22064153B27378883096087",1,617113.11434523,617113.11434523,13.3328076156556
"383","22064153B27631691114886",3,11180.0873926078,33540.2621778234,10.4205018522168
"384","22064153B27637415608592",1,7514.22136309063,7514.22136309063,8.92455268578656
"385","22064153B27657139570827",2,91934.673217515,183869.34643503,12.1219807106467
"386","22064153B27741683898286",1,54087.7892565029,54087.7892565029,10.8983637324551
"387","22064153B27762332852443",2,11684.3683675558,23368.7367351116,10.0591543710916
"388","22064153B27870068763569",2,14407.7404503607,28815.4809007214,10.2686680529809
"389","22064153B27933078040866",1,86296.1163244869,86296.1163244869,11.3655398740251
"390","22064153B27979784056918",2,39130.4333005477,78260.8666010954,11.2678029690624
"391","22064153B28035717704665",2,45849.3786687221,91698.7573374442,11.4262641067617
"392","22064153B28097279144094",3,168715.731306206,506147.193918618,13.1345828030396
"393","22064153B28150220320962",2,691.244914597107,1382.48982919421,7.23164137654788
"394","22064153B28200881155358",1,13654.9572756588,13654.9572756588,9.52185790506064
"395","22064153B28337090831591",2,360762.052225743,721524.104451486,13.4891210654412
"396","22064153B28414045924235",3,3907.11852300691,11721.3555690207,9.3691677193283
"397","22064153B28508352708384",1,58666.9171494482,58666.9171494482,10.9796312549359
"398","22064153B28562561290701",1,22760.2105223167,22760.2105223167,10.0327691378599
"399","22064153B28607831481816",3,4764.11757387424,14292.3527216227,9.5674798984933
"400","22064153B28818453738247",2,85105.1680148705,170210.336029741,12.0447902220069
"401","22064153B28841810223211",1,53515.1449567266,53515.1449567266,10.8877199761269
"402","22064153B28864104730432",1,53492.5289667541,53492.5289667541,10.8872972776515
"403","22064153B29022768014976",1,28207.4699396889,28207.4699396889,10.247342113327
"404","22064153B29029874333324",1,34952.6056423713,34952.6056423713,10.4617482983128
"405","22064153B29179737200672",1,47692.6967741239,47692.6967741239,10.7725335576936
"406","22064153B29202371584226",1,234702.013734395,234702.013734395,12.3660719618381
"407","22064153B2920977635331",2,10444.0716622127,20888.1433244254,9.94693697192309
"408","22064153B29354983880781",2,87586.993342729,175173.986685458,12.0735349686378
"409","22064153B29529124372788",2,80950.2404290577,161900.480858115,11.9947371097547
"410","22064153B29541790734430",2,112557.111788975,225114.22357795,12.3243632127171
"411","22064153B29606246418188",2,77569.584169067,155139.168338134,11.952077853312
"412","22064153B29701758489760",2,55538.5631797168,111077.126359434,11.6179800710774
"413","22064153B298158602474",1,5339.61546484106,5339.61546484106,8.58290891903198
"414","22064153B29893282242980",3,10790.4027196879,32371.2081590637,10.3850246696425
"415","22064153B29987612249320",2,55981.3311901374,111962.662380275,11.6259207230919
"416","22064153B30058273208400",2,67046.8054946815,134093.610989363,11.8062934245059
"417","22064153B30086215465497",1,67012.8117976738,67012.8117976738,11.1126391009535
"418","22064153B3017496076038",2,22202.2621127887,44404.5242255774,10.7010966402016
"419","22064153B30238599380330",2,19486.6084405198,38973.2168810396,10.5706299425533
"420","22064153B30363651690938",1,331021.694068942,331021.694068942,12.7099391932053
"421","22064153B30375928590829",2,25750.1621504894,51500.3243009788,10.8493433837384
"422","22064153B30432270495602",2,23650.5956026392,47301.1912052784,10.7642907582069
"423","22064153B30552357265418",2,397429.004396965,794858.00879393,13.585918772394
"424","22064153B30582374301374",2,42434.9945625968,84869.9891251936,11.3488758248288
"425","22064153B30625233243143",1,36125.5093531171,36125.5093531171,10.4947545250556
"426","22064153B30638579191520",3,11409.2969411133,34227.8908233399,10.4407961118443
"427","22064153B30746537151350",3,641.84925008901,1925.54775026703,7.56296575183973
"428","22064153B30747054135081",2,178166.650241151,356333.300482302,12.7836218091472
"429","22064153B30862547223032",1,9175.38891063173,9175.38891063173,9.12428006010417
"430","22064153B31040829489801",1,91389.178965857,91389.178965857,11.4228823583749
"431","22064153B31050453163422",2,3338.2125439057,6676.4250878114,8.80633795678269
"432","22064153B31135289991863",1,81098.4100679186,81098.4100679186,11.3034186353234
"433","22064153B3116190270971",2,30191.3129462593,60382.6258925186,11.0084566917574
"434","22064153B31188277470964",2,78417.0061638676,156834.012327735,11.9629432787312
"435","22064153B31214056666647",1,39631.3790360028,39631.3790360028,10.5873764833586
"436","22064153B31303079621207",2,83646.1556235395,167292.311247079,12.0274979280412
"437","22064153B31654670628378",3,24791.5931617108,74374.7794851324,11.2168721779378
"438","22064153B3166560830766",2,27184.2757801374,54368.5515602748,10.9035411693635
"439","22064153B31828477920697",1,75471.0283757401,75471.0283757401,11.2315041314712
"440","22064153B31840797679086",3,5583.073752151,16749.221256453,9.72610704402036
"441","22064153B31988030206411",1,52923.9451133257,52923.9451133257,10.876611164077
"442","22064153B32144271118289",1,5445.66961423043,5445.66961423043,8.602576005626
"443","22064153B32207594646608",3,17004.9205068223,51014.7615204669,10.8398703114041
"444","22064153B32431944472623",1,1540.00892442229,1540.00892442229,7.33954349047029
"445","22064153B32453256362792",3,11373.4050257995,34120.2150773985,10.4376453051437
"446","22064153B32454677361309",2,67733.359288585,135466.71857717,11.8164812697758
"447","22064153B32459042913276",2,16561.0288909662,33122.0577819324,10.4079547376661
"448","22064153B32499931661973",1,162093.024403992,162093.024403992,11.9959256741266
"449","22064153B32597994259777",1,56018.7597435738,56018.7597435738,10.9334419090398
"450","22064153B3260295763556",1,42751.8434716589,42751.8434716589,10.6631675955792
"451","22064153B32622592109390",1,767048.799657994,767048.799657994,13.5503057023906
"452","22064153B32661608825034",1,532967.653923798,532967.653923798,13.1862160144843
"453","22064153B32663760346389",1,67745.9375297935,67745.9375297935,11.1235197742842
"454","22064153B32697897340727",1,51295.70777303,51295.70777303,10.8453623585167
"455","22064153B3280524188858",1,91565.0879766095,91565.0879766095,11.424805342385
"456","22064153B32879665089708",3,20184.1890734358,60552.5672203074,11.011267146436
"457","22064153B33022261417007",1,34811.4884689222,34811.4884689222,10.4577027396995
"458","22064153B33141511613521",1,16706.7519946253,16706.7519946253,9.72356822774856
"459","22064153B33206929848815",3,6520.38901382173,19561.1670414652,9.88130160650553
"460","22064153B33402705241691",2,39749.9640964142,79499.9281928284,11.2835113974072
"461","22064153B33610753881119",1,27327.6287777911,27327.6287777911,10.2156535125452
"462","22064153B33757504335053",1,118481.758015327,118481.758015327,11.6825142869083
"463","22064153B33921572198120",2,389765.221613847,779530.443227694,13.5664470215316
"464","22064153B3414994926035",1,16505.3569058832,16505.3569058832,9.71144026816032
"465","22064153B34173315549622",1,21046.6468633786,21046.6468633786,9.95449653252065
"466","22064153B34193146717315",2,65112.0005990695,130224.001198139,11.7770113327674
"467","22064153B34267563622194",2,295237.920549789,590475.841099578,13.2886840011655
"468","22064153B34289782846164",1,456660.673975241,456660.673975241,13.0316958863681
"469","22064153B34371075767186",2,43349.3321619963,86698.6643239926,11.370193756929
"470","22064153B34391184874660",1,606.931911239069,606.931911239069,6.40841661217966
"471","22064153B34425405263494",2,42303.723130581,84607.446261162,11.3457775589924
"472","22064153B34439901226362",1,700485.48432263,700485.48432263,13.4595289226639
"473","22064153B34443868046446",1,613701.230393144,613701.230393144,13.3272634932524
"474","22064153B34645070246824",1,132987.55746278,132987.55746278,11.7980108499161
"475","22064153B34770411990432",2,201628.915827576,403257.831655152,12.9073314171384
"476","22064153B34805483384531",2,51386.8867968942,102773.773593788,11.5402854787714
"477","22064153B34841335570745",2,105359.146305453,210718.292610906,12.2582774143005
"478","22064153B34851227738598",1,25265.0651097378,25265.0651097378,10.1371778947952
"479","22064153B3490214986239",2,16591.6023080055,33183.204616011,10.4097991418417
"480","22064153B34956601586296",3,3765.25604894525,11295.7681468357,9.33218343427767
"481","22064153B35070175546875",1,511658.523802131,511658.523802131,13.1454127358155
"482","22064153B35070439080278",2,16009.3165928326,32018.6331856652,10.3740732993706
"483","22064153B35076023646202",1,64689.230653251,64689.230653251,11.0773500161439
"484","22064153B35105939301214",3,13764.823581945,41294.470745835,10.6284838897402
"485","22064153B35205149124459",1,35587.9861857744,35587.9861857744,10.4797633931937
"486","22064153B35259922763541",3,1758.620965664,5275.862896992,8.57089752733428
"487","22064153B3528434639026",3,32538.0292425935,97614.0877277805,11.4887771034581
"488","22064153B35296121445435",1,52058.8346605071,52058.8346605071,10.8601297937515
"489","22064153B35365393419154",1,23501.9768418782,23501.9768418782,10.0648398175253
"490","22064153B35477366306356",3,11071.5043112092,33214.5129336276,10.4107421959433
"491","22064153B35633292127249",1,49083.165279106,49083.165279106,10.8012713889846
"492","22064153B35670810334421",2,3005.8475850563,6011.6951701126,8.70146204601331
"493","22064153B35820151330939",1,6741.37176144652,6741.37176144652,8.81601870863503
"494","22064153B3601656726791",1,117741.329833961,117741.329833961,11.6762453771844
"495","22064153B36124177261104",1,95424.7491825199,95424.7491825199,11.4660932491847
"496","22064153B36411435837789",1,730599.72543368,730599.72543368,13.5016210175339
"497","22064153B36448258784434",1,92644.6545706289,92644.6545706289,11.4365265351827
"498","22064153B36635656677218",1,151284.415854217,151284.415854217,11.9269168928469
"499","22064153B36640851523102",2,76340.2182037415,152680.436407483,11.9361023651697
"500","22064153B36650271822952",3,6700.44676365119,20101.3402909536,9.90854177296605
"501","22064153B36671454737520",1,27205.2432429802,27205.2432429802,10.2111649999931
"502","22064153B36847259305466",2,89623.6757915265,179247.351583053,12.0965219833628
"503","22064153B36899747691995",1,13797.5659313293,13797.5659313293,9.53224747380047
"504","22064153B37072051859512",2,536660.957677676,1073321.91535535,13.8862689909282
"505","22064153B3707797018061",2,121469.026046603,242938.052093206,12.400561760165
"506","22064153B37190858382718",3,397.69693358555,1193.09080075665,7.08430253048127
"507","22064153B37300460169028",1,31358.2724647012,31358.2724647012,10.3532333857244
"508","22064153B37672699687454",2,1151.30688451705,2302.6137690341,7.7418001779985
"509","22064153B37690647476013",2,30253.8374611135,60507.674922227,11.0105254941917
"510","22064153B37844292168146",2,53386.7308531283,106773.461706257,11.578464688734
"511","22064153B37976146363368",3,13161.0700996341,39483.2102989023,10.5836308048034
"512","22064153B37992746393477",1,202154.570075261,202154.570075261,12.2167878821607
"513","22064153B37993588390493",1,500653.907115266,500653.907115266,13.1236703371907
"514","22064153B37996051653181",1,23336.2506574243,23336.2506574243,10.0577632527233
"515","22064153B38003203294123",1,65731.4956065415,65731.4956065415,11.0933334747876
"516","22064153B38015411122524",3,13733.9050279358,41201.7150838074,10.6262351627189
"517","22064153B38031589003177",2,20721.7918242137,41443.5836484274,10.632088351197
"518","22064153B3805543078066",1,423682.83127157,423682.83127157,12.9567404148391
"519","22064153B38153084112914",1,4509.4826537039,4509.4826537039,8.41393771498652
"520","22064153B38160356889893",1,25821.0122631665,25821.0122631665,10.1589438682474
"521","22064153B38167262052076",2,64210.8780843213,128421.756168643,11.7630750964503
"522","22064153B38229059765707",2,22918.4948966021,45836.9897932042,10.7328466815449
"523","22064153B38245769729166",1,78149.8000943305,78149.8000943305,11.2663827778723
"524","22064153B3825663705425",1,109858.000138827,109858.000138827,11.6069439030064
"525","22064153B38516205558719",1,11604.0809778512,11604.0809778512,9.35911212365983
"526","22064153B38748946116024",1,7876.02899254661,7876.02899254661,8.97157912087802
"527","22064153B38891781279307",1,19395.8874324458,19395.8874324458,9.87281633456053
"528","22064153B38947998190164",2,814689.004349598,1629378.0086992,14.303708910204
"529","22064153B39059468846862",2,35140.1006083803,70280.2012167606,11.1602454053698
"530","22064153B39171502191048",1,12160.0021242323,12160.0021242323,9.4059073302103
"531","22064153B39173666137461",1,9976.73915966549,9976.73915966549,9.20801157840671
"532","22064153B39248770948024",1,35963.4158644716,35963.4158644716,10.4902574747436
"533","22064153B39270708607806",1,651898.926366035,651898.926366035,13.3876448079808
"534","22064153B3938039280311",2,2545206.18415562,5090412.36831124,15.4428694006304
"535","22064153B39431527645490",2,12539.1674269597,25078.3348539194,10.1297595991583
"536","22064153B39627924903777",2,38913.7376936196,77827.4753872392,11.2622498018999
"537","22064153B397815229123",2,808.000748940557,1616.00149788111,7.38771016598724
"538","22064153B39894202763699",1,17092.7537272869,17092.7537272869,9.74640989404149
"539","22064153B39921881538290",1,80822.5449895257,80822.5449895257,11.3000112277373
"540","22064153B39922172056835",2,397626.07829271,795252.15658542,13.586414521441
"541","22064153B39981249129264",1,35405.1016993573,35405.1016993573,10.4746112045392
"542","22064153B40136139146839",1,36881.5719392574,36881.5719392574,10.515467299844
"543","22064153B40173018789364",1,90425.283656899,90425.283656899,11.4122791937454
"544","22064153B40278985513053",1,8487.29056279172,8487.29056279172,9.04632509560276
"545","22064153B40400083075761",3,2543.7003130208,7631.1009390624,8.93998740470345
"546","22064153B40416571045397",2,92319.2528737175,184638.505747435,12.1261551694801
"547","22064153B4043295129009",2,15429.552525175,30859.10505035,10.3371871251839
"548","22064153B40501348045878",1,178527.763891685,178527.763891685,12.0924994081162
"549","22064153B40508197079928",3,23079.9943978444,69239.9831935332,11.1453337665624
"550","22064153B40607991311144",1,198945.386661547,198945.386661547,12.2007856271547
"551","22064153B40775689638766",1,42197.4141833647,42197.4141833647,10.650114222871
"552","22064153B40974377910611",1,269442.84278123,269442.84278123,12.5041115606827
"553","22064153B41096346317753",2,14944.3681814483,29888.7363628966,10.3052369781346
"554","22064153B41128081169981",1,9592.99029047821,9592.99029047821,9.16878793267089
"555","22064153B41154522842822",1,6226.91161315823,6226.91161315823,8.73663576064264
"556","22064153B41206405308946",3,59549.0507217866,178647.15216536,12.0931679224645
"557","22064153B41312501853097",1,NA,NA,NA
"558","22064153B41318657568048",2,11070.4024265382,22140.8048530764,10.005177558496
"559","22064153B41354551896797",1,27374.7235807529,27374.7235807529,10.2173753695611
"560","22064153B41514672574111",2,19730.3820006038,39460.7640012076,10.5830621407984
"561","22064153B41525675673644",3,11491.8085806526,34475.4257419578,10.4480020518806
"562","22064153B41545162624275",1,54640.6446761586,54640.6446761586,10.908533292787
"563","22064153B41590295384233",2,111222.024353265,222444.04870653,12.3124308824779
"564","22064153B41643449660961",2,54394.1690772127,108788.338154425,11.5971594215785
"565","22064153B417111065512",1,53502.2997451044,53502.2997451044,10.88747991785
"566","22064153B41713963483520",3,1646.52976831174,4939.58930493522,8.50503747007314
"567","22064153B41777541887282",1,13596.9831984476,13596.9831984476,9.51760322347408
"568","22064153B41932272876566",2,58871.8283040989,117743.656608198,11.6762651387349
"569","22064153B42062720942264",2,1293.80083828474,2587.60167656948,7.85848673209414
"570","22064153B4211596098450",1,72540.4747286622,72540.4747286622,11.1918999571863
"571","22064153B42217323909789",1,47743.9881789188,47743.9881789188,10.7736084359704
"572","22064153B42280137563605",1,56408.7462050084,56408.7462050084,10.9403795000202
"573","22064153B42291200721989",1,86636.446241093,86636.446241093,11.3694758633024
"574","22064153B42302848095491",1,2629.32760089032,2629.32760089032,7.87448342742321
"575","22064153B42334403031986",1,17164.927966109,17164.927966109,9.75062350932656
"576","22064153B42347188648904",2,231219.867117784,462439.734235568,13.0442715230887
"577","22064153B42446330332241",1,NA,NA,NA
"578","22064153B4274209582436",2,38522.0436710647,77044.0873421294,11.252133099869
"579","22064153B4286483496326",3,1296.06269171471,3888.18807514413,8.26569853764704
"580","22064153B42905790783951",1,23584.5516129645,23584.5516129645,10.0683471840034
"581","22064153B43125554844951",1,33056.3605552912,33056.3605552912,10.4059692792683
"582","22064153B43134754063243",1,117150.582155613,117150.582155613,11.6712154132417
"583","22064153B43162211082294",3,76999.9074046638,230999.722213991,12.3501717869664
"584","22064153B43185436543368",1,106120.167229792,106120.167229792,11.572327384106
"585","22064153B43232659310460",1,29163.1043658635,29163.1043658635,10.2806596401908
"586","22064153B43476181465127",2,16195.5527660694,32391.1055321388,10.3856391434797
"587","22064153B43689420545928",2,116617.794980337,233235.589960674,12.3598043374257
"588","22064153B43785762223582",2,43063.8221021654,86127.6442043308,11.3635857097817
"589","22064153B43898079170437",1,237092.431537897,237092.431537897,12.3762053505735
"590","22064153B43904559584393",2,70805.8170354423,141611.634070885,11.8608436183842
"591","22064153B43932991343110",1,5511.32972406117,5511.32972406117,8.61456120226245
"592","22064153B439820272378",2,58437.7233663879,116875.446732776,11.6688640888962
"593","22064153B43988911271418",1,399271.910300012,399271.910300012,12.897397943219
"594","22064153B44054908542385",2,22005.063833572,44010.127667144,10.6921750606676
"595","22064153B4409747403252",1,85726.9070500143,85726.9070500143,11.3589220232197
"596","22064153B44267984628031",1,30775.1016250898,30775.1016250898,10.3344612532435
"597","22064153B44315864590380",2,61111.2467125033,122222.493425007,11.7135983793618
"598","22064153B44317666842318",3,35125.4267229598,105376.280168879,11.5652928439267
"599","22064153B44499834230387",1,46166.6971092551,46166.6971092551,10.7400139753475
"600","22064153B44542304217365",1,122632.051288748,122632.051288748,11.7169436980788
"601","22064153B44542802774302",1,28274.5248615663,28274.5248615663,10.2497164966545
"602","22064153B44549146098758",1,32632.0190480117,32632.0190480117,10.3930492647191
"603","22064153B44553862516969",2,64184.134735992,128368.269471984,11.7626585172059
"604","22064153B4475386175158",2,4145.12919187712,8290.25838375424,9.02283641576838
"605","22064153B44784100990401",2,60110.3677412247,120220.735482449,11.6970847943789
"606","22064153B44837767609725",2,51999.8062301186,103999.612460237,11.5521424517727
"607","22064153B44894866493506",3,24353.3610360828,73060.0831082484,11.1990374378828
"608","22064153B44963787773880",3,389383.070782326,1168149.21234698,13.970931184508
"609","22064153B45001558648398",1,124945.527201443,124945.527201443,11.7356331389152
"610","22064153B45156088025009",1,51907.3080057377,51907.3080057377,10.8572148686004
"611","22064153B45188135537989",3,8334.80660446804,25004.4198134041,10.1268078807605
"612","22064153B45193462412831",2,2230.51527080123,4461.03054160246,8.4031350814627
"613","22064153B45421969822613",1,34680.6302785505,34680.6302785505,10.4539366048513
"614","22064153B45509780052584",2,7380.32286107449,14760.645722149,9.59971984531062
"615","22064153B45672928552582",1,3948.42526400376,3948.42526400376,8.2810721110654
"616","22064153B4579292300123",2,7427.63220800641,14855.2644160128,9.6061095875372
"617","22064153B45962078920290",2,26637.6219029695,53275.243805939,10.8832270333231
"618","22064153B4599338501443",1,108185.254994114,108185.254994114,11.5916003606379
"619","22064153B46015146665875",2,44161.0955859022,88322.1911718044,11.3887466706665
"620","22064153B46077925963614",1,3916090.99668818,3916090.99668818,15.1806045195148
"621","22064153B46097580032507",2,55142.4859441432,110284.971888286,11.610822948346
"622","22064153B46179239075141",1,247404.223040147,247404.223040147,12.4187788084802
"623","22064153B46237965810139",1,4966.78967076377,4966.78967076377,8.51052896888436
"624","22064153B46426068444343",2,92203.6949015492,184407.389803098,12.1249026641558
"625","22064153B46444356983113",3,8012.81130959852,24038.4339287956,10.0874092421343
"626","22064153B46600625049869",1,82330.4318247663,82330.4318247663,11.3184960853263
"627","22064153B46704511069895",3,1621.90156670992,4865.70470012976,8.48996683513325
"628","22064153B4671862991873",1,52734.7371779045,52734.7371779045,10.8730296668717
"629","22064153B46722483166197",1,45260.4266323963,45260.4266323963,10.7201883454002
"630","22064153B46764438077406",3,33471.0475976299,100413.14279289,11.5170483819842
"631","22064153B46807653083164",2,94743.2927503866,189486.585500773,12.1520735120848
"632","22064153B46974703546611",2,29522.1838209148,59044.3676418296,10.9860444342114
"633","22064153B4700189189865",1,17081.2658147365,17081.2658147365,9.74573757552953
"634","22064153B47073397017975",2,43108.4492915757,86216.8985831514,11.3646214766863
"635","22064153B47088094291136",2,37178.1235105635,74356.247021127,11.2166229701627
"636","22064153B47110066124982",1,21579.0411720825,21579.0411720825,9.97947780650355
"637","22064153B47141697781340",1,69407.4724818147,69407.4724818147,11.1477498133472
"638","22064153B47270255422143",2,31933.6180534617,63867.2361069234,11.0645617718902
"639","22064153B47306424439203",1,77769.6002982087,77769.6002982087,11.2615058921388
"640","22064153B47377223297779",1,46192.4111989054,46192.4111989054,10.7405708038138
"641","22064153B47469236554060",2,695555.835845898,1391111.6716918,14.1456137492733
"642","22064153B47508893912930",2,390384.778979119,780769.557958238,13.5680353250503
"643","22064153B47665726673429",1,30454.5493093315,30454.5493093315,10.3239906645839
"644","22064153B47905717209978",2,130334.147884878,260668.295769756,12.4710039805959
"645","22064153B47985746370691",2,334326.346682255,668652.69336451,13.4130200613561
"646","22064153B48033226915297",1,89096.5430071682,89096.5430071682,11.3974758136845
"647","22064153B48077040474563",3,9154.50510455082,27463.5153136525,10.2206136869208
"648","22064153B48099706637709",1,35778.9428204554,35778.9428204554,10.4851148099648
"649","22064153B48122018052032",3,2162.10302956796,6486.30908870388,8.7774489404811
"650","22064153B48186183517064",3,39824.9254601748,119474.776380524,11.6908605517604
"651","22064153B48335058983319",2,16648.7872731644,33297.5745463288,10.4132398368693
"652","22064153B48342484050891",1,28804.9505081736,28804.9505081736,10.2683025439971
"653","22064153B48448071500223",1,52912.2050983574,52912.2050983574,10.8763893114304
"654","22064153B48657370827340",1,20837.2102008403,20837.2102008403,9.94449561938419
"655","22064153B48721476653165",1,36733.2462475213,36733.2462475213,10.5114375162729
"656","22064153B48836747079697",2,31225.2059306414,62450.4118612828,11.0421281105885
"657","22064153B49253931002117",1,16174.8597217056,16174.8597217056,9.69121344679397
"658","22064153B49276333720668",3,273.062829189375,819.188487568125,6.70831420092493
"659","22064153B49277227172137",3,76899.3320885697,230697.996265709,12.3488647586699
"660","22064153B49332133216628",2,103194.572394441,206389.144788882,12.2375187181294
"661","22064153B4943550686052",1,151478.981080421,151478.981080421,11.9282021555634
"662","22064153B49505315187680",2,18474.0661003586,36948.1322007172,10.517270375727
"663","22064153B49599067230525",3,3404.78575413302,10214.3572623991,9.23154958431265
"664","22064153B49774886462778",2,87473.1660116265,174946.332023253,12.0722345317187
"665","22064153B49815970658587",1,1650.38506026423,1650.38506026423,7.40876390952523
"666","22064153B4986899209326",1,10826.6083018687,10826.6083018687,9.28976211475572
"667","22064153B49930616683210",3,24623.5611200049,73870.6833600147,11.2100713213263
"668","22064153B50045413715781",3,975.157432450488,2925.47229735146,7.9812112158112
"669","22064153B50086663082830",1,20822.1690575048,20822.1690575048,9.9437735181788
"670","22064153B50127678643850",2,50365.0846530489,100730.169306098,11.5202006297265
"671","22064153B50130441477952",2,19327.3877008995,38654.775401799,10.5624256014104
"672","22064153B50136100430042",2,132939.845017859,265879.690035718,12.4907991923497
"673","22064153B50299465118131",2,12227.2062271016,24454.4124542032,10.1045659470951
"674","22064153B50417144579003",2,116882.72603889,233765.45207778,12.3620735501117
"675","22064153B5049217711544",2,491.641405050876,983.282810101752,6.89089677978824
"676","22064153B5057335673555",1,39128.2788890115,39128.2788890115,10.5746007298009
"677","22064153B5111391554664",1,44051.3260218938,44051.3260218938,10.6931107335649
"678","22064153B51289193141424",1,10724.8369359609,10724.8369359609,9.28031753957442
"679","22064153B51420190401517",2,1821.14130681047,3642.28261362094,8.20036585574508
"680","22064153B51464692079899",1,NA,NA,NA
"681","22064153B5152282240918",1,5918.23368948076,5918.23368948076,8.68579332009549
"682","22064153B51590096369017",2,27195.1213580623,54390.2427161246,10.9039400549208
"683","22064153B51627476063203",1,173471.170872152,173471.170872152,12.0637667024424
"684","22064153B51662529993673",3,3917.2127830612,11751.6383491836,9.37174794382536
"685","22064153B51668010168839",1,300162.481624098,300162.481624098,12.6120792124367
"686","22064153B51715438268926",2,37940.4439308018,75880.8878616036,11.2369201248451
"687","22064153B51725743038941",1,69252.8588035095,69252.8588035095,11.1455197055586
"688","22064153B51830778550704",2,93890.1934919323,187780.386983865,12.1430284046468
"689","22064153B51861353705431",1,122055.622227862,122055.622227862,11.712232139716
"690","22064153B519565970341",2,74768.7685197894,149537.537039579,11.9153027241734
"691","22064153B52085994320923",1,118724.896290727,118724.896290727,11.6845642998918
"692","22064153B52179912270627",1,48368.3014191499,48368.3014191499,10.7865999487884
"693","22064153B52241055716439",1,55603.3591282526,55603.3591282526,10.9259988943895
"694","22064153B52253141451980",2,188854.751776311,377709.503552622,12.8418806700272
"695","22064153B52291408422766",1,10171.8774516627,10171.8774516627,9.22738207885468
"696","22064153B52336142929997",1,15802.9656743987,15802.9656743987,9.66795290231276
"697","22064153B52523580672290",1,35488.7538897522,35488.7538897522,10.4769711334364
"698","22064153B52526289873005",1,5897.687452971,5897.687452971,8.68231559593498
"699","22064153B52612753206186",3,7224.32082303891,21672.9624691167,9.98382079349848
"700","22064153B52629269001458",1,2375.79063110467,2375.79063110467,7.77308555837796
"701","22064153B52633464961485",1,205908.007976797,205908.007976797,12.2351847848132
"702","22064153B52648905753653",1,4273.14558236574,4273.14558236574,8.36010550535752
"703","22064153B5267804533831",1,11008.2727271034,11008.2727271034,9.30640233522082
"704","22064153B52753140489458",2,223706.655333865,447413.31066773,13.0112380787528
"705","22064153B52803081317924",2,25911.0587423593,51822.1174847186,10.8555723155877
"706","22064153B52841590037267",1,22727.0097490767,22727.0097490767,10.0313093529384
"707","22064153B52887999669387",1,328761.412890553,328761.412890553,12.7030875778884
"708","22064153B52899597387613",1,11258.2863386579,11258.2863386579,9.3288596999391
"709","22064153B52911851929609",1,113562.479097428,113562.479097428,11.6401084410762
"710","22064153B53002187512045",3,19644.1318694307,58932.3956082921,10.984146228767
"711","22064153B53034253556310",1,97113.0955101936,97113.0955101936,11.4836315114082
"712","22064153B53114788196581",1,193413.173031456,193413.173031456,12.1725839725642
"713","22064153B53244281721356",1,279487.073903157,279487.073903157,12.540711323292
"714","22064153B53353386763224",1,557167.257654618,557167.257654618,13.2306207568759
"715","22064153B53393989117079",3,5362.80593070493,16088.4177921148,9.685854900292
"716","22064153B53434069623251",1,67063.5908043641,67063.5908043641,11.1133965647299
"717","22064153B53472362936594",1,124726.535224859,124726.535224859,11.7338789015319
"718","22064153B53533855614877",2,153389.037438937,306778.074877874,12.6338798820294
"719","22064153B53754534753242",2,5347.88308249531,10695.7661649906,9.27760325663093
"720","22064153B53816838639023",2,57470.2927573301,114940.58551466,11.6521706261384
"721","22064153B53997811528221",2,10886.8083809813,21773.6167619626,9.98845427556806
"722","22064153B54195115998574",2,12516.2571383541,25032.5142767082,10.1279308299087
"723","22064153B54201279846149",2,7026.14422917313,14052.2884583463,9.55054054109605
"724","22064153B54270882779278",1,309593.789845308,309593.789845308,12.6430163618573
"725","22064153B54328590224994",3,5161.50904194365,15484.527125831,9.64759655437764
"726","22064153B54478878575697",1,97300.0678192266,97300.0678192266,11.4855549651854
"727","22064153B54491533323860",2,26493.8729917149,52987.7459834298,10.8778159579418
"728","22064153B54492214323948",2,59563.0881807463,119126.176361493,11.6879385159255
"729","22064153B54493928872719",2,49801.4117575171,99602.8235150342,11.5089457917154
"730","22064153B54573279257236",2,10839.9713451367,21679.9426902734,9.98414281211251
"731","22064153B54635082172523",1,14356.656852351,14356.656852351,9.57196900577296
"732","22064153B54657262199971",2,31723.9156103991,63447.8312207982,11.0579732916411
"733","22064153B54692117274500",1,2342.74306733984,2342.74306733984,7.75907777280196
"734","22064153B54693030859615",1,71390.2211455892,71390.2211455892,11.1759161802027
"735","22064153B54812792902369",2,102801.877940624,205603.755881248,12.2337060803012
"736","22064153B55014741833430",2,8624.64897366818,17249.2979473364,9.75552672292615
"737","22064153B55178851895716",1,15171.0463788288,15171.0463788288,9.62714404681473
"738","22064153B5520386080739",3,17514.7781883056,52544.3345649168,10.8694125601205
"739","22064153B55351511475413",1,63400.7013111918,63400.7013111918,11.0572302020549
"740","22064153B5541969291593",2,10796.131333083,21592.262666166,9.98009031960004
"741","22064153B55422469295161",1,NA,NA,NA
"742","22064153B55493173352162",3,16670.4180261744,50011.2540785232,10.8200033406537
"743","22064153B55574544094548",1,54288.3533861529,54288.3533861529,10.9020649964737
"744","22064153B55696485794579",2,917.449421597073,1834.89884319415,7.51474463264444
"745","22064153B55930097994120",3,76925.7224902533,230777.16747076,12.3492078809527
"746","22064153B55931345507884",1,86034.396803848,86034.396803848,11.3625024581073
"747","22064153B55971315986708",2,4511.73054914369,9023.46109828738,9.10758325323645
"748","22064153B55990340820977",1,118488.244406949,118488.244406949,11.6825690313195
"749","22064153B5606212103523",1,4485.66782305871,4485.66782305871,8.40864266487054
"750","22064153B56106555282703",3,122116.858136401,366350.574409203,12.8113460075116
"751","22064153B56211754183419",1,458057.046287673,458057.046287673,13.0347490105532
"752","22064153B56242014914717",1,57096.439310795,57096.439310795,10.9524970348695
"753","22064153B56325145349456",1,32169.4109697013,32169.4109697013,10.3787713101401
"754","22064153B56360165329958",1,42572.4836184047,42572.4836184047,10.6589633991078
"755","22064153B5639303990614",3,106.670206729819,320.010620189457,5.76835418333511
"756","22064153B56407070841201",1,21338.749686663,21338.749686663,9.96827993301102
"757","22064153B56453933156729",1,72761.402489923,72761.402489923,11.1949409080087
"758","22064153B56467377786107",1,10858.7921483715,10858.7921483715,9.29273036707888
"759","22064153B56558553348528",2,9159.96748780357,18319.9349756071,9.8157450888554
"760","22064153B56572969434164",1,41965.8443468424,41965.8443468424,10.6446113365777
"761","22064153B56867511813359",2,69493.5541011201,138987.10820224,11.8421364610651
"762","22064153B56887254979091",2,49786.0589587025,99572.117917405,11.5086374637937
"763","22064153B56938477027476",2,8921.76832308307,17843.5366461661,9.78939662898465
"764","22064153B56972160606638",2,2031.34184091332,4062.68368182664,8.30959903960397
"765","22064153B56990836800595",2,186240.42341166,372480.84682332,12.8279408975558
"766","22064153B5719123813817",1,148951.889980689,148951.889980689,11.911378646753
"767","22064153B5740427837712",2,126845.903536744,253691.807073488,12.4438754513075
"768","22064153B57425006507818",2,1397043.35901067,2794086.71802134,14.8430158555477
"769","22064153B57460904263691",2,25980.0887048818,51960.1774097636,10.8582328851314
"770","22064153B57479664595133",2,79747.8971535744,159495.794307149,11.9797728328791
"771","22064153B57554253448105",1,1623.65709310556,1623.65709310556,7.39243634886087
"772","22064153B57637751083346",2,1545.69875385622,3091.39750771244,8.03637853551761
"773","22064153B57655293715823",2,33349.7111660759,66699.4223321518,11.1079515711788
"774","22064153B57698371148493",2,6451.75900182827,12903.5180036565,9.46525526663195
"775","22064153B57896694451609",1,48909.7967582402,48909.7967582402,10.7977329981013
"776","22064153B57923514267215",3,5265.55949091741,15796.6784727522,9.66755497367152
"777","22064153B58180962451731",1,160964.774606119,160964.774606119,11.988940828762
"778","22064153B5819975327596",1,16560.660311655,16560.660311655,9.71478530103652
"779","22064153B58215996136290",2,426589.510312366,853179.020624732,13.6567246762296
"780","22064153B58231040039933",2,22916.0399673833,45832.0799347666,10.7327395601689
"781","22064153B58264224873440",1,11998.6017565887,11998.6017565887,9.39254540169685
"782","22064153B58298111838793",1,112625.847622548,112625.847622548,11.6318265209427
"783","22064153B58412342930538",2,127288.781366852,254577.562733704,12.4473608337031
"784","22064153B58560058955462",2,56910.5814291443,113821.162858289,11.6423837487478
"785","22064153B58604351029537",2,6114.18408763656,12228.3681752731,9.41151379175545
"786","22064153B58621167796121",2,31871.9019997292,63743.8039994584,11.0626272661318
"787","22064153B58761955320799",2,15134.185636208,30268.371272416,10.3178585939086
"788","22064153B58787616490408",3,23595.7926958193,70787.3780874579,11.167435988188
"789","22064153B58928205078712",1,9352.15876721026,9352.15876721026,9.14336247982669
"790","22064153B5894955463903",3,15321.848661396,45965.545984188,10.7356473944866
"791","22064153B59005328689415",1,259917.206039292,259917.206039292,12.468118420975
"792","22064153B59225820770411",2,12925.7495283364,25851.4990566728,10.1601238688421
"793","22064153B59358276614692",1,18348.2278719103,18348.2278719103,9.81728827508131
"794","22064153B5950324807443",2,71082.4982689156,142164.996537831,11.8647436094944
"795","22064153B59618567090175",1,14635.3024547484,14635.3024547484,9.59119186544803
"796","22064153B5983137694741",2,70727.0805717014,141454.161143403,11.8597309940659
"797","22064153B59967033318464",2,797.640116775181,1595.28023355036,7.37480469480228
"798","22064153B59992096453849",2,1246.4499115844,2492.8998231688,7.82120189947062
"799","22064153B60097307902017",1,54200.9003394856,54200.9003394856,10.9004527987194
"800","22064153B60131456575281",1,13151.3108066955,13151.3108066955,9.48427671375561
"801","22064153B60195592260119",1,25268.1985241333,25268.1985241333,10.1373019087288
"802","22064153B60289676551693",2,2324.25403914163,4648.50807828326,8.44430160372021
"803","22064153B60305206630690",1,106465.625974987,106465.625974987,11.5755774512349
"804","22064153B60310534251699",2,8168.6308097821,16337.2616195642,9.70120376682766
"805","22064153B60374785593421",2,80731.6952497225,161463.390499445,11.9920337117341
"806","22064153B60376459146870",3,1179.7062272877,3539.1186818631,8.17163301520648
"807","22064153B60409495183126",2,72831.6197706683,145663.239541337,11.8890526579567
"808","22064153B60457138296150",2,121611.781349788,243223.562699576,12.4017363104812
"809","22064153B60503510934184",1,41330.7675802809,41330.7675802809,10.6293624793217
"810","22064153B60540012238661",2,67214.2334336223,134428.466867245,11.8087874916912
"811","22064153B60548593458523",1,212433.632604162,212433.632604162,12.2663849014086
"812","22064153B60558378980420",2,NA,NA,NA
"813","22064153B60613345090189",2,15230.5092291441,30461.0184582882,10.3242030618156
"814","22064153B60880441829581",1,13717.2721716551,13717.2721716551,9.52641106020436
"815","22064153B60931052346072",3,19873.2646392507,59619.7939177521,10.9957429106302
"816","22064153B61048147512310",2,46097.2607430796,92194.5214861592,11.4316559878894
"817","22064153B61069370096712",1,177854.485308868,177854.485308868,12.0887209966755
"818","22064153B61201437622994",1,22285.701283342,22285.701283342,10.0117005537364
"819","22064153B61344255457770",2,31877.1099940744,63754.2199881488,11.0627906567224
"820","22064153B61345801484335",2,1713.15062561517,3426.30125123034,8.13923660590872
"821","22064153B61399355999235",3,7118.61384917307,21355.8415475192,9.96908059001582
"822","22064153B61406224805517",3,80573.6078761015,241720.823628304,12.3955387178348
"823","22064153B61450639125107",2,34949.9241909362,69899.8483818724,11.1548187591476
"824","22064153B61527088541433",1,11713.1123864474,11713.1123864474,9.36846421004198
"825","22064153B61544198291555",1,7616.88286329829,7616.88286329829,8.93812249192952
"826","22064153B61546956948147",2,10762.6466299752,21525.2932599504,9.97698395335878
"827","22064153B61629539071583",3,5238.00655063397,15714.0196519019,9.6623085643333
"828","22064153B61853178733261",1,35449.7811434869,35449.7811434869,10.4758723582737
"829","22064153B61862032927901",1,52505.2310216875,52505.2310216875,10.8686680821245
"830","22064153B61865595964656",1,19192.3346220653,19192.3346220653,9.86226623986489
"831","22064153B61872750237581",1,9045.26394009107,9045.26394009107,9.10999657817657
"832","22064153B62115102055201",1,27416.9689099159,27416.9689099159,10.2189174039686
"833","22064153B62217916410467",2,16497.4446675169,32994.8893350338,10.4041079598199
"834","22064153B62287563607588",1,14904.9459058417,14904.9459058417,9.60944837684304
"835","22064153B62305916302195",1,14688.2695415714,14688.2695415714,9.59480446383374
"836","22064153B62552817774637",2,408113.52420368,816227.04840736,13.6124478408404
"837","22064153B62697525642711",2,9944.05323955155,19888.1064791031,9.89787716767336
"838","22064153B62717634643612",3,29312.7229351757,87938.1688055271,11.3843892192922
"839","22064153B62822681138687",1,47660.5039222701,47660.5039222701,10.7718583238715
"840","22064153B62984102005508",2,14155.0043888323,28310.0087776646,10.2509706881612
"841","22064153B63008455199942",3,3866.02161838961,11598.0648551688,9.35859354034771
"842","22064153B63068612486986",3,20380.2274512542,61140.6823537626,11.0209327558955
"843","22064153B63121572566835",2,37473.3559520064,74946.7119040128,11.2245326320416
"844","22064153B63261606012237",2,56597.9967389604,113195.993477921,11.6368760508203
"845","22064153B63372535615325",2,81636.402083251,163272.804166502,12.0031777259988
"846","22064153B63401696697477",2,50903.5637552998,101807.1275106,11.5308353954865
"847","22064153B63454017875441",2,16164.2946265767,32328.5892531534,10.3837072339231
"848","22064153B6350784980137",1,685059.333389208,685059.333389208,13.4372607315797
"849","22064153B63784741567602",1,49279.2902909118,49279.2902909118,10.8052591965394
"850","22064153B63829453739833",2,NA,NA,NA
"851","22064153B63835909795908",1,211125.786852744,211125.786852744,12.2602093810552
"852","22064153B63840040249051",2,45033.7885597254,90067.5771194508,11.4083155244432
"853","22064153B63858884041047",2,315065.684833469,630131.369666938,13.3536835999106
"854","22064153B63881976764969",1,56903.3297158409,56903.3297158409,10.9491091371341
"855","22064153B64007643487677",1,19378.2381522072,19378.2381522072,9.87190597069331
"856","22064153B64052053840652",3,4251.19347054732,12753.580411642,9.45356732776434
"857","22064153B64118294616923",1,52265.4191676904,52265.4191676904,10.8640902299804
"858","22064153B6421292379130",1,67958.7970772179,67958.7970772179,11.1266568751763
"859","22064153B64219933693528",1,8630.98618358793,8630.98618358793,9.06311405142912
"860","22064153B64380847796562",2,44097.2525292428,88194.5050584856,11.3872999391299
"861","22064153B64476610605868",1,119685.497099008,119685.497099008,11.6926227237963
"862","22064153B64690480836823",2,3028.33037965142,6056.66075930284,8.70891389737262
"863","22064153B64872720029218",2,31739.0102705696,63478.0205411392,11.0584489917525
"864","22064153B64891765792099",1,33785.7924412973,33785.7924412973,10.4277956511292
"865","22064153B64946776552870",1,57505.8969243633,57505.8969243633,10.9596427767333
"866","22064153B65021908380510",2,17690.0660043245,35380.132008649,10.4739056988727
"867","22064153B65083387274460",1,32395.6441636378,32395.6441636378,10.3857792533487
"868","22064153B6523383930027",2,119023.922806701,238047.845613402,12.3802269644385
"869","22064153B65236790677801",1,195424.39336997,195424.39336997,12.182928848926
"870","22064153B65355185007631",1,1308.5848290005,1308.5848290005,7.176701549063
"871","22064153B65367495834859",1,56948.9165069294,56948.9165069294,10.9499099433551
"872","22064153B65398665506308",1,149340.295255256,149340.295255256,11.9139828416552
"873","22064153B65405257462177",2,34231.8739462427,68463.7478924854,11.1340596563129
"874","22064153B65475311637837",2,23110.5599159623,46221.1198319246,10.7411921118327
"875","22064153B65569101114722",1,4784.78675403185,4784.78675403185,8.4731967373834
"876","22064153B65650039026669",2,80422.8220279176,160845.644055835,11.9882004515161
"877","22064153B65721710551900",2,88936.6751873735,177873.350374747,12.0888270612789
"878","22064153B65726287039798",2,36999.0237699555,73998.047539911,11.2117939872424
"879","22064153B65800581846028",3,8961.3132458524,26883.9397375572,10.1992843515146
"880","22064153B65854996769111",1,28666.3705422174,28666.3705422174,10.2634799565915
"881","22064153B65910039566541",2,71498.101453841,142996.202907682,11.8705733557964
"882","22064153B66002224145568",1,51033.0032509059,51033.0032509059,10.8402278249797
"883","22064153B66021827430595",3,12277.3118054622,36831.9354163866,10.5141205580553
"884","22064153B6613288399563",2,218469.879947037,436939.759894074,12.987550615363
"885","22064153B66349136174891",1,60022.7951731373,60022.7951731373,11.0024796886054
"886","22064153B66358962164543",1,142070.37683433,142070.37683433,11.8640778253179
"887","22064153B66514919549994",1,71937.1944918276,71937.1944918276,11.1835487185997
"888","22064153B66595558459060",2,49588.6086446587,99177.2172893174,11.5046636024738
"889","22064153B66688444605380",2,9033.30929166395,18066.6185833279,9.80182123731667
"890","22064153B6673459285220",2,49535.1481369948,99070.2962739896,11.5035849405146
"891","22064153B6679921489494",2,67174.8195840938,134349.639168188,11.8082009282804
"892","22064153B66933042170680",1,7289.87536633931,7289.87536633931,8.89424172833246
"893","22064153B670450203879",3,6656.91410708453,19970.7423212536,9.90202359753942
"894","22064153B67052333434032",2,18468.4453876642,36936.8907753284,10.5169660806203
"895","22064153B67053571560742",2,14901.3456631825,29802.691326365,10.3023539813808
"896","22064153B67091834306400",1,19708.2654488328,19708.2654488328,9.8887933926635
"897","22064153B67146630599686",2,234522.592712409,469045.185424818,13.058454386977
"898","22064153B67150935418865",1,12086.1389847866,12086.1389847866,9.39981453650677
"899","22064153B67163681434847",1,432852.577620745,432852.577620745,12.9781524816239
"900","22064153B67222319597553",1,3104.58832781367,3104.58832781367,8.0406364019427
"901","22064153B67448277745737",1,52156.4052215215,52156.4052215215,10.8620022759265
"902","22064153B67459914812798",1,71332.7608879522,71332.7608879522,11.1751109803684
"903","22064153B67559782883122",2,NA,NA,NA
"904","22064153B67581321748824",1,39221.2506710123,39221.2506710123,10.576973987845
"905","22064153B67645488485026",1,61598.5383397852,61598.5383397852,11.0283934209899
"906","22064153B67668331145865",2,30558.953108289,61117.906216578,11.0205601663259
"907","22064153B67705173205056",1,7848.87282782776,7848.87282782776,8.96812521165484
"908","22064153B67847090482379",1,169804.028337957,169804.028337957,12.0424002765942
"909","22064153B6795873571666",2,446218.211929927,892436.423859854,13.7017105563282
"910","22064153B68061345904698",1,370771.124357404,370771.124357404,12.8233402357402
"911","22064153B68069187412847",3,24589.9438343665,73769.8315030995,11.2087051397914
"912","22064153B6836068570250",1,46424.5664834883,46424.5664834883,10.7455840481803
"913","22064153B68363974409505",1,32523.0587745836,32523.0587745836,10.3897046174976
"914","22064153B68471878713834",2,60338.1430377263,120676.286075453,11.7008669178198
"915","22064153B68559217227558",1,62034.659807806,62034.659807806,11.0354485369868
"916","22064153B68664170623687",3,5893.09615938089,17679.2884781427,9.78014909093286
"917","22064153B6874249672824",1,297691.310824437,297691.310824437,12.6038123588871
"918","22064153B68880016704101",1,26431.452152555,26431.452152555,10.182309949432
"919","22064153B68900591559433",1,141986.402873236,141986.402873236,11.8634865775848
"920","22064153B68903426629356",1,33776.5689138089,33776.5689138089,10.4275226136758
"921","22064153B69011593937576",2,119114.171530201,238228.343060402,12.3809849173235
"922","22064153B69084165037525",3,30134.8310624559,90404.4931873677,11.4120492485452
"923","22064153B69171179667980",2,145707.286118204,291414.572236408,12.5825021791676
"924","22064153B69254860271730",2,77497.8387811747,154995.677562349,11.951152508818
"925","22064153B6927791471577",1,122175.300927879,122175.300927879,11.7132121852242
"926","22064153B69278152819157",1,36154.0216227014,36154.0216227014,10.4955434696068
"927","22064153B69287462629183",2,5210.38411225707,10420.7682245141,9.25155603855078
"928","22064153B69533754697672",1,69271.1525594984,69271.1525594984,11.1457838295313
"929","22064153B6965188213643",1,95457.1017467885,95457.1017467885,11.4664322291812
"930","22064153B69680253088719",1,64888.923680074,64888.923680074,11.0804322206395
"931","22064153B69785759438689",1,144375.241319439,144375.241319439,11.8801710317334
"932","22064153B69836136073733",1,111427.894842453,111427.894842453,11.6211329776653
"933","22064153B70117244890923",2,82209.3580810107,164418.716162021,12.0101716003921
"934","22064153B70218534764896",3,13660.5646238497,40981.6938715491,10.6208807550419
"935","22064153B70222679052291",1,2703.64225596494,2703.64225596494,7.90235512662209
"936","22064153B70283581599440",1,1187.08267728412,1187.08267728412,7.07925404448745
"937","22064153B70291693279162",2,48685.2038047846,97370.4076095692,11.4862776201566
"938","22064153B70293086274273",2,18300.6946464672,36601.3892929344,10.5078414774924
"939","22064153B70489840196790",1,10405.0062505615,10405.0062505615,9.25004233955427
"940","22064153B70502530200246",2,83765.3157238889,167530.631447778,12.0289214878429
"941","22064153B70592042041650",1,30395.808802632,30395.808802632,10.3220600095551
"942","22064153B70779878748241",1,26431.6323066722,26431.6323066722,10.1823167653081
"943","22064153B70786941107268",3,18499.8902766329,55499.6708298987,10.9241323687241
"944","22064153B70852556389984",2,20321.5772238354,40643.1544476708,10.6125856985234
"945","22064153B7091731953162",2,NA,NA,NA
"946","22064153B71021754844770",1,37771.4378017793,37771.4378017793,10.5393084822782
"947","22064153B71067186574144",1,250751.352335382,250751.352335382,12.4322170989717
"948","22064153B71223857958688",2,31978.4691270676,63956.9382541352,11.0659652961044
"949","22064153B71281946459031",1,187439.042016423,187439.042016423,12.1412089622874
"950","22064153B71321460612085",1,5929.56324764278,5929.56324764278,8.68770583795438
"951","22064153B71727675114303",1,56097.9399243485,56097.9399243485,10.9348543693454
"952","22064153B71803232115030",3,48481.5859721468,145444.75791644,11.8875516228231
"953","22064153B71828449311091",1,15568.6593352568,15568.6593352568,9.65301515548534
"954","22064153B71985542420847",1,341426.619792584,341426.619792584,12.7408880587474
"955","22064153B72254874224731",3,11393.2895650095,34179.8686950285,10.439392115089
"956","22064153B72338395356904",3,1246.8116144614,3740.4348433842,8.22695715193449
"957","22064153B72367314810159",1,47650.5713255012,47650.5713255012,10.7716498990525
"958","22064153B72557409137783",1,6750.82922602039,6750.82922602039,8.81742062462066
"959","22064153B72852152827794",1,16792.1053776845,16792.1053776845,9.72866413695032
"960","22064153B7294445238824",2,1949.83362235187,3899.66724470374,8.26864650660678
"961","22064153B73058523223682",1,14757.6631211464,14757.6631211464,9.59951776049414
"962","22064153B73079587251631",1,18748.1288972558,18748.1288972558,9.83884923427263
"963","22064153B73176772627279",2,1470.86755989757,2941.73511979514,7.98675486304796
"964","22064153B73325412364778",1,233583.578759458,233583.578759458,12.3612952310589
"965","22064153B73342944647376",1,15460.3110522836,15460.3110522836,9.64603144175037
"966","22064153B73554949432718",1,150890.876548899,150890.876548899,11.9243121826823
"967","22064153B73558398041144",1,9583.19433995518,9583.19433995518,9.16776625379536
"968","22064153B73719790331249",1,546924.647499357,546924.647499357,13.2120663159722
"969","22064153B73925612476824",2,5528.97557807232,11057.9511561446,9.31090500982759
"970","22064153B7401189811791",1,38683.6897980317,38683.6897980317,10.5631733379347
"971","22064153B74315697961644",1,179338.448481085,179338.448481085,12.0970300731978
"972","22064153B74370220833750",2,7272.9901849297,14545.9803698594,9.58506997119202
"973","22064153B74407470913412",2,21718.8110723031,43437.6221446062,10.6790812142654
"974","22064153B74511540229227",2,NA,NA,NA
"975","22064153B74575036682421",2,68688.3203746048,137376.64074921,11.8304816352139
"976","22064153B74601702876653",2,49768.3932811448,99536.7865622896,11.5082825690131
"977","22064153B7471955547521",2,310776.23984859,621552.47969718,13.3399756267496
"978","22064153B74721517788558",1,11773.4447873992,11773.4447873992,9.37360183265836
"979","22064153B74767559861858",2,21696.1955420479,43392.3910840958,10.6780393840751
"980","22064153B74794903489103",1,11695.7378487454,11695.7378487454,9.36697976798541
"981","22064153B74828925689931",3,1886.91060820972,5660.73182462916,8.64130846047667
"982","22064153B74936950050526",1,9405.81389517769,9405.81389517769,9.14908327655311
"983","22064153B75099650397757",1,38251.102650296,38251.102650296,10.5519276662979
"984","22064153B75135560754886",2,26274.6699665766,52549.3399331532,10.869507815487
"985","22064153B75208844196005",1,9375.48114875655,9375.48114875655,9.14585317205569
"986","22064153B75284693112718",3,3930.10738297998,11790.3221489399,9.37503431707161
"987","22064153B75299838191887",1,415920.303306157,415920.303306157,12.9382489422989
"988","22064153B75302360124634",3,4675.70578736748,14027.1173621024,9.54874768955588
"989","22064153B75384634569664",2,1788.49639263052,3576.99278526104,8.18227772227656
"990","22064153B7544432194221",1,22979.3548662699,22979.3548662699,10.0423514773041
"991","22064153B75480988210132",2,121824.107611015,243648.21522203,12.4034807230736
"992","22064153B75512617616301",2,19094.0974966612,38188.1949933224,10.5502817152461
"993","22064153B75558973119201",3,382346.577840806,1147039.73352242,13.9526950367691
"994","22064153B75857834624428",1,25073.8570818153,25073.8570818153,10.1295810318039
"995","22064153B75952557144029",1,27338.7259378166,27338.7259378166,10.216059508527
"996","22064153B76094051519887",1,14922.8689164942,14922.8689164942,9.61065014190135
"997","22064153B76164610245689",3,18420.7481932938,55262.2445798814,10.9198452161809
"998","22064153B76371421200355",1,450700.170754207,450700.170754207,13.0185575875431
"999","22064153B76436938350922",1,30939.0472284916,30939.0472284916,10.3397743294865
"1000","22064153B76452428536918",2,31288.2167432242,62576.4334864484,11.0441440243308
"1001","22064153B76574269122529",2,10273.8984194345,20547.796838869,9.9305090043896
"1002","22064153B76675545591158",2,89470.308222618,178940.616445236,12.0948092780785
"1003","22064153B76687235436591",3,70100.1811549696,210300.543464909,12.2562929459238
"1004","22064153B76748152087135",1,12591.192544289,12591.192544289,9.44075284410057
"1005","22064153B76764932541801",1,3068.06423251921,3068.06423251921,8.02880209855195
"1006","22064153B7677868990473",1,131156.838607815,131156.838607815,11.7841491273425
"1007","22064153B76782638383014",1,6196.32750599585,6196.32750599585,8.73171205778927
"1008","22064153B76952907325958",3,40582.6976782399,121748.09303472,11.709709377863
"1009","22064153B77062639046888",2,4238.64971942626,8477.29943885252,9.04514721566656
"1010","22064153B77103081434651",1,6802.29756391729,6802.29756391729,8.82501571114326
"1011","22064153B77106068491412",1,348174.624634682,348174.624634682,12.7604594278269
"1012","22064153B77164119558950",1,4809.9823002244,4809.9823002244,8.47844868330601
"1013","22064153B77183996290647",1,25639.4101402531,25639.4101402531,10.1518859053196
"1014","22064153B77224046457748",2,41698.3381191492,83396.6762382984,11.3313637342949
"1015","22064153B77526521533443",2,20152.0074388433,40304.0148776866,10.604206367729
"1016","22064153B7763811650899",1,95590.0959121741,95590.0959121741,11.4678244944277
"1017","22064153B77677863466257",1,24564.4583958964,24564.4583958964,10.1090558965639
"1018","22064153B7768413511618",1,10935.6400399709,10935.6400399709,9.29978246271676
"1019","22064153B7777757861783",2,15683.7146242137,31367.4292484274,10.3535253484619
"1020","22064153B77932337401071",2,3026.67912340481,6053.35824680962,8.70836847914109
"1021","22064153B77987793520078",2,3077.89253274151,6155.78506548302,8.72514757971035
"1022","22064153B78036214751158",1,10048.4433538914,10048.4433538914,9.21517301133044
"1023","22064153B78110489384423",1,4976.36816515984,4976.36816515984,8.51245561985723
"1024","22064153B78137445159293",2,21289.7602525678,42579.5205051356,10.6591286773492
"1025","22064153B78193536381763",2,1266.72549670616,2533.45099341232,7.83733768129581
"1026","22064153B78228861031651",1,145380.445591378,145380.445591378,11.8871093480455
"1027","22064153B78285272623950",3,6245.19121365978,18735.5736409793,9.83817932943955
"1028","22064153B78317231790134",2,28871.4610162695,57742.922032539,10.9637560586656
"1029","22064153B78382308499165",1,43220.6309023038,43220.6309023038,10.6740732274162
"1030","22064153B7839934707198",1,84040.8562090846,84040.8562090846,11.3390583430208
"1031","22064153B78492538655391",2,7947.11575322843,15894.2315064569,9.67371152404504
"1032","22064153B78632499037431",1,77576.2926203718,77576.2926203718,11.259017152025
"1033","22064153B78682541824565",1,10115.5402987409,10115.5402987409,9.22182816377003
"1034","22064153B78696629959853",2,59938.3243887386,119876.648777477,11.6942185662307
"1035","22064153B78821925959794",3,4254.3351916676,12763.0055750028,9.45430607579234
"1036","22064153B78992229918305",2,8684.29455508791,17368.5891101758,9.76241863026984
"1037","22064153B79045995074029",1,76871.8277587561,76871.8277587561,11.2498947393306
"1038","22064153B79170440452296",2,7218.27448296253,14436.5489659251,9.57751839260442
"1039","22064153B79178271585243",2,8043.69267652612,16087.3853530522,9.68579072541759
"1040","22064153B7929825119488",2,10799.9548565606,21599.9097131212,9.98044441371543
"1041","22064153B79313439986888",2,26723.2738567715,53446.547713543,10.8864373252848
"1042","22064153B79363581484531",1,7020.22313676415,7020.22313676415,8.85655028237854
"1043","22064153B79429110732098",1,45760.7010917074,45760.7010917074,10.7311809469964
"1044","22064153B79488910412367",1,NA,NA,NA
"1045","22064153B79593541155568",2,31931.026342083,63862.052684166,11.0644806092562
"1046","22064153B79599851642878",2,64416.0023740589,128832.004748118,11.7662645458546
"1047","22064153B79630920379478",1,63771.7151078175,63771.7151078175,11.063065034162
"1048","22064153B79650181437953",1,5752.93767320634,5752.93767320634,8.65746590301464
"1049","22064153B79836169988029",1,75420.665364285,75420.665364285,11.2308365928934
"1050","22064153B79919938369804",1,78716.1440001218,78716.1440001218,11.2736035467881
"1051","22064153B80068225568868",1,6385.94873255933,6385.94873255933,8.76185534514343
"1052","22064153B80081213273756",2,3600.24280156712,7200.48560313424,8.8819037476096
"1053","22064153B80132847299853",2,45688.784482591,91377.568965182,11.4227553111869
"1054","22064153B80196181684705",2,441942.12890022,883884.25780044,13.6920814029577
"1055","22064153B80198673281235",3,47201.7174596145,141605.152378843,11.860797846436
"1056","22064153B80333600461310",2,16332.3949994994,32664.7899989988,10.3940530183241
"1057","22064153B80439011945054",2,24267.819080227,48535.638160454,10.7900536145188
"1058","22064153B8056767142775",1,24338.6892939282,24338.6892939282,10.0998225152119
"1059","22064153B80619084323236",2,423311.11361993,846622.22723986,13.6490098614371
"1060","22064153B80637713594426",2,22510.4770295338,45020.9540590676,10.7148833061302
"1061","22064153B80640640435871",2,1318.78445898516,2637.56891797032,7.87761290747908
"1062","22064153B80730466782396",3,2269.21316488462,6807.63949465386,8.82580071565694
"1063","22064153B80804439158864",1,6050.7888235768,6050.7888235768,8.7079439265879
"1064","22064153B8093767218470",3,2953.31973099857,8859.95919299571,9.08929743783183
"1065","22064153B81057246302511",3,11232.7333481414,33698.2000444242,10.4251997037693
"1066","22064153B81121179767320",2,2340644.33247377,4681288.66494754,15.3590839857484
"1067","22064153B81163718541362",1,48014.216341077,48014.216341077,10.7792524198117
"1068","22064153B81183812222249",1,NA,NA,NA
"1069","22064153B81263079942066",1,186308.868152473,186308.868152473,12.1351611569193
"1070","22064153B81276903927902",3,175648.454879755,526945.364639265,13.1748521497379
"1071","22064153B81529275129859",1,76145.3799221344,76145.3799221344,11.2403996857294
"1072","22064153B81541803695444",3,323044.496895731,969133.490687193,13.7841576426718
"1073","22064153B81595625097237",1,16360.2439258649,16360.2439258649,9.70260951993953
"1074","22064153B81737939638777",3,4531.10252554933,13593.307576648,9.51733286065579
"1075","22064153B81775396633762",1,10796.1156745867,10796.1156745867,9.28694168865874
"1076","22064153B81784837273555",3,6271.50411117324,18814.5123335197,9.84238378366531
"1077","22064153B81790310991737",3,5637.56065637224,16912.6819691167,9.73581903186635
"1078","22064153B81931446357320",1,49669.4950028697,49669.4950028697,10.8131462410046
"1079","22064153B81972245228619",2,12729.6019833463,25459.2039666926,10.1448326055854
"1080","22064153B81991171753056",2,6339.98439553633,12679.9687910727,9.44777876671632
"1081","22064153B82009101284809",1,169061.939963472,169061.939963472,12.0380204354169
"1082","22064153B82025029560168",1,18423.8447835829,18423.8447835829,9.82140101677891
"1083","22064153B82042887470941",2,54351.7420520089,108703.484104018,11.5963791250705
"1084","22064153B82071564709193",1,117388.299254815,117388.299254815,11.6732425157773
"1085","22064153B82107167810847",1,45645.8875320059,45645.8875320059,10.7286687950429
"1086","22064153B82157551102424",2,3677.03462623968,7354.06925247936,8.90300907879802
"1087","22064153B82247115875791",1,7190.8944517013,7190.8944517013,8.88057084516155
"1088","22064153B82319600160004",1,117839.367920984,117839.367920984,11.6770776872472
"1089","22064153B82400996798627",1,8060.29299221758,8060.29299221758,8.99470518623174
"1090","22064153B82506873251112",1,10024.3458053959,10024.3458053959,9.21277199372587
"1091","22064153B825337930111",1,41857.4302990241,41857.4302990241,10.6420246061325
"1092","22064153B8255256814498",1,17524.9956196199,17524.9956196199,9.7713834619524
"1093","22064153B82556228504312",1,56790.2697550872,56790.2697550872,10.9471202829058
"1094","22064153B82580623809132",1,70116.3223579184,70116.3223579184,11.1579108898263
"1095","22064153B82678654202342",3,10753.4462329133,32260.3386987399,10.3815938506551
"1096","22064153B83223852380108",3,16764.7316387624,50294.1949162872,10.8256449402087
"1097","22064153B83233320380459",2,NA,NA,NA
"1098","22064153B8325167179900",2,4931.62865349161,9863.25730698322,9.19657174871907
"1099","22064153B833454751178",1,3580.40553266462,3580.40553266462,8.18323135025998
"1100","22064153B83500491832850",3,36983.5746428929,110950.723928679,11.6168414531585
"1101","22064153B83824745407144",1,6788.6577086976,6788.6577086976,8.82300851451499
"1102","22064153B83864123648968",2,25065.8043245009,50131.6086490018,10.8224069992899
"1103","22064153B83906852735077",1,6604.70247087966,6604.70247087966,8.79553716989786
"1104","22064153B84142752258378",1,11603.0502972803,11603.0502972803,9.35902329918951
"1105","22064153B841709119109",2,14860.8178136149,29721.6356272298,10.2996305318809
"1106","22064153B84193742615733",2,9253.65240992182,18507.3048198436,9.82592078825833
"1107","22064153B84219767946861",1,7915.01269705182,7915.01269705182,8.97651657648967
"1108","22064153B84245586977349",2,52182.9524871781,104365.904974356,11.5556583203862
"1109","22064153B84385819333701",1,14793.8978693214,14793.8978693214,9.60197006860373
"1110","22064153B84489488181314",2,23536.9471465224,47073.8942930448,10.7594738650508
"1111","22064153B84546796088042",1,17297.6550886944,17297.6550886944,9.75832622729285
"1112","22064153B84575638248633",2,83154.3398425115,166308.679685023,12.0216008567536
"1113","22064153B8461855353098",2,1111.99584293189,2223.99168586378,7.70705891699288
"1114","22064153B84652164446594",1,NA,NA,NA
"1115","22064153B84687278012023",1,145334.036451607,145334.036451607,11.8867900716211
"1116","22064153B84919846771275",1,32591.01692308,32591.01692308,10.3917919748759
"1117","22064153B85000886785239",1,55906.1814989336,55906.1814989336,10.9314302344058
"1118","22064153B85033318734621",1,9749.34314285756,9749.34314285756,9.18495519175911
"1119","22064153B8508267062616",2,104380.303156255,208760.60631251,12.2489434501051
"1120","22064153B8516585574683",1,66339.3884046432,66339.3884046432,11.1025390933546
"1121","22064153B85234359484130",2,5667.58989902062,11335.1797980412,9.3356664250162
"1122","22064153B85239813190769",2,35587.9084082944,71175.8168165888,11.172908388253
"1123","22064153B85252336705750",1,38535.9805474091,38535.9805474091,10.5593476435198
"1124","22064153B85291170334429",2,17885.5733473766,35771.1466947532,10.4848968891827
"1125","22064153B85407616611924",1,3015.77695082056,3015.77695082056,8.0116127710948
"1126","22064153B85437171259684",2,306699.81279874,613399.62559748,13.3267719202896
"1127","22064153B85586917882840",1,16602.260670409,16602.260670409,9.7172941500367
"1128","22064153B85623167351933",3,43548.0289697453,130644.086909236,11.7802320109061
"1129","22064153B8564356760578",1,28096.7259781914,28096.7259781914,10.243408335302
"1130","22064153B85680479871483",1,32118.6903413197,32118.6903413197,10.3771933932979
"1131","22064153B85719531819289",1,41048.5902368699,41048.5902368699,10.6225117717055
"1132","22064153B85897991709250",1,206086.235377686,206086.235377686,12.2360499785138
"1133","22064153B85931137925845",2,105611.645151127,211223.290302254,12.2606711007866
"1134","22064153B85947434617393",3,365297.004670771,1095891.01401231,13.9070783017758
"1135","22064153B86012482981038",2,68896.6906914374,137793.381382875,11.833510605805
"1136","22064153B86120410024942",1,2064.27783853866,2064.27783853866,7.6325357292372
"1137","22064153B86211377030233",1,87080.1147754179,87080.1147754179,11.3745838333933
"1138","22064153B86338272521773",2,29801.3649872495,59602.729974499,10.9954566569457
"1139","22064153B86353051825362",1,57597.5896804615,57597.5896804615,10.9612359999831
"1140","22064153B86372044923469",2,5918.37399770233,11836.7479954047,9.37896420816105
"1141","22064153B86390496434861",1,18751.7458300767,18751.7458300767,9.83904213800143
"1142","22064153B86521976602525",1,56356.524598083,56356.524598083,10.9394532997764
"1143","22064153B86629940764584",1,160705.162024381,160705.162024381,11.9873266733278
"1144","22064153B8665907160310",1,12355.3599892564,12355.3599892564,9.42184525512947
"1145","22064153B8666349443712",3,47285.712349545,141857.137048635,11.8625757530258
"1146","22064153B86683000647841",3,12081.6345124314,36244.9035372942,10.4980540583242
"1147","22064153B86821614203557",1,8379.79406867356,8379.79406867356,9.03357861903021
"1148","22064153B86856131608768",1,104161.755601657,104161.755601657,11.553700312155
"1149","22064153B86890605661062",2,28951.0870554571,57902.1741109142,10.9665102122674
"1150","22064153B87057363105409",2,33513.6037204129,67027.2074408258,11.1128538971508
"1151","22064153B87072224192540",1,73077.5395060644,73077.5395060644,11.1992763414258
"1152","22064153B87137159672256",1,14076.114974994,14076.114974994,9.55223466656626
"1153","22064153B87212941126642",1,28503.2467313506,28503.2467313506,10.2577732801666
"1154","22064153B87243453067492",2,64511.256019462,129022.512038924,11.767742180048
"1155","22064153B87267410101558",3,45722.3039573843,137166.911872153,11.8289537980759
"1156","22064153B87269269919659",2,142276.472777684,284552.945555368,12.5586746156044
"1157","22064153B87559658215683",1,355761.109613994,355761.109613994,12.7820147441756
"1158","22064153B87562970219481",1,3088.38755271176,3088.38755271176,8.03540440609101
"1159","22064153B87600766129132",2,63329.3783440581,126658.756688116,11.7492517938855
"1160","22064153B87658218657394",3,4166.66072939659,12499.9821881898,9.43348249834456
"1161","22064153B87695161266591",3,13310.786322881,39932.358968643,10.5949422759141
"1162","22064153B87793948617144",1,13485.1985527602,13485.1985527602,9.50934795943727
"1163","22064153B87894076500012",1,1826.4643726501,1826.4643726501,7.5101373402417
"1164","22064153B87971980709236",2,42843.3610344797,85686.7220689594,11.3584531575642
"1165","22064153B87980745802810",1,17004.6592917064,17004.6592917064,9.74124266146912
"1166","22064153B88045540539043",2,130056.154990717,260112.309981434,12.4688687781962
"1167","22064153B88065808639443",2,114861.97244091,229723.94488182,12.3446336273966
"1168","22064153B8813975202654",3,1241.80172105803,3725.40516317409,8.22293089353612
"1169","22064153B88194855037275",2,4622.10553554997,9244.21107109994,9.13175280444168
"1170","22064153B88328488927062",1,40407.3414665201,40407.3414665201,10.6067667669086
"1171","22064153B88431886542823",2,10922.016130068,21844.032260136,9.99168304011292
"1172","22064153B88432688459960",2,218938.255774415,437876.51154883,12.9896922125037
"1173","22064153B88453450748284",1,32498.149613556,32498.149613556,10.3889384317295
"1174","22064153B88498953220491",2,5072.40862666458,10144.8172533292,9.22471823862593
"1175","22064153B88515969469898",2,9507.88572159509,19015.7714431902,9.85302398978344
"1176","22064153B88577614993358",2,208971.124097315,417942.24819463,12.9430985397478
"1177","22064153B88669235683638",1,370891.278417327,370891.278417327,12.8236642485539
"1178","22064153B88729606439601",1,34231.0720696899,34231.0720696899,10.4408890506274
"1179","22064153B88760930069413",1,42356.4347880559,42356.4347880559,10.6538756315854
"1180","22064153B88833417807281",1,3645.01121778765,3645.01121778765,8.20111472202037
"1181","22064153B88871529927936",1,107873.634722899,107873.634722899,11.5887157722027
"1182","22064153B88888028347521",2,346099.120669258,692198.241338516,13.4476276694961
"1183","22064153B88946393629550",2,158977.717831265,317955.43566253,12.6696665125159
"1184","22064153B88983601589874",3,106366.384835536,319099.154506608,12.6732571626439
"1185","22064153B89149578572225",1,178586.044132977,178586.044132977,12.0928258040185
"1186","22064153B89218276356736",1,6028.84611270502,6028.84611270502,8.70431091364964
"1187","22064153B89292621442465",1,12642.2343599259,12642.2343599259,9.44479842106053
"1188","22064153B89369754706736",2,76072.0158807678,152144.031761536,11.9325829285389
"1189","22064153B89417284310535",3,6238.54825543475,18715.6447663042,9.83711507159142
"1190","22064153B89569754189090",2,2540.35063271698,5080.70126543396,8.53320457542204
"1191","22064153B89665543421150",2,38180.9969414266,76361.9938828532,11.2432403891129
"1192","22064153B89943083958801",2,340454.456065614,680908.912131228,13.4311838201374
"1193","22064153B90058188171402",2,67911.8121890769,135823.624378154,11.8191124434697
"1194","22064153B90109297711492",2,10990.9396876729,21981.8793753458,9.99797372818525
"1195","22064153B90377794213847",2,18838.0312631766,37676.0625263532,10.5367802255218
"1196","22064153B90465324055614",2,5505.93309002676,11011.8661800535,9.30672871399592
"1197","22064153B90488906209418",2,17132.4728352469,34264.9456704938,10.4418781184501
"1198","22064153B9051879540232",1,41346.5007578892,41346.5007578892,10.6297430719106
"1199","22064153B90614639681244",2,205496.941602435,410993.88320487,12.9263336106544
"1200","22064153B9064679601577",1,51326.6904800311,51326.6904800311,10.8459661781208
"1201","22064153B90768154691941",1,1430492.3052647,1430492.3052647,14.1735292124048
"1202","22064153B90786052299666",1,60816.487694032,60816.487694032,11.01561621037
"1203","22064153B90800139718357",3,16167.1763082322,48501.5289246966,10.7893506006492
"1204","22064153B9080529541811",1,60447.0940427391,60447.0940427391,11.009523782807
"1205","22064153B90835968382747",1,101583.015036696,101583.015036696,11.5286316253156
"1206","22064153B90991559137685",1,28674.3704382561,28674.3704382561,10.2637589866827
"1207","22064153B9100475302827",1,88396.4239637531,88396.4239637531,11.3895867949088
"1208","22064153B91116498936181",1,10401.4755088764,10401.4755088764,9.24970295091954
"1209","22064153B91306965514227",3,29951.0909057485,89853.2727172455,11.4059333157804
"1210","22064153B91415931669835",2,103032.459795013,206064.919590026,12.2359465417653
"1211","22064153B91429451718848",2,58902.8054678298,117805.61093566,11.6767911800981
"1212","22064153B91537954314769",1,59122.1034174119,59122.1034174119,10.9873601337681
"1213","22064153B91609112527858",3,6072.8038694726,18218.4116084178,9.81018798855144
"1214","22064153B91617146751331",2,12513.0643136878,25026.1286273756,10.1276757031615
"1215","22064153B91785979325065",1,68470.1477953876,68470.1477953876,11.134153130655
"1216","22064153B92028221048613",1,3435.17585970541,3435.17585970541,8.14182339976675
"1217","22064153B92040031890076",2,32739.4794543863,65478.9589087726,11.0894841319813
"1218","22064153B92046986895255",2,46454.6110950446,92909.2221900892,11.4393781899513
"1219","22064153B92230134603738",1,1530.63722241542,1530.63722241542,7.33343941291941
"1220","22064153B92307181763302",2,10847.6482125578,21695.2964251156,9.98485076143091
"1221","22064153B92335026142603",2,10849.3922031123,21698.7844062246,9.98501151981314
"1222","22064153B92410380662275",2,57916.402451939,115832.804903878,11.6599030933276
"1223","22064153B92561466668703",2,8940.1073661796,17880.2147323592,9.79145005829517
"1224","22064153B92569175059493",2,490560.582355699,981121.164711398,13.7964512423491
"1225","22064153B92578420514531",3,50483.1142543523,151449.342763057,11.9280064768161
"1226","22064153B92731111025148",1,166913.712201793,166913.712201793,12.0252322644644
"1227","22064153B92754256682750",2,37061.2310139303,74122.4620278606,11.2134738966293
"1228","22064153B92836462541903",2,174459.745084291,348919.490168582,12.7625964873761
"1229","22064153B92910812775945",1,33336.999189091,33336.999189091,10.414423145928
"1230","22064153B92948543202040",1,17058.541272591,17058.541272591,9.74440631168006
"1231","22064153B93078615339227",1,27930.0772053015,27930.0772053015,10.2374594231782
"1232","22064153B93482560698592",1,158969.157799732,158969.157799732,11.9764654862843
"1233","22064153B93520564600239",1,17344.7264008189,17344.7264008189,9.76104378532838
"1234","22064153B93521388220713",1,26817.8372160023,26817.8372160023,10.1968225128682
"1235","22064153B93596873224412",1,9411.68650873172,9411.68650873172,9.14970744167798
"1236","22064153B93622399148332",2,NA,NA,NA
"1237","22064153B93627159122123",2,21651.9977957688,43303.9955915376,10.6760001866741
"1238","22064153B93672474053317",1,83709.4751869923,83709.4751869923,11.3351074542161
"1239","22064153B93831812640775",1,28709.680134379,28709.680134379,10.2649896317914
"1240","22064153B93848225384544",3,977.144796716593,2931.43439014978,7.9832471351713
"1241","22064153B93879560819561",2,76720.2229110952,153440.44582219,11.9410677956278
"1242","22064153B94045297720108",1,18032.2408999208,18032.2408999208,9.79991659576889
"1243","22064153B94090813781135",2,57163.9471812295,114327.894362459,11.6468258651746
"1244","22064153B94269242958702",2,1610.30130336325,3220.6026067265,8.07732376597514
"1245","22064153B94408757822764",1,73328.1997209325,73328.1997209325,11.2027005304105
"1246","22064153B94443438334718",3,9496.95514340339,28490.8654302102,10.2573388036613
"1247","22064153B9452209011947",2,35589.3326523174,71178.6653046348,11.1729484078998
"1248","22064153B94546008893",1,2509.95540478896,2509.95540478896,7.82802026495164
"1249","22064153B9474359651692",1,277304.488839353,277304.488839353,12.5328714191373
"1250","22064153B94848562576718",2,83983.5360222329,167967.072044466,12.0315232394396
"1251","22064153B94990135039499",3,16440.7614854411,49322.2844563233,10.8061312752713
"1252","22064153B94993011750115",1,20781.6151727915,20781.6151727915,9.94182398890843
"1253","22064153B95018112275614",1,874262.563885515,874262.563885515,13.6811360258667
"1254","22064153B95037722693010",1,116472.035266822,116472.035266822,11.6654064825454
"1255","22064153B95388461124704",1,54028.6352690486,54028.6352690486,10.8972694677564
"1256","22064153B95595404063006",1,21449.3738040911,21449.3738040911,9.97345073064757
"1257","22064153B95599373690567",2,34558.6158947806,69117.2317895612,11.1435593533351
"1258","22064153B95660884775900",2,53195.9060578002,106391.8121156,11.5748838991278
"1259","22064153B95692403593429",1,15300.5105063432,15300.5105063432,9.63564147325154
"1260","22064153B95702189282228",1,16187.9005699094,16187.9005699094,9.69201936376719
"1261","22064153B95784348499714",3,1346.25387856282,4038.76163568846,8.30369339814687
"1262","22064153B9578504350076",2,21630.5880607162,43261.1761214324,10.6750108864105
"1263","22064153B95834507403925",3,24341.2265194987,73023.6795584961,11.1985390450452
"1264","22064153B95884811797842",1,9678.82675850356,9678.82675850356,9.17769597029106
"1265","22064153B96065256406270",2,157648.850432163,315297.700864326,12.6612725536078
"1266","22064153B96177150781440",2,38048.9113269368,76097.8226538736,11.2397749317962
"1267","22064153B96374809115220",1,89217.4559917605,89217.4559917605,11.3988319943972
"1268","22064153B96463446975181",2,640.289232778681,1280.57846555736,7.15506718104246
"1269","22064153B96670024597495",2,8898.16324664417,17796.3264932883,9.7867473382
"1270","22064153B96726599318937",2,139925.254692016,279850.509384032,12.5420108445216
"1271","22064153B96832433526360",1,38090.4133970403,38090.4133970403,10.5477179125784
"1272","22064153B96844374642874",2,29663.3390758631,59326.6781517262,10.9908143683329
"1273","22064153B96866391217201",3,548.743918569319,1646.23175570796,7.40624417066227
"1274","22064153B96958507513522",1,4509.30438874073,4509.30438874073,8.41389818307112
"1275","22064153B96973201528361",2,15344.7437417939,30689.4874835878,10.331675447689
"1276","22064153B9698947676101",2,36610.5249883556,73221.0499767112,11.2012382265975
"1277","22064153B97059212130214",2,8989.80437581018,17979.6087516204,9.79699354758976
"1278","22064153B97070168127410",1,6857.31089488823,6857.31089488823,8.83307064603899
"1279","22064153B97121686045482",2,87678.0897614272,175356.179522854,12.0745744960244
"1280","22064153B9719288740137",1,13314.2430648429,13314.2430648429,9.49658964832891
"1281","22064153B97335356497134",2,39136.5516821775,78273.103364355,11.2679593154872
"1282","22064153B9735702870104",2,7488.36456635612,14976.7291327122,9.61425288427849
"1283","22064153B97499384846726",1,9964.56222317246,9964.56222317246,9.20679030023908
"1284","22064153B97523791840920",1,20539.874921331,20539.874921331,9.9301233939475
"1285","22064153B9766515498802",1,11555.2301302155,11555.2301302155,9.35489343858247
"1286","22064153B97866090466841",1,99205.3762358394,99205.3762358394,11.5049474877302
"1287","22064153B97971723277655",1,46400.8044566927,46400.8044566927,10.7450720754928
"1288","22064153B97991398929026",1,109410.670489663,109410.670489663,11.6028637006822
"1289","22064153B98039049640163",1,21250.5634222504,21250.5634222504,9.96413868798933
"1290","22064153B98068681997593",1,33628.9757275308,33628.9757275308,10.4231433471647
"1291","22064153B98075085075201",3,19820.1172584162,59460.3517752486,10.9930650127009
"1292","22064153B98176626481319",2,12644.2977701309,25288.5955402618,10.138108803929
"1293","22064153B98195258641844",2,4143.29095506417,8286.58191012834,9.02239284828254
"1294","22064153B98214763966062",2,40616.5194799778,81233.0389599556,11.3050773271383
"1295","22064153B98286353198048",3,21449.8834843038,64349.6504529114,11.0720867810423
"1296","22064153B98370164064849",1,7169.50437817604,7169.50437817604,8.87759180682177
"1297","22064153B98376857578372",3,183147.891827268,549443.675481804,13.2166615461742
"1298","22064153B98470521776341",2,38949.0427041494,77898.0854082988,11.2631566539997
"1299","22064153B98524881457681",1,45561.0315062267,45561.0315062267,10.7268080579156
"1300","22064153B98586949773081",1,7975.44617569927,7975.44617569927,8.98412287288423
"1301","22064153B98589137348385",1,13305.3360081133,13305.3360081133,9.49592043736673
"1302","22064153B98590992450461",3,559791.302416975,1679373.90725092,14.3339316076637
"1303","22064153B98871481609914",2,25366.6651819228,50733.3303638456,10.8343383772103
"1304","22064153B98906825445383",1,6959.78814497968,6959.78814497968,8.84790431392549
"1305","22064153B98951544817880",1,55260.7831955715,55260.7831955715,10.9198187712972
"1306","22064153B990494098117",2,273962.221258919,547924.442517838,13.2138926778069
"1307","22064153B99270011132036",1,65370.7715429306,65370.7715429306,11.0878305192437
"1308","22064153B99518107679078",3,3932.26426431368,11796.792792941,9.37558297630181
"1309","22064153B99520360805383",2,41082.5933700983,82165.1867401966,11.3164869723591
"1310","22064153B99534934631305",1,26074.4207418191,26074.4207418191,10.1687100645434
"1311","22064153B99607574658792",1,54506.5654292148,54506.5654292148,10.9060764399869
"1312","22064153B99641769976782",1,13916.6198328094,13916.6198328094,9.54083907629812
"1313","22064153B99767339475906",1,16346.1883288904,16346.1883288904,9.70175001941497
"1314","22064153B99823885045557",3,5101.03017035269,15303.0905110581,9.63581008116925
"1315","22064153B99847717856531",2,12093.2603894587,24186.5207789174,10.0935507643601
"1316","22064153B99857415229909",2,16000.1888746775,32000.377749355,10.3735029863795
"1317","22064153B99919647628025",1,472372.870165125,472372.870165125,13.0655239318618
"1318","22272344B24277435757602",1,105668.222331,105668.222331,11.5680594864583
"1319","22272344B26544115797749",1,271152.570908478,271152.570908478,12.5104369337233
"1320","22272344B26975146783294",1,91953.9036575639,91953.9036575639,11.4290426832647
"1321","22272344B37363472324960",1,62211.8657359273,62211.8657359273,11.0383010279921
"1322","22272344B56641681440639",1,207724.847029445,207724.847029445,12.2439696321239
"1323","22272344B56659955629338",1,115681.947016075,115681.947016075,11.6585998683028
"1324","22272344B69788286970028",1,89437.2867756792,89437.2867756792,11.4012929522365
"1325","22272344B73668233111034",1,93493.8668680002,93493.8668680002,11.4456511181307
"1326","22272344B90104046252093",1,38915.4550246831,38915.4550246831,10.569146752109
"1327","22272344B92146631708616",1,103832.129459293,103832.129459293,11.5505307341818
"1328","22272344B97643437657922",1,43907.6417640701,43907.6417640701,10.689843655989
"1329","22272344B98197828393532",1,163964.700124195,163964.700124195,12.0074064404931
"1330","2272694B91442542352830",1,5072.52721906545,5072.52721906545,8.53159443769158
"1331","25037944B66848731281736",1,17183.1573817782,17183.1573817782,9.75168496106084
"1332","25037944B77283019061987",1,17810.702834081,17810.702834081,9.78755483839564
"1333","25037944B87142005071762",1,34550.567625076,34550.567625076,10.4501792581513
"1334","25037944B90195923531970",1,135843.145064824,135843.145064824,11.8192561539923
"1335","2640588B11393510524278",2,255443.994409123,510887.988818246,13.1439056451937
"1336","2640588B20221108717018",1,810363.840732654,810363.840732654,13.6052386118844
"1337","2640588B23864872837062",1,18903.3893849798,18903.3893849798,9.84709651750819
"1338","2640588B24165862747597",1,134839.814508085,134839.814508085,11.8118427937025
"1339","2640588B39288775379873",1,1087901.51731581,1087901.51731581,13.8997611851281
"1340","2640588B45258001695711",1,641668.574497615,641668.574497615,13.3718272102745
"1341","2640588B4700873759555",1,1229073.46941517,1229073.46941517,14.0217711665948
"1342","2640588B52014741175725",1,1099958.03198602,1099958.03198602,13.9107825843008
"1343","2640588B52568839586340",1,1806675.19594912,1806675.19594912,14.4069988057416
"1344","2640588B65127685102762",1,789905.05219743,789905.05219743,13.5796680301283
"1345","2640588B76140513385915",1,862106.209810227,862106.209810227,13.6671337552926
"1346","2640588B78942230860818",1,760270.789737031,760270.789737031,13.5414299510875
"1347","2640588B82692599034098",1,1928154.73389886,1928154.73389886,14.4720740071039
"1348","2640588B82865823535715",1,712851.723422714,712851.723422714,13.4770287162305
"1349","2640588B97736443103823",1,1674532.70009493,1674532.70009493,14.3310446992998
"1350","27666195B1442019449651",1,9825.21245590063,9825.21245590063,9.19270706051391
"1351","3306468B10183104109049",2,22889.8714126548,45779.7428253096,10.7315969758698
"1352","3306468B11652899938830",1,32643.2694354674,32643.2694354674,10.3933939705895
"1353","3306468B11940370524112",1,16462.2201971798,16462.2201971798,9.70882334953229
"1354","3306468B14471946980605",1,31945.5092962924,31945.5092962924,10.3717868958204
"1355","3306468B15896052245603",2,13081.4037670603,26162.8075341206,10.1720941214533
"1356","3306468B16106454484671",2,17797.8396979751,35595.6793959502,10.4799795441925
"1357","3306468B1703224271200",1,21387.6317959669,21387.6317959669,9.97056808047097
"1358","3306468B23054065948148",1,14860.0807121691,14860.0807121691,9.60643374976232
"1359","3306468B23578023399759",1,125952.761292867,125952.761292867,11.7436622052631
"1360","3306468B24610118168871",1,138052.594995503,138052.594995503,11.8353900146862
"1361","3306468B26306333639139",2,38221.4694544439,76442.9389088878,11.2442998448795
"1362","3306468B2817273614412",2,18345.2724848531,36690.5449697062,10.510274370597
"1363","3306468B28180088914928",2,7308.79889554723,14617.5977910945,9.58998141002878
"1364","3306468B29734552826956",2,17729.7584751227,35459.5169502454,10.4761469571509
"1365","3306468B30631228592753",1,18419.1945749501,18419.1945749501,9.82114858328057
"1366","3306468B30679779198976",1,233634.077883426,233634.077883426,12.3615114006468
"1367","3306468B31891639272972",2,17155.915237461,34311.830474922,10.4432454854909
"1368","3306468B33320306044259",1,31600.3081360635,31600.3081360635,10.3609221506687
"1369","3306468B34554561821271",2,15209.5607155739,30419.1214311478,10.3228266841059
"1370","3306468B37188297910356",2,32180.6372097582,64361.2744195164,11.0722674023322
"1371","3306468B38935954737927",1,16969.6363871857,16969.6363871857,9.73918093119764
"1372","3306468B40985088538713",2,21424.0362482059,42848.0724964118,10.6654159404334
"1373","3306468B41298949605028",2,25780.1835449653,51560.3670899306,10.8505085766928
"1374","3306468B4250882356752",1,16985.992782451,16985.992782451,9.74014432942823
"1375","3306468B4333912279461",1,258108.333626361,258108.333626361,12.4611346735479
"1376","3306468B43421780768425",2,63694.6159739167,127389.231947833,11.7550024969455
"1377","3306468B48172399013768",2,26934.0927074488,53868.1854148976,10.8942953305871
"1378","3306468B48570951315042",1,38672.7974230136,38672.7974230136,10.5628917228955
"1379","3306468B49446780717545",2,6893.51133405085,13787.0226681017,9.53148304233519
"1380","3306468B50273300961313",1,9087.55866467235,9087.55866467235,9.11466157735572
"1381","3306468B50398630049357",2,20640.1227413049,41280.2454826098,10.6281393469064
"1382","3306468B51823501845904",2,66914.8584241492,133829.716848298,11.8043235010316
"1383","3306468B52155686963809",2,18709.9301854259,37419.8603708518,10.5299568684168
"1384","3306468B53789709824921",2,4228.99243455644,8457.98486911288,9.04286622908698
"1385","3306468B54245916691578",1,9478.98212983055,9478.98212983055,9.15683221921343
"1386","3306468B54253052941239",2,207527.812535251,415055.625070502,12.9361678265452
"1387","3306468B55760825381670",2,51963.0403051366,103926.080610273,11.5514351620487
"1388","3306468B56210487942158",1,22273.4516824549,22273.4516824549,10.011150740718
"1389","3306468B57439307714728",2,162496.84387807,324993.68775614,12.6915610388345
"1390","3306468B58364807671066",1,11109.2064650963,11109.2064650963,9.31552945479891
"1391","3306468B60047889099268",2,214179.060812026,428358.121624052,12.9677148574647
"1392","3306468B60341362842796",1,33335.8924224085,33335.8924224085,10.4143899460275
"1393","3306468B62426802090355",2,82704.8539691885,165409.707938377,12.0161807535517
"1394","3306468B64693584443826",2,25199.7456412324,50399.4912824648,10.8277363604066
"1395","3306468B64768612261884",2,12010.2993659755,24020.598731951,10.0866670217159
"1396","3306468B69236034460520",1,88685.9506621723,88685.9506621723,11.3928567641196
"1397","3306468B69873779257439",1,40250.5568486525,40250.5568486525,10.6028791175001
"1398","3306468B70752003572919",2,30242.7194209333,60485.4388418666,11.0101579347511
"1399","3306468B71353623072064",2,16940.0963136291,33880.1926272582,10.4305858343242
"1400","3306468B71596371711370",2,94379.0027891911,188758.005578382,12.1482210798721
"1401","3306468B72129908795789",1,33461.3539591685,33461.3539591685,10.4181464387302
"1402","3306468B72856581619047",1,69051.6563321395,69051.6563321395,11.1426101459812
"1403","3306468B72895662483472",1,33733.9077025539,33733.9077025539,10.426258773778
"1404","3306468B74633928052065",1,6741.06244894963,6741.06244894963,8.81597282485883
"1405","3306468B74800067614401",2,34913.0309845515,69826.061969103,11.1537625997074
"1406","3306468B76468188202077",2,43450.1026562929,86900.2053125858,11.3725156738811
"1407","3306468B77556762591061",2,23587.3652598559,47174.7305197118,10.7616136578667
"1408","3306468B7799388924344",2,769649.028461972,1539298.05692394,14.2468370632859
"1409","3306468B79017025460716",2,13696.6275462576,27393.2550925152,10.218052097566
"1410","3306468B80132338687245",1,21130.7209097916,21130.7209097916,9.95848322786017
"1411","3306468B80209753736626",2,28555.0827356266,57110.1654712532,10.9527374090677
"1412","3306468B8616193891808",2,16141.9876148545,32283.975229709,10.3823262631818
"1413","3306468B8786854663218",2,18338.9270530931,36677.8541061862,10.5099284215561
"1414","3306468B87904766376188",2,258280.978411805,516561.95682361,13.1549505154758
"1415","3306468B8968248816263",1,28111.0119181786,28111.0119181786,10.2439166617649
"1416","3306468B8987969858006",2,50120.2190812668,100240.438162534,11.515326960695
"1417","3306468B91060644356542",2,40060.3748657764,80120.7497315528,11.291290147344
"1418","3306468B91186516288237",2,21816.9817872632,43633.9635745264,10.683591107156
"1419","3306468B93342772649109",2,5052.24313489011,10104.4862697802,9.2207347893351
"1420","3306468B93547885769442",2,38767.5342326685,77535.068465337,11.2584856093228
"1421","3306468B9406738878397",2,5801.64138524164,11603.2827704833,9.35904333451368
"1422","3306468B95520457943603",2,7711.46260348922,15422.9252069784,9.64361033126482
"1423","3306468B95722442714869",2,38144.9363493742,76289.8726987484,11.2422954784336
"1424","48082658B13739269194746",1,3784.68708849207,3784.68708849207,8.23871849098566
"1425","48082658B34496181007538",1,270.486209785715,270.486209785715,5.60022111652752
"1426","48082658B47865873518539",1,79.1706537387967,79.1706537387967,4.37160569655479
"1427","48082658B59083030943668",1,816.812830748394,816.812830748394,6.7054099752829
"1428","50627088B10662501501563",1,17423.5739181678,17423.5739181678,9.76557939114141
"1429","50627088B10700770102469",2,197758.191455431,395516.382910862,12.8879474886211
"1430","50627088B10984666318853",2,9707.68026478481,19415.3605295696,9.87381981163382
"1431","50627088B11126229802740",1,6370.77929933278,6370.77929933278,8.75947708006814
"1432","50627088B11336347088120",1,7815.14621955827,7815.14621955827,8.96381895279677
"1433","50627088B11703653351845",1,13861.0184937472,13861.0184937472,9.53683575444139
"1434","50627088B11716767923603",2,43047.6235332724,86095.2470665448,11.363209486413
"1435","50627088B12033458309920",1,15871.1986070806,15871.1986070806,9.6722613372646
"1436","50627088B12095165689012",1,29209.8631495783,29209.8631495783,10.282261710317
"1437","50627088B120983506636",1,8326.56684812196,8326.56684812196,9.02720650712399
"1438","50627088B1220406486190",2,15643.6185458815,31287.237091763,10.3509655327247
"1439","50627088B1268038266758",2,4901.80717268952,9803.61434537904,9.19050640741766
"1440","50627088B13357579545804",1,6674.64399991143,6674.64399991143,8.80607114849957
"1441","50627088B1343071024100",1,2331.99223968544,2331.99223968544,7.75447821971418
"1442","50627088B13774862826934",2,109786.078863328,219572.157726656,12.299436194271
"1443","50627088B13897730718633",1,394.63443937403,394.63443937403,5.97795986645025
"1444","50627088B14039752645412",2,100609.801289,201219.602578,12.212152140782
"1445","50627088B14334632848246",1,5676.14015568857,5676.14015568857,8.64402673066157
"1446","50627088B14474633080003",1,21077.6550527142,21077.6550527142,9.95596875608405
"1447","50627088B14545810389102",1,105462.500963097,105462.500963097,11.566110727606
"1448","50627088B15325510278306",1,3413.83831290868,3413.83831290868,8.13559254221783
"1449","50627088B15392276223600",1,48424.5092634808,48424.5092634808,10.787761354274
"1450","50627088B15605967871825",1,31317.4525934251,31317.4525934251,10.3519308119765
"1451","50627088B15654993016577",2,71493.4221344861,142986.844268972,11.8705079068909
"1452","50627088B15670819886365",2,28283.2532769586,56566.5065539172,10.9431723320361
"1453","50627088B15987380837011",1,26516.3150549055,26516.3150549055,10.1855154849812
"1454","50627088B16250901962505",1,6962.80620409178,6962.80620409178,8.84833786231219
"1455","50627088B16315495781471",1,7487.17632378502,7487.17632378502,8.92094701261252
"1456","50627088B16530666088464",1,34697.341837569,34697.341837569,10.4544183588961
"1457","50627088B1685589835575",1,3581.77928192292,3581.77928192292,8.18361496205183
"1458","50627088B16935461060546",1,9437.60716703852,9437.60716703852,9.1524577489406
"1459","50627088B17060352314255",2,16862.8685726114,33725.7371452228,10.4260165383678
"1460","50627088B17085270439419",1,36909.3017220553,36909.3017220553,10.5162188774505
"1461","50627088B17186904651787",1,4958.73423133161,4958.73423133161,8.50890579185507
"1462","50627088B17809013633948",2,21457.6296293506,42915.2592587012,10.6669827353481
"1463","50627088B17897683861413",1,18082.1858076463,18082.1858076463,9.8026825230794
"1464","50627088B18003687378579",2,2718.08097719933,5436.16195439866,8.60082856776297
"1465","50627088B18876706732637",1,5497.44514272371,5497.44514272371,8.61203874379317
"1466","50627088B19134439985606",1,328237.746603107,328237.746603107,12.7014934620033
"1467","50627088B19179472142749",2,16898.3419619123,33796.6839238246,10.4281179678955
"1468","50627088B19201983933003",2,162395.215750723,324790.431501446,12.6909354271727
"1469","50627088B19738638241158",1,18921.8146388195,18921.8146388195,9.84807074914937
"1470","50627088B19885629704089",1,20147.1679817668,20147.1679817668,9.91081901068662
"1471","50627088B20721288648973",1,31247.3744005481,31247.3744005481,10.3496906324523
"1472","50627088B20812688869072",1,3917.67277574974,3917.67277574974,8.27325307683128
"1473","50627088B21045528675432",1,141611.355092019,141611.355092019,11.8608416483544
"1474","50627088B21126743543200",1,28719.1690359629,28719.1690359629,10.2653200894554
"1475","50627088B21176552123181",1,90160.632559367,90160.632559367,11.4093481646536
"1476","50627088B21531122544022",1,381.309097662568,381.309097662568,5.94361032617125
"1477","50627088B21593643205085",1,67971.3728234998,67971.3728234998,11.1268419076283
"1478","50627088B21776838121102",2,9131.05004187778,18262.1000837556,9.81258315759909
"1479","50627088B22298863310989",2,2794.78290143767,5589.56580287534,8.62865688922814
"1480","50627088B22623641614442",1,31428.968885601,31428.968885601,10.3554853225593
"1481","50627088B22684914859278",1,113395.701914019,113395.701914019,11.6386387675647
"1482","50627088B22821313944605",1,14050.7155854656,14050.7155854656,9.5504286048148
"1483","50627088B23421839832911",1,13100.1995124083,13100.1995124083,9.4803827390281
"1484","50627088B23444844999779",1,5068.7115882157,5068.7115882157,8.53084193967781
"1485","50627088B23583227090437",2,25918.9930899805,51837.986179961,10.8558784834344
"1486","50627088B24502383873446",1,18274.8570053055,18274.8570053055,9.81328145998028
"1487","50627088B24932390354910",1,16403.0532885327,16403.0532885327,9.70522277261371
"1488","50627088B25417186263654",1,40989.2689357134,40989.2689357134,10.621065578153
"1489","50627088B25624644630099",1,11752.2518850973,11752.2518850973,9.37180015100534
"1490","50627088B25658637599997",1,4843.42515989981,4843.42515989981,8.48537742709016
"1491","50627088B25667047136129",1,10908.9298335025,10908.9298335025,9.29733698359453
"1492","50627088B25862533799100",2,38022.6485171099,76045.2970342198,11.2390844553311
"1493","50627088B26732857587675",2,4975.34857150725,9950.6971430145,9.2053978923228
"1494","50627088B26759671205553",1,1829.8826363665,1829.8826363665,7.51200711064579
"1495","50627088B26783383987854",1,13903.0204306556,13903.0204306556,9.53986139268264
"1496","50627088B2703983374094",1,6353.08420882133,6353.08420882133,8.7566956761482
"1497","50627088B27236807147286",2,10090.483973134,20180.967946268,9.91249525838008
"1498","50627088B273730145329",1,77696.8061832688,77696.8061832688,11.2605694310485
"1499","50627088B27452602729857",2,51141.9817309373,102283.963461875,11.5355081797481
"1500","50627088B27528347221252",1,25263.4603130173,25263.4603130173,10.1371143743696
"1501","50627088B27684829351077",1,35958.215750498,35958.215750498,10.4901128697377
"1502","50627088B27800936058187",1,18039.2602024345,18039.2602024345,9.8003057840415
"1503","50627088B28007976268142",1,34743.2182279885,34743.2182279885,10.4557396730402
"1504","50627088B28272611145429",1,55280.294774184,55280.294774184,10.9201717908113
"1505","50627088B28473489349448",1,21917.2554392966,21917.2554392966,9.99502952516148
"1506","50627088B29125905034403",1,24690.35888104,24690.35888104,10.1141681177152
"1507","50627088B29131736368652",2,11324.246549305,22648.49309861,10.0278485988353
"1508","50627088B29879698863808",2,50141.383838686,100282.767677372,11.5157491513865
"1509","50627088B30686520493878",1,13267.3260261179,13267.3260261179,9.49305960183054
"1510","50627088B30758784507478",1,58853.6905200897,58853.6905200897,10.9828098213439
"1511","50627088B30826569642234",1,27610.056787058,27610.056787058,10.225935361679
"1512","50627088B30858161806263",1,10866.3434332804,10866.3434332804,9.29342553284064
"1513","50627088B31860900059957",1,7688.86168649249,7688.86168649249,8.94752802637936
"1514","50627088B32232692879146",1,17187.836583102,17187.836583102,9.75195723723403
"1515","50627088B32683374106398",2,23999.0794970994,47998.1589941988,10.778917934867
"1516","50627088B32866858963160",1,29466.5768167519,29466.5768167519,10.2910119107477
"1517","50627088B33032017587256",1,8567.20950744791,8567.20950744791,9.05569734683578
"1518","50627088B33192987993204",1,23304.6758496728,23304.6758496728,10.0564092996637
"1519","50627088B3322370739552",1,18627.7083574512,18627.7083574512,9.83240544784116
"1520","50627088B33396950786450",1,12438.9117226978,12438.9117226978,9.42858488036814
"1521","50627088B33800326968112",1,32149.5723078341,32149.5723078341,10.378154426555
"1522","50627088B33847319149889",1,12168.0146411908,12168.0146411908,9.40656603719209
"1523","50627088B33975592508393",1,11634.9384054584,11634.9384054584,9.36176778182108
"1524","50627088B34131206486621",1,1028.42755088275,1028.42755088275,6.93578626507835
"1525","50627088B34182004017380",2,9369.68898347272,18739.3779669454,9.83838236244245
"1526","50627088B3423694418611",2,21782.7159699889,43565.4319399778,10.6820192694556
"1527","50627088B34357013751850",1,10283.0383947721,10283.0383947721,9.2382510590326
"1528","50627088B34935710320898",1,25470.8763301432,25470.8763301432,10.1452909737477
"1529","50627088B34984367598758",2,12202.3927386116,24404.7854772232,10.1025345181668
"1530","50627088B35092187555669",1,45376.142580356,45376.142580356,10.7227417520844
"1531","50627088B35395028449016",1,569972.473597334,569972.473597334,13.2533433467101
"1532","50627088B3562448791337",1,10691.1060728031,10691.1060728031,9.27716746665571
"1533","50627088B36163788288008",1,59275.6168801074,59275.6168801074,10.9899533179669
"1534","50627088B36255961277224",1,17790.0987956389,17790.0987956389,9.78639733408116
"1535","50627088B3640264870704",1,7081.68061119586,7081.68061119586,8.8652665329816
"1536","50627088B36443984556774",1,20789.5292153928,20789.5292153928,9.94220473583341
"1537","50627088B36485372872762",2,14099.7464926975,28199.492985395,10.2470592775233
"1538","50627088B36712897039445",2,4611.27708734068,9222.55417468136,9.12940730363968
"1539","50627088B36789256479766",1,16391.199721006,16391.199721006,9.70449986741203
"1540","50627088B36827584115772",2,161066.436636692,322132.873273384,12.6827193893273
"1541","50627088B37412880496873",1,44048.9598858471,44048.9598858471,10.6930570189595
"1542","50627088B37468936058188",1,10721.3253261607,10721.3253261607,9.2799900581548
"1543","50627088B37536515094098",1,92500.188209499,92500.188209499,11.4349659581957
"1544","50627088B37854102096410",1,26933.82031501,26933.82031501,10.2011380366805
"1545","50627088B37911705580944",2,2755.98432624058,5511.96865248116,8.61467712553675
"1546","50627088B37986701156918",1,3258.82996580446,3258.82996580446,8.08912350374356
"1547","50627088B38644247455726",2,16344.4463564876,32688.8927129752,10.3947906267975
"1548","50627088B38743512142751",1,93412.890522818,93412.890522818,11.4447846288568
"1549","50627088B38829203416925",1,23615.0009343616,23615.0009343616,10.0696374218967
"1550","50627088B38884346620814",1,13015.0542970005,13015.0542970005,9.4738619892986
"1551","50627088B38998854105063",1,4440.12334676548,4440.12334676548,8.39843743584343
"1552","50627088B39199375573066",1,4934.81689976075,4934.81689976075,8.5040708488005
"1553","50627088B39259384142241",2,28468.2047078462,56936.4094156924,10.9496902997586
"1554","50627088B39448172692324",1,3430.42581570312,3430.42581570312,8.14043967697455
"1555","50627088B39480353913545",2,51117.9731621145,102235.946324229,11.5350386201969
"1556","50627088B39502815405022",1,2578.97159831974,2578.97159831974,7.85514599314903
"1557","50627088B39564204032097",1,45800.3881864051,45800.3881864051,10.7320478457521
"1558","50627088B39576903361064",2,11941.9989223898,23883.9978447796,10.0809639674299
"1559","50627088B39624413829730",1,5495.17270487107,5495.17270487107,8.61162529580171
"1560","50627088B40432744920645",1,11431.930318912,11431.930318912,9.34416562432451
"1561","50627088B40660272766976",1,5139.65345593677,5139.65345593677,8.54474093515234
"1562","50627088B40977064130086",2,12452.1197134027,24904.2394268054,10.1227933260652
"1563","50627088B41950768169543",1,65879.9821792684,65879.9821792684,11.0955899137886
"1564","50627088B42339229292955",1,28150.425584588,28150.425584588,10.2453177519114
"1565","50627088B42356912123760",2,10989.9421597904,21979.8843195808,9.99788296495836
"1566","50627088B4244668772523",1,14366.8089724416,14366.8089724416,9.57267589264903
"1567","50627088B42796639886072",1,76251.4657181606,76251.4657181606,11.2417919168182
"1568","50627088B43225936965135",1,22924.6516770556,22924.6516770556,10.0399681029877
"1569","50627088B43325373154771",1,25420.3867467251,25420.3867467251,10.143306758897
"1570","50627088B43459310731784",2,6043.30046958062,12086.6009391612,9.3998527576084
"1571","50627088B4363090136249",2,28607.6428989522,57215.2857979044,10.9545763758963
"1572","50627088B43841606180493",2,21271.5967486219,42543.1934972438,10.6582751563937
"1573","50627088B44278957593951",1,34837.2990558994,34837.2990558994,10.4584439037334
"1574","50627088B44475495738204",2,4229.73521993341,8459.47043986682,9.04304185488065
"1575","50627088B44662139516293",1,17686.3727178948,17686.3727178948,9.78054971909064
"1576","50627088B45724771957529",1,10397.0889206857,10397.0889206857,9.24928113447441
"1577","50627088B46485171339687",1,9548.15415973934,9548.15415973934,9.16410313309077
"1578","50627088B46889164342382",1,545536.568047208,545536.568047208,13.209525117842
"1579","50627088B47100083140695",1,10987.0039566568,10987.0039566568,9.30446839482249
"1580","50627088B47546840295566",2,22565.9923651972,45131.9847303944,10.7173464699262
"1581","50627088B47903559300993",1,45515.2093395469,45515.2093395469,10.7258018202817
"1582","50627088B48530858037738",1,711.134338358376,711.134338358376,6.56686135479458
"1583","50627088B48570898025332",1,21527.908363703,21527.908363703,9.97710543578783
"1584","50627088B48811130716283",2,471941.864148838,943883.728297676,13.7577582683655
"1585","50627088B48906851597033",1,6191.9250366503,6191.9250366503,8.73100130871215
"1586","50627088B48919250536034",1,1273.8546658659,1273.8546658659,7.14980275259649
"1587","50627088B49115347423872",2,4008.57350160107,8017.14700320214,8.98933790231018
"1588","50627088B49608937685636",2,18255.5259342643,36511.0518685286,10.5053702846573
"1589","50627088B49720713331936",2,7760.21913079245,15520.4382615849,9.64991303184269
"1590","50627088B4984202667575",1,3709.25634171156,3709.25634171156,8.21858668853128
"1591","50627088B50190092788877",1,28292.1513007822,28292.1513007822,10.2503397059707
"1592","50627088B50649641407498",2,59238.3905064712,118476.781012942,11.6824722795394
"1593","50627088B5073197281792",2,5505.36705378027,11010.7341075605,9.30662590392997
"1594","50627088B509896557261",1,1065.35351836557,1065.35351836557,6.97106196519022
"1595","50627088B50990328034226",2,98157.0180563005,196314.036112601,12.1874708810838
"1596","50627088B51167334219016",1,2747.60676551886,2747.60676551886,7.91848554467432
"1597","50627088B51202553457733",1,17982.6392381794,17982.6392381794,9.79716208469384
"1598","50627088B5149905661880",1,125570.445090268,125570.445090268,11.7406221955357
"1599","50627088B51717309851440",1,22174.4825687822,22174.4825687822,10.006697472916
"1600","50627088B52041523995534",1,1158.43911228316,1158.43911228316,7.05482878511805
"1601","50627088B52665331033665",1,5866.00602833724,5866.00602833724,8.67692927721113
"1602","50627088B53016454069278",2,12339.9741319075,24679.948263815,10.1137463817373
"1603","50627088B53037445853541",1,23615.8082616183,23615.8082616183,10.0696716083639
"1604","50627088B5329329942302",2,5638.1239863307,11276.2479726614,9.33045384318246
"1605","50627088B54036543797475",2,8174.37295202976,16348.7459040595,9.70190647026794
"1606","50627088B54059614854517",1,3344.43218160526,3344.43218160526,8.11505220676437
"1607","50627088B5409879857753",2,5694.53464680611,11389.0692936122,9.34040934051365
"1608","50627088B5493322532646",1,33776.419313009,33776.419313009,10.4275181845364
"1609","50627088B55169322722407",1,1275.20358864225,1275.20358864225,7.15086112221192
"1610","50627088B55263870930805",1,5380.21418896016,5380.21418896016,8.59048346443773
"1611","50627088B55334990083111",1,1009.57090830728,1009.57090830728,6.91728067630372
"1612","50627088B55369972555828",2,17553.9126320772,35107.8252641544,10.4661793266048
"1613","50627088B55522839668174",1,19273.1366529989,19273.1366529989,9.86646752205937
"1614","50627088B55726085156575",1,16018.8214239488,16018.8214239488,9.68151964887412
"1615","50627088B55923082942331",1,4229.76738346718,4229.76738346718,8.34990227844007
"1616","50627088B56291356806731",2,12657.5919222065,25315.183844413,10.1391596466495
"1617","50627088B56392169999769",1,25132.7352577476,25132.7352577476,10.131926468934
"1618","50627088B56968228277870",2,17643.0590499807,35286.1180999614,10.4712449106178
"1619","50627088B57019790335861",1,27082.330614745,27082.330614745,10.2066367873829
"1620","50627088B57037698095260",2,30961.0762208778,61922.1524417556,11.0336332693157
"1621","50627088B57480550213661",2,14576.7852546817,29153.5705093634,10.2803326717344
"1622","50627088B58089687429718",2,8867.89134169375,17735.7826833875,9.78333949836742
"1623","50627088B58610897814329",1,38399.3362952827,38399.3362952827,10.5557954544494
"1624","50627088B58931459809132",1,17489.4870083614,17489.4870083614,9.76935523701425
"1625","50627088B58942716797711",2,65554.3380865145,131108.676173029,11.7837818473715
"1626","50627088B59302189712162",2,21437.4355217048,42874.8710434096,10.6660411767298
"1627","50627088B59377752165188",1,12946.4734654064,12946.4734654064,9.46857871076842
"1628","50627088B5982554369070",2,19993.4616522982,39986.9233045964,10.5963077622618
"1629","50627088B60096120896365",1,931.361480708606,931.361480708606,6.83664747335703
"1630","50627088B60120060131713",1,10323.9259090521,10323.9259090521,9.24221938423895
"1631","50627088B60276405094260",1,17470.2432295739,17470.2432295739,9.76825432573146
"1632","50627088B60977128263275",2,25155.549714979,50311.099429958,10.8259809963565
"1633","50627088B61096049889972",1,18520.8086956268,18520.8086956268,9.8266501733174
"1634","50627088B61133778664315",1,9780.97615753812,9780.97615753812,9.18819456965723
"1635","50627088B6133554619555",2,77606.3779287823,155212.755857565,11.9525520731578
"1636","50627088B61499871451932",1,53683.2321748792,53683.2321748792,10.8908559817345
"1637","50627088B61548157381216",2,14515.9267869172,29031.8535738344,10.2761489052674
"1638","50627088B61699317845767",1,11045.3750153641,11045.3750153641,9.30976706868335
"1639","50627088B61814303720147",2,14275.6553421342,28551.3106842684,10.2594581224111
"1640","50627088B61816246956144",1,28254.9322527305,28254.9322527305,10.249023314352
"1641","50627088B61937823223292",2,915.388917432502,1830.777834865,7.51249620190316
"1642","50627088B62702999552661",2,10695.2831819418,21390.5663638836,9.97070527970084
"1643","50627088B62824552173050",1,11280.0240674021,11280.0240674021,9.33078865868471
"1644","50627088B62885072459196",1,20037.694517228,20037.694517228,9.90537050453023
"1645","50627088B63024463665559",1,7149.92325713251,7149.92325713251,8.87485690236227
"1646","50627088B63332967359881",1,25855.9437771839,25855.9437771839,10.1602957868593
"1647","50627088B64168457575480",1,366680.270783485,366680.270783485,12.812245550549
"1648","50627088B6451508023374",2,6309.97145662903,12619.9429132581,9.44303361257135
"1649","50627088B6461377547607",2,43347.2081445014,86694.4162890028,11.3701447580304
"1650","50627088B64633222678632",1,9612.79503590534,9612.79503590534,9.17085030628492
"1651","50627088B64741996810444",2,12040.7453056928,24081.4906113856,10.0891987999731
"1652","50627088B65029652077397",1,17031.1543015974,17031.1543015974,9.74279955184109
"1653","50627088B65141848449255",2,27185.8993473252,54371.7986946504,10.9036008920767
"1654","50627088B65715606255874",1,37785.7622730299,37785.7622730299,10.53968765121
"1655","50627088B65767533460157",1,6291.34237748847,6291.34237748847,8.74692974146991
"1656","50627088B65842169677183",1,3726.87977722584,3726.87977722584,8.22332664170807
"1657","50627088B66549226075892",2,19185.0726078214,38370.1452156428,10.5550349678479
"1658","50627088B66619946151873",2,8769.97368983368,17539.9473796674,9.77223626590271
"1659","50627088B67184194855062",1,8306.15749400597,8306.15749400597,9.02475238548528
"1660","50627088B67284311995984",1,14998.5058652393,14998.5058652393,9.615705866139
"1661","50627088B67463100581546",1,4967.93465165316,4967.93465165316,8.51075946967277
"1662","50627088B68084107278536",1,3109.65333677712,3109.65333677712,8.0422665316861
"1663","50627088B6821892138285",1,720.28271747189,720.28271747189,6.5796437980935
"1664","50627088B68450400928549",2,57304.549354267,114609.098708534,11.6492824754736
"1665","50627088B68645229361242",2,10403.9757920572,20807.9515841144,9.94309048033389
"1666","50627088B69008234776647",1,3824.67316593141,3824.67316593141,8.24922829579453
"1667","50627088B69367718674541",1,2286.30836536743,2286.30836536743,7.73469372824414
"1668","50627088B69410007292717",1,3535.25238904967,3535.25238904967,8.17053997296721
"1669","50627088B69658113715616",1,16305.5651679261,16305.5651679261,9.69926174986901
"1670","50627088B69738836017174",1,22513.9209283563,22513.9209283563,10.0218891047986
"1671","50627088B70242427867447",2,28001.118378837,56002.236757674,10.9331469110209
"1672","50627088B7057522682097",2,16805.6009633419,33611.2019266838,10.4226146810641
"1673","50627088B70821360053618",1,31100.3861279745,31100.3861279745,10.3449755137807
"1674","50627088B70845005155538",1,7049.62729890004,7049.62729890004,8.86073002900464
"1675","50627088B70849430665629",1,274395.585743139,274395.585743139,12.5223260877626
"1676","50627088B71678919151694",2,4916.34881440271,9832.69762880542,9.19346860365194
"1677","50627088B71737846515518",1,3660.03778792695,3660.03778792695,8.20522875091232
"1678","50627088B71812664206882",2,3393.15222805534,6786.30445611068,8.822661809665
"1679","50627088B72101462893192",1,6991.82337461095,6991.82337461095,8.85249665594808
"1680","50627088B72603284023159",1,2747.88217739476,2747.88217739476,7.91858577665695
"1681","50627088B7265793034520",2,56148.3660475594,112296.732095119,11.6289000405268
"1682","50627088B72731607601772",1,20551.1381822139,20551.1381822139,9.93067160438644
"1683","50627088B73039114437677",1,3139.31259528831,3139.31259528831,8.05175913623811
"1684","50627088B73077765096958",1,1633.48599963655,1633.48599963655,7.39847166022787
"1685","50627088B73546820144927",2,6412.99109099724,12825.9821819945,9.459228250498
"1686","50627088B74691902992320",1,6777.22823496251,6777.22823496251,8.82132348244456
"1687","50627088B75168752145477",2,3203.3177280619,6406.6354561238,8.76508952227154
"1688","50627088B75439888832629",1,1359.47399735666,1359.47399735666,7.21485313726707
"1689","50627088B75957379157629",1,11877.7429478615,11877.7429478615,9.38242158731297
"1690","50627088B76215411073468",1,8213.71204151953,8213.71204151953,9.0135602368676
"1691","50627088B76422915094353",1,5307.38354708474,5307.38354708474,8.5768542521374
"1692","50627088B76588814495844",1,13820.7157850682,13820.7157850682,9.5339238894007
"1693","50627088B7685110871098",1,23470.3129426564,23470.3129426564,10.0634916224867
"1694","50627088B77099076149354",2,4644.83251599371,9289.66503198742,9.13665777432116
"1695","50627088B77344252061017",2,16252.5857806295,32505.171561259,10.3891544806206
"1696","50627088B77470661049606",2,64905.2590005139,129810.518001028,11.7738311123346
"1697","50627088B77951750237496",1,3957.07016166889,3957.07016166889,8.28325917225398
"1698","50627088B78177110012738",2,2734.55097360596,5469.10194721192,8.60686970409677
"1699","50627088B78446998147057",2,7048.49754743263,14096.9950948653,9.55371693981493
"1700","50627088B78705285739892",2,7722.89740439991,15445.7948087998,9.64509206461781
"1701","50627088B78854811449565",1,12148.8376825966,12148.8376825966,9.40498878020878
"1702","50627088B79111544799343",1,48969.1412199777,48969.1412199777,10.7989456076828
"1703","50627088B79587676431474",1,3383.84050198827,3383.84050198827,8.12676658663313
"1704","50627088B79623688791809",1,11761.401041811,11761.401041811,9.37257835056488
"1705","50627088B79728757861785",2,43928.6381544713,87857.2763089426,11.3834689166958
"1706","50627088B80053246551902",2,9258.07560386173,18516.1512077235,9.8263986684455
"1707","50627088B80111986215691",1,65427.6528643703,65427.6528643703,11.0887002747516
"1708","50627088B80124610237867",2,12813.5843781586,25627.1687563172,10.1514083472523
"1709","50627088B80471800868115",1,30876.3352502862,30876.3352502862,10.337745319968
"1710","50627088B80645890031295",1,8823.86851470848,8823.86851470848,9.08521565995066
"1711","50627088B80883167871342",1,1321.05053631335,1321.05053631335,7.18618255989455
"1712","50627088B81472042875612",2,5967.70115537528,11935.4023107506,9.38726424668831
"1713","50627088B81925526964077",1,11873.7389431599,11873.7389431599,9.38208442900361
"1714","50627088B82603535513252",1,1624.01047996548,1624.01047996548,7.39265397388152
"1715","50627088B82713167627307",1,14638.1808413918,14638.1808413918,9.59138852032668
"1716","50627088B8286013017465",2,6960.78019211869,13921.5603842374,9.54119402417484
"1717","50627088B82923584373412",2,6441.07442755877,12882.1488551175,9.46359782232012
"1718","50627088B83026580761392",1,3169.68062781338,3169.68062781338,8.06138611347202
"1719","50627088B83258114022778",1,62179.1291801694,62179.1291801694,11.0377746786927
"1720","50627088B8337648653964",1,4959.05457955702,4959.05457955702,8.5089703925905
"1721","50627088B83571733703728",2,4312.77135905163,8625.54271810326,9.062483163758
"1722","50627088B83816556516",1,9010.23903388477,9010.23903388477,9.1061168800934
"1723","50627088B83890237461836",1,60191.6038771779,60191.6038771779,11.0052881510912
"1724","50627088B84243272648939",1,9791.67342091572,9791.67342091572,9.18928765257376
"1725","50627088B84316937235456",2,95919.4527585036,191838.905517007,12.1644112650585
"1726","50627088B84369404768705",1,1061.28086996971,1061.28086996971,6.96723182551318
"1727","50627088B84554678203253",1,70224.6026319821,70224.6026319821,11.1594539934585
"1728","50627088B84584796932653",1,9815.99139037136,9815.99139037136,9.19176810928883
"1729","50627088B84672530546512",1,15225.3649008313,15225.3649008313,9.63071805950477
"1730","50627088B84819198582198",2,14334.9060093486,28669.8120186972,10.263600002131
"1731","50627088B84888194044649",1,45668.8462038352,45668.8462038352,10.7291716420945
"1732","50627088B85005499494284",1,762.867307662196,762.867307662196,6.63708410746097
"1733","50627088B85126164894992",2,84391.6339582594,168783.267916519,12.0363707325136
"1734","50627088B85126992940446",1,58699.1310669415,58699.1310669415,10.9801802027584
"1735","50627088B85326634541004",1,4962.11084597005,4962.11084597005,8.50958650297242
"1736","50627088B85628138735153",1,27165.073967034,27165.073967034,10.2096873818619
"1737","50627088B85761395013038",1,835642.299335772,835642.299335772,13.6359559288957
"1738","50627088B85830591431491",1,21832.1991137642,21832.1991137642,9.99114118261794
"1739","50627088B86274665639855",2,1775.8572287842,3551.7144575684,8.17518571168259
"1740","50627088B86414439934091",2,5452.70268797955,10905.4053759591,9.29701385134776
"1741","50627088B86520659550997",1,7769.852944793,7769.852944793,8.95800651715853
"1742","50627088B8661366969935",1,20576.9340546288,20576.9340546288,9.9319260213525
"1743","50627088B86656079275604",1,20112.3555903616,20112.3555903616,9.90908961118097
"1744","50627088B87175964143986",2,17498.1150892918,34996.2301785836,10.4629956254872
"1745","50627088B87243805311427",1,817.765290921591,817.765290921591,6.70657536501664
"1746","50627088B87487449340620",1,58525.6764119139,58525.6764119139,10.97722084995
"1747","50627088B87559081600102",1,21903.2463445162,21903.2463445162,9.9943901397283
"1748","50627088B87569802470546",1,72152.2368988797,72152.2368988797,11.1865335671709
"1749","50627088B87731139171896",2,20682.9184519154,41365.8369038308,10.6302106235925
"1750","50627088B87808414718325",1,2578.17253178649,2578.17253178649,7.85483610592482
"1751","50627088B88216282065505",2,44076.3408925775,88152.681785155,11.3868256103372
"1752","50627088B88355080019146",1,98464.6093055417,98464.6093055417,11.4974524662073
"1753","50627088B88531455891117",1,1102.07743455474,1102.07743455474,7.00495225453528
"1754","50627088B886446566830",1,5152.85430002704,5152.85430002704,8.54730607314235
"1755","50627088B88871832533986",1,85534.0061224545,85534.0061224545,11.3566693082766
"1756","50627088B89189510958197",1,22133.2207360498,22133.2207360498,10.0048349595568
"1757","50627088B89950958410687",1,20409.0201932932,20409.0201932932,9.92373224844348
"1758","50627088B89953909022202",1,43530.8577918714,43530.8577918714,10.6812253401154
"1759","50627088B89954579529198",1,1286.3618043858,1286.3618043858,7.15957320611962
"1760","50627088B90206204829893",2,28553.8165029474,57107.6330058948,10.9526930645716
"1761","50627088B90299742739886",1,78047.2341618267,78047.2341618267,11.2650694885678
"1762","50627088B9042251287678",1,6478.78186433654,6478.78186433654,8.77628778777645
"1763","50627088B90453813350653",1,1923.71633753215,1923.71633753215,7.56201418664113
"1764","50627088B91024651909161",1,52489.9011429111,52489.9011429111,10.8683760708937
"1765","50627088B91123516565353",1,201002.029021468,201002.029021468,12.2110702816244
"1766","50627088B91275102089847",1,11320.3394856427,11320.3394856427,9.33435634120525
"1767","50627088B91414263136066",1,26267.103953121,26267.103953121,10.1760726350007
"1768","50627088B91833762276728",1,7689.4091978969,7689.4091978969,8.94759923222672
"1769","50627088B91995558537329",1,1028.59432639159,1028.59432639159,6.93594841747065
"1770","50627088B92506226945560",1,25581.9052199672,25581.9052199672,10.1496405532024
"1771","50627088B92616914414309",1,18807.2913135709,18807.2913135709,9.8419999094574
"1772","50627088B92619426323393",1,21158.2154877541,21158.2154877541,9.95978354818878
"1773","50627088B92943717279991",1,566.314938662067,566.314938662067,6.33915035218569
"1774","50627088B93349532153304",1,23731.0094644255,23731.0094644255,10.0745378881131
"1775","50627088B93641399425538",1,7104.56483323566,7104.56483323566,8.86849279069427
"1776","50627088B94198813487846",1,26843.5128177288,26843.5128177288,10.1977794624668
"1777","50627088B94661394277654",1,16346.6145799496,16346.6145799496,9.70177609555536
"1778","50627088B94686315759105",1,11527.7473159522,11527.7473159522,9.35251221828162
"1779","50627088B9477329295961",1,29204.231811628,29204.231811628,10.2820689028115
"1780","50627088B95329536813839",2,15792.8300599124,31585.6601198248,10.3604585029031
"1781","50627088B95412074222990",1,28163.1693147806,28163.1693147806,10.2457703506287
"1782","50627088B95871008533401",2,38568.8898260078,77137.7796520156,11.2533484479932
"1783","50627088B95956729809463",1,28389.1608361329,28389.1608361329,10.2537626905988
"1784","50627088B96232623294583",1,32832.8518503744,32832.8518503744,10.3991848739289
"1785","50627088B9649339399974",1,110623.339124354,110623.339124354,11.6138863686324
"1786","50627088B96497314595086",1,45014.5479640005,45014.5479640005,10.714741004595
"1787","50627088B9654355924855",1,8941.50923593063,8941.50923593063,9.09845967225611
"1788","50627088B96625037975079",1,25203.6890851153,25203.6890851153,10.1347456550517
"1789","50627088B96858950012844",1,17136.5828357619,17136.5828357619,9.74897080446684
"1790","50627088B97358550185776",1,2239.59568839338,2239.59568839338,7.71405063230472
"1791","50627088B97471764392590",2,69450.7210368766,138901.442073753,11.841519910789
"1792","50627088B98184745232294",1,7117.8442567604,7117.8442567604,8.87036018563414
"1793","50627088B99460777873405",1,21296.5318888669,21296.5318888669,9.96629951632163
"1794","50627088B99707223574870",1,13266.9387039469,13266.9387039469,9.49303040771682
"1795","52423323B10065184809144",2,1186.58862064295,2373.1772412859,7.77198494445392
"1796","52423323B10356189909314",1,24813.2136906764,24813.2136906764,10.1191316003681
"1797","52423323B10934602069357",1,139894.503458806,139894.503458806,11.8486438708096
"1798","52423323B11153152222342",2,38433.0351909071,76866.0703818142,11.2498198407271
"1799","52423323B11408712561371",2,44243.539071846,88487.078143692,11.3906118106598
"1800","52423323B1142335795557",2,11300.0884153622,22600.1768307244,10.0257130095981
"1801","52423323B11777472364014",2,180186.56043148,360373.12086296,12.7948952205337
"1802","52423323B1226588316364",2,20541.2939190877,41082.5878381754,10.6233396571454
"1803","52423323B12429161322070",1,16422.43553029,16422.43553029,9.7064036990649
"1804","52423323B12485828442436",1,17015.1419194753,17015.1419194753,9.74185892774508
"1805","52423323B12945765623889",1,2656882.434717,2656882.434717,14.7926639763851
"1806","52423323B13112190165396",2,25509.5161753285,51019.032350657,10.8399540254371
"1807","52423323B13528942112308",1,39699.1581694713,39699.1581694713,10.5890852616512
"1808","52423323B13826815912541",1,17846.7198600125,17846.7198600125,9.78957500897776
"1809","52423323B13977400518801",2,76719.1937715858,153438.387543172,11.9410543813497
"1810","52423323B141370106049",1,14413.4456890728,14413.4456890728,9.57591677831872
"1811","52423323B14345052331851",1,45934.5872458651,45934.5872458651,10.7349736470522
"1812","52423323B1474651347139",2,527588.131757561,1055176.26351512,13.8692183853588
"1813","52423323B15193843372165",1,35284.2093382714,35284.2093382714,10.4711908153129
"1814","52423323B15399017802977",1,43197.8144328491,43197.8144328491,10.6735451811202
"1815","52423323B15402942481985",2,34071.0213009954,68142.0426019908,11.1293496673138
"1816","52423323B15524353330478",1,16015.8195038646,16015.8195038646,9.68133223175277
"1817","52423323B15615503962810",1,14280.7883995925,14280.7883995925,9.56667044442505
"1818","52423323B15729403870987",2,144826.751217207,289653.502434414,12.5764406684054
"1819","52423323B15729416108881",2,364206.740887451,728413.481774902,13.4986241354162
"1820","52423323B15867360599504",1,142848.937365187,142848.937365187,11.8695429688156
"1821","52423323B16848468403028",2,39396.4498027467,78792.8996054934,11.2745781652569
"1822","52423323B16861027908547",1,19572.3272756191,19572.3272756191,9.88187197389291
"1823","52423323B17082300411624",2,31697.9374238968,63395.8748477936,11.0571540728163
"1824","52423323B17101546722120",1,381717.001798033,381717.001798033,12.8524347800469
"1825","52423323B17696390858849",1,15009.4690413468,15009.4690413468,9.61643655034074
"1826","52423323B18014802865122",1,108736.155646137,108736.155646137,11.5966796364437
"1827","52423323B18041062174834",2,19785.0549422741,39570.1098845482,10.5858293113417
"1828","52423323B18457012552494",1,514833.110656188,514833.110656188,13.1515980701498
"1829","52423323B18472828692910",1,406765.825558493,406765.825558493,12.9159929316594
"1830","52423323B18524543454126",2,2467.39047296578,4934.78094593156,8.5040635630266
"1831","52423323B18578133959698",1,7592.36015260627,7592.36015260627,8.93489777760062
"1832","52423323B18579387327768",1,20509.9515750173,20509.9515750173,9.92866549002109
"1833","52423323B19813922549461",1,429953.092330603,429953.092330603,12.971431394116
"1834","52423323B20904030146167",1,78844.3699431768,78844.3699431768,11.2752311877262
"1835","52423323B21847190963699",1,11113.2432629568,11113.2432629568,9.31589276289089
"1836","52423323B21900392582772",2,35004.3802455127,70008.7604910254,11.1563756630727
"1837","52423323B22525297064489",1,37334.7683079675,37334.7683079675,10.527680297691
"1838","52423323B23065911216534",1,65104.3463007515,65104.3463007515,11.0837465894205
"1839","52423323B23187437311114",1,16615.2460653346,16615.2460653346,9.71807599050958
"1840","52423323B24006196223482",2,175690.363072467,351380.726144934,12.7696256044686
"1841","52423323B24042566063234",1,19577.5189005847,19577.5189005847,9.88213719204844
"1842","52423323B24171754221857",1,18713.5204566447,18713.5204566447,9.83700156066222
"1843","52423323B24465829142626",1,10474.5160275849,10474.5160275849,9.25670054110577
"1844","52423323B25245708603821",1,45280.6822988432,45280.6822988432,10.7206357812009
"1845","52423323B26003221317012",1,86091.7322924707,86091.7322924707,11.3631686613275
"1846","52423323B26167875661566",2,37029.9703430176,74059.9406860352,11.2126300535766
"1847","52423323B27040576130410",1,376396.715663498,376396.715663498,12.8383989610004
"1848","52423323B27353189607616",1,24479.7895494575,24479.7895494575,10.1056031397534
"1849","52423323B27952664457255",1,184522.066091691,184522.066091691,12.1255243347242
"1850","52423323B28004932041096",1,39985.6941947123,39985.6941947123,10.5962770239936
"1851","52423323B28131645769529",2,16788.6210866138,33577.2421732276,10.421603800196
"1852","52423323B28169903287246",2,42678.5466306806,85357.0932613612,11.3545988326939
"1853","52423323B28506543245034",1,26836.2017997395,26836.2017997395,10.1975070683944
"1854","52423323B29014105242179",1,40127.4998934917,40127.4998934917,10.5998171611331
"1855","52423323B2908823577252",1,175890.408128701,175890.408128701,12.077616398987
"1856","52423323B29403129163195",1,236430.128642507,236430.128642507,12.3734080041196
"1857","52423323B29588841600752",1,6408.34410803014,6408.34410803014,8.76535618706143
"1858","52423323B30055377123023",2,80017.842075982,160035.684151964,11.9831520952991
"1859","52423323B3019751705730",1,2105097.29101876,2105097.29101876,14.5598722430418
"1860","52423323B30388068130066",1,3800.19029402909,3800.19029402909,8.24280642183672
"1861","52423323B30468560709175",2,21407.6257637426,42815.2515274852,10.6646496621945
"1862","52423323B30804513522660",2,35065.3286652207,70130.6573304414,11.1581153145149
"1863","52423323B30821332153735",2,23765.6842566997,47531.3685133994,10.7691451618171
"1864","52423323B31237535640697",2,34411.9577139728,68823.9154279456,11.1393065714841
"1865","52423323B32098183633338",1,76004.2919473115,76004.2919473115,11.2385450906649
"1866","52423323B32135121114798",2,12421.4069732638,24842.8139465276,10.1203238125029
"1867","52423323B32764376391113",2,45551.5873513103,91103.1747026206,11.4197479311877
"1868","52423323B3277020886605",2,34652.4312648494,69304.8625296988,11.1462703490902
"1869","52423323B32786783590075",2,16480.0197245203,32960.0394490406,10.4030511808989
"1870","52423323B33166901073309",1,59818.529286946,59818.529286946,10.9990707462405
"1871","52423323B33690071450754",2,23828.8723797612,47657.7447595224,10.7718004301778
"1872","52423323B34146067891906",1,120083.776674909,120083.776674909,11.6959449171361
"1873","52423323B35059140048006",2,410370.164593847,820740.329187694,13.6179620523979
"1874","52423323B35187147605368",1,20240.6745262305,20240.6745262305,9.91544944924088
"1875","52423323B35502407860174",1,45372.7581638219,45372.7581638219,10.7226671634887
"1876","52423323B35564374613878",1,49697.1425755529,49697.1425755529,10.8137027169823
"1877","52423323B36093874947415",1,96405.1984468105,96405.1984468105,11.4763154049415
"1878","52423323B36790328551153",2,29583.806381181,59167.612762362,10.9881295894514
"1879","52423323B3691200212151",1,9929.87968936032,9929.87968936032,9.20330364109073
"1880","52423323B37020317002794",2,46649.2279584818,93298.4559169636,11.4435588370411
"1881","52423323B37211265449281",1,57407.2266397955,57407.2266397955,10.957925474031
"1882","52423323B3743396317208",2,33162.3701106546,66324.7402213092,11.1023182622445
"1883","52423323B3757307003168",2,27627.3257007157,55254.6514014314,10.9197078040976
"1884","52423323B37641528063122",2,41989.6948053837,83979.3896107674,11.3383266859427
"1885","52423323B38410477009705",1,5235.6398970559,5235.6398970559,8.56324435022925
"1886","52423323B38482742195031",1,11997.417836897,11997.417836897,9.39244672535696
"1887","52423323B38935818871161",1,14503.8676990529,14503.8676990529,9.58217063070616
"1888","52423323B39160011861592",2,170030.726679694,340061.453359388,12.7368816254346
"1889","52423323B39330829782254",1,23345.8412285815,23345.8412285815,10.058174141392
"1890","52423323B39360840436508",2,20760.8384860754,41521.6769721508,10.6339709065268
"1891","52423323B39779994842487",1,36452.3143189891,36452.3143189891,10.5037602283976
"1892","52423323B40062002431262",1,188079.265720379,188079.265720379,12.144618779125
"1893","52423323B4006821929898",1,14191.9309262803,14191.9309262803,9.56042883744904
"1894","52423323B40146913346839",2,44974.1008399963,89948.2016799926,11.4069892467385
"1895","52423323B40695299315200",2,44821.3016406478,89642.6032812956,11.403585969007
"1896","52423323B41088190294642",2,30571.5944297113,61143.1888594226,11.0209737507648
"1897","52423323B41510935650721",1,353073.256286742,353073.256286742,12.7744308392767
"1898","52423323B41586767659607",1,6562.15218624154,6562.15218624154,8.78907390530355
"1899","52423323B41825478999592",1,743642.94304218,743642.94304218,13.5193162833532
"1900","52423323B42234793142601",2,51421.3397622518,102842.679524504,11.5409557163156
"1901","52423323B42777689659233",2,48235.8769925433,96471.7539850866,11.4770055396629
"1902","52423323B43258201859657",1,432631.761210983,432631.761210983,12.9776422091564
"1903","52423323B4330471688052",1,19831.8249841609,19831.8249841609,9.89504324875479
"1904","52423323B43439565608947",1,45854.4726613981,45854.4726613981,10.7332280227938
"1905","52423323B43736341835391",2,22396.3369422071,44792.6738844142,10.7097998756649
"1906","52423323B44461654915973",1,555659.863378016,555659.863378016,13.227911629519
"1907","52423323B44939102873256",2,38736.3508272899,77472.7016545798,11.2576809165764
"1908","52423323B4514438281509",1,225946.049830673,225946.049830673,12.3280515321935
"1909","52423323B45396051816333",2,40347.1439427761,80694.2878855522,11.2984230696655
"1910","52423323B45505395463487",1,44182.3011497945,44182.3011497945,10.6960795613985
"1911","52423323B4621357576796",1,12641.3126665972,12641.3126665972,9.44472551251426
"1912","52423323B46245109709528",2,9777.89499776978,19555.7899955396,9.88102668502048
"1913","52423323B47137025507841",1,155433.75258089,155433.75258089,11.9539748914068
"1914","52423323B47433581718173",1,36395.9595066135,36395.9595066135,10.502213044898
"1915","52423323B47497093243576",1,37548.3716432061,37548.3716432061,10.5333852912242
"1916","52423323B48021062516164",2,15853.4171615133,31706.8343230266,10.3642875304147
"1917","52423323B48551637922403",1,15445.0911427775,15445.0911427775,9.64504650645392
"1918","52423323B48942229676406",2,928684.276345757,1857368.55269151,14.4346712873589
"1919","52423323B49198903326940",1,44835.300944433,44835.300944433,10.7107510756293
"1920","52423323B49272784755567",1,347808.101270033,347808.101270033,12.7594061735294
"1921","52423323B49733018646154",1,77751.0821017518,77751.0821017518,11.261267747652
"1922","52423323B50185112630259",2,37478.0033316798,74956.0066633596,11.2246566425925
"1923","52423323B50387422534954",1,47548.9366264888,47548.9366264888,10.769514704453
"1924","52423323B50957806098426",1,46295.4452489787,46295.4452489787,10.7427988604831
"1925","52423323B51190014897639",2,84659.5463161525,169319.092632305,12.0395403357279
"1926","52423323B51460600730955",2,671859.230720154,1343718.46144031,14.1109513000266
"1927","52423323B51894454867093",1,602032.026611445,602032.026611445,13.3080659232271
"1928","52423323B51950353714831",2,133264.908198159,266529.816396318,12.4932413977419
"1929","52423323B52221590077134",2,19215.1826202137,38430.3652404274,10.5566031875582
"1930","52423323B52740470378798",1,17172.1857325765,17172.1857325765,9.75104624529903
"1931","52423323B52788200523187",1,354707.242717999,354707.242717999,12.7790480598315
"1932","52423323B5286931917033",1,75382.7275281204,75382.7275281204,11.2303334498773
"1933","52423323B52993259514924",1,67993.051014512,67993.051014512,11.1271607879733
"1934","52423323B53542655119676",2,45469.5119826785,90939.023965357,11.4179444945895
"1935","52423323B53991752457296",2,28854.147755992,57708.295511984,10.9631562118674
"1936","52423323B55438776297696",2,100379.278751612,200758.557503224,12.2098582585629
"1937","52423323B55479715593619",1,750262.895749773,750262.895749773,13.5281789517584
"1938","52423323B55832283983627",1,12435.3491274742,12435.3491274742,9.42829843203752
"1939","52423323B55997906288289",2,51634.1498987585,103268.299797517,11.5450857328669
"1940","52423323B56216373700802",1,24870.23615126,24870.23615126,10.121427032179
"1941","52423323B57121552581282",2,40144.0686980963,80288.1373961926,11.2933771604564
"1942","52423323B57345599867870",1,31105.1658853282,31105.1658853282,10.3451291900109
"1943","52423323B57626365826979",1,1914104.78231239,1914104.78231239,14.4647605946964
"1944","52423323B5772281676312",2,17497.0547613785,34994.109522757,10.4629350269578
"1945","52423323B5794774245983",1,16054.8947725079,16054.8947725079,9.6837690523139
"1946","52423323B58582315603742",1,18985.3816482459,18985.3816482459,9.85142457508412
"1947","52423323B58689815854296",1,8899.20800176771,8899.20800176771,9.09371756319509
"1948","52423323B58777265344291",1,24676.6091851456,24676.6091851456,10.1136110773787
"1949","52423323B58883260045522",1,367841.941490201,367841.941490201,12.8154086180665
"1950","52423323B58893245125586",2,44056.4812105179,88112.9624210358,11.3863749341437
"1951","52423323B59988568496806",2,22259.0853188768,44518.1706377536,10.703652713749
"1952","52423323B60189599793984",2,184414.000143744,368828.000287488,12.818085690471
"1953","52423323B60260447284731",1,108976.352699441,108976.352699441,11.5988861899632
"1954","52423323B60501572550321",1,43346.1231314915,43346.1231314915,10.6769725464099
"1955","52423323B60515004813393",1,185455.85586417,185455.85586417,12.1305721589313
"1956","52423323B60583840273125",2,12099.8861971054,24199.7723942108,10.0940985069026
"1957","52423323B60640707975629",1,961031.563406065,961031.563406065,13.7757625317482
"1958","52423323B60755765681698",1,365903.567398443,365903.567398443,12.8101251006139
"1959","52423323B61214192740744",1,665.564532036282,665.564532036282,6.50063560088208
"1960","52423323B61278008297409",2,93051.2615564189,186102.523112838,12.1340530003721
"1961","52423323B61382457071366",2,245955.448928106,491910.897856212,13.1060528771552
"1962","52423323B62485565379891",1,18991.1332273792,18991.1332273792,9.85172747698
"1963","52423323B63484657830280",2,50697.9308923885,101395.861784777,11.5267875585054
"1964","52423323B64463590012985",2,27060.5950860493,54121.1901720986,10.8989810733973
"1965","52423323B65626355292212",1,420498.75470639,420498.75470639,12.9491967969315
"1966","52423323B65711938596700",2,33835.6914097711,67671.3828195422,11.1224186637676
"1967","52423323B65809730100750",1,24490.9914855928,24490.9914855928,10.106060634451
"1968","52423323B66250868095677",2,51865.838887284,103731.677774568,11.5495628227342
"1969","52423323B66820493102445",1,23589.6861014269,23589.6861014269,10.0685648658879
"1970","52423323B67874562212910",2,44967.3427639119,89934.6855278238,11.4068389694953
"1971","52423323B69111161141403",2,20271.4120774724,40542.8241549448,10.6101140809971
"1972","52423323B69509517878544",2,5865.04765406881,11730.0953081376,9.36991306677544
"1973","52423323B70070544976743",1,1443039.29844393,1443039.29844393,14.182262071234
"1974","52423323B71782729975754",1,23069.3643984822,23069.3643984822,10.0462607997905
"1975","52423323B72534166962454",1,107825.12045599,107825.12045599,11.5882659386588
"1976","52423323B72611764841085",2,30125.2416598722,60250.4833197444,11.0062658732252
"1977","52423323B72724897935672",2,23568.2579919532,47136.5159839064,10.7608032659079
"1978","52423323B72947560407101",1,22274.4973169103,22274.4973169103,10.0111976849423
"1979","52423323B73481023135249",1,29323.4659964466,29323.4659964466,10.2861433617168
"1980","52423323B74070322698639",2,24267.741735363,48535.483470726,10.7900504273767
"1981","52423323B74647916820461",1,269445.924812585,269445.924812585,12.5041229991522
"1982","52423323B74651487208839",2,1392849.84827354,2785699.69654708,14.840009637328
"1983","52423323B74845935741438",1,42356.754469457,42356.754469457,10.6538831789674
"1984","52423323B76219766339167",1,122167.091574769,122167.091574769,11.7131449897365
"1985","52423323B76675634203570",1,195638.736897433,195638.736897433,12.1840250583732
"1986","52423323B76755657103328",1,21513.3233693561,21513.3233693561,9.97642771378416
"1987","52423323B77410024444051",1,36492.5579762747,36492.5579762747,10.504863627721
"1988","52423323B77626952716253",1,66364.0152344203,66364.0152344203,11.1029102493217
"1989","52423323B7766336727769",1,30039.9526133632,30039.9526133632,10.3102835284255
"1990","52423323B77773616076355",2,43308.2698588345,86616.539717669,11.3692460661257
"1991","52423323B77931792505034",1,35759.5455165636,35759.5455165636,10.4845725199383
"1992","52423323B78124087935217",1,8673.00887759392,8673.00887759392,9.06797105427368
"1993","52423323B78408762151605",1,21399.499665152,21399.499665152,9.97112282060354
"1994","52423323B78995174680355",1,38672.9838225347,38672.9838225347,10.5628965427969
"1995","52423323B79106599781981",2,14998.9577782312,29997.9155564624,10.3088831767791
"1996","52423323B79437263897554",1,21786.131678213,21786.131678213,9.9890288847907
"1997","52423323B79828539547884",1,15453.5913425066,15453.5913425066,9.6455967046669
"1998","52423323B80488084984098",1,125905.104285622,125905.104285622,11.7432837615905
"1999","52423323B8068619404186",2,27714.204539299,55428.409078598,10.9228475405514
"2000","52423323B81395860012193",2,7087.22135154929,14174.4427030986,9.55919581234502
"2001","52423323B8139894881456",2,35226.2251222356,70452.4502444712,11.1626932966293
"2002","52423323B8273444603527",1,8431.63001559456,8431.63001559456,9.03974539121249
"2003","52423323B83657020181819",1,40128.5666675213,40128.5666675213,10.5998437453921
"2004","52423323B84341860753916",2,32071.6785479263,64143.3570958526,11.0688758120061
"2005","52423323B84486994162427",1,13726.2084546412,13726.2084546412,9.52706231019875
"2006","52423323B85181165620653",1,7225.1316363314,7225.1316363314,8.8853207323761
"2007","52423323B85290148440084",1,19432.6605467653,19432.6605467653,9.87471046283612
"2008","52423323B86132788198176",2,16740.2065358639,33480.4130717278,10.4187158623925
"2009","52423323B86725714839987",1,31198.0381656352,31198.0381656352,10.348110492514
"2010","52423323B88446663762190",2,8786.18971785307,17572.3794357061,9.7740835980623
"2011","52423323B90608613064350",1,111905.541199633,111905.541199633,11.6254104122843
"2012","52423323B91072384884845",2,41868.0934201652,83736.1868403304,11.3354265028345
"2013","52423323B91102328415682",2,4432.45807589199,8864.91615178398,9.08985676011998
"2014","52423323B91495403121400",1,45132.3579607753,45132.3579607753,10.7173547396453
"2015","52423323B92182718553781",2,23775.4321076276,47550.8642152552,10.7695552426823
"2016","52423323B92327379026195",2,26151.5812014894,52303.1624029788,10.8648121148211
"2017","52423323B9429339455263",2,6381.71168041229,12763.4233608246,9.45433880938174
"2018","52423323B94618395838075",1,199576.749696641,199576.749696641,12.2039541515889
"2019","52423323B9469904891992",1,349047.575366123,349047.575366123,12.7629635109946
"2020","52423323B94983475607099",1,1312712.6059953,1312712.6059953,14.0876062458499
"2021","52423323B95001910303654",1,25159.7996546198,25159.7996546198,10.1330027479297
"2022","52423323B95364314409049",2,46898.9893849543,93797.9787699086,11.4488985864669
"2023","52423323B95461713566074",1,9030.49856043554,9030.49856043554,9.10836285645233
"2024","52423323B95841930276474",1,20678.8842836687,20678.8842836687,9.93686837570024
"2025","52423323B96529923169881",1,18155.5799975946,18155.5799975946,9.80673323032766
"2026","52423323B96895412793722",1,57178.7896170714,57178.7896170714,10.9539382977102
"2027","52423323B97123089850170",1,312892.689127027,312892.689127027,12.6536155644976
"2028","52423323B9714616989875",1,6877.44773150865,6877.44773150865,8.83600289284381
"2029","52423323B97779835384319",2,16862.2414832592,33724.4829665184,10.4259793500917
"2030","52423323B98536911266025",1,17144.6203268444,17144.6203268444,9.74943971981918
"2031","52423323B98554944088847",2,72708.4473249674,145416.894649935,11.8873600316227
"2032","52423323B98587415300192",2,13588.3106314038,27176.6212628076,10.2101123702947
"2033","52423323B99594247353741",1,17215.248078251,17215.248078251,9.75355078625555
"2034","52423323B9967886911021",1,156237.645703537,156237.645703537,11.9591334969753
"2035","52472329B16958301240037",2,1804.80964959,3609.61929918,8.19135758847506
"2036","52472329B19766585583682",2,3163.87695986142,6327.75391972284,8.75270062116335
"2037","52472329B22687598135129",2,2755.66011126002,5511.32022252004,8.61455947825939
"2038","52472329B33043462803625",2,3182.45059005617,6364.90118011234,8.75855398535839
"2039","52472329B33869241417022",2,1863.1087811719,3726.2175623438,8.22314893977997
"2040","52472329B35296791475509",2,1712.56971355827,3425.13942711654,8.13889745851492
"2041","52472329B55778484611891",2,12819.3803634137,25638.7607268274,10.1518605762794
"2042","52472329B57902249562742",2,2033.60832487238,4067.21664974476,8.31071417464941
"2043","52472329B65639645183115",2,3959.82745081896,7919.65490163792,8.97710291083362
"2044","52472329B68765441097226",2,2577.8657306143,5155.7314612286,8.54786427993092
"2045","52472329B72200716330993",2,2243.36496348686,4486.72992697372,8.40887941405388
"2046","52472329B86967002358759",2,1297.87927521133,2595.75855042266,7.86163406518668
"2047","52472329B95288510107666",2,5007.32269047828,10014.6453809566,9.21180383868185
"2048","52472329B96254136738283",2,2742.74611681515,5485.4922336303,8.60986211045676
"2049","52511910B10215199478646",1,43449.8445232446,43449.8445232446,10.6793625523959
"2050","52511910B10855589670933",1,25677.8628701664,25677.8628701664,10.1533845327741
"2051","52511910B1114695065436",1,232051.213882176,232051.213882176,12.354713375779
"2052","52511910B11437294536827",1,109230.548411079,109230.548411079,11.6012160505251
"2053","52511910B1170609292065",1,23995.7815883368,23995.7815883368,10.0856333267286
"2054","52511910B12239492719020",1,22470.2132862146,22470.2132862146,10.0199458571777
"2055","52511910B1281835166424",1,4032.99792663222,4032.99792663222,8.30226528077262
"2056","52511910B1289591480139",1,8544.41799007826,8544.41799007826,9.05303348206305
"2057","52511910B132067886793",1,19160.4099679451,19160.4099679451,9.86060144837032
"2058","52511910B13267113488931",1,14006.2144264469,14006.2144264469,9.54725639771179
"2059","52511910B1345857498627",1,2387.72587601766,2387.72587601766,7.77809667563594
"2060","52511910B14295991899678",1,29081.6909765357,29081.6909765357,10.2778640790812
"2061","52511910B1435450581762",1,3119.8701625419,3119.8701625419,8.04554666536771
"2062","52511910B14571669428725",1,7149.6519466603,7149.6519466603,8.87481895571443
"2063","52511910B14763561478876",1,12555.4858155556,12555.4858155556,9.43791296582956
"2064","52511910B14816404731270",1,85148.1901212615,85148.1901212615,11.352148430683
"2065","52511910B16211515353621",1,13789.0988847967,13789.0988847967,9.53163362309724
"2066","52511910B16992601244944",1,80225.5001860506,80225.5001860506,11.2925967007489
"2067","52511910B1724778943765",1,6453.14411438744,6453.14411438744,8.77232275061494
"2068","52511910B17390178466990",1,8497.72118352095,8497.72118352095,9.04755331047788
"2069","52511910B17490321584859",1,160678.782134851,160678.782134851,11.987162509
"2070","52511910B17517272780410",1,287841.478315751,287841.478315751,12.5701651850652
"2071","52511910B1854707671717",2,189140.032437307,378280.064874614,12.8433901126284
"2072","52511910B19191805182315",2,139191.425600273,278382.851200546,12.536752607846
"2073","52511910B2005519933546",1,42379.7945777913,42379.7945777913,10.6544269846607
"2074","52511910B2055603825455",1,83507.0554196616,83507.0554196616,11.3326864033132
"2075","52511910B21407702399528",1,668832.126232501,668832.126232501,13.4132883752337
"2076","52511910B21980317252116",1,2840.48304611852,2840.48304611852,7.95172940335361
"2077","52511910B22102802824180",1,14679.6705285183,14679.6705285183,9.59421885835522
"2078","52511910B22297779295169",1,20432.0169130686,20432.0169130686,9.9248584060455
"2079","52511910B22417450396653",1,8950.69725329604,8950.69725329604,9.09948671363064
"2080","52511910B23437445078556",1,86583.9521066853,86583.9521066853,11.368869766832
"2081","52511910B24217315836254",1,20238.1398855686,20238.1398855686,9.91532421629115
"2082","52511910B2433100174245",1,85768.7946388207,85768.7946388207,11.3594105204733
"2083","52511910B24338772487994",1,8319.73485726122,8319.73485726122,9.02638566518981
"2084","52511910B24462040337349",1,37981.4281902204,37981.4281902204,10.5448525874039
"2085","52511910B24789968471650",1,358109.924194716,358109.924194716,12.7885952690756
"2086","52511910B24890266463781",1,102978.716025998,102978.716025998,11.5422776053344
"2087","52511910B24911018318465",1,76976.2876857348,76976.2876857348,11.2512527012755
"2088","52511910B26024129556324",1,99489.369504987,99489.369504987,11.5078060782931
"2089","52511910B26321075911025",1,115083.860308776,115083.860308776,11.6534163616699
"2090","52511910B26440140856632",1,91997.4761569873,91997.4761569873,11.4295164225787
"2091","52511910B26517515062770",1,30061.5597897907,30061.5597897907,10.3110025511754
"2092","52511910B27389223998758",1,116352.221943321,116352.221943321,11.6643772656114
"2093","52511910B27691000187918",1,125837.634072317,125837.634072317,11.7427477364772
"2094","52511910B27876515321702",1,61906.4650159509,61906.4650159509,11.033379896126
"2095","52511910B28036042271757",1,184119.232021552,184119.232021552,12.1233388268468
"2096","52511910B28406755893597",1,6620.39838611186,6620.39838611186,8.79791082629134
"2097","52511910B28710323112279",2,8422.6244832084,16845.2489664168,9.73182393557214
"2098","52511910B29325635095698",1,371240.712266813,371240.712266813,12.824605951323
"2099","52511910B29818712056723",1,29685.5639186865,29685.5639186865,10.2984161432798
"2100","52511910B30709967967550",1,107697.666226297,107697.666226297,11.5870831937017
"2101","52511910B30774246387934",1,22459.7211376952,22459.7211376952,10.0194788122623
"2102","52511910B30880402907345",1,42500.855122113,42500.855122113,10.6572794752304
"2103","52511910B3088598520620",1,41138.0979323735,41138.0979323735,10.6246899281171
"2104","52511910B3092467574862",1,38129.515085395,38129.515085395,10.548743935367
"2105","52511910B3118715998086",1,4038.01842275574,4038.01842275574,8.30350936120902
"2106","52511910B31268860247424",1,121307.205606039,121307.205606039,11.7060814963504
"2107","52511910B31717620625581",1,21824.2986260165,21824.2986260165,9.99077924392643
"2108","52511910B32484376841800",1,3664.09640636706,3664.09640636706,8.20633703722928
"2109","52511910B33100646615087",1,60843.5175509293,60843.5175509293,11.0160605611209
"2110","52511910B33929030594907",1,95640.1725575154,95640.1725575154,11.4683482258107
"2111","52511910B3516463668472",1,1445.17595370986,1445.17595370986,7.27598636040676
"2112","52511910B35262105049161",1,42415.4235562002,42415.4235562002,10.6552673381922
"2113","52511910B36399926613491",1,383932.178044551,383932.178044551,12.8582211962951
"2114","52511910B36549244443661",1,3255.09014107309,3255.09014107309,8.08797524736923
"2115","52511910B37647459697968",1,30047.2786618415,30047.2786618415,10.3105273755245
"2116","52511910B37723179298847",1,7407.81485899554,7407.81485899554,8.91029078397747
"2117","52511910B38062779232785",1,2061.30637328929,2061.30637328929,7.63109522257893
"2118","52511910B38320737099141",1,8232.04659294878,8232.04659294878,9.01578993747707
"2119","52511910B39021201460320",1,99965.7776460634,99965.7776460634,11.512583182859
"2120","52511910B39055948947966",1,2871.63508227625,2871.63508227625,7.96263686160648
"2121","52511910B39647585180353",1,79405.3444418616,79405.3444418616,11.2823209553209
"2122","52511910B3988585053627",1,1180.3399311122,1180.3399311122,7.07355775318717
"2123","52511910B39925062868722",1,27937.3662141047,27937.3662141047,10.2377203625876
"2124","52511910B4018321552262",1,20287.1234383493,20287.1234383493,9.91774165038622
"2125","52511910B4023851996912",1,10916.4759212489,10916.4759212489,9.29802847937994
"2126","52511910B40704082736400",1,209803.644262773,209803.644262773,12.2539273449688
"2127","52511910B40907976300093",1,115456.746694556,115456.746694556,11.656651251313
"2128","52511910B40932238962124",1,1805.38535503119,1805.38535503119,7.49852934107265
"2129","52511910B41832053670190",1,95036.9695471152,95036.9695471152,11.4620212480098
"2130","52511910B41847670787440",1,1104.09191500405,1104.09191500405,7.00677847971567
"2131","52511910B42807411813200",1,9986.66711160465,9986.66711160465,9.20900619351625
"2132","52511910B43288181316884",1,52976.3238675292,52976.3238675292,10.8776003732448
"2133","52511910B43880613502989",2,24248.2299633375,48496.459926675,10.789246083059
"2134","52511910B45758904415578",1,44469.6380155187,44469.6380155187,10.7025619435013
"2135","52511910B46327040282414",1,166296.045854552,166296.045854552,12.0215248877158
"2136","52511910B46580896438278",1,19027.9771752388,19027.9771752388,9.85366565801597
"2137","52511910B47108576517123",1,25872.5519638381,25872.5519638381,10.1609379159986
"2138","52511910B47117449404442",1,15806.4773564941,15806.4773564941,9.66817509427649
"2139","52511910B47244734334087",1,5218.67980995519,5218.67980995519,8.5599997389193
"2140","52511910B47715712995546",1,189387.354464574,189387.354464574,12.1515496912146
"2141","52511910B47928826922149",1,1314.70357474317,1314.70357474317,7.18136650075505
"2142","52511910B4802898208422",1,22005.942375067,22005.942375067,9.99906780382546
"2143","52511910B48556697809502",1,41642.419669005,41642.419669005,10.6368746302867
"2144","52511910B48822656668811",1,5952.35609589231,5952.35609589231,8.6915424026622
"2145","52511910B49041277824691",1,3013.78568239678,3013.78568239678,8.0109522692915
"2146","52511910B49246730473855",1,51159.5499761885,51159.5499761885,10.8427044592543
"2147","52511910B49284203349487",1,23138.7009765704,23138.7009765704,10.0492618615993
"2148","52511910B49336497562900",1,147731.810818647,147731.810818647,11.9031538198635
"2149","52511910B49397347460294",1,18571.5456829506,18571.5456829506,9.82938588636756
"2150","52511910B4946947315760",1,85701.7118171233,85701.7118171233,11.3586280789152
"2151","52511910B49492134849249",1,71648.4585419142,71648.4585419142,11.1795269193042
"2152","52511910B49637011657057",1,43650.9642846677,43650.9642846677,10.6839806523105
"2153","52511910B4969786063416",1,10090.7764672189,10090.7764672189,9.21937706452151
"2154","52511910B50234287801955",1,22032.2558452804,22032.2558452804,10.0002628333411
"2155","52511910B50474008293669",1,290733.739979067,290733.739979067,12.5801631444115
"2156","52511910B50770239456778",1,43853.7611718086,43853.7611718086,10.6886157677094
"2157","52511910B5173446134858",1,33566.083415665,33566.083415665,10.4212714139888
"2158","52511910B52234359951443",1,43117.3202537957,43117.3202537957,10.6716800574039
"2159","52511910B53055897182204",1,13592.0365456514,13592.0365456514,9.51723935211003
"2160","52511910B53218930904512",1,4798.94742865674,4798.94742865674,8.47615188715285
"2161","52511910B53442502489936",1,172850.20962111,172850.20962111,12.0601806580833
"2162","52511910B53728166380969",1,19816.7645268372,19816.7645268372,9.89428355171468
"2163","52511910B54429610497624",1,161892.749635441,161892.749635441,11.9946893556823
"2164","52511910B54921877123299",1,24592.510651982,24592.510651982,10.1101972305263
"2165","52511910B55440888068193",1,4445.24635230312,4445.24635230312,8.39959056875265
"2166","52511910B55551570232595",1,46750.5114358885,46750.5114358885,10.7525804744621
"2167","52511910B55567443002533",1,5993.89806495772,5993.89806495772,8.69849724155211
"2168","52511910B56209015841977",1,144474.774689616,144474.774689616,11.8808602016735
"2169","52511910B56958480946992",1,72256.2267505406,72256.2267505406,11.1879737856596
"2170","52511910B57035161982504",1,193296.271700352,193296.271700352,12.1719793773764
"2171","52511910B57239711193520",1,62203.6445427804,62203.6445427804,11.0381688709461
"2172","52511910B57344020400583",1,328923.796939735,328923.796939735,12.7035813826754
"2173","52511910B58011485138839",1,4025.34903869675,4025.34903869675,8.30036690378154
"2174","52511910B5845387986633",1,8162.55968693161,8162.55968693161,9.0073130858926
"2175","52511910B58943778362560",2,12466.8790578974,24933.7581157948,10.1239779118791
"2176","52511910B59360103371589",1,8054.84954776269,8054.84954776269,8.99402961731903
"2177","52511910B59553354826271",2,9160.81930396522,18321.6386079304,9.8158380778926
"2178","52511910B59671861776280",1,9392.81130112369,9392.81130112369,9.14769992048405
"2179","52511910B59824272814460",1,62472.7936253148,62472.7936253148,11.0424864389581
"2180","52511910B60889717547120",1,203931.407968077,203931.407968077,12.2255389808359
"2181","52511910B61439489120441",1,62550.7705273059,62550.7705273059,11.0437338344012
"2182","52511910B6162382764157",1,301242.863667569,301242.863667569,12.6156720744361
"2183","52511910B62200479590982",1,6294.73498721481,6294.73498721481,8.74746884665895
"2184","52511910B62500214534323",1,117.45358178696,117.45358178696,4.76604320691033
"2185","52511910B62556379472396",1,6901.80624997863,6901.80624997863,8.83953843168738
"2186","52511910B62562257240113",1,122101.590848555,122101.590848555,11.7126086890766
"2187","52511910B62922031863482",1,6499.0135776978,6499.0135776978,8.77940568709017
"2188","52511910B63167976390159",1,18272.5329527348,18272.5329527348,9.81315427975885
"2189","52511910B63672424305930",1,18032.3016506416,18032.3016506416,9.79991996476883
"2190","52511910B63745543652662",1,47189.9048327146,47189.9048327146,10.7619352680351
"2191","52511910B6389603869041",1,539021.067079245,539021.067079245,13.1975099346176
"2192","52511910B648094459248",1,47582.2801219111,47582.2801219111,10.7702157045648
"2193","52511910B65196754917234",1,56367.3604026859,56367.3604026859,10.9396455537008
"2194","52511910B65736953470193",2,13391.1469302355,26782.293860471,10.1954962713077
"2195","52511910B66300742055958",1,9118.23464840012,9118.23464840012,9.11803149507706
"2196","52511910B66525116512935",1,26846.5722968614,26846.5722968614,10.1978934305907
"2197","52511910B67044835484249",1,29189.098299057,29189.098299057,10.2815505726227
"2198","52511910B67072521171420",1,3725.86601793256,3725.86601793256,8.22305459182809
"2199","52511910B67569609565838",1,83579.5167223222,83579.5167223222,11.3335537537684
"2200","52511910B68305869820707",1,36705.8936057316,36705.8936057316,10.5106926098617
"2201","52511910B68505135665197",1,442709.381629362,442709.381629362,13.0006688103397
"2202","52511910B68559401871490",1,151553.590365394,151553.590365394,11.928694573168
"2203","52511910B68602378722707",1,86311.5864070122,86311.5864070122,11.3657191253832
"2204","52511910B70153095650041",1,3349.62166574983,3349.62166574983,8.11660268284434
"2205","52511910B70290379794397",1,68911.1756817387,68911.1756817387,11.1405736453251
"2206","52511910B70456030054544",1,1324.86536504882,1324.86536504882,7.18906612197364
"2207","52511910B70473175587181",1,3932.72677649102,3932.72677649102,8.27708830052747
"2208","52511910B70638918104863",1,33011.9640283104,33011.9640283104,10.404625321057
"2209","52511910B71032150875325",1,12020.5168156329,12020.5168156329,9.39437020347378
"2210","52511910B72557613719767",1,300994.252430967,300994.252430967,12.614846448635
"2211","52511910B75183314272458",1,46032.3439327339,46032.3439327339,10.7370995573643
"2212","52511910B75402986028359",1,87743.0691646449,87743.0691646449,11.38216815433
"2213","52511910B76288634877329",1,47291.3206160389,47291.3206160389,10.7640820611528
"2214","52511910B76622709081814",1,1911.60640277285,1911.60640277285,7.55569921612968
"2215","52511910B76643025216805",1,215972.337377525,215972.337377525,12.2829056107683
"2216","52511910B76864499188928",1,4066.49231876308,4066.49231876308,8.31053606869888
"2217","52511910B77222989775801",1,5995.76522820057,5995.76522820057,8.69880870371952
"2218","52511910B77517078586613",1,100023.921347748,100023.921347748,11.5131646498407
"2219","52511910B7774942695724",1,21116.4213956159,21116.4213956159,9.95780628196791
"2220","52511910B78140930961679",1,2564.91584990186,2564.91584990186,7.8496809500109
"2221","52511910B7838707993704",1,21749.798194784,21749.798194784,9.98735975807305
"2222","52511910B78526013910080",1,6151.62169542077,6151.62169542077,8.7244710163527
"2223","52511910B79023193352255",1,32255.5762542282,32255.5762542282,10.3814462143851
"2224","52511910B79239618011253",1,220851.6823843,220851.6823843,12.3052466347647
"2225","52511910B79351211043156",1,94578.7913196494,94578.7913196494,11.4571885366665
"2226","52511910B79904820365756",1,36233.5074483673,36233.5074483673,10.4977395898124
"2227","52511910B80020209032330",1,45169.3723233984,45169.3723233984,10.7181745326787
"2228","52511910B80553421723016",2,95652.9846523323,191305.969304665,12.1616293588342
"2229","52511910B80611967822771",1,31544.6561483879,31544.6561483879,10.3591594763932
"2230","52511910B81807770672257",1,491432.545362099,491432.545362099,13.1050799667542
"2231","52511910B81868017791126",2,12380.6782505227,24761.3565010454,10.1170395112851
"2232","52511910B82588790657213",1,10171.1182355615,10171.1182355615,9.22730743733057
"2233","52511910B82760897224923",1,30805.9466568489,30805.9466568489,10.3354630235997
"2234","52511910B83254623159264",1,88247.2267251237,88247.2267251237,11.3878975490907
"2235","52511910B8366046265197",1,1208.11140061736,1208.11140061736,7.09681359329695
"2236","52511910B84130893113897",1,183810.759749583,183810.759749583,12.1216620277212
"2237","52511910B84254778922177",2,2838.968172987,5677.936345974,8.64434312632795
"2238","52511910B8433520860340",1,15254.0050358835,15254.0050358835,9.63259737285941
"2239","52511910B8555120582575",1,76111.2770738412,76111.2770738412,11.239951720438
"2240","52511910B85663060935330",1,41320.2404749663,41320.2404749663,10.6291077430367
"2241","52511910B85672644454395",1,210803.571981346,210803.571981346,12.2586820403888
"2242","52511910B8569683364670",1,143781.695493314,143781.695493314,11.8760514247434
"2243","52511910B85706759339541",1,35215.4862110322,35215.4862110322,10.469241214014
"2244","52511910B8640641883305",2,11633.2872400096,23266.5744800192,10.0547730378977
"2245","52511910B86635109020715",1,8771.21508379965,8771.21508379965,9.07923062580323
"2246","52511910B86664130512952",1,3693.21496911113,3693.21496911113,8.21425262304501
"2247","52511910B86675185737242",1,154732.380664475,154732.380664475,11.9494523272923
"2248","52511910B86901151057582",1,33839.9990938893,33839.9990938893,10.4293987869438
"2249","52511910B8694284014765",1,20493.608635708,20493.608635708,9.92786834264702
"2250","52511910B87526029786391",1,13390.6375826334,13390.6375826334,9.50231105387971
"2251","52511910B88737921309662",1,283476.706173692,283476.706173692,12.554885233602
"2252","52511910B89393531563013",1,127018.359952541,127018.359952541,11.7520869215474
"2253","52511910B89557374460695",1,2412.56235411923,2412.56235411923,7.78844467914617
"2254","52511910B9049907467318",1,2623.2090830712,2623.2090830712,7.87215368811639
"2255","52511910B90712224530022",2,73784.1499777003,147568.299955401,11.9020463981323
"2256","52511910B90795941917739",1,7503.10287119548,7503.10287119548,8.92307193012687
"2257","52511910B90991611037176",1,3330.4262261109,3330.4262261109,8.11085557061282
"2258","52511910B92065650444302",1,76180.0177618187,76180.0177618187,11.2408544731885
"2259","52511910B92188863099631",1,70741.3308768998,70741.3308768998,11.1667852762226
"2260","52511910B92709587856848",1,41847.2677957112,41847.2677957112,10.6417817881403
"2261","52511910B92990516943265",1,70849.9098304009,70849.9098304009,11.1683189724349
"2262","52511910B93844416805291",1,32961.2270456719,32961.2270456719,10.4030872116579
"2263","52511910B94458762678017",1,38303.3860037461,38303.3860037461,10.5532935786695
"2264","52511910B94675128167590",1,227937.798373938,227937.798373938,12.3368280565666
"2265","52511910B95362195406961",1,132142.776310482,132142.776310482,11.7916382557346
"2266","52511910B95398494564210",1,20376.3129034703,20376.3129034703,9.92212837301323
"2267","52511910B954183777842",1,159809.015169207,159809.015169207,11.9817347260497
"2268","52511910B95850947838113",1,35743.9806342214,35743.9806342214,10.4841371600778
"2269","52511910B95876228816034",1,16733.3629095968,16733.3629095968,9.72515978451593
"2270","52511910B95956240331763",1,80440.1923161327,80440.1923161327,11.295269234686
"2271","52511910B96063333949316",1,26025.687229161,26025.687229161,10.1668392996345
"2272","52511910B96194264601254",1,344994.305222869,344994.305222869,12.7512831892769
"2273","52511910B96314718972571",1,9319.16776989967,9319.16776989967,9.13982860861745
"2274","52511910B96811995525646",1,6020.99849758165,6020.99849758165,8.70300838793471
"2275","52511910B97040583536387",1,267521.992502312,267521.992502312,12.4969570569006
"2276","52511910B97060806511909",1,15267.6001450726,15267.6001450726,9.63348822443865
"2277","52511910B97228601381981",1,91600.1029183877,91600.1029183877,11.4251876742248
"2278","52511910B97596648855860",2,12390.5867099962,24781.1734199924,10.1178395075726
"2279","52511910B98030585757527",1,211840.185294533,211840.185294533,12.2635874264214
"2280","52511910B98629971413037",1,173429.132454514,173429.132454514,12.0635243364517
"2281","52511910B98838605252897",1,157479.164464352,157479.164464352,11.9670484393816
"2282","52511910B98966812491458",1,10503.0628394293,10503.0628394293,9.259422192603
"2283","54806243B13600000049447",1,39189.9920134381,39189.9920134381,10.5761766874028
"2284","54806243B24177068581900",1,40468.8004784788,40468.8004784788,10.6082865976599
"2285","54806243B24491870004001",1,11614.8354859641,11614.8354859641,9.36003848117515
"2286","54806243B24736520064001",1,13430.052083089,13430.052083089,9.5052501676251
"2287","54806243B26229872021267",1,25303.0748108063,25303.0748108063,10.1386812013549
"2288","54806243B31598332414602",1,43592.5166511578,43592.5166511578,10.6826407781646
"2289","54806243B32132961433294",1,22076.6046912579,22076.6046912579,10.0022737155259
"2290","54806243B35182777115371",1,27955.0525420365,27955.0525420365,10.2383532329809
"2291","54806243B36605497856689",1,21907.452014433,21907.452014433,9.99458213255595
"2292","54806243B37030800305867",2,63091.830064282,126183.660128564,11.7454937447046
"2293","54806243B37917799339304",1,58346.4023927336,58346.4023927336,10.9741529801624
"2294","54806243B38020110154971",1,58268.0553222149,58268.0553222149,10.9728092860126
"2295","54806243B38161899142036",1,62933.9686670639,62933.9686670639,11.0498413393198
"2296","54806243B39354451969384",1,40509.6203724586,40509.6203724586,10.6092947649472
"2297","54806243B39902865855878",2,29872.1375056239,59744.2750112478,10.9978286494918
"2298","54806243B40513758321567",1,10894.816952351,10894.816952351,9.29604244616838
"2299","54806243B45246983413139",1,38222.7296693991,38222.7296693991,10.5511856351655
"2300","54806243B47827681100424",1,34581.7351252591,34581.7351252591,10.4510809351115
"2301","54806243B53814291483739",1,115207.243935374,115207.243935374,11.6544879066504
"2302","54806243B65715905336268",1,13772.364629231,13772.364629231,9.53041930023565
"2303","54806243B70207385851148",1,34408.1186068431,34408.1186068431,10.4460478215293
"2304","54806243B75063146976266",2,67405.4043592738,134810.808718548,11.8116276576178
"2305","54806243B75308999712701",1,21050.1675131713,21050.1675131713,9.95466379694923
"2306","54806243B76472997498531",1,71774.3439322346,71774.3439322346,11.1812823643308
"2307","54806243B77256668678203",2,38715.7245690994,77431.4491381988,11.2571482966673
"2308","54806243B78730192124512",1,62962.2624313139,62962.2624313139,11.0502908168693
"2309","54806243B81229078685154",1,27408.7015625211,27408.7015625211,10.2186158172343
"2310","54806243B82377713639337",1,44686.2315802665,44686.2315802665,10.7074207148157
"2311","54806243B83345748269493",1,85696.001527059,85696.001527059,11.3585614468703
"2312","54806243B86213796006306",1,28272.6342961977,28272.6342961977,10.2496496297987
"2313","54806243B87134843513913",1,34629.8503351557,34629.8503351557,10.4524713155608
"2314","54806243B87203647312357",1,65560.3989818828,65560.3989818828,11.090727118591
"2315","54806243B97647332692488",1,14875.8205011264,14875.8205011264,9.60749238863218
"2316","57096268B10864130869566",1,66471.7448755484,66471.7448755484,11.1045322472635
"2317","57096268B14042132739921",1,127823.751281834,127823.751281834,11.7584076509338
"2318","57096268B27125670128287",1,170489.32038018,170489.32038018,12.0464279366775
"2319","57096268B40761153029526",1,123892.409293137,123892.409293137,11.7271688009555
"2320","57096268B47073695413304",1,122263.869397939,122263.869397939,11.7139368520099
"2321","57096268B62174897776861",1,366114.617363516,366114.617363516,12.8107017255539
"2322","57096268B90141402454331",1,146468.29990337,146468.29990337,11.8945643011129
"2323","5873133B10619392934553",1,17141.3006437913,17141.3006437913,9.74924607280784
"2324","5873133B10835743668931",1,18372.0331256394,18372.0331256394,9.81858484849432
"2325","5873133B11463526340126",1,35911.9599863424,35911.9599863424,10.488825666247
"2326","5873133B11513938910004",1,45296.9170940518,45296.9170940518,10.7209942538363
"2327","5873133B11959666540716",1,28092.1808307231,28092.1808307231,10.2432465543479
"2328","5873133B12097804140145",1,18487.124399485,18487.124399485,9.8248297903548
"2329","5873133B13038954384182",1,38499.2412569215,38499.2412569215,10.5583938124692
"2330","5873133B14255448334282",1,40721.1994107779,40721.1994107779,10.6145041058687
"2331","5873133B14454086811136",1,27343.8236169859,27343.8236169859,10.2162459548147
"2332","5873133B14640921830681",1,50876.6754111757,50876.6754111757,10.8371598541177
"2333","5873133B15646893795596",1,22453.8831910256,22453.8831910256,10.0192188488597
"2334","5873133B16381399369592",1,49384.0864523687,49384.0864523687,10.8073835146871
"2335","5873133B16730843557945",1,29360.588067993,29360.588067993,10.2874085120917
"2336","5873133B16918470579073",1,25598.6445208267,25598.6445208267,10.1502946806606
"2337","5873133B16930759140678",1,28157.2237762941,28157.2237762941,10.2455592179224
"2338","5873133B17042866960097",1,26741.0747524899,26741.0747524899,10.1939560425367
"2339","5873133B18707060070656",1,19881.0046677978,19881.0046677978,9.89752001554318
"2340","5873133B19257398273373",1,10901.982401862,10901.982401862,9.29669992341104
"2341","5873133B19400646094396",1,21064.5812798524,21064.5812798524,9.95534829668659
"2342","5873133B2000011981509",1,45872.4047720939,45872.4047720939,10.7336190120312
"2343","5873133B21460579019232",1,40307.8515750118,40307.8515750118,10.6043015571223
"2344","5873133B22148829487271",1,25757.9785646958,25757.9785646958,10.1564997052718
"2345","5873133B22285144111595",1,43749.4754573331,43749.4754573331,10.6862349021672
"2346","5873133B22694450243518",1,29304.2596665222,29304.2596665222,10.2854881655483
"2347","5873133B23130465249545",1,12730.1685459056,12730.1685459056,9.45172993151923
"2348","5873133B2483267720769",1,20831.493066026,20831.493066026,9.94422121032406
"2349","5873133B24997022792264",1,40022.9289965333,40022.9289965333,10.5972077937788
"2350","5873133B25090004397750",1,25171.8728698182,25171.8728698182,10.133482494174
"2351","5873133B25639176820798",1,29799.455377846,29799.455377846,10.3022453964153
"2352","5873133B25756375031462",1,37342.80830845,37342.80830845,10.5278956233852
"2353","5873133B26300601338838",1,36211.1653952518,36211.1653952518,10.4971227865901
"2354","5873133B26556088806881",1,25346.317699061,25346.317699061,10.1403887400486
"2355","5873133B27711850706283",1,62522.2636217162,62522.2636217162,11.0432779902414
"2356","5873133B28056966648510",1,15491.7819598638,15491.7819598638,9.64806496616585
"2357","5873133B29107056882514",1,26643.9277255177,26643.9277255177,10.1903165509306
"2358","5873133B29176849558462",1,32605.9008458068,32605.9008458068,10.392248558515
"2359","5873133B30233967473277",1,25699.7768531582,25699.7768531582,10.1542375880891
"2360","5873133B31018509161138",1,36242.646020245,36242.646020245,10.4979917712952
"2361","5873133B31102930937386",1,27234.3709222701,27234.3709222701,10.2122350914152
"2362","5873133B31894390357020",1,38914.8612214287,38914.8612214287,10.5691314931897
"2363","5873133B32019280992122",1,22663.506086664,22663.506086664,10.0285112484148
"2364","5873133B32465812463029",1,31723.3230159857,31723.3230159857,10.3648074311692
"2365","5873133B33035753150692",1,30076.4616617876,30076.4616617876,10.3114981402201
"2366","5873133B33667997151224",1,11166.1658256498,11166.1658256498,9.32064357670485
"2367","5873133B33785826163763",1,37927.4342370123,37927.4342370123,10.5434299877077
"2368","5873133B34299058506876",1,25531.6726057933,25531.6726057933,10.1476750233967
"2369","5873133B36266904868513",1,24515.5458842768,24515.5458842768,10.1070627211952
"2370","5873133B36799193613940",1,27246.9381559264,27246.9381559264,10.212696432528
"2371","5873133B37999422461820",1,33495.6706695075,33495.6706695075,10.4191714757157
"2372","5873133B39771401556272",1,35832.9370330428,35832.9370330428,10.4866227782776
"2373","5873133B40533987579120",1,27067.7851426334,27067.7851426334,10.2060995596316
"2374","5873133B40874438019884",1,16234.0824865406,16234.0824865406,9.69486816840594
"2375","5873133B41163047838310",1,19963.9347925681,19963.9347925681,9.90168266433332
"2376","5873133B41660382449043",1,48288.7111995362,48288.7111995362,10.7849530897464
"2377","5873133B42625878328180",1,19251.391235309,19251.391235309,9.86533860906854
"2378","5873133B44543417312152",1,41761.5865859302,41761.5865859302,10.6397322147929
"2379","5873133B45829912982707",1,30951.3688695152,30951.3688695152,10.340172505552
"2380","5873133B46430887417549",1,28488.5098539974,28488.5098539974,10.257256121947
"2381","5873133B47178775343132",1,19230.5019719819,19230.5019719819,9.86425294182933
"2382","5873133B47279722730616",1,29665.5069349403,29665.5069349403,10.2977402672014
"2383","5873133B47425584420404",1,27431.8743470991,27431.8743470991,10.2194609136095
"2384","5873133B47562740874876",1,12667.7225562697,12667.7225562697,9.44681250627169
"2385","5873133B47700529765173",1,26660.756603606,26660.756603606,10.1909479730602
"2386","5873133B47724630895547",1,29213.1656698583,29213.1656698583,10.2823747657457
"2387","5873133B47957460219787",1,44251.2852487326,44251.2852487326,10.6976396951834
"2388","5873133B47995310482599",1,22190.2057419462,22190.2057419462,10.0074062877154
"2389","5873133B48901885331675",1,24535.6611734509,24535.6611734509,10.107882896335
"2390","5873133B49467827523795",1,35589.968076458,35589.968076458,10.4798190815232
"2391","5873133B49648577838284",1,49840.7613611089,49840.7613611089,10.8165884294504
"2392","5873133B49845781008100",1,28067.4420830753,28067.4420830753,10.2423655388437
"2393","5873133B49983124461260",1,20673.4151943676,20673.4151943676,9.93660386371894
"2394","5873133B50268153868150",1,29788.3045725243,29788.3045725243,10.3018711314501
"2395","5873133B50398048682629",1,35444.4966504814,35444.4966504814,10.4757232773273
"2396","5873133B51577512339475",1,23401.7770006926,23401.7770006926,10.060567238663
"2397","5873133B51648159491846",1,17804.8456305166,17804.8456305166,9.7872259256668
"2398","5873133B52619752343390",1,46963.5170320586,46963.5170320586,10.7571263459066
"2399","5873133B53236888047541",1,48387.8481795038,48387.8481795038,10.7870039905098
"2400","5873133B53714472852508",1,35276.8728655262,35276.8728655262,10.4709828685937
"2401","5873133B54360294204800",1,28133.3671693612,28133.3671693612,10.2447115946176
"2402","5873133B55746922495286",1,28298.1804181563,28298.1804181563,10.250552785386
"2403","5873133B57214711560854",1,33230.3020403043,33230.3020403043,10.4112174506936
"2404","5873133B57447435904726",1,22339.2413534944,22339.2413534944,10.0141001129371
"2405","5873133B57887905689291",1,41296.2800464531,41296.2800464531,10.628527703378
"2406","5873133B60046508730190",1,11469.9746888763,11469.9746888763,9.34748800339703
"2407","5873133B62102749120694",1,27524.3906300978,27524.3906300978,10.2228278225664
"2408","5873133B62202788208281",1,29152.4298435549,29152.4298435549,10.2802935448589
"2409","5873133B62819927990234",1,18441.2248348362,18441.2248348362,9.82234391761815
"2410","5873133B63179188649411",1,31137.8078290038,31137.8078290038,10.3461780456397
"2411","5873133B63636578816304",1,18155.7912435307,18155.7912435307,9.80674486557738
"2412","5873133B63806445794843",1,27702.1761659097,27702.1761659097,10.2292662510358
"2413","5873133B64230948512776",1,17719.6349621864,17719.6349621864,9.7824286236188
"2414","5873133B64258564614963",1,43037.6299763657,43037.6299763657,10.6698301277146
"2415","5873133B64283034933999",1,23585.5417329811,23585.5417329811,10.0683891648411
"2416","5873133B64504717779267",1,17478.8510451968,17478.8510451968,9.76874691736942
"2417","5873133B64566250281518",1,10126.6899101678,10126.6899101678,9.22292978275563
"2418","5873133B65409503618015",1,40231.0629092742,40231.0629092742,10.602394685407
"2419","5873133B65696194477644",1,26086.4600983017,26086.4600983017,10.169171688523
"2420","5873133B65902327619724",1,49371.7180483388,49371.7180483388,10.8071330300871
"2421","5873133B65979893592853",1,32882.6826802224,32882.6826802224,10.4007014358729
"2422","5873133B66186119395880",1,14883.7759437038,14883.7759437038,9.60802703585306
"2423","5873133B66309830606527",1,27825.7365465543,27825.7365465543,10.2337166464692
"2424","5873133B68451217430396",1,20898.3245547966,20898.3245547966,9.94742426989726
"2425","5873133B68826952408481",1,15600.5596984467,15600.5596984467,9.65506207069958
"2426","5873133B69138340953371",1,32483.719125771,32483.719125771,10.3884942928242
"2427","5873133B69148251137192",1,22320.7874377973,22320.7874377973,10.0132736953441
"2428","5873133B69749427395931",1,29538.8891724977,29538.8891724977,10.2934629511975
"2429","5873133B7020974913459",1,23232.548635064,23232.548635064,10.0533095328357
"2430","5873133B70404185317284",1,22307.0143061481,22307.0143061481,10.0126564508666
"2431","5873133B70608760855162",1,29122.3459892136,29122.3459892136,10.279261061882
"2432","5873133B70886709487680",1,21310.9823154332,21310.9823154332,9.96697782048418
"2433","5873133B71141720266314",1,37472.3437255241,37472.3437255241,10.5313584392184
"2434","5873133B71721430029846",1,31143.0772363769,31143.0772363769,10.3463472599141
"2435","5873133B72160674948779",1,34999.9944764593,34999.9944764593,10.4631031826561
"2436","5873133B72256716491480",1,19067.359761896,19067.359761896,9.85573323918748
"2437","5873133B72319523044240",1,11451.5237097922,11451.5237097922,9.3458780752197
"2438","5873133B73905952621151",1,15823.7547633033,15823.7547633033,9.6692675559734
"2439","5873133B74097350408695",1,35861.7108293082,35861.7108293082,10.4874254545908
"2440","5873133B74444247037328",1,35756.0324612255,35756.0324612255,10.4844742740613
"2441","5873133B76630404476162",1,17559.8302385927,17559.8302385927,9.77336919963627
"2442","5873133B76837533212426",1,21861.4631548783,21861.4631548783,9.99248069246767
"2443","5873133B77849268115801",1,29805.4054941454,29805.4054941454,10.3024450484649
"2444","5873133B77871835478253",1,25248.4221922844,25248.4221922844,10.1365189453168
"2445","5873133B78981384303410",1,28786.7931057753,28786.7931057753,10.2676719882313
"2446","5873133B79086862800883",1,22688.126275981,22688.126275981,10.0295969950772
"2447","5873133B79217415432935",1,29371.5522738586,29371.5522738586,10.2877818751576
"2448","5873133B80891439467393",1,50594.7823369245,50594.7823369245,10.8316037340877
"2449","5873133B81162286200234",1,30573.6269916126,30573.6269916126,10.3278930533038
"2450","5873133B82062231942837",1,31084.4717606038,31084.4717606038,10.3444636731733
"2451","5873133B82984950591493",1,21615.7122950151,21615.7122950151,9.9811757502953
"2452","5873133B83061459918127",1,42960.2391420536,42960.2391420536,10.6680302957886
"2453","5873133B83238014482062",1,16183.4437163336,16183.4437163336,9.69174400581081
"2454","5873133B83670029874089",1,16260.3238142639,16260.3238142639,9.69648329767988
"2455","5873133B84872998039455",1,23443.2944197788,23443.2944197788,10.062339780734
"2456","5873133B84981347333265",1,39410.7769588354,39410.7769588354,10.5817945847584
"2457","5873133B8743652584157",1,63994.5755485,63994.5755485,11.066553601695
"2458","5873133B88406731709637",1,14881.0989438065,14881.0989438065,9.60784715941047
"2459","5873133B8866665595403",1,35952.3103765397,35952.3103765397,10.4899486274692
"2460","5873133B89010299854845",1,40033.5592096651,40033.5592096651,10.5974733615905
"2461","5873133B89616968350212",1,19944.1458529976,19944.1458529976,9.90069093830329
"2462","5873133B90074174000916",1,34127.939939809,34127.939939809,10.4378716808587
"2463","5873133B90266849375515",1,13875.942258732,13875.942258732,9.53791184684806
"2464","5873133B90521383760938",1,20069.5984725096,20069.5984725096,9.90696143523797
"2465","5873133B90689891107780",1,21753.5244885418,21753.5244885418,9.98753106883908
"2466","5873133B9082097592121",1,36931.6515961189,36931.6515961189,10.5168242291894
"2467","5873133B90869984679235",1,19556.2401513069,19556.2401513069,9.8810497038086
"2468","5873133B92234253465118",1,23995.791875046,23995.791875046,10.0856337554167
"2469","5873133B92286849050160",1,14442.6501565735,14442.6501565735,9.57794092445604
"2470","5873133B92378397401252",1,38767.8408669246,38767.8408669246,10.5653463382946
"2471","5873133B93482869611851",1,40869.6606857742,40869.6606857742,10.6181432742428
"2472","5873133B94480778200635",1,25715.6046188973,25715.6046188973,10.1548532702366
"2473","5873133B95001946419270",1,33670.343893419,33670.343893419,10.4243727257477
"2474","5873133B95060557510976",1,23908.7820665907,23908.7820665907,10.0820011209112
"2475","5873133B95472927677681",1,25466.5343888474,25466.5343888474,10.1451204923178
"2476","5873133B96049761393494",1,28393.6844622315,28393.6844622315,10.2539220213292
"2477","5873133B96567236235028",1,22507.1031782115,22507.1031782115,10.0215862351802
"2478","5873133B96625316158825",1,55489.0064778116,55489.0064778116,10.9239401986329
"2479","5873133B96675921323266",1,36127.0255170273,36127.0255170273,10.4947964935184
"2480","5873133B97089647818716",1,27925.5785633066,27925.5785633066,10.2372983421939
"2481","5873133B97398643420992",1,26480.3771638684,26480.3771638684,10.184159253298
"2482","5873133B98086602368419",1,26246.5306517788,26246.5306517788,10.1752890936386
"2483","5873133B98241361012994",1,25017.1306579399,25017.1306579399,10.1273160955076
"2484","5873133B98662462343086",1,17557.1593581272,17557.1593581272,9.77321708634288
"2485","5873133B98830441057243",1,33178.9250797054,33178.9250797054,10.4096701665863
"2486","5873133B9923799249207",1,21189.8894755755,21189.8894755755,9.96127943537217
"2487","5873133B99301396189175",1,20458.6696594058,20458.6696594058,9.92616201585721
"2488","5873133B99485387457029",1,34946.6671156072,34946.6671156072,10.4615783816157
"2489","60261553B1263911264167",1,631066.831368196,631066.831368196,13.3551670493352
"2490","60261553B42580025975984",1,222088.066860733,222088.066860733,12.3108292797616
"2491","60261553B46892654123535",1,269613.355515351,269613.355515351,12.504744195055
"2492","60261553B63127450973926",1,97353.339539224,97353.339539224,11.4861023146724
"2493","60261553B78069071602625",1,518753.124609835,518753.124609835,13.1591833738532
"2494","60261553B91300055563286",1,103944.943638173,103944.943638173,11.5516166498537
"2495","74100532B19516932260818",3,7092.66185960436,21277.9855788131,9.96542827632503
"2496","74100532B3675352926720",3,4238.69956319933,12716.098689598,9.45062408305735
"2497","74100532B52002127383103",3,3094.40987691482,9283.22963074446,9.1359647857895
"2498","74100532B54294973205276",2,NA,NA,NA
"2499","74100532B54588500691901",3,54563.9755342897,163691.926602869,12.0057414438954
"2500","74100532B56248932917605",2,3718.45472928263,7436.90945856526,8.91421064617245
"2501","74100532B88993889644511",3,8952.67870932485,26858.0361279745,10.1983203522878
"2502","74100532B93709990123087",3,8847.93765010204,26543.8129503061,10.1865519656267
"2503","75667366B10388242457894",1,188817.900193467,188817.900193467,12.1485383385461
"2504","75667366B11766528680291",1,33320.0238516158,33320.0238516158,10.4139138121153
"2505","75667366B12605402479047",1,27389.4444187544,27389.4444187544,10.2179129779607
"2506","75667366B13289010115746",1,18946.4744264858,18946.4744264858,9.84937314710611
"2507","75667366B15173471690010",1,15940.8974432192,15940.8974432192,9.67664325209054
"2508","75667366B15343740058424",1,36359.4076113209,36359.4076113209,10.5012082558408
"2509","75667366B1870341582038",1,30123.9086043391,30123.9086043391,10.3130744412351
"2510","75667366B18779675214629",1,36504.811141343,36504.811141343,10.5051993429757
"2511","75667366B18879934460880",1,54651.8591117367,54651.8591117367,10.9087385115391
"2512","75667366B19835862496893",1,45479.5687771033,45479.5687771033,10.7250184662255
"2513","75667366B19980502726207",1,47491.2867769555,47491.2867769555,10.7683015369216
"2514","75667366B2002412802844",1,41602.826667073,41602.826667073,10.6359233926687
"2515","75667366B2222760807495",1,21393.0783128294,21393.0783128294,9.97082270536514
"2516","75667366B23380456359307",1,72206.9479696995,72206.9479696995,11.1872915525182
"2517","75667366B24420351946505",1,144667.337044225,144667.337044225,11.88219215835
"2518","75667366B25903359168563",1,67826.9771476405,67826.9771476405,11.1247152878231
"2519","75667366B26080416722316",1,31570.1803447896,31570.1803447896,10.3599682940726
"2520","75667366B27255150678965",1,53594.7523523322,53594.7523523322,10.8892064383916
"2521","75667366B28750002223070",1,50881.3859295875,50881.3859295875,10.8372524368252
"2522","75667366B29476094069096",1,20749.3980384738,20749.3980384738,9.94027251504401
"2523","75667366B3039479778897",1,30318.4445415388,30318.4445415388,10.3195115370399
"2524","75667366B30494015691989",1,38054.3367655661,38054.3367655661,10.5467703322371
"2525","75667366B30873187181490",1,381769.354311908,381769.354311908,12.8525719207136
"2526","75667366B31265103522165",1,70567.7090419636,70567.7090419636,11.1643279398426
"2527","75667366B3179564295802",1,20749.6919891329,20749.6919891329,9.94028668165146
"2528","75667366B3386148809140",1,33596.1374357649,33596.1374357649,10.4221663820743
"2529","75667366B34978007419445",1,67159.7019379119,67159.7019379119,11.1148286730922
"2530","75667366B35686919235679",1,18982.1737420317,18982.1737420317,9.85125559363726
"2531","75667366B37088337934130",1,434616.122793202,434616.122793202,12.9822184441219
"2532","75667366B37604451742967",1,22615.4846450432,22615.4846450432,10.0263901119296
"2533","75667366B38367821610265",1,25555.3289576542,25555.3289576542,10.1486011436554
"2534","75667366B38419187157771",1,35544.2771417118,35544.2771417118,10.4785344417301
"2535","75667366B38669823996593",1,23651.0871720097,23651.0871720097,10.0711643620817
"2536","75667366B38833271967671",1,93905.7052045916,93905.7052045916,11.450046421653
"2537","75667366B39202767563909",1,25789.9102168362,25789.9102168362,10.1577386175524
"2538","75667366B39781215847289",1,29030.3070454339,29030.3070454339,10.2760956337948
"2539","75667366B40759243895064",1,107142.10091327,107142.10091327,11.5819112782895
"2540","75667366B41352944230479",1,15551.6669517968,15551.6669517968,9.65192311133439
"2541","75667366B41426179995922",1,23854.3115169365,23854.3115169365,10.0797202563699
"2542","75667366B41492213391879",1,99454.083625611,99454.083625611,11.5074513455367
"2543","75667366B44494476895893",1,74850.3388545199,74850.3388545199,11.223245916952
"2544","75667366B44844501353027",1,70055.2948874184,70055.2948874184,11.1570401361665
"2545","75667366B45419331747538",1,42618.8349582157,42618.8349582157,10.6600515697139
"2546","75667366B46102635862321",1,119679.191636965,119679.191636965,11.6925700388152
"2547","75667366B46145165221806",1,102383.824126007,102383.824126007,11.5364840115899
"2548","75667366B4706922994966",1,142168.888440821,142168.888440821,11.8647709850778
"2549","75667366B47492070798991",1,33584.7016914865,33584.7016914865,10.4218259354667
"2550","75667366B49025507333210",1,31089.1942251379,31089.1942251379,10.3446155852238
"2551","75667366B49038548326439",1,24585.502981899,24585.502981899,10.1099122385304
"2552","75667366B49196044130673",1,76636.6630796507,76636.6630796507,11.2468308715044
"2553","75667366B497077547550",1,155138.853091788,155138.853091788,11.952075821287
"2554","75667366B50607521886252",1,78204.1478187817,78204.1478187817,11.2670779662877
"2555","75667366B5141529927700",1,58000.7559341658,58000.7559341658,10.9682113227913
"2556","75667366B52062801683075",1,18003.068439066,18003.068439066,9.79829749118714
"2557","75667366B525406555467",1,67760.5609071435,67760.5609071435,11.1237356071421
"2558","75667366B53824695685103",1,97062.7771601476,97062.7771601476,11.4831132353682
"2559","75667366B54940747369705",1,69104.1111210273,69104.1111210273,11.1433695032252
"2560","75667366B55450845848024",1,40321.8715400006,40321.8715400006,10.6046493188307
"2561","75667366B56415669308485",1,20804.0818022183,20804.0818022183,9.94290448692803
"2562","75667366B58223785748914",1,57592.5740444739,57592.5740444739,10.9611489155337
"2563","75667366B58423249689704",1,34077.2919117057,34077.2919117057,10.4363865151012
"2564","75667366B5928073683426",1,29611.4096672881,29611.4096672881,10.2959150277736
"2565","75667366B60114686204489",1,18955.2721824059,18955.2721824059,9.84983738724623
"2566","75667366B61514763609503",1,44536.8040937948,44536.8040937948,10.7040711846176
"2567","75667366B62455388286151",1,68502.2666937344,68502.2666937344,11.1346221141223
"2568","75667366B62585917604041",1,41564.0270226238,41564.0270226238,10.6349903371173
"2569","75667366B62928460103923",1,37787.0537356445,37787.0537356445,10.5397218291773
"2570","75667366B63092623675998",1,35533.0258957068,35533.0258957068,10.4782178499175
"2571","75667366B6512814483561",1,209821.322140872,209821.322140872,12.2540116005757
"2572","75667366B65149533303144",1,33639.1955837918,33639.1955837918,10.4234472013097
"2573","75667366B65325522017421",1,20860.6722099368,20860.6722099368,9.94562095286474
"2574","75667366B65880514113985",1,44557.6907991545,44557.6907991545,10.7045400509773
"2575","75667366B66529798652377",1,175286.308395745,175286.308395745,12.0741759640128
"2576","75667366B66642132315537",1,34419.8877202063,34419.8877202063,10.4463898077093
"2577","75667366B6678530358474",1,94325.307858441,94325.307858441,11.4545048086325
"2578","75667366B66908051996326",1,57622.2494223645,57622.2494223645,10.9616640467929
"2579","75667366B67206365133341",1,10328.9958573416,10328.9958573416,9.24271035093594
"2580","75667366B68502135113248",1,48065.5927832056,48065.5927832056,10.7803218733731
"2581","75667366B69202185225589",1,9220.53942886535,9220.53942886535,9.12918882122374
"2582","75667366B69518596321544",1,12384.3876773375,12384.3876773375,9.42419190003409
"2583","75667366B7074170291446",1,52749.1297261261,52749.1297261261,10.8733025531193
"2584","75667366B70751681444112",1,129772.854285351,129772.854285351,11.7735409264447
"2585","75667366B7115870770167",1,34592.993157886,34592.993157886,10.4514064306502
"2586","75667366B72473928882218",1,52796.8281289863,52796.8281289863,10.8742063945752
"2587","75667366B72833729423776",1,29386.4428405146,29386.4428405146,10.288288719101
"2588","75667366B7302956753404",1,288989.315009268,288989.315009268,12.5741449941248
"2589","75667366B76286790485914",1,17759.9204077396,17759.9204077396,9.78469953498993
"2590","75667366B77160460927054",1,19129.0254726201,19129.0254726201,9.85896211877496
"2591","75667366B78490935914292",1,11074.8360417656,11074.8360417656,9.3124307904485
"2592","75667366B78870807940351",1,25121.0996143136,25121.0996143136,10.1314633940792
"2593","75667366B79362742658144",1,19647.0933930471,19647.0933930471,9.88568468742742
"2594","75667366B79962068280443",1,45927.3259406691,45927.3259406691,10.7348155553042
"2595","75667366B80263662304106",1,39279.4348974457,39279.4348974457,10.5784563758437
"2596","75667366B80682104725187",1,47370.4977646942,47370.4977646942,10.7657549038781
"2597","75667366B81437275330712",1,57026.7264204616,57026.7264204616,10.9512753214942
"2598","75667366B81929821514595",1,42035.1912156771,42035.1912156771,10.6462624325225
"2599","75667366B81992415495720",1,71404.9127365727,71404.9127365727,11.176121951795
"2600","75667366B82556438360114",1,42668.7718957202,42668.7718957202,10.6612225943223
"2601","75667366B829419499099",1,71413.794011322,71413.794011322,11.1762463231041
"2602","75667366B83086301322967",1,37594.5823751013,37594.5823751013,10.5346152332281
"2603","75667366B8388196899019",1,28968.3332737662,28968.3332737662,10.2739585562732
"2604","75667366B85703768975715",1,49563.793427684,49563.793427684,10.8110158749383
"2605","75667366B86823637835543",1,183230.912667386,183230.912667386,12.118502454255
"2606","75667366B86860977517537",1,65349.4587098413,65349.4587098413,11.0875044360776
"2607","75667366B87194513843542",1,55864.0262658593,55864.0262658593,10.9306759147008
"2608","75667366B87842371437689",1,21867.8781570213,21867.8781570213,9.99277408825167
"2609","75667366B89140663288606",1,130230.720079847,130230.720079847,11.7770629262396
"2610","75667366B89584469308542",1,38569.0375779802,38569.0375779802,10.5602050982848
"2611","75667366B90097717371430",1,34991.8803470741,34991.8803470741,10.4628713234741
"2612","75667366B90563155997798",1,23492.2085309626,23492.2085309626,10.0644240932828
"2613","75667366B90930244943990",1,318170.569416444,318170.569416444,12.6703428997737
"2614","75667366B91463258125198",1,29105.0833708406,29105.0833708406,10.2786681241869
"2615","75667366B92264993742233",1,40052.6834196709,40052.6834196709,10.5979509519916
"2616","75667366B92334467605945",1,78179.9784113634,78179.9784113634,11.2667688632068
"2617","75667366B93291752136089",1,29477.485408131,29477.485408131,10.2913820444335
"2618","75667366B93303026760321",1,49466.3650730437,49466.3650730437,10.8090482241226
"2619","75667366B93428692702847",1,83015.7081535874,83015.7081535874,11.3267851237348
"2620","75667366B93847620286343",1,12638.7908336386,12638.7908336386,9.44452600122928
"2621","75667366B93984391338935",1,34813.2093503402,34813.2093503402,10.4577521727734
"2622","75667366B94668251008376",1,74585.6061460285,74585.6061460285,11.219702820471
"2623","75667366B9514275444181",1,99480.8982689035,99480.8982689035,11.5077209275198
"2624","75667366B96454310315942",1,189423.465094389,189423.465094389,12.151740343794
"2625","75667366B96475957480743",1,38933.8883903477,38933.8883903477,10.5696203172079
"2626","75667366B96937661980351",1,36235.8653673292,36235.8653673292,10.4978046633426
"2627","75667366B9750656068001",1,32506.2400788916,32506.2400788916,10.3891873523152
"2628","75667366B98184381496608",1,85719.0412175893,85719.0412175893,11.3588302644758
"2629","75667366B9933164592246",1,256183.81601703,256183.81601703,12.4536504971171
"2630","76128533B16749627383755",1,701449.688782156,701449.688782156,13.4609044564689
"2631","76128533B23092176497025",1,1363833.02389523,1363833.02389523,14.1258096933929
"2632","76128533B26964150246712",1,2013661.67988858,2013661.67988858,14.5154653539832
"2633","76128533B34203923268864",1,444243.810655475,444243.810655475,13.0041288137994
"2634","76128533B35468154415031",1,74057.5771561896,74057.5771561896,11.2125981393253
"2635","76128533B38141181853016",1,128207.102378926,128207.102378926,11.7614022227058
"2636","76128533B39039541714099",1,80091.8136458205,80091.8136458205,11.2909289261584
"2637","76128533B41321006511827",1,39325.6830880857,39325.6830880857,10.579633098102
"2638","76128533B42970684683247",1,417698.513616117,417698.513616117,12.9425151919827
"2639","76128533B4720703924950",1,374705.405417474,374705.405417474,12.8338954106651
"2640","76128533B49456368048033",1,71049.7418039013,71049.7418039013,11.171135499513
"2641","76128533B62486414019241",1,34788.2412020517,34788.2412020517,10.4570347121699
"2642","76128533B64881202564500",1,44736.0216763313,44736.0216763313,10.7085343101322
"2643","76128533B64903504311414",1,31121.4244964878,31121.4244964878,10.3456517515535
"2644","76128533B67044589012853",1,332922.105110345,332922.105110345,12.7156638230118
"2645","76128533B67748245133340",1,463604.959110647,463604.959110647,13.0467880873505
"2646","76128533B70210707786180",1,145767.816256918,145767.816256918,11.8897703352116
"2647","76128533B71254158898830",1,55751.8883325966,55751.8883325966,10.9286665601855
"2648","76128533B77134386587213",1,385400.02297205,385400.02297205,12.8620370945681
"2649","76128533B77336742344288",1,109109.696768945,109109.696768945,11.6001090475136
"2650","76128533B94126463611805",1,554972.31101754,554972.31101754,13.2266735014255
"2651","76128533B97836280165555",1,151941.960000698,151941.960000698,11.9312538848075
"2652","77236927B11071622458470",1,2585.07150679114,2585.07150679114,7.85750844876154
"2653","77236927B16755152791685",1,3922.79941621776,3922.79941621776,8.27456081470041
"2654","77236927B17135940935596",1,6515.80881009373,6515.80881009373,8.78198662768522
"2655","77236927B20475273490027",1,1601.20426011211,1601.20426011211,7.37851128768952
"2656","77236927B21234024058134",1,1966.72577176894,1966.72577176894,7.58412539421594
"2657","77236927B23242879306276",1,4157.19423704863,4157.19423704863,8.3325956634554
"2658","77236927B26807877785061",1,4223.79318625161,4223.79318625161,8.34848886259928
"2659","77236927B27410418950848",1,6190.08871702432,6190.08871702432,8.73070469789004
"2660","77236927B2761964185252",1,3415.94145689157,3415.94145689157,8.1362084168493
"2661","77236927B27814537301823",1,5612.16736506242,5612.16736506242,8.63269226349014
"2662","77236927B32680405740537",1,NA,NA,NA
"2663","77236927B36499931511312",1,4735.59536971735,4735.59536971735,8.4628627357765
"2664","77236927B39670792397739",1,49925.8110542725,49925.8110542725,10.8182934036057
"2665","77236927B4251587034950",1,3123.97257933724,3123.97257933724,8.0468607335002
"2666","77236927B5490091431503",1,5689.19389277829,5689.19389277829,8.64632384621914
"2667","77236927B59461179812420",1,4393.04782745707,4393.04782745707,8.38777853111366
"2668","77236927B6539808470139",1,6918.2683510702,6918.2683510702,8.84192077901224
"2669","77236927B65524271778963",1,545.838760317326,545.838760317326,6.30232362135796
"2670","77236927B68296465422624",1,1585.00344327411,1585.00344327411,7.36834185872171
"2671","77236927B71259350499613",1,1654.14854276368,1654.14854276368,7.41104167975165
"2672","77236927B73770222811595",1,2534.86851451899,2534.86851451899,7.83789704664024
"2673","77236927B78933945874407",1,2247.60669601953,2247.60669601953,7.71762123842008
"2674","77236927B82266009819224",1,1405.88368282086,1405.88368282086,7.24842133980246
"2675","77236927B83961897513760",1,1320.13023806265,1320.13023806265,7.1854856759123
"2676","77236927B86415153324425",1,5396.74060948835,5396.74060948835,8.59355045948259
"2677","77236927B87876939805141",1,1962.91993600768,1962.91993600768,7.58218840689738
"2678","77236927B87914906430322",1,3356.54138339694,3356.54138339694,8.11866637263304
"2679","77236927B93199120734028",1,5346.43950793764,5346.43950793764,8.58418610580326
"2680","77236927B97442931027551",1,1704.94772257322,1704.94772257322,7.44128972800017
"2681","78962969B17401881155721",1,28749.3667470798,28749.3667470798,10.2663710197944
"2682","78962969B23223373784889",1,49039.4202562467,49039.4202562467,10.8003797486855
"2683","78962969B2501060362083",1,34772.6361884582,34772.6361884582,10.45658604003
"2684","78962969B32872774308874",1,26604.7060795988,26604.7060795988,10.1888433994069
"2685","78962969B38072300244645",1,31021.0592317651,31021.0592317651,10.342421582884
"2686","78962969B45700319590301",1,12197.5524928823,12197.5524928823,9.40899059525788
"2687","78962969B4789393991708",1,61621.3188478263,61621.3188478263,11.0287631748399
"2688","78962969B490988164886",1,46713.5459737196,46713.5459737196,10.7517894652737
"2689","78962969B58196939194054",1,74288.2713553205,74288.2713553205,11.2157083630007
"2690","78962969B66355346971085",1,67726.3518101226,67726.3518101226,11.1232306270364
"2691","78962969B75558951633427",1,16261.1219941493,16261.1219941493,9.6965323840514
"2692","78962969B81717267751176",1,28445.7353134771,28445.7353134771,10.2557535272102
"2693","78962969B89858575119676",1,28459.3855907334,28459.3855907334,10.2562332828912
"2694","78962969B91655555555249",1,187815.918682907,187815.918682907,12.1432176061838
"2695","78962969B97368388626717",1,31406.3574544444,31406.3574544444,10.3547656181048
"2696","79315794B69543299009522",1,4323.76346883524,4323.76346883524,8.3718814753284
"2697","79315794B86841984687248",1,2315.35832490757,2315.35832490757,7.74731973851988
"2698","79315794B89800757890613",1,53134.8798249234,53134.8798249234,10.8805888621109
"2699","81297802B12079916150099",2,34403.6524262283,68807.3048524566,11.1390651934663
"2700","81297802B12421029194754",2,131835.805182909,263671.610365818,12.4824597077131
"2701","81297802B12468750690576",1,172135.655960588,172135.655960588,12.0560381423825
"2702","81297802B12813150904873",2,88320.9572545258,176641.914509052,12.0818798804918
"2703","81297802B13550924224659",2,51540.3201282121,103080.640256424,11.5432668760045
"2704","81297802B14510014839166",1,55155.5768795662,55155.5768795662,10.9179131415921
"2705","81297802B14659466260998",1,82957.4820464193,82957.4820464193,11.3260834910255
"2706","81297802B15274858883665",1,100551.368194598,100551.368194598,11.5184240022151
"2707","81297802B15377501666570",1,84212.9916878432,84212.9916878432,11.3411044839082
"2708","81297802B16083563480391",2,107918.312997386,215836.625994772,12.2822770393456
"2709","81297802B17102674968438",1,25177.3253134104,25177.3253134104,10.1336990792959
"2710","81297802B18152468964479",2,89045.9354722911,178091.870944582,12.0900548250277
"2711","81297802B18401806223645",1,145699.48344042,145699.48344042,11.8893014468127
"2712","81297802B19242536298701",2,103989.591318002,207979.182636004,12.245193270194
"2713","81297802B2130126961507",2,185128.098893032,370256.197786064,12.8219504714526
"2714","81297802B21993860278161",1,83023.978104922,83023.978104922,11.3268847378876
"2715","81297802B23145234920875",2,146259.952837425,292519.90567485,12.5862879969277
"2716","81297802B23970425053168",2,101793.774637738,203587.549275476,12.2238514089176
"2717","81297802B24299836434530",2,116528.821854389,233057.643708778,12.3590410998418
"2718","81297802B2573632778711",1,58205.662401616,58205.662401616,10.9717379211109
"2719","81297802B26083936626584",1,73183.1741587714,73183.1741587714,11.2007208123083
"2720","81297802B2701886719052",1,71475.5571931156,71475.5571931156,11.1771108127966
"2721","81297802B27308287932068",2,65242.4406304035,130484.881260807,11.7790126466259
"2722","81297802B27432396017289",1,113379.228337759,113379.228337759,11.6384934818731
"2723","81297802B27744921596224",1,75767.4221101276,75767.4221101276,11.23542369178
"2724","81297802B28811761284346",1,47711.3666196734,47711.3666196734,10.7729249424024
"2725","81297802B29051358194838",1,21740.113072424,21740.113072424,9.98691436178513
"2726","81297802B29162792012865",1,103631.228851119,103631.228851119,11.5485940001714
"2727","81297802B2917427008212",1,84946.3390512049,84946.3390512049,11.3497750308354
"2728","81297802B29351066345319",1,64519.7779473313,64519.7779473313,11.0747270906234
"2729","81297802B31894177777214",1,93540.6658685518,93540.6658685518,11.446151549798
"2730","81297802B32908759949092",2,104725.63928738,209451.27857476,12.2522464307956
"2731","81297802B34862108658790",1,382058.808840163,382058.808840163,12.853329825583
"2732","81297802B35670860897871",2,88317.0819233232,176634.163846646,12.0818360017076
"2733","81297802B36488646512837",1,122634.054495,122634.054495,11.7169600330408
"2734","81297802B37103290877054",1,63404.3603328393,63404.3603328393,11.0572879130263
"2735","81297802B38165084831058",1,94460.2869453355,94460.2869453355,11.4559347811899
"2736","81297802B4221517004962",2,256030.461164929,512060.922329858,13.1461988858685
"2737","81297802B42534502413482",1,68344.7620884977,68344.7620884977,11.1323202055433
"2738","81297802B43064907961903",1,107055.47338394,107055.47338394,11.5811024219395
"2739","81297802B43116981701202",1,193810.734925339,193810.734925339,12.1746373686764
"2740","81297802B44635779635670",2,125787.426826552,251574.853653104,12.4354958530786
"2741","81297802B45106503001809",1,174813.587343728,174813.587343728,12.071475469982
"2742","81297802B45644811289425",1,114170.853642156,114170.853642156,11.6454513215817
"2743","81297802B46228878369339",1,119357.019988662,119357.019988662,11.689874448543
"2744","81297802B46675680885513",2,88793.8688693657,177587.737738731,12.0872200628926
"2745","81297802B47177978604160",1,118063.999306927,118063.999306927,11.6789821234278
"2746","81297802B48689828615161",1,170241.279220842,170241.279220842,12.0449719993274
"2747","81297802B48811804766969",1,44898.6475330909,44898.6475330909,10.7121629515192
"2748","81297802B49219208970184",1,137227.408470986,137227.408470986,11.8293947445192
"2749","81297802B50427055609681",2,144593.066951425,289186.13390285,12.5748258217233
"2750","81297802B51008955299030",1,86121.1671566361,86121.1671566361,11.3635105040645
"2751","81297802B51561347842325",1,130237.62451536,130237.62451536,11.7771159417838
"2752","81297802B52387636717940",1,88550.9332919792,88550.9332919792,11.3913331828729
"2753","81297802B52664178073196",1,49021.0880147353,49021.0880147353,10.8000058521588
"2754","81297802B53129181429645",1,97661.0287188833,97661.0287188833,11.489257871237
"2755","81297802B5400707592531",2,113608.619785413,227217.239570826,12.3336618413432
"2756","81297802B54055270393742",1,24173.9182507504,24173.9182507504,10.0930295727123
"2757","81297802B54877143810300",2,149267.886487666,298535.772975332,12.6066450470977
"2758","81297802B55071935880129",2,79277.2721826787,158554.544365357,11.9738539415889
"2759","81297802B55643895945103",2,75847.339984051,151694.679968102,11.9296250952958
"2760","81297802B57264474428475",1,134085.135196623,134085.135196623,11.80623021448
"2761","81297802B57271723433997",2,76582.7608696187,153165.521739237,11.9392744570388
"2762","81297802B57556187754980",1,48269.1598077284,48269.1598077284,10.7845481224067
"2763","81297802B57943820891789",1,192304.275388377,192304.275388377,12.1668341642386
"2764","81297802B58085294619279",1,159145.857857247,159145.857857247,11.9775764057127
"2765","81297802B58839501230111",1,240260.735180816,240260.735180816,12.3894800092092
"2766","81297802B61701358015931",1,56053.1136442872,56053.1136442872,10.934054978149
"2767","81297802B61752422174773",1,127806.822295938,127806.822295938,11.7582752020981
"2768","81297802B6190272756602",1,294683.47053655,294683.47053655,12.5936570780335
"2769","81297802B61927033163821",1,66392.0784216893,66392.0784216893,11.1033330274694
"2770","81297802B62904822955283",1,68358.2012995928,68358.2012995928,11.1325168247065
"2771","81297802B63375818356773",2,206256.842312128,412513.684624256,12.9300246590533
"2772","81297802B64936965881183",2,292960.70206386,585921.40412772,13.280940936915
"2773","81297802B65581648571900",1,101271.731003255,101271.731003255,11.5255625891323
"2774","81297802B66096195927531",1,118724.39873798,118724.39873798,11.6845601090792
"2775","81297802B66107700635107",1,31132.63751173,31132.63751173,10.3460119855688
"2776","81297802B66581332316021",1,71596.5695513019,71596.5695513019,11.1788024405063
"2777","81297802B66925040014305",1,52429.1218694885,52429.1218694885,10.8672174767994
"2778","81297802B68033195953544",1,413048.122889495,413048.122889495,12.9313193854688
"2779","81297802B71017047307278",1,171637.922245664,171637.922245664,12.0531424337284
"2780","81297802B72254139131894",1,121226.65199864,121226.65199864,11.7054172294216
"2781","81297802B74216529473028",1,110081.448791532,110081.448791532,11.6089758143408
"2782","81297802B74996211829814",2,85672.9701850182,171345.940370036,12.0514398349885
"2783","81297802B75629290490646",2,246376.088764746,492752.177529492,13.1077616441417
"2784","81297802B76244887601508",1,85620.6759776098,85620.6759776098,11.3576820747578
"2785","81297802B78420794750623",1,60236.3938448698,60236.3938448698,11.0060319975489
"2786","81297802B8003578408571",1,116092.772804921,116092.772804921,11.6621449160061
"2787","81297802B80628180194499",2,85411.3585159678,170822.717031936,12.0483815551923
"2788","81297802B8144414429904",1,181880.338645537,181880.338645537,12.1111042698546
"2789","81297802B81560237884054",2,43940.7023999325,87881.404799865,11.3837435118039
"2790","81297802B83612510149562",1,68374.0751039056,68374.0751039056,11.1327490128161
"2791","81297802B8433513238207",1,108492.019115897,108492.019115897,11.5944318927217
"2792","81297802B84418908504415",2,84182.2836372577,168364.567274515,12.0338869505429
"2793","81297802B85029486143959",1,53195.4830293778,53195.4830293778,10.8817287662622
"2794","81297802B8571934498047",1,59683.7102780144,59683.7102780144,10.996814402483
"2795","81297802B85821133415944",1,230418.245836993,230418.245836993,12.3476513966692
"2796","81297802B86066179794931",2,36193.9165223179,72387.8330446358,11.1897935123818
"2797","81297802B86448730167777",1,237710.571258036,237710.571258036,12.3788091254685
"2798","81297802B87471755079038",1,68332.8760129776,68332.8760129776,11.132146276937
"2799","81297802B87924827202169",1,34565.214553523,34565.214553523,10.450603095608
"2800","81297802B88130440660417",1,338685.729469617,338685.729469617,12.7328279046723
"2801","81297802B88768197538102",1,73385.0826569267,73385.0826569267,11.203475960391
"2802","81297802B88990967828920",1,131298.231378035,131298.231378035,11.7852265901167
"2803","81297802B9030212335391",1,139943.71605931,139943.71605931,11.8489955926087
"2804","81297802B90979220295161",1,18968.7927263111,18968.7927263111,9.85055041969729
"2805","81297802B91685830390053",1,42490.9930513821,42490.9930513821,10.6570474042498
"2806","81297802B92253150972948",2,99885.7889877084,199771.577975417,12.2049298827025
"2807","81297802B92574261409002",2,215445.903690407,430891.807380814,12.9736123106147
"2808","81297802B92774803000720",2,29641.9160275942,59283.8320551884,10.9900919011868
"2809","81297802B93158398760307",1,39374.6960434489,39374.6960434489,10.5808786565667
"2810","81297802B93916372624290",1,130576.443409854,130576.443409854,11.7797141075023
"2811","81297802B94482771357603",1,53700.755729113,53700.755729113,10.8911823535658
"2812","81297802B95398881806036",1,101968.083649455,101968.083649455,11.5324151379038
"2813","81297802B95536504011076",1,80320.7608200111,80320.7608200111,11.2937834072414
"2814","81297802B96353597468260",2,80033.4474196836,160066.894839367,11.9833470995856
"2815","81297802B96415917644052",1,167280.562056568,167280.562056568,12.0274276940716
"2816","81297802B97652803071493",1,220001.140346862,220001.140346862,12.3013880087159
"2817","81297802B99684516055458",1,144643.295835855,144643.295835855,11.8820259618422
"2818","81297802B9978574523269",2,358644.978293938,717289.956587876,13.4832354403267
"2819","85939544B19302565001464",1,74216.064406874,74216.064406874,11.2147359071628
"2820","85939544B24219595709494",1,119494.991142169,119494.991142169,11.6910297343469
"2821","85939544B37735984540105",1,136100.733202115,136100.733202115,11.8211505758559
"2822","85939544B42929876675904",1,156480.537285182,156480.537285182,11.9606869188337
"2823","85939544B45831091528789",1,47816.6490811994,47816.6490811994,10.7751291649728
"2824","85939544B63223307878319",1,109586.425738734,109586.425738734,11.6044687930769
"2825","85939544B66615302004978",1,25225.2630757987,25225.2630757987,10.1356012743368
"2826","85939544B69817996790019",1,125233.18877589,125233.18877589,11.7379327885884
"2827","85939544B70195584825603",1,166582.107456311,166582.107456311,12.0232436047259
"2828","85939544B74614871029564",1,50857.4409617274,50857.4409617274,10.8367817223687
"2829","85939544B85400452133709",1,140708.640398267,140708.640398267,11.854446651297
"2830","85939544B96403406066950",1,191290.521908207,191290.521908207,12.1615486085041
"2831","85939544B9969435799517",1,127847.04412741,127847.04412741,11.7585898606039
"2832","86173395B29974075887394",1,273.396954794552,273.396954794552,5.61092478594893
"2833","86173395B52487001010255",1,295.583358749257,295.583358749257,5.68895089097126
"2834","86173395B54100841330838",1,612.71285165168,612.71285165168,6.41789639495096
"2835","86173395B61374394244874",1,823.423496132452,823.423496132452,6.7134706444308
"2836","86173395B64443584385378",1,45.486641000241,45.486641000241,3.81741867845639
"2837","86173395B80196731911279",1,3103.87773869868,3103.87773869868,8.04040749222153
"2838","86173395B87539988418274",1,6997.97167653065,6997.97167653065,8.85337562555315
"2839","86288312B12151058165586",1,896.971682801907,896.971682801907,6.79902429277778
"2840","86288312B13309254360301",1,2756.28001280507,2756.28001280507,7.92163722813544
"2841","86288312B13640802673877",1,24292.9905927052,24292.9905927052,10.097943134743
"2842","86288312B22381651590620",1,2435.97838924173,2435.97838924173,7.798103757379
"2843","86288312B22433756147713",1,4940.12277584374,4940.12277584374,8.50514546328279
"2844","86288312B27050334738576",1,1875.47063087628,1875.47063087628,7.53661491004251
"2845","86288312B31081381702542",1,49682.0208499812,49682.0208499812,10.8133983931146
"2846","86288312B48942403855190",1,8483.26288108516,8483.26288108516,9.0458504284924
"2847","86288312B74998451175401",1,3559.23876305862,3559.23876305862,8.17730197037954
"2848","86288312B7818860618631",1,9285.20498867772,9285.20498867772,9.13617755094512
"2849","86288312B80966124868443",1,10738.1582655666,10738.1582655666,9.28155886970484
"2850","86288312B92458440996482",1,75697.4253900727,75697.4253900727,11.234499428148
"2851","86288312B95219475773394",1,141602.029063104,141602.029063104,11.8607757896808
"2852","86288312B97968708027313",1,25451.5687040768,25451.5687040768,10.1445326587461
"2853","8701671B10053189367937",1,NA,NA,NA
"2854","8701671B10070089345452",1,NA,NA,NA
"2855","8701671B1025448555952",1,NA,NA,NA
"2856","8701671B10526359848248",1,NA,NA,NA
"2857","8701671B10607749601803",1,NA,NA,NA
"2858","8701671B10713626030510",1,239.026678463459,239.026678463459,5.47657517107198
"2859","8701671B10801688655736",1,NA,NA,NA
"2860","8701671B10960716544692",1,125.841547814392,125.841547814392,4.83502355853446
"2861","8701671B11157561333534",1,55.5407351135015,55.5407351135015,4.0171167175401
"2862","8701671B11332589204327",1,NA,NA,NA
"2863","8701671B11486827062004",1,89.1204953824878,89.1204953824878,4.48998933476415
"2864","8701671B11506413614658",1,NA,NA,NA
"2865","8701671B11621920628841",1,534.202850895762,534.202850895762,6.28077563741894
"2866","8701671B11660104738059",1,0,0,0
"2867","8701671B1177875671821",1,387.695260140196,387.695260140196,5.96021961901586
"2868","8701671B12100696846936",1,1894.35608546003,1894.35608546003,7.54663426318157
"2869","8701671B12183972503150",1,NA,NA,NA
"2870","8701671B12184767464675",1,NA,NA,NA
"2871","8701671B12563091717165",1,NA,NA,NA
"2872","8701671B12567928056648",1,NA,NA,NA
"2873","8701671B12581562971222",1,NA,NA,NA
"2874","8701671B12736855691443",1,NA,NA,NA
"2875","8701671B12936296158000",1,444.895319660455,444.895319660455,6.09783901777566
"2876","8701671B12954312315710",1,383.915844066605,383.915844066605,5.95042337249297
"2877","8701671B13263124861718",1,NA,NA,NA
"2878","8701671B13319398950854",1,69.7643116430044,69.7643116430044,4.24512258449989
"2879","8701671B134536261517",1,180.493442792594,180.493442792594,5.19569444909419
"2880","8701671B13502438451250",1,395.397444735751,395.397444735751,5.9798914482365
"2881","8701671B13742843200127",1,NA,NA,NA
"2882","8701671B13840593777950",1,NA,NA,NA
"2883","8701671B1385498050924",1,502.361462769091,502.361462769091,6.2193199059402
"2884","8701671B14194395113255",1,NA,NA,NA
"2885","8701671B1426599605087",1,1832.94971138438,1832.94971138438,7.51368181232117
"2886","8701671B14589117854765",1,NA,NA,NA
"2887","8701671B14688938630280",1,175.824439472288,175.824439472288,5.16948599420258
"2888","8701671B14864913892073",1,486.694773200788,486.694773200788,6.18763717751893
"2889","8701671B14881348545468",1,NA,NA,NA
"2890","8701671B14942759406503",1,8.9330581817627,8.9330581817627,2.1897587978254
"2891","8701671B15123648543538",1,151.371933708429,151.371933708429,5.01973994540668
"2892","8701671B15632424418996",1,535.545998908188,535.545998908188,6.28328678518691
"2893","8701671B16128625192304",1,NA,NA,NA
"2894","8701671B16268299103818",1,NA,NA,NA
"2895","8701671B16290064127769",1,124.332995960064,124.332995960064,4.82296341751409
"2896","8701671B16318499791123",1,746.62823015181,746.62823015181,6.61556737738071
"2897","8701671B16711141632325",1,NA,NA,NA
"2898","8701671B17247241487473",1,NA,NA,NA
"2899","8701671B17247677679787",1,159.650286788344,159.650286788344,5.07298571551586
"2900","8701671B17450854784889",1,NA,NA,NA
"2901","8701671B17506768267168",1,NA,NA,NA
"2902","8701671B17924499339223",1,471.3873057428,471.3873057428,6.15568006129515
"2903","8701671B17958091241974",1,NA,NA,NA
"2904","8701671B18019835911399",1,NA,NA,NA
"2905","8701671B18221439700807",1,0,0,0
"2906","8701671B18283500133998",1,NA,NA,NA
"2907","8701671B18356236998563",1,140.098806138933,140.098806138933,4.94234793181438
"2908","8701671B18613428350032",1,NA,NA,NA
"2909","8701671B18648215649765",1,NA,NA,NA
"2910","8701671B1865604971664",1,1429.79170826781,1429.79170826781,7.26528405409074
"2911","8701671B18704050053031",1,30.8629183381796,30.8629183381796,3.42955540948197
"2912","8701671B18948997599977",1,530.23425176274,530.23425176274,6.27331889335781
"2913","8701671B19142540356259",1,48.8121855165958,48.8121855165958,3.88797998489737
"2914","8701671B19150990882958",1,8.53748554210365,8.53748554210365,2.14446653143763
"2915","8701671B19228970825308",1,190.821042643636,190.821042643636,5.25133603932531
"2916","8701671B19273401931572",1,NA,NA,NA
"2917","8701671B19367701502123",1,NA,NA,NA
"2918","8701671B19465815393412",1,1673.9341112382,1673.9341112382,7.42293189020203
"2919","8701671B19516927692390",1,250.330853628531,250.330853628531,5.52278345743524
"2920","8701671B19884465022303",1,161.76347808589,161.76347808589,5.0861352565611
"2921","8701671B1991093639025",1,127.562116039112,127.562116039112,4.84860343058307
"2922","8701671B20173506314249",1,NA,NA,NA
"2923","8701671B20457253682512",1,93.7930858734772,93.7930858734772,4.54109114192518
"2924","8701671B2050901299754",1,NA,NA,NA
"2925","8701671B20776144053651",1,NA,NA,NA
"2926","8701671B20786089058501",1,NA,NA,NA
"2927","8701671B20822148324962",1,NA,NA,NA
"2928","8701671B2095740790766",1,NA,NA,NA
"2929","8701671B21062082038543",1,354.745606065053,354.745606065053,5.87140092995937
"2930","8701671B21269769416552",1,NA,NA,NA
"2931","8701671B21443736840155",1,78.9003208629303,78.9003208629303,4.36818529454737
"2932","8701671B21751079889511",1,NA,NA,NA
"2933","8701671B21993534180379",1,162.42973669818,162.42973669818,5.09024551871281
"2934","8701671B22058673565731",1,225.152886391059,225.152886391059,5.41677966652354
"2935","8701671B22157937027856",1,NA,NA,NA
"2936","8701671B22263392934776",1,51.1567734325826,51.1567734325826,3.93489490655488
"2937","8701671B22615930928090",1,3947.47701684928,3947.47701684928,8.28083192390874
"2938","8701671B22929774804888",1,37.6527616909742,37.6527616909742,3.6284063032417
"2939","8701671B23364700154190",1,287.281493644238,287.281493644238,5.66046254916718
"2940","8701671B23372433445877",1,1022.74124314784,1022.74124314784,6.93024179470768
"2941","8701671B23391099181160",1,NA,NA,NA
"2942","8701671B2341246797828",1,NA,NA,NA
"2943","8701671B23608310651096",1,NA,NA,NA
"2944","8701671B23610017259246",1,683.128857670851,683.128857670851,6.52668350600851
"2945","8701671B23690641916416",1,NA,NA,NA
"2946","8701671B2397405829195",1,NA,NA,NA
"2947","8701671B23998662762063",1,NA,NA,NA
"2948","8701671B24039630787071",1,4.33886876487732,4.33886876487732,1.46761366088228
"2949","8701671B24321034687398",1,0,0,0
"2950","8701671B24452545338403",1,55.2555259938538,55.2555259938538,4.0119683533847
"2951","8701671B2449694797689",1,NA,NA,NA
"2952","8701671B24659660179823",1,NA,NA,NA
"2953","8701671B250084574474",1,3586.29734873229,3586.29734873229,8.18487557006162
"2954","8701671B25026940525342",1,NA,NA,NA
"2955","8701671B25390904232189",1,NA,NA,NA
"2956","8701671B25474950387418",1,NA,NA,NA
"2957","8701671B255319431107",1,NA,NA,NA
"2958","8701671B2564147185651",1,434.370487878636,434.370487878636,6.07389782864758
"2959","8701671B2567370595513",1,NA,NA,NA
"2960","8701671B2571810219289",1,NA,NA,NA
"2961","8701671B25756031943387",1,NA,NA,NA
"2962","8701671B25758314350266",1,1912.41298352584,1912.41298352584,7.55612106585557
"2963","8701671B2612636818679",1,146.556534885056,146.556534885056,4.98741125766772
"2964","8701671B26165957358131",1,526.741448285371,526.741448285371,6.26670981768848
"2965","8701671B26229529558045",1,0,0,0
"2966","8701671B26291709137074",1,NA,NA,NA
"2967","8701671B26446113405700",1,1821.98035605669,1821.98035605669,7.50767929623417
"2968","8701671B26596683393313",1,27.3149170893729,27.3149170893729,3.30743296649154
"2969","8701671B26752019642149",1,NA,NA,NA
"2970","8701671B26789831471183",1,568.596722791552,568.596722791552,6.34317143555546
"2971","8701671B26801747706600",1,342.310779250979,342.310779250979,5.83571903569465
"2972","8701671B26894832040288",1,889.617717806339,889.617717806339,6.79079183989684
"2973","8701671B26969099511197",1,59.0437250016928,59.0437250016928,4.07827827114905
"2974","8701671B28049445861870",1,232.744601622581,232.744601622581,5.44994172200025
"2975","8701671B28120595422367",1,NA,NA,NA
"2976","8701671B28263897430178",1,349.686765372872,349.686765372872,5.85703779769366
"2977","8701671B28478396095564",1,116.581980866179,116.581980866179,4.75859472394825
"2978","8701671B29376048072153",1,66.2197667465806,66.2197667465806,4.19297900971152
"2979","8701671B29380756423502",1,185.03764139384,185.03764139384,5.22055927137545
"2980","8701671B30216430122169",1,254.805809382141,254.805809382141,5.54050172321102
"2981","8701671B30275732730591",1,NA,NA,NA
"2982","8701671B30362315223491",1,NA,NA,NA
"2983","8701671B30671419360126",1,52.4416349969208,52.4416349969208,3.95970083684045
"2984","8701671B30970661206572",1,157.335347799785,157.335347799785,5.05837950064767
"2985","8701671B31053612499035",1,257.350280819416,257.350280819416,5.55043811729466
"2986","8701671B31198157043754",1,NA,NA,NA
"2987","8701671B31259394762981",1,694.811743740432,694.811743740432,6.54364093655633
"2988","8701671B31339536458012",1,NA,NA,NA
"2989","8701671B31446207074709",1,346.521443098046,346.521443098046,5.84794470155802
"2990","8701671B31536824051324",1,NA,NA,NA
"2991","8701671B31601381418998",1,NA,NA,NA
"2992","8701671B31799938456205",1,138.23782198298,138.23782198298,4.92897554960018
"2993","8701671B32126440612749",1,15.9608440771848,15.9608440771848,2.77013847766485
"2994","8701671B32276542748639",1,NA,NA,NA
"2995","8701671B32439381681784",1,144.883275558442,144.883275558442,4.97592842208851
"2996","8701671B32794864311067",1,1140.56679500891,1140.56679500891,7.03928060643555
"2997","8701671B32853593869516",1,2516.03768442263,2516.03768442263,7.83044059561859
"2998","8701671B32861116669136",1,75.6973122047186,75.6973122047186,4.32674265393087
"2999","8701671B33386018665106",1,NA,NA,NA
"3000","8701671B33635631845794",1,NA,NA,NA
"3001","8701671B33750138379558",1,807.296934152886,807.296934152886,6.69369154873847
"3002","8701671B33864037616544",1,175.663274989277,175.663274989277,5.16856895222544
"3003","8701671B33968538338102",1,1.8334935824275,1.8334935824275,0.606223208347225
"3004","8701671B34039397692989",1,NA,NA,NA
"3005","8701671B34343071784823",1,NA,NA,NA
"3006","8701671B34451908876457",1,NA,NA,NA
"3007","8701671B34711583072149",1,NA,NA,NA
"3008","8701671B34835556346125",1,392.70091497916,392.70091497916,5.9730482915511
"3009","8701671B34935279369913",1,88.9120083322972,88.9120083322972,4.48764721025154
"3010","8701671B35205001440787",1,NA,NA,NA
"3011","8701671B353408445184",1,NA,NA,NA
"3012","8701671B35560062727781",1,NA,NA,NA
"3013","8701671B35578223598548",1,390.015042273901,390.015042273901,5.96618530831297
"3014","8701671B35754409069588",1,NA,NA,NA
"3015","8701671B35889486410430",1,NA,NA,NA
"3016","8701671B35941232442157",1,5262.77241431435,5262.77241431435,8.56841324184124
"3017","8701671B35979662153697",1,1088.41970083471,1088.41970083471,6.99248210747544
"3018","8701671B36300089777335",1,NA,NA,NA
"3019","8701671B3640054805688",1,NA,NA,NA
"3020","8701671B36493357542675",1,331.015058115065,331.015058115065,5.80216386713706
"3021","8701671B37181005506912",1,NA,NA,NA
"3022","8701671B37327912911660",1,NA,NA,NA
"3023","8701671B37545518209863",1,311.599455593392,311.599455593392,5.74171856686218
"3024","8701671B38188499976025",1,NA,NA,NA
"3025","8701671B38196244900111",1,17.3760715730339,17.3760715730339,2.85509406281728
"3026","8701671B38315544372764",1,202.760883713484,202.760883713484,5.31202737201586
"3027","8701671B38434288339117",1,NA,NA,NA
"3028","8701671B38782099046323",1,NA,NA,NA
"3029","8701671B38809130706709",1,NA,NA,NA
"3030","8701671B38837551888140",1,NA,NA,NA
"3031","8701671B39379224532007",1,NA,NA,NA
"3032","8701671B39771319698243",1,586.03658489269,586.03658489269,6.37338221918574
"3033","8701671B39792436227120",1,NA,NA,NA
"3034","8701671B40211912929953",1,NA,NA,NA
"3035","8701671B40300568900689",1,321.638539349049,321.638539349049,5.77342836640937
"3036","8701671B40321186165087",1,6106.47273176241,6106.47273176241,8.71710459115655
"3037","8701671B40414621404718",1,249.86381358701,249.86381358701,5.52091602378247
"3038","8701671B40430448784583",1,411.403164295793,411.403164295793,6.01957366872013
"3039","8701671B40447391578275",1,324.306118164204,324.306118164204,5.78168787888988
"3040","8701671B40736207737623",1,109.235363089025,109.235363089025,4.69350484869824
"3041","8701671B40799965178228",1,NA,NA,NA
"3042","8701671B40891625905372",1,617.062068661839,617.062068661839,6.42496961635283
"3043","8701671B41249245584298",1,50.8797150931209,50.8797150931209,3.9294643194313
"3044","8701671B41472866915589",1,NA,NA,NA
"3045","8701671B41529666733093",1,NA,NA,NA
"3046","8701671B41674368745419",1,NA,NA,NA
"3047","8701671B41782818655170",1,NA,NA,NA
"3048","8701671B42420673442147",1,429.237957068801,429.237957068801,6.06201144363282
"3049","8701671B4251285469436",1,NA,NA,NA
"3050","8701671B42521441086623",1,NA,NA,NA
"3051","8701671B42547396516194",1,59.8053969823122,59.8053969823122,4.09109590742459
"3052","8701671B42639255298272",1,NA,NA,NA
"3053","8701671B42677537488502",1,274.273683454193,274.273683454193,5.61412645259794
"3054","8701671B42772891330913",1,2610.08990505956,2610.08990505956,7.86713994610645
"3055","8701671B42907640167452",1,125.652152967215,125.652152967215,4.83351739848041
"3056","8701671B42961858888115",1,28.824943469286,28.824943469286,3.36124110498359
"3057","8701671B43089055128677",1,133.232204663187,133.232204663187,4.89209350563365
"3058","8701671B43129052292298",1,342.447742416091,342.447742416091,5.83611906917392
"3059","8701671B43134404703092",1,1570.46511593663,1570.46511593663,7.35912710665727
"3060","8701671B431817219608",1,NA,NA,NA
"3061","8701671B43196595047489",1,256.364428778477,256.364428778477,5.54659998210889
"3062","8701671B43516735791505",1,24.3090561851859,24.3090561851859,3.19084896343556
"3063","8701671B44154359269961",1,NA,NA,NA
"3064","8701671B44259561788806",1,NA,NA,NA
"3065","8701671B44376877134949",1,NA,NA,NA
"3066","8701671B44431410980873",1,NA,NA,NA
"3067","8701671B44468241471992",1,NA,NA,NA
"3068","8701671B44976535093209",1,NA,NA,NA
"3069","8701671B45029066757980",1,NA,NA,NA
"3070","8701671B45251476998803",1,770.4532547452,770.4532547452,6.64697898419191
"3071","8701671B45291890821133",1,21.6662448983192,21.6662448983192,3.07575551480664
"3072","8701671B45365250149949",1,NA,NA,NA
"3073","8701671B45853929817808",1,7.97901124167442,7.97901124167442,2.07681449923284
"3074","8701671B45858620723076",1,85.211769477129,85.211769477129,4.44513956369782
"3075","8701671B45915520468586",1,3.97055879622698,3.97055879622698,1.37890683951121
"3076","8701671B45925024878482",1,NA,NA,NA
"3077","8701671B45952926697202",1,1632.83291359352,1632.83291359352,7.3980717690543
"3078","8701671B45979799747328",1,6.13075248396397,6.13075248396397,1.81331749673155
"3079","8701671B46031998027021",1,NA,NA,NA
"3080","8701671B46064896130461",1,1249.41187006673,1249.41187006673,7.13042821562802
"3081","8701671B46237577852216",1,NA,NA,NA
"3082","8701671B46527115488152",1,2012.21675986877,2012.21675986877,7.60699225894998
"3083","8701671B46937841277831",1,6.85175717294216,6.85175717294216,1.92450514097549
"3084","8701671B47130122414504",1,214.196687179253,214.196687179253,5.36689469187749
"3085","8701671B47246158509977",1,732.618472144839,732.618472144839,6.59662506452975
"3086","8701671B47563764529661",1,NA,NA,NA
"3087","8701671B47647917387752",1,NA,NA,NA
"3088","8701671B476552117611",1,171.347380809188,171.347380809188,5.14369296258481
"3089","8701671B47910558118739",1,NA,NA,NA
"3090","8701671B48498321599703",1,NA,NA,NA
"3091","8701671B48526464274479",1,NA,NA,NA
"3092","8701671B48601442509190",1,NA,NA,NA
"3093","8701671B48752097884677",1,NA,NA,NA
"3094","8701671B48766638933033",1,NA,NA,NA
"3095","8701671B48782263961868",1,3.80137863922119,3.80137863922119,1.33536380073146
"3096","8701671B4886377420508",1,NA,NA,NA
"3097","8701671B49626021137525",1,339.497808055505,339.497808055505,5.82746749058764
"3098","8701671B4982354038174",1,NA,NA,NA
"3099","8701671B49997775844737",1,76.460996920526,76.460996920526,4.33678076664162
"3100","8701671B50411660224690",1,17.0281224590242,17.0281224590242,2.83486623956703
"3101","8701671B50549026935963",1,2063.73359929019,2063.73359929019,7.63227204815985
"3102","8701671B50591469420225",1,228.81871201995,228.81871201995,5.43293003946555
"3103","8701671B50625769822151",1,58.1406823364049,58.1406823364049,4.06286563115414
"3104","8701671B50877038935662",1,NA,NA,NA
"3105","8701671B51264810574376",1,271.165310816571,271.165310816571,5.60272863791667
"3106","8701671B51268298139498",1,1066.45518213865,1066.45518213865,6.97209551371724
"3107","8701671B51271106476031",1,1259.96074623542,1259.96074623542,7.13883584567882
"3108","8701671B51325698675387",1,0,0,0
"3109","8701671B51566327672106",1,590.255832192197,590.255832192197,6.38055605680151
"3110","8701671B52063001665114",1,756.646265810236,756.646265810236,6.6288958599596
"3111","8701671B52064180240109",1,NA,NA,NA
"3112","8701671B52595214845054",1,494.069097644523,494.069097644523,6.20267538118084
"3113","8701671B52742071766833",1,NA,NA,NA
"3114","8701671B52865399345725",1,NA,NA,NA
"3115","8701671B52938625502385",1,8.95910351347923,8.95910351347923,2.19267016768188
"3116","8701671B5294461890646",1,127.94271542412,127.94271542412,4.85158262799654
"3117","8701671B52982434499588",1,661.04564277403,661.04564277403,6.49382288856312
"3118","8701671B53039174443584",1,272.397095629353,272.397095629353,5.60726091206489
"3119","8701671B53100902069949",1,NA,NA,NA
"3120","8701671B53143424756117",1,898.249535021067,898.249535021067,6.80044790834369
"3121","8701671B53172954238098",1,NA,NA,NA
"3122","8701671B53372431800849",1,NA,NA,NA
"3123","8701671B53380311765902",1,0,0,0
"3124","8701671B53480283308673",1,2753.02836288245,2753.02836288245,7.92045680762584
"3125","8701671B53611878651636",1,NA,NA,NA
"3126","8701671B53815212038994",1,165.530000207573,165.530000207573,5.10915244852606
"3127","8701671B54095148495441",1,331.742834622502,331.742834622502,5.80436007425262
"3128","8701671B540973728907",1,NA,NA,NA
"3129","8701671B5410324269547",1,275.500633261532,275.500633261532,5.61858992718028
"3130","8701671B54248554179471",1,403.634091565989,403.634091565989,6.00050875360888
"3131","8701671B5455309404848",1,NA,NA,NA
"3132","8701671B54690332526022",1,1132.76924869394,1132.76924869394,7.03242057629092
"3133","8701671B54761121422893",1,NA,NA,NA
"3134","8701671B5497256844946",1,84.6612456551492,84.6612456551492,4.43865794860548
"3135","8701671B55145671844028",1,NA,NA,NA
"3136","8701671B55457269732014",1,NA,NA,NA
"3137","8701671B55619097224465",1,16.9518694946766,16.9518694946766,2.83037812241564
"3138","8701671B55791110195050",1,70.508240236707,70.508240236707,4.25572958577813
"3139","8701671B55959658835891",1,NA,NA,NA
"3140","8701671B56086336550970",1,NA,NA,NA
"3141","8701671B56473836536162",1,67.8001566899419,67.8001566899419,4.21656450600477
"3142","8701671B56645509731346",1,0,0,0
"3143","8701671B56799057925384",1,976.561425082341,976.561425082341,6.88403765164853
"3144","8701671B56834223394204",1,86.9948025605269,86.9948025605269,4.46584837618644
"3145","8701671B57020485893312",1,14.9437505144402,14.9437505144402,2.7042931866496
"3146","8701671B57148125008640",1,107.610640647575,107.610640647575,4.67851953361503
"3147","8701671B57170093007223",1,NA,NA,NA
"3148","8701671B57419145053481",1,979.330010316208,979.330010316208,6.8868686749179
"3149","8701671B57914873676078",1,NA,NA,NA
"3150","8701671B5799269287632",1,NA,NA,NA
"3151","8701671B58191073405905",1,16.9279461317062,16.9279461317062,2.8289658734701
"3152","8701671B58662152175879",1,NA,NA,NA
"3153","8701671B58668276188859",1,5.51306093111634,5.51306093111634,1.70711999180773
"3154","8701671B58858754832343",1,98.345139838621,98.345139838621,4.58848312661981
"3155","8701671B58944232238955",1,NA,NA,NA
"3156","8701671B59019630539263",1,2293.45991004758,2293.45991004758,7.73781683407088
"3157","8701671B59116812435541",1,5425.74564228643,5425.74564228643,8.59891061454663
"3158","8701671B59649153426200",1,121.54957939738,121.54957939738,4.80032224043019
"3159","8701671B59677117664850",1,278.967340905145,278.967340905145,5.63109471728193
"3160","8701671B59724395423262",1,13.9490248559415,13.9490248559415,2.63540960302417
"3161","8701671B59760242426432",1,353.642332152188,353.642332152188,5.86828604122287
"3162","8701671B59921054204413",1,223.480042539597,223.480042539597,5.40932211494173
"3163","8701671B60259256363554",1,NA,NA,NA
"3164","8701671B60383917462580",1,5.60811622738838,5.60811622738838,1.72421487480076
"3165","8701671B60568978044101",1,NA,NA,NA
"3166","8701671B60571960824161",1,73.9747377374917,73.9747377374917,4.30372365299431
"3167","8701671B61096532329378",1,567.10916772386,567.10916772386,6.34055182086332
"3168","8701671B61329229942409",1,2287.6323322168,2287.6323322168,7.73527264562584
"3169","8701671B61376458937885",1,NA,NA,NA
"3170","8701671B61716592772376",1,NA,NA,NA
"3171","8701671B61834764030996",1,110.801953744888,110.801953744888,4.70774440723433
"3172","8701671B61982793358866",1,330.182476617515,330.182476617515,5.7996454610818
"3173","8701671B62248544319556",1,769.737765753098,769.737765753098,6.64604989288564
"3174","8701671B63256124601591",1,7.57816986036301,7.57816986036301,2.0252717272783
"3175","8701671B6329691357439",1,12.7129564851224,12.7129564851224,2.54262166909753
"3176","8701671B63359836488901",1,56.4142135725766,56.4142135725766,4.03272114045206
"3177","8701671B63390184751595",1,1536.18781040856,1536.18781040856,7.33705917863436
"3178","8701671B63558668022840",1,100.054552820131,100.054552820131,4.60571556544299
"3179","8701671B6383069893931",1,27.3634174340963,27.3634174340963,3.30920699117119
"3180","8701671B640126266142",1,NA,NA,NA
"3181","8701671B64130059422641",1,NA,NA,NA
"3182","8701671B64289292392873",1,2347.4219038716,2347.4219038716,7.76107294274271
"3183","8701671B64489112890700",1,4299.89798508205,4299.89798508205,8.3663465770007
"3184","8701671B64660107039204",1,NA,NA,NA
"3185","8701671B64891030149560",1,NA,NA,NA
"3186","8701671B64921834857972",1,204.414822052002,204.414822052002,5.32015137063199
"3187","8701671B64940786723478",1,NA,NA,NA
"3188","8701671B64973472521789",1,NA,NA,NA
"3189","8701671B65041139962090",1,105.862684132516,105.862684132516,4.66214282160165
"3190","8701671B65386836314559",1,34.9572945790142,34.9572945790142,3.55412716160907
"3191","8701671B65471913227261",1,1140.67087919094,1140.67087919094,7.03937185881427
"3192","8701671B6558289916202",1,162.284183273103,162.284183273103,5.0893490161247
"3193","8701671B65833866980229",1,NA,NA,NA
"3194","8701671B65845111607319",1,1105.77945152634,1105.77945152634,7.00830575128077
"3195","8701671B66024605882248",1,NA,NA,NA
"3196","8701671B66361265375763",1,NA,NA,NA
"3197","8701671B66587320665101",1,647.105229801878,647.105229801878,6.47250892393734
"3198","8701671B67132891165103",1,2146.329215999,2146.329215999,7.67151432055747
"3199","8701671B67257471082353",1,123.941320726126,123.941320726126,4.81980823365054
"3200","8701671B67654174060035",1,0.161445382028818,0.161445382028818,-1.82358838529118
"3201","8701671B67888908023489",1,187.359440243781,187.359440243781,5.2330289122477
"3202","8701671B68052266894517",1,44.3457155460715,44.3457155460715,3.7920160985889
"3203","8701671B68101868582268",1,NA,NA,NA
"3204","8701671B68700558971197",1,NA,NA,NA
"3205","8701671B68891744403519",1,117.72123292838,117.72123292838,4.76831939670815
"3206","8701671B68903094038939",1,NA,NA,NA
"3207","8701671B68975897642122",1,65.9705309141278,65.9705309141278,4.18920814101394
"3208","8701671B68986810783457",1,289.300838333845,289.300838333845,5.66746710977895
"3209","8701671B69138058153877",1,287.622103137679,287.622103137679,5.66164747664094
"3210","8701671B69175081288575",1,787.019861074179,787.019861074179,6.66825348453376
"3211","8701671B69185125078741",1,90.2310388717651,90.2310388717651,4.50237347953611
"3212","8701671B69443980159425",1,NA,NA,NA
"3213","8701671B69664820658119",1,64.9664463546574,64.9664463546574,4.17387092668507
"3214","8701671B69792415593649",1,NA,NA,NA
"3215","8701671B70067848832200",1,128.772134530365,128.772134530365,4.85804444344997
"3216","8701671B70172506125810",1,230.1841794613,230.1841794613,5.43887976873626
"3217","8701671B71036629686729",1,NA,NA,NA
"3218","8701671B71072292356728",1,NA,NA,NA
"3219","8701671B71229429215357",1,2375.99472775438,2375.99472775438,7.77317146152148
"3220","8701671B71359677826666",1,NA,NA,NA
"3221","8701671B71571062507422",1,418.527455505289,418.527455505289,6.03674249233031
"3222","8701671B71920498975173",1,NA,NA,NA
"3223","8701671B7232350225457",1,262.115892477892,262.115892477892,5.56878674366049
"3224","8701671B72346500642507",1,116.231576216601,116.231576216601,4.75558454774925
"3225","8701671B72439737760091",1,NA,NA,NA
"3226","8701671B72446042689753",1,464.140352434322,464.140352434322,6.14018699018195
"3227","8701671B72718235306176",1,0,0,0
"3228","8701671B72959640308554",1,245.740732069835,245.740732069835,5.50427704547721
"3229","8701671B73008172575008",1,NA,NA,NA
"3230","8701671B73025224751915",1,110.057460134506,110.057460134506,4.70100259426653
"3231","8701671B73326281141145",1,NA,NA,NA
"3232","8701671B73364458199971",1,75.9152596777715,75.9152596777715,4.3296177139668
"3233","8701671B73612450286207",1,343.282916063577,343.282916063577,5.83855493535582
"3234","8701671B73614942856081",1,315.307880601913,315.307880601913,5.75354956021873
"3235","8701671B73627657700806",1,NA,NA,NA
"3236","8701671B73692307492725",1,NA,NA,NA
"3237","8701671B74099385302774",1,NA,NA,NA
"3238","8701671B74106328276296",1,NA,NA,NA
"3239","8701671B74160923345613",1,NA,NA,NA
"3240","8701671B74250012316808",1,99.714200852178,99.714200852178,4.60230810265404
"3241","8701671B74804511892204",1,NA,NA,NA
"3242","8701671B75024298551322",1,NA,NA,NA
"3243","8701671B75049629719771",1,1991.48360931481,1991.48360931481,7.59663517226637
"3244","8701671B75171816704867",1,NA,NA,NA
"3245","8701671B75449277915828",1,236.338613297187,236.338613297187,5.46526557878732
"3246","8701671B75539751550114",1,3923.10609787983,3923.10609787983,8.27463899093174
"3247","8701671B75874971152676",1,NA,NA,NA
"3248","8701671B76033822027974",1,194.215265901595,194.215265901595,5.26896716194171
"3249","8701671B76266155523948",1,628.892423742205,628.892423742205,6.4439602146367
"3250","8701671B76730810017081",1,14.2041897050142,14.2041897050142,2.65353697073751
"3251","8701671B76853731017795",1,6340.13752834278,6340.13752834278,8.75465573936363
"3252","8701671B77198875782479",1,190.495163667083,190.495163667083,5.24962680667012
"3253","8701671B77297874442969",1,365.605415362597,365.605415362597,5.90155465173123
"3254","8701671B7729903902665",1,NA,NA,NA
"3255","8701671B77761135281215",1,NA,NA,NA
"3256","8701671B77991927650857",1,NA,NA,NA
"3257","8701671B78073152626196",1,NA,NA,NA
"3258","8701671B78261941759356",1,313.077828656778,313.077828656778,5.74645181348643
"3259","8701671B78477528803813",1,273.702166925356,273.702166925356,5.61204053317041
"3260","8701671B78745731328632",1,NA,NA,NA
"3261","8701671B7895347248645",1,131.097523384958,131.097523384958,4.87594149955352
"3262","8701671B79417644951649",1,88.1556787841395,88.1556787841395,4.4791043285969
"3263","8701671B79423766550609",1,NA,NA,NA
"3264","8701671B79808617109773",1,253.413519002393,253.413519002393,5.53502261690749
"3265","8701671B80390087772516",1,264.423923510432,264.423923510432,5.57755358614762
"3266","8701671B80425002261515",1,7.06972009110451,7.06972009110451,1.95582088805041
"3267","8701671B8071500438377",1,165.863158001602,165.863158001602,5.1111630990058
"3268","8701671B80977223747238",1,365.288562000841,365.288562000841,5.9006876220623
"3269","8701671B80994766223390",1,181.081562805347,181.081562805347,5.19894755299963
"3270","8701671B80997210152417",1,172.836704739168,172.836704739168,5.15234724549879
"3271","8701671B81059330414733",1,NA,NA,NA
"3272","8701671B81462153055318",1,NA,NA,NA
"3273","8701671B81496139383371",1,1.51177655029297,1.51177655029297,0.41328548263841
"3274","8701671B8158625953395",1,NA,NA,NA
"3275","8701671B81655629015903",1,NA,NA,NA
"3276","8701671B81790835951847",1,NA,NA,NA
"3277","8701671B8208248485546",1,NA,NA,NA
"3278","8701671B82105549024004",1,NA,NA,NA
"3279","8701671B82156592609383",1,NA,NA,NA
"3280","8701671B82289109634820",1,219.370396881074,219.370396881074,5.39076161112169
"3281","8701671B82490011784618",1,NA,NA,NA
"3282","8701671B82829723168564",1,NA,NA,NA
"3283","8701671B82854907311550",1,249.802611631718,249.802611631718,5.52067105252761
"3284","8701671B83159323008867",1,NA,NA,NA
"3285","8701671B83371663515297",1,NA,NA,NA
"3286","8701671B83706236309505",1,642.273091233268,642.273091233268,6.4650135889961
"3287","8701671B83724356219791",1,178.079708574623,178.079708574623,5.18223125104018
"3288","8701671B83780855203463",1,840.088480661035,840.088480661035,6.73350722041039
"3289","8701671B8403911269466",1,NA,NA,NA
"3290","8701671B84211341759878",1,605.245571359113,605.245571359113,6.40563427874739
"3291","8701671B84261355290509",1,NA,NA,NA
"3292","8701671B84491224846423",1,NA,NA,NA
"3293","8701671B84632828581630",1,902.659210114851,902.659210114851,6.80534508474816
"3294","8701671B84690280241827",1,136.29565565905,136.29565565905,4.91482646481998
"3295","8701671B84813542366979",1,301.279850124843,301.279850124843,5.70803956744736
"3296","8701671B84932876584417",1,609.761236016087,609.761236016087,6.4130674641769
"3297","8701671B84964760406378",1,NA,NA,NA
"3298","8701671B85169170830121",1,114.717353884578,114.717353884578,4.74247131072561
"3299","8701671B85402755836861",1,651.799470060289,651.799470060289,6.47973695336276
"3300","8701671B85920169217386",1,28.613335480541,28.613335480541,3.35387288469654
"3301","8701671B86080825614718",1,933.430460448876,933.430460448876,6.83886646684748
"3302","8701671B86108661761319",1,224.20937333611,224.20937333611,5.41258031768612
"3303","8701671B86288644178895",1,268.827546421081,268.827546421081,5.59407008264345
"3304","8701671B86453873223968",1,164.627674771398,164.627674771398,5.1036864075937
"3305","8701671B86513395077945",1,518.292795760497,518.292795760497,6.25054032535084
"3306","8701671B86605125061107",1,NA,NA,NA
"3307","8701671B86679693622237",1,94.5367447937727,94.5367447937727,4.54898859271996
"3308","8701671B87024407460992",1,NA,NA,NA
"3309","8701671B87099663459533",1,NA,NA,NA
"3310","8701671B87129820959835",1,175.823387779906,175.823387779906,5.16948001269324
"3311","8701671B87504135677093",1,1103.6799090144,1103.6799090144,7.00640524731008
"3312","8701671B87551920719887",1,NA,NA,NA
"3313","8701671B87673640484733",1,238.047205889769,238.047205889769,5.47246899807855
"3314","8701671B87881136739477",1,NA,NA,NA
"3315","8701671B87901537971964",1,NA,NA,NA
"3316","8701671B87910523251509",1,47.2697388780117,47.2697388780117,3.85587032073682
"3317","8701671B8810495152060",1,287.099526678629,287.099526678629,5.65982893849671
"3318","8701671B8813575079880",1,2.55222290802002,2.55222290802002,0.936964708070898
"3319","8701671B88292249499058",1,NA,NA,NA
"3320","8701671B88374512548949",1,271.167587488115,271.167587488115,5.60273703376192
"3321","8701671B88518569021729",1,NA,NA,NA
"3322","8701671B886545295565",1,NA,NA,NA
"3323","8701671B88709297193728",1,46.2850012366325,46.2850012366325,3.83481796123696
"3324","8701671B8871656007589",1,NA,NA,NA
"3325","8701671B88887342435419",1,12.6064163054079,12.6064163054079,2.53420591493147
"3326","8701671B89602605916522",1,0,0,0
"3327","8701671B89606244104668",1,749.58429151246,749.58429151246,6.61951877487814
"3328","8701671B89726898979713",1,0,0,0
"3329","8701671B8981340817709",1,88.7773448362276,88.7773448362276,4.48613149172986
"3330","8701671B90029568380485",1,273.220568072379,273.220568072379,5.61027941063286
"3331","8701671B90050195307789",1,227.275291867852,227.275291867852,5.4261620222128
"3332","8701671B90118791051051",1,731.540617978856,731.540617978856,6.59515274588902
"3333","8701671B90589302469982",1,1686.49081902298,1686.49081902298,7.43040521068195
"3334","8701671B90786780806365",1,NA,NA,NA
"3335","8701671B908189837343",1,4.96440632390976,4.96440632390976,1.60229371812419
"3336","8701671B91089309525348",1,NA,NA,NA
"3337","8701671B91249744249717",1,25.3770111116767,25.3770111116767,3.23384368985397
"3338","8701671B91261158207926",1,NA,NA,NA
"3339","8701671B91352204106029",1,220.747806755796,220.747806755796,5.39702090401363
"3340","8701671B91623550198243",1,249.099462116994,249.099462116994,5.51785226296028
"3341","8701671B91684501452899",1,85.2475625101626,85.2475625101626,4.4455595234987
"3342","8701671B91946398565623",1,10.6115998468399,10.6115998468399,2.36194772795428
"3343","8701671B91948443212485",1,71.6229669961929,71.6229669961929,4.27141579063476
"3344","8701671B91973054912616",1,NA,NA,NA
"3345","8701671B91980057323344",1,87.5498962933347,87.5498962933347,4.47220887418901
"3346","8701671B92087442166631",1,811.268550825521,811.268550825521,6.69859913472206
"3347","8701671B92172840318225",1,319.687997588307,319.687997588307,5.7673455126282
"3348","8701671B92535137088393",1,NA,NA,NA
"3349","8701671B92631226508247",1,NA,NA,NA
"3350","8701671B92777247023512",1,56.1969930827022,56.1969930827022,4.02886325160175
"3351","8701671B92902112367309",1,3937.83552278028,3937.83552278028,8.27838649163822
"3352","8701671B92996832063401",1,54.2576467130184,54.2576467130184,3.99374393572296
"3353","8701671B93108958332775",1,68.2609013077021,68.2609013077021,4.22333714743039
"3354","8701671B93430889647256",1,1.52781214904785,1.52781214904785,0.423836744081887
"3355","8701671B93449908484695",1,NA,NA,NA
"3356","8701671B93683641934125",1,199.454988191277,199.454988191277,5.29558858777183
"3357","8701671B93850487776066",1,283.884075286001,283.884075286001,5.64856596921811
"3358","8701671B94015264983282",1,827.476365458168,827.476365458168,6.71838054546348
"3359","8701671B94073395823663",1,1151.22316066626,1151.22316066626,7.04858027408713
"3360","8701671B9474908465202",1,NA,NA,NA
"3361","8701671B94814187921498",1,NA,NA,NA
"3362","8701671B94960647396655",1,442.398588945001,442.398588945001,6.09221126065738
"3363","8701671B95563300423658",1,200.917241899192,200.917241899192,5.30289309142943
"3364","8701671B95823931599644",1,2565.18521577302,2565.18521577302,7.8497859638763
"3365","8701671B96155424695073",1,0,0,0
"3366","8701671B96397646944426",1,NA,NA,NA
"3367","8701671B96536961646106",1,NA,NA,NA
"3368","8701671B96547889187506",1,59.9224710637331,59.9224710637331,4.09305157774004
"3369","8701671B96600181049115",1,NA,NA,NA
"3370","8701671B96630840865992",1,460.528065229893,460.528065229893,6.13237379896291
"3371","8701671B96841263270820",1,11.0670456285477,11.0670456285477,2.4039718302115
"3372","8701671B96951790647096",1,1201.81497543246,1201.81497543246,7.09158817265799
"3373","8701671B96967747537750",1,149.343031757996,149.343031757996,5.00624588644606
"3374","8701671B96985788698945",1,80.0332139475644,80.0332139475644,4.38244172285742
"3375","8701671B97135267153779",1,123.141115251511,123.141115251511,4.81333097621898
"3376","8701671B97170128709946",1,484.695865795463,484.695865795463,6.18352161340597
"3377","8701671B97252067164265",1,NA,NA,NA
"3378","8701671B97284253822936",1,NA,NA,NA
"3379","8701671B9732663070943",1,3681.60736583541,3681.60736583541,8.21110471999493
"3380","8701671B9780152008483",1,576.489159520388,576.489159520388,6.35695653557809
"3381","8701671B97832675692274",1,NA,NA,NA
"3382","8701671B98117918076450",1,NA,NA,NA
"3383","8701671B98275971460966",1,206.713652064003,206.713652064003,5.33133451222802
"3384","8701671B98296158896120",1,NA,NA,NA
"3385","8701671B98393552934318",1,8.60672725655139,8.60672725655139,2.15254413660377
"3386","8701671B98444413378484",1,405.206384648398,405.206384648398,6.00439652903321
"3387","8701671B98536206371918",1,NA,NA,NA
"3388","8701671B98746614638816",1,NA,NA,NA
"3389","8701671B98909054283677",1,5863.90880395868,5863.90880395868,8.67657169159676
"3390","8701671B98916205392785",1,368.001297866605,368.001297866605,5.90808646497414
"3391","8701671B98929881441736",1,365.491880930245,365.491880930245,5.90124406534597
"3392","8701671B98989854041717",1,NA,NA,NA
"3393","8701671B99228851829724",1,NA,NA,NA
"3394","8701671B99321727283863",1,548.722265908338,548.722265908338,6.30759242262622
"3395","8701671B99330114936147",1,NA,NA,NA
"3396","8701671B99819358130632",1,NA,NA,NA
"3397","8701671B99871718233737",1,15.9071798844337,15.9071798844337,2.76677057236009
"3398","8701671B99904787478825",1,200.107343184426,200.107343184426,5.29885393848969
"3399","8701671B99981007165290",1,418.071350844294,418.071350844294,6.03565211375763
"3400","9080712B10379595920788",1,142979.45984985,142979.45984985,11.8704562615116
"3401","9080712B15817911955776",1,71370.8705832285,71370.8705832285,11.1756450900584
"3402","9080712B21956478421018",1,149626.273341122,149626.273341122,11.9158959530404
"3403","9080712B25370122996382",1,90789.8672311781,90789.8672311781,11.416302963992
"3404","9080712B2696242106213",1,215795.684278133,215795.684278133,12.282087332895
"3405","9080712B28598685825084",1,138549.527712517,138549.527712517,11.838983141498
"3406","9080712B31055162860413",1,207046.564965451,207046.564965451,12.2406989984736
"3407","9080712B3525939255113",1,350845.113941206,350845.113941206,12.7681001342366
"3408","9080712B36728770903523",1,137172.854940827,137172.854940827,11.8289971244135
"3409","9080712B38440699506222",1,49631.1018367433,49631.1018367433,10.8123729693575
"3410","9080712B49734305235119",1,148381.422115184,148381.422115184,11.9075414139757
"3411","9080712B52971041074481",1,265180.212145775,265180.212145775,12.4881649196751
"3412","9080712B54756394112344",1,93557.7321340478,93557.7321340478,11.4463339807084
"3413","9080712B55197068501600",1,709660.865475372,709660.865475372,13.4725424806443
"3414","9080712B56111689743265",1,163510.358073945,163510.358073945,12.004631619447
"3415","9080712B62714260736365",1,118179.035676969,118179.035676969,11.6799560050844
"3416","9080712B7748136752415",1,156590.296705457,156590.296705457,11.9613880983296
"3417","9080712B7932686865756",1,170836.412281072,170836.412281072,12.0484617242729
"3418","9080712B85348255985817",1,94533.258869628,94533.258869628,11.4567069972738
"3419","9080712B86559204581792",1,89233.220496873,89233.220496873,11.3990086763293
"3420","9080712B88283028070578",1,20308.8014015624,20308.8014015624,9.91880963764648
"3421","9080712B89184827117381",1,153070.790030572,153070.790030572,11.9386557733096
"3422","9080712B91055386237905",1,76120.4775991696,76120.4775991696,11.2400725956832
"3423","9080712B9143936598786",1,119317.508190726,119317.508190726,11.689543354994
"3424","9080712B91815969558421",1,238564.415355707,238564.415355707,12.3823946381929
"3425","96108325B18979939092740",1,6856.57875853389,6856.57875853389,8.83296387307034
"3426","96108325B20095781885743",1,10564.244500105,10564.244500105,9.26523041780131
"3427","96108325B32463735273618",1,1762.82280115005,1762.82280115005,7.47467166750527
"3428","96108325B47785236493574",1,7788.54996632154,7788.54996632154,8.96040998114334
"3429","96108325B67235694688325",1,6168.69552951524,6168.69552951524,8.72724267307436
"3430","96108325B69930325682932",1,5236.47651836928,5236.47651836928,8.56340413098072
"3431","96108325B74916276227315",1,5140.0257066641,5140.0257066641,8.54481335973322
"3432","96108325B86083732773811",1,1704.44557908766,1704.44557908766,7.44099516328161
"3433","96108325B93131520053722",1,1354.13530847254,1354.13530847254,7.21091838088148
"3434","96108325B98972581904621",1,21111.9341335684,21111.9341335684,9.95759375832079
"3435","DIS015",1,NA,NA,NA
"3436","DIS017",1,NA,NA,NA
