"","ADM2_id","total_exposure_days","total_population","total_person_day_exposure","log_total_person_day_exposure"
"1","1456440B17189259529244",1,2316.41006271731,2316.41006271731,7.74777387946122
"2","1456440B19707016539712",1,4951.79193934192,4951.79193934192,8.50750479800153
"3","1456440B2347802332561",1,4458.59732956857,4458.59732956857,8.40258949545185
"4","1456440B30022647812570",2,1005.21047992477,2010.42095984954,7.60609941188611
"5","1456440B30822357340136",2,3825.6574093897,7651.3148187794,8.9426327837882
"6","1456440B3381431616278",2,8333.2508483611,16666.5016967222,9.72115609749652
"7","1456440B35586034015504",1,8777.05458409321,8777.05458409321,9.07989616156483
"8","1456440B38299420542047",2,NA,NA,NA
"9","1456440B41515061278311",2,3320.14904166079,6640.29808332158,8.80091213352936
"10","1456440B42858998503900",1,10936.1705009544,10936.1705009544,9.2998309690791
"11","1456440B44452540624114",1,3920.42890229864,3920.42890229864,8.27395634065094
"12","1456440B45455972514267",2,NA,NA,NA
"13","1456440B5266372606878",1,18181.0333115822,18181.0333115822,9.80813420393707
"14","1456440B54087410472023",1,7899.97496407603,7899.97496407603,8.97461486934579
"15","1456440B54194515366168",1,11965.2829861893,11965.2829861893,9.3897646512278
"16","1456440B56382702891578",1,14283.4950117972,14283.4950117972,9.56685995467279
"17","1456440B59769308078565",2,4622.18933970532,9244.37867941064,9.13177093544171
"18","1456440B59944424745172",2,13734.8508267738,27469.7016535476,10.2208389182203
"19","1456440B60992682417348",1,7995.9713391769,7995.9713391769,8.98669311121878
"20","1456440B62290110422722",2,2556.51841528153,5113.03683056306,8.53954879837169
"21","1456440B63332510884225",1,7035.67874225942,7035.67874225942,8.85874944567056
"22","1456440B68597198845590",1,12563.1516513768,12563.1516513768,9.4385233362025
"23","1456440B69828690893614",2,NA,NA,NA
"24","1456440B76393603142959",2,14693.2698657271,29386.5397314542,10.2882920162261
"25","1456440B83071961973491",1,29306.9810331826,29306.9810331826,10.2855810271438
"26","1456440B85489993561805",2,8329.04393585187,16658.0878717037,9.72065113552662
"27","1456440B85935550107059",2,12241.1417101473,24482.2834202946,10.1057050092491
"28","1456440B92384260503294",1,6964.85506325017,6964.85506325017,8.84863207670093
"29","1456440B94766097213569",1,13280.9926719663,13280.9926719663,9.49408916963188
"30","1456440B94896318880673",1,7492.75215797634,7492.75215797634,8.92169145334274
"31","1456440B99535609172770",1,13434.4312255828,13434.4312255828,9.50557618487861
"32","14789045B1081275636897",1,14455.8442732568,14455.8442732568,9.57885405974979
"33","14789045B1558360713921",1,8746.36710876524,8746.36710876524,9.07639370556775
"34","14789045B34257820589195",1,10629.4231596083,10629.4231596083,9.2713812045398
"35","14789045B56033797709996",1,11956.9472122574,11956.9472122574,9.38906774511159
"36","14789045B59370140697229",1,21917.3682231887,21917.3682231887,9.9950346710431
"37","14789045B64125639781639",1,5223.47863010555,5223.47863010555,8.56091886316276
"38","14789045B80217512950075",1,12906.7476204456,12906.7476204456,9.465505524948
"39","14789045B92198168751109",1,23444.0868321236,23444.0868321236,10.0623735813995
"40","17275852B10013747765987",2,918598.924617134,1837197.84923427,14.4237520607572
"41","17275852B10267820559553",1,505399.637002685,505399.637002685,13.1331047556983
"42","17275852B1065790622928",1,547255.829201775,547255.829201775,13.2126716671361
"43","17275852B11168745431905",2,358682.726224434,717365.452448868,13.483340686312
"44","17275852B12258272370747",1,532693.620451557,532693.620451557,13.1857017169587
"45","17275852B12443275471591",1,774103.593668048,774103.593668048,13.5594609855642
"46","17275852B13001476141541",2,573671.190979769,1147342.38195954,13.9529588537129
"47","17275852B15408627611583",1,558809.407021682,558809.407021682,13.2335637405498
"48","17275852B15995572811192",1,324779.235821549,324779.235821549,12.6909009561053
"49","17275852B16105050053503",2,1210838.31610775,2421676.6322155,14.6999706814712
"50","17275852B1643752484532",1,886759.803616995,886759.803616995,13.6953294282466
"51","17275852B16521843045020",2,1206151.05294864,2412302.10589728,14.6960920801871
"52","17275852B17785585955827",2,603596.82050654,1207193.64101308,14.0038089188714
"53","17275852B19231985776314",1,518473.07112731,518473.07112731,13.1586433691937
"54","17275852B19868960828514",2,799351.424390877,1598702.84878175,14.2847031388878
"55","17275852B19894710040929",1,728186.700918364,728186.700918364,13.4983127516047
"56","17275852B2033650787942",1,277265.674095477,277265.674095477,12.5327314377732
"57","17275852B2067645637252",1,998075.622075886,998075.622075886,13.8135843260461
"58","17275852B2295538790743",1,1102237.5345207,1102237.5345207,13.9128527940346
"59","17275852B23391188567726",1,1888998.97017785,1888998.97017785,14.4515576013156
"60","17275852B24445486288332",1,320480.990678075,320480.990678075,12.677578242127
"61","17275852B25965384817686",1,2152083.84644561,2152083.84644561,14.5819471616078
"62","17275852B26033440645013",2,88873.2631917058,177746.526383412,12.0881138053278
"63","17275852B26690160376255",2,1171185.63395516,2342371.26791032,14.6666743365837
"64","17275852B282910546940",2,863535.691656965,1727071.38331393,14.3619376899827
"65","17275852B29365851049062",1,1189069.83860347,1189069.83860347,13.9886819112091
"66","17275852B30419994709301",2,1512444.70335591,3024889.40671182,14.9223850890141
"67","17275852B30975390905787",2,108029.903646008,216059.807292016,12.2833105339517
"68","17275852B31711539663260",1,2468519.77670981,2468519.77670981,14.7191292482794
"69","17275852B31753067259114",1,180556.85625855,180556.85625855,12.1038010002773
"70","17275852B31967187012085",1,320493.664994078,320493.664994078,12.6776177891384
"71","17275852B33382458843189",1,7067807.20147553,7067807.20147553,15.7710608343863
"72","17275852B34195804181253",1,2402557.99203104,2402557.99203104,14.6920445577376
"73","17275852B34420574294401",1,370612.148956184,370612.148956184,12.822911374153
"74","17275852B34914005005648",1,1000180.47876136,1000180.47876136,13.8156910204413
"75","17275852B34966799109471",1,NA,NA,NA
"76","17275852B34982159967792",2,182867.39957417,365734.79914834,12.8096637572486
"77","17275852B35416849225692",2,1244404.329713,2488808.659426,14.7273147039174
"78","17275852B35691129963558",1,1548615.00426814,1548615.00426814,14.2528715438121
"79","17275852B36427803126994",1,1861276.71679889,1861276.71679889,14.436773217101
"80","17275852B36456254412660",2,691895.410400077,1383790.82080015,14.1403372626964
"81","17275852B37463175613953",1,266332.550372641,266332.550372641,12.4925009962987
"82","17275852B37590867813392",2,434651.835224557,869303.670449114,13.6754477913625
"83","17275852B37857453943231",2,232167.360028986,464334.720057972,13.0483609505746
"84","17275852B37976290279083",1,1909487.42774329,1909487.42774329,14.4623454015691
"85","17275852B38331625545684",1,223911.381970909,223911.381970909,12.3190056363591
"86","17275852B38338809131920",2,1108424.51398716,2216849.02797432,14.6115973888392
"87","17275852B38552083710936",1,482718.449968109,482718.449968109,13.0871888433505
"88","17275852B3879764169207",1,1321378.24708503,1321378.24708503,14.0941858764211
"89","17275852B38988280096574",1,6777081.36255777,6777081.36255777,15.7290570897357
"90","17275852B39380894050966",2,1531014.35233159,3062028.70466318,14.9345882296376
"91","17275852B40414648244388",1,292339.723057889,292339.723057889,12.585671840114
"92","17275852B40485497211548",2,521980.204267977,1043960.40853595,13.8585321238474
"93","17275852B40934974334003",1,982074.584644325,982074.584644325,13.7974225362287
"94","17275852B41190306193582",1,560703.846416568,560703.846416568,13.2369481421142
"95","17275852B41676374519260",1,1172701.2206427,1172701.2206427,13.9748203813309
"96","17275852B42230140857746",2,404091.262745579,808182.525491158,13.6025432098772
"97","17275852B42704411692482",2,944343.173077873,1888686.34615575,14.4513920904291
"98","17275852B43707425356039",1,750209.394450873,750209.394450873,13.5281076391467
"99","17275852B44248179758570",2,490787.938342613,981575.876685226,13.7969145965728
"100","17275852B44953136813001",1,413709.773118448,413709.773118448,12.9329199758554
"101","17275852B45805035523406",1,776948.181157713,776948.181157713,13.5631289362091
"102","17275852B46208020456835",1,427754.106382596,427754.106382596,12.9663037916677
"103","17275852B47214038820512",2,1093252.70159563,2186505.40319126,14.597815120992
"104","17275852B47416526759176",1,141184.13909945,141184.13909945,11.8578202684079
"105","17275852B47611300766307",2,608332.440179913,1216664.88035983,14.0116239686921
"106","17275852B47839165615513",1,17735.9462667087,17735.9462667087,9.78334872167432
"107","17275852B47923210823500",1,318299.969426643,318299.969426643,12.6707495172182
"108","17275852B49260746635311",1,489016.862654849,489016.862654849,13.1001522518192
"109","17275852B50034294804845",1,1304510.60936228,1304510.60936228,14.0813385164214
"110","17275852B50435667373766",1,488136.543242455,488136.543242455,13.0983504474244
"111","17275852B50490784073671",1,1063499.00405352,1063499.00405352,13.877074977142
"112","17275852B52033797991024",1,148460.557275239,148460.557275239,11.9080745943708
"113","17275852B52216203262250",1,372079.475920294,372079.475920294,12.8268627553835
"114","17275852B53025585862768",2,191016.501658754,382033.003317508,12.8532622799759
"115","17275852B53915190353866",2,1235156.71962009,2470313.43924018,14.719855599031
"116","17275852B54078553013960",2,527995.949617239,1055991.89923448,13.8699910720394
"117","17275852B54721890479732",1,474372.488586466,474372.488586466,13.0697481329656
"118","17275852B54799230122335",2,186659.676579882,373319.353159764,12.8301895070085
"119","17275852B56364962136156",1,4869154.0749578,4869154.0749578,15.3984307787303
"120","17275852B57638199041654",1,370374.254543588,370374.254543588,12.8222692721667
"121","17275852B58186217435722",1,2905916.0202847,2905916.0202847,14.8822592239628
"122","17275852B59014028549632",2,1074010.47140541,2148020.94281082,14.5800574844753
"123","17275852B59261423659404",1,634489.809824735,634489.809824735,13.3605765058417
"124","17275852B59747399545028",1,573859.012592813,573859.012592813,13.2601390224709
"125","17275852B60010150977543",2,2599604.5853558,5199209.1707116,15.4640170894305
"126","17275852B60182527489554",1,387665.03964298,387665.03964298,12.8678969458582
"127","17275852B60568982990722",1,718423.730147553,718423.730147553,13.4848148273672
"128","17275852B60612190497835",2,637712.72821188,1275425.45642376,14.0587903722249
"129","17275852B60758311941437",1,675295.433157493,675295.433157493,13.4229055528531
"130","17275852B60797773490242",1,131047.226773473,131047.226773473,11.7833130469364
"131","17275852B62298947029961",1,898728.975375374,898728.975375374,13.7087367945592
"132","17275852B62337056358666",1,275959.033263873,275959.033263873,12.5280077034791
"133","17275852B63889031221729",1,901027.233208532,901027.233208532,13.7112907616704
"134","17275852B64916188375107",1,967563.825768934,967563.825768934,13.7825366714972
"135","17275852B66204891178522",1,3130825.04402256,3130825.04402256,14.9568071201215
"136","17275852B66252943806207",2,1371989.58263478,2743979.16526956,14.8249196749673
"137","17275852B66356980534214",1,819599.86274036,819599.86274036,13.6165715278754
"138","17275852B67003966243436",2,1105417.57530299,2210835.15060598,14.608880898311
"139","17275852B69233894766016",1,842142.606074867,842142.606074867,13.6437046447683
"140","17275852B70258266780305",1,785996.155648287,785996.155648287,13.5747071803667
"141","17275852B71635948673445",1,461785.924574129,461785.924574129,13.0428566959537
"142","17275852B71641756163868",1,401048.473310592,401048.473310592,12.901837580057
"143","17275852B72762706296361",2,116720.737134298,233441.474268596,12.3606866791436
"144","17275852B7296923051238",1,1436770.81316007,1436770.81316007,14.1779086625432
"145","17275852B74040811495822",2,659080.801763835,1318161.60352767,14.09174859922
"146","17275852B75086699702795",1,895599.966737268,895599.966737268,13.7052491265666
"147","17275852B75763620561947",1,828183.800382858,828183.800382858,13.6269903898719
"148","17275852B77187634403002",1,320166.377506446,320166.377506446,12.6765960693669
"149","17275852B78973254528560",2,480855.146789134,961710.293578268,13.7764685341665
"150","17275852B80982691802979",1,1052104.82636255,1052104.82636255,13.8663033121469
"151","17275852B81259275775371",1,1771577.71705302,1771577.71705302,14.3873810730863
"152","17275852B82537963815987",1,1051219.5834095,1051219.5834095,13.8654615561142
"153","17275852B8306530590796",1,190728.831072977,190728.831072977,12.1586079656513
"154","17275852B84693836922329",1,605472.25373522,605472.25373522,13.3137640172015
"155","17275852B85592550914884",1,107528.863755371,107528.863755371,11.5855145905601
"156","17275852B8583677209878",2,613540.795340192,1227081.59068038,14.0201492175543
"157","17275852B85962848339274",1,777653.621103995,777653.621103995,13.564036486932
"158","17275852B86000242921086",2,647910.26384382,1295820.52768764,14.0746546645824
"159","17275852B86431238150342",1,558312.839637093,558312.839637093,13.232674728772
"160","17275852B8657294857468",2,200273.537119896,400547.074239792,12.9005865772596
"161","17275852B87114256965843",2,630470.271056958,1260940.54211392,14.0473684624586
"162","17275852B8790559451208",1,829944.244910299,829944.244910299,13.6291138027096
"163","17275852B88564558630562",2,166026.296785869,332052.593571738,12.7130486497251
"164","17275852B88884426413746",2,1119493.1046001,2238986.2092002,14.6215337362052
"165","17275852B8916413772662",1,212680.82401532,212680.82401532,12.267547842048
"166","17275852B89468905887192",2,904087.901826604,1808175.80365321,14.4078290517409
"167","17275852B90337226463204",1,589584.366551866,589584.366551866,13.2871731041595
"168","17275852B90429058486395",1,945256.884328801,945256.884328801,13.7592120048039
"169","17275852B90470795224142",2,896223.001836734,1792446.00367347,14.3990917275285
"170","17275852B90975196028640",1,530986.280476402,530986.280476402,13.182491462746
"171","17275852B92675490846952",2,223456.154853382,446912.309706764,13.0101176791982
"172","17275852B93697739867414",1,409624.080889216,409624.080889216,12.9229951422127
"173","17275852B95277244028777",1,1329232.21592431,1329232.21592431,14.100112052247
"174","17275852B95583475247133",2,1456327.23842254,2912654.47684508,14.8845754147097
"175","17275852B96160830946824",2,587094.576925588,1174189.15385118,13.9760883855155
"176","17275852B96568921985306",2,111790.159162224,223580.318324448,12.3175259945841
"177","17275852B98251292892168",1,284224.243878074,284224.243878074,12.5575187967002
"178","17275852B98717202018932",1,350045.607436467,350045.607436467,12.7658187319377
"179","17275852B99819709984445",1,1826406.91476815,1826406.91476815,14.4178611602003
"180","18249212B3001356606985",1,20112.9947042855,20112.9947042855,9.9091213878551
"181","18249212B34902747010981",1,89034.9185924899,89034.9185924899,11.3967839155034
"182","22064153B10063200690088",1,4347.71880223826,4347.71880223826,8.37740657325143
"183","22064153B10066515375089",1,135637.455142617,135637.455142617,11.8177408342132
"184","22064153B10136144710667",1,273626.933299112,273626.933299112,12.5195209003063
"185","22064153B10207741545348",1,216108.276498403,216108.276498403,12.2835348411526
"186","22064153B10383419065697",2,19033.6156428869,38067.2312857738,10.5471091198018
"187","22064153B10436959918879",1,77515.7572548381,77515.7572548381,11.2582365140921
"188","22064153B1052554637005",1,162780.907442434,162780.907442434,12.0001604495211
"189","22064153B10622080660464",2,110364.371643946,220728.743287892,12.3046898206831
"190","22064153B10908081440803",1,5428.88252800438,5428.88252800438,8.59948859580146
"191","22064153B11166704859619",1,22261.1526653222,22261.1526653222,10.0105984053992
"192","22064153B11283862904746",1,24287.0386733106,24287.0386733106,10.0976980990971
"193","22064153B11294111383773",1,47291.2582144264,47291.2582144264,10.7640807416368
"194","22064153B11347435242213",1,NA,NA,NA
"195","22064153B11384904576552",1,142377.394481798,142377.394481798,11.8662365187418
"196","22064153B114806197531",1,39793.4655397928,39793.4655397928,10.5914579953759
"197","22064153B11481996196295",1,48725.5620514129,48725.5620514129,10.7939590594845
"198","22064153B11669654963101",1,15905.3027642257,15905.3027642257,9.67440783979117
"199","22064153B11870363925687",2,7224.56264679616,14449.1252935923,9.57838915839295
"200","22064153B11880020551001",2,149361.961225894,298723.922451788,12.6072750895537
"201","22064153B12049663471572",1,133862.574859881,133862.574859881,11.8045689919386
"202","22064153B12127418038090",1,5730.34873272627,5730.34873272627,8.65353166871657
"203","22064153B12165260283396",1,5014.14740215798,5014.14740215798,8.52001867640299
"204","22064153B12345861604897",1,77613.0495382617,77613.0495382617,11.2594908561862
"205","22064153B12662900476516",2,33148.5087462975,66297.017492595,11.1019001901334
"206","22064153B12861375372699",1,17539.1387188194,17539.1387188194,9.7721901608904
"207","22064153B12869480434443",1,22952.7764718767,22952.7764718767,10.041194187338
"208","22064153B12953099652868",1,54638.4936474049,54638.4936474049,10.9084939251861
"209","22064153B12979096179166",1,50881.5987444675,50881.5987444675,10.8372566193849
"210","22064153B1320154413470",1,13179.9304964764,13179.9304964764,9.48645053463413
"211","22064153B13215881329963",1,7285.72983269062,7285.72983269062,8.89367289654759
"212","22064153B13237952508684",2,58000.4572431278,116000.914486256,11.6613533535596
"213","22064153B13347263805777",1,212071.526202537,212071.526202537,12.2646788844995
"214","22064153B13436797224753",1,20060.2413924603,20060.2413924603,9.90649509496597
"215","22064153B1352051297857",1,123674.472066541,123674.472066541,11.7254081673707
"216","22064153B13741289865163",1,70305.3398748249,70305.3398748249,11.1606030333042
"217","22064153B13756884324312",1,99407.0092761729,99407.0092761729,11.5069779060154
"218","22064153B13823601910405",1,49171.8061490916,49171.8061490916,10.8030756924768
"219","22064153B13931010812226",1,31438.7647086333,31438.7647086333,10.3557969553334
"220","22064153B13974791812642",1,16027.7288218734,16027.7288218734,9.68207555258829
"221","22064153B13974843260526",1,21971.0889789356,21971.0889789356,9.99748273078366
"222","22064153B14001863011483",1,3082.14962870158,3082.14962870158,8.03338256392338
"223","22064153B14023525117600",1,206167.980066065,206167.980066065,12.2364465526973
"224","22064153B14191280892347",1,NA,NA,NA
"225","22064153B1420949553929",1,NA,NA,NA
"226","22064153B14260428934540",1,107196.941970187,107196.941970187,11.5824230008144
"227","22064153B14409781546574",1,105095.607371726,105095.607371726,11.5626257612412
"228","22064153B14538950261497",1,17758.2641937556,17758.2641937556,9.78460627493152
"229","22064153B14602941038291",1,19066.2762824183,19066.2762824183,9.85567641379183
"230","22064153B14641047530321",1,4168.70872687729,4168.70872687729,8.33536160901577
"231","22064153B14902090044751",1,12700.6743531208,12700.6743531208,9.44941036970793
"232","22064153B15139247492815",1,3272.36942109485,3272.36942109485,8.09326959510708
"233","22064153B15197878860903",2,15392.0618997801,30784.1237995602,10.3347543750127
"234","22064153B15237000314247",1,3710.22997243553,3710.22997243553,8.21884914085974
"235","22064153B15329717394060",1,55579.0972467492,55579.0972467492,10.9255624607527
"236","22064153B15331758585451",1,3264.22153709066,3264.22153709066,8.0907765866639
"237","22064153B15346425233004",1,51654.7632592385,51654.7632592385,10.8523376921589
"238","22064153B15364293597369",1,67340.7831670468,67340.7831670468,11.1175213226897
"239","22064153B15413497607030",1,10735.7847553936,10735.7847553936,9.28133781014625
"240","22064153B15500594562934",2,21038.9826286349,42077.9652572698,10.6472794920902
"241","22064153B15714680533513",1,154895.940553022,154895.940553022,11.9505088191734
"242","22064153B1576921955547",2,129235.66551916,258471.33103832,12.462540061706
"243","22064153B16137538167455",1,9444.08690173699,9444.08690173699,9.15314409995648
"244","22064153B1618089964650",1,81431.9231720964,81431.9231720964,11.3075226516709
"245","22064153B16354527619629",2,17891.421184893,35782.842369786,10.4852237940916
"246","22064153B16459031557594",1,785770.893439763,785770.893439763,13.5744205447482
"247","22064153B16549607437005",1,77892.7450344633,77892.7450344633,11.2630880957434
"248","22064153B16625159005652",1,71565.7263370322,71565.7263370322,11.1783715559
"249","22064153B1700256392599",1,7140.47520801828,7140.47520801828,8.87353460886375
"250","22064153B17110513567738",1,11763.0089169074,11763.0089169074,9.3727150490072
"251","22064153B17150931610065",1,85266.5028703713,85266.5028703713,11.3535369584683
"252","22064153B17160397070793",1,150081.784421487,150081.784421487,11.9189356539714
"253","22064153B17443115546549",1,103104.443309514,103104.443309514,11.5434977661619
"254","22064153B17451481377922",1,51625.8591584606,51625.8591584606,10.8517779724195
"255","22064153B1746305161850",1,30914.0940914577,30914.0940914577,10.3389674783596
"256","22064153B17547452708566",1,117835.684087197,117835.684087197,11.6770464252723
"257","22064153B17605300042191",2,50922.8569080829,101845.713816166,11.5312143374721
"258","22064153B17622592602982",2,4663.63766114474,9327.27532228948,9.14069821713857
"259","22064153B17640645318479",2,2762.22679923816,5524.45359847632,8.61693962529202
"260","22064153B17786192900668",2,292485.092828504,584970.185657008,13.2793161602264
"261","22064153B17824097613778",1,37254.7254202216,37254.7254202216,10.5255340726807
"262","22064153B17826218371858",1,291500.987750749,291500.987750749,12.5827986732772
"263","22064153B17910960265215",1,165788.456573881,165788.456573881,12.0184678966654
"264","22064153B17932497232001",1,66451.4245559634,66451.4245559634,11.1042265019246
"265","22064153B18197472399049",2,263400.031838574,526800.063677148,13.1745763697266
"266","22064153B18284871190784",1,12482.7305104249,12482.7305104249,9.43210140889161
"267","22064153B18309118681649",1,14693.3230169883,14693.3230169883,9.59514845304784
"268","22064153B18476481818662",1,5638.8456345242,5638.8456345242,8.63743464881362
"269","22064153B18486924389046",1,NA,NA,NA
"270","22064153B18541020859979",1,39655.8208911718,39655.8208911718,10.5879930231271
"271","22064153B18585174510843",2,36899.132512778,73798.265025556,11.2090905011734
"272","22064153B18725311091842",1,258778.58158573,258778.58158573,12.4637280776961
"273","22064153B18860011713755",1,98377.8944697652,98377.8944697652,11.4965714081053
"274","22064153B18872085958488",3,8754.82045917083,26264.4613775125,10.1759720259443
"275","22064153B18981391951778",2,10868.3375679971,21736.6751359942,9.98675621135229
"276","22064153B19003983421075",1,8207.99276762239,8207.99276762239,9.01286368627254
"277","22064153B19025451607548",2,64107.032652153,128214.065304306,11.7614565312127
"278","22064153B19140159564863",2,1766.96069898439,3533.92139796878,8.17016341097094
"279","22064153B19491219462886",2,49181.6661570841,98363.3323141682,11.4964233745095
"280","22064153B19507094368728",2,7734.77854870164,15469.5570974033,9.64662931338373
"281","22064153B19633670255011",1,192752.012386602,192752.012386602,12.1691597317685
"282","22064153B19687868642382",1,29868.4247739185,29868.4247739185,10.3045571737606
"283","22064153B20100015994007",1,NA,NA,NA
"284","22064153B20112956451443",1,6399.34679468858,6399.34679468858,8.76395120080904
"285","22064153B20504043763502",1,233382.256819424,233382.256819424,12.3604329754626
"286","22064153B20548004874718",1,126845.65210006,126845.65210006,11.750726288524
"287","22064153B20607189577313",2,10874.5066855655,21749.013371131,9.98732367324108
"288","22064153B20726542801588",1,9235.78659574533,9235.78659574533,9.13084106450642
"289","22064153B20764763312334",1,95795.5335781771,95795.5335781771,11.4699713405149
"290","22064153B20929599780208",1,3951.44123514172,3951.44123514172,8.28183566100255
"291","22064153B20936499562813",1,60285.7656838065,60285.7656838065,11.0068512965375
"292","22064153B20986912902018",1,57103.4706284872,57103.4706284872,10.9526201753817
"293","22064153B21018855363784",2,2301.67773580322,4603.35547160644,8.43454076690682
"294","22064153B21124327630561",1,37344.3337778961,37344.3337778961,10.527936472972
"295","22064153B21224542742547",1,19220.3020922026,19220.3020922026,9.86372239999715
"296","22064153B21330820256622",1,17007.315352239,17007.315352239,9.74139884531706
"297","22064153B21418638291073",1,11839.8370856063,11839.8370856063,9.3792251486817
"298","22064153B21468669116940",1,72817.6590598299,72817.6590598299,11.1957137742727
"299","22064153B21496575286327",1,35708.9977944895,35708.9977944895,10.4831579750726
"300","22064153B21553303139286",1,54892.2330079986,54892.2330079986,10.9131271422249
"301","22064153B21572106271359",1,64326.9066348685,64326.9066348685,11.0717332773616
"302","22064153B21585833160132",1,218562.193755041,218562.193755041,12.2948258926268
"303","22064153B21881953859573",1,382492.812443236,382492.812443236,12.8544651410741
"304","22064153B21930418676565",2,74470.7748438582,148941.549687716,11.9113092239891
"305","22064153B22111041587368",1,10599.5341723596,10599.5341723596,9.26856533313069
"306","22064153B22167023977783",1,73514.5116893821,73514.5116893821,11.2052381036634
"307","22064153B22522574438890",1,62177.788925256,62177.788925256,11.0377531237212
"308","22064153B22685350390729",1,250925.279235051,250925.279235051,12.4329104815041
"309","22064153B22770542866151",1,25399.735517599,25399.735517599,10.1424940402595
"310","22064153B22863459733327",1,43598.1775138783,43598.1775138783,10.6827706283231
"311","22064153B22998678840309",1,10857.2408225883,10857.2408225883,9.29258749330558
"312","22064153B23017512967810",1,492276.298022004,492276.298022004,13.1067954191922
"313","22064153B23148495981135",1,1199049.94069116,1199049.94069116,13.9970400850948
"314","22064153B23217272115075",1,43660.1196304285,43660.1196304285,10.6841903701466
"315","22064153B23299113779671",2,4814.80574349503,9629.61148699006,9.17259815994822
"316","22064153B23745136254640",1,199518.585400751,199518.585400751,12.2036626708765
"317","22064153B23867654552053",1,14295.2352163958,14295.2352163958,9.56768155907335
"318","22064153B23991641947742",1,183009.673087023,183009.673087023,12.1172942888256
"319","22064153B24250896793566",1,13269.654566177,13269.654566177,9.49323509580258
"320","22064153B24324307757053",1,194565.185397207,194565.185397207,12.178522529323
"321","22064153B24327518891099",1,132785.5919941,132785.5919941,11.7964910161182
"322","22064153B24375638846800",1,233133.755586079,233133.755586079,12.3593676261487
"323","22064153B2446826655857",1,83853.6129826974,83853.6129826974,11.3368278549658
"324","22064153B24827432296483",1,148464.619879986,148464.619879986,11.9081019588724
"325","22064153B24851023127688",1,66142.491935583,66142.491935583,11.0995666625055
"326","22064153B249766001509",1,74121.7354413237,74121.7354413237,11.2134640940664
"327","22064153B24985865314901",1,1523686.42663224,1523686.42663224,14.2366432372549
"328","22064153B25240716524083",1,2532.1201699875,2532.1201699875,7.83681224263845
"329","22064153B25299017238233",1,NA,NA,NA
"330","22064153B25382009967091",1,30397.5566841041,30397.5566841041,10.3221175119309
"331","22064153B25439030249227",1,8175.14431293631,8175.14431293631,9.00885364856821
"332","22064153B25557212584140",1,324397.827180432,324397.827180432,12.6897259032368
"333","22064153B25624433633857",1,17035.500899324,17035.500899324,9.74305473379098
"334","22064153B25668755078599",1,37428.2622638273,37428.2622638273,10.5301813735271
"335","22064153B25692242595445",2,26322.2292469854,52644.4584939708,10.8713162602463
"336","22064153B25968534985503",1,42191.3941836042,42191.3941836042,10.6499715499292
"337","22064153B26076067737587",1,30582.4221043587,30582.4221043587,10.328180681852
"338","22064153B26111310234357",1,31941.407439073,31941.407439073,10.3716584858912
"339","22064153B26168625636469",1,695.776064530863,695.776064530863,6.54502786219925
"340","22064153B26243303203029",1,9842.38946995323,9842.38946995323,9.19445379287963
"341","22064153B26379129013913",1,357709.529439301,357709.529439301,12.7874765657625
"342","22064153B26413774655735",1,78783.7369864821,78783.7369864821,11.2744618711257
"343","22064153B26432964343600",1,73766.5311669617,73766.5311669617,11.2086604005003
"344","22064153B26463696706835",1,200979.403457369,200979.403457369,12.2109577114294
"345","22064153B26513167275722",1,8827.72555087974,8827.72555087974,9.08565267841124
"346","22064153B26624831097193",1,7894.75687290196,7894.75687290196,8.97395413114298
"347","22064153B26660671620175",1,669610.954336969,669610.954336969,13.4144521575471
"348","22064153B26661145575054",2,51345.8601630902,102691.72032618,11.5394867726684
"349","22064153B26773121701856",1,36391.2440495845,36391.2440495845,10.5020834766002
"350","22064153B26884354260890",2,98599.3804136781,197198.760827356,12.191967437294
"351","22064153B2702411680064",1,131078.80308329,131078.80308329,11.7835539715786
"352","22064153B27046387100615",1,41486.380163181,41486.380163181,10.633120463514
"353","22064153B27247213696549",1,251717.844166663,251717.844166663,12.436064073194
"354","22064153B27289126175617",1,9292.79421959864,9292.79421959864,9.13699456372007
"355","22064153B27349531519985",1,120426.696174702,120426.696174702,11.6987965163044
"356","22064153B27367893757530",1,45244.4209191347,45244.4209191347,10.7198346469219
"357","22064153B27378883096087",1,554337.768849559,554337.768849559,13.2255294710075
"358","22064153B27657139570827",1,99685.675052126,99685.675052126,11.5097772651066
"359","22064153B27741683898286",1,56409.595897876,56409.595897876,10.9403945630472
"360","22064153B27762332852443",1,12285.4245365964,12285.4245365964,9.41616884167169
"361","22064153B28035717704665",1,48788.2072580719,48788.2072580719,10.7952439080904
"362","22064153B28150220320962",1,796.073088994115,796.073088994115,6.67969100197352
"363","22064153B28200881155358",1,14132.0953979746,14132.0953979746,9.55620375894978
"364","22064153B28337090831591",1,381085.880676851,381085.880676851,12.8507800373088
"365","22064153B28414045924235",2,3621.04538044316,7242.09076088632,8.88766522281904
"366","22064153B28562561290701",1,22112.6739086926,22112.6739086926,10.0039062031604
"367","22064153B28607831481816",1,5037.29094011449,5037.29094011449,8.52462370467207
"368","22064153B28841810223211",1,52143.2186725027,52143.2186725027,10.8617494169305
"369","22064153B28864104730432",1,50259.6313393755,50259.6313393755,10.8249574760006
"370","22064153B29179737200672",1,42962.124405273,42962.124405273,10.6680741787346
"371","22064153B29202371584226",1,210700.183825979,210700.183825979,12.2581914722455
"372","22064153B2920977635331",1,11146.3873925392,11146.3873925392,9.31887072371958
"373","22064153B29481673904994",1,6503.41344769105,6503.41344769105,8.78008246384155
"374","22064153B29529124372788",1,84570.1997188437,84570.1997188437,11.3453372343538
"375","22064153B29541790734430",1,124321.789246045,124321.789246045,11.7306285577602
"376","22064153B29701758489760",1,57699.7494129184,57699.7494129184,10.9630081095564
"377","22064153B29987612249320",1,57609.1378136946,57609.1378136946,10.9614364767004
"378","22064153B30363651690938",1,323583.630595738,323583.630595738,12.6872128775833
"379","22064153B30375928590829",1,27467.0078540135,27467.0078540135,10.2207408490217
"380","22064153B30552357265418",1,368459.327730846,368459.327730846,12.8170856120122
"381","22064153B30582374301374",1,46891.1532613054,46891.1532613054,10.7555843068186
"382","22064153B30625233243143",1,37031.9897175573,37031.9897175573,10.5195374050474
"383","22064153B30746537151350",2,672.04382348771,1344.08764697542,7.20347073248016
"384","22064153B30747054135081",1,201231.547524535,201231.547524535,12.212211501758
"385","22064153B31050453163422",1,3499.49121183223,3499.49121183223,8.16037286886261
"386","22064153B31135289991863",1,79676.6136619574,79676.6136619574,11.2857313921329
"387","22064153B31188277470964",1,71792.9394961294,71792.9394961294,11.1815414144925
"388","22064153B31303079621207",1,81274.3509771546,81274.3509771546,11.3055857596238
"389","22064153B3166560830766",1,30129.5189633002,30129.5189633002,10.3132606666235
"390","22064153B31828477920697",1,67605.9524044598,67605.9524044598,11.121451311475
"391","22064153B31840797679086",1,6059.28027791756,6059.28027791756,8.70934630598991
"392","22064153B31988030206411",1,53274.8706321126,53274.8706321126,10.88322002866
"393","22064153B32144271118289",3,5015.40102053041,15046.2030615912,9.61888095008062
"394","22064153B32207594646608",2,19745.3876260416,39490.7752520832,10.583822385693
"395","22064153B32454677361309",2,62875.4729518283,125750.945903657,11.7420586100304
"396","22064153B32459042913276",2,17918.2971611886,35836.5943223772,10.4867248380865
"397","22064153B32499931661973",1,156966.501570693,156966.501570693,11.963787695773
"398","22064153B3260295763556",1,44366.1370016545,44366.1370016545,10.7002317772889
"399","22064153B32622592109390",1,722194.473029895,722194.473029895,13.4900497348329
"400","22064153B32661608825034",1,503019.999081407,503019.999081407,13.1283852078967
"401","22064153B32663760346389",2,64622.5113580028,129245.022716006,11.7694652826621
"402","22064153B32697897340727",1,49562.5392707859,49562.5392707859,10.8109905707257
"403","22064153B3280524188858",1,82282.2862138224,82282.2862138224,11.317911129159
"404","22064153B33022261417007",2,34877.3473521433,69754.6947042866,11.1527400050069
"405","22064153B33402705241691",1,42824.0732255222,42824.0732255222,10.6648556819896
"406","22064153B33610753881119",1,28777.0598267926,28777.0598267926,10.2673338149305
"407","22064153B33757504335053",1,107129.165462336,107129.165462336,11.5817905392733
"408","22064153B33921572198120",1,408902.247660039,408902.247660039,12.9212314031829
"409","22064153B3395766783425",1,6658.13317020694,6658.13317020694,8.80359441946798
"410","22064153B3414994926035",2,16065.0551364056,32130.1102728112,10.3775488841865
"411","22064153B34173315549622",1,20103.5110016055,20103.5110016055,9.90864975548976
"412","22064153B34267563622194",1,320677.87923035,320677.87923035,12.6781924067832
"413","22064153B34371075767186",1,47021.9856176779,47021.9856176779,10.7583705504172
"414","22064153B34391184874660",1,656.347293853532,656.347293853532,6.48669006021743
"415","22064153B34425405263494",1,38938.8402581671,38938.8402581671,10.5697474956929
"416","22064153B34439901226362",1,631086.818671813,631086.818671813,13.3551987210792
"417","22064153B34443868046446",1,550230.882485969,550230.882485969,13.2180932554611
"418","22064153B34645070246824",2,127343.930109203,254687.860218406,12.4477939967708
"419","22064153B34770411990432",1,213990.387265737,213990.387265737,12.2736863736761
"420","22064153B34805483384531",2,47586.7972394331,95173.5944788662,11.4634578133861
"421","22064153B34851227738598",2,24067.5318373051,48135.0636746102,10.7817661650451
"422","22064153B3490214986239",1,18328.6327543913,18328.6327543913,9.8162197474566
"423","22064153B34956601586296",1,4197.4932942795,4197.4932942795,8.34224279139938
"424","22064153B35070175546875",2,543159.588167438,1086319.17633488,13.8983056371565
"425","22064153B35076023646202",1,67093.0868571951,67093.0868571951,11.1138362901885
"426","22064153B35105939301214",2,14748.6198530813,29497.2397061626,10.2920519686674
"427","22064153B35259922763541",1,1914.57886901095,1914.57886901095,7.55725296568698
"428","22064153B35820151330939",2,5897.71332519543,11795.4266503909,9.37546716332754
"429","22064153B35835491852984",1,9984.07309115475,9984.07309115475,9.20874641141121
"430","22064153B3601656726791",1,111635.362050077,111635.362050077,11.6229931429865
"431","22064153B36448258784434",1,89884.228922327,89884.228922327,11.4062777759526
"432","22064153B36640851523102",1,82850.8043873435,82850.8043873435,11.3247967317677
"433","22064153B36650271822952",2,7108.62836085758,14217.2567217152,9.5622117678487
"434","22064153B36847259305466",1,94026.2117575671,94026.2117575671,11.4513288708659
"435","22064153B36899747691995",2,12545.8639742883,25091.7279485766,10.1302935070001
"436","22064153B3707797018061",1,128230.822997275,128230.822997275,11.7615872235662
"437","22064153B37672699687454",1,1207.78407105723,1207.78407105723,7.09654261339242
"438","22064153B37690647476013",1,34067.5712058524,34067.5712058524,10.436101219762
"439","22064153B37744123028030",1,24860.6234794125,24860.6234794125,10.1210404443726
"440","22064153B37844292168146",1,55863.2285041857,55863.2285041857,10.9306616341804
"441","22064153B37976146363368",1,13807.4320144819,13807.4320144819,9.53296227795239
"442","22064153B37982881195793",1,17288.368630344,17288.368630344,9.75778922086221
"443","22064153B37992746393477",1,181674.310365378,181674.310365378,12.1099708594979
"444","22064153B37993588390493",1,509105.211342432,509105.211342432,13.1404099762207
"445","22064153B37996051653181",1,24494.2034204851,24494.2034204851,10.1061917734575
"446","22064153B38003203294123",2,62689.1156084392,125378.231216878,11.7390902973499
"447","22064153B38031589003177",1,21839.3794196142,21839.3794196142,9.9914700146023
"448","22064153B3805543078066",1,381751.633579289,381751.633579289,12.8525255022578
"449","22064153B38153084112914",1,4777.69134798241,4777.69134798241,8.47171272721869
"450","22064153B38167262052076",1,69443.3498700278,69443.3498700278,11.1482665893865
"451","22064153B38229059765707",1,20935.6882420672,20935.6882420672,9.94921055310117
"452","22064153B38245769729166",1,82814.7064403865,82814.7064403865,11.3243609386162
"453","22064153B38280459687635",2,586.369286167011,1172.73857233402,7.06709695282856
"454","22064153B38748946116024",2,7371.6729890195,14743.345978039,9.59854713984972
"455","22064153B38860399977783",1,65171.7103626103,65171.7103626103,11.0847807636132
"456","22064153B38891781279307",1,20698.2614331153,20698.2614331153,9.93780498698782
"457","22064153B38947998190164",1,852825.291547936,852825.291547936,13.6563099890224
"458","22064153B39173666137461",3,9057.01038091144,27171.0311427343,10.2099066532179
"459","22064153B39248770948024",1,32415.7023503353,32415.7023503353,10.3863982248226
"460","22064153B39270708607806",1,588302.086507569,588302.086507569,13.284995847519
"461","22064153B3938039280311",1,2669805.78615863,2669805.78615863,14.7975162884644
"462","22064153B39431527645490",1,13275.728021792,13275.728021792,9.49369268617265
"463","22064153B39627924903777",1,36232.0830084928,36232.0830084928,10.4977002762605
"464","22064153B397815229123",1,844.540893622074,844.540893622074,6.73879315854744
"465","22064153B39894202763699",1,17882.8143822565,17882.8143822565,9.79159544027014
"466","22064153B39921881538290",2,76289.6596329373,152579.319265875,11.9354398661444
"467","22064153B39922172056835",1,410797.897302663,410797.897302663,12.9258566384808
"468","22064153B39981249129264",1,31470.4604802963,31470.4604802963,10.3568046223091
"469","22064153B40043226344788",1,7866.61357061016,7866.61357061016,8.9703829528241
"470","22064153B40136139146839",1,38301.1522697923,38301.1522697923,10.5532352600893
"471","22064153B40173018789364",1,90871.8668796982,90871.8668796982,11.4172057369892
"472","22064153B40278985513053",2,8120.63071430333,16241.2614286067,9.69531028487447
"473","22064153B40400083075761",1,2753.26705217698,2753.26705217698,7.92054350449795
"474","22064153B40416571045397",1,94428.5516065017,94428.5516065017,11.4555987598625
"475","22064153B40501348045878",1,160450.826903328,160450.826903328,11.9857428001759
"476","22064153B40508197079928",1,26138.2044431848,26138.2044431848,10.1711532948107
"477","22064153B40775689638766",1,43901.5493949083,43901.5493949083,10.6897048921741
"478","22064153B40974377910611",1,254479.780639882,254479.780639882,12.4469766644291
"479","22064153B41206405308946",1,68541.3245755396,68541.3245755396,11.135192120826
"480","22064153B41312501853097",1,NA,NA,NA
"481","22064153B41354551896797",1,29224.8877165286,29224.8877165286,10.2827759442979
"482","22064153B41545162624275",1,56901.4219770638,56901.4219770638,10.9490756106117
"483","22064153B41590295384233",1,116452.244596373,116452.244596373,11.665236550321
"484","22064153B41713963483520",2,1728.81481955812,3457.62963911624,8.14833855788046
"485","22064153B41777541887282",1,14677.4254619639,14677.4254619639,9.5940659095377
"486","22064153B41932272876566",1,61251.2945222527,61251.2945222527,11.0227402632408
"487","22064153B42062720942264",1,1370.14762544292,1370.14762544292,7.22267376881468
"488","22064153B4211596098450",1,65249.2869570049,65249.2869570049,11.0859703972632
"489","22064153B42217323909789",2,43093.9531628398,86187.9063256796,11.3642851489632
"490","22064153B42280137563605",1,53876.7902013891,53876.7902013891,10.8944550556501
"491","22064153B42291200721989",1,90822.1667754487,90822.1667754487,11.416658662278
"492","22064153B42302848095491",1,2359.5273243621,2359.5273243621,7.76621659167243
"493","22064153B42334403031986",1,18579.642976859,18579.642976859,9.8298217967289
"494","22064153B42347188648904",1,241478.124108013,241478.124108013,12.3945341645682
"495","22064153B42446330332241",1,NA,NA,NA
"496","22064153B4274209582436",1,41829.3750470976,41829.3750470976,10.641354124021
"497","22064153B4286483496326",1,1444.6481641412,1444.6481641412,7.27562108587585
"498","22064153B42905790783951",1,24998.7081216878,24998.7081216878,10.1265794273826
"499","22064153B43134754063243",1,122715.822041766,122715.822041766,11.7176265713814
"500","22064153B43162211082294",1,84244.5120531196,84244.5120531196,11.3414787072576
"501","22064153B43476181465127",1,17202.6624114931,17202.6624114931,9.75281944218847
"502","22064153B43689420545928",1,107658.967666242,107658.967666242,11.586723803236
"503","22064153B43785762223582",2,40424.4850650145,80848.970130029,11.3003381268911
"504","22064153B43904559584393",1,76485.4606555879,76485.4606555879,11.2448559449618
"505","22064153B43932991343110",1,5825.95303459546,5825.95303459546,8.67007787614042
"506","22064153B439820272378",1,60288.6980024597,60288.6980024597,11.0068999356699
"507","22064153B43988911271418",1,379985.616997639,379985.616997639,12.84788868098
"508","22064153B44054908542385",2,23984.7598590156,47969.5197180312,10.7783210823141
"509","22064153B4409747403252",1,80417.3843486941,80417.3843486941,11.2949856550366
"510","22064153B44267984628031",2,28010.0328363787,56020.0656727574,10.9334652211225
"511","22064153B44315864590380",1,56064.2620586861,56064.2620586861,10.9342538485625
"512","22064153B44386378805197",1,13990.7248121926,13990.7248121926,9.54614987562359
"513","22064153B44499834230387",1,43381.1358675306,43381.1358675306,10.6777799681674
"514","22064153B44542802774302",1,29740.4407396321,29740.4407396321,10.3002630396633
"515","22064153B44549146098758",2,32683.2648462271,65366.5296924542,11.0877656280392
"516","22064153B44553862516969",1,59770.1826981292,59770.1826981292,10.9982621984997
"517","22064153B4475386175158",1,4481.26544537202,4481.26544537202,8.40766075100799
"518","22064153B44837767609725",1,53341.8937209248,53341.8937209248,10.8844772999353
"519","22064153B44894866493506",1,28728.7750779961,28728.7750779961,10.2656545154221
"520","22064153B45156088025009",1,55331.7436183151,55331.7436183151,10.9211020484684
"521","22064153B45193462412831",1,2360.31134429678,2360.31134429678,7.76654881486773
"522","22064153B45509780052584",1,7939.80003402706,7939.80003402706,8.97964336929269
"523","22064153B4579292300123",1,8421.48519579321,8421.48519579321,9.03854148073073
"524","22064153B45962078920290",1,27540.0594692992,27540.0594692992,10.2233969316594
"525","22064153B4599338501443",1,105043.339825268,105043.339825268,11.5621283042182
"526","22064153B46077925963614",1,3527676.4103358,3527676.4103358,15.0761499714759
"527","22064153B46426068444343",1,96267.4620047482,96267.4620047482,11.4748856591207
"528","22064153B46444356983113",1,9310.24566753007,9310.24566753007,9.13887075741277
"529","22064153B46600625049869",2,83290.1409909009,166580.281981802,12.023232646259
"530","22064153B4671862991873",1,54710.0301643736,54710.0301643736,10.909802338408
"531","22064153B46764438077406",2,29730.6504117982,59461.3008235964,10.9930809736017
"532","22064153B46807653083164",1,87104.8957477753,87104.8957477753,11.3748683696166
"533","22064153B4700189189865",1,17779.6344933942,17779.6344933942,9.78580895167966
"534","22064153B47073397017975",2,40163.3183277686,80326.6366555372,11.2938565591956
"535","22064153B47110066124982",1,22424.5570128997,22424.5570128997,10.0179119325691
"536","22064153B47270255422143",1,32605.3598789891,32605.3598789891,10.3922319673063
"537","22064153B47306424439203",1,69238.4027026494,69238.4027026494,11.1453109400271
"538","22064153B47377223297779",1,47936.6346305662,47936.6346305662,10.7776353059115
"539","22064153B47508893912930",1,409331.437762033,409331.437762033,12.9222804681359
"540","22064153B47665726673429",1,28618.4910300539,28618.4910300539,10.2618083274037
"541","22064153B47905717209978",1,136960.138012485,136960.138012485,11.8274451990597
"542","22064153B47985746370691",1,350810.151470382,350810.151470382,12.7680004771184
"543","22064153B48033226915297",1,80508.1336888163,80508.1336888163,11.2961134979151
"544","22064153B48077040474563",1,9946.88812045624,9946.88812045624,9.20501502952268
"545","22064153B48099706637709",2,33233.478806573,66466.957613146,11.1044602251614
"546","22064153B48186183517064",2,36835.7716331534,73671.5432663068,11.2073718878259
"547","22064153B48335058983319",1,18485.6291892651,18485.6291892651,9.82474890862024
"548","22064153B48342484050891",2,26862.9098208705,53725.819641741,10.8916489776389
"549","22064153B48448071500223",1,55632.8204288163,55632.8204288163,10.9265286015651
"550","22064153B48657370827340",2,19889.5232300716,39779.0464601432,10.5910955817874
"551","22064153B48836747079697",1,33922.9509078342,33922.9509078342,10.4318470822255
"552","22064153B49253931002117",1,16663.0818883988,16663.0818883988,9.72095088591164
"553","22064153B49332133216628",1,108117.50965672,108117.50965672,11.5909739669834
"554","22064153B4943550686052",1,146228.173510659,146228.173510659,11.8929235130038
"555","22064153B49599067230525",1,3981.50419035355,3981.50419035355,8.28941496415294
"556","22064153B49774886462778",1,80738.2765715733,80738.2765715733,11.2989680487688
"557","22064153B49815970658587",2,1514.01943815257,3028.03887630514,8.01567045341321
"558","22064153B4986899209326",1,11445.6951519659,11445.6951519659,9.3453689690276
"559","22064153B50045413715781",2,1085.8866089772,2171.7732179544,7.68329926397935
"560","22064153B50086663082830",1,21889.4254575215,21889.4254575215,9.99375894337124
"561","22064153B50127678643850",1,53399.5299029309,53399.5299029309,10.8855572215936
"562","22064153B50136100430042",1,144012.848858057,144012.848858057,11.8776578027585
"563","22064153B50147384366789",1,40076.8710701244,40076.8710701244,10.5985546655987
"564","22064153B5017288321656",1,16183.7430545013,16183.7430545013,9.69176250220779
"565","22064153B50417144579003",1,118206.383456107,118206.383456107,11.6801873880467
"566","22064153B5049217711544",1,547.102449531646,547.102449531646,6.30463607836125
"567","22064153B51420190401517",1,1951.80836738737,1951.80836738737,7.57651158970881
"568","22064153B51464692079899",1,NA,NA,NA
"569","22064153B5152282240918",1,6397.4151622357,6397.4151622357,8.76364930686523
"570","22064153B51627476063203",1,155450.705343318,155450.705343318,11.9540839529055
"571","22064153B51662529993673",3,3746.2892603839,11238.8677811517,9.32713338715969
"572","22064153B51715438268926",1,40856.6021377375,40856.6021377375,10.6178237062681
"573","22064153B51725743038941",1,63685.8340269372,63685.8340269372,11.0617174310665
"574","22064153B519565970341",1,80046.4397159567,80046.4397159567,11.2903622416826
"575","22064153B52085994320923",1,106400.269097883,106400.269097883,11.5749633850019
"576","22064153B52253141451980",2,174991.103497615,349982.20699523,12.7656375950169
"577","22064153B52291408422766",2,9859.24367806763,19718.4873561353,9.88931191913623
"578","22064153B52336142929997",1,16523.5517560762,16523.5517560762,9.71254202130753
"579","22064153B52472433648563",1,13379.2448752341,13379.2448752341,9.50145989526106
"580","22064153B52612753206186",2,7543.33769938999,15086.67539878,9.62156720931598
"581","22064153B52633464961485",1,213308.547856788,213308.547856788,12.2704949779968
"582","22064153B52648905753653",1,3115.82669746038,3115.82669746038,8.04424978845435
"583","22064153B5267804533831",2,10474.5107622504,20949.0215245008,9.94984721898513
"584","22064153B52753140489458",1,234931.083774184,234931.083774184,12.3670474895816
"585","22064153B52803081317924",1,28648.1925741741,28648.1925741741,10.2628456337366
"586","22064153B52807334216940",1,42972.7433620255,42972.7433620255,10.6683213183901
"587","22064153B52841590037267",1,23934.4204963294,23934.4204963294,10.0830728899743
"588","22064153B52887999669387",1,297862.842772368,297862.842772368,12.6043884003827
"589","22064153B52911851929609",1,110138.071373973,110138.071373973,11.6094900519856
"590","22064153B53002187512045",2,21280.7513158253,42561.5026316506,10.6587054295871
"591","22064153B53034253556310",2,103176.176351368,206352.352702736,12.2373404366313
"592","22064153B53107080731031",1,2647.37251608652,2647.37251608652,7.88132292375208
"593","22064153B53114788196581",1,174285.41362312,174285.41362312,12.0684495425394
"594","22064153B53244281721356",1,250858.464928494,250858.464928494,12.4326441743241
"595","22064153B53353386763224",1,533474.735793105,533474.735793105,13.1871669930133
"596","22064153B53434069623251",1,66264.7195489929,66264.7195489929,11.1014129010413
"597","22064153B53472362936594",1,121002.867677746,121002.867677746,11.7035695241141
"598","22064153B53533855614877",1,159075.013619833,159075.013619833,11.9771311537199
"599","22064153B53754534753242",1,5619.70031437062,5619.70031437062,8.63403361662083
"600","22064153B53997811528221",1,10052.3270245909,10052.3270245909,9.21555943142029
"601","22064153B54195115998574",1,13154.3931163986,13154.3931163986,9.48451105910719
"602","22064153B54201279846149",1,6348.10841387896,6348.10841387896,8.7559121599313
"603","22064153B54270766590260",1,76555.6738396698,76555.6738396698,11.2457735177339
"604","22064153B54270882779278",1,277333.679659185,277333.679659185,12.5329766799056
"605","22064153B54478878575697",1,95060.0031199374,95060.0031199374,11.4622635829887
"606","22064153B54491533323860",2,24529.0022368662,49058.0044737324,10.8007586417657
"607","22064153B54492214323948",1,62959.3593529602,62959.3593529602,11.0502447075783
"608","22064153B54493928872719",1,53808.4208510752,53808.4208510752,10.8931852552971
"609","22064153B54635082172523",1,15081.6859892602,15081.6859892602,9.6212364383138
"610","22064153B54657262199971",1,32637.2578197843,32637.2578197843,10.3932097926745
"611","22064153B54693030859615",1,68862.1297429217,68862.1297429217,11.1398616650073
"612","22064153B55014741833430",2,7378.95367215013,14757.9073443003,9.59953430926145
"613","22064153B55178851895716",1,15957.7094232401,15957.7094232401,9.67769734085673
"614","22064153B55351511475413",1,66397.3218223125,66397.3218223125,11.1034120006498
"615","22064153B55422469295161",1,NA,NA,NA
"616","22064153B55990340820977",1,106384.550045383,106384.550045383,11.5748156390058
"617","22064153B56325145349456",2,34047.192003815,68094.38400763,11.1286500218887
"618","22064153B5639303990614",2,140.604409786071,281.208819572142,5.63909752349923
"619","22064153B56407070841201",1,22216.6840579422,22216.6840579422,10.0085988197415
"620","22064153B56453933156729",1,76165.6726748262,76165.6726748262,11.240666150342
"621","22064153B56504445725691",1,133518.49517841,133518.49517841,11.8019952878888
"622","22064153B56558553348528",2,9989.10803094645,19978.2160618929,9.90239776202475
"623","22064153B56566020119712",1,3226.48338215025,3226.48338215025,8.07914808693655
"624","22064153B56572969434164",2,40182.1912294144,80364.3824588288,11.2943263527683
"625","22064153B56867511813359",1,74223.5350537823,74223.5350537823,11.2148365628765
"626","22064153B56887254979091",1,52867.3456324363,52867.3456324363,10.8755411424166
"627","22064153B56938477027476",1,9510.1196483378,9510.1196483378,9.16011173677867
"628","22064153B56972160606638",1,2261.40795063944,2261.40795063944,7.72374288529909
"629","22064153B56990836800595",1,201726.124921776,201726.124921776,12.2146662392126
"630","22064153B57190407441885",1,7504.56376208795,7504.56376208795,8.92326661607409
"631","22064153B5719123813817",1,133410.54783259,133410.54783259,11.8011864785477
"632","22064153B5740427837712",2,117905.60380291,235811.20760582,12.3707867960908
"633","22064153B57425006507818",1,1507695.14140239,1507695.14140239,14.226092646239
"634","22064153B57479664595133",2,73801.9944346763,147603.988869353,11.9022882156435
"635","22064153B57554253448105",3,1536.27029064322,4608.81087192966,8.43572515736559
"636","22064153B57637751083346",1,1721.96099962341,1721.96099962341,7.45121903642888
"637","22064153B57698371148493",1,6986.83677961162,6986.83677961162,8.85178319769731
"638","22064153B57801992155462",1,315143.54438462,315143.54438462,12.6607835104688
"639","22064153B57896694451609",2,45941.7584583946,91883.5169167892,11.4282769333538
"640","22064153B57923514267215",1,6164.5486478013,6164.5486478013,8.72657020088284
"641","22064153B58180962451731",1,156868.821633891,156868.821633891,11.9631652040855
"642","22064153B5819975327596",1,15541.3428852497,15541.3428852497,9.65125903494033
"643","22064153B58215996136290",1,456359.388339603,456359.388339603,13.031035910407
"644","22064153B58231040039933",1,25741.9524178439,25741.9524178439,10.1558773297826
"645","22064153B58298111838793",2,104306.282378316,208612.564756632,12.2482340534675
"646","22064153B58377090478857",1,63942.1566102596,63942.1566102596,11.065734150701
"647","22064153B58412342930538",1,119443.42847926,119443.42847926,11.6905981364165
"648","22064153B58604351029537",1,5513.40615349042,5513.40615349042,8.61493788783149
"649","22064153B58761955320799",1,16409.5667340985,16409.5667340985,9.70561978118217
"650","22064153B5894955463903",1,16750.5268906737,16750.5268906737,9.7261849929181
"651","22064153B59005328689415",1,271435.728476626,271435.728476626,12.5114806628055
"652","22064153B5950324807443",1,76021.9618854411,76021.9618854411,11.2387775497009
"653","22064153B5983137694741",1,75121.3193498113,75121.3193498113,11.2268596769576
"654","22064153B59967033318464",1,850.401100369874,850.401100369874,6.74570812097078
"655","22064153B59992096453849",2,1328.14694612347,2656.29389224694,7.88468715667623
"656","22064153B60097307902017",1,56791.7395514976,56791.7395514976,10.9471461637018
"657","22064153B60289676551693",1,2463.93884262785,2463.93884262785,7.80951650398331
"658","22064153B60305206630690",1,110818.812889253,110818.812889253,11.6156518303016
"659","22064153B60310534251699",1,9123.9312719749,9123.9312719749,9.11865605071204
"660","22064153B60374785593421",1,74558.1654769587,74558.1654769587,11.2193348444022
"661","22064153B60376459146870",2,1233.08605353153,2466.17210706306,7.81042247328532
"662","22064153B60457138296150",2,132222.706771298,264445.413542596,12.4853901329616
"663","22064153B60540012238661",1,62517.9988067575,62517.9988067575,11.0432097751741
"664","22064153B60548593458523",1,207051.298132162,207051.298132162,12.2407218586095
"665","22064153B60558378980420",1,NA,NA,NA
"666","22064153B61048147512310",1,49459.8921116644,49459.8921116644,10.808917359748
"667","22064153B61213319374873",1,5407.08109275091,5407.08109275091,8.59546468700413
"668","22064153B61406224805517",2,74441.6664113169,148883.332822634,11.9109182770317
"669","22064153B61544198291555",2,7668.26915885294,15336.5383177059,9.63799338568128
"670","22064153B61546956948147",1,11098.2020931952,11098.2020931952,9.31453840059527
"671","22064153B61853178733261",2,33814.3504010037,67628.7008020074,11.1217877400046
"672","22064153B61865595964656",1,20213.7913104631,20213.7913104631,9.91412038857138
"673","22064153B61872750237581",1,9469.9090315152,9469.9090315152,9.15587458016938
"674","22064153B62217916410467",1,17617.4480111544,17617.4480111544,9.77664505421935
"675","22064153B62287563607588",2,14209.8611736153,28419.7223472306,10.2548386319774
"676","22064153B62305916302195",1,15955.0107536776,15955.0107536776,9.67752821271259
"677","22064153B62697525642711",2,10798.4190500156,21596.8381000312,9.98030219869922
"678","22064153B62717634643612",2,31836.6798083081,63673.3596166162,11.0615215377037
"679","22064153B62984102005508",1,15534.0304958001,15534.0304958001,9.65078841214234
"680","22064153B63121572566835",1,39310.9995343976,39310.9995343976,10.5792596450679
"681","22064153B63261606012237",1,51429.3970024017,51429.3970024017,10.8479652140726
"682","22064153B63372535615325",2,86739.1535469558,173478.307093912,12.063807839393
"683","22064153B63454017875441",1,17468.5006205886,17468.5006205886,9.76815457349113
"684","22064153B6350784980137",1,617621.615879877,617621.615879877,13.3336312768857
"685","22064153B63829453739833",1,NA,NA,NA
"686","22064153B63835909795908",1,189544.641188738,189544.641188738,12.1523798493169
"687","22064153B63858884041047",1,332861.548300339,332861.548300339,12.7154819116361
"688","22064153B63881976764969",1,58878.7034890325,58878.7034890325,10.9832347336126
"689","22064153B64007643487677",1,19566.1970497329,19566.1970497329,9.88155871599461
"690","22064153B64118294616923",2,49638.8186452419,99277.6372904838,11.5056756211513
"691","22064153B64380847796562",1,45707.7489482531,45707.7489482531,10.7300231237393
"692","22064153B64476610605868",1,114247.100751202,114247.100751202,11.6461189320774
"693","22064153B64477662388202",1,15787.1053250034,15787.1053250034,9.66694876713824
"694","22064153B64690480836823",1,3245.72397304205,3245.72397304205,8.08509370842736
"695","22064153B64891765792099",1,35297.927762814,35297.927762814,10.4715795375953
"696","22064153B64946776552870",1,54457.3203676431,54457.3203676431,10.9051725613382
"697","22064153B65021908380510",2,19226.3044348318,38452.6088696636,10.5571818235986
"698","22064153B65083387274460",2,29607.7397630142,59215.4795260284,10.9889382651728
"699","22064153B6523383930027",1,132890.877434236,132890.877434236,11.7972836000145
"700","22064153B65236790677801",1,175986.91326944,175986.91326944,12.0781649148321
"701","22064153B65355185007631",2,1215.3837462804,2430.7674925608,7.79596232702746
"702","22064153B65367495834859",1,60439.5980672515,60439.5980672515,11.0093997662529
"703","22064153B65398665506308",1,142812.454012035,142812.454012035,11.8692875380542
"704","22064153B65405257462177",1,35476.3825120381,35476.3825120381,10.4766224727146
"705","22064153B65475311637837",1,21711.8314134912,21711.8314134912,9.98561261737479
"706","22064153B65650039026669",1,74531.3482296891,74531.3482296891,11.2189750974705
"707","22064153B65721710551900",1,86344.5429456761,86344.5429456761,11.3661008846545
"708","22064153B65800581846028",1,10419.1945385482,10419.1945385482,9.25140501275608
"709","22064153B65910039566541",1,74255.9276366049,74255.9276366049,11.2152728869681
"710","22064153B66002224145568",1,53496.0756609248,53496.0756609248,10.8873635780615
"711","22064153B66021827430595",1,14656.3098388195,14656.3098388195,9.5926262274396
"712","22064153B6613288399563",1,233350.74829524,233350.74829524,12.3602979581234
"713","22064153B66349136174891",1,57586.593976123,57586.593976123,10.9610450761249
"714","22064153B66358962164543",1,147295.250721872,147295.250721872,11.9001943597169
"715","22064153B66595558459060",1,57536.6971659635,57536.6971659635,10.960178234797
"716","22064153B66688444605380",1,9416.12609942191,9416.12609942191,9.1501790408876
"717","22064153B6673459285220",1,45609.1305696331,45609.1305696331,10.727863207249
"718","22064153B6679921489494",1,63545.4448053378,63545.4448053378,11.0595105951396
"719","22064153B66933042170680",1,6878.55365342763,6878.55365342763,8.83616368403456
"720","22064153B670450203879",1,7831.41559052144,7831.41559052144,8.96589856325996
"721","22064153B67052333434032",1,18923.7275742189,18923.7275742189,9.84817184086528
"722","22064153B67053571560742",2,15766.9466269384,31533.8932538768,10.3588182226797
"723","22064153B67091834306400",2,17824.5746985582,35649.1493971164,10.4814805657294
"724","22064153B67150935418865",1,12686.6209399697,12686.6209399697,9.44830324786416
"725","22064153B67163681434847",1,406798.967090462,406798.967090462,12.9160744040443
"726","22064153B67222319597553",1,3256.43999950465,3256.43999950465,8.08838985297552
"727","22064153B67254026374340",1,4196.60344179588,4196.60344179588,8.34203077275939
"728","22064153B67534038156395",1,18857.7808614685,18857.7808614685,9.84468088550358
"729","22064153B67559782883122",1,NA,NA,NA
"730","22064153B67581321748824",2,37620.1745983468,75240.3491966936,11.2284429245086
"731","22064153B67705173205056",1,8057.37231134514,8057.37231134514,8.99434276638378
"732","22064153B67847090482379",1,161298.945764944,161298.945764944,11.9910147282267
"733","22064153B68061345904698",1,332490.307993808,332490.307993808,12.7143659897624
"734","22064153B68257517894213",1,120391.618824735,120391.618824735,11.6985051983437
"735","22064153B6836068570250",2,46688.8252438206,93377.6504876412,11.4444073074421
"736","22064153B68471878713834",1,71197.3516676073,71197.3516676073,11.1732109010286
"737","22064153B68559217227558",1,64412.9033289235,64412.9033289235,11.073069254273
"738","22064153B68664170623687",1,6589.71590456896,6589.71590456896,8.7932655164867
"739","22064153B6874249672824",1,267626.877073431,267626.877073431,12.4973490396868
"740","22064153B68748424992772",1,18695.5799035731,18695.5799035731,9.83604240611029
"741","22064153B68880016704101",1,27087.0182682194,27087.0182682194,10.2068098614029
"742","22064153B68900591559433",1,133675.723675415,133675.723675415,11.8031721734953
"743","22064153B68903426629356",1,35985.5770865284,35985.5770865284,10.4908735006767
"744","22064153B69011593937576",1,110121.417598372,110121.417598372,11.6093388323881
"745","22064153B69084165037525",2,35641.708963119,71283.417926238,11.1744190116999
"746","22064153B69171179667980",1,134105.010741125,134105.010741125,11.8063784342773
"747","22064153B69254860271730",2,71479.2067308476,142958.413461695,11.870309051994
"748","22064153B6927791471577",1,117703.839886905,117703.839886905,11.6759269170739
"749","22064153B69287462629183",1,5466.97709552179,5466.97709552179,8.60648110929811
"750","22064153B69533754697672",1,66889.4222359669,66889.4222359669,11.1107961205504
"751","22064153B6965188213643",2,99605.7463310215,199211.492662043,12.202122316555
"752","22064153B69680253088719",1,63944.0622503866,63944.0622503866,11.0657639528195
"753","22064153B69785759438689",1,141051.240920776,141051.240920776,11.8568785141282
"754","22064153B69836136073733",1,108218.373798398,108218.373798398,11.5919064442718
"755","22064153B70117244890923",1,91673.1853983315,91673.1853983315,11.4259851988885
"756","22064153B70218534764896",2,16388.23317991,32776.46635982,10.3974660478239
"757","22064153B70291693279162",1,57249.1192537459,57249.1192537459,10.9551675370841
"758","22064153B70592042041650",1,31611.5690765106,31611.5690765106,10.3612784425892
"759","22064153B7091731953162",1,NA,NA,NA
"760","22064153B71067186574144",1,235813.318782562,235813.318782562,12.3707957488769
"761","22064153B71223857958688",1,32617.2042645162,32617.2042645162,10.3925951663253
"762","22064153B71281946459031",1,167939.315786715,167939.315786715,12.0313579775761
"763","22064153B71321460612085",3,5433.83675650655,16301.5102695197,9.69901303707444
"764","22064153B71610558779774",1,2051.65728009965,2051.65728009965,7.62640317484639
"765","22064153B71828449311091",2,14587.6819414905,29175.363882981,10.2810799295013
"766","22064153B71985542420847",1,331275.773688375,331275.773688375,12.7107064606169
"767","22064153B72254874224731",1,12696.3449764011,12696.3449764011,9.44906943389137
"768","22064153B72338395356904",2,1288.02809502172,2576.05619004344,7.85401489989141
"769","22064153B72557409137783",2,7166.22111207754,14332.4422241551,9.57028093366714
"770","22064153B72578079325034",1,7806.37382465056,7806.37382465056,8.96269583599315
"771","22064153B72852152827794",1,14860.4062297493,14860.4062297493,9.60645565502793
"772","22064153B7294445238824",1,2171.96249010024,2171.96249010024,7.68338641115343
"773","22064153B73176772627279",1,1637.30555947286,1637.30555947286,7.40080721815233
"774","22064153B73325412364778",1,220900.159967633,220900.159967633,12.3054661135711
"775","22064153B73342944647376",1,16424.3734165408,16424.3734165408,9.70652169446934
"776","22064153B73554949432718",1,146560.233920241,146560.233920241,11.8951917759782
"777","22064153B73558398041144",2,9175.54933677585,18351.0986735517,9.81744472490846
"778","22064153B73592757308242",1,25490.1164481585,25490.1164481585,10.1460460657457
"779","22064153B73719790331249",1,527397.804316485,527397.804316485,13.1757103896702
"780","22064153B73742017137533",1,358209.451356504,358209.451356504,12.7888731539572
"781","22064153B73925612476824",1,5080.30456381846,5080.30456381846,8.53312649228296
"782","22064153B74315697961644",1,161775.85690211,161775.85690211,11.9939670567874
"783","22064153B74370220833750",1,7694.81923798376,7694.81923798376,8.94830255515675
"784","22064153B74407470913412",1,24342.7161081602,24342.7161081602,10.0999879506264
"785","22064153B74511540229227",1,NA,NA,NA
"786","22064153B74575036682421",1,70531.0731069093,70531.0731069093,11.1638086449867
"787","22064153B74601702876653",1,45716.9755439775,45716.9755439775,10.7302249640141
"788","22064153B7471955547521",1,288083.584270519,288083.584270519,12.571005940173
"789","22064153B74721517788558",1,11499.8438642573,11499.8438642573,9.35008873723807
"790","22064153B74767559861858",1,22203.4040225911,22203.4040225911,10.0080008904568
"791","22064153B74794903489103",1,10955.4735416207,10955.4735416207,9.30159447716752
"792","22064153B74828925689931",1,2055.00670654083,2055.00670654083,7.62803439044853
"793","22064153B74936950050526",1,9766.0261331895,9766.0261331895,9.18666492055387
"794","22064153B75099650397757",1,40015.22582584,40015.22582584,10.5970153063149
"795","22064153B75135560754886",1,27515.1496117643,27515.1496117643,10.222492026941
"796","22064153B75208844196005",2,8958.08315833312,17916.1663166662,9.7934587304202
"797","22064153B75299838191887",1,371369.800946314,371369.800946314,12.8249536131955
"798","22064153B75384634569664",1,1989.44394337951,1989.44394337951,7.59561045323454
"799","22064153B75480988210132",1,128221.081207551,128221.081207551,11.7615112499464
"800","22064153B75558973119201",2,354764.042806612,709528.085613224,13.4723553598773
"801","22064153B75602465401170",1,5209.8945287854,5209.8945287854,8.55831489054738
"802","22064153B75952557144029",1,28988.4712441938,28988.4712441938,10.2746534866237
"803","22064153B76361063206417",1,16792.8589435901,16792.8589435901,9.72870901214497
"804","22064153B76436938350922",1,32507.3812722002,32507.3812722002,10.3892224585986
"805","22064153B76452428536918",1,32983.8059064559,32983.8059064559,10.4037719898938
"806","22064153B76574269122529",1,10786.6568655185,10786.6568655185,9.28606517386841
"807","22064153B76675545591158",1,92501.0775339911,92501.0775339911,11.4349755724488
"808","22064153B76687235436591",2,64961.618712229,129923.237424458,11.7746990736846
"809","22064153B76748152087135",2,11524.6662178804,23049.3324357608,10.0453920864332
"810","22064153B7677868990473",1,117217.482977573,117217.482977573,11.6717863171636
"811","22064153B76782638383014",1,5570.15091080984,5570.15091080984,8.62517742605697
"812","22064153B76952907325958",1,44045.9604836327,44045.9604836327,10.6929889241771
"813","22064153B77062639046888",1,4220.37082882531,4220.37082882531,8.34767827729857
"814","22064153B77103081434651",2,7360.46782709821,14720.9356541964,9.59702595372723
"815","22064153B77106068491412",1,317390.776466621,317390.776466621,12.6678890270007
"816","22064153B77183996290647",2,25795.4306701235,51590.861340247,10.8510998299754
"817","22064153B77526521533443",1,21737.3410787147,21737.3410787147,9.98678684770837
"818","22064153B7763811650899",2,90957.6076073762,181915.215214752,12.1112960070485
"819","22064153B78137445159293",1,19612.1098005018,19612.1098005018,9.88390250139413
"820","22064153B78193536381763",2,1165.65354652513,2331.30709305026,7.75418437340871
"821","22064153B78285272623950",2,6736.83183866042,13473.6636773208,9.50849222034525
"822","22064153B78317231790134",1,31219.3715084123,31219.3715084123,10.3487940628102
"823","22064153B78382308499165",1,44964.1319673792,44964.1319673792,10.7136203835338
"824","22064153B7839934707198",1,80598.275655684,80598.275655684,11.2972325344158
"825","22064153B78492538655391",1,8770.78990891299,8770.78990891299,9.07918215074158
"826","22064153B78612612069149",1,2528.08284362231,2528.08284362231,7.83521652515003
"827","22064153B78632499037431",1,80723.7504029118,80723.7504029118,11.2987881158277
"828","22064153B78992229918305",2,9421.0522721346,18842.1045442692,9.84384924806309
"829","22064153B79045995074029",1,79639.7709134089,79639.7709134089,11.2852688816472
"830","22064153B79170440452296",1,7981.14898466395,7981.14898466395,8.98483766311989
"831","22064153B79363581484531",1,7288.84654956484,7288.84654956484,8.89410058883036
"832","22064153B79429110732098",1,47533.9754972749,47533.9754972749,10.7692000079633
"833","22064153B79488910412367",1,NA,NA,NA
"834","22064153B79593541155568",1,35549.6505819874,35549.6505819874,10.4786856062657
"835","22064153B79599851642878",1,67453.4680623157,67453.4680623157,11.1191932771016
"836","22064153B79630920379478",2,60802.4099061983,121604.819812397,11.7085318843438
"837","22064153B79650181437953",1,5975.29539233769,5975.29539233769,8.69538881362584
"838","22064153B79836169988029",1,78016.8174643532,78016.8174643532,11.2646796909489
"839","22064153B79919938369804",1,77400.7657953772,77400.7657953772,11.256751953526
"840","22064153B80081213273756",1,4253.78990697092,4253.78990697092,8.35556560736874
"841","22064153B80132847299853",1,42834.0984845834,42834.0984845834,10.6650897579431
"842","22064153B80196181684705",1,471855.106572074,471855.106572074,13.0644272398389
"843","22064153B80333600461310",1,19284.0409725645,19284.0409725645,9.86703314021546
"844","22064153B8056767142775",1,26054.4081016834,26054.4081016834,10.1679422498212
"845","22064153B80567954984898",1,64366.7691234867,64366.7691234867,11.0723527715155
"846","22064153B80619084323236",2,393489.595957893,786979.191915786,13.5759570872988
"847","22064153B80640640435871",1,1410.23178764562,1410.23178764562,7.25150935826307
"848","22064153B80730466782396",1,2494.14059038595,2494.14059038595,7.82169949609702
"849","22064153B8093767218470",2,3407.67190495538,6815.34380991076,8.82693179185457
"850","22064153B81057246302511",1,13140.6981515102,13140.6981515102,9.48346942240115
"851","22064153B81121179767320",1,2173109.93298159,2173109.93298159,14.5916698483784
"852","22064153B81163718541362",2,44094.7934414976,88189.5868829952,11.3872441724739
"853","22064153B81183812222249",1,NA,NA,NA
"854","22064153B81263079942066",1,178400.836677689,178400.836677689,12.0917881890144
"855","22064153B81276903927902",2,163211.879653862,326423.759307724,12.6959516914196
"856","22064153B81529275129859",1,79128.4951657005,79128.4951657005,11.2788283311812
"857","22064153B81595625097237",2,15729.6169416625,31459.233883325,10.3564478242282
"858","22064153B81790310991737",2,5907.58799472745,11815.1759894549,9.37714008493579
"859","22064153B81931446357320",1,46177.4766514209,46177.4766514209,10.7402474398266
"860","22064153B81972245228619",1,13688.554328718,13688.554328718,9.52431531217444
"861","22064153B81991171753056",1,7062.62299017312,7062.62299017312,8.86257178984085
"862","22064153B82009101284809",1,167573.450987939,167573.450987939,12.0291770474892
"863","22064153B82025029560168",1,19359.3549454224,19359.3549454224,9.87093104134069
"864","22064153B82071564709193",1,104775.457362559,104775.457362559,11.5595748379716
"865","22064153B82107167810847",2,43128.8497780899,86257.6995561798,11.3650946011258
"866","22064153B82319600160004",1,112744.52306093,112744.52306093,11.6328796802288
"867","22064153B82448443514501",1,1588.79367073352,1588.79367073352,7.37073030960568
"868","22064153B82506873251112",1,10797.453236322,10797.453236322,9.28706557385275
"869","22064153B825337930111",2,39827.5675805528,79655.1351611056,11.285461784837
"870","22064153B82556228504312",1,53522.5971280134,53522.5971280134,10.8878592199329
"871","22064153B82580623809132",2,74221.3992930412,148442.798586082,11.9079549683118
"872","22064153B82909244627441",1,3172.34162316465,3172.34162316465,8.0622252765661
"873","22064153B82911662838779",2,5314.10713217475,10628.2142643495,9.27126746704057
"874","22064153B83223852380108",1,19146.3152888495,19146.3152888495,9.8598655629801
"875","22064153B83233320380459",1,NA,NA,NA
"876","22064153B8325167179900",1,5172.12297327269,5172.12297327269,8.55103851634395
"877","22064153B833454751178",3,3287.6755886611,9863.0267659833,9.19654837472739
"878","22064153B83824745407144",1,7345.3706735748,7345.3706735748,8.90182555344418
"879","22064153B84142752258378",1,11550.3613016767,11550.3613016767,9.35447199699113
"880","22064153B841709119109",1,13029.7916125884,13029.7916125884,9.47499367709679
"881","22064153B84219767946861",1,8611.19409116818,8611.19409116818,9.06081827435251
"882","22064153B84222059971345",1,22114.7214425495,22114.7214425495,10.0039987943628
"883","22064153B8428470598874",1,6801.8802695702,6801.8802695702,8.8249543631732
"884","22064153B84489488181314",1,21728.6998146363,21728.6998146363,9.9863892378035
"885","22064153B84575638248633",1,86767.7324569089,86767.7324569089,11.3709900856457
"886","22064153B8461855353098",1,1166.28597960994,1166.28597960994,7.06157960236945
"887","22064153B84652164446594",1,NA,NA,NA
"888","22064153B84684358535824",1,55844.1494780267,55844.1494780267,10.930320044812
"889","22064153B84687278012023",2,128048.091787769,256096.183575538,12.4533083699897
"890","22064153B85000886785239",2,52047.7457752224,104095.491550445,11.5530639448318
"891","22064153B85234359484130",2,6005.68344130455,12011.3668826091,9.39360872063865
"892","22064153B85252336705750",2,39229.7292481875,78459.458496375,11.2703373180876
"893","22064153B85437171259684",1,360287.597214777,360287.597214777,12.7946578726488
"894","22064153B85623167351933",2,46433.3699188709,92866.7398377418,11.4389208395748
"895","22064153B8564356760578",1,24959.3629810382,24959.3629810382,10.1250043005647
"896","22064153B85719531819289",2,41456.0306014023,82912.0612028046,11.3255358215274
"897","22064153B85897991709250",1,185265.746998814,185265.746998814,12.1295465435879
"898","22064153B85931137925845",1,98425.493766941,98425.493766941,11.4970551324815
"899","22064153B85947434617393",2,337637.808087179,675275.616174358,13.4228762067729
"900","22064153B86012482981038",1,72663.942687718,72663.942687718,11.1936005664517
"901","22064153B86211377030233",2,80191.1648542346,160382.329708469,11.9853158044338
"902","22064153B86338272521773",1,27788.6893892332,27788.6893892332,10.2323843603878
"903","22064153B86353051825362",1,55034.8699590955,55034.8699590955,10.9157222625783
"904","22064153B86372044923469",1,6432.2457817431,6432.2457817431,8.76907902246441
"905","22064153B86521976602525",3,51650.8154493296,154952.446347989,11.9508735510744
"906","22064153B86629940764584",1,168600.026557541,168600.026557541,12.0352844820679
"907","22064153B8665907160310",1,11593.713250015,11593.713250015,9.3582182689748
"908","22064153B86683000647841",2,13071.4403569093,26142.8807138186,10.1713321843893
"909","22064153B86821614203557",1,8919.91762225371,8919.91762225371,9.09604199035806
"910","22064153B86856131608768",1,97666.2782726083,97666.2782726083,11.4893116225922
"911","22064153B87072224192540",1,76680.2052276487,76680.2052276487,11.2473988735729
"912","22064153B87137159672256",2,13444.3195702696,26888.6391405392,10.1994591395977
"913","22064153B87269269919659",1,138969.192857804,138969.192857804,11.8420075534318
"914","22064153B87559658215683",1,361002.982241189,361002.982241189,12.7966414983368
"915","22064153B87658218657394",2,4369.91965064767,8739.83930129534,9.07564708190107
"916","22064153B87793948617144",2,13516.5716861863,27033.1433723726,10.2048189244948
"917","22064153B87894076500012",1,1939.13803256198,1939.13803256198,7.56999884020867
"918","22064153B87971980709236",2,39650.8938672214,79301.7877344428,11.2810159513088
"919","22064153B88045540539043",1,119468.368331297,119468.368331297,11.6908069151579
"920","22064153B88194855037275",1,4350.45630779782,4350.45630779782,8.37803601692561
"921","22064153B88328488927062",1,41817.774634495,41817.774634495,10.6410767586183
"922","22064153B88453450748284",1,34160.3328195149,34160.3328195149,10.4388203908151
"923","22064153B88498953220491",1,6064.11443941176,6064.11443941176,8.71014379907879
"924","22064153B88577614993358",1,220360.266084251,220360.266084251,12.3030190590839
"925","22064153B88833417807281",1,3300.31559105126,3300.31559105126,8.10177337653386
"926","22064153B88871529927936",2,108755.599305625,217511.19861125,12.2900056160532
"927","22064153B88888028347521",1,318088.685689792,318088.685689792,12.6700855086978
"928","22064153B88946393629550",1,168832.130714294,168832.130714294,12.0366601908636
"929","22064153B88983601589874",2,111436.017625084,222872.035250168,12.3143530527782
"930","22064153B89149578572225",1,168493.396958493,168493.396958493,12.0346518408168
"931","22064153B89218276356736",1,6453.69114187639,6453.69114187639,8.77240751616411
"932","22064153B89292621442465",1,13126.6805086883,13126.6805086883,9.48240211802077
"933","22064153B89417284310535",1,7335.87412832176,7335.87412832176,8.90053185570864
"934","22064153B89943083958801",1,357312.902281847,357312.902281847,12.7863671538601
"935","22064153B90058188171402",1,62900.950649781,62900.950649781,11.0493165562433
"936","22064153B90377794213847",1,19815.0693035263,19815.0693035263,9.89419800314687
"937","22064153B90465324055614",1,5716.7640515294,5716.7640515294,8.65115819903383
"938","22064153B90488906209418",1,18895.0337476577,18895.0337476577,9.84665440184485
"939","22064153B90614639681244",1,200342.335239556,200342.335239556,12.2077828584798
"940","22064153B9064679601577",1,53369.9695735383,53369.9695735383,10.8850034992236
"941","22064153B90768154691941",1,1285577.45348555,1285577.45348555,14.0667185555148
"942","22064153B90786052299666",1,64441.0142042704,64441.0142042704,11.073505575905
"943","22064153B90835968382747",1,96032.8722178931,96032.8722178931,11.4724458307744
"944","22064153B91116498936181",1,11039.3396597691,11039.3396597691,9.30922050461548
"945","22064153B91381447128129",1,6396.98999519184,6396.98999519184,8.76358284546452
"946","22064153B91415931669835",2,94815.8192477586,189631.638495517,12.152838724584
"947","22064153B91429451718848",1,69715.0631481905,69715.0631481905,11.1521716874336
"948","22064153B91537954314769",1,53402.673701169,53402.673701169,10.8856160930051
"949","22064153B91609112527858",2,5639.32332146264,11278.6466429253,9.33066653938999
"950","22064153B91617146751331",1,13570.3930305449,13570.3930305449,9.51564571560366
"951","22064153B91785979325065",2,65608.6167631563,131217.233526313,11.784609499963
"952","22064153B92028221048613",1,3669.00566217721,3669.00566217721,8.20767596760217
"953","22064153B92040031890076",1,36337.9456796854,36337.9456796854,10.5006178097987
"954","22064153B92307181763302",1,11334.350430883,11334.350430883,9.33559325480489
"955","22064153B92335026142603",1,9601.44658683152,9601.44658683152,9.1696690522322
"956","22064153B92410380662275",1,59534.8526694586,59534.8526694586,10.9943171791944
"957","22064153B92569175059493",1,514097.332720778,514097.332720778,13.1501678897803
"958","22064153B92578420514531",2,46944.4496416787,93888.8992833574,11.4498674397134
"959","22064153B92836462541903",1,182611.745703643,182611.745703643,12.1151175698478
"960","22064153B93078615339227",1,29348.5161619506,29348.5161619506,10.2869972673155
"961","22064153B93482560698592",1,166863.74142939,166863.74142939,12.0249328387708
"962","22064153B93596873224412",2,9460.02095228868,18920.0419045774,9.84797705743309
"963","22064153B93622399148332",1,NA,NA,NA
"964","22064153B93672474053317",1,80525.8831096659,80525.8831096659,11.2963339410398
"965","22064153B93848225384544",1,1093.92146863741,1093.92146863741,6.99752419671012
"966","22064153B93879560819561",1,83309.5974010944,83309.5974010944,11.3303190364173
"967","22064153B94090813781135",2,60379.0521408778,120758.104281756,11.7015446854676
"968","22064153B94139662375640",1,26830.9809929875,26830.9809929875,10.1973125060381
"969","22064153B94269242958702",1,1746.97283669241,1746.97283669241,7.46563976146848
"970","22064153B94546008893",3,2302.6400039793,6907.9200119379,8.84042386015175
"971","22064153B9474359651692",1,249260.525721044,249260.525721044,12.4262539165053
"972","22064153B94848562576718",2,77516.7646397,155033.5292794,11.9513966904396
"973","22064153B95018112275614",1,784418.303008675,784418.303008675,13.5726977068014
"974","22064153B95037722693010",1,112599.792032143,112599.792032143,11.6315951477246
"975","22064153B95388461124704",1,52352.8729340493,52352.8729340493,10.8657620941443
"976","22064153B95595404063006",2,22354.017725325,44708.03545065,10.7079085284427
"977","22064153B95599373690567",1,36706.9735569417,36706.9735569417,10.5107220311676
"978","22064153B95660884775900",1,59199.5914916202,59199.5914916202,10.9886699203689
"979","22064153B95692403593429",2,13001.7602525903,26003.5205051806,10.1659872118827
"980","22064153B95784348499714",2,1248.37181935158,2496.74363870316,7.82274261728908
"981","22064153B9578504350076",1,24208.0299597296,24208.0299597296,10.0944396736236
"982","22064153B96065256406270",2,171652.360669105,343304.72133821,12.746373732157
"983","22064153B96177150781440",1,43258.9655645528,43258.9655645528,10.6749597871674
"984","22064153B96273885694547",1,1605.97175809116,1605.97175809116,7.38148430910374
"985","22064153B96374809115220",1,84478.4603542002,84478.4603542002,11.3442518738001
"986","22064153B96463446975181",2,713.311990265507,1426.62398053101,7.26306607927157
"987","22064153B96670024597495",2,9474.26797480765,18948.5359496153,9.84948194893047
"988","22064153B96726599318937",1,144237.545354689,144237.545354689,11.8792168399474
"989","22064153B96832433526360",1,36019.1342585094,36019.1342585094,10.4918055834192
"990","22064153B96866391217201",2,576.421105944883,1152.84221188977,7.049985660852
"991","22064153B96973201528361",1,15305.8835864933,15305.8835864933,9.63599258159766
"992","22064153B96974896989466",1,3061.22037182965,3061.22037182965,8.02656892976455
"993","22064153B97059212130214",1,9157.27704437802,9157.27704437802,9.12230414757832
"994","22064153B97070168127410",1,7270.28502583575,7270.28502583575,8.89155077551361
"995","22064153B97335356497134",1,40269.110384158,40269.110384158,10.6033399623216
"996","22064153B9735702870104",1,7749.2934860424,7749.2934860424,8.95535695510048
"997","22064153B97499384846726",1,10576.1558285334,10576.1558285334,9.26635729614833
"998","22064153B97523791840920",1,21648.6300780529,21648.6300780529,9.98269745558812
"999","22064153B9766515498802",2,11120.5854751616,22241.1709503232,10.0097003976226
"1000","22064153B97866090466841",1,103779.524179532,103779.524179532,11.5500239680156
"1001","22064153B97971723277655",1,43085.2024573474,43085.2024573474,10.6709348866845
"1002","22064153B98039049640163",2,22540.7210045993,45081.4420091986,10.7162259554238
"1003","22064153B98195258641844",1,4241.62609177557,4241.62609177557,8.35270198691521
"1004","22064153B98376857578372",2,169944.447415868,339888.894831736,12.7363740632815
"1005","22064153B98470521776341",1,36558.3122166702,36558.3122166702,10.5066638597506
"1006","22064153B98586949773081",3,7325.47361830394,21976.4208549118,9.99772537825209
"1007","22064153B98590992450461",2,593297.683127283,1186595.36625457,13.986598727738
"1008","22064153B98871481609914",1,25961.1049813679,25961.1049813679,10.1643547346798
"1009","22064153B98906825445383",1,7298.63623361286,7298.63623361286,8.89544279237065
"1010","22064153B990494098117",2,296417.562865598,592835.125731196,13.2926716051411
"1011","22064153B99270011132036",1,59093.2706657417,59093.2706657417,10.9868723333874
"1012","22064153B99534934631305",1,27130.5289542359,27130.5289542359,10.208414902486
"1013","22064153B99641769976782",1,12576.2709944629,12576.2709944629,9.43956706297872
"1014","22064153B99767339475906",2,14905.6256583606,29811.2513167212,10.3026411621991
"1015","22064153B99823885045557",1,5796.17570060404,5796.17570060404,8.66495361709499
"1016","22064153B99857415229909",2,17332.2404558776,34664.4809117552,10.4534708368452
"1017","22064153B99919647628025",1,453354.092623514,453354.092623514,13.0244287605475
"1018","22746128B16651418017337",1,495705.954577539,495705.954577539,13.1137381963988
"1019","22746128B62804497316712",1,186563.123124943,186563.123124943,12.1365249225967
"1020","25037944B17338277063313",1,123.457950159732,123.457950159732,4.81590061355343
"1021","25037944B80645640934935",1,5342.60672232592,5342.60672232592,8.58346896309597
"1022","25037944B95382354250521",1,1017.32681212809,1017.32681212809,6.9249336936188
"1023","2640588B17162343229623",1,1821200.09638722,1821200.09638722,14.4150062353679
"1024","2640588B21218366338371",1,423344.600443088,423344.600443088,12.9559417846324
"1025","2640588B23864872837062",4,14218.2178113561,56872.8712454244,10.9485737269009
"1026","2640588B24165862747597",1,80255.1778075044,80255.1778075044,11.2929665598767
"1027","2640588B32523752073662",1,413221.984832222,413221.984832222,12.9317402210857
"1028","2640588B33083527354868",1,951161.549349921,951161.549349921,13.7654392002342
"1029","2640588B34459645926333",1,632880.916422183,632880.916422183,13.3580375577131
"1030","2640588B45258001695711",1,486530.173840308,486530.173840308,13.0950542009671
"1031","2640588B90196487973168",1,337555.17220329,337555.17220329,12.7294842491294
"1032","27666195B11241379941292",1,38901.2265028978,38901.2265028978,10.568781058747
"1033","27666195B12686081930969",1,6195.99896302183,6195.99896302183,8.73165903417423
"1034","27666195B12880656557631",1,12559.2205051292,12559.2205051292,9.43821037640275
"1035","27666195B1306465468635",1,21855.6433439338,21855.6433439338,9.99221444378632
"1036","27666195B13660887224612",1,10130.7451219561,10130.7451219561,9.22333015050565
"1037","27666195B16497975413079",1,2923.25346405184,2923.25346405184,7.98045247501993
"1038","27666195B1726460774022",1,166312.325439549,166312.325439549,12.0216227781264
"1039","27666195B17830621331766",1,20918.9296862451,20918.9296862451,9.94840975464465
"1040","27666195B20976347050961",1,41691.0976646024,41691.0976646024,10.6380428997343
"1041","27666195B22106740094375",1,19320.2408096874,19320.2408096874,9.86890857195836
"1042","27666195B22880782572265",1,10719.857050243,10719.857050243,9.27985309967049
"1043","27666195B24019943465841",1,18982.2659419754,18982.2659419754,9.85126045081121
"1044","27666195B25086521151184",1,88410.9199374819,88410.9199374819,11.3897507697012
"1045","27666195B27779659720993",1,32271.2379035222,32271.2379035222,10.3819316451259
"1046","27666195B2783617949739",1,31606.7123651653,31606.7123651653,10.3611247936369
"1047","27666195B29134923600773",1,26195.0782051601,26195.0782051601,10.1733268173374
"1048","27666195B30019857874789",1,16413.1208519238,16413.1208519238,9.7058363458879
"1049","27666195B30534967485029",1,17287.7909070753,17287.7909070753,9.75775580342798
"1050","27666195B31402086681403",1,39331.6661295599,39331.6661295599,10.5797852273447
"1051","27666195B32287838652437",1,5957.80393855688,5957.80393855688,8.69245722547378
"1052","27666195B34299357047893",1,25127.7509966284,25127.7509966284,10.1317281317706
"1053","27666195B37116409669852",1,5271.74119274219,5271.74119274219,8.57011598407108
"1054","27666195B38540325718950",1,20471.0473368533,20471.0473368533,9.92676684182392
"1055","27666195B3977655085649",1,31622.7379173235,31622.7379173235,10.3616316951656
"1056","27666195B40809128774202",1,13869.653169629,13869.653169629,9.53745850720163
"1057","27666195B4235748458284",1,9753.36212832181,9753.36212832181,9.18536733822446
"1058","27666195B42436933929514",1,49430.1011787199,49430.1011787199,10.8083148532081
"1059","27666195B43744954115993",1,6422.97046849135,6422.97046849135,8.76763597947225
"1060","27666195B44112403281075",1,14454.4272761985,14454.4272761985,9.5787560325101
"1061","27666195B45825573496458",1,17996.9448801019,17996.9448801019,9.7979572935895
"1062","27666195B460141259069",1,12677.2271123738,12677.2271123738,9.44756252208738
"1063","27666195B48928402740143",1,22425.6723667022,22425.6723667022,10.0179616693851
"1064","27666195B52553444667575",1,5923.33574833374,5923.33574833374,8.6866550401902
"1065","27666195B5309691152519",1,25028.5114777786,25028.5114777786,10.127770913132
"1066","27666195B5560017961245",1,4437.13787552407,4437.13787552407,8.39776482493806
"1067","27666195B55788691524887",1,88952.7057596948,88952.7057596948,11.3958601115149
"1068","27666195B56820248384798",1,144016.162936847,144016.162936847,11.8776808148764
"1069","27666195B57789341600381",1,14931.3779113339,14931.3779113339,9.61122017772366
"1070","27666195B58138028057911",1,33543.3628711119,33543.3628711119,10.4205942948445
"1071","27666195B61075928676863",1,19143.9200207614,19143.9200207614,9.85974045180897
"1072","27666195B61672641857391",1,22717.0827667998,22717.0827667998,10.0308724652426
"1073","27666195B62278865875513",1,8992.67496921325,8992.67496921325,9.10416563261855
"1074","27666195B63359869130293",1,5668.96776270136,5668.96776270136,8.64276232771462
"1075","27666195B65366922355243",1,36012.4853432295,36012.4853432295,10.4916209724015
"1076","27666195B66203278575702",1,2422.99064848676,2422.99064848676,7.79275786133188
"1077","27666195B68227571253463",1,5122.26969104362,5122.26969104362,8.54135291883752
"1078","27666195B68412156052956",1,13513.0294679738,13513.0294679738,9.51140964474864
"1079","27666195B71161947465594",1,99195.5796255686,99195.5796255686,11.504848732054
"1080","27666195B73111216600935",1,8102.48826544474,8102.48826544474,8.99992648675112
"1081","27666195B76095936312839",1,4937.08280655622,4937.08280655622,8.5045299107648
"1082","27666195B7809661399251",1,596080.505484754,596080.505484754,13.2981310132422
"1083","27666195B79582673708274",1,105248.811080193,105248.811080193,11.5640824553306
"1084","27666195B79832367470433",1,11563.3436493593,11563.3436493593,9.35559534342783
"1085","27666195B82036397342560",1,6635.29599269505,6635.29599269505,8.80015855657686
"1086","27666195B83533862193287",1,8250.41657287099,8250.41657287099,9.0180189717353
"1087","27666195B83736805727119",1,8111.46763486077,8111.46763486077,9.00103409681115
"1088","27666195B84597002869459",1,5036.44294384342,5036.44294384342,8.52445534678554
"1089","27666195B84873430448704",1,7007.26238419065,7007.26238419065,8.85470237367925
"1090","27666195B85306984826486",1,10679.1564095856,10679.1564095856,9.27604912152796
"1091","27666195B88846849027409",1,5775.25110592145,5775.25110592145,8.66133701598954
"1092","27666195B93491027211902",1,34821.8386155464,34821.8386155464,10.4580000153614
"1093","27666195B94157421146472",1,64362.1297909309,64362.1297909309,11.0722806924005
"1094","27666195B94434942697031",1,25781.2228548112,25781.2228548112,10.1574017096122
"1095","27666195B94440917052753",1,32880.4829285398,32880.4829285398,10.4006345366699
"1096","27666195B95535378381933",1,28787.5837486662,28787.5837486662,10.2676994533272
"1097","27666195B9619051731773",1,56610.731843486,56610.731843486,10.94395385476
"1098","27666195B96609935857863",1,17695.4733084533,17695.4733084533,9.78106414056839
"1099","27666195B96632165697082",1,11240.4570562077,11240.4570562077,9.32727478598462
"1100","27666195B96940721664513",1,19813.390565612,19813.390565612,9.89411327929332
"1101","27666195B9794587356195",1,180265.763885296,180265.763885296,12.1021875069975
"1102","35162164B10073394870765",1,643.815231844157,643.815231844157,6.46741177786435
"1103","35162164B10269713734613",1,238.154957502246,238.154957502246,5.47292154375179
"1104","35162164B103369510017",1,404.780281027697,404.780281027697,6.0033444039105
"1105","35162164B10401266625964",1,337.989468561664,337.989468561664,5.82301473689601
"1106","35162164B10440863111199",1,20357.92515865,20357.92515865,9.92122555774312
"1107","35162164B10462811723711",1,11566.1827929605,11566.1827929605,9.35584084293017
"1108","35162164B10475764562507",1,177.13954101184,177.13954101184,5.17693778927409
"1109","35162164B10488528933377",1,280.699497186191,280.699497186191,5.63728469208084
"1110","35162164B10585117065466",1,2674.14276470983,2674.14276470983,7.89138414618054
"1111","35162164B10617562274251",1,326.720133102864,326.720133102864,5.78910394236745
"1112","35162164B10651246481512",1,774.32806583757,774.32806583757,6.65199564145872
"1113","35162164B10819971000444",1,1169.89601707451,1169.89601707451,7.06467014954696
"1114","35162164B10830799365035",1,151.797381722286,151.797381722286,5.02254661660649
"1115","35162164B10877240154643",1,3780.32042028152,3780.32042028152,8.23756405229133
"1116","35162164B10896570080574",1,692.820928028911,692.820928028911,6.5407715646859
"1117","35162164B11144501251238",1,1594.86836591476,1594.86836591476,7.37454648260618
"1118","35162164B11166913193037",1,381.108138115034,381.108138115034,5.943083161929
"1119","35162164B11360557013319",1,NA,NA,NA
"1120","35162164B11505770337311",1,8789.36058543593,8789.36058543593,9.08129724462441
"1121","35162164B11517368414750",1,1613.51769177736,1613.51769177736,7.38617197627687
"1122","35162164B1168912161793",1,10519.1525935812,10519.1525935812,9.26095293110627
"1123","35162164B11758798186333",1,8698.66212518352,8698.66212518352,9.07092451410298
"1124","35162164B11946880099707",1,1536.92937165347,1536.92937165347,7.33754179040305
"1125","35162164B1222731303046",1,8529.35850373316,8529.35850373316,9.05126943293709
"1126","35162164B12544962881567",1,1782.09792009008,1782.09792009008,7.48554655606658
"1127","35162164B12647744596162",1,246.70723062706,246.70723062706,5.50820233249802
"1128","35162164B12761059225260",1,238.901069545984,238.901069545984,5.47604953128275
"1129","35162164B12787485199825",1,426.349947644711,426.349947644711,6.0552604823892
"1130","35162164B13018725482272",1,848.58381689848,848.58381689848,6.74356886223342
"1131","35162164B1306870441904",1,793.75613987261,793.75613987261,6.67677628544956
"1132","35162164B13080681802385",1,622.311932641298,622.311932641298,6.43344146645368
"1133","35162164B13082338953427",1,13148.3001988423,13148.3001988423,9.48404776680535
"1134","35162164B130893387664",1,528.380271791548,528.380271791548,6.26981623620467
"1135","35162164B13098404592902",1,1285.16669089722,1285.16669089722,7.15864370945892
"1136","35162164B13121035531136",1,309.242577851444,309.242577851444,5.73412601050421
"1137","35162164B13220887556117",1,1063.54321319355,1063.54321319355,6.96936126681296
"1138","35162164B13235352626667",1,430.409533311188,430.409533311188,6.06473715848886
"1139","35162164B13454318588319",1,1133.20410424317,1133.20410424317,7.03280438976693
"1140","35162164B13535955292285",1,1310.11301019257,1310.11301019257,7.17786867979696
"1141","35162164B13700806796370",1,280.707046022892,280.707046022892,5.63731158466623
"1142","35162164B13736079230506",1,8881.64588729277,8881.64588729277,9.09174216647956
"1143","35162164B13749762397036",1,1665.17858528502,1665.17858528502,7.41768765509221
"1144","35162164B13821553518661",1,1878.70266254401,1878.70266254401,7.53833674449906
"1145","35162164B14186353694037",1,1208.68152759403,1208.68152759403,7.0972853978778
"1146","35162164B14224251746015",1,333.861320015728,333.861320015728,5.8107256972196
"1147","35162164B14247469001779",1,414.946404258385,414.946404258385,6.02814936552525
"1148","35162164B1433837472990",1,1974.23391071038,1974.23391071038,7.58793570877395
"1149","35162164B14493742439580",1,774.220461669207,774.220461669207,6.65185666723011
"1150","35162164B14520492938636",1,13041.0251124451,13041.0251124451,9.47585544530838
"1151","35162164B14631898826694",1,313.873661701456,313.873661701456,5.74899055367402
"1152","35162164B14656063603224",1,8501.09429971698,8501.09429971698,9.04795017533515
"1153","35162164B14729572635571",1,NA,NA,NA
"1154","35162164B14734200252425",1,1236.09549646325,1236.09549646325,7.11971289754376
"1155","35162164B14875369166050",1,897.287051203758,897.287051203758,6.79937582335597
"1156","35162164B15336588909365",1,174.356452195287,174.356452195287,5.16110177957937
"1157","35162164B15393502878039",1,NA,NA,NA
"1158","35162164B15608303769076",1,3261.43522093368,3261.43522093368,8.0899226292985
"1159","35162164B15658417820468",1,NA,NA,NA
"1160","35162164B15686644794557",1,245.40650955148,245.40650955148,5.50291605821464
"1161","35162164B15710553395599",1,5391.34242601201,5391.34242601201,8.59254969152241
"1162","35162164B15850560645002",1,568.948727803588,568.948727803588,6.34379032075796
"1163","35162164B16069825451569",1,966.105298547916,966.105298547916,6.87327283297992
"1164","35162164B16447978201917",1,NA,NA,NA
"1165","35162164B16484391965954",1,2833.10374165936,2833.10374165936,7.94912811817148
"1166","35162164B16799942106005",1,5524.9465874939,5524.9465874939,8.6170288589173
"1167","35162164B1682453304038",1,1147.54304940408,1147.54304940408,7.04537845705155
"1168","35162164B16957839422128",1,529.142957859516,529.142957859516,6.27125863705
"1169","35162164B17022445758631",1,692.767045529179,692.767045529179,6.54069378904006
"1170","35162164B17022796428589",1,NA,NA,NA
"1171","35162164B1707900630918",1,4630.38593241093,4630.38593241093,8.44039549833885
"1172","35162164B17354137205830",1,3618.61216470918,3618.61216470918,8.19384585139636
"1173","35162164B17395280980108",1,450.827000724435,450.827000724435,6.1110836755016
"1174","35162164B17395603055172",1,1102.73877907075,1102.73877907075,7.00555216352702
"1175","35162164B17645323328375",1,2199.93470574237,2199.93470574237,7.69618295969796
"1176","35162164B18081939382744",1,1179.75273435952,1179.75273435952,7.07306014834869
"1177","35162164B18107329513145",1,2848.54468479065,2848.54468479065,7.9545635059277
"1178","35162164B182364481574",1,5970.52419149049,5970.52419149049,8.69459000680184
"1179","35162164B18289340712836",1,23.5590621545762,23.5590621545762,3.15951055130925
"1180","35162164B18436063056106",1,NA,NA,NA
"1181","35162164B18462645016622",1,16490.3322765623,16490.3322765623,9.71052956553634
"1182","35162164B18672968966255",1,1736.10890240389,1736.10890240389,7.45940162505221
"1183","35162164B18988139724424",1,316.130204701722,316.130204701722,5.75615416891698
"1184","35162164B19002910433442",1,403.046132104218,403.046132104218,5.99905102711792
"1185","35162164B19134220719998",1,953.661288339615,953.661288339615,6.86030856473619
"1186","35162164B19135592413232",1,14432.601250205,14432.601250205,9.57724490234128
"1187","35162164B1914566735657",1,127.055021520771,127.055021520771,4.84462023295813
"1188","35162164B19220579289922",1,601.91724957525,601.91724957525,6.40011997668312
"1189","35162164B19249083063273",1,15087.0932008721,15087.0932008721,9.62159490238261
"1190","35162164B19382405183666",1,9898.6760927124,9898.6760927124,9.20015629917144
"1191","35162164B19425469833230",1,275.332586479343,275.332586479343,5.61797977230443
"1192","35162164B19854739890686",1,23019.0011151109,23019.0011151109,10.0440752892888
"1193","35162164B19864553701402",1,2017.38149575429,2017.38149575429,7.60955566025503
"1194","35162164B20234037216973",1,145.614879109323,145.614879109323,4.98096532222628
"1195","35162164B20237498885834",1,1212.5503856815,1212.5503856815,7.10048117714948
"1196","35162164B2046013509646",1,975.940189863846,975.940189863846,6.88340130365814
"1197","35162164B20589291848800",1,504.528426980704,504.528426980704,6.22362418504609
"1198","35162164B20590940352842",1,NA,NA,NA
"1199","35162164B20665201677941",1,10711.0760347084,10711.0760347084,9.27903362848917
"1200","35162164B20700175666909",1,6233.22687306936,6233.22687306936,8.73764943484198
"1201","35162164B20735321288499",1,19400.2957894278,19400.2957894278,9.87304359181291
"1202","35162164B2079151775126",1,1045.47469189402,1045.47469189402,6.95222631187462
"1203","35162164B20802405808987",1,1325.91432175398,1325.91432175398,7.18985755459637
"1204","35162164B20853900805685",1,1628.79800670546,1628.79800670546,7.39559760257443
"1205","35162164B21011442617383",1,1394.52778772509,1394.52778772509,7.24031113352738
"1206","35162164B21667270736466",1,705.96959845078,705.96959845078,6.55957217488161
"1207","35162164B21733796859397",1,5160.68203106342,5160.68203106342,8.54882402630373
"1208","35162164B22116826076314",1,15442.0639609165,15442.0639609165,9.64485049087006
"1209","35162164B22154659439015",1,NA,NA,NA
"1210","35162164B22388149113112",1,2924.21405887406,2924.21405887406,7.9807810257394
"1211","35162164B2242768806126",1,9091.91908362235,9091.91908362235,9.11514128519926
"1212","35162164B22512399474750",1,2471.85076483895,2471.85076483895,7.81272244654445
"1213","35162164B22514799027862",1,1183.08786784643,1183.08786784643,7.07588313666087
"1214","35162164B22597873563843",1,10247.2485458385,10247.2485458385,9.23476451397921
"1215","35162164B22602987441684",1,3496.37661255574,3496.37661255574,8.15948245767691
"1216","35162164B22687194999862",1,1776.76114900045,1776.76114900045,7.48254740662777
"1217","35162164B22901750711962",1,2169.17521714209,2169.17521714209,7.68210229001785
"1218","35162164B2290413152887",1,NA,NA,NA
"1219","35162164B23239115370775",1,531.599163169012,531.599163169012,6.27588975266368
"1220","35162164B23239985864040",1,190.991056225598,190.991056225598,5.25222660090627
"1221","35162164B23385405996925",1,948.625803206049,948.625803206049,6.85501441442926
"1222","35162164B23409895494057",1,1833.66701139684,1833.66701139684,7.51407307220779
"1223","35162164B23546425595788",1,2413.88455030864,2413.88455030864,7.78899257545526
"1224","35162164B23618117428445",1,888.473700135708,888.473700135708,6.78950504685915
"1225","35162164B23669787713896",1,15636.8351453413,15636.8351453413,9.6573846371865
"1226","35162164B23827394250317",1,1355.74066160794,1355.74066160794,7.21210319770773
"1227","35162164B23982900579398",1,1945.78828056934,1945.78828056934,7.57342245958627
"1228","35162164B2401593792892",1,133.726004500389,133.726004500389,4.89579296407644
"1229","35162164B241272526579",1,1727.91708987062,1727.91708987062,7.45467196781396
"1230","35162164B24217242873495",1,327.718143697858,327.718143697858,5.79215392096445
"1231","35162164B24828223630236",1,1046.1057441842,1046.1057441842,6.95282973338158
"1232","35162164B24977696654809",1,5983.8993046762,5983.8993046762,8.69682769208563
"1233","35162164B25229657984831",1,16850.594388191,16850.594388191,9.73214121042191
"1234","35162164B25602656335961",1,652.878731895447,652.878731895447,6.48139140283501
"1235","35162164B25637967928692",1,1104.27319036051,1104.27319036051,7.00694265126179
"1236","35162164B25650133668867",1,124.268336268872,124.268336268872,4.82244322969313
"1237","35162164B25670326150951",1,1226.10620848185,1226.10620848185,7.11159874282706
"1238","35162164B25767436951669",1,1527.87407209005,1527.87407209005,7.33163255277665
"1239","35162164B25826046843734",1,8415.3807038731,8415.3807038731,9.03781634670353
"1240","35162164B25865282512198",1,976.946927596368,976.946927596368,6.88443232876215
"1241","35162164B26172432571373",1,5293.06194162701,5293.06194162701,8.57415217434515
"1242","35162164B26182668769136",1,646.832376453198,646.832376453198,6.47208718280948
"1243","35162164B26370017689795",1,990.752649320804,990.752649320804,6.89846490612279
"1244","35162164B26415064985128",1,1901.59338487798,1901.59338487798,7.55044743732621
"1245","35162164B26514463540699",1,NA,NA,NA
"1246","35162164B26726208247039",1,751.556788387895,751.556788387895,6.6221467730551
"1247","35162164B26748692145835",1,193.746921302378,193.746921302378,5.26655277805497
"1248","35162164B26838097201620",1,10365.8334751638,10365.8334751638,9.2462704340985
"1249","35162164B26843037379141",1,1841.68601559857,1841.68601559857,7.51843674387002
"1250","35162164B26886781454226",1,668.648786247298,668.648786247298,6.50525893908841
"1251","35162164B27091090727362",1,3396.49179335165,3396.49179335165,8.13049835242106
"1252","35162164B27165980360946",1,1056.76943611357,1056.76943611357,6.96297183162559
"1253","35162164B27338061419730",1,6372.97730645443,6372.97730645443,8.75982203441896
"1254","35162164B27449427829131",1,734.163214482322,734.163214482322,6.59873136695045
"1255","35162164B27478954341503",1,820.14532798773,820.14532798773,6.70948155380838
"1256","35162164B27536144892403",1,2283.87277296986,2283.87277296986,7.73362786562101
"1257","35162164B2754916840566",1,109.485491391636,109.485491391636,4.69579204177131
"1258","35162164B27662620318918",1,695.725735135734,695.725735135734,6.54495552395986
"1259","35162164B2787680447386",1,2055.92561845767,2055.92561845767,7.62848144812766
"1260","35162164B27901886768337",1,2383.50175754591,2383.50175754591,7.77632601202489
"1261","35162164B28230343509230",1,NA,NA,NA
"1262","35162164B28347629707850",1,377.963205694944,377.963205694944,5.93479685145043
"1263","35162164B28437940927119",1,6066.08423614693,6066.08423614693,8.71046857475727
"1264","35162164B28497207695699",1,201.575197290063,201.575197290063,5.30616249931332
"1265","35162164B28686366216138",1,NA,NA,NA
"1266","35162164B28796349408819",1,1580.27650328328,1580.27650328328,7.36535511278796
"1267","35162164B28882572278634",1,235.32906670925,235.32906670925,5.46098481853011
"1268","35162164B29257726998169",1,1784.96683371159,1784.96683371159,7.48715511348739
"1269","35162164B29334565132125",1,1753.06049280798,1753.06049280798,7.46911839248784
"1270","35162164B2935679182415",1,3785.4789555082,3785.4789555082,8.23892769829087
"1271","35162164B2944080233928",1,10548.4730579252,10548.4730579252,9.26373639458331
"1272","35162164B29665566368909",1,2117.64098859198,2117.64098859198,7.65805800687969
"1273","35162164B29670244219059",1,0.722248346984386,0.722248346984386,-0.325386228341235
"1274","35162164B29739570351422",1,5468.17841601562,5468.17841601562,8.60670082642923
"1275","35162164B29744490152199",1,742.185183129758,742.185183129758,6.60959878498039
"1276","35162164B29771918648995",1,728.669093804739,728.669093804739,6.59121971099339
"1277","35162164B29778711665887",1,19492.3371546208,19492.3371546208,9.87777670089059
"1278","35162164B29805961991353",1,1523.77756538463,1523.77756538463,7.32894777112217
"1279","35162164B29979050445990",1,9213.93142396116,9213.93142396116,9.12847190287658
"1280","35162164B30150096816100",1,16144.1703516903,16144.1703516903,9.68931429455025
"1281","35162164B30214649518021",1,1469.45104120906,1469.45104120906,7.29264416867181
"1282","35162164B30247748644856",1,547.450523546785,547.450523546785,6.30527208965615
"1283","35162164B30305198666927",1,5731.5607916616,5731.5607916616,8.65374316208725
"1284","35162164B30310519653899",1,20979.8400439148,20979.8400439148,9.95131725770363
"1285","35162164B30603053665119",1,1699.45353379486,1699.45353379486,7.43806202765905
"1286","35162164B30621256255641",1,5741.89151029325,5741.89151029325,8.65554396644004
"1287","35162164B30744648886698",1,4556.89433746052,4556.89433746052,8.42439660413101
"1288","35162164B30898640235885",1,210.518746646166,210.518746646166,5.34957470685854
"1289","35162164B30968954703154",1,5330.63986617805,5330.63986617805,8.58122655989407
"1290","35162164B31027952362552",1,5943.71024019034,5943.71024019034,8.69008883692375
"1291","35162164B31029299854574",1,289.568099142537,289.568099142537,5.66839049954951
"1292","35162164B31036277734293",1,4149.53631133857,4149.53631133857,8.33075187477466
"1293","35162164B31209785534751",1,NA,NA,NA
"1294","35162164B31318535149924",1,166.441280190617,166.441280190617,5.11464257568944
"1295","35162164B31445567914923",1,11619.5506348352,11619.5506348352,9.3604443579572
"1296","35162164B31903053355242",1,6180.18792822266,6180.18792822266,8.72910395908691
"1297","35162164B31951026387591",1,1623.01502870733,1623.01502870733,7.39204082730372
"1298","35162164B32079497073653",1,617.580607841447,617.580607841447,6.42580959899715
"1299","35162164B3217186539387",1,455.674174684554,455.674174684554,6.12177802491619
"1300","35162164B32207408635232",1,5651.10018895721,5651.10018895721,8.63960552889353
"1301","35162164B32476575049647",1,5647.28920859998,5647.28920859998,8.63893092291781
"1302","35162164B32503532025347",1,415.246911252946,415.246911252946,6.02887331018265
"1303","35162164B32511012519739",1,1544.4242504334,1544.4242504334,7.34240646643813
"1304","35162164B32586573829867",1,591.56239634271,591.56239634271,6.38276716617736
"1305","35162164B32603147707699",1,3652.36688118249,3652.36688118249,8.20313069701476
"1306","35162164B32711720847006",1,NA,NA,NA
"1307","35162164B32881754588399",1,8027.70697612998,8027.70697612998,8.99065420901714
"1308","35162164B3291213961319",1,443.532320340946,443.532320340946,6.09477067472217
"1309","35162164B33008860234246",1,704.423740429252,704.423740429252,6.5573800791053
"1310","35162164B33097387261556",1,3118.77504463022,3118.77504463022,8.04519558980994
"1311","35162164B3312502369937",1,284.095401818156,284.095401818156,5.64931010364699
"1312","35162164B33177484318806",1,73.536740932554,73.536740932554,4.29778515795547
"1313","35162164B3327858582551",1,433.299300209165,433.299300209165,6.0714287137184
"1314","35162164B33282887229490",1,585.622325504944,585.622325504944,6.37267508607501
"1315","35162164B3332276953355",1,527.031088535234,527.031088535234,6.26725953832939
"1316","35162164B33418122090766",1,705.483371942058,705.483371942058,6.55888320183305
"1317","35162164B33499420983824",1,1074.99963983269,1074.99963983269,6.98007560552235
"1318","35162164B33687534617917",1,NA,NA,NA
"1319","35162164B34027282042904",1,729.122093413383,729.122093413383,6.59184119866213
"1320","35162164B34108970564975",1,5464.35276475239,5464.35276475239,8.60600096079772
"1321","35162164B3427671821915",1,880.080804724693,880.080804724693,6.78001372680752
"1322","35162164B34336796208513",1,705.96742696172,705.96742696172,6.55956909898089
"1323","35162164B34576871564652",1,284.092593809456,284.092593809456,5.64930021956383
"1324","35162164B34693817831811",1,NA,NA,NA
"1325","35162164B34736142106091",1,858.386033777714,858.386033777714,6.75505392112089
"1326","35162164B34799384969485",1,2374.46285845368,2374.46285845368,7.772526526028
"1327","35162164B34840260601186",1,20894.0602324509,20894.0602324509,9.94722019815634
"1328","35162164B34996558503734",1,43.4730462725162,43.4730462725162,3.772141120128
"1329","35162164B3499900463051",1,307.727644143268,307.727644143268,5.72921511951211
"1330","35162164B35015702019735",1,314.431300407767,314.431300407767,5.75076561160403
"1331","35162164B35054322137295",1,1453.37442995887,1453.37442995887,7.2816433247698
"1332","35162164B35115776141340",1,6566.32363556445,6566.32363556445,8.78970938645459
"1333","35162164B35138350065445",1,2553.14603093448,2553.14603093448,7.84508161534496
"1334","35162164B35235229853832",1,9928.02182894373,9928.02182894373,9.20311652560722
"1335","35162164B35335348273773",1,97.4516010423899,97.4516010423899,4.57935585519152
"1336","35162164B35433441802256",1,6397.10778772736,6397.10778772736,8.76360125903889
"1337","35162164B35435864807624",1,31.3954131921083,31.3954131921083,3.44666180555952
"1338","35162164B3547177020810",1,3148.6078921648,3148.6078921648,8.05471569514056
"1339","35162164B35604114195252",1,499.112676603168,499.112676603168,6.21283187507742
"1340","35162164B35819168559936",1,689.904776114464,689.904776114464,6.53655358243644
"1341","35162164B35846593220974",1,444.215716964394,444.215716964394,6.09631029346471
"1342","35162164B3595633868920",1,191.107823694289,191.107823694289,5.25283779072368
"1343","35162164B35966590555151",1,1910.58913721499,1910.58913721499,7.55516692228378
"1344","35162164B35990184487288",1,NA,NA,NA
"1345","35162164B36072688257457",1,12521.6069328735,12521.6069328735,9.43521098568907
"1346","35162164B36130278756514",1,1673.97851501073,1673.97851501073,7.42295841644539
"1347","35162164B36201030843686",1,288.657263984345,288.657263984345,5.66524004656132
"1348","35162164B36262795857615",1,459.689810591266,459.689810591266,6.13055193722232
"1349","35162164B36295319178856",1,1946.62367731671,1946.62367731671,7.57385170334013
"1350","35162164B3638695478709",1,1884.26622718254,1884.26622718254,7.54129375469793
"1351","35162164B3644248448752",1,6225.17426259613,6225.17426259613,8.73635671493243
"1352","35162164B36464745645155",1,1122.61683860522,1122.61683860522,7.02341770204394
"1353","35162164B36615656829014",1,4167.75782830071,4167.75782830071,8.33513347913019
"1354","35162164B36736631592146",1,327.26238688948,327.26238688948,5.7907622555312
"1355","35162164B36782193630345",1,606.996184071012,606.996184071012,6.40852250450104
"1356","35162164B36860764345845",1,831.460431006923,831.460431006923,6.7231837100165
"1357","35162164B36890645103450",1,990.12342215424,990.12342215424,6.89782960420079
"1358","35162164B37063972584076",1,613.493345930189,613.493345930189,6.41916941801259
"1359","35162164B37087641211860",1,NA,NA,NA
"1360","35162164B3709572728491",1,1032.10390169519,1032.10390169519,6.93935462091082
"1361","35162164B37105319510629",1,555.785292029858,555.785292029858,6.32038205425559
"1362","35162164B37287460765736",1,3749.05021108028,3749.05021108028,8.22925780983915
"1363","35162164B37355742822958",1,934.693425238341,934.693425238341,6.84021858807622
"1364","35162164B37410879222528",1,4155.66009227704,4155.66009227704,8.33222656164554
"1365","35162164B37480487737261",1,3882.55782653812,3882.55782653812,8.26424944906212
"1366","35162164B37521844633919",1,7175.77606764221,7175.77606764221,8.87846619751624
"1367","35162164B37577453073889",1,25230.5029991846,25230.5029991846,10.1358089779875
"1368","35162164B37645034893203",1,1805.11787200091,1805.11787200091,7.49838117168243
"1369","35162164B37648994900725",1,267.759392408595,267.759392408595,5.5900887877363
"1370","35162164B37650855114133",1,448.157771796882,448.157771796882,6.10514533960744
"1371","35162164B37971320550046",1,2905.15691477381,2905.15691477381,7.9742426832399
"1372","35162164B38144883145872",1,830.09044531244,830.09044531244,6.72153466510977
"1373","35162164B38387632600591",1,1581.97264964151,1581.97264964151,7.36642785970882
"1374","35162164B38413956233352",1,5241.61344746073,5241.61344746073,8.56438463974134
"1375","35162164B38508894129969",1,1928.43242292303,1928.43242292303,7.56446273577066
"1376","35162164B38587864840285",1,1971.22158517382,1971.22158517382,7.58640872355006
"1377","35162164B38655040871087",1,4559.62315312719,4559.62315312719,8.42499525723533
"1378","35162164B38888452611030",1,1096.53003959879,1096.53003959879,6.99990596337761
"1379","35162164B38891145564470",1,2741.30302133265,2741.30302133265,7.91618864157246
"1380","35162164B38966555912320",1,589.818620909289,589.818620909289,6.37981506744823
"1381","35162164B38971200706697",1,1477.09124429168,1477.09124429168,7.29783005739489
"1382","35162164B39055849407196",1,3692.18553462622,3692.18553462622,8.21397384750913
"1383","35162164B39099588088418",1,556.658562552288,556.658562552288,6.32195205834742
"1384","35162164B39157638140950",1,6978.25892675114,6978.25892675114,8.85055472721353
"1385","35162164B39169634152977",1,5664.82499350256,5664.82499350256,8.64203128039932
"1386","35162164B39311117722517",1,1024.95121406545,1024.95121406545,6.93240029440607
"1387","35162164B39353777100388",1,766.224697686195,766.224697686195,6.64147546574103
"1388","35162164B3937621778129",1,2676.2699436914,2676.2699436914,7.8921792919794
"1389","35162164B39513571338002",1,6672.21879883765,6672.21879883765,8.80570773709166
"1390","35162164B39523888219750",1,2120.97824305332,2120.97824305332,7.65963269663999
"1391","35162164B39557523691136",1,166.586089491993,166.586089491993,5.1155122298001
"1392","35162164B39676460193401",1,633.79689772141,633.79689772141,6.45172855251687
"1393","35162164B39768025410051",1,5334.64539844315,5334.64539844315,8.58197769450586
"1394","35162164B39839791868318",1,439.040170561254,439.040170561254,6.08459091358421
"1395","35162164B39875970443562",1,13389.1971642956,13389.1971642956,9.50220347903074
"1396","35162164B39915546247391",1,1190.54643803403,1190.54643803403,7.0821676723346
"1397","35162164B39951318882667",1,1483.06288114834,1483.06288114834,7.3018647425528
"1398","35162164B4001885115008",1,6973.08449769616,6973.08449769616,8.84981294498728
"1399","35162164B40153831078788",1,538.156957024753,538.156957024753,6.28815025929515
"1400","35162164B40202387586398",1,892.644501645841,892.644501645841,6.79418840715432
"1401","35162164B4025167017502",1,14.9380169581175,14.9380169581175,2.7039094371677
"1402","35162164B40364811374948",1,589.07742794776,589.07742794776,6.37855763162951
"1403","35162164B40653151075906",1,3830.94503059379,3830.94503059379,8.25086679601869
"1404","35162164B40811293491230",1,354.941944881946,354.941944881946,5.87195424055821
"1405","35162164B41058885477695",1,1102.05727664804,1102.05727664804,7.00493396354191
"1406","35162164B41129284369230",1,377.789400432944,377.789400432944,5.93433689864669
"1407","35162164B41198917697525",1,4022.17252903535,4022.17252903535,8.2995774657416
"1408","35162164B41272201057348",1,987.949163710304,987.949163710304,6.89563124268957
"1409","35162164B41289654122948",1,7378.01940033652,7378.01940033652,8.90626050763765
"1410","35162164B41303054294604",1,3365.44405947351,3365.44405947351,8.12131519755464
"1411","35162164B41691661831409",1,1068.82004622897,1068.82004622897,6.9743105584345
"1412","35162164B41784667768364",1,6987.91783079609,6987.91783079609,8.85193791256949
"1413","35162164B41788523288409",1,10607.5729541637,10607.5729541637,9.26932345465488
"1414","35162164B4192483471758",1,503.864187174536,503.864187174536,6.22230676186604
"1415","35162164B41932037702546",1,2792.54961519623,2792.54961519623,7.93471029808945
"1416","35162164B42075240589234",1,9013.89005912185,9013.89005912185,9.1065220064957
"1417","35162164B42122420865004",1,217.851893298037,217.851893298037,5.383815443359
"1418","35162164B42240340469477",1,2071.41906472415,2071.41906472415,7.63598918989931
"1419","35162164B42411795193024",1,170.718503943875,170.718503943875,5.14001602429969
"1420","35162164B42502123725586",1,4071.37560330798,4071.37560330798,8.31173620740297
"1421","35162164B42587299910885",1,11758.2161121779,11758.2161121779,9.37230751880502
"1422","35162164B42794382244883",1,8093.60368125705,8093.60368125705,8.99882935972713
"1423","35162164B42948895051340",1,1892.78246966904,1892.78246966904,7.54580323159472
"1424","35162164B43001876870642",1,916.676884087562,916.676884087562,6.82075504820773
"1425","35162164B43081801814917",1,2595.16277441955,2595.16277441955,7.86140451980602
"1426","35162164B43095609946318",1,827.174206944242,827.174206944242,6.71801532210777
"1427","35162164B43104180618768",1,282.66807541889,282.66807541889,5.64427333090462
"1428","35162164B43329717977786",1,769.601069935627,769.601069935627,6.64587228959953
"1429","35162164B43359933366516",1,1444.45744693535,1444.45744693535,7.27548906079141
"1430","35162164B4355148112138",1,1056.24935696506,1056.24935696506,6.96247956988072
"1431","35162164B4373871632357",1,6741.23531726074,6741.23531726074,8.81599846860504
"1432","35162164B4381355814899",1,2050.21406528236,2050.21406528236,7.6256994887698
"1433","35162164B43983765297672",1,5878.79098826599,5878.79098826599,8.67910640551069
"1434","35162164B44046782909904",1,415.27133593069,415.27133593069,6.02893212810226
"1435","35162164B44082529851006",1,440.035996754348,440.035996754348,6.08685653437132
"1436","35162164B44108052302901",1,5887.58863056258,5887.58863056258,8.68060179223473
"1437","35162164B44118594197771",1,617.844570057988,617.844570057988,6.42623692106453
"1438","35162164B44132025235652",1,12502.6189698976,12502.6189698976,9.43369341893646
"1439","35162164B44510857688037",1,345.689888799489,345.689888799489,5.84554209801701
"1440","35162164B44634444711623",1,977.71481975244,977.71481975244,6.88521803216747
"1441","35162164B44657175287617",1,478.04833443597,478.04833443597,6.16971184544625
"1442","35162164B44780300439373",1,70.7455231549963,70.7455231549963,4.25908925756009
"1443","35162164B45098270678787",1,636.184636072807,636.184636072807,6.4554888294994
"1444","35162164B45378325977411",1,3074.24343814939,3074.24343814939,8.03081411359452
"1445","35162164B45570204479435",1,1472.18964154576,1472.18964154576,7.29450612356247
"1446","35162164B45790961504178",1,801.007514031142,801.007514031142,6.68587032783727
"1447","35162164B45791079749061",1,622.071139797851,622.071139797851,6.43305445886448
"1448","35162164B45882638430456",1,1822.99960622153,1822.99960622153,7.5082385586729
"1449","35162164B46053571621586",1,3837.86080859655,3837.86080859655,8.2526704092598
"1450","35162164B46160238611369",1,1248.34887747726,1248.34887747726,7.12957705912338
"1451","35162164B4630365107743",1,2396.09483334075,2396.09483334075,7.78159553831049
"1452","35162164B464656830553",1,358.817860001639,358.817860001639,5.88281490598493
"1453","35162164B46618736388217",1,461.099991969436,461.099991969436,6.13361492179656
"1454","35162164B4666434979378",1,6116.29089337158,6116.29089337158,8.71871112860127
"1455","35162164B46718052991793",1,694.383775866985,694.383775866985,6.54302479882634
"1456","35162164B469584995552",1,802.244299250096,802.244299250096,6.68741317401283
"1457","35162164B47227241958713",1,12874.0647584714,12874.0647584714,9.46297008277479
"1458","35162164B47289388802077",1,NA,NA,NA
"1459","35162164B4735329384018",1,31.2914932794571,31.2914932794571,3.44334628039814
"1460","35162164B47400970440910",1,1560.39337034225,1560.39337034225,7.35269322893227
"1461","35162164B47483648218814",1,841.622228056669,841.622228056669,6.73533125329896
"1462","35162164B47655084452397",1,14263.290232799,14263.290232799,9.56544439896668
"1463","35162164B47738675903000",1,NA,NA,NA
"1464","35162164B47850165060399",1,1625.08569925067,1625.08569925067,7.39331583137365
"1465","35162164B47977528408812",1,523.390648229197,523.390648229197,6.26032812258678
"1466","35162164B47990147537025",1,7015.34939868042,7015.34939868042,8.85585579866335
"1467","35162164B48134009375448",1,2660.33350671735,2660.33350671735,7.88620677238169
"1468","35162164B48276520022709",1,8654.06756383976,8654.06756383976,9.0657847279926
"1469","35162164B48283661565489",1,1686.68433109102,1686.68433109102,7.43051994653743
"1470","35162164B4834326147555",1,489.816289386787,489.816289386787,6.19403040118594
"1471","35162164B48366708508024",1,32.0112775037289,32.0112775037289,3.46608826270521
"1472","35162164B48474720743291",1,461.007123282514,461.007123282514,6.13341349468316
"1473","35162164B48594737867341",1,19240.3251580561,19240.3251580561,9.86476362418376
"1474","35162164B48668524840804",1,NA,NA,NA
"1475","35162164B48798891823707",1,1857.18236494189,1857.18236494189,7.52681576059233
"1476","35162164B48833074214893",1,1005.88459668988,1005.88459668988,6.91362262905941
"1477","35162164B48871281697567",1,833.551610536516,833.551610536516,6.72569562053364
"1478","35162164B48964158147247",1,NA,NA,NA
"1479","35162164B49055104405338",1,404.837607227966,404.837607227966,6.00348601688916
"1480","35162164B49086916119000",1,3214.67854134729,3214.67854134729,8.07548264453342
"1481","35162164B49139561829601",1,14740.321476069,14740.321476069,9.59834197527951
"1482","35162164B49212853106844",1,285.553974367708,285.553974367708,5.65443106330401
"1483","35162164B49319017371443",1,5328.37363170767,5328.37363170767,8.58080133583277
"1484","35162164B49407671778739",1,179.473193419933,179.473193419933,5.19002585649704
"1485","35162164B49669417208425",1,280.723419974387,280.723419974387,5.63736991406762
"1486","35162164B49699015358538",1,448.622521748498,448.622521748498,6.10618182534774
"1487","35162164B49792832455672",1,961.182017638207,961.182017638207,6.86816379544575
"1488","35162164B49820869522821",1,258.946695021391,258.946695021391,5.55662222978938
"1489","35162164B49984893156433",1,1408.41358156747,1408.41358156747,7.25021923049446
"1490","35162164B50002705209243",1,405.165414417922,405.165414417922,6.00429541438298
"1491","35162164B50149511982959",1,406.178947383091,406.178947383091,6.00679381959806
"1492","35162164B50185526040521",1,10.5941038614511,10.5941038614511,2.3602976068737
"1493","35162164B50194612794123",1,7380.09239458869,7380.09239458869,8.90654143710811
"1494","35162164B50213628521675",1,4144.01085378592,4144.01085378592,8.32941940309272
"1495","35162164B50505339448184",1,4843.74033855379,4843.74033855379,8.48544249847851
"1496","35162164B50611338864670",1,5817.41157069101,5817.41157069101,8.66861069449212
"1497","35162164B50635922990966",1,1934.86807644933,1934.86807644933,7.56779442559412
"1498","35162164B50812150666604",1,321.421507830843,321.421507830843,5.77275337026431
"1499","35162164B50966628744256",1,5893.18267333984,5893.18267333984,8.68155148271821
"1500","35162164B51027865452470",1,700.628207007609,700.628207007609,6.55197737116847
"1501","35162164B51145992961570",1,125.868396380544,125.868396380544,4.83523688793898
"1502","35162164B51236873924617",1,1830.16694720282,1830.16694720282,7.51216246965413
"1503","35162164B51283194093735",1,5125.93227636349,5125.93227636349,8.54206769504655
"1504","35162164B5152364964620",1,729.250070084743,729.250070084743,6.59201670485306
"1505","35162164B51523673246105",1,866.857511538439,866.857511538439,6.76487461672104
"1506","35162164B51703363318263",1,89.477338116616,89.477338116616,4.49398538781797
"1507","35162164B51705520873479",1,8225.02664151003,8225.02664151003,9.01493681471769
"1508","35162164B51772334527527",1,2648.63597396779,2648.63597396779,7.88180005965834
"1509","35162164B52032683058931",1,1377.7995455102,1377.7995455102,7.22824297329273
"1510","35162164B52048270525554",1,1096.36270210633,1096.36270210633,6.99975334534062
"1511","35162164B52095802244464",1,9071.12219670491,9071.12219670491,9.11285126166355
"1512","35162164B52339983377836",1,1027.01760469839,1027.01760469839,6.93441435164959
"1513","35162164B52508011667505",1,3101.66491492916,3101.66491492916,8.03969431563511
"1514","35162164B52602965230915",1,1030.69589435291,1030.69589435291,6.93798947867681
"1515","35162164B52706250089410",1,1743.95674849749,1743.95674849749,7.46391180398794
"1516","35162164B52838643588694",1,6668.75905144644,6668.75905144644,8.80518907234196
"1517","35162164B52848122873213",1,NA,NA,NA
"1518","35162164B52856134936661",1,9592.46738803339,9592.46738803339,9.16873342237943
"1519","35162164B52912630691789",1,446.476222521573,446.476222521573,6.10138614586737
"1520","35162164B52921582022619",1,1492.75373926605,1492.75373926605,7.30837784037526
"1521","35162164B53146220009550",1,1737.24340147167,1737.24340147167,7.46005488392656
"1522","35162164B53154080329110",1,NA,NA,NA
"1523","35162164B53369988821982",1,1018.08231692964,1018.08231692964,6.92567605526537
"1524","35162164B53623755674193",1,3590.2435568781,3590.2435568781,8.18597532232261
"1525","35162164B53729872192207",1,2072.90232183674,2072.90232183674,7.63670499209589
"1526","35162164B53813298320791",1,523.397540916368,523.397540916368,6.2603412917976
"1527","35162164B53957159908750",1,1485.80490657234,1485.80490657234,7.30371192902235
"1528","35162164B54094305142623",1,229.440093785286,229.440093785286,5.43564196616852
"1529","35162164B54144747776936",1,325.709427201599,325.709427201599,5.7860056562956
"1530","35162164B54306894687431",1,1275.26653748351,1275.26653748351,7.1509104847515
"1531","35162164B54504500114566",1,1219.92897445166,1219.92897445166,7.10654791837001
"1532","35162164B54573865984147",1,42.2850642664507,42.2850642664507,3.74443393307342
"1533","35162164B54684322655219",1,9709.01946313757,9709.01946313757,9.18081057401718
"1534","35162164B54710841907593",1,817.467292396791,817.467292396791,6.70621089267045
"1535","35162164B54859772673703",1,4364.29947229767,4364.29947229767,8.38121296794809
"1536","35162164B5486368161051",1,3618.87702908492,3618.87702908492,8.19391904373386
"1537","35162164B54904175819793",1,5068.02699560367,5068.02699560367,8.53070686810476
"1538","35162164B55045053102964",1,72.4514006192535,72.4514006192535,4.28291600079865
"1539","35162164B55047607861786",1,15999.3090041264,15999.3090041264,9.68030081304722
"1540","35162164B55174178620740",1,778.462982117161,778.462982117161,6.65732143987653
"1541","35162164B55209695103192",1,297.690685858622,297.690685858622,5.69605498052732
"1542","35162164B55355936251636",1,1296.68824654736,1296.68824654736,7.16756879038741
"1543","35162164B55494115928353",1,3523.94787927586,3523.94787927586,8.16733719672986
"1544","35162164B55508639359232",1,1032.14476201712,1032.14476201712,6.93939420947654
"1545","35162164B55527048225424",1,553.914922149397,553.914922149397,6.31701110482674
"1546","35162164B55566355073112",1,112.56450196597,112.56450196597,4.72352640815032
"1547","35162164B55570147522340",1,2410.410713866,2410.410713866,7.78755243265603
"1548","35162164B55651843175504",1,927.929488818295,927.929488818295,6.83295574802259
"1549","35162164B55653603648730",1,730.909465661563,730.909465661563,6.59428960209555
"1550","35162164B55805795944357",1,322.314234615944,322.314234615944,5.77552695357973
"1551","35162164B55936134420227",1,5750.73804067993,5750.73804067993,8.65708348045547
"1552","35162164B55937002420663",1,1929.02582152271,1929.02582152271,7.56477039877918
"1553","35162164B56267554774687",1,644.229769674711,644.229769674711,6.46805544768082
"1554","35162164B56375608291865",1,3530.06590487061,3530.06590487061,8.16907181968808
"1555","35162164B56395579306206",1,1325.69972970793,1325.69972970793,7.18969569691848
"1556","35162164B56396362384048",1,54531.1286543349,54531.1286543349,10.9065269855664
"1557","35162164B56440462518587",1,216.498450387359,216.498450387359,5.37758338985277
"1558","35162164B56488122937951",1,5409.97719021988,5409.97719021988,8.59600015560611
"1559","35162164B57006109689190",1,502.60244059325,502.60244059325,6.21979948103334
"1560","35162164B57140391494677",1,953.990886228085,953.990886228085,6.86065411818262
"1561","35162164B57243276794912",1,24225.1845790634,24225.1845790634,10.0951480560927
"1562","35162164B57287087232463",1,1065.49006050467,1065.49006050467,6.97119012301526
"1563","35162164B5732093392977",1,1505.53058839929,1505.53058839929,7.3169006654831
"1564","35162164B57366882784799",1,571.498717907399,571.498717907399,6.34826223985072
"1565","35162164B57515137909984",1,4629.17451515154,4629.17451515154,8.44013384072062
"1566","35162164B5760982623829",1,602.417644883722,602.417644883722,6.40095096703235
"1567","35162164B5774991400225",1,3409.13823452023,3409.13823452023,8.13421482118971
"1568","35162164B57941425768227",1,1038.61559539354,1038.61559539354,6.94564394708175
"1569","35162164B57970494139144",1,1064.80543691015,1064.80543691015,6.9705473731067
"1570","35162164B58097277944417",1,1594.46141631085,1594.46141631085,7.37429128817104
"1571","35162164B5812724327715",1,65428.7480149067,65428.7480149067,11.0887170129552
"1572","35162164B58227039352196",1,1714.12342421969,1714.12342421969,7.44665710602823
"1573","35162164B58259764346195",1,114.155311412513,114.155311412513,4.73755990200731
"1574","35162164B58310088088088",1,1690.4220555865,1690.4220555865,7.43273351377145
"1575","35162164B58341155442223",1,612.425082054429,612.425082054429,6.41742661992461
"1576","35162164B586389844470",1,312.076641373634,312.076641373634,5.7432488030719
"1577","35162164B58929409429796",1,722.995338637665,722.995338637665,6.58340277488717
"1578","35162164B59399831038543",1,558.245541043326,558.245541043326,6.32479890330516
"1579","35162164B59555480017581",1,1254.66015481792,1254.66015481792,7.13462002192108
"1580","35162164B60113687786338",1,657.376590582602,657.376590582602,6.48825705150362
"1581","35162164B60318395890345",1,30483.5196898081,30483.5196898081,10.3249414785212
"1582","35162164B60478226363731",1,2507.12314950541,2507.12314950541,7.82689121921167
"1583","35162164B60523300331136",1,285.228602662414,285.228602662414,5.65329097335161
"1584","35162164B60572790247888",1,3306.18899828291,3306.18899828291,8.10355144501157
"1585","35162164B60639371650725",1,212.990508501522,212.990508501522,5.36124760369083
"1586","35162164B60799927677467",1,990.877987271093,990.877987271093,6.89859140593374
"1587","35162164B60985093963323",1,1774.57258205162,1774.57258205162,7.48131487406866
"1588","35162164B61039198412665",1,445.145968887955,445.145968887955,6.09840224835238
"1589","35162164B61137004836092",1,4928.57092335022,4928.57092335022,8.50280435145548
"1590","35162164B61226104202809",1,27.8057432866097,27.8057432866097,3.3252425924027
"1591","35162164B6189191279068",1,1090.13252906075,1090.13252906075,6.99405455412644
"1592","35162164B61931844295180",1,455.208662426993,455.208662426993,6.12075591256733
"1593","35162164B62010559485680",1,394.361959008195,394.361959008195,5.97726916525763
"1594","35162164B62024364691699",1,NA,NA,NA
"1595","35162164B62151191241006",1,3786.04789952256,3786.04789952256,8.23907798343846
"1596","35162164B62328940615775",1,NA,NA,NA
"1597","35162164B62342793759497",1,3028.94140903277,3028.94140903277,8.01596846750333
"1598","35162164B62401168973782",1,12245.3323617629,12245.3323617629,9.41290011166903
"1599","35162164B62428051071911",1,17861.3646071321,17861.3646071321,9.79039525728619
"1600","35162164B62692741159025",1,473.311961274534,473.311961274534,6.1597547086709
"1601","35162164B62789094619129",1,5581.27033063316,5581.27033063316,8.62717168728481
"1602","35162164B62900953125542",1,2805.39721095918,2805.39721095918,7.9393004161164
"1603","35162164B6296725203986",1,558.44560809458,558.44560809458,6.32515722449997
"1604","35162164B63214843233933",1,1082.44296694946,1082.44296694946,6.98697577206784
"1605","35162164B6328683586484",1,582.899614976078,582.899614976078,6.3680149845196
"1606","35162164B63355054805724",1,467.38490777839,467.38490777839,6.14715313184956
"1607","35162164B63443536988454",1,706.265126201808,706.265126201808,6.55999069986218
"1608","35162164B63456951667461",1,9600.6619120518,9600.6619120518,9.16958732425111
"1609","35162164B63728605531274",1,10935.3860267811,10935.3860267811,9.29975923443391
"1610","35162164B63932580669884",1,6710.79649722583,6710.79649722583,8.81147292593536
"1611","35162164B6396716767482",1,10880.4816099936,10880.4816099936,9.29472578505465
"1612","35162164B63967587387605",1,2520.44299232649,2520.44299232649,7.83218995566186
"1613","35162164B64011842715923",1,524.794360004403,524.794360004403,6.2630064906293
"1614","35162164B64032004028006",1,6421.38610360718,6421.38610360718,8.76738927736875
"1615","35162164B64333696497287",1,1280.66627293473,1280.66627293473,7.1551357472174
"1616","35162164B64456112534270",1,18705.0008886795,18705.0008886795,9.83654619429251
"1617","35162164B64481090493590",1,1064.39890279973,1064.39890279973,6.97016550828727
"1618","35162164B64614498452260",1,456.348107246772,456.348107246772,6.12325591136312
"1619","35162164B64653334099040",1,677.428643271469,677.428643271469,6.51830422362239
"1620","35162164B64679939862971",1,92.809196518451,92.809196518451,4.53054573529638
"1621","35162164B64881067970982",1,2310.85808256391,2310.85808256391,7.74537419885343
"1622","35162164B65076936477061",1,5806.2368985362,5806.2368985362,8.66668794611804
"1623","35162164B65125805198712",1,417.527162161678,417.527162161678,6.03434960124455
"1624","35162164B65128475764544",1,244.720141112633,244.720141112633,5.50011527647142
"1625","35162164B65276003398937",1,5710.1186283462,5710.1186283462,8.64999507797649
"1626","35162164B65314498182346",1,1548.65450288385,1548.65450288385,7.34514177027314
"1627","35162164B65329015071825",1,4371.48377143361,4371.48377143361,8.38285776625757
"1628","35162164B65385180644380",1,411.262887662917,411.262887662917,6.01923263937073
"1629","35162164B65486523174635",1,NA,NA,NA
"1630","35162164B6558506114396",1,249.554903508462,249.554903508462,5.51967894512534
"1631","35162164B65691399727908",1,211.60141633594,211.60141633594,5.35470439342082
"1632","35162164B65765715361168",1,9922.92632470578,9922.92632470578,9.20260314918707
"1633","35162164B65820653235088",1,524.58839072457,524.58839072457,6.26261393742155
"1634","35162164B65908868425620",1,243.484447928429,243.484447928429,5.49505307160585
"1635","35162164B65937431669133",1,10436.7023366635,10436.7023366635,9.2530839434041
"1636","35162164B65955038225271",1,4906.06286396605,4906.06286396605,8.49822703842693
"1637","35162164B66231377530280",1,1018.51402741116,1018.51402741116,6.92610000818975
"1638","35162164B66239287050159",1,3370.71344873121,3370.71344873121,8.12287970679484
"1639","35162164B66386769962643",1,10943.9981214463,10943.9981214463,9.30054646821085
"1640","35162164B66396036790840",1,808.060950653359,808.060950653359,6.69463748965303
"1641","35162164B66426333223872",1,844.038330517262,844.038330517262,6.73819790886953
"1642","35162164B66483536565196",1,941.442395254195,941.442395254195,6.84741316221498
"1643","35162164B67253441607804",1,2625.16854975556,2625.16854975556,7.87290038239508
"1644","35162164B67357398396511",1,15228.5806615995,15228.5806615995,9.63092924795479
"1645","35162164B67611771637099",1,1123.86122403568,1123.86122403568,7.02452555667064
"1646","35162164B67834793855572",1,1165.6714822022,1165.6714822022,7.0610525795296
"1647","35162164B67840176156165",1,445.310222030736,445.310222030736,6.09877116744424
"1648","35162164B67873210702282",1,331.376892350614,331.376892350614,5.80325637519451
"1649","35162164B67895796063130",1,786.797934185132,786.797934185132,6.66797146092062
"1650","35162164B67913939941732",1,2417.79927275389,2417.79927275389,7.79061301397948
"1651","35162164B68020695361946",1,17022.7141006623,17022.7141006623,9.74230385478793
"1652","35162164B6810731341858",1,2115.08149319583,2115.08149319583,7.65684862179993
"1653","35162164B68193657015740",1,1218.4008002139,1218.4008002139,7.10529445835511
"1654","35162164B68266542502187",1,3371.01943181224,3371.01943181224,8.12297047962333
"1655","35162164B68498720914772",1,976.468317151696,976.468317151696,6.88394230447721
"1656","35162164B68519247506685",1,803.62621073316,803.62621073316,6.68913424905043
"1657","35162164B68550082171779",1,1825.08321161076,1825.08321161076,7.50938086038031
"1658","35162164B68647324713377",1,12571.709362739,12571.709362739,9.43920427982801
"1659","35162164B68655707954868",1,5929.92007589722,5929.92007589722,8.68776601397467
"1660","35162164B688158722363",1,3598.59501551844,3598.59501551844,8.18829877480059
"1661","35162164B69010938957463",1,2492.68881295657,2492.68881295657,7.82111725140687
"1662","35162164B69017338902165",1,323.256459243871,323.256459243871,5.77844599964528
"1663","35162164B69149388198567",1,1963.33584900674,1963.33584900674,7.58240026930441
"1664","35162164B69315213162773",1,NA,NA,NA
"1665","35162164B69415913554299",1,9642.0806824874,9642.0806824874,9.17389220274713
"1666","35162164B69621988819609",1,2067.36030417241,2067.36030417241,7.63402785710474
"1667","35162164B69764209566342",1,427.149814359546,427.149814359546,6.05713480499504
"1668","35162164B69767329259242",1,5446.4737993732,5446.4737993732,8.60272366896713
"1669","35162164B70002149136386",1,4734.13333929247,4734.13333929247,8.46255395598324
"1670","35162164B70010729273822",1,3889.97534592256,3889.97534592256,8.2661580987833
"1671","35162164B70039093596166",1,1840.31666296074,1840.31666296074,7.51769293523081
"1672","35162164B70126533167331",1,3365.85112106077,3365.85112106077,8.12143614354701
"1673","35162164B70690583888265",1,149.378968668483,149.378968668483,5.00648649082478
"1674","35162164B70983807913344",1,142.856314706326,142.856314706326,4.9618393328543
"1675","35162164B70989189372526",1,540.125043577388,540.125043577388,6.29180067493228
"1676","35162164B71008560556163",1,213.678011211604,213.678011211604,5.36447026143718
"1677","35162164B71180321026887",1,2458.58730592242,2458.58730592242,7.8073421980874
"1678","35162164B71228624509443",1,3793.59474487393,3793.59474487393,8.2410693300492
"1679","35162164B7127592145054",1,454.253990703732,454.253990703732,6.11865649249632
"1680","35162164B71805351346614",1,738.432448961757,738.432448961757,6.60452962718755
"1681","35162164B7183290362481",1,323.861031310827,323.861031310827,5.78031450807435
"1682","35162164B7183991745981",1,2425.02030282066,2425.02030282066,7.79359517563372
"1683","35162164B71943949952285",1,1852.05985085864,1852.05985085864,7.52405373156226
"1684","35162164B71980128159858",1,374.286581700988,374.286581700988,5.92502176521887
"1685","35162164B7201362234672",1,1449.69007881725,1449.69007881725,7.27910507382251
"1686","35162164B72415884278967",1,702.407998573482,702.407998573482,6.55451442974679
"1687","35162164B72501764161352",1,5767.24524096954,5767.24524096954,8.65994981758893
"1688","35162164B72512269852971",1,17456.0158566151,17456.0158566151,9.76743961644865
"1689","35162164B72590752021291",1,626.415426381141,626.415426381141,6.4400137714186
"1690","35162164B72617590649552",1,1052.16400579387,1052.16400579387,6.95860428019027
"1691","35162164B72746887370475",1,265.057222773924,265.057222773924,5.57994573767156
"1692","35162164B72879195732120",1,2335.82952664019,2335.82952664019,7.75612236467569
"1693","35162164B72910549593944",1,303.026230374977,303.026230374977,5.71381937065681
"1694","35162164B72966387621417",1,1265.70152622318,1265.70152622318,7.14338181363095
"1695","35162164B72968127914093",1,4006.7833752678,4006.7833752678,8.29574404759947
"1696","35162164B73119791157228",1,7027.45553239441,7027.45553239441,8.85757997510423
"1697","35162164B73190179505267",1,6739.43053371429,6739.43053371429,8.81573070978998
"1698","35162164B7327807293180",1,966.950780662268,966.950780662268,6.874147595153
"1699","35162164B73697792957212",1,733.191153448284,733.191153448284,6.59740645021939
"1700","35162164B73749532735960",1,NA,NA,NA
"1701","35162164B73997840305006",1,5780.99774593073,5780.99774593073,8.66233156717248
"1702","35162164B74015662320963",1,6305.21798788452,6305.21798788452,8.74913282161334
"1703","35162164B74045295228727",1,73.7622150089294,73.7622150089294,4.30084660874497
"1704","35162164B74485762582225",1,10.9304211854935,10.9304211854935,2.39154983625785
"1705","35162164B74535275196744",1,4169.43272323759,4169.43272323759,8.33553526794599
"1706","35162164B74561990131004",1,2172.93486800981,2172.93486800981,7.68383400650295
"1707","35162164B74733900924427",1,3494.99137412363,3494.99137412363,8.15908618660296
"1708","35162164B7477347872499",1,1499.0605303266,1499.0605303266,7.31259387775871
"1709","35162164B74806153768774",1,779.60289267087,779.60289267087,6.65878467808172
"1710","35162164B74837009973467",1,209.681302691221,209.681302691221,5.34558877175444
"1711","35162164B74947223762643",1,NA,NA,NA
"1712","35162164B75012255495996",1,472.478686912179,472.478686912179,6.15799263885227
"1713","35162164B75101619915753",1,NA,NA,NA
"1714","35162164B75354004802205",1,927.227276707262,927.227276707262,6.832198709957
"1715","35162164B75418708729676",1,2459.36798898032,2459.36798898032,7.80765968086943
"1716","35162164B75494899713606",1,641.05723838295,641.05723838295,6.46311874838329
"1717","35162164B75734537804589",1,654.582072717942,654.582072717942,6.48399697507113
"1718","35162164B7581344953903",1,519.961159381866,519.961159381866,6.25375411528936
"1719","35162164B76001906737626",1,23.067119058609,23.067119058609,3.13840818613064
"1720","35162164B76097011770940",1,NA,NA,NA
"1721","35162164B76141633592259",1,52.1537419362143,52.1537419362143,3.95419593220369
"1722","35162164B76299075946348",1,5547.55054103774,5547.55054103774,8.62111176536241
"1723","35162164B76427572399995",1,659.180289146103,659.180289146103,6.49099707697422
"1724","35162164B76764344209894",1,434.419041682899,434.419041682899,6.074009602104
"1725","35162164B76905261736533",1,4558.92906652048,4558.92906652048,8.42484302109272
"1726","35162164B76933711191894",1,736.885521520257,736.885521520257,6.60243254975832
"1727","35162164B771777787969",1,167.974916250676,167.974916250676,5.12381466022401
"1728","35162164B77351699219617",1,257.403630563572,257.403630563572,5.55064539981614
"1729","35162164B77417429769300",1,20436.7087575968,20436.7087575968,9.92508801166553
"1730","35162164B77455172963326",1,1194.66652500968,1194.66652500968,7.08562236685222
"1731","35162164B77471538431519",1,328.114842945129,328.114842945129,5.79336367803289
"1732","35162164B77716442881052",1,1601.62124005692,1601.62124005692,7.37877167024682
"1733","35162164B77771311357485",1,2349.14853275982,2349.14853275982,7.76180821499692
"1734","35162164B77793812605243",1,11371.8527160187,11371.8527160187,9.33889652122894
"1735","35162164B77975290003350",1,1048.82886768231,1048.82886768231,6.95542945655803
"1736","35162164B78196937555517",1,1501.73518711001,1501.73518711001,7.31437650992934
"1737","35162164B78200354698048",1,196.651676317953,196.651676317953,5.2814340232145
"1738","35162164B78220788438035",1,1576.70043169695,1576.70043169695,7.36308960804117
"1739","35162164B78312843571031",1,5792.47990717737,5792.47990717737,8.66431578753528
"1740","35162164B78675605051517",1,1984.98072253764,1984.98072253764,7.59336448150619
"1741","35162164B78704123867302",1,520.359950372614,520.359950372614,6.2545207843621
"1742","35162164B78781462284724",1,257.933989449114,257.933989449114,5.55270369733679
"1743","35162164B7887157811958",1,75.9148050740361,75.9148050740361,4.32961172564378
"1744","35162164B78894493117330",1,1474.69185574734,1474.69185574734,7.29620433559117
"1745","35162164B79148347758299",1,261.682252081297,261.682252081297,5.56713098943468
"1746","35162164B79316798311168",1,137.116085713759,137.116085713759,4.92082790801377
"1747","35162164B79413675859532",1,5934.26845059586,5934.26845059586,8.68849903922687
"1748","35162164B79454937987859",1,44.2664367184043,44.2664367184043,3.79022675374637
"1749","35162164B7950150342067",1,243.965712125063,243.965712125063,5.49702769134116
"1750","35162164B79658494056814",1,417.962655057758,417.962655057758,6.03539208656644
"1751","35162164B7967123658868",1,2129.35872925568,2129.35872925568,7.66357614729684
"1752","35162164B7972342313960",1,196.959476460978,196.959476460978,5.28299800433441
"1753","35162164B79794886867745",1,244.154378283888,244.154378283888,5.49780072310907
"1754","35162164B79839429868607",1,308.703059369504,308.703059369504,5.73237984195303
"1755","35162164B79856958417190",1,7387.05939325583,7387.05939325583,8.90748501773681
"1756","35162164B79871706950018",1,6041.23037035501,6041.23037035501,8.70636297388524
"1757","35162164B79898656875181",1,5357.85207892685,5357.85207892685,8.58631844220701
"1758","35162164B80036140892395",1,2493.41385973081,2493.41385973081,7.82140807846237
"1759","35162164B80475473742606",1,533.0364510694,533.0364510694,6.27858981032539
"1760","35162164B80562151711640",1,653.912603734977,653.912603734977,6.4829737090947
"1761","35162164B80588060868180",1,1665.01142744111,1665.01142744111,7.41758726571899
"1762","35162164B8108508636873",1,409.074432008028,409.074432008028,6.01389712483518
"1763","35162164B81186004485323",1,8345.36330329216,8345.36330329216,9.02946137059373
"1764","35162164B81256238253343",1,428.991150292791,428.991150292791,6.06143629002711
"1765","35162164B81260181661363",1,21495.2057785488,21495.2057785488,9.9755852022062
"1766","35162164B8126032291410",1,NA,NA,NA
"1767","35162164B81331151620228",1,1612.77513974431,1612.77513974431,7.3857116634132
"1768","35162164B81334638416928",1,4796.50109013146,4796.50109013146,8.47564199153442
"1769","35162164B81478119519036",1,1742.49119114612,1742.49119114612,7.46307108732556
"1770","35162164B81504679646753",1,792.255328052461,792.255328052461,6.67488372376452
"1771","35162164B81544331747727",1,3150.34356564915,3150.34356564915,8.05526679433219
"1772","35162164B81808601681355",1,1157.36941394007,1157.36941394007,7.05390496226564
"1773","35162164B81949872862729",1,332.974432762481,332.974432762481,5.80806570854178
"1774","35162164B82075264350235",1,3300.77829865078,3300.77829865078,8.10191356772278
"1775","35162164B82157921225742",1,7300.11422759104,7300.11422759104,8.89564527462927
"1776","35162164B82209603617868",1,5918.53524147797,5918.53524147797,8.68584427183731
"1777","35162164B82314120989703",1,315.39695772785,315.39695772785,5.75383202872417
"1778","35162164B82503842404748",1,104.485011035383,104.485011035383,4.64904362604897
"1779","35162164B82842507514093",1,1883.56573596565,1883.56573596565,7.54092192748705
"1780","35162164B8288674907050",1,5200.54711242676,5200.54711242676,8.55651911296314
"1781","35162164B8322659721088",1,1154.70263833836,1154.70263833836,7.05159813382431
"1782","35162164B83428714797918",1,5970.95268972021,5970.95268972021,8.69466177317281
"1783","35162164B83508075470533",1,1461.86556935245,1461.86556935245,7.28746868625475
"1784","35162164B83544121757555",1,1023.36948984195,1023.36948984195,6.93085588338208
"1785","35162164B83694508708576",1,9366.28178260613,9366.28178260613,9.14487147498451
"1786","35162164B83697985197757",1,353.956938929558,353.956938929558,5.86917526429293
"1787","35162164B83752279361185",1,393.668291473359,393.668291473359,5.97550865488744
"1788","35162164B83790317969803",1,3829.58282393123,3829.58282393123,8.25051115298657
"1789","35162164B83791662867727",1,1985.23425958452,1985.23425958452,7.59349220106212
"1790","35162164B83840665506835",1,503.443293354303,503.443293354303,6.22147108089898
"1791","35162164B84210175764285",1,1921.81597863632,1921.81597863632,7.56102584022026
"1792","35162164B84260366908441",1,1064.19421507764,1064.19421507764,6.96997318621218
"1793","35162164B84273758465737",1,155.551545189828,155.551545189828,5.04697715701226
"1794","35162164B8427556516221",1,950.037346121937,950.037346121937,6.8565012955292
"1795","35162164B84385181551937",1,5507.53984253666,5507.53984253666,8.61387331288304
"1796","35162164B84386014824349",1,5618.94244738007,5618.94244738007,8.63389874855753
"1797","35162164B84406525891877",1,82.1028267021179,82.1028267021179,4.40797244585494
"1798","35162164B84535321325965",1,1364.65724923955,1364.65724923955,7.21865857663011
"1799","35162164B84540905905219",1,2315.13554261972,2315.13554261972,7.74722351453411
"1800","35162164B84564227894690",1,9596.14736965519,9596.14736965519,9.16911698124633
"1801","35162164B84883073198144",1,541.827305797785,541.827305797785,6.29494732667891
"1802","35162164B84932287518076",1,1783.50054551478,1783.50054551478,7.48633331066645
"1803","35162164B84999792785249",1,1764.9847741549,1764.9847741549,7.47589734278905
"1804","35162164B85043288699007",1,5558.59455399351,5558.59455399351,8.62310057723215
"1805","35162164B85447112983414",1,12550.4539962403,12550.4539962403,9.43751211890486
"1806","35162164B85670822748309",1,1717.27093122929,1717.27093122929,7.44849164182698
"1807","35162164B85716408466784",1,3346.3477788267,3346.3477788267,8.11562481482654
"1808","35162164B85999917170291",1,4349.92377084436,4349.92377084436,8.37791359998536
"1809","35162164B86064916766341",1,23252.6527414037,23252.6527414037,10.0541745009115
"1810","35162164B86146780861409",1,8983.67271749319,8983.67271749319,9.1031640662682
"1811","35162164B86222512228272",1,939.411584380686,939.411584380686,6.84525370519739
"1812","35162164B86319358416590",1,473.301395539999,473.301395539999,6.15973238543944
"1813","35162164B86369616224577",1,NA,NA,NA
"1814","35162164B86395405111301",1,1854.6403803888,1854.6403803888,7.52544609122777
"1815","35162164B86529685983259",1,0,0,0
"1816","35162164B86683666691782",1,674.12792487666,674.12792487666,6.51341989242292
"1817","35162164B86825253629714",1,184.992987052351,184.992987052351,5.22031791653468
"1818","35162164B86902015023409",1,371.925325870514,371.925325870514,5.91869309721558
"1819","35162164B86995698526112",1,12835.1873526031,12835.1873526031,9.45994569020713
"1820","35162164B87237067995855",1,2189.17865221888,2189.17865221888,7.6912817078148
"1821","35162164B87426615399239",1,522.990343505666,522.990343505666,6.25956300023417
"1822","35162164B87465584551900",1,1625.97024321434,1625.97024321434,7.39385998933411
"1823","35162164B87505352772757",1,659.605434083715,659.605434083715,6.49164182910468
"1824","35162164B8753161454074",1,1579.64594463542,1579.64594463542,7.36495601523628
"1825","35162164B87941103289150",1,5645.44527861023,5645.44527861023,8.63860435365184
"1826","35162164B88081723771743",1,NA,NA,NA
"1827","35162164B88130973565417",1,1311.95282049394,1311.95282049394,7.17927200886808
"1828","35162164B88170081075241",1,608.519112152457,608.519112152457,6.41102832056615
"1829","35162164B88247729447591",1,393.149950340994,393.149950340994,5.97419109212693
"1830","35162164B88315297420476",1,313.849736663274,313.849736663274,5.74891432571037
"1831","35162164B88427883385320",1,4250.7538499012,4250.7538499012,8.35485162263646
"1832","35162164B88480680408023",1,3538.40698790449,3538.40698790449,8.17143190142909
"1833","35162164B88569778097944",1,1740.19109447935,1740.19109447935,7.46175021059173
"1834","35162164B88656538124428",1,575.931793504469,575.931793504469,6.35598923962965
"1835","35162164B8865729404977",1,216.164049171448,216.164049171448,5.37603760632478
"1836","35162164B88924439668944",1,301.409185267024,301.409185267024,5.70846876106653
"1837","35162164B89182870898706",1,2625.2323589946,2625.2323589946,7.87292468882049
"1838","35162164B8946338387222",1,NA,NA,NA
"1839","35162164B89480386947841",1,5568.44313030937,5568.44313030937,8.6248707840324
"1840","35162164B89618160361249",1,37628.9444325853,37628.9444325853,10.5355288319739
"1841","35162164B89833620700240",1,5391.30186190033,5391.30186190033,8.59254216755879
"1842","35162164B89901853898241",1,855.691918496549,855.691918496549,6.75191040306078
"1843","35162164B89920990843468",1,982.320054300055,982.320054300055,6.88991717612961
"1844","35162164B90104213269537",1,7634.60143744953,7634.60143744953,8.94044601425342
"1845","35162164B90129304114534",1,1219.85706611174,1219.85706611174,7.10648897193886
"1846","35162164B90275404298477",1,884.427265690684,884.427265690684,6.78494027809953
"1847","35162164B90437908780159",1,410.786020199388,410.786020199388,6.018072446802
"1848","35162164B90496375174706",1,834.914587577626,834.914587577626,6.72732942929265
"1849","35162164B90501646319876",1,179.109800153062,179.109800153062,5.18799902645888
"1850","35162164B90631715404715",1,5804.11472253037,5804.11472253037,8.66632237992354
"1851","35162164B90727917616152",1,1399.19147087684,1399.19147087684,7.24364982797172
"1852","35162164B90801381088985",1,3050.23763445801,3050.23763445801,8.02297477950346
"1853","35162164B90853337499161",1,1046.4503629593,1046.4503629593,6.95315910928413
"1854","35162164B90999728098455",1,1806.34833841951,1806.34833841951,7.4990625937944
"1855","35162164B91014165776113",1,10687.360742558,10687.360742558,9.27681708322403
"1856","35162164B91042411005085",1,986.376380342931,986.376380342931,6.89403800625011
"1857","35162164B91305720017158",1,5567.67417880249,5567.67417880249,8.62473268356403
"1858","35162164B91625858594399",1,71.2538062655926,71.2538062655926,4.26624823899337
"1859","35162164B91682450620726",1,386.19061697036,386.19061697036,5.95633107392081
"1860","35162164B91850627235480",1,9273.0105267737,9273.0105267737,9.13486336600649
"1861","35162164B91948341108244",1,1037.15207748164,1037.15207748164,6.94423384885782
"1862","35162164B92047869357109",1,596.633900777854,596.633900777854,6.39130369376136
"1863","35162164B92062232277676",1,NA,NA,NA
"1864","35162164B92137147076245",1,NA,NA,NA
"1865","35162164B92247679350017",1,2091.81219806857,2091.81219806857,7.64578604967737
"1866","35162164B92549367267608",1,1299.21783658221,1299.21783658221,7.16951769820958
"1867","35162164B92781238126857",1,6145.6324545021,6145.6324545021,8.72349693851074
"1868","35162164B93120993003597",1,11062.1984878151,11062.1984878151,9.311289033606
"1869","35162164B93275351105411",1,192.197186894625,192.197186894625,5.25852186008478
"1870","35162164B93405453104311",1,1176.58289472027,1176.58289472027,7.07036966443608
"1871","35162164B93697216068198",1,753.270317706272,753.270317706272,6.62442415103697
"1872","35162164B9444925606644",1,1186.0103150785,1186.0103150785,7.07835027688789
"1873","35162164B94591120431982",1,1290.58124754731,1290.58124754731,7.1628479753693
"1874","35162164B94618775040480",1,14574.5235568181,14574.5235568181,9.58703032161531
"1875","35162164B9477131027693",1,75.8023282165751,75.8023282165751,4.32812900743487
"1876","35162164B94814409618708",1,6173.95696887654,6173.95696887654,8.72809523530612
"1877","35162164B94878294408370",1,271.624785099909,271.624785099909,5.60442164741166
"1878","35162164B94885023749257",1,2965.16560211953,2965.16560211953,7.99468816218902
"1879","35162164B94979885438142",1,430.586216988266,430.586216988266,6.06514757556582
"1880","35162164B95023156542012",1,194.280708924681,194.280708924681,5.26930406645524
"1881","35162164B95086429513149",1,7413.92267292106,7413.92267292106,8.91111495378322
"1882","35162164B95182825999511",1,710.972054550685,710.972054550685,6.56663312460139
"1883","35162164B95235010398339",1,7255.2045236486,7255.2045236486,8.88947435563749
"1884","35162164B95277716885398",1,2073.74802937482,2073.74802937482,7.63711289123287
"1885","35162164B95336658593472",1,1269.49304484977,1269.49304484977,7.14637292247653
"1886","35162164B95338494684554",1,2041.85723393422,2041.85723393422,7.62161508145882
"1887","35162164B9540250970382",1,NA,NA,NA
"1888","35162164B95735814838892",1,4534.34347932684,4534.34347932684,8.41943558455603
"1889","35162164B95781779373245",1,579.739036748864,579.739036748864,6.36257806564871
"1890","35162164B95822393911903",1,677.088198536098,677.088198536098,6.51780154291436
"1891","35162164B95972022762023",1,14029.4648927396,14029.4648927396,9.54891503215102
"1892","35162164B95996470591729",1,7576.21797633171,7576.21797633171,8.93276940640709
"1893","35162164B96084595050032",1,4963.81989175864,4963.81989175864,8.50993086278121
"1894","35162164B96250965166702",1,802.088931671053,802.088931671053,6.68721948908935
"1895","35162164B96295666653816",1,757.264219438732,757.264219438732,6.6297122274646
"1896","35162164B96310726996388",1,11078.0299732437,11078.0299732437,9.31271914424417
"1897","35162164B96342745207455",1,105.79961710608,105.79961710608,4.66154690038249
"1898","35162164B96460942686930",1,297.338844554931,297.338844554931,5.69487237923877
"1899","35162164B96583511443133",1,1184.39107523671,1184.39107523671,7.07698406093791
"1900","35162164B96611236567141",1,8536.25071003407,8536.25071003407,9.05207716345398
"1901","35162164B96640931331626",1,1822.57475749469,1822.57475749469,7.50800548224302
"1902","35162164B96692196397264",1,2070.2779798471,2070.2779798471,7.63543816702456
"1903","35162164B96711316915897",1,7529.689047691,7529.689047691,8.92660902481392
"1904","35162164B96714679751706",1,NA,NA,NA
"1905","35162164B96715375867031",1,593.795252555519,593.795252555519,6.386534567275
"1906","35162164B96970037909745",1,8375.46122359109,8375.46122359109,9.03306142665045
"1907","35162164B97038798352871",1,619.270410846144,619.270410846144,6.42854202841755
"1908","35162164B97331945744119",1,742.37700265371,742.37700265371,6.60985720396325
"1909","35162164B97452353995756",1,2026.30126292546,2026.30126292546,7.61396737213786
"1910","35162164B97490588079311",1,110.237801984861,110.237801984861,4.70263986861285
"1911","35162164B97516507779443",1,1755.76791630909,1755.76791630909,7.47066159934936
"1912","35162164B97541519725805",1,2648.57831249303,2648.57831249303,7.88177828916856
"1913","35162164B97593710454644",1,9626.71612117243,9626.71612117243,9.17229744156636
"1914","35162164B97601190647681",1,1068.2344723825,1068.2344723825,6.97376253885332
"1915","35162164B97773298225598",1,288.207045490861,288.207045490861,5.66367912979979
"1916","35162164B9815447309573",1,24359.9842184971,24359.9842184971,10.1006970739787
"1917","35162164B9855276322248",1,20445.095923677,20445.095923677,9.92549832457922
"1918","35162164B9857986666330",1,744.709247255519,744.709247255519,6.61299387006332
"1919","35162164B98657786354217",1,987.642052658185,987.642052658185,6.89532033722284
"1920","35162164B9883700660134",1,2620.79078081983,2620.79078081983,7.87123137595561
"1921","35162164B98907208586584",1,NA,NA,NA
"1922","35162164B98980028218745",1,1900.41304286647,1900.41304286647,7.54982653251089
"1923","35162164B99106227267700",1,24040.072853,24040.072853,10.0874774191354
"1924","35162164B99205050964205",1,189.819675762147,189.819675762147,5.24607454656764
"1925","35162164B99322895276990",1,151.675120863855,151.675120863855,5.0217408706888
"1926","35162164B99467656280123",1,303.970640514441,303.970640514441,5.71693111948721
"1927","35162164B99492645825608",1,409.660285312571,409.660285312571,6.01532824383414
"1928","35162164B99808802322822",1,254.026038350962,254.026038350962,5.53743677495718
"1929","48082658B13739269194746",1,5847.50912329742,5847.50912329742,8.67377105866189
"1930","48082658B15752007893328",1,5408.90474132866,5408.90474132866,8.59580190057356
"1931","48082658B34496181007538",1,415.995654905692,415.995654905692,6.03067481526847
"1932","48082658B37822051650309",1,2776.94268336809,2776.94268336809,7.92910584732717
"1933","48082658B47865873518539",1,123.907995214999,123.907995214999,4.81953931613345
"1934","48082658B58897341989636",1,938.681296281695,938.681296281695,6.84447601401574
"1935","48082658B59083030943668",1,1265.053242869,1265.053242869,7.1428694895004
"1936","48082658B71435976816388",1,629.501966351509,629.501966351509,6.4449289771515
"1937","48082658B75580171821310",1,477.972544966698,477.972544966698,6.16955329353371
"1938","48082658B84329148637899",1,2061.51329039377,2061.51329039377,7.63119559907925
"1939","48082658B99932543232342",1,1933.82141301185,1933.82141301185,7.56725333101113
"1940","50627088B19134439985606",1,196788.106382836,196788.106382836,12.1898828267275
"1941","50627088B45409409089099",1,7398.1164337556,7398.1164337556,8.90898071081351
"1942","50627088B47039366190393",1,180870.794615046,180870.794615046,12.1055382134357
"1943","50627088B64168457575480",1,138400.897704235,138400.897704235,11.8379098084469
"1944","50627088B65687353920950",1,16031.5492263209,16031.5492263209,9.6823138863686
"1945","50627088B87487449340620",1,39497.2436564877,39497.2436564877,10.583986167606
"1946","52423323B10934602069357",1,131976.861116322,131976.861116322,11.7903818916293
"1947","52423323B11217217149990",1,13605.3615252646,13605.3615252646,9.51821922383486
"1948","52423323B12905112958239",1,22173.3213693823,22173.3213693823,10.0066451050738
"1949","52423323B13528942112308",1,34515.37871032,34515.37871032,10.4491602634175
"1950","52423323B13826815912541",1,13919.825229937,13919.825229937,9.54106937848897
"1951","52423323B1474651347139",1,350952.424285696,350952.424285696,12.7684059499156
"1952","52423323B15178674781049",1,7807.44532958334,7807.44532958334,8.96283308683792
"1953","52423323B17101546722120",1,259933.873896336,259933.873896336,12.4681825464821
"1954","52423323B18014802865122",1,105748.533524439,105748.533524439,11.5688192294312
"1955","52423323B18457012552494",1,394935.243449509,394935.243449509,12.8864770898094
"1956","52423323B18472828692910",1,542766.642843988,542766.642843988,13.204434751193
"1957","52423323B18524543454126",1,2439.51578253228,2439.51578253228,7.79955484881163
"1958","52423323B22525297064489",1,39964.3214637831,39964.3214637831,10.5957423716546
"1959","52423323B25245708603821",1,43195.13320409,43195.13320409,10.6734831105732
"1960","52423323B27952664457255",1,190099.144983603,190099.144983603,12.1553010307473
"1961","52423323B29299909449407",1,48270.6549582856,48270.6549582856,10.7845790972032
"1962","52423323B29403129163195",1,195727.051155031,195727.051155031,12.1844763715017
"1963","52423323B35059140048006",1,326701.04205723,326701.04205723,12.6968007872297
"1964","52423323B36093874947415",1,91533.5813666017,91533.5813666017,11.4244611934032
"1965","52423323B36790328551153",1,27922.1477091503,27922.1477091503,10.237175477598
"1966","52423323B37211265449281",1,49281.2268266785,49281.2268266785,10.8052984929194
"1967","52423323B38201258104652",1,13423.1898612148,13423.1898612148,9.50473907685716
"1968","52423323B38524451377565",1,38152.0335473283,38152.0335473283,10.5493343392849
"1969","52423323B38827881811881",1,25445.4336865081,25445.4336865081,10.1442915829535
"1970","52423323B38935818871161",1,28155.348212024,28155.348212024,10.245492605292
"1971","52423323B39160011861592",1,141558.295966221,141558.295966221,11.8604668968497
"1972","52423323B39779994842487",1,37904.8722878097,37904.8722878097,10.5428349392144
"1973","52423323B41510935650721",1,227420.236736397,227420.236736397,12.3345548481438
"1974","52423323B41825478999592",1,378959.42430805,378959.42430805,12.84518441846
"1975","52423323B43258201859657",1,410315.160144358,410315.160144358,12.9246808266737
"1976","52423323B43439565608947",1,44277.7946961416,44277.7946961416,10.6982385819722
"1977","52423323B43963641408818",1,16059.4424111008,16059.4424111008,9.68405226778849
"1978","52423323B44461654915973",1,452455.239999571,452455.239999571,13.0224441201015
"1979","52423323B48942229676406",1,880347.364577609,880347.364577609,13.6880718410426
"1980","52423323B49198903326940",1,43964.7574865787,43964.7574865787,10.6911436257415
"1981","52423323B49272784755567",1,200199.412007889,200199.412007889,12.2070692088354
"1982","52423323B50185112630259",1,33516.6306677765,33516.6306677765,10.4197970324727
"1983","52423323B51460600730955",1,493841.074627465,493841.074627465,13.1099690331294
"1984","52423323B51535248954707",1,46773.5607139888,46773.5607139888,10.7530733802571
"1985","52423323B51894454867093",1,488011.561854934,488011.561854934,13.0980943768803
"1986","52423323B52788200523187",1,250853.962931524,250853.962931524,12.4326262278005
"1987","52423323B55479715593619",1,443486.587676502,443486.587676502,13.0024228382824
"1988","52423323B55850003369586",1,7439.08664514578,7439.08664514578,8.91450335754195
"1989","52423323B5668037178714",1,238157.999256596,238157.999256596,12.3806895948171
"1990","52423323B58317366123226",1,14011.9235837439,14011.9235837439,9.54766393067304
"1991","52423323B58582315603742",1,13993.7851798753,13993.7851798753,9.54636859431445
"1992","52423323B5863423777851",1,26085.5250616444,26085.5250616444,10.1691358441266
"1993","52423323B59309209567710",1,9349.65585204025,9349.65585204025,9.14309481433691
"1994","52423323B60189999590545",1,11883.1096938255,11883.1096938255,9.38287331740331
"1995","52423323B60260447284731",1,55369.7123094357,55369.7123094357,10.9217880140194
"1996","52423323B60614723714205",1,14771.7355170524,14771.7355170524,9.60047087146966
"1997","52423323B68047835703901",1,49925.4194112264,49925.4194112264,10.8182855590745
"1998","52423323B68186618035588",1,3480351.22934037,3480351.22934037,15.0626437746291
"1999","52423323B69845491949418",1,6418.02882833772,6418.02882833772,8.76686631345431
"2000","52423323B72534166962454",1,91587.3948933591,91587.3948933591,11.4250489308585
"2001","52423323B72584832166287",1,89051.1215059268,89051.1215059268,11.3969658827533
"2002","52423323B73218040263092",1,30011.5725343523,30011.5725343523,10.3093383374065
"2003","52423323B73642037306772",1,28704.0018516394,28704.0018516394,10.2647918293666
"2004","52423323B74651487208839",1,1027202.68088526,1027202.68088526,13.8423498218105
"2005","52423323B76793643920341",1,176295.353690084,176295.353690084,12.0799160134731
"2006","52423323B77626952716253",1,53455.1674111948,53455.1674111948,10.8865985892581
"2007","52423323B77931792505034",1,37967.8415749598,37967.8415749598,10.5444948060731
"2008","52423323B82780636991471",1,19310.1786395515,19310.1786395515,9.86838762652174
"2009","52423323B84565222808084",2,939.94688129425,1879.8937625885,7.53897054496585
"2010","52423323B90270003054506",1,120329.96608682,120329.96608682,11.6979929655974
"2011","52423323B92612294973993",1,154346.410568827,154346.410568827,11.9469547745179
"2012","52423323B9469904891992",1,262963.582292578,262963.582292578,12.4797708312016
"2013","52423323B94983475607099",1,899780.354305452,899780.354305452,13.7099059617495
"2014","52423323B95364314409049",1,47893.5642340887,47893.5642340887,10.7767364160024
"2015","52423323B95617372231955",1,43948.5019748471,43948.5019748471,10.6907738177735
"2016","52423323B96631758595189",1,21301.3481447737,21301.3481447737,9.96652564287645
"2017","52423323B97123089850170",1,300095.313023306,300095.313023306,12.6118554132569
"2018","52423323B98740457076881",1,43251.3882518511,43251.3882518511,10.6747846101536
"2019","52511910B10215199478646",2,42952.3389137032,85904.6778274064,11.3609935631533
"2020","52511910B10855589670933",2,23448.8808548695,46897.761709739,10.7557252285565
"2021","52511910B1114695065436",4,198393.406283657,793573.625134628,13.5843015999431
"2022","52511910B11437294536827",4,122067.383630913,488269.534523652,13.0986228572036
"2023","52511910B1170609292065",2,25899.7077038778,51799.4154077556,10.8551341426193
"2024","52511910B12166681712059",3,6705.75592098815,20117.2677629644,9.90933381792306
"2025","52511910B12217989868885",3,32334.797147101,97004.391441303,11.4825115290515
"2026","52511910B12239492719020",2,23354.7625820457,46709.5251640914,10.7517033878288
"2027","52511910B12240276172675",3,39076.010933016,117228.032799048,11.6718763152294
"2028","52511910B1240337598967",3,27250.2426102364,81750.7278307092,11.3114299918478
"2029","52511910B1281835166424",2,4288.70458375475,8577.4091675095,9.05688718505363
"2030","52511910B1289591480139",3,8592.15509659183,25776.4652897755,10.1572171565331
"2031","52511910B132067886793",3,21166.9648947793,63500.8946843379,11.0588092742987
"2032","52511910B13267113488931",3,14542.0096344818,43626.0289034454,10.6834092444059
"2033","52511910B1345857498627",3,2265.73208871329,6797.19626613987,8.82426549233653
"2034","52511910B13500089926277",3,22972.8058957448,68918.4176872344,11.1406787316905
"2035","52511910B1376149917055",3,27327.3927388531,81982.1782165593,11.3142571638024
"2036","52511910B14295991899678",4,31041.7317437512,124166.926975005,11.7293821245744
"2037","52511910B1429973809191",3,17435.8443031208,52307.5329093624,10.8648956723651
"2038","52511910B1435450581762",2,2664.1700603838,5328.3401207676,8.58079504666317
"2039","52511910B14571669428725",2,7458.66132467623,14917.3226493525,9.61027841056086
"2040","52511910B14763561478876",3,12508.968350001,37526.905050003,10.5328134227015
"2041","52511910B14816404731270",2,93235.9668708626,186471.933741725,12.1360360174208
"2042","52511910B14944460308189",3,18575.7299857579,55727.1899572737,10.9282234568497
"2043","52511910B14985671444346",3,135312.709555789,405938.128667367,12.9139560345261
"2044","52511910B15112316927565",4,40187.5628885284,160750.251554114,11.9876072069765
"2045","52511910B15727969780764",3,74428.6630155811,223285.989046743,12.3162086908832
"2046","52511910B16211515353621",3,16472.5028848184,49417.5086544552,10.8080600665854
"2047","52511910B16548233454257",3,3790.45727507673,11371.3718252302,9.33885423252113
"2048","52511910B16992601244944",2,68102.2969383988,136204.593876798,11.8219134010333
"2049","52511910B1724778943765",3,5783.88996565251,17351.6698969575,9.76144402840676
"2050","52511910B17356876538254",3,47742.6326364537,143227.897909361,11.872192332337
"2051","52511910B17390178466990",2,9668.94955752167,19337.8991150433,9.86982213410173
"2052","52511910B17490321584859",4,140555.604862518,562222.419450072,13.2396528147279
"2053","52511910B17517272780410",4,265200.895522736,1060803.58209094,13.8745372751906
"2054","52511910B17799667237096",3,11684.1912894661,35052.5738683983,10.4646043239577
"2055","52511910B18270670997793",3,24114.2349345299,72342.7048035897,11.189169894959
"2056","52511910B1854707671717",4,159292.654323442,637170.617293768,13.3647927437354
"2057","52511910B19191805182315",4,120653.124721429,482612.498885716,13.0869693308964
"2058","52511910B19330386236783",3,39507.2965910226,118521.889773068,11.6828529463213
"2059","52511910B19407638162060",2,2048.21660032259,4096.43320064518,8.31787192300322
"2060","52511910B19586040436612",3,14851.6865829752,44555.0597489256,10.704481001061
"2061","52511910B2005519933546",2,46898.5424908431,93797.0849816862,11.4488890575571
"2062","52511910B2055603825455",3,64208.1955430836,192624.586629251,12.1684984266331
"2063","52511910B21046020325533",3,15450.2739944131,46350.8219832393,10.743994305103
"2064","52511910B21260910933226",1,19606.1269612753,19606.1269612753,9.88359739643446
"2065","52511910B21407702399528",2,584250.026587465,1168500.05317493,13.971231478468
"2066","52511910B21548483035565",3,8952.30143887086,26856.9043166126,10.1982782108891
"2067","52511910B21980317252116",3,2091.27864946793,6273.83594840379,8.7441432405611
"2068","52511910B22102802824180",3,11247.0867741689,33741.2603225067,10.4264767093592
"2069","52511910B2226983620167",3,89159.305484978,267477.916454934,12.4967922866017
"2070","52511910B22297779295169",2,17385.9503141072,34771.9006282144,10.4565648863844
"2071","52511910B22417450396653",3,9701.74534560999,29105.23603683,10.2786733695108
"2072","52511910B23437445078556",4,73309.25556016,293237.02224064,12.5887365106026
"2073","52511910B24095937104675",1,9431.11229785107,9431.11229785107,9.1517693217841
"2074","52511910B24217315836254",2,21056.7747596824,42113.5495193648,10.6481248092057
"2075","52511910B2433100174245",2,84467.3321383593,168934.664276719,12.0372673172425
"2076","52511910B24338772487994",2,7424.49041511891,14848.9808302378,9.60568651091522
"2077","52511910B24425392494170",3,27397.3186048947,82191.9558146841,11.3168127151203
"2078","52511910B24462040337349",4,40072.9298169332,160291.719267733,11.9847506795449
"2079","52511910B24789968471650",2,311337.461274566,622674.922549132,13.3417798679268
"2080","52511910B24890266463781",4,109860.322908587,439441.291634348,12.9932594072857
"2081","52511910B24911018318465",4,79556.2200425552,318224.880170221,12.6705135821818
"2082","52511910B25870488928169",3,1551.38072522768,4654.14217568304,8.4455128925325
"2083","52511910B26024129556324",2,101139.926757584,202279.853515168,12.217407431025
"2084","52511910B26321075911025",2,118543.568997,237087.137994,12.3761830234037
"2085","52511910B26426295483490",3,41478.1986272434,124434.59588173,11.7315355225672
"2086","52511910B26440140856632",3,94302.4789759716,282907.436927915,12.5528750451305
"2087","52511910B26517515062770",3,30946.1642484667,92838.4927454001,11.4386166252867
"2088","52511910B26605642536320",3,15559.6864002013,46679.0592006039,10.7510509319687
"2089","52511910B27035674370402",3,28130.1410487333,84390.4231461999,11.3432092043141
"2090","52511910B27389223998758",3,116504.480362535,349513.441087605,12.764297297964
"2091","52511910B27691000187918",2,121092.037816731,242184.075633462,12.3974533591099
"2092","52511910B27783301561641",1,1175.45240028647,1175.45240028647,7.06940837399689
"2093","52511910B27876515321702",4,54130.1822140049,216520.72885602,12.2854415671348
"2094","52511910B28036042271757",3,174742.28401697,524226.85205091,13.16967979338
"2095","52511910B28406755893597",3,6745.51198916532,20236.535967496,9.91524496090295
"2096","52511910B28476693424992",3,67567.1330484916,202701.399145475,12.2194892349593
"2097","52511910B28710323112279",4,8746.14341544774,34984.573661791,10.4626624907914
"2098","52511910B29261340686380",1,7593.53218164334,7593.53218164334,8.93505213521275
"2099","52511910B29325635095698",2,321081.394593212,642162.789186424,13.3725971162407
"2100","52511910B29818712056723",3,30332.6436180061,90997.9308540183,11.4185920473725
"2101","52511910B30663215399885",3,72200.2588921888,216600.776676566,12.285811199307
"2102","52511910B30709967967550",2,114825.394207428,229650.788414856,12.344315122863
"2103","52511910B30715783231624",3,32122.6763875561,96368.0291626683,11.4759297779012
"2104","52511910B30774246387934",2,24269.2331110894,48538.4662221788,10.7901118805568
"2105","52511910B30880402907345",2,44414.7420645821,88829.4841291642,11.3944739023526
"2106","52511910B3088598520620",2,42258.2644893693,84516.5289787386,11.3447024034321
"2107","52511910B30921209280056",1,4969.03244269477,4969.03244269477,8.51098042059988
"2108","52511910B3092467574862",4,34369.0581050521,137476.232420208,11.8312063260218
"2109","52511910B30977236715140",3,110573.616030036,331720.848090108,12.7120490752064
"2110","52511910B31003231188752",3,22239.6846121207,66719.0538363621,11.1082458558224
"2111","52511910B3118715998086",3,4824.33116137949,14472.9934841385,9.58003967342942
"2112","52511910B31268860247424",4,104800.65962616,419202.63850464,12.9461097061119
"2113","52511910B31717620625581",3,24871.2954444798,74613.8863334394,11.2200819127491
"2114","52511910B3173449865557",4,28780.0961022302,115120.384408921,11.6537336807576
"2115","52511910B31970606922462",3,27949.9308018594,83849.7924055782,11.3367822914651
"2116","52511910B32484376841800",3,4272.31477576461,12816.9443272938,9.45852335005915
"2117","52511910B32855735947523",3,23910.452326016,71731.356978048,11.1806832668008
"2118","52511910B33100646615087",2,58622.7680357176,117245.536071435,11.6720256136984
"2119","52511910B33929030594907",2,105874.780331905,211749.56066381,12.2631595377249
"2120","52511910B34768840903386",4,90598.4542893366,362393.817157346,12.8004867921813
"2121","52511910B3516463668472",2,1982.69054211378,3965.38108422756,8.2853572414877
"2122","52511910B35262105049161",4,42709.3648810814,170837.459524326,12.048467854348
"2123","52511910B3549258104854",3,17238.4405110596,51715.3215331788,10.8535093711991
"2124","52511910B3606287647189",3,17415.1896077174,52245.5688231522,10.8637103590183
"2125","52511910B36399926613491",3,296359.073041358,889077.219124074,13.6979393713809
"2126","52511910B36549244443661",3,3387.33952998725,10162.0185899617,9.22641238151254
"2127","52511910B37391519791178",3,35122.712311225,105368.136933675,11.5652155632536
"2128","52511910B37639564414460",3,40145.5428175822,120436.628452747,11.6988789886199
"2129","52511910B37647459697968",3,25657.2227398844,76971.6682196532,11.2511926879281
"2130","52511910B37723179298847",3,7108.89511363364,21326.6853409009,9.96771440046338
"2131","52511910B38062779232785",2,2788.4716307525,5576.943261505,8.62639610267902
"2132","52511910B38320737099141",3,8998.87032970881,26996.6109891264,10.2034666181871
"2133","52511910B38482668702502",3,227496.854257577,682490.562772731,13.4335039785064
"2134","52511910B39021201460320",3,79816.6160383593,239449.848115078,12.3860992714631
"2135","52511910B39055948947966",2,3926.52485014302,7853.04970028604,8.96865723218282
"2136","52511910B39647585180353",3,73529.6281971732,220588.88459152,12.3040559973676
"2137","52511910B398222474379",2,2311.55774642254,4623.11549284508,8.43882410590526
"2138","52511910B3988585053627",3,1099.18135757478,3297.54407272434,8.10093324999854
"2139","52511910B39925062868722",4,28933.9218837098,115735.687534839,11.6590643144962
"2140","52511910B4018321552262",4,19460.20654799,77840.82619196,11.2624213307804
"2141","52511910B4023851996912",3,11533.3416354977,34600.0249064931,10.4516096808864
"2142","52511910B40379944508344",3,19978.604555119,59935.813665357,11.0010294963454
"2143","52511910B40704082736400",3,158396.204111045,475188.612333135,13.071467082798
"2144","52511910B40762326804108",3,17584.7707842636,52754.3123527908,10.8734007987607
"2145","52511910B40907976300093",2,113502.92471007,227005.84942014,12.3327310645022
"2146","52511910B40932238962124",4,1910.63655304292,7642.54621217168,8.94148610048163
"2147","52511910B41349980343036",3,39913.6329948057,119740.898984417,11.6930855122549
"2148","52511910B41569626445575",3,42978.17351966,128934.52055898,11.767059961909
"2149","52511910B41832053670190",2,80204.6484225695,160409.296845139,11.9854839331161
"2150","52511910B41847670787440",3,1284.35446023431,3853.06338070293,8.25662379419316
"2151","52511910B41918855057041",4,53471.6991576094,213886.796630438,12.2732021663324
"2152","52511910B42295955196197",3,26406.7769794675,79220.3309384025,11.2799882486275
"2153","52511910B42739382471676",3,62182.7179187431,186548.153756229,12.1364446818232
"2154","52511910B42807411813200",3,10086.9279351816,30260.7838055448,10.3176078893712
"2155","52511910B43288181316884",4,54867.4302718376,219469.72108735,12.2989695570497
"2156","52511910B43412485397625",3,49163.1043952181,147489.313185654,11.9015109991586
"2157","52511910B43880613502989",3,26800.0737534166,80400.2212602498,11.2947722071564
"2158","52511910B44183742195819",3,195195.150119633,585585.450358899,13.280367395622
"2159","52511910B44653158831279",3,70844.9202719046,212534.760815714,12.266860834278
"2160","52511910B45067846009416",3,320372.457964127,961117.373892381,13.7758518177392
"2161","52511910B45111644423638",4,189075.757086502,756303.028346008,13.5361974059958
"2162","52511910B45186727587827",3,138026.63206865,414079.89620595,12.9338142201928
"2163","52511910B45758904415578",4,45762.5581726444,183050.232690578,12.1175158897335
"2164","52511910B46327040282414",2,157874.454745809,315748.909491618,12.6627025864985
"2165","52511910B46580896438278",2,20994.0954816761,41988.1909633522,10.6451436901913
"2166","52511910B46875128491",3,145549.453326429,436648.359979287,12.9868834819188
"2167","52511910B47006759189229",3,44540.6113724604,133621.834117381,11.8027689557539
"2168","52511910B47108576517123",2,29955.4195096812,59910.8390193624,11.0006127196429
"2169","52511910B47117449404442",2,13684.0264634878,27368.0529269756,10.2171316605556
"2170","52511910B47244734334087",2,6064.84475169998,12129.6895034,9.4034114041991
"2171","52511910B47715712995546",3,142487.433916506,427462.301749518,12.9656213804285
"2172","52511910B47928826922149",3,1408.64493400085,4225.93480200255,8.34899577022986
"2173","52511910B4802898208422",4,22652.447360511,90609.789442044,11.4143175374306
"2174","52511910B48556697809502",3,34294.2763389438,102882.829016831,11.541346037313
"2175","52511910B4874504546565",3,237442.99770669,712328.99312007,13.476295152662
"2176","52511910B48822656668811",2,5412.83152380259,10825.6630476052,9.28967480250576
"2177","52511910B49041277824691",2,2580.90159428264,5161.80318856528,8.54904125257869
"2178","52511910B49192689587509",3,8227.51116175236,24682.5334852571,10.1138511261243
"2179","52511910B49246730473855",2,52487.8193352169,104975.638670434,11.561483589558
"2180","52511910B49284203349487",2,25829.56062921,51659.12125842,10.8524220564088
"2181","52511910B49336497562900",2,125199.813427139,250399.626854278,12.4308134280084
"2182","52511910B49397347460294",2,19178.9663709938,38357.9327419876,10.5547166365647
"2183","52511910B4946947315760",4,90413.7014327449,361654.80573098,12.7984454605369
"2184","52511910B49492134849249",4,64092.4285748509,256369.714299404,12.454375878095
"2185","52511910B49637011657057",3,39484.7479997593,118454.243999278,11.6822820384029
"2186","52511910B4969786063416",2,11105.1877630345,22210.375526069,10.008314824718
"2187","52511910B49699122775209",3,12748.9314718566,38246.7944155698,10.5518150296139
"2188","52511910B49735999236113",3,8029.49227526026,24088.4768257808,10.0894888651243
"2189","52511910B50234287801955",3,25330.1522093946,75990.4566281838,11.238363040702
"2190","52511910B50474008293669",2,221612.219265339,443224.438530678,13.0018315539841
"2191","52511910B50770239456778",3,34187.8235359117,102563.470607735,11.538237111361
"2192","52511910B51634678228857",3,161565.104860733,484695.314582199,13.0912757551521
"2193","52511910B51671938708352",3,5395.51250112296,16186.5375033689,9.69193515742278
"2194","52511910B5173446134858",3,30313.6152020495,90940.8456061485,11.4179645258419
"2195","52511910B52040400722593",3,39840.075756704,119520.227270112,11.6912409018885
"2196","52511910B52167757698823",3,32654.5343757064,97963.6031271192,11.4923512920058
"2197","52511910B52234359951443",4,43930.4463478986,175721.785391594,12.0766572584728
"2198","52511910B52477730632252",4,25878.2215213659,103512.886085464,11.5474513871789
"2199","52511910B53055897182204",4,14447.1776078485,57788.710431394,10.9645487143266
"2200","52511910B53218930904512",3,3814.93095280699,11444.792858421,9.34529013335184
"2201","52511910B53442502489936",2,164385.705442773,328771.410885546,12.7031179885223
"2202","52511910B53659520741831",3,56982.3314910763,170946.994473229,12.0491088135922
"2203","52511910B53728166380969",3,19796.742006913,59390.226020739,10.9918849467063
"2204","52511910B54123288304078",3,23625.8975420687,70877.6926262061,11.1687110315071
"2205","52511910B54132966107148",3,53818.6978640647,161456.093592194,11.9919885183803
"2206","52511910B54429610497624",4,161123.148758,644492.595032,13.3762186118183
"2207","52511910B54492038659997",3,25950.6616103812,77851.9848311436,11.2625646725202
"2208","52511910B54544949915679",4,124637.031233873,498548.124935492,13.1194554032138
"2209","52511910B54921877123299",2,21067.087335878,42134.174671756,10.6486144403026
"2210","52511910B55440888068193",3,4610.33822772353,13831.0146831706,9.53466879023723
"2211","52511910B55503333028627",4,31962.2776450383,127849.110580153,11.7586060239501
"2212","52511910B55551570232595",3,55043.3686846162,165130.106053849,12.0144889637014
"2213","52511910B55567443002533",3,6265.11984766846,18795.3595430054,9.84136528553094
"2214","52511910B55591891530874",3,11835.8357550258,35507.5072650774,10.4774994253621
"2215","52511910B558444185686",3,71004.2849469571,213012.854840871,12.2691077942361
"2216","52511910B56209015841977",4,142445.448392377,569781.793569508,13.253008748218
"2217","52511910B56958480946992",2,81006.5689972583,162013.137994517,11.9954327096578
"2218","52511910B57035161982504",2,176416.031803459,352832.063606918,12.7737474822247
"2219","52511910B57239711193520",3,46977.9466523422,140933.839957027,11.8560458390791
"2220","52511910B57344020400583",2,316120.462103267,632240.924206534,13.3570258096748
"2221","52511910B57885575775117",3,180654.5519735,541963.6559205,13.2029542226762
"2222","52511910B57972476709593",1,14926.5399452486,14926.5399452486,9.61089611184935
"2223","52511910B58011485138839",2,3987.28614392645,7974.5722878529,8.98401329459763
"2224","52511910B5845387986633",4,7282.61911479473,29130.4764591789,10.2795402061252
"2225","52511910B58943778362560",4,13435.3953721343,53741.5814885372,10.8919423102541
"2226","52511910B59176200579981",3,25740.0531520724,77220.1594562172,11.2544158347762
"2227","52511910B59203276225690",3,5314.64732965596,15943.9419889679,9.67683422346202
"2228","52511910B59245920767717",3,10830.261696131,32490.785088393,10.3887117923722
"2229","52511910B59360103371589",3,8584.9680783506,25754.9042350518,10.1563803436877
"2230","52511910B59553354826271",4,10413.1536394624,41652.6145578496,10.6371194201229
"2231","52511910B59671861776280",3,10230.2449108837,30690.7347326511,10.3317160877851
"2232","52511910B59824272814460",4,66916.3523516138,267665.409406455,12.4974930071381
"2233","52511910B60061263127196",3,29661.2926690887,88983.8780072661,11.3962104863196
"2234","52511910B60889717547120",2,194796.007452035,389592.01490407,12.8728553549144
"2235","52511910B61192023784720",4,16227.3283285965,64909.313314386,11.0807463949296
"2236","52511910B61439489120441",4,57246.6950567267,228986.780226907,12.3414195526033
"2237","52511910B6162382764157",3,237930.955600289,713792.866800867,13.478348096714
"2238","52511910B61676244874246",3,21690.6599589048,65071.9798767144,11.0832493189005
"2239","52511910B61790844495814",4,25006.8252770444,100027.301108178,11.5131984387913
"2240","52511910B62200479590982",3,6648.0256298747,19944.0768896241,9.90068748047194
"2241","52511910B62500214534323",2,107.477170640945,214.95434128189,5.37042563944404
"2242","52511910B62556379472396",2,5802.74355905138,11605.4871181028,9.3592332926749
"2243","52511910B62562257240113",4,111305.453520379,445221.814081516,13.0063278955693
"2244","52511910B62922031863482",2,5765.25214564375,11530.5042912875,9.35275134962561
"2245","52511910B63167976390159",3,15744.9462723514,47234.8388170542,10.7628870098348
"2246","52511910B63672424305930",3,18221.8003546361,54665.4010639083,10.9089862666003
"2247","52511910B63745543652662",3,53471.2435570438,160413.730671131,11.9855115734387
"2248","52511910B6389603869041",2,470404.07050593,940808.14101186,13.7544945093755
"2249","52511910B648094459248",4,52509.9648322926,210039.85932917,12.255052598018
"2250","52511910B65003852157868",3,12145.7412669501,36437.2238008503,10.5033461629845
"2251","52511910B65196754917234",3,65462.6032301525,196387.809690457,12.1878466041903
"2252","52511910B65674101735888",3,27930.1297679414,83790.3893038242,11.3360735937813
"2253","52511910B65736953470193",4,14640.7555288614,58563.0221154456,10.9778587544663
"2254","52511910B66300742055958",3,9167.08577029053,27501.2573108716,10.2219870030048
"2255","52511910B66393591343605",3,23276.7334182459,69830.2002547377,11.1538218635825
"2256","52511910B66525116512935",4,26992.7929349506,107971.171739802,11.5896195421395
"2257","52511910B66692058551395",4,83979.8366531599,335919.34661264,12.7246263702878
"2258","52511910B67044835484249",2,30824.8369303049,61649.6738606098,11.0292232184019
"2259","52511910B67072521171420",2,3904.61631893393,7809.23263786786,8.96306198421238
"2260","52511910B67244265985329",3,48534.6281533913,145603.884460174,11.8886450933736
"2261","52511910B67503722299641",3,124174.470500581,372523.411501743,12.8280551644959
"2262","52511910B67569609565838",4,86500.4303506875,346001.72140275,12.7541990291799
"2263","52511910B67622492960002",3,23523.7846432274,70571.3539296822,11.1643795894376
"2264","52511910B68145786967648",4,75120.6361974045,300482.544789618,12.6131449440477
"2265","52511910B68305869820707",4,39203.5225520024,156814.09020801,11.9628162438817
"2266","52511910B68505135665197",2,384650.873819369,769301.747638738,13.5532385611703
"2267","52511910B68559401871490",2,133999.004958158,267998.009916316,12.49873483378
"2268","52511910B68600157990452",3,11857.8286224187,35573.4858672561,10.4793558603448
"2269","52511910B68602378722707",3,79447.4999024022,238342.499707207,12.3814639925784
"2270","52511910B69050472249631",4,16696.734951747,66786.939806988,11.1092628285384
"2271","52511910B69477070610060",3,4003.25011066964,12009.7503320089,9.39347412651564
"2272","52511910B70153095650041",3,3800.96470776018,11402.8941232805,9.34162247262614
"2273","52511910B70290379794397",2,58202.3675758457,116404.735151691,11.6648284934494
"2274","52511910B70456030054544",2,1395.77587998395,2791.5517599679,7.93435290656952
"2275","52511910B70473175587181",4,4647.99062728237,18591.9625091295,9.83048464314409
"2276","52511910B70638918104863",3,28018.9054412931,84056.7163238793,11.3392470443162
"2277","52511910B71032150875325",3,12579.1243711917,37737.3731135751,10.5384062116663
"2278","52511910B71538284073489",3,3652.71370703094,10958.1411210928,9.30183794037762
"2279","52511910B71690687423925",3,18789.7941940947,56369.3825822841,10.939681428067
"2280","52511910B72557613719767",2,291011.877822661,582023.755645322,13.2742665431406
"2281","52511910B73336698759549",3,32125.398296826,96376.194890478,11.4760145091336
"2282","52511910B75183314272458",3,34026.8806370386,102080.641911116,11.5335183868731
"2283","52511910B75402986028359",2,76112.2841885182,152224.568377036,11.9331121330452
"2284","52511910B76288634877329",2,51055.4510398338,102110.902079668,11.5338147769016
"2285","52511910B76622709081814",3,1944.02860578708,5832.08581736124,8.67112998849128
"2286","52511910B76643025216805",4,229719.656148989,918878.624595956,13.7309093192704
"2287","52511910B76864499188928",3,4751.71955210681,14255.1586563204,9.56487413115649
"2288","52511910B77222989775801",2,5156.09022085014,10312.1804417003,9.24108104269133
"2289","52511910B77517078586613",3,81724.1345368948,245172.403610684,12.4097169302613
"2290","52511910B77588417233313",3,32086.7471146583,96260.2413439749,11.4748106500633
"2291","52511910B7774942695724",2,22416.2045513773,44832.4091027546,10.710686574335
"2292","52511910B78140930961679",3,2623.65423473565,7870.96270420695,8.97093565975071
"2293","52511910B78362812420952",3,212607.383614559,637822.150843677,13.3658147630329
"2294","52511910B78382154896940",4,1842.43512072541,7369.74048290164,8.90513777193133
"2295","52511910B7838707993704",4,22431.5432890199,89726.1731560796,11.4045177909493
"2296","52511910B78526013910080",2,8479.53863888717,16959.0772777743,9.73855850207424
"2297","52511910B78624558885304",4,65982.9231519714,263931.692607886,12.4834456085278
"2298","52511910B79023193352255",4,34908.1007888654,139632.403155462,11.8467685566702
"2299","52511910B79239618011253",2,175629.169198591,351258.338397182,12.7692772385574
"2300","52511910B79351211043156",4,83650.607763105,334602.43105242,12.7206983330566
"2301","52511910B79904820365756",4,32555.1473799105,130220.589519642,11.7769851338858
"2302","52511910B79940153361499",3,15881.6171213555,47644.8513640665,10.771529852123
"2303","52511910B80020209032330",4,45925.5305311882,183702.122124753,12.1210708232582
"2304","52511910B80553421723016",4,82338.5913986535,329354.365594614,12.7048895491643
"2305","52511910B80611967822771",3,31157.3198450779,93471.9595352337,11.4454167722795
"2306","52511910B80613047181881",3,14050.0839020485,42150.2517061455,10.6489959350882
"2307","52511910B80624224978544",3,13393.1703783076,40179.5111349228,10.6011124714189
"2308","52511910B81270804246754",3,31865.5147802851,95596.5443408553,11.467891951324
"2309","52511910B81672195550340",3,104073.4467759,312220.3403277,12.6514644365354
"2310","52511910B81807770672257",2,435442.815084954,870885.630169908,13.6772659385676
"2311","52511910B81868017791126",4,13768.6092880642,55074.4371522568,10.9164409519589
"2312","52511910B82181877276071",4,24513.1924572566,98052.7698290264,11.4932610803742
"2313","52511910B82353065981408",4,9630.46389282006,38521.8555712802,10.5589810363843
"2314","52511910B82588790657213",3,12455.4734630569,37366.4203891707,10.5285277295365
"2315","52511910B82760897224923",3,24238.8050417733,72716.4151253199,11.1943224306797
"2316","52511910B83187520966287",3,77753.0328131203,233259.098439361,12.3599051251915
"2317","52511910B83254623159264",3,71176.2103407358,213528.631022207,12.2715262058083
"2318","52511910B83654747413473",3,71328.0199319184,213984.059795755,12.273656804294
"2319","52511910B8366046265197",3,1207.53109391001,3622.59328173003,8.19494542451341
"2320","52511910B83755823779571",3,27366.6859874982,82100.0579624946,11.315694001439
"2321","52511910B84130893113897",2,183535.271198837,367070.542397674,12.8133093221837
"2322","52511910B84254778922177",3,2952.18480742546,8856.55442227638,9.08891307657033
"2323","52511910B8433520860340",3,11802.2460830376,35406.7382491128,10.4746574270285
"2324","52511910B8555120582575",2,81338.2371105093,162676.474221019,11.999518686692
"2325","52511910B85663060935330",3,42555.1014149605,127665.304244882,11.7571673077266
"2326","52511910B85672644454395",2,199376.204509155,398752.40901831,12.8960959744882
"2327","52511910B8569683364670",3,113657.618074902,340972.854224706,12.7395581467177
"2328","52511910B85706759339541",2,30974.1142734191,61948.2285468382,11.0340542917629
"2329","52511910B86399036189677",3,23245.2538153164,69735.7614459492,11.1524685418692
"2330","52511910B8640641883305",4,12882.7462890838,51530.9851563352,10.849938559252
"2331","52511910B86463604693023",3,23445.7277600537,70337.1832801611,11.1610558608725
"2332","52511910B86635109020715",3,9467.50448644283,28402.5134593285,10.2542329223223
"2333","52511910B86664130512952",3,4308.93482914241,12926.8044874272,9.46705830181181
"2334","52511910B86675185737242",2,135377.136614934,270754.273229868,12.5089669476745
"2335","52511910B86901151057582",4,34966.1571265336,139864.628506134,11.8484302945622
"2336","52511910B8694284014765",3,24551.083487671,73653.250463013,11.2071235548343
"2337","52511910B87526029786391",3,11794.3539292896,35383.0617878688,10.4739885040448
"2338","52511910B87738681480797",3,2218.63634901119,6655.90904703357,8.80326031759902
"2339","52511910B88737921309662",4,241709.403106948,966837.612427792,13.7817858310967
"2340","52511910B89393531563013",4,113987.207476982,455948.829907928,13.0301358670857
"2341","52511910B89557374460695",4,2360.24675521572,9440.98702086288,9.15281581096861
"2342","52511910B90052363141845",3,8455.1459109288,25365.4377327864,10.141142807206
"2343","52511910B9027234137610",3,23583.5704192873,70750.7112578619,11.1669178685696
"2344","52511910B9049907467318",3,2708.86428828557,8126.59286485671,9.00289703288909
"2345","52511910B90712224530022",4,82217.690041442,328870.760165768,12.7034201263272
"2346","52511910B90795941917739",3,8862.5317313468,26587.5951940404,10.1882000399079
"2347","52511910B90991611037176",2,2897.37504086828,5794.75008173656,8.66470762831007
"2348","52511910B91175598455743",3,18508.3859122923,55525.1577368769,10.9245914895848
"2349","52511910B91354507826004",3,184432.115544448,553296.346633344,13.2236490259968
"2350","52511910B92065650444302",2,76663.0844749502,153326.1689499,11.9403227544658
"2351","52511910B92188863099631",4,57763.2316546456,231052.926618582,12.350402082821
"2352","52511910B92709587856848",4,43085.7124111856,172342.849644742,12.0572410836735
"2353","52511910B92990516943265",4,61824.0072630206,247296.029052082,12.4183413961711
"2354","52511910B93540688501820",4,49218.361680134,196873.446720536,12.1903163988574
"2355","52511910B93844416805291",4,33808.8841643475,135235.53665739,11.8147732531523
"2356","52511910B93975188491166",3,8056.87195247399,24170.615857422,10.0928929536138
"2357","52511910B94067910328765",3,31795.1636079822,95385.4908239466,11.4656817580706
"2358","52511910B94409074074623",3,10998.6011481169,32995.8034443507,10.404135664009
"2359","52511910B94458762678017",2,35428.7410303989,70857.4820607978,11.1684258437886
"2360","52511910B94488542881377",3,38829.7423969807,116489.227190942,11.6655540772482
"2361","52511910B94627775761425",3,38961.2532264999,116883.7596795,11.6689352129119
"2362","52511910B94675128167590",2,199922.889703433,399845.779406866,12.8988342002632
"2363","52511910B95098417504855",3,24992.3168573516,74976.9505720548,11.2249360195783
"2364","52511910B95362195406961",2,98742.763274044,197485.526548088,12.1934205773371
"2365","52511910B95398494564210",3,23388.6341965985,70165.9025897955,11.1586177539206
"2366","52511910B954183777842",3,123136.712391023,369410.137173069,12.8196627886368
"2367","52511910B95850947838113",4,38667.432616068,154669.730464272,11.9490473513803
"2368","52511910B95876228816034",2,17163.3771300842,34326.7542601684,10.4436803366913
"2369","52511910B95956240331763",4,70399.1804496252,281596.721798501,12.5482312618577
"2370","52511910B96063333949316",3,26877.5978774906,80632.7936324718,11.2976607146352
"2371","52511910B96194264601254",3,260881.66878419,782645.00635257,13.570434495861
"2372","52511910B96314718972571",3,7454.37559602826,22363.1267880848,10.0151687559579
"2373","52511910B9639721186799",3,18713.9977560549,56141.9932681647,10.9356393545967
"2374","52511910B96811995525646",2,7029.20097992507,14058.4019598501,9.55097550028839
"2375","52511910B97040583536387",2,260324.732333251,520649.464666502,13.1628322817553
"2376","52511910B97060806511909",3,14934.9128899181,44804.7386697543,10.7100691866879
"2377","52511910B97228601381981",2,90736.2811372127,181472.562274425,12.1088597492177
"2378","52511910B97258167764484",3,160587.11944989,481761.35834967,13.0852041632684
"2379","52511910B97596648855860",4,13782.7621692004,55131.0486768016,10.9174683332929
"2380","52511910B98030585757527",2,203382.010529032,406764.021058064,12.9159884954351
"2381","52511910B98629971413037",2,137499.323442482,274998.646884964,12.5245214562183
"2382","52511910B98838605252897",3,119279.369154057,357838.107462171,12.7878359493105
"2383","52511910B98966812491458",2,10909.6829015293,21819.3658030586,9.99055319402693
"2384","52511910B99182661436347",4,13396.0633909476,53584.2535637904,10.8890105271031
"2385","52511910B99479800826846",3,25035.7800901642,75107.3402704926,11.2266735729293
"2386","52511910B99923381863543",3,293209.384953203,879628.154859609,13.6872545458585
"2387","57096268B177802279293",1,64155.0694141801,64155.0694141801,11.0690583913047
"2388","75667366B10388242457894",1,194092.760115895,194092.760115895,12.1760914686979
"2389","75667366B12605402479047",1,25173.1773148403,25173.1773148403,10.1335343143635
"2390","75667366B15173471690010",1,15748.1493338029,15748.1493338029,9.66447813473412
"2391","75667366B15343740058424",1,37421.3320335983,37421.3320335983,10.5299961960304
"2392","75667366B18879934460880",1,58487.3106262943,58487.3106262943,10.97656509732
"2393","75667366B19835862496893",1,43096.1302789917,43096.1302789917,10.6711884873508
"2394","75667366B2002412802844",1,36337.1869747072,36337.1869747072,10.5005969304429
"2395","75667366B23380456359307",1,72619.9883357863,72619.9883357863,11.1929954843485
"2396","75667366B24420351946505",1,124638.194328925,124638.194328925,11.7331703739082
"2397","75667366B25903359168563",1,69896.8331848291,69896.8331848291,11.1547756222575
"2398","75667366B26845086877570",1,86909.0697072976,86909.0697072976,11.3726176752814
"2399","75667366B27255150678965",1,47031.2884702855,47031.2884702855,10.7585683713379
"2400","75667366B29476094069096",1,18691.1339454676,18691.1339454676,9.83580456984876
"2401","75667366B3039479778897",1,31214.0011466018,31214.0011466018,10.3486220278361
"2402","75667366B31265103522165",1,76121.1806178752,76121.1806178752,11.2400818312461
"2403","75667366B3179564295802",1,22046.4497857471,22046.4497857471,10.0009068604628
"2404","75667366B37088337934130",1,459741.697297517,459741.697297517,13.0384200831355
"2405","75667366B38367821610265",1,26273.7446282428,26273.7446282428,10.1763254164208
"2406","75667366B38669823996593",1,24271.0764393129,24271.0764393129,10.0970406504076
"2407","75667366B39202767563909",1,26768.1612178612,26768.1612178612,10.1949684459917
"2408","75667366B39781215847289",1,28083.2095910183,28083.2095910183,10.2429271532822
"2409","75667366B40759243895064",1,114884.841172522,114884.841172522,11.6516855245199
"2410","75667366B41352944230479",1,16365.8739121445,16365.8739121445,9.70295358680154
"2411","75667366B41426179995922",1,21389.3333406618,21389.3333406618,9.97064763472127
"2412","75667366B41492213391879",1,104520.113926574,104520.113926574,11.5571348096318
"2413","75667366B44494476895893",1,79419.7639156843,79419.7639156843,11.2825025320755
"2414","75667366B44844501353027",1,69513.3189015316,69513.3189015316,11.1492736520635
"2415","75667366B45419331747538",1,39576.0624192818,39576.0624192818,10.5859797301067
"2416","75667366B46102635862321",1,101182.634547105,101182.634547105,11.524682425727
"2417","75667366B46145165221806",1,92885.987408893,92885.987408893,11.4391280782141
"2418","75667366B4706922994966",1,132831.538524061,132831.538524061,11.7968369767145
"2419","75667366B47492070798991",1,33307.2283379463,33307.2283379463,10.4135297196185
"2420","75667366B49025507333210",1,28514.848672625,28514.848672625,10.2581802366372
"2421","75667366B49196044130673",1,72743.9048346566,72743.9048346566,11.1947003991823
"2422","75667366B497077547550",1,145550.698149326,145550.698149326,11.8882797457911
"2423","75667366B5141529927700",1,61647.8840359694,61647.8840359694,11.029194185797
"2424","75667366B52062801683075",1,18786.9834918873,18786.9834918873,9.8409195415682
"2425","75667366B525406555467",1,68582.3868656072,68582.3868656072,11.1357910295175
"2426","75667366B53824695685103",1,97652.2042552301,97652.2042552301,11.4891675090683
"2427","75667366B54940747369705",1,77918.781457878,77918.781457878,11.2634222998199
"2428","75667366B55450845848024",1,37002.9877112948,37002.9877112948,10.5187539373203
"2429","75667366B56415669308485",1,20720.5717175831,20720.5717175831,9.9388822885402
"2430","75667366B58223785748914",1,61346.692128715,61346.692128715,11.0242965306531
"2431","75667366B5928073683426",1,30002.0119859015,30002.0119859015,10.3090197245922
"2432","75667366B60114686204489",1,18360.5021458132,18360.5021458132,9.8179570137903
"2433","75667366B62455388286151",1,61978.6764904278,61978.6764904278,11.0345456772968
"2434","75667366B62928460103923",1,40362.8606036902,40362.8606036902,10.6056653491534
"2435","75667366B65149533303144",1,32014.7287869381,32014.7287869381,10.3739513504798
"2436","75667366B66529798652377",1,154166.393347193,154166.393347193,11.9457877743819
"2437","75667366B66642132315537",1,33252.7999889771,33252.7999889771,10.4118942527333
"2438","75667366B66908051996326",1,59616.0222576229,59616.0222576229,10.9956796467511
"2439","75667366B67206365133341",1,10248.2246093097,10248.2246093097,9.23485976071633
"2440","75667366B69202185225589",1,8352.85693896595,8352.85693896595,9.03035890770465
"2441","75667366B7074170291446",1,56779.2796095884,56779.2796095884,10.9469267425493
"2442","75667366B70751681444112",1,118916.093057002,118916.093057002,11.6861734230322
"2443","75667366B72473928882218",1,58563.5050855312,58563.5050855312,10.9778670014466
"2444","75667366B7302956753404",1,278179.622620866,278179.622620866,12.5360223085597
"2445","75667366B76286790485914",1,17425.6460016509,17425.6460016509,9.765698308207
"2446","75667366B78870807940351",1,26065.0203314905,26065.0203314905,10.1683494772322
"2447","75667366B79362742658144",1,25127.8458334352,25127.8458334352,10.1317319059496
"2448","75667366B80263662304106",1,42349.2678543596,42349.2678543596,10.6537064119581
"2449","75667366B80682104725187",1,55039.6001879902,55039.6001879902,10.9158082085545
"2450","75667366B81992415495720",1,61501.3568200833,61501.3568200833,11.0268145156664
"2451","75667366B82556438360114",1,39628.6404395924,39628.6404395924,10.5873073792521
"2452","75667366B83086301322967",1,37121.5631253461,37121.5631253461,10.5219532960713
"2453","75667366B8388196899019",1,28586.5655845709,28586.5655845709,10.2606921516428
"2454","75667366B86823637835543",1,165689.02370306,165689.02370306,12.0178679592354
"2455","75667366B86860977517537",1,73815.6579137477,73815.6579137477,11.2093261549373
"2456","75667366B87194513843542",1,58631.7124012758,58631.7124012758,10.9790309964442
"2457","75667366B87842371437689",1,23308.9698683467,23308.9698683467,10.0565935383612
"2458","75667366B89140663288606",1,135931.179868543,135931.179868543,11.8199040062632
"2459","75667366B89584469308542",1,38930.1012529203,38930.1012529203,10.5695230414981
"2460","75667366B90097717371430",1,36836.7704680536,36836.7704680536,10.5142518227929
"2461","75667366B90563155997798",1,25631.4952809683,25631.4952809683,10.1515771587008
"2462","75667366B91463258125198",1,27411.2337129853,27411.2337129853,10.2187081978784
"2463","75667366B93291752136089",1,27057.8103582193,27057.8103582193,10.2057309804248
"2464","75667366B93303026760321",1,55010.8177196806,55010.8177196806,10.9152851306869
"2465","75667366B93984391338935",1,36130.030032077,36130.030032077,10.4948796553641
"2466","75667366B96454310315942",1,194149.188097164,194149.188097164,12.1763821533183
"2467","75667366B96937661980351",1,38344.2260374848,38344.2260374848,10.5543592358118
"2468","75667366B9750656068001",1,27937.6717218123,27937.6717218123,10.2377312979791
"2469","75667366B98184381496608",1,80538.4480935577,80538.4480935577,11.2964899654534
"2470","75667366B9933164592246",1,245161.080553174,245161.080553174,12.4096707451327
"2471","76128533B91881382098572",1,1659667.23220248,1659667.23220248,14.3221276777088
"2472","77236927B10986826820410",2,999.422812721387,1998.84562544277,7.60032510562677
"2473","77236927B11071622458470",1,1938.64946099375,1938.64946099375,7.56974685550264
"2474","77236927B11778048532769",2,932.846813985095,1865.69362797019,7.53138818141606
"2475","77236927B15473640252363",2,913.482764598787,1826.96552919757,7.51041168876574
"2476","77236927B16584952276885",2,2239.63588517861,4479.27177035722,8.4072157609366
"2477","77236927B16755152791685",2,2162.54798572907,4325.09597145814,8.3721896090523
"2478","77236927B17135940935596",2,3703.68682214905,7407.3736442981,8.9102312214957
"2479","77236927B19394632379581",1,6610.22634620341,6610.22634620341,8.79637317525543
"2480","77236927B20475273490027",1,1272.75112794819,1272.75112794819,7.14893607901123
"2481","77236927B21234024058134",2,1060.59998081267,2121.19996162534,7.65973722717196
"2482","77236927B23242879306276",2,3296.63233622969,6593.26467245938,8.79380390277278
"2483","77236927B24909731902413",1,4173.54753268576,4173.54753268576,8.33652168039228
"2484","77236927B26807877785061",1,3240.18818667279,3240.18818667279,8.08338668940608
"2485","77236927B27410418950848",2,4900.1987713456,9800.3975426912,9.19017822941664
"2486","77236927B2761964185252",2,2704.77297668219,5409.54595336438,8.59592044102904
"2487","77236927B27814537301823",2,3040.95735059169,6081.91470118338,8.71307484334175
"2488","77236927B32680405740537",2,NA,NA,NA
"2489","77236927B36499931511312",2,2658.60691202753,5317.21382405506,8.57870472786501
"2490","77236927B38715927177991",1,2948.33950246477,2948.33950246477,7.98899741033674
"2491","77236927B39670792397739",2,30235.9914124096,60471.9828248192,11.0099354429532
"2492","77236927B40431360126678",1,3836.87033006324,3836.87033006324,8.25241229506116
"2493","77236927B47218530990891",1,1091.6176733264,1091.6176733264,6.99541597899847
"2494","77236927B51416444743643",2,1907.3947624463,3814.7895248926,8.24664077178838
"2495","77236927B5490091431503",2,4518.05271155904,9036.10542311808,9.10898354453157
"2496","77236927B59461179812420",2,2375.23298713738,4750.46597427476,8.46599799206453
"2497","77236927B63418931336998",1,504.116001447856,504.116001447856,6.22280640319114
"2498","77236927B64905396997634",2,5159.78870254368,10319.5774050874,9.24179808907767
"2499","77236927B6539808470139",2,5416.35910424407,10832.7182084881,9.29032629728269
"2500","77236927B67571127096265",2,1271.73053413524,2543.46106827048,7.84128105778455
"2501","77236927B67758893467366",1,6538.21821103169,6538.21821103169,8.78541996253504
"2502","77236927B69269343415786",1,2773.08065743458,2773.08065743458,7.92771413189835
"2503","77236927B70121045858985",2,2629.38333680236,5258.76667360472,8.56765180554001
"2504","77236927B7031422019545",1,3952.58715957658,3952.58715957658,8.28212562059927
"2505","77236927B71259350499613",2,851.532998257726,1703.06599651545,7.44018543300368
"2506","77236927B73444068942664",1,2435.30805645567,2435.30805645567,7.79782853940618
"2507","77236927B73770222811595",2,1383.6839294357,2767.3678588714,7.9256519159709
"2508","77236927B78933945874407",2,1785.39837508458,3570.79675016916,8.18054402919198
"2509","77236927B80852571944001",2,2124.7164822324,4249.4329644648,8.35454083289128
"2510","77236927B82266009819224",1,750.275394956499,750.275394956499,6.62044033240674
"2511","77236927B82748520253825",1,1843.8933984077,1843.8933984077,7.51963459247135
"2512","77236927B83961897513760",2,712.847576889813,1425.69515377963,7.26241480096751
"2513","77236927B84597259035429",2,6346.59749236031,12693.1949847206,9.44882130086482
"2514","77236927B85216783558225",2,9739.06772072247,19478.1354414449,9.87704785605714
"2515","77236927B86395134968187",1,1093.71988765618,1093.71988765618,6.99733990600705
"2516","77236927B86415153324425",1,4032.25836263436,4032.25836263436,8.30208188573261
"2517","77236927B87876939805141",2,1538.93890010221,3077.87780020442,8.03199561257252
"2518","77236927B87914906430322",1,2647.7895495991,2647.7895495991,7.88148043867165
"2519","77236927B89058038610930",1,546.019939920098,546.019939920098,6.30265549507825
"2520","77236927B93199120734028",2,2837.08296746903,5674.16593493806,8.6436788597311
"2521","77236927B97442931027551",1,1347.05080154769,1347.05080154769,7.20567289028545
"2522","77236927B97444346691075",1,314.880374254882,314.880374254882,5.7521928024267
"2523","79465075B12175852129517",1,49466.8515457072,49466.8515457072,10.8090580584872
"2524","79465075B20471919033812",1,88712.7921244687,88712.7921244687,11.3931593757625
"2525","79465075B23943610665473",1,20834.4645580452,20834.4645580452,9.94436384436843
"2526","79465075B26662084929959",1,21018.3208015634,21018.3208015634,9.95314975549126
"2527","79465075B2800048141456",1,16301.4274118965,16301.4274118965,9.69900795424271
"2528","79465075B29101343458737",1,17173.3893490938,17173.3893490938,9.7511163338921
"2529","79465075B29604867633206",1,74619.0567463495,74619.0567463495,11.2201512059334
"2530","79465075B31281143780542",1,48331.2550088329,48331.2550088329,10.7858337319928
"2531","79465075B33979032902189",1,25238.4172436708,25238.4172436708,10.136122606435
"2532","79465075B39749576611846",1,55338.8834657695,55338.8834657695,10.9212310772387
"2533","79465075B41204934399249",1,51107.0603764342,51107.0603764342,10.8416779344838
"2534","79465075B47647601026557",1,18065.3204473672,18065.3204473672,9.80174938199996
"2535","79465075B48357778365605",1,25103.2505419878,25103.2505419878,10.1307526203999
"2536","79465075B4836456001209",1,61097.6462942343,61097.6462942343,11.0202286222284
"2537","79465075B48438720482803",1,55801.440533944,55801.440533944,10.9295549640567
"2538","79465075B52336301108850",1,64415.436170664,64415.436170664,11.0731085754619
"2539","79465075B61221719902426",1,26999.8291209733,26999.8291209733,10.2035858161136
"2540","79465075B63823362918265",1,47736.6667610979,47736.6667610979,10.7734550767828
"2541","79465075B65664017230403",1,48407.5303722313,48407.5303722313,10.7874106668056
"2542","79465075B657648809250",1,1331.4763743761,1331.4763743761,7.19404366148117
"2543","79465075B65794247030645",1,25471.5455117373,25471.5455117373,10.1453172458239
"2544","79465075B69051418753494",1,22560.8005027602,22560.8005027602,10.0239691882609
"2545","79465075B81519160116587",1,15278.5539030036,15278.5539030036,9.63420541838609
"2546","79465075B83427933273433",1,39067.5317621223,39067.5317621223,10.5730470112934
"2547","79465075B84602984839461",1,26579.0917835163,26579.0917835163,10.1878801625155
"2548","79465075B86099287791236",1,47311.6935133701,47311.6935133701,10.764512764082
"2549","79465075B90602875847956",1,38966.8274161008,38966.8274161008,10.5704659840898
"2550","79465075B93827188855866",1,62141.702305316,62141.702305316,11.0371725772502
"2551","79465075B97649712901036",1,95592.2883781197,95592.2883781197,11.467847430285
"2552","79465075B97671971478727",1,57411.7896916831,57411.7896916831,10.9580049565424
"2553","79465075B98225728966625",1,44593.7934950158,44593.7934950158,10.70534996902
"2554","811477B18636492208722",1,136014.088887847,136014.088887847,11.8205137541162
"2555","811477B25825438233887",1,246651.498049859,246651.498049859,12.4157316802289
"2556","811477B41230698537605",1,164945.971420922,164945.971420922,12.0133732533268
"2557","811477B46471323661826",1,126992.803696588,126992.803696588,11.7518857000289
"2558","811477B772229677818",1,370135.142842592,370135.142842592,12.8216234688584
"2559","81297802B12079916150099",1,36012.81096555,36012.81096555,10.4916300142892
"2560","81297802B12572198720361",1,87985.2469972284,87985.2469972284,11.3849244316471
"2561","81297802B13550924224659",1,50399.8339948243,50399.8339948243,10.8277431603005
"2562","81297802B14138193507010",1,180892.032784119,180892.032784119,12.1056556283136
"2563","81297802B1435628045096",1,40628.4903624198,40628.4903624198,10.6122248325548
"2564","81297802B15377501666570",1,56793.253625852,56793.253625852,10.9471728234623
"2565","81297802B16083563480391",1,111247.163423417,111247.163423417,11.6195097023858
"2566","81297802B17102674968438",1,24666.0041878333,24666.0041878333,10.1131812259075
"2567","81297802B19242536298701",1,102063.709020162,102063.709020162,11.533352495523
"2568","81297802B20968372540645",1,142909.923717372,142909.923717372,11.8699698066948
"2569","81297802B2130126961507",1,181030.446920074,181030.446920074,12.1064205111294
"2570","81297802B21786246689715",1,52772.5252985152,52772.5252985152,10.8737459800683
"2571","81297802B21955309192571",1,28535.752296612,28535.752296612,10.2589130466188
"2572","81297802B23156291808671",1,35480.4815490727,35480.4815490727,10.4767380087405
"2573","81297802B23204917551818",1,127939.625166613,127939.625166613,11.7593137532407
"2574","81297802B2421652022296",1,51202.1258157181,51202.1258157181,10.8435363300039
"2575","81297802B2573632778711",1,43215.3699267056,43215.3699267056,10.673951496296
"2576","81297802B26419635481013",1,170312.270142922,170312.270142922,12.0453889142192
"2577","81297802B27744921596224",1,57088.3007317545,57088.3007317545,10.9523544837887
"2578","81297802B28811761284346",1,42969.8957068641,42969.8957068641,10.668255049651
"2579","81297802B29162792012865",1,77557.487353095,77557.487353095,11.2587747126623
"2580","81297802B3478153063518",1,120039.304877797,120039.304877797,11.6955745087828
"2581","81297802B34862108658790",1,285861.641258896,285861.641258896,12.5632632009246
"2582","81297802B35293124334630",1,49495.3492106468,49495.3492106468,10.8096339888022
"2583","81297802B36312306774318",1,80573.2476420734,80573.2476420734,11.296921958288
"2584","81297802B36488646512837",1,111202.892294623,111202.892294623,11.6191116703041
"2585","81297802B37970290892439",1,16044.3801124273,16044.3801124273,9.68311391848335
"2586","81297802B42534502413482",1,51512.4554332188,51512.4554332188,10.8495789104823
"2587","81297802B44208556699353",1,48706.0701856612,48706.0701856612,10.7935589457726
"2588","81297802B44635779635670",1,130114.253251554,130114.253251554,11.7761682146224
"2589","81297802B45106503001809",1,156874.092088313,156874.092088313,11.9631988013666
"2590","81297802B45369844815447",1,35459.6389034093,35459.6389034093,10.4761503963674
"2591","81297802B45644811289425",1,102389.285721572,102389.285721572,11.536537354488
"2592","81297802B47177978604160",1,106090.042886723,106090.042886723,11.5720434737017
"2593","81297802B49219208970184",1,102954.22937924,102954.22937924,11.5420397934891
"2594","81297802B49611781778497",1,17848.4213650103,17848.4213650103,9.78967034436183
"2595","81297802B50427055609681",1,144997.697524936,144997.697524936,11.8844731421383
"2596","81297802B50675624734559",1,78735.2333505819,78735.2333505819,11.2738460260966
"2597","81297802B51008955299030",1,58081.6881157186,58081.6881157186,10.9696057144296
"2598","81297802B51561347842325",1,114420.73200355,114420.73200355,11.647637565316
"2599","81297802B52387636717940",1,92692.8852799889,92692.8852799889,11.4370469986623
"2600","81297802B53592665760601",1,47948.7514757385,47948.7514757385,10.7778880419275
"2601","81297802B53696601888295",1,34018.4730065189,34018.4730065189,10.4346589797726
"2602","81297802B54877143810300",1,146741.762343963,146741.762343963,11.8964296021724
"2603","81297802B55071935880129",1,82633.1486138503,82633.1486138503,11.3221661939414
"2604","81297802B57943820891789",1,144334.842889133,144334.842889133,11.879891177078
"2605","81297802B58839501230111",1,211730.689719835,211730.689719835,12.2630704145889
"2606","81297802B61161719512326",1,23767.9942367871,23767.9942367871,10.0760951746646
"2607","81297802B61701358015931",1,50510.3784878765,50510.3784878765,10.8299341087596
"2608","81297802B6190272756602",1,292834.456988126,292834.456988126,12.5873627351158
"2609","81297802B62904822955283",1,47382.3108134086,47382.3108134086,10.7660042484401
"2610","81297802B636661033486",1,112934.244706571,112934.244706571,11.6345610230703
"2611","81297802B6416238429405",1,66275.6169269417,66275.6169269417,11.101577339706
"2612","81297802B64656263356693",1,83010.3013366792,83010.3013366792,11.3267199915675
"2613","81297802B65581648571900",1,91488.9632074905,91488.9632074905,11.4239736233052
"2614","81297802B6947069841891",1,50173.4459083058,50173.4459083058,10.823241199758
"2615","81297802B69562638547328",1,89876.0524065358,89876.0524065358,11.4061868046242
"2616","81297802B71017047307278",1,168762.972863765,168762.972863765,12.0362504820097
"2617","81297802B72254139131894",1,91561.8433679054,91561.8433679054,11.4247699067593
"2618","81297802B73536270925214",1,43141.0462752957,43141.0462752957,10.6722301726693
"2619","81297802B75835306112543",1,164885.292716444,164885.292716444,12.0130053154642
"2620","81297802B76302638024773",1,34450.2596330189,34450.2596330189,10.4472718129306
"2621","81297802B76384767601248",1,3133.32612106292,3133.32612106292,8.04985037779891
"2622","81297802B78420794750623",1,54419.9636033355,54419.9636033355,10.9044863435266
"2623","81297802B78907971348627",1,37190.0541589163,37190.0541589163,10.5237966431944
"2624","81297802B8571934498047",1,40024.7013557225,40024.7013557225,10.5972520763935
"2625","81297802B85821133415944",1,172609.618237101,172609.618237101,12.0587877816704
"2626","81297802B85934029741785",1,30241.5057760063,30241.5057760063,10.3169706232339
"2627","81297802B87471755079038",1,51263.2040947918,51263.2040947918,10.8447285046909
"2628","81297802B87599740731463",1,205343.993735841,205343.993735841,12.2324418700446
"2629","81297802B89663618716792",1,15342.7833276068,15342.7833276068,9.63840050094018
"2630","81297802B9030212335391",1,105179.431333775,105179.431333775,11.5634230405284
"2631","81297802B91685830390053",1,28865.2585017591,28865.2585017591,10.2703940229983
"2632","81297802B92234400822922",1,184907.908171137,184907.908171137,12.1276131864505
"2633","81297802B92253150972948",1,102959.380306039,102959.380306039,11.5420898234683
"2634","81297802B92574261409002",1,210708.796624096,210708.796624096,12.2582323484419
"2635","81297802B93916372624290",1,134920.596439229,134920.596439229,11.8124417098538
"2636","81297802B94904539855050",1,47277.7088604991,47277.7088604991,10.7637941919485
"2637","81297802B95398881806036",1,94007.5811471899,94007.5811471899,11.4511307085021
"2638","81297802B96415917644052",1,124967.99228471,124967.99228471,11.7358129217727
"2639","81297802B9978574523269",1,347851.470605823,347851.470605823,12.7595308590439
"2640","86173395B2607926408865",1,2221.61208569564,2221.61208569564,7.70598837606406
"2641","86173395B2854433088661",1,7132.34253845984,7132.34253845984,8.87239500621723
"2642","86173395B49274497759117",1,1649.50056036196,1649.50056036196,7.40822783038483
"2643","86173395B49833060083827",1,2450.50388536906,2450.50388536906,7.80404894988969
"2644","86173395B5227574641069",1,245.468089903556,245.468089903556,5.50316695876019
"2645","86173395B62367841899466",1,1350.78173265804,1350.78173265804,7.20843876506939
"2646","86173395B69626346529227",1,224461.160523805,224461.160523805,12.3214579668492
"2647","86173395B80651222663477",1,709.624480266117,709.624480266117,6.56473592908423
"2648","86173395B84342245076332",1,2350.35210865528,2350.35210865528,7.76232042938462
"2649","86173395B89769104432743",1,4031.78104156112,4031.78104156112,8.30196350310825
"2650","86173395B93497811769454",1,948.474594467293,948.474594467293,6.8548550040583
"2651","86173395B97599350653423",1,935.185381341081,935.185381341081,6.84074477845001
"2652","8701671B10053189367937",1,NA,NA,NA
"2653","8701671B10070089345452",1,NA,NA,NA
"2654","8701671B1025448555952",1,NA,NA,NA
"2655","8701671B10526359848248",1,NA,NA,NA
"2656","8701671B10607749601803",1,NA,NA,NA
"2657","8701671B10801688655736",1,NA,NA,NA
"2658","8701671B10960716544692",1,121.468179104805,121.468179104805,4.79965232810674
"2659","8701671B11157561333534",1,45.3273771533966,45.3273771533966,3.81391120211387
"2660","8701671B11332589204327",1,NA,NA,NA
"2661","8701671B11486827062004",1,49.0889737188816,49.0889737188816,3.89363444173779
"2662","8701671B11506413614658",1,NA,NA,NA
"2663","8701671B11621920628841",1,396.325141056299,396.325141056299,5.9822349376399
"2664","8701671B11660104738059",1,0.0012068030834198,0.0012068030834198,-6.71978049564468
"2665","8701671B1177875671821",1,460.417878585651,460.417878585651,6.13213450881672
"2666","8701671B12100696846936",1,1299.95771690536,1299.95771690536,7.17008701746325
"2667","8701671B12184767464675",1,NA,NA,NA
"2668","8701671B12563091717165",1,NA,NA,NA
"2669","8701671B12567928056648",1,NA,NA,NA
"2670","8701671B12581562971222",1,NA,NA,NA
"2671","8701671B12736855691443",1,NA,NA,NA
"2672","8701671B12936296158000",1,132.008515618205,132.008515618205,4.88286643276467
"2673","8701671B12954312315710",1,411.022812504977,411.022812504977,6.01864871783419
"2674","8701671B13263124861718",1,NA,NA,NA
"2675","8701671B13319398950854",1,49.7011007633805,49.7011007633805,3.90602708101387
"2676","8701671B134536261517",1,208.748278540641,208.748278540641,5.34112911718506
"2677","8701671B13502438451250",1,316.312900851384,316.312900851384,5.7567319162373
"2678","8701671B1385498050924",1,265.502854800668,265.502854800668,5.58162559316907
"2679","8701671B14194395113255",1,NA,NA,NA
"2680","8701671B1426599605087",1,2671.72533695316,2671.72533695316,7.89047973631652
"2681","8701671B14589117854765",1,NA,NA,NA
"2682","8701671B14688938630280",1,217.601101175904,217.601101175904,5.38266357552001
"2683","8701671B14864913892073",1,535.826218871497,535.826218871497,6.28380988997729
"2684","8701671B14881348545468",1,NA,NA,NA
"2685","8701671B14942759406503",1,7.32269450378418,7.32269450378418,1.9909783618503
"2686","8701671B15123648543538",1,120.32970412752,120.32970412752,4.79023550960486
"2687","8701671B16128625192304",1,NA,NA,NA
"2688","8701671B16268299103818",1,NA,NA,NA
"2689","8701671B16290064127769",1,134.140294758022,134.140294758022,4.89888622806013
"2690","8701671B16318499791123",1,716.460231777489,716.460231777489,6.57432274227703
"2691","8701671B16711141632325",1,NA,NA,NA
"2692","8701671B17247241487473",1,NA,NA,NA
"2693","8701671B17247677679787",1,94.778070209153,94.778070209153,4.55153805559311
"2694","8701671B17450854784889",1,NA,NA,NA
"2695","8701671B17506768267168",1,NA,NA,NA
"2696","8701671B17924499339223",1,328.000460915565,328.000460915565,5.79301501361354
"2697","8701671B17958091241974",1,NA,NA,NA
"2698","8701671B18019835911399",1,NA,NA,NA
"2699","8701671B18221439700807",1,0,0,0
"2700","8701671B18283500133998",1,NA,NA,NA
"2701","8701671B18356236998563",1,110.85986096967,110.85986096967,4.70826688988362
"2702","8701671B18613428350032",1,NA,NA,NA
"2703","8701671B18648215649765",1,NA,NA,NA
"2704","8701671B1865604971664",1,1139.69901594704,1139.69901594704,7.03851948542975
"2705","8701671B18704050053031",1,23.9316318511963,23.9316318511963,3.17520109229047
"2706","8701671B18948997599977",1,671.811072212487,671.811072212487,6.50997715845423
"2707","8701671B19142540356259",1,42.7016185829192,42.7016185829192,3.75423682543933
"2708","8701671B19150990882958",1,8.68294826665521,8.68294826665521,2.16136113305721
"2709","8701671B19228970825308",1,189.799764470458,189.799764470458,5.24596964523964
"2710","8701671B19273401931572",1,NA,NA,NA
"2711","8701671B19367701502123",1,NA,NA,NA
"2712","8701671B19465815393412",1,1161.4015721622,1161.4015721622,7.05738280661553
"2713","8701671B19516927692390",1,202.226359820366,202.226359820366,5.30938766317547
"2714","8701671B19884465022303",1,173.329044187665,173.329044187665,5.15519177753004
"2715","8701671B1991093639025",1,113.198252953887,113.198252953887,4.72914073238044
"2716","8701671B20173506314249",1,NA,NA,NA
"2717","8701671B20457253682512",1,76.8144973604679,76.8144973604679,4.34139339005367
"2718","8701671B2050901299754",1,NA,NA,NA
"2719","8701671B20776144053651",1,NA,NA,NA
"2720","8701671B20786089058501",1,NA,NA,NA
"2721","8701671B20822148324962",1,NA,NA,NA
"2722","8701671B21062082038543",1,154.868969384268,154.868969384268,5.04257940059081
"2723","8701671B21269769416552",1,NA,NA,NA
"2724","8701671B21443736840155",1,39.6558014484756,39.6558014484756,3.68023725385874
"2725","8701671B21751079889511",1,NA,NA,NA
"2726","8701671B21993534180379",1,143.318420159101,143.318420159101,4.96506886920478
"2727","8701671B22058673565731",1,298.850544844747,298.850544844747,5.69994359840645
"2728","8701671B22157937027856",1,NA,NA,NA
"2729","8701671B22263392934776",1,44.893209831953,44.893209831953,3.80428655462498
"2730","8701671B22615930928090",1,4013.28452583346,4013.28452583346,8.29736526878357
"2731","8701671B22929774804888",1,58.4009994050264,58.4009994050264,4.06733300278752
"2732","8701671B23364700154190",1,225.158084041327,225.158084041327,5.41680275123881
"2733","8701671B23391099181160",1,NA,NA,NA
"2734","8701671B2341246797828",1,NA,NA,NA
"2735","8701671B23610017259246",1,638.768806646019,638.768806646019,6.45954258397453
"2736","8701671B23690641916416",1,NA,NA,NA
"2737","8701671B2397405829195",1,NA,NA,NA
"2738","8701671B23998662762063",1,NA,NA,NA
"2739","8701671B24039630787071",1,4.04459769439697,4.04459769439697,1.39738208806039
"2740","8701671B24321034687398",1,0,0,0
"2741","8701671B24452545338403",1,38.7936852132082,38.7936852132082,3.65825748114674
"2742","8701671B2449694797689",1,NA,NA,NA
"2743","8701671B24659660179823",1,NA,NA,NA
"2744","8701671B250084574474",1,2827.2360869242,2827.2360869242,7.94705486567617
"2745","8701671B25026940525342",1,NA,NA,NA
"2746","8701671B25474950387418",1,NA,NA,NA
"2747","8701671B255319431107",1,NA,NA,NA
"2748","8701671B2564147185651",1,356.091263222396,356.091263222396,5.87518705536438
"2749","8701671B2567370595513",1,NA,NA,NA
"2750","8701671B2571810219289",1,NA,NA,NA
"2751","8701671B25756031943387",1,NA,NA,NA
"2752","8701671B25758314350266",1,2148.88139942217,2148.88139942217,7.67270270639092
"2753","8701671B2612636818679",1,110.181525550038,110.181525550038,4.70212923792837
"2754","8701671B26165957358131",1,510.506390732706,510.506390732706,6.23540315610169
"2755","8701671B26229529558045",1,0,0,0
"2756","8701671B26291709137074",1,NA,NA,NA
"2757","8701671B26596683393313",1,20.4184171161652,20.4184171161652,3.01643729338355
"2758","8701671B26789831471183",1,607.198985198468,607.198985198468,6.4088565547995
"2759","8701671B26801747706600",1,356.644813393563,356.644813393563,5.87674036605154
"2760","8701671B26894832040288",1,959.591617380619,959.591617380619,6.86650779539239
"2761","8701671B26969099511197",1,74.9221748814583,74.9221748814583,4.31644990653866
"2762","8701671B28049445861870",1,218.868971865125,218.868971865125,5.38847324877671
"2763","8701671B28120595422367",1,NA,NA,NA
"2764","8701671B28263897430178",1,362.512667296112,362.512667296112,5.89305941794933
"2765","8701671B28478396095564",1,121.108778165057,121.108778165057,4.79668913484411
"2766","8701671B29376048072153",1,53.5635886524022,53.5635886524022,3.98086952105044
"2767","8701671B29380756423502",1,135.516002564698,135.516002564698,4.90908973345496
"2768","8701671B30216430122169",1,261.627558180213,261.627558180213,5.56692195876026
"2769","8701671B30362315223491",1,NA,NA,NA
"2770","8701671B30671419360126",1,61.7769563069791,61.7769563069791,4.12353041963677
"2771","8701671B30970661206572",1,128.547357204795,128.547357204795,4.85629737500034
"2772","8701671B31053612499035",1,180.599904796049,180.599904796049,5.19628411382909
"2773","8701671B31198157043754",1,NA,NA,NA
"2774","8701671B31259394762981",1,593.584403128818,593.584403128818,6.38617941645545
"2775","8701671B31339536458012",1,NA,NA,NA
"2776","8701671B31446207074709",1,223.822730995476,223.822730995476,5.41085435906451
"2777","8701671B31536824051324",1,NA,NA,NA
"2778","8701671B31601381418998",1,NA,NA,NA
"2779","8701671B31799938456205",1,95.8060493679046,95.8060493679046,4.56232582878596
"2780","8701671B32126440612749",1,15.194262945652,15.194262945652,2.72091791881861
"2781","8701671B32276542748639",1,NA,NA,NA
"2782","8701671B32439381681784",1,110.456173023991,110.456173023991,4.70461881806434
"2783","8701671B32794864311067",1,1123.37236116479,1123.37236116479,7.02409047695145
"2784","8701671B32853593869516",1,2549.77045489956,2549.77045489956,7.84375861641419
"2785","8701671B32861116669136",1,66.191220077753,66.191220077753,4.19254782692292
"2786","8701671B33386018665106",1,NA,NA,NA
"2787","8701671B33635631845794",1,NA,NA,NA
"2788","8701671B33750138379558",1,692.364192034721,692.364192034721,6.54011210624367
"2789","8701671B33968538338102",1,1.40828897953033,1.40828897953033,0.342375477820469
"2790","8701671B34343071784823",1,NA,NA,NA
"2791","8701671B34451908876457",1,NA,NA,NA
"2792","8701671B34835556346125",1,92.7727952225804,92.7727952225804,4.53015344188476
"2793","8701671B34935279369913",1,79.6518302540183,79.6518302540183,4.37766501479912
"2794","8701671B35205001440787",1,NA,NA,NA
"2795","8701671B353408445184",1,NA,NA,NA
"2796","8701671B35560062727781",1,NA,NA,NA
"2797","8701671B35578223598548",1,396.914900085866,396.914900085866,5.98372190024301
"2798","8701671B35754409069588",1,NA,NA,NA
"2799","8701671B35889486410430",1,NA,NA,NA
"2800","8701671B35941232442157",1,5559.34679343793,5559.34679343793,8.62323589714832
"2801","8701671B35979662153697",1,909.59080467087,909.59080467087,6.81299483318434
"2802","8701671B36300089777335",1,NA,NA,NA
"2803","8701671B3640054805688",1,NA,NA,NA
"2804","8701671B36493357542675",1,254.289681865513,254.289681865513,5.538474096951
"2805","8701671B37327912911660",1,NA,NA,NA
"2806","8701671B37545518209863",1,158.584889554799,158.584889554799,5.06629003073251
"2807","8701671B38196244900111",1,7.14617948755622,7.14617948755622,1.96657787649209
"2808","8701671B38315544372764",1,220.750799258918,220.750799258918,5.39703446012946
"2809","8701671B38434288339117",1,NA,NA,NA
"2810","8701671B38782099046323",1,NA,NA,NA
"2811","8701671B38809130706709",1,NA,NA,NA
"2812","8701671B38837551888140",1,NA,NA,NA
"2813","8701671B39379224532007",1,NA,NA,NA
"2814","8701671B39771319698243",1,558.152181917667,558.152181917667,6.32463165264896
"2815","8701671B40300568900689",1,303.896235386133,303.896235386133,5.71668631217288
"2816","8701671B40321186165087",1,6986.51363863289,6986.51363863289,8.85173694665957
"2817","8701671B40414621404718",1,248.149909495413,248.149909495413,5.51403303731613
"2818","8701671B40430448784583",1,421.522815448165,421.522815448165,6.04387390515412
"2819","8701671B40447391578275",1,254.660627020016,254.660627020016,5.5399317843272
"2820","8701671B40736207737623",1,47.5189767435193,47.5189767435193,3.86112914164745
"2821","8701671B40799965178228",1,NA,NA,NA
"2822","8701671B40891625905372",1,522.170144226074,522.170144226074,6.25799348156677
"2823","8701671B41249245584298",1,38.259343093887,38.259343093887,3.64438779433745
"2824","8701671B41472866915589",1,NA,NA,NA
"2825","8701671B41529666733093",1,NA,NA,NA
"2826","8701671B41674368745419",1,NA,NA,NA
"2827","8701671B42420673442147",1,461.616518821768,461.616518821768,6.13473450056262
"2828","8701671B4251285469436",1,NA,NA,NA
"2829","8701671B42521441086623",1,NA,NA,NA
"2830","8701671B42547396516194",1,37.7453273969293,37.7453273969293,3.63086169046917
"2831","8701671B42639255298272",1,NA,NA,NA
"2832","8701671B42677537488502",1,164.049042840779,164.049042840779,5.1001654248322
"2833","8701671B42772891330913",1,1251.70812753089,1251.70812753089,7.13226439950687
"2834","8701671B42907640167452",1,95.55997474958,95.55997474958,4.55975405822128
"2835","8701671B42961858888115",1,21.5369409866333,21.5369409866333,3.06976964616646
"2836","8701671B43089055128677",1,136.169209758207,136.169209758207,4.91389830177241
"2837","8701671B43129052292298",1,473.247525662661,473.247525662661,6.15961856168202
"2838","8701671B431817219608",1,NA,NA,NA
"2839","8701671B43196595047489",1,221.41505934988,221.41505934988,5.40003903670518
"2840","8701671B43516735791505",1,19.6816800739616,19.6816800739616,2.9796882575922
"2841","8701671B44154359269961",1,NA,NA,NA
"2842","8701671B44259561788806",1,NA,NA,NA
"2843","8701671B44376877134949",1,NA,NA,NA
"2844","8701671B44431410980873",1,NA,NA,NA
"2845","8701671B44468241471992",1,NA,NA,NA
"2846","8701671B44976535093209",1,NA,NA,NA
"2847","8701671B45029066757980",1,NA,NA,NA
"2848","8701671B45251476998803",1,513.571524078101,513.571524078101,6.24138930706552
"2849","8701671B45291890821133",1,16.6607513747774,16.6607513747774,2.81305573624855
"2850","8701671B45365250149949",1,NA,NA,NA
"2851","8701671B45853929817808",1,7.85238080883026,7.85238080883026,2.06081677356096
"2852","8701671B45858620723076",1,92.278149343729,92.278149343729,4.52480737831175
"2853","8701671B45915520468586",1,3.2834722866118,3.2834722866118,1.18890148641586
"2854","8701671B45925024878482",1,NA,NA,NA
"2855","8701671B45952926697202",1,1477.87577362406,1477.87577362406,7.2983610476537
"2856","8701671B45979799747328",1,6.8502936424315,6.8502936424315,1.9242915188636
"2857","8701671B46031998027021",1,NA,NA,NA
"2858","8701671B46237577852216",1,NA,NA,NA
"2859","8701671B46937841277831",1,6.06190792959928,6.06190792959928,1.80202459039742
"2860","8701671B47130122414504",1,206.427468734175,206.427468734175,5.32994910970479
"2861","8701671B47563764529661",1,NA,NA,NA
"2862","8701671B47647917387752",1,NA,NA,NA
"2863","8701671B476552117611",1,162.776976512074,162.776976512074,5.09238102165141
"2864","8701671B47910558118739",1,NA,NA,NA
"2865","8701671B48498321599703",1,NA,NA,NA
"2866","8701671B48526464274479",1,NA,NA,NA
"2867","8701671B48601442509190",1,NA,NA,NA
"2868","8701671B48752097884677",1,NA,NA,NA
"2869","8701671B48766638933033",1,NA,NA,NA
"2870","8701671B48782263961868",1,3.70910879898071,3.70910879898071,1.31079163185472
"2871","8701671B4886377420508",1,NA,NA,NA
"2872","8701671B49626021137525",1,216.851402240753,216.851402240753,5.37921233666929
"2873","8701671B4982354038174",1,NA,NA,NA
"2874","8701671B49997775844737",1,38.0789756574631,38.0789756574631,3.63966230980987
"2875","8701671B50411660224690",1,18.6977938113213,18.6977938113213,2.92840553889638
"2876","8701671B50549026935963",1,2186.03289092496,2186.03289092496,7.68984371479208
"2877","8701671B50625769822151",1,25.8459710546434,25.8459710546434,3.25215473018608
"2878","8701671B50877038935662",1,NA,NA,NA
"2879","8701671B51264810574376",1,283.124568417519,283.124568417519,5.645886971883
"2880","8701671B51268298139498",1,1087.64389965621,1087.64389965621,6.99176907573207
"2881","8701671B51271106476031",1,846.682557613231,846.682557613231,6.74132584000287
"2882","8701671B51325698675387",1,0,0,0
"2883","8701671B51566327672106",1,535.266274672151,535.266274672151,6.2827643327472
"2884","8701671B52063001665114",1,598.097234760165,598.097234760165,6.39375334066608
"2885","8701671B52064180240109",1,NA,NA,NA
"2886","8701671B52595214845054",1,397.317353206634,397.317353206634,5.98473533970872
"2887","8701671B52742071766833",1,NA,NA,NA
"2888","8701671B52865399345725",1,NA,NA,NA
"2889","8701671B52938625502385",1,9.43513164329529,9.43513164329529,2.24444013137768
"2890","8701671B5294461890646",1,92.0769064276219,92.0769064276219,4.52262416727694
"2891","8701671B52982434499588",1,665.238956506908,665.238956506908,6.50014630920427
"2892","8701671B53039174443584",1,152.003607290495,152.003607290495,5.02390425273898
"2893","8701671B53100902069949",1,NA,NA,NA
"2894","8701671B53143424756117",1,743.611816173554,743.611816173554,6.61151914621802
"2895","8701671B53172954238098",1,NA,NA,NA
"2896","8701671B53372431800849",1,NA,NA,NA
"2897","8701671B53380311765902",1,0,0,0
"2898","8701671B53480283308673",1,2862.67570780024,2862.67570780024,7.9595120286163
"2899","8701671B53611878651636",1,NA,NA,NA
"2900","8701671B53815212038994",1,198.910223147869,198.910223147869,5.29285358296979
"2901","8701671B54095148495441",1,238.63309594059,238.63309594059,5.47492720893226
"2902","8701671B540973728907",1,NA,NA,NA
"2903","8701671B5410324269547",1,290.449838475198,290.449838475198,5.67143088831925
"2904","8701671B54248554179471",1,316.734143992618,316.734143992618,5.7580627595193
"2905","8701671B5455309404848",1,NA,NA,NA
"2906","8701671B54761121422893",1,NA,NA,NA
"2907","8701671B5497256844946",1,47.751516330719,47.751516330719,3.86601082203969
"2908","8701671B55145671844028",1,NA,NA,NA
"2909","8701671B55457269732014",1,NA,NA,NA
"2910","8701671B55619097224465",1,16.4873698673248,16.4873698673248,2.80259462520408
"2911","8701671B55791110195050",1,78.5342252476215,78.5342252476215,4.36353452018772
"2912","8701671B55959658835891",1,NA,NA,NA
"2913","8701671B56086336550970",1,NA,NA,NA
"2914","8701671B56473836536162",1,63.374091213718,63.374091213718,4.14905512198554
"2915","8701671B56645509731346",1,0.0964262847900391,0.0964262847900391,-2.33897645073457
"2916","8701671B56799057925384",1,651.026527100906,651.026527100906,6.47855038961326
"2917","8701671B57020485893312",1,13.1945603013039,13.1945603013039,2.57980464627038
"2918","8701671B57148125008640",1,115.170364465475,115.170364465475,4.74641246226272
"2919","8701671B57170093007223",1,NA,NA,NA
"2920","8701671B57419145053481",1,918.949822111979,918.949822111979,6.82323152033399
"2921","8701671B57914873676078",1,NA,NA,NA
"2922","8701671B5799269287632",1,NA,NA,NA
"2923","8701671B58191073405905",1,15.4541452102661,15.4541452102661,2.73787726575728
"2924","8701671B58668276188859",1,6.33804798722267,6.33804798722267,1.84657083259107
"2925","8701671B58858754832343",1,62.0615088859498,62.0615088859498,4.12812597206579
"2926","8701671B58944232238955",1,NA,NA,NA
"2927","8701671B59019630539263",1,2525.63006311947,2525.63006311947,7.83424584053035
"2928","8701671B59116812435541",1,6263.96918242681,6263.96918242681,8.74256931786716
"2929","8701671B59649153426200",1,113.435026956499,113.435026956499,4.73123022328708
"2930","8701671B59677117664850",1,288.756858642951,288.756858642951,5.66558501442993
"2931","8701671B59724395423262",1,13.4599322700799,13.4599322700799,2.59971729226335
"2932","8701671B59760242426432",1,277.08688959375,277.08688959375,5.62433113784365
"2933","8701671B59921054204413",1,98.7470855334699,98.7470855334699,4.59256188976058
"2934","8701671B60259256363554",1,NA,NA,NA
"2935","8701671B60383917462580",1,5.15407804697752,5.15407804697752,1.63978825510689
"2936","8701671B60568978044101",1,NA,NA,NA
"2937","8701671B60571960824161",1,24.856306388557,24.856306388557,3.21311149855794
"2938","8701671B61376458937885",1,NA,NA,NA
"2939","8701671B61834764030996",1,34.9298135697842,34.9298135697842,3.5533407215524
"2940","8701671B61982793358866",1,363.699305029631,363.699305029631,5.896327441157
"2941","8701671B62248544319556",1,887.008300412089,887.008300412089,6.78785434011482
"2942","8701671B63256124601591",1,5.78383136087656,5.78383136087656,1.75506632828974
"2943","8701671B6329691357439",1,11.681084025085,11.681084025085,2.45797078346033
"2944","8701671B63359836488901",1,28.9619597959518,28.9619597959518,3.36598323773998
"2945","8701671B63390184751595",1,1043.19797501445,1043.19797501445,6.95004625004172
"2946","8701671B63558668022840",1,79.9371458686292,79.9371458686292,4.3812406492261
"2947","8701671B6383069893931",1,16.3689920256138,16.3689920256138,2.79538881499818
"2948","8701671B640126266142",1,NA,NA,NA
"2949","8701671B64130059422641",1,NA,NA,NA
"2950","8701671B64289292392873",1,2083.67460115719,2083.67460115719,7.64188824920263
"2951","8701671B64489112890700",1,3766.59400648956,3766.59400648956,8.23392642553376
"2952","8701671B64660107039204",1,NA,NA,NA
"2953","8701671B64891030149560",1,NA,NA,NA
"2954","8701671B64921834857972",1,166.839113267899,166.839113267899,5.11702995444947
"2955","8701671B64940786723478",1,NA,NA,NA
"2956","8701671B64973472521789",1,NA,NA,NA
"2957","8701671B65041139962090",1,113.724716321766,113.724716321766,4.73378075903015
"2958","8701671B65386836314559",1,34.1470768276453,34.1470768276453,3.53067698433391
"2959","8701671B65845111607319",1,971.121630856141,971.121630856141,6.87845172394408
"2960","8701671B66024605882248",1,NA,NA,NA
"2961","8701671B66361265375763",1,NA,NA,NA
"2962","8701671B66587320665101",1,578.136889365822,578.136889365822,6.35981067344475
"2963","8701671B67257471082353",1,104.852236615837,104.852236615837,4.6525520886973
"2964","8701671B67888908023489",1,146.565565520138,146.565565520138,4.98747287455073
"2965","8701671B68052266894517",1,36.7322952105403,36.7322952105403,3.60365634659528
"2966","8701671B68700558971197",1,NA,NA,NA
"2967","8701671B68891744403519",1,125.462126299426,125.462126299426,4.83200393055165
"2968","8701671B68903094038939",1,NA,NA,NA
"2969","8701671B68975897642122",1,32.9493077692985,32.9493077692985,3.49497025220882
"2970","8701671B68986810783457",1,256.775299012691,256.775299012691,5.54820137954419
"2971","8701671B69138058153877",1,181.564663699869,181.564663699869,5.20161186408293
"2972","8701671B69175081288575",1,809.968644720376,809.968644720376,6.69699553669547
"2973","8701671B69185125078741",1,63.9903292323351,63.9903292323351,4.15873196619728
"2974","8701671B69443980159425",1,NA,NA,NA
"2975","8701671B69792415593649",1,NA,NA,NA
"2976","8701671B70067848832200",1,81.1667404263616,81.1667404263616,4.3965055625978
"2977","8701671B70172506125810",1,233.500020141989,233.500020141989,5.45318216337014
"2978","8701671B71036629686729",1,NA,NA,NA
"2979","8701671B71229429215357",1,2482.66415520319,2482.66415520319,7.81708751868914
"2980","8701671B71359677826666",1,NA,NA,NA
"2981","8701671B71571062507422",1,317.330458741829,317.330458741829,5.75994368749555
"2982","8701671B71920498975173",1,NA,NA,NA
"2983","8701671B7232350225457",1,190.335719506115,190.335719506115,5.24878945771903
"2984","8701671B72346500642507",1,82.1450661830306,82.1450661830306,4.40848678404342
"2985","8701671B72439737760091",1,NA,NA,NA
"2986","8701671B72718235306176",1,0,0,0
"2987","8701671B72959640308554",1,171.329643167973,171.329643167973,5.14358943862499
"2988","8701671B73008172575008",1,NA,NA,NA
"2989","8701671B73025224751915",1,89.0093741607666,89.0093741607666,4.48874169183464
"2990","8701671B73326281141145",1,NA,NA,NA
"2991","8701671B73612450286207",1,373.088788446397,373.088788446397,5.92181643004738
"2992","8701671B73614942856081",1,185.462471122831,185.462471122831,5.22285254957335
"2993","8701671B73627657700806",1,NA,NA,NA
"2994","8701671B73692307492725",1,NA,NA,NA
"2995","8701671B74099385302774",1,NA,NA,NA
"2996","8701671B74106328276296",1,NA,NA,NA
"2997","8701671B74160923345613",1,NA,NA,NA
"2998","8701671B74250012316808",1,80.8626858529598,80.8626858529598,4.39275247975002
"2999","8701671B75024298551322",1,NA,NA,NA
"3000","8701671B75049629719771",1,1922.71548436015,1922.71548436015,7.56149378059162
"3001","8701671B75449277915828",1,173.837553565949,173.837553565949,5.15812126294274
"3002","8701671B75539751550114",1,4352.86720486426,4352.86720486426,8.37859003450857
"3003","8701671B75874971152676",1,NA,NA,NA
"3004","8701671B76033822027974",1,132.511613559961,132.511613559961,4.88667029109442
"3005","8701671B76266155523948",1,596.344371982962,596.344371982962,6.39081830554066
"3006","8701671B76730810017081",1,16.5599439430237,16.5599439430237,2.80698676386827
"3007","8701671B76853731017795",1,7346.82458262014,7346.82458262014,8.90202346927973
"3008","8701671B77198875782479",1,96.3915845881701,96.3915845881701,4.5684189010027
"3009","8701671B77297874442969",1,264.01942480588,264.01942480588,5.57602267924968
"3010","8701671B7729903902665",1,NA,NA,NA
"3011","8701671B77761135281215",1,NA,NA,NA
"3012","8701671B77991927650857",1,NA,NA,NA
"3013","8701671B78073152626196",1,NA,NA,NA
"3014","8701671B78261941759356",1,244.807987716451,244.807987716451,5.5004741796665
"3015","8701671B78477528803813",1,225.37575453119,225.37575453119,5.41776902941001
"3016","8701671B78745731328632",1,NA,NA,NA
"3017","8701671B7895347248645",1,153.521625411987,153.521625411987,5.03384143926707
"3018","8701671B79417644951649",1,56.1321434979923,56.1321434979923,4.02770861632388
"3019","8701671B79423766550609",1,NA,NA,NA
"3020","8701671B79808617109773",1,114.240108820081,114.240108820081,4.73830245114755
"3021","8701671B80390087772516",1,235.072051098049,235.072051098049,5.45989206756909
"3022","8701671B80425002261515",1,7.22974226856232,7.22974226856232,1.97820338803353
"3023","8701671B8071500438377",1,147.352374595702,147.352374595702,4.99282682439625
"3024","8701671B80977223747238",1,292.296423199236,292.296423199236,5.67776843529664
"3025","8701671B80994766223390",1,157.872351401791,157.872351401791,5.06178680397753
"3026","8701671B80997210152417",1,159.409430606365,159.409430606365,5.07147592775764
"3027","8701671B81059330414733",1,NA,NA,NA
"3028","8701671B81462153055318",1,NA,NA,NA
"3029","8701671B81496139383371",1,1.57637587690353,1.57637587690353,0.455128463572253
"3030","8701671B8158625953395",1,NA,NA,NA
"3031","8701671B81655629015903",1,NA,NA,NA
"3032","8701671B81790835951847",1,NA,NA,NA
"3033","8701671B8208248485546",1,NA,NA,NA
"3034","8701671B82105549024004",1,NA,NA,NA
"3035","8701671B82289109634820",1,172.930916700184,172.930916700184,5.15289218931368
"3036","8701671B82490011784618",1,NA,NA,NA
"3037","8701671B83159323008867",1,NA,NA,NA
"3038","8701671B83706236309505",1,611.490457954615,611.490457954615,6.41589935067942
"3039","8701671B83724356219791",1,89.1455028744861,89.1455028744861,4.49026989855542
"3040","8701671B83780855203463",1,802.464865794033,802.464865794033,6.68768807310374
"3041","8701671B8403911269466",1,NA,NA,NA
"3042","8701671B84211341759878",1,418.219978793383,418.219978793383,6.03600755915181
"3043","8701671B84261355290509",1,NA,NA,NA
"3044","8701671B84491224846423",1,NA,NA,NA
"3045","8701671B84632828581630",1,926.412456750453,926.412456750453,6.83131955313426
"3046","8701671B84690280241827",1,154.085922960728,154.085922960728,5.03751038812568
"3047","8701671B84813542366979",1,298.713681524306,298.713681524306,5.69948552773624
"3048","8701671B84932876584417",1,611.676581077382,611.676581077382,6.41620368053506
"3049","8701671B84964760406378",1,NA,NA,NA
"3050","8701671B85169170830121",1,121.925772125721,121.925772125721,4.80341243436853
"3051","8701671B85402755836861",1,325.096674142331,325.096674142331,5.78412259699709
"3052","8701671B85920169217386",1,29.0057401599884,29.0057401599884,3.36749374695094
"3053","8701671B86080825614718",1,836.003032178909,836.003032178909,6.72863224008639
"3054","8701671B86108661761319",1,135.719489909668,135.719489909668,4.91059018150687
"3055","8701671B86288644178895",1,227.105976411283,227.105976411283,5.42541676497521
"3056","8701671B86453873223968",1,89.7573422515914,89.7573422515914,4.49710983183949
"3057","8701671B86513395077945",1,268.466533439025,268.466533439025,5.59272626349518
"3058","8701671B86605125061107",1,NA,NA,NA
"3059","8701671B86679693622237",1,100.185466511011,100.185466511011,4.60702313333046
"3060","8701671B87024407460992",1,NA,NA,NA
"3061","8701671B87099663459533",1,NA,NA,NA
"3062","8701671B87129820959835",1,114.297012843549,114.297012843549,4.7388004361071
"3063","8701671B87504135677093",1,886.052669685453,886.052669685453,6.78677639543578
"3064","8701671B87551920719887",1,NA,NA,NA
"3065","8701671B87673640484733",1,201.268404331297,201.268404331297,5.30463936221077
"3066","8701671B87881136739477",1,NA,NA,NA
"3067","8701671B87901537971964",1,NA,NA,NA
"3068","8701671B87910523251509",1,36.6012285476327,36.6012285476327,3.60008180671918
"3069","8701671B8813575079880",1,2.20240329170227,2.20240329170227,0.789549169442978
"3070","8701671B88292249499058",1,NA,NA,NA
"3071","8701671B88374512548949",1,253.06179347986,253.06179347986,5.53363370190845
"3072","8701671B88518569021729",1,NA,NA,NA
"3073","8701671B886545295565",1,NA,NA,NA
"3074","8701671B88709297193728",1,8.95228818013519,8.95228818013519,2.19190916219559
"3075","8701671B8871656007589",1,NA,NA,NA
"3076","8701671B88887342435419",1,14.2733937447295,14.2733937447295,2.65839722695034
"3077","8701671B89602605916522",1,0,0,0
"3078","8701671B89606244104668",1,599.173603249326,599.173603249326,6.39555137791041
"3079","8701671B89726898979713",1,0,0,0
"3080","8701671B8981340817709",1,60.7457917661071,60.7457917661071,4.10669780848149
"3081","8701671B90029568380485",1,290.018415875874,290.018415875874,5.66994442398454
"3082","8701671B90050195307789",1,249.675574917078,249.675574917078,5.52016237478832
"3083","8701671B90118791051051",1,558.247160001129,558.247160001129,6.32480180338288
"3084","8701671B90589302469982",1,1644.13873776384,1644.13873776384,7.40497196242276
"3085","8701671B90786780806365",1,NA,NA,NA
"3086","8701671B908189837343",1,5.69613637161255,5.69613637161255,1.73978811546854
"3087","8701671B91249744249717",1,33.7231418378055,33.7231418378055,3.51818430310534
"3088","8701671B91261158207926",1,NA,NA,NA
"3089","8701671B91352204106029",1,185.355003446437,185.355003446437,5.22227292381797
"3090","8701671B91623550198243",1,216.889010112822,216.889010112822,5.37938574855848
"3091","8701671B91684501452899",1,88.5110570954904,88.5110570954904,4.48312748314176
"3092","8701671B91946398565623",1,2.90045661747456,2.90045661747456,1.06486817889937
"3093","8701671B91948443212485",1,110.700988838196,110.700988838196,4.70683277226906
"3094","8701671B91973054912616",1,NA,NA,NA
"3095","8701671B91980057323344",1,72.8736893226951,72.8736893226951,4.28872765922858
"3096","8701671B92087442166631",1,701.699792796165,701.699792796165,6.55350566696985
"3097","8701671B92172840318225",1,267.800299713552,267.800299713552,5.5902415524258
"3098","8701671B92535137088393",1,NA,NA,NA
"3099","8701671B92996832063401",1,31.7287732399106,31.7287732399106,3.45722394238033
"3100","8701671B93108958332775",1,43.916942809619,43.916942809619,3.78230018661866
"3101","8701671B93430889647256",1,1.41042559146881,1.41042559146881,0.343891496767318
"3102","8701671B93683641934125",1,146.603545749985,146.603545749985,4.98773197572203
"3103","8701671B93850487776066",1,163.305561302424,163.305561302424,5.09562305513704
"3104","8701671B94015264983282",1,500.722444511115,500.722444511115,6.21605194459669
"3105","8701671B94073395823663",1,1167.70958561611,1167.70958561611,7.06279949001955
"3106","8701671B9474908465202",1,NA,NA,NA
"3107","8701671B94814187921498",1,NA,NA,NA
"3108","8701671B94960647396655",1,389.392292605907,389.392292605907,5.96458729974249
"3109","8701671B95563300423658",1,77.3850511030555,77.3850511030555,4.34879362373868
"3110","8701671B95823931599644",1,2914.46347997555,2914.46347997555,7.97744102694752
"3111","8701671B96155424695073",1,0,0,0
"3112","8701671B96397646944426",1,NA,NA,NA
"3113","8701671B96536961646106",1,NA,NA,NA
"3114","8701671B96600181049115",1,NA,NA,NA
"3115","8701671B96630840865992",1,392.829223277926,392.829223277926,5.97337497106003
"3116","8701671B96841263270820",1,11.870737490654,11.870737490654,2.47407633732794
"3117","8701671B96951790647096",1,916.350726683714,916.350726683714,6.82039918078339
"3118","8701671B96967747537750",1,87.6436258781254,87.6436258781254,4.47327888628274
"3119","8701671B96985788698945",1,61.7890663943291,61.7890663943291,4.12372642962599
"3120","8701671B97170128709946",1,488.197728129178,488.197728129178,6.19072050438224
"3121","8701671B97252067164265",1,NA,NA,NA
"3122","8701671B97284253822936",1,NA,NA,NA
"3123","8701671B9732663070943",1,3175.64009101699,3175.64009101699,8.06326449447746
"3124","8701671B9780152008483",1,502.11129059273,502.11129059273,6.21882178952898
"3125","8701671B97832675692274",1,NA,NA,NA
"3126","8701671B98117918076450",1,NA,NA,NA
"3127","8701671B98275971460966",1,231.312238163501,231.312238163501,5.44376847818573
"3128","8701671B98296158896120",1,NA,NA,NA
"3129","8701671B98393552934318",1,9.07729089832306,9.07729089832306,2.20577578887971
"3130","8701671B98444413378484",1,411.495965302706,411.495965302706,6.01979921521537
"3131","8701671B98536206371918",1,NA,NA,NA
"3132","8701671B98746614638816",1,NA,NA,NA
"3133","8701671B98909054283677",1,6447.78505221885,6447.78505221885,8.77149194805682
"3134","8701671B98916205392785",1,297.39622010982,297.39622010982,5.69506532415988
"3135","8701671B98929881441736",1,449.888913090318,449.888913090318,6.10900069249018
"3136","8701671B98989854041717",1,NA,NA,NA
"3137","8701671B99228851829724",1,NA,NA,NA
"3138","8701671B99321727283863",1,530.513455540717,530.513455540717,6.27384532161686
"3139","8701671B99330114936147",1,NA,NA,NA
"3140","8701671B99819358130632",1,NA,NA,NA
"3141","8701671B99871718233737",1,16.0946529521942,16.0946529521942,2.77848710205755
"3142","8701671B99904787478825",1,161.724390979663,161.724390979663,5.08589359614564
"3143","91842731B12357645351124",1,30760.7343312659,30760.7343312659,10.3339942962626
"3144","91842731B1249664002017",1,794.347736756802,794.347736756802,6.67752132098567
"3145","91842731B14347449606367",1,29220.7086279506,29220.7086279506,10.2826329364805
"3146","91842731B17079961205151",1,20717.3385782639,20717.3385782639,9.93872624112841
"3147","91842731B17557865655216",1,11815.8407175827,11815.8407175827,9.3771963438887
"3148","91842731B1982983494790",1,7091.75128752828,7091.75128752828,8.8666875971387
"3149","91842731B20451595816430",1,336157.277348329,336157.277348329,12.7253344167729
"3150","91842731B22202511906994",1,182946.8556304,182946.8556304,12.1169509832562
"3151","91842731B23122165654060",1,29613.9752887791,29613.9752887791,10.2960016670244
"3152","91842731B25786536082373",1,47902.2516547738,47902.2516547738,10.7769177897007
"3153","91842731B26443656493732",1,63866.7535766837,63866.7535766837,11.0645542166539
"3154","91842731B27976305021428",1,311547.878105108,311547.878105108,12.6493083071808
"3155","91842731B29273701804010",1,109802.887432933,109802.887432933,11.6064421049152
"3156","91842731B29417860839565",1,185588.396358152,185588.396358152,12.1312865777578
"3157","91842731B30049846243522",1,5848.69967980063,5848.69967980063,8.67397463856156
"3158","91842731B31374659479500",1,82077.0060498042,82077.0060498042,11.3154131837379
"3159","91842731B32069224114640",1,4.09726229381561,4.09726229381561,1.41031901746144
"3160","91842731B32884228755734",1,41924.6234567218,41924.6234567218,10.6436286052968
"3161","91842731B3367010827484",1,5618.49717812552,5618.49717812552,8.63381950110088
"3162","91842731B34318351121161",1,122434.218295289,122434.218295289,11.7153291712264
"3163","91842731B34424424591491",1,0,0,0
"3164","91842731B39142455446777",1,70619.9869346924,70619.9869346924,11.1650684844738
"3165","91842731B3963078358447",1,9783.16347651505,9783.16347651505,9.18841817458205
"3166","91842731B40132277078343",1,0,0,0
"3167","91842731B41264252444764",1,211853.710809919,211853.710809919,12.2636512721152
"3168","91842731B42448688128011",1,46819.5360641151,46819.5360641151,10.7540558320705
"3169","91842731B43218816718153",1,145198.336325696,145198.336325696,11.8858559234952
"3170","91842731B45863495904507",1,174142.921695209,174142.921695209,12.0676316300942
"3171","91842731B45925583223677",1,NA,NA,NA
"3172","91842731B55105989995830",1,27198.7736997258,27198.7736997258,10.2109271666988
"3173","91842731B55304091488522",1,118545.075391512,118545.075391512,11.6830485502808
"3174","91842731B57503645074708",1,219113.185256321,219113.185256321,12.2973437029437
"3175","91842731B57994277396791",1,11105.9623047186,11105.9623047186,9.31523738765916
"3176","91842731B58578820553466",1,81087.5469164363,81087.5469164363,11.3032846761114
"3177","91842731B5947896014932",1,163473.895885813,163473.895885813,12.004408598382
"3178","91842731B611024205301",1,1649.31035848261,1649.31035848261,7.4081125149671
"3179","91842731B66952184085972",1,2870.86045462418,2870.86045462418,7.96236707379322
"3180","91842731B68671251921610",1,29452.0367698641,29452.0367698641,10.2905183469553
"3181","91842731B74764311235241",1,577.917909109056,577.917909109056,6.35943183282289
"3182","91842731B7512274213736",1,4.55398955245316,4.55398955245316,1.51600367349161
"3183","91842731B76351548746547",1,159467.170875098,159467.170875098,11.9795933547876
"3184","91842731B78787723804595",1,32.1902630397603,32.1902630397603,3.47166401675171
"3185","91842731B8043435112496",1,9773.148381073,9773.148381073,9.18739394297944
"3186","91842731B80607451044134",1,126212.719134343,126212.719134343,11.7457240095444
"3187","91842731B81114540383723",1,220223.124381388,220223.124381388,12.302396513113
"3188","91842731B81262375301476",1,NA,NA,NA
"3189","91842731B84648729700061",1,125194.851524427,125194.851524427,11.7376266147932
"3190","91842731B85295053362711",1,14687.7877235283,14687.7877235283,9.59477166038167
"3191","91842731B90886149673248",1,133787.514651475,133787.514651475,11.8040081088057
"3192","91842731B93913316180261",1,86988.5254838228,86988.5254838228,11.3735314979478
"3193","91842731B94191282467265",1,20342.0927024431,20342.0927024431,9.92044755036929
"3194","91842731B95000098399892",1,75730.4443888556,75730.4443888556,11.2349355301595
"3195","91842731B95056094425480",1,30756.4023464788,30756.4023464788,10.3338534579523
"3196","91842731B97095495257036",1,3834.72636777207,3834.72636777207,8.2518533599577
"3197","91842731B99636650083406",1,160365.905187328,160365.905187328,11.985213390644
"3198","92858781B16858061295144",1,270849.709923956,270849.709923956,12.5093193701014
"3199","92858781B34033962801246",1,196202.975390037,196202.975390037,12.1869049910852
"3200","92858781B37388362285714",1,351594.40938405,351594.40938405,12.7702335441663
"3201","92858781B42177808662163",1,1013963.69228898,1013963.69228898,13.8293776560711
"3202","92858781B61162443163986",1,134379.751242697,134379.751242697,11.8084250353242
"3203","92858781B77755411745481",1,156632.03766656,156632.03766656,11.9616546244151
"3204","DIS017",2,NA,NA,NA
