"","ADM2_id","total_exposure_days","total_population","total_person_day_exposure","log_total_person_day_exposure"
"1","10022922B16213196407560",1,101716.640751326,101716.640751326,11.5299461945248
"2","10022922B32579750162608",1,85362.0896979508,85362.0896979508,11.3546573666735
"3","10022922B36331574429859",1,14025.1264011338,14025.1264011338,9.54860574290884
"4","10022922B40357207342555",1,98196.5802977342,98196.5802977342,11.4947266698842
"5","10022922B52521872200932",1,58967.0786040958,58967.0786040958,10.9847345773925
"6","10022922B54557741887580",1,57983.2781330968,57983.2781330968,10.9679099399097
"7","10022922B56468572037030",1,51992.3748526307,51992.3748526307,10.8588523493618
"8","10022922B63491232053463",1,96859.1851298504,96859.1851298504,11.4810135030564
"9","10022922B63714971659336",1,19441.5617029863,19441.5617029863,9.87516840930354
"10","10022922B6580820782603",1,51609.670865424,51609.670865424,10.8514643537813
"11","10022922B75767771564463",1,151098.594944471,151098.594944471,11.9256878493723
"12","10022922B78580830473532",1,143501.994622205,143501.994622205,11.8741042138915
"13","10022922B9355726550011",1,107153.233732799,107153.233732799,11.5820151799405
"14","17275852B10267820559553",1,358032.804433741,358032.804433741,12.7883798936813
"15","17275852B1065790622928",1,335981.536063442,335981.536063442,12.7248114852433
"16","17275852B13001476141541",1,473623.388196083,473623.388196083,13.0681677451926
"17","17275852B14815638988431",1,320164.053879821,320164.053879821,12.6765888117808
"18","17275852B15408627611583",1,345470.440279646,345470.440279646,12.7526623621756
"19","17275852B15995572811192",1,325065.830010143,325065.830010143,12.691782994678
"20","17275852B16105050053503",1,711623.622434518,711623.622434518,13.475304430449
"21","17275852B16521843045020",1,881544.969713976,881544.969713976,13.6894312945092
"22","17275852B19868960828514",1,766534.847930671,766534.847930671,13.5496354399666
"23","17275852B21750823884811",1,216249.045561645,216249.045561645,12.2841860111966
"24","17275852B2295538790743",1,625636.601466561,625636.601466561,13.3465249726824
"25","17275852B24445486288332",1,320001.201250256,320001.201250256,12.6760800286759
"26","17275852B26690160376255",1,1113552.67222988,1113552.67222988,13.9230660678656
"27","17275852B30975390905787",1,88484.5907639679,88484.5907639679,11.3905837001747
"28","17275852B34420574294401",1,362652.979270795,362652.979270795,12.8012016760364
"29","17275852B35691129963558",1,713240.033411148,713240.033411148,13.4775732954922
"30","17275852B37857453943231",1,206469.446335036,206469.446335036,12.2379077207995
"31","17275852B38709981190197",1,206577.820264057,206577.820264057,12.2384324739707
"32","17275852B38939963469829",1,636666.285638154,636666.285638154,13.3640009128804
"33","17275852B39380894050966",1,1186724.51235887,1186724.51235887,13.9867075593419
"34","17275852B41190306193582",1,336743.541810018,336743.541810018,12.7270769160932
"35","17275852B46208020456835",1,375083.349433186,375083.349433186,12.8349035454105
"36","17275852B46978756476047",1,223330.404331552,223330.404331552,12.3164075876797
"37","17275852B47214038820512",1,676492.795288727,676492.795288727,13.4246770765566
"38","17275852B48501556095420",1,136988.226285249,136988.226285249,11.8276502615935
"39","17275852B50034294804845",1,1150362.66174226,1150362.66174226,13.9555878086613
"40","17275852B50490784073671",1,668097.637335398,668097.637335398,13.4121896055137
"41","17275852B50589627480209",1,382596.374980148,382596.374980148,12.8547358612444
"42","17275852B51230036148684",1,758269.98665776,758269.98665776,13.5387947841322
"43","17275852B52033797991024",1,147728.721792104,147728.721792104,11.9031329099537
"44","17275852B53025585862768",1,169138.457455393,169138.457455393,12.0384729333667
"45","17275852B59014028549632",1,745161.586266092,745161.586266092,13.5213563681604
"46","17275852B59261423659404",1,601913.281974709,601913.281974709,13.3078686640389
"47","17275852B60010150977543",1,1190050.25089242,1190050.25089242,13.9895060918368
"48","17275852B60612190497835",1,549584.860083377,549584.860083377,13.2169184723554
"49","17275852B63889031221729",1,800000.149493899,800000.149493899,13.5923671935174
"50","17275852B71635948673445",1,264411.167105394,264411.167105394,12.485260621716
"51","17275852B71641756163868",1,383413.559985969,383413.559985969,12.8568694766938
"52","17275852B72819681774342",1,254740.199679132,254740.199679132,12.4479994799981
"53","17275852B75086699702795",1,276609.920672724,276609.920672724,12.5303635640654
"54","17275852B76985937823941",1,55420.0808110321,55420.0808110321,10.9226972765724
"55","17275852B78973254528560",1,371043.298049367,371043.298049367,12.8240740411124
"56","17275852B7979903099841",1,376749.59695333,376749.59695333,12.8393360466894
"57","17275852B80309702523612",1,101353.998549202,101353.998549202,11.5263746039801
"58","17275852B82960244806798",1,180660.750636675,180660.750636675,12.1043762456641
"59","17275852B8306530590796",1,170738.23593199,170738.23593199,12.0478868786144
"60","17275852B85583949591367",1,202990.662694839,202990.662694839,12.2209152603889
"61","17275852B86000242921086",1,406430.473661887,406430.473661887,12.9151681568395
"62","17275852B86431238150342",1,359681.581060598,359681.581060598,12.7929744219801
"63","17275852B87114256965843",1,404344.730926797,404344.730926797,12.9100230874679
"64","17275852B8790559451208",1,615515.902064494,615515.902064494,13.3302160602835
"65","17275852B87965925400106",1,90022.6736488887,90022.6736488887,11.4078168470156
"66","17275852B89468905887192",1,650323.612986395,650323.612986395,13.3852253841105
"67","17275852B90429058486395",1,837410.91531345,837410.91531345,13.6380701672487
"68","17275852B90470795224142",1,520050.369729178,520050.369729178,13.1616809507303
"69","17275852B92675490846952",1,201884.391012793,201884.391012793,12.2154504908259
"70","17275852B93743910489906",1,305576.915386411,305576.915386411,12.6299567947643
"71","17275852B98891327369808",1,284155.451973325,284155.451973325,12.5572767334964
"72","17275852B99819709984445",1,1089388.98210291,1089388.98210291,13.9011275301509
"73","22064153B10063200690088",2,4997.10529836473,9994.21059672946,9.20976126399847
"74","22064153B10198647455889",2,11650.2647020896,23300.5294041792,10.0562313605051
"75","22064153B10207741545348",2,110118.961586038,220237.923172076,12.3024637099322
"76","22064153B10383419065697",2,21280.0763286722,42560.1526573444,10.6586737108828
"77","22064153B10472046376966",2,24784.9582610021,49569.9165220042,10.8111394069705
"78","22064153B10573216765784",2,49288.5402616226,98577.0805232452,11.4985940645159
"79","22064153B10622080660464",2,103901.889369279,207803.778738558,12.2443495419793
"80","22064153B11163200356",2,7054.72359261161,14109.4471852232,9.55459986514407
"81","22064153B11166704859619",2,24751.3039135856,49502.6078271712,10.8097806305463
"82","22064153B11185752440330",2,4893.42154909009,9786.84309818018,9.18879422164105
"83","22064153B11294111383773",2,50009.8358958318,100019.671791664,11.5131221635404
"84","22064153B11347435242213",1,NA,NA,NA
"85","22064153B11370403812277",2,207637.67732916,415275.35465832,12.9366970843913
"86","22064153B114806197531",2,46220.9288390589,92441.8576781178,11.4343351602283
"87","22064153B11493994144660",1,71330.9075435099,71330.9075435099,11.1750849983583
"88","22064153B11669654963101",2,18291.7746442163,36583.5492884326,10.5073539453525
"89","22064153B11880020551001",2,133681.302907002,267362.605814004,12.4963610902434
"90","22064153B12127418038090",2,6370.69648776585,12741.3929755317,9.45261126188786
"91","22064153B12165260283396",2,5766.60670420059,11533.2134084012,9.35298627420814
"92","22064153B12345861604897",1,77545.661572149,77545.661572149,11.2586222234182
"93","22064153B1240967535924",2,5385.43943191445,10770.8788638289,9.28460136977642
"94","22064153B12869480434443",2,22882.2082923012,45764.4165846024,10.7312621376682
"95","22064153B12892312696752",2,11621.1005529342,23242.2011058684,10.0537249184374
"96","22064153B13026846490953",2,4986.91035073474,9973.82070146948,9.2077190093523
"97","22064153B1319937863397",1,77418.4095311857,77418.4095311857,11.2569798805363
"98","22064153B1320154413470",1,15531.2700226658,15531.2700226658,9.65061069146393
"99","22064153B13215881329963",1,8597.39645175876,8597.39645175876,9.05921469823956
"100","22064153B13237952508684",2,51466.2871242902,102932.57424858,11.5418294339094
"101","22064153B13433087472373",2,50895.7821308762,101791.564261752,11.5306825138669
"102","22064153B135965652539",2,51153.0192229354,102306.038445871,11.5357239770391
"103","22064153B13741289865163",2,62601.2684270168,125202.536854034,11.7376879998553
"104","22064153B13756884324312",2,98404.8656595794,196809.731319159,12.1899927101377
"105","22064153B13974791812642",2,15964.3835703828,31928.7671407656,10.3712626736501
"106","22064153B14023525117600",1,179734.608327276,179734.608327276,12.099236643696
"107","22064153B14063031562338",2,45695.7837959592,91391.5675919184,11.4229084948921
"108","22064153B1409396634293",2,10833.1206953839,21666.2413907678,9.98351063189862
"109","22064153B14538950261497",2,17314.784556303,34629.569112606,10.4524631947146
"110","22064153B14902090044751",2,14397.1653368464,28794.3306736928,10.2679337951383
"111","22064153B1510965020390",1,16535.1610088056,16535.1610088056,9.71324436282271
"112","22064153B15139247492815",1,3200.79889917443,3200.79889917443,8.07115571362096
"113","22064153B15237000314247",1,4125.0714342774,4125.0714342774,8.32483861601942
"114","22064153B15321782044758",2,1812.28327509821,3624.56655019642,8.19548998777982
"115","22064153B15331758585451",2,3774.46462740703,7548.92925481406,8.92916101163116
"116","22064153B15413497607030",2,10916.1027673506,21832.2055347012,9.99114147672189
"117","22064153B15500594562934",2,23306.3623344901,46612.7246689802,10.7496288444053
"118","22064153B15570456578979",2,104382.132682602,208764.265365204,12.2489609774571
"119","22064153B1576921955547",2,120783.615377031,241567.230754062,12.3949031015475
"120","22064153B16354527619629",2,15605.7151620055,31211.430324011,10.3485396632442
"121","22064153B16387988868573",1,62705.5908648197,62705.5908648197,11.0462058911437
"122","22064153B16416910808927",1,178784.570326138,178784.570326138,12.0939368422827
"123","22064153B16549607437005",2,89525.442726438,179050.885452876,12.0954253206971
"124","22064153B17402484703457",2,7280.42190471257,14560.8438094251,9.58609127401545
"125","22064153B1746305161850",2,34570.3301071611,69140.6602143222,11.1438982623789
"126","22064153B17547452708566",1,116132.970556274,116132.970556274,11.6624911114896
"127","22064153B17605300042191",2,45585.238956217,91170.477912434,11.4204864165575
"128","22064153B17737822356535",1,18736.8157718713,18736.8157718713,9.8382456252329
"129","22064153B17824097613778",1,35875.9938104837,35875.9938104837,10.4878236547126
"130","22064153B18284871190784",2,14304.7864109092,28609.5728218184,10.2614966548533
"131","22064153B18479522971761",1,542188.90043012,542188.90043012,13.20336974448
"132","22064153B18486924389046",1,NA,NA,NA
"133","22064153B18541020859979",2,39656.2398742013,79312.4797484026,11.2811507691174
"134","22064153B18585174510843",2,34279.5898876853,68559.1797753706,11.135452589597
"135","22064153B18826680352976",2,38031.8802571363,76063.7605142726,11.2393272216783
"136","22064153B19025451607548",2,58476.8913530913,116953.782706183,11.6695341161338
"137","22064153B19140159564863",2,2022.69537923258,4045.39075846516,8.30533342766124
"138","22064153B19171708056014",2,38724.5758260858,77449.1516521716,11.2573768922947
"139","22064153B19404158136768",1,13288.2313880255,13288.2313880255,9.49463406444868
"140","22064153B19491219462886",2,53264.7747645674,106529.549529135,11.5761776860141
"141","22064153B19507094368728",2,8250.63135672071,16501.2627134414,9.71119218504791
"142","22064153B19608243669398",2,18799.0059252017,37598.0118504034,10.5347064516609
"143","22064153B19633670255011",2,179969.808046854,359939.616093708,12.7936915632905
"144","22064153B19687868642382",1,26675.548172958,26675.548172958,10.1915026260228
"145","22064153B19974298911936",2,37704.8668051273,75409.7336102546,11.2306916386385
"146","22064153B20300177961456",2,18424.2232955861,36848.4465911722,10.5145687418082
"147","22064153B20607189577313",2,11409.1079500296,22818.2159000592,10.0353144389425
"148","22064153B20820198931231",2,10065.3002088685,20130.600417737,9.9099963452003
"149","22064153B20891786308722",2,38477.2009318696,76954.4018637392,11.2509683418381
"150","22064153B20929599780208",1,3851.15538679388,3851.15538679388,8.25612848272663
"151","22064153B20936499562813",1,65378.6683939804,65378.6683939804,11.087951312894
"152","22064153B21018855363784",1,1700.84288587567,1700.84288587567,7.43887922238954
"153","22064153B2132252923317",2,25660.5375516259,51321.0751032518,10.8458567675213
"154","22064153B21463927954199",1,95542.4028403209,95542.4028403209,11.4673254367253
"155","22064153B21529335846532",1,9830.27198293277,9830.27198293277,9.19322188141895
"156","22064153B21867415191580",1,147403.715884158,147403.715884158,11.9009304679458
"157","22064153B21914755064517",1,49667.7648488239,49667.7648488239,10.8131114070652
"158","22064153B21930418676565",2,65398.6004017906,130797.200803581,11.781403317192
"159","22064153B22010426085653",2,2369.21890506565,4738.4378101313,8.46346278444538
"160","22064153B2252165856655",2,10994.9505314836,21989.9010629672,9.99833858435575
"161","22064153B22770542866151",2,27983.783759034,55967.567518068,10.9325276504812
"162","22064153B22998678840309",1,13130.5053346859,13130.5053346859,9.48269345358487
"163","22064153B2319717856826",1,14174.1621998058,14174.1621998058,9.5591760227791
"164","22064153B23231745702149",2,29338.1531281577,58676.3062563154,10.9797912830418
"165","22064153B23593154045809",1,32217.1726580267,32217.1726580267,10.3802549017331
"166","22064153B23604692839196",2,17006.6826437477,34013.3652874954,10.4345088230471
"167","22064153B23836741146869",1,65507.2766914738,65507.2766914738,11.0899165099791
"168","22064153B23867654552053",2,14462.5853781736,28925.1707563472,10.2724674554618
"169","22064153B24090934315492",2,5204.5980621648,10409.1961243296,9.25044493714117
"170","22064153B24250896793566",2,15233.6963087629,30467.3926175258,10.324412296199
"171","22064153B24327518891099",2,146336.044096121,292672.088192242,12.5868081083524
"172","22064153B2439222401331",1,114658.51729658,114658.51729658,11.6497135750739
"173","22064153B24536315802693",2,119869.079091173,239738.158182346,12.3873025991686
"174","22064153B24827432296483",2,132803.517340634,265607.034681268,12.4897731822324
"175","22064153B2491065484587",1,346426.265548992,346426.265548992,12.755425277129
"176","22064153B249766001509",2,84007.4904074428,168014.980814886,12.031808425927
"177","22064153B25042190901764",1,501718.681367926,501718.681367926,13.1257948459121
"178","22064153B25240716524083",1,3157.44800899904,3157.44800899904,8.05751938821388
"179","22064153B25271963256644",2,28946.1467871966,57892.2935743932,10.9663395558148
"180","22064153B25274509403754",2,152793.019534407,305586.039068814,12.6299866515556
"181","22064153B25299017238233",1,NA,NA,NA
"182","22064153B25500969615439",2,8558.66534031464,17117.3306806293,9.74784671935169
"183","22064153B25624433633857",2,20058.4043907893,40116.8087815786,10.5995506970772
"184","22064153B25668755078599",2,40908.041621189,81816.083242378,11.3122291199193
"185","22064153B25692242595445",2,23057.14156447,46114.28312894,10.7388780102587
"186","22064153B25695185741229",1,11595.1682848043,11595.1682848043,9.35834376315087
"187","22064153B25852554340132",1,24041.5767951149,24041.5767951149,10.0875399769772
"188","22064153B25942497643845",2,8412.88038028449,16825.760760569,9.73066636957208
"189","22064153B25968534985503",1,49119.2615832622,49119.2615832622,10.802006529794
"190","22064153B26111310234357",2,37435.9678438642,74871.9356877284,11.2235344088738
"191","22064153B26168625636469",2,810.031658894693,1620.06331778939,7.3902205125178
"192","22064153B2623770639583",2,36576.9743597226,73153.9487194452,11.2003213861184
"193","22064153B26463696706835",2,153205.710606871,306411.421213742,12.6326839916556
"194","22064153B26501737367812",2,4717.69474568206,9435.38949136412,9.15222273849422
"195","22064153B26624831097193",2,9105.10950954726,18210.2190190945,9.80973820005704
"196","22064153B26661145575054",2,56691.154840531,113382.309681062,11.6385206588215
"197","22064153B26672672151559",1,5545.31255632362,5545.31255632362,8.62070826543189
"198","22064153B26690922833011",2,17394.8636834153,34789.7273668306,10.4570774315769
"199","22064153B26987504968655",2,137683.665623677,275367.331247354,12.5258612353187
"200","22064153B27005462697609",2,74136.3390360254,148272.678072051,11.9068082769792
"201","22064153B2722132887235",2,7561.86564060066,15123.7312812013,9.62402039714611
"202","22064153B2734112781426",1,17617.5768540484,17617.5768540484,9.77665236756137
"203","22064153B27349531519985",2,121042.792526369,242085.585052738,12.3970465998596
"204","22064153B27367893757530",2,52037.0389531642,104074.077906328,11.552858212128
"205","22064153B27631691114886",2,13095.3727841575,26190.745568315,10.173161404768
"206","22064153B27637415608592",1,8677.59157675372,8677.59157675372,9.06849930103706
"207","22064153B27657139570827",1,105143.983629086,105143.983629086,11.5630859624619
"208","22064153B27741683898286",2,64669.5753353128,129339.150670626,11.7701933083378
"209","22064153B27762332852443",2,12412.8464928903,24825.6929857806,10.1196344033588
"210","22064153B27870068763569",2,18343.4382771134,36686.8765542268,10.5101743830149
"211","22064153B27979784056918",2,48801.1637586768,97602.3275173536,11.4886566196307
"212","22064153B28035717704665",2,57007.2036902093,114014.407380419,11.6440800999213
"213","22064153B28097279144094",1,198900.828008168,198900.828008168,12.2005616277704
"214","22064153B28150220320962",1,881.130155823856,881.130155823856,6.78120535148717
"215","22064153B28331596269752",2,62745.0734963787,125490.146992757,11.739982524454
"216","22064153B28337090831591",1,369780.485633271,369780.485633271,12.8206648264867
"217","22064153B28414045924235",2,3238.52494181689,6477.04988363378,8.77602042081047
"218","22064153B28595577519901",1,35528.8388863819,35528.8388863819,10.478100008672
"219","22064153B28607831481816",2,5804.91458579825,11609.8291715965,9.35960736068158
"220","22064153B28818453738247",2,105842.206228752,211684.412457504,12.2628518240744
"221","22064153B28866553828376",1,108487.930644895,108487.930644895,11.5943942074793
"222","22064153B29029874333324",2,43265.2299597822,86530.4599195644,11.3682517687324
"223","22064153B29189264860619",1,121081.767394351,121081.767394351,11.7042213599432
"224","22064153B2920977635331",2,12281.7729587831,24563.5459175662,10.1090187495907
"225","22064153B29606246418188",2,89148.7027423289,178297.405484658,12.0912082523413
"226","22064153B298158602474",2,6432.35759871715,12864.7151974343,9.46224358668878
"227","22064153B29893282242980",1,12496.7293110792,12496.7293110792,9.43322223393906
"228","22064153B29987612249320",2,57887.7078400195,115775.415680039,11.6594075217553
"229","22064153B30148969758509",1,15013.1813133977,15013.1813133977,9.61668384843241
"230","22064153B30375928590829",2,28841.5967617918,57683.1935235836,10.9627211366464
"231","22064153B30432270495602",1,29935.0271473526,29935.0271473526,10.3067845502357
"232","22064153B30552357265418",2,329139.688622605,658279.37724521,13.3973847056756
"233","22064153B30560845546979",1,14256.8697087172,14256.8697087172,9.5649941543535
"234","22064153B30638579191520",2,16009.3499113851,32018.6998227702,10.3740753805661
"235","22064153B30746537151350",2,776.45049726115,1552.9009945223,7.34788007000401
"236","22064153B30747054135081",2,173964.37221457,347928.74442914,12.7597529804034
"237","22064153B30862547223032",2,11082.0686918115,22164.137383623,10.0062308284711
"238","22064153B31019964907182",1,24659.2455227101,24659.2455227101,10.1129071810642
"239","22064153B31040829489801",2,106189.842482425,212379.68496485,12.2661309186007
"240","22064153B31050453163422",2,4006.0522073209,8012.1044146418,8.98870872898259
"241","22064153B31188277470964",1,72882.649073707,72882.649073707,11.196605879705
"242","22064153B31214056666647",2,44886.1088877066,89772.2177754132,11.4050308275298
"243","22064153B31303079621207",1,72991.9098013357,72991.9098013357,11.1981038893498
"244","22064153B31654670628378",2,30733.3901480442,61466.7802960884,11.0262521500697
"245","22064153B31946200806378",2,18582.0026323022,37164.0052646044,10.5230959714199
"246","22064153B31988030206411",2,59382.8148859541,118765.629771908,11.6849073323677
"247","22064153B32207594646608",1,22664.6303673592,22664.6303673592,10.0285608547204
"248","22064153B32308822660767",1,8823.74990586777,8823.74990586777,9.08520221804163
"249","22064153B32423608968976",1,16257.9223898278,16257.9223898278,9.69633560063464
"250","22064153B32431944472623",2,1800.4969186988,3600.9938373976,8.18896515228879
"251","22064153B32453256362792",1,14384.8734007567,14384.8734007567,9.57393247516532
"252","22064153B32454677361309",2,56312.2818833942,112624.563766788,11.6318151215783
"253","22064153B32459042913276",2,18866.636092238,37733.272184476,10.538297535529
"254","22064153B32597994259777",2,66150.2017826558,132300.403565312,11.7928304004787
"255","22064153B32879665089708",2,24011.681408859,48023.362817718,10.7794428968468
"256","22064153B33022261417007",2,37943.1630805987,75886.3261611974,11.2369917911747
"257","22064153B33141511613521",2,19407.3624016208,38814.7248032416,10.5665549588557
"258","22064153B33206929848815",2,7676.01047124788,15352.0209424958,9.63900240184084
"259","22064153B33402705241691",2,44744.1614597076,89488.3229194152,11.4018634255768
"260","22064153B33692548967608",1,70780.6493680685,70780.6493680685,11.1673409283144
"261","22064153B3414994926035",1,16625.0801454537,16625.0801454537,9.7186676862916
"262","22064153B34267563622194",2,337199.099306435,674398.19861287,13.4215760145702
"263","22064153B34289782846164",2,290229.383959173,580458.767918346,13.271574049033
"264","22064153B34371075767186",1,56043.891594376,56043.891594376,10.9338904411943
"265","22064153B34425405263494",1,38992.3017521859,38992.3017521859,10.571119514658
"266","22064153B34770411990432",1,207704.047859191,207704.047859191,12.2438694986449
"267","22064153B34805483384531",2,41525.1227161083,83050.2454322166,11.3272010702715
"268","22064153B34841335570745",1,132005.585424894,132005.585424894,11.7905995144983
"269","22064153B35070175546875",2,506641.661619533,1013283.32323907,13.8287064314297
"270","22064153B35070439080278",2,21003.7029466761,42007.4058933522,10.6456012125152
"271","22064153B35105939301214",2,13786.1592475726,27572.3184951452,10.2245675953368
"272","22064153B35205149124459",2,38668.1795620251,77336.3591240502,11.255919487819
"273","22064153B35259922763541",1,2284.85000527046,2284.85000527046,7.73405565796602
"274","22064153B3528434639026",2,44694.5729419918,89389.1458839836,11.400754543097
"275","22064153B35365393419154",2,28158.8480337047,56317.6960674094,10.9387640821012
"276","22064153B35477366306356",1,13462.8720996139,13462.8720996139,9.50769096079401
"277","22064153B35670810334421",1,3607.81996336844,3607.81996336844,8.19085898064938
"278","22064153B3574187835078",2,46578.7407851849,93157.4815703698,11.4420466902534
"279","22064153B36124177261104",2,114817.397474921,229634.794949842,12.3442454778944
"280","22064153B36635656677218",2,153783.952429476,307567.904858952,12.6364511706592
"281","22064153B36650271822952",2,8207.3885019569,16414.7770039138,9.7059372449463
"282","22064153B36671454737520",2,31914.223411334,63828.446822668,11.0639542449236
"283","22064153B37190858382718",2,548.748762356241,1097.49752471248,7.00078788955952
"284","22064153B37535549153017",2,8774.73842394633,17549.4768478927,9.77277941921282
"285","22064153B37672699687454",2,1388.83678191629,2777.67356383258,7.92936900879007
"286","22064153B37976146363368",2,15863.0097277725,31726.019455545,10.3648924262048
"287","22064153B38015411122524",2,19026.0284953288,38052.0569906576,10.5467104220299
"288","22064153B38031589003177",2,22247.1765766925,44494.353153385,10.7031175646729
"289","22064153B38153084112914",1,4637.68699354907,4637.68699354907,8.44197102816188
"290","22064153B38160356889893",2,29806.9564090394,59613.9128180788,10.9956442623563
"291","22064153B38229059765707",1,21069.4094346878,21069.4094346878,9.95557747767679
"292","22064153B38234502302871",2,31616.214169921,63232.428339842,11.0545725551838
"293","22064153B38245769729166",1,81279.6286331124,81279.6286331124,11.3056506938195
"294","22064153B3825663705425",1,120926.919048437,120926.919048437,11.7029416673063
"295","22064153B38373217054735",1,21279.8903259927,21279.8903259927,9.96551778958857
"296","22064153B386757368004",2,56420.8749356485,112841.749871297,11.63374167254
"297","22064153B38891781279307",2,24045.1507731785,48090.301546357,10.7808358047107
"298","22064153B39059468846862",2,42188.4023216124,84376.8046432248,11.3430478163102
"299","22064153B39248770948024",1,31928.3776933432,31928.3776933432,10.371250476192
"300","22064153B39431527645490",1,12830.9231392445,12830.9231392445,9.45961340663816
"301","22064153B39627924903777",2,32648.355986862,65296.711973724,11.0866969613739
"302","22064153B3969862222627",2,15468.7770058077,30937.5540116154,10.3397260651395
"303","22064153B397815229123",2,976.194592284235,1952.38918456847,7.57680912444042
"304","22064153B39922172056835",2,412092.061503791,824184.123007582,13.6221492341822
"305","22064153B40173018789364",2,99766.8045565562,199533.609113112,12.2037379678555
"306","22064153B4024875933909",2,54261.2835833853,108522.567166771,11.5947134226557
"307","22064153B40416571045397",2,105783.055834776,211566.111669552,12.2622928133501
"308","22064153B40607991311144",2,246498.538679361,492997.077358722,13.1082585247288
"309","22064153B40828352777432",1,20609.8732918877,20609.8732918877,9.93352552597078
"310","22064153B41128081169981",2,11190.0776896803,22380.1553793606,10.0159299246193
"311","22064153B41354551896797",2,34185.9789377168,68371.9578754336,11.1327180469675
"312","22064153B41514672574111",2,23008.4945915168,46016.9891830336,10.7367659373516
"313","22064153B41525675673644",2,14353.5797999488,28707.1595998976,10.264901834048
"314","22064153B41713963483520",2,1989.82318533682,3979.64637067364,8.28894824274141
"315","22064153B41720613650338",2,129126.124006212,258252.248012424,12.4616920917356
"316","22064153B41777541887282",1,14147.2269367442,14147.2269367442,9.55727390766372
"317","22064153B42062720942264",2,1329.79579963747,2659.59159927494,7.88592785588101
"318","22064153B42302848095491",1,1933.0311801862,1933.0311801862,7.56684460954187
"319","22064153B4274209582436",1,49959.4512531497,49959.4512531497,10.8189669804552
"320","22064153B4286483496326",1,1804.02319509329,1804.02319509329,7.49777455813043
"321","22064153B42900229299916",2,152390.552429151,304781.104858302,12.6273491089383
"322","22064153B42900259009537",1,140743.453855423,140743.453855423,11.8546940359003
"323","22064153B42905790783951",2,29188.1309332106,58376.2618664212,10.974664611293
"324","22064153B43232659310460",2,35152.4671352466,70304.9342704932,11.1605972641051
"325","22064153B43689420545928",1,108088.278768697,108088.278768697,11.5907035682266
"326","22064153B43785762223582",2,37573.6413128078,75147.2826256156,11.2272052351876
"327","22064153B43932991343110",2,5666.76104191526,11333.5220838305,9.33552016924714
"328","22064153B43979450317974",2,52320.3588324463,104640.717664893,11.5582880250858
"329","22064153B439820272378",2,60622.8376143378,121245.675228676,11.7055741399465
"330","22064153B44054908542385",2,25405.1252246524,50810.2504493048,10.8358533937098
"331","22064153B44123473908200",2,91295.3946242677,182590.789248535,12.1150028036393
"332","22064153B44315864590380",1,55479.7405590613,55479.7405590613,10.9237731981212
"333","22064153B44317666842318",2,48325.3846119778,96650.7692239556,11.4788594434662
"334","22064153B44549146098758",2,35847.48739152,71694.97478304,11.1801759374236
"335","22064153B44553862516969",1,57676.7323820868,57676.7323820868,10.9626091195581
"336","22064153B44560660851170",1,17440.2278562375,17440.2278562375,9.76653476252885
"337","22064153B4475386175158",1,4702.80717377406,4702.80717377406,8.45591488041856
"338","22064153B44784100990401",2,69234.8321209261,138469.664241852,11.838406549874
"339","22064153B44837767609725",2,52892.0625561711,105784.125112342,11.5691557409511
"340","22064153B44963787773880",2,223618.368162796,447236.736325592,13.0108433448677
"341","22064153B45001558648398",1,128932.881484938,128932.881484938,11.7670472493752
"342","22064153B45156088025009",2,64729.1128679528,129458.225735906,11.7711135268913
"343","22064153B45188135537989",2,10481.0678935998,20962.1357871996,9.95047303148796
"344","22064153B45193462412831",1,2302.56384526403,2302.56384526403,7.74177849641562
"345","22064153B45248140164067",2,54628.7351701825,109257.470340365,11.6014624890217
"346","22064153B45421969822613",2,38815.3604199908,77630.7208399816,11.2597185149418
"347","22064153B45672928552582",2,4387.96063743516,8775.92127487032,9.07976703141236
"348","22064153B45962078920290",2,28023.2706988656,56046.5413977312,10.933937720936
"349","22064153B46015146665875",1,48665.1548992966,48665.1548992966,10.7927185478268
"350","22064153B46237965810139",1,5449.59153852824,5449.59153852824,8.60329593778958
"351","22064153B46600625049869",2,91599.1406678402,183198.28133568,12.1183243498227
"352","22064153B46704511069895",2,2233.72509739802,4467.45019479604,8.40457309863256
"353","22064153B46722483166197",2,54609.4983890359,109218.996778072,11.6011102903323
"354","22064153B46764438077406",1,28847.7493819669,28847.7493819669,10.2697872578696
"355","22064153B46807653083164",1,87692.0978903963,87692.0978903963,11.3815870704283
"356","22064153B47073397017975",2,35319.8671989141,70639.7343978282,11.1653480753306
"357","22064153B47088094291136",1,46733.229794624,46733.229794624,10.7522107493905
"358","22064153B47270255422143",2,32405.2075370381,64810.4150740762,11.079221595877
"359","22064153B47469236554060",1,364760.945235578,364760.945235578,12.8069974734347
"360","22064153B47665726673429",1,24753.3878649198,24753.3878649198,10.1167176420603
"361","22064153B48077040474563",1,11859.3937209784,11859.3937209784,9.38087555159737
"362","22064153B48122018052032",2,2444.58375137651,4889.16750275302,8.49477732313984
"363","22064153B48186183517064",2,32912.5130223194,65825.0260446388,11.0947553800293
"364","22064153B48448071500223",2,63953.7810444232,127907.562088846,11.7590631108296
"365","22064153B48836747079697",1,40296.7410129595,40296.7410129595,10.6040258765
"366","22064153B49276333720668",1,344.674864450677,344.674864450677,5.84260155079056
"367","22064153B49277227172137",2,87609.4307859894,175218.861571979,12.0737911090641
"368","22064153B49505315187680",2,21417.2962612535,42834.592522507,10.6651012916298
"369","22064153B49774886462778",2,71889.814367011,143779.628734022,11.8760370503536
"370","22064153B49930616683210",2,33350.8292994968,66701.6585989936,11.1079850981462
"371","22064153B50045413715781",1,1174.91061532165,1174.91061532165,7.06894735161795
"372","22064153B50086663082830",2,25389.6148653845,50779.229730769,10.8352426863915
"373","22064153B50127678643850",1,52427.9355378694,52427.9355378694,10.8671948492024
"374","22064153B50136100430042",2,150555.056870918,301110.113741836,12.6152313032177
"375","22064153B5057335673555",2,45871.5106260795,91743.021252159,11.4267467003771
"376","22064153B51010300776987",2,218419.192880364,436838.385760728,12.9873185790405
"377","22064153B5111391554664",2,48572.3589920907,97144.7179841814,11.483957083633
"378","22064153B51420190401517",2,2320.25404615777,4640.50809231554,8.44257914187953
"379","22064153B51830778550704",2,107550.802912145,215101.60582429,12.2788657807058
"380","22064153B51861353705431",2,121552.519470755,243105.03894151,12.4012488879442
"381","22064153B519565970341",2,93507.8408372481,187015.681674496,12.1389477515426
"382","22064153B52034596955899",2,53903.7901633715,107807.580326743,11.5881032534147
"383","22064153B52179912270627",2,45565.8235449333,91131.6470898666,11.4200604113954
"384","22064153B52253141451980",2,156440.481853121,312880.963706242,12.6535780895392
"385","22064153B52291408422766",2,10873.9731497141,21747.9462994282,9.9872746090439
"386","22064153B52336142929997",2,16070.890226693,32141.780453386,10.3779120345644
"387","22064153B52523580672290",2,39129.5922782655,78259.184556531,11.2677814760389
"388","22064153B52612130244495",1,49220.2909636244,49220.2909636244,10.8040612354193
"389","22064153B52612753206186",2,8536.77788954397,17073.5557790879,9.74528609984207
"390","22064153B52629269001458",2,2813.98995056905,5627.9799011381,8.63550584700155
"391","22064153B52725816904934",2,49401.5015123673,98803.0030247346,11.5008832782612
"392","22064153B52899597387613",2,13556.9433521163,27113.8867042326,10.2078013001336
"393","22064153B53002187512045",2,22310.3628586383,44620.7257172766,10.7059537322486
"394","22064153B53034253556310",2,96248.8014520571,192497.602904114,12.1678389801863
"395","22064153B53045263163046",1,21955.6177581753,21955.6177581753,9.99677832007094
"396","22064153B53393989117079",2,6221.99740979464,12443.9948195893,9.42899344171957
"397","22064153B53533855614877",2,159316.371481403,318632.742962806,12.671794442561
"398","22064153B53754534753242",2,6464.10502930621,12928.2100586124,9.46716702897451
"399","22064153B53816838639023",2,67548.2467109941,135096.493421988,11.8137445681857
"400","22064153B53997811528221",2,8909.4991159923,17818.9982319846,9.78802048350661
"401","22064153B54201279846149",1,6194.71530803251,6194.71530803251,8.73145183788742
"402","22064153B54328590224994",2,7063.72905561511,14127.4581112302,9.55587556644777
"403","22064153B54491533323860",2,21936.0689221823,43872.1378443646,10.6890347243238
"404","22064153B54492214323948",1,61212.424294768,61212.424294768,11.0221054592488
"405","22064153B54493928872719",2,55505.2317951112,111010.463590222,11.6173797424302
"406","22064153B54573279257236",2,13412.6801533722,26825.3603067444,10.1971029991606
"407","22064153B54657262199971",2,32592.7734208917,65185.5468417834,11.0849930491356
"408","22064153B54692117274500",2,2868.10430534351,5736.20861068702,8.65455375028742
"409","22064153B54812792902369",2,118625.924511886,237251.849023772,12.3768775100088
"410","22064153B55014741833430",1,6949.93082703386,6949.93082703386,8.84648698556454
"411","22064153B55178851895716",2,18352.786644633,36705.573289266,10.5106838832559
"412","22064153B5520386080739",2,21936.7423871507,43873.4847743014,10.6890654251132
"413","22064153B55493173352162",2,21085.2869449205,42170.573889841,10.649477955608
"414","22064153B55574544094548",2,64685.9406480623,129371.881296125,11.7704463367875
"415","22064153B55696485794579",2,1115.32933239403,2230.65866478806,7.71005218621821
"416","22064153B55930097994120",2,95748.6777814804,191497.355562961,12.1626292784368
"417","22064153B56106555282703",1,154427.214403741,154427.214403741,11.9474781601326
"418","22064153B56211754183419",2,335903.313866706,671806.627733412,13.4177258217464
"419","22064153B56242014914717",1,62962.4696413967,62962.4696413967,11.0502941078842
"420","22064153B56325145349456",2,32208.0855179006,64416.1710358012,11.0731199836117
"421","22064153B5639303990614",1,163.917423246894,163.917423246894,5.09936278422982
"422","22064153B56453933156729",2,83080.1256349935,166160.251269987,12.0207079707659
"423","22064153B56558553348528",2,10553.0488355796,21106.0976711592,9.9573172668693
"424","22064153B56793380083143",1,76526.5582457063,76526.5582457063,11.2453931261768
"425","22064153B56867511813359",1,72442.0855610198,72442.0855610198,11.1905427017682
"426","22064153B56887254979091",1,51055.9311588382,51055.9311588382,10.840677000171
"427","22064153B56938477027476",2,11261.2062482095,22522.412496419,10.0222662033552
"428","22064153B56972160606638",1,2456.44259122221,2456.44259122221,7.80646948118386
"429","22064153B5740427837712",2,105696.169959822,211392.339919644,12.2614711167554
"430","22064153B57460904263691",2,28622.9952499868,57245.9904999736,10.955112884029
"431","22064153B57479664595133",2,65143.9537114898,130287.90742298,11.7775019531499
"432","22064153B57554253448105",1,1536.33289347415,1536.33289347415,7.33715361774783
"433","22064153B57637751083346",1,1863.1787782496,1863.1787782496,7.53003932855765
"434","22064153B57653532760136",1,21587.0928838024,21587.0928838024,9.97985086339128
"435","22064153B57698371148493",2,8257.75177820563,16515.5035564113,9.71205482821148
"436","22064153B57880496845400",2,43949.7697007397,87899.5394014794,11.3839498436309
"437","22064153B58156912777265",2,26357.8810707171,52715.7621414342,10.8726697816782
"438","22064153B5819975327596",1,13692.867320968,13692.867320968,9.52463034273355
"439","22064153B58412342930538",2,109130.343964635,218260.68792927,12.2934454435418
"440","22064153B58621167796121",2,40535.3053210638,81070.6106421276,11.3030757902357
"441","22064153B58928205078712",2,11282.0471511806,22564.0943023612,10.0241151741793
"442","22064153B5894955463903",2,20366.7089630162,40733.4179260324,10.6148041137932
"443","22064153B59225820770411",2,14958.0936893371,29916.1873786742,10.3061549967855
"444","22064153B59358276614692",1,19523.4541608448,19523.4541608448,9.87937179927371
"445","22064153B59487832348145",1,4008.50025699519,4008.50025699519,8.29617244959556
"446","22064153B59618567090175",1,15767.7383543324,15767.7383543324,9.6657212552355
"447","22064153B59694701296815",1,30246.8785193437,30246.8785193437,10.3171482686914
"448","22064153B5983137694741",2,87277.7773884203,174555.554776841,12.0699983354404
"449","22064153B59967033318464",2,991.972963403372,1983.94592680674,7.59284303283971
"450","22064153B59992096453849",2,1552.82222363102,3105.64444726204,8.04097652428491
"451","22064153B60097307902017",2,65346.445203755,130692.89040751,11.7806055018628
"452","22064153B60131456575281",2,14465.2736050139,28930.5472100278,10.2726533127594
"453","22064153B60289676551693",2,2403.14313862593,4806.28627725186,8.47767998115824
"454","22064153B60310534251699",1,9889.9427122686,9889.9427122686,9.19927363210945
"455","22064153B60374785593421",2,65517.8831787828,131035.766357566,11.7832255905488
"456","22064153B60376459146870",2,1401.3649072615,2802.729814523,7.93834915498226
"457","22064153B60457138296150",2,139470.370875106,278940.741750212,12.5387546430839
"458","22064153B60503510934184",2,45887.3584807817,91774.7169615634,11.427092124313
"459","22064153B60540012238661",2,56080.3061140107,112160.612228021,11.6276871607772
"460","22064153B60558378980420",1,NA,NA,NA
"461","22064153B60613345090189",2,16721.1575670214,33442.3151340428,10.4175772972795
"462","22064153B60751840721116",2,30143.5282653,60287.0565306,11.0068727084406
"463","22064153B60880441829581",2,16080.079607808,32160.159215616,10.378483674015
"464","22064153B60931052346072",2,22624.0002169105,45248.000433821,10.7199137588439
"465","22064153B61047916899475",2,14253.7661803684,28507.5323607368,10.2579236246966
"466","22064153B61048147512310",2,58708.7118027703,117417.423605541,11.6734905876771
"467","22064153B61069370096712",2,104652.797094224,209305.594188448,12.2515506361631
"468","22064153B61201437622994",2,26375.1704950973,52750.3409901946,10.8733255155865
"469","22064153B61345801484335",2,1949.59212416924,3899.18424833848,8.26852264314655
"470","22064153B61399355999235",2,8389.37396393002,16778.74792786,9.72786836030396
"471","22064153B61406224805517",2,66493.1178959683,132986.235791937,11.7980009115622
"472","22064153B61527088541433",2,14117.3414307295,28234.682861459,10.2483063899369
"473","22064153B61544198291555",2,8453.90035210138,16907.8007042028,9.73553037454617
"474","22064153B61546273634487",2,7051.95602892417,14103.9120578483,9.5542074887951
"475","22064153B61546956948147",2,10899.2925440464,21798.5850880928,9.98960034245488
"476","22064153B6160206498414",2,55766.3055561873,111532.611112375,11.6220723034636
"477","22064153B61629539071583",2,7096.51930344542,14193.0386068908,9.5605068844316
"478","22064153B61872750237581",2,10879.0597370051,21758.1194740102,9.9877422760042
"479","22064153B62217916410467",2,20639.4004047268,41278.8008094536,10.6281043495749
"480","22064153B62297132095458",2,63569.4652333515,127138.930466703,11.7530357082063
"481","22064153B62482792519738",2,14796.2558429193,29592.5116858386,10.2952766247199
"482","22064153B62552817774637",1,230904.531824021,230904.531824021,12.3497596219322
"483","22064153B62697525642711",2,11399.9182664674,22799.8365329348,10.0345086453087
"484","22064153B62717634643612",2,35692.4372530188,71384.8745060376,11.1758412842339
"485","22064153B63008455199942",2,5328.08050933685,10656.1610186737,9.27389350327728
"486","22064153B63068612486986",2,24177.1379777896,48354.2759555792,10.7863099345218
"487","22064153B63261606012237",2,45114.5318189255,90229.063637851,11.4101068674311
"488","22064153B63372535615325",2,80653.7641139371,161307.528227874,11.9910679352367
"489","22064153B63401696697477",1,59468.6695267886,59468.6695267886,10.993204890276
"490","22064153B63454017875441",2,18592.9578765559,37185.9157531118,10.5236853597835
"491","22064153B63829453739833",1,NA,NA,NA
"492","22064153B63840040249051",1,56802.6653659718,56802.6653659718,10.9473385290655
"493","22064153B63858884041047",1,325258.067709451,325258.067709451,12.692374200708
"494","22064153B64007643487677",2,21607.5615244323,43215.1230488646,10.6739457835474
"495","22064153B64052053840652",2,5867.41565198352,11734.831303967,9.37031673272095
"496","22064153B64153475656404",1,5401.74281239553,5401.74281239553,8.59447692351825
"497","22064153B64690480836823",1,3388.22851212305,3388.22851212305,8.12806250099541
"498","22064153B65021558399950",2,239592.840860803,479185.681721606,13.0798434457911
"499","22064153B65021908380510",2,20296.2531904686,40592.5063809372,10.6113387566562
"500","22064153B6519636166728",1,94753.0471905994,94753.0471905994,11.4590292827505
"501","22064153B65367495834859",1,58848.9102081873,58848.9102081873,10.9827285943893
"502","22064153B65405257462177",1,40209.5237481382,40209.5237481382,10.6018591557062
"503","22064153B65475311637837",1,18537.8151781915,18537.8151781915,9.82756798849674
"504","22064153B65569101114722",2,5556.34811447652,11112.696228953,9.31584353806473
"505","22064153B65650039026669",2,66668.473339362,133336.946678724,11.8006346371452
"506","22064153B65721710551900",1,77267.349830841,77267.349830841,11.2550267628222
"507","22064153B65726287039798",2,46343.0783145824,92686.1566291648,11.4369744052261
"508","22064153B66688444605380",2,9556.78570262671,19113.5714052534,9.85815390649496
"509","22064153B6673459285220",2,40855.7617386588,81711.5234773176,11.310950317136
"510","22064153B6679921489494",2,57515.7261665265,115031.452333053,11.6529608684998
"511","22064153B67053571560742",2,18272.5596742291,36545.1193484582,10.5063029227036
"512","22064153B67222319597553",2,3744.89421175871,7489.78842351742,8.9212958282508
"513","22064153B67448277745737",1,56775.7577749614,56775.7577749614,10.9468647138677
"514","22064153B67559782883122",1,NA,NA,NA
"515","22064153B67645488485026",2,74252.7201488115,148505.440297623,11.9083768715547
"516","22064153B67847090482379",1,139999.091855049,139999.091855049,11.8493912148208
"517","22064153B6795873571666",2,204750.4673121,409500.9346242,12.9226944646272
"518","22064153B68069187412847",1,30915.0252003688,30915.0252003688,10.3389975971425
"519","22064153B6836068570250",2,50532.8671941627,101065.734388325,11.5235264196498
"520","22064153B68664170623687",1,7930.75161786233,7930.75161786233,8.97850309170895
"521","22064153B68767322375554",1,15412.85327717,15412.85327717,9.64295706868079
"522","22064153B68903426629356",2,41986.2684945241,83972.5369890482,11.3382450837621
"523","22064153B69011593937576",1,110831.174879635,110831.174879635,11.6157633754501
"524","22064153B69065718050224",1,7845.64868015393,7845.64868015393,8.96771434883019
"525","22064153B69084165037525",1,41145.4494544912,41145.4494544912,10.6248686156523
"526","22064153B69171179667980",2,119496.112607345,238992.22521469,12.3841862999021
"527","22064153B69254860271730",2,64037.8158749877,128075.631749975,11.7603762414517
"528","22064153B69287462629183",2,6287.35657022867,12574.7131404573,9.43944318281569
"529","22064153B69891847725817",2,5476.37901691877,10952.7580338375,9.30134657876571
"530","22064153B70222679052291",2,3267.52499451293,6535.04998902586,8.78493527545919
"531","22064153B70779878748241",2,30897.710893821,61795.421787642,11.0315845595955
"532","22064153B70786941107268",2,25388.1131998634,50776.2263997268,10.8351835397704
"533","22064153B71078406395750",2,39771.5490298032,79543.0980596064,11.284054267709
"534","22064153B71223857958688",2,32177.4900204544,64354.9800409088,11.0721695999429
"535","22064153B71727675114303",1,59826.372184345,59826.372184345,10.9992018491511
"536","22064153B71803232115030",1,60949.2773821628,60949.2773821628,11.0177972789271
"537","22064153B72254874224731",1,15167.8515341961,15167.8515341961,9.62693343635329
"538","22064153B7294445238824",2,2355.81334961123,4711.62669922246,8.45778849876831
"539","22064153B73058523223682",2,16278.1392824976,32556.2785649952,10.3907255188975
"540","22064153B73176772627279",1,1770.56958899543,1770.56958899543,7.47905657549315
"541","22064153B7322851157107",2,27490.1750923327,54980.3501846654,10.914731131009
"542","22064153B73547165677482",2,14241.0693895353,28482.1387790706,10.257032460286
"543","22064153B735534792520",2,94358.8953351788,188717.790670358,12.1480080070946
"544","22064153B73925612476824",2,4256.47252863349,8512.94505726698,9.04934323188308
"545","22064153B7401189811791",1,47080.4617476635,47080.4617476635,10.7596133690505
"546","22064153B74370220833750",2,8553.71375561585,17107.4275112317,9.74726800556686
"547","22064153B74511540229227",1,NA,NA,NA
"548","22064153B74575036682421",2,70277.7426746194,140555.485349239,11.8533576033158
"549","22064153B74601702876653",1,46166.6845623262,46166.6845623262,10.740013703573
"550","22064153B7471955547521",2,256189.413314083,512378.826628166,13.1468195261919
"551","22064153B74721517788558",1,10388.8194653024,10388.8194653024,9.24848545543397
"552","22064153B74767559861858",2,24826.4447250963,49652.8894501926,10.8128118641585
"553","22064153B74794903489103",1,9406.32683756793,9406.32683756793,9.14913780967591
"554","22064153B74828925689931",1,2424.33287202753,2424.33287202753,7.7933116612049
"555","22064153B75284693112718",1,4588.1408874893,4588.1408874893,8.43123018560021
"556","22064153B75302360124634",1,5415.67253893494,5415.67253893494,8.5970523509723
"557","22064153B75384634569664",2,2144.50875053853,4289.01750107706,8.36381296496485
"558","22064153B7544432194221",2,26176.8302663485,52353.660532697,10.8657771380699
"559","22064153B75558973119201",2,317681.599597451,635363.199194902,13.3619520816
"560","22064153B75602465401170",1,6185.50045632288,6185.50045632288,8.72996319607588
"561","22064153B75857834624428",1,26192.6097183199,26192.6097183199,10.1732325781396
"562","22064153B75952557144029",1,33611.0431815984,33611.0431815984,10.4226099580714
"563","22064153B76094051519887",1,16473.0946945809,16473.0946945809,9.70948370440256
"564","22064153B76164610245689",2,21703.6963505438,43407.3927010876,10.6783850443172
"565","22064153B76299833153547",2,60974.8332643011,121949.666528602,11.7113636691475
"566","22064153B76371421200355",2,203387.056608775,406774.11321755,12.9160133059733
"567","22064153B76452428536918",2,37667.8439659023,75335.6879318046,11.2297092448298
"568","22064153B76525796154688",2,1388.82334411951,2777.64668823902,7.92935933316658
"569","22064153B76527177669413",2,19603.7753673325,39207.550734665,10.5766246280118
"570","22064153B76574269122529",2,10357.022277048,20714.044554096,9.93856723006357
"571","22064153B76687235436591",2,62603.4639864937,125206.927972987,11.7377230713647
"572","22064153B76764932541801",2,3589.63225252119,7179.26450504238,8.87895222017166
"573","22064153B76782638383014",1,4575.25948488718,4575.25948488718,8.42841869410934
"574","22064153B77164119558950",2,5756.21746379814,11512.4349275963,9.35118302822153
"575","22064153B77183996290647",2,28179.0149634332,56358.0299268664,10.9394800102361
"576","22064153B77224046457748",2,47395.4435855199,94790.8871710398,11.4594285567349
"577","22064153B77422596340227",1,59897.2552323106,59897.2552323106,11.0003859605547
"578","22064153B77526521533443",1,20698.2518803294,20698.2518803294,9.93780452546171
"579","22064153B77677863466257",2,27942.1589796399,55884.3179592798,10.9310390823841
"580","22064153B7768413511618",2,13449.9512293721,26899.9024587442,10.1998779395144
"581","22064153B7777757861783",1,17164.6189985484,17164.6189985484,9.75060550923114
"582","22064153B78036214751158",2,11767.1451640921,23534.2903281842,10.06621379949
"583","22064153B78110489384423",2,5963.48626488869,11926.9725297774,9.38655771337969
"584","22064153B78137445159293",2,17391.9574148581,34783.9148297162,10.4569103413702
"585","22064153B78193536381763",1,1153.11786855406,1153.11786855406,7.050224742758
"586","22064153B78285272623950",2,7966.72254876513,15933.4450975303,9.67617564427618
"587","22064153B78696629959853",1,57046.2689670805,57046.2689670805,10.9516179538016
"588","22064153B78821925959794",2,5920.63730529999,11841.2746106,9.37934655556613
"589","22064153B78841847163237",2,10229.5758812352,20459.1517624704,9.92618558031142
"590","22064153B78973888518782",1,23381.2366720354,23381.2366720354,10.0596891280684
"591","22064153B78992229918305",2,9933.88752591315,19867.7750518263,9.89685435402837
"592","22064153B79178271585243",1,10033.6664916876,10033.6664916876,9.21370136666917
"593","22064153B7929825119488",2,12718.8791779449,25437.7583558898,10.1439898986303
"594","22064153B79313439986888",2,32586.7461233559,65173.4922467118,11.0848081046133
"595","22064153B79363581484531",2,8350.08383677268,16700.1676735454,9.7231740386865
"596","22064153B79593541155568",1,38465.4823001529,38465.4823001529,10.5575165544899
"597","22064153B79650181437953",2,6920.32048601147,13840.6409720229,9.53536454110668
"598","22064153B79844191298444",2,26804.9503765827,53609.9007531654,10.8894890455452
"599","22064153B80001974936700",1,31834.3288145139,31834.3288145139,10.3683005089719
"600","22064153B80068225568868",2,7360.64920908608,14721.2984181722,9.59705059614905
"601","22064153B80132847299853",2,39128.9276259517,78257.8552519034,11.2677644899698
"602","22064153B80198673281235",2,63097.9118087372,126195.823617474,11.7455901351777
"603","22064153B8024533352103",2,1054.27748758129,2108.55497516258,7.65375814596153
"604","22064153B80537557357725",1,11678.1181567101,11678.1181567101,9.3654721266815
"605","22064153B8056767142775",2,30130.6745366835,60261.349073367,11.0064461999771
"606","22064153B80619084323236",2,353241.565370557,706483.130741114,13.4680546035975
"607","22064153B80640640435871",2,1598.77963431623,3197.55926863246,8.07014306921005
"608","22064153B80730466782396",1,2868.1743115733,2868.1743115733,7.9614309779665
"609","22064153B8093767218470",1,3908.83912307188,3908.83912307188,8.27099570942593
"610","22064153B80945575612703",1,8119.96049479278,8119.96049479278,9.00208056797059
"611","22064153B81017994421279",2,6898.04551697121,13796.0910339424,9.53214057261009
"612","22064153B81060108548609",1,124216.740104719,124216.740104719,11.7297832228509
"613","22064153B81121179767320",2,1950546.41629181,3901092.83258362,15.1767672853304
"614","22064153B81163718541362",1,44347.2782760533,44347.2782760533,10.6998066166562
"615","22064153B81276903927902",2,146164.13310735,292328.2662147,12.5856326491769
"616","22064153B81541803695444",2,279412.32530523,558824.65061046,13.2335910188681
"617","22064153B81737939638777",2,6256.65685615635,12513.3137123127,9.43454845346205
"618","22064153B81775396633762",2,11670.7666073758,23341.5332147516,10.057989594118
"619","22064153B81784837273555",2,8655.935646056,17311.871292112,9.75914774701321
"620","22064153B81790310991737",2,6805.96870541258,13611.9374108252,9.51870243752215
"621","22064153B81931446357320",1,39739.9026311742,39739.9026311742,10.5901110659562
"622","22064153B82025029560168",2,22238.8019811814,44477.6039623628,10.7027410597209
"623","22064153B82114813536666",2,54547.5464827169,109095.092965434,11.5999751934076
"624","22064153B82247115875791",2,7976.41151343613,15952.8230268723,9.6773910848321
"625","22064153B82580623809132",2,69463.4670825146,138926.934165029,11.8417034204196
"626","22064153B82678654202342",1,12479.701949814,12479.701949814,9.43185875941179
"627","22064153B8325167179900",2,5950.33156437677,11900.6631287535,9.38434940265237
"628","22064153B83864123648968",2,30164.1889824987,60328.3779649974,11.0075578850299
"629","22064153B83906852735077",1,6982.13877170992,6982.13877170992,8.85111056310624
"630","22064153B84142752258378",1,9804.20147671951,9804.20147671951,9.19056629489783
"631","22064153B841709119109",1,12705.4848661454,12705.4848661454,9.44978905843774
"632","22064153B84219767946861",2,10145.5078554271,20291.0157108542,9.9179334912443
"633","22064153B84245586977349",2,59841.7217457683,119683.443491537,11.6926055652838
"634","22064153B84489488181314",1,21795.1698977155,21795.1698977155,9.9894436599032
"635","22064153B84546796088042",2,19643.8392627971,39287.6785255942,10.5786662251768
"636","22064153B8461855353098",2,1340.89411054849,2681.78822109698,7.89423909767279
"637","22064153B84919846771275",2,38072.8435947215,76145.687189443,11.2404037209932
"638","22064153B85033318734621",2,10407.4340502363,20814.8681004726,9.94342282285534
"639","22064153B85067318536798",2,6868.10074851177,13736.2014970235,9.52779007173468
"640","22064153B8516585574683",2,72074.3691032532,144148.738206506,11.8786009496915
"641","22064153B85234359484130",2,5602.19096454905,11204.3819290981,9.32406022443681
"642","22064153B85252336705750",2,43499.0064618802,86998.0129237604,11.3736405574191
"643","22064153B85407616611924",2,3593.52667609051,7187.05335218102,8.88003654086944
"644","22064153B85574659039588",2,184624.809317705,369249.61863541,12.8192281675845
"645","22064153B85623167351933",2,43460.9978776411,86921.9957552822,11.3727663949361
"646","22064153B85680479871483",2,36539.9030550839,73079.8061101678,11.1993073573709
"647","22064153B85719531819289",2,44350.7701464526,88701.5402929052,11.3930325333431
"648","22064153B85931137925845",2,88473.3363024575,176946.672604915,12.0836036814426
"649","22064153B85947434617393",2,304296.129183837,608592.258367674,13.3189037959692
"650","22064153B86265185687144",1,54206.9489393745,54206.9489393745,10.9005643884232
"651","22064153B86297113496232",2,10344.7144601371,20689.4289202742,9.93737816863194
"652","22064153B86338272521773",2,25064.8233220957,50129.6466441914,10.8223678614434
"653","22064153B86372044923469",1,7670.97071182604,7670.97071182604,8.94519844591343
"654","22064153B86390496434861",1,20312.9934423252,20312.9934423252,9.91901603132228
"655","22064153B86478142547352",2,4262.04396262254,8524.08792524508,9.05065130818702
"656","22064153B86498088606166",1,7951.40634365131,7951.40634365131,8.98110409057616
"657","22064153B86629940764584",2,193880.632649646,387761.265299292,12.868145133613
"658","22064153B8665907160310",2,10072.6139165947,20145.2278331894,9.9107227072259
"659","22064153B8666349443712",1,55517.9298856199,55517.9298856199,10.9244613085637
"660","22064153B86683000647841",2,13853.4267005109,27706.8534010218,10.2294350767727
"661","22064153B86801747373252",1,30712.1677022824,30712.1677022824,10.3324141971464
"662","22064153B86821614203557",1,10401.595597236,10401.595597236,9.24971449617254
"663","22064153B86890605661062",1,33059.3599104313,33059.3599104313,10.4060600097366
"664","22064153B87243453067492",2,75380.2830319566,150760.566063913,11.9234482021095
"665","22064153B87267410101558",2,56568.3623746749,113136.72474935,11.6363523198247
"666","22064153B87269269919659",1,123616.899576871,123616.899576871,11.7249425426275
"667","22064153B87296692178554",2,178517.81031368,357035.62062736,12.785590833452
"668","22064153B87562970219481",2,3692.27981107741,7384.55962215482,8.90714656179339
"669","22064153B87600766129132",2,69922.248203308,139844.496406616,11.8482863443099
"670","22064153B87658218657394",2,5029.7862802259,10059.5725604518,9.21627995373035
"671","22064153B87695161266591",1,16809.1865311252,16809.1865311252,9.72968083327011
"672","22064153B87793948617144",2,14839.2222846533,29678.4445693066,10.2981762892135
"673","22064153B87894076500012",2,2251.83000834024,4503.66001668048,8.41264568221918
"674","22064153B87940577626061",1,14467.5186358772,14467.5186358772,9.57966132156724
"675","22064153B87971980709236",2,35214.7327340449,70429.4654680898,11.162366998162
"676","22064153B88045540539043",1,119664.944856129,119664.944856129,11.6924509903099
"677","22064153B88065808639443",2,143069.228931663,286138.457863326,12.5642310910577
"678","22064153B8813975202654",2,1455.55830742015,2911.1166148403,7.97629200300518
"679","22064153B88194855037275",1,4442.81153393289,4442.81153393289,8.39904268338505
"680","22064153B88431886542823",1,14266.6850533646,14266.6850533646,9.56568238168819
"681","22064153B88453450748284",2,39327.1377420567,78654.2754841134,11.2728172679004
"682","22064153B88515969469898",2,10897.6241192875,21795.248238575,9.98944725431054
"683","22064153B88669235683638",2,188656.963447052,377313.926894104,12.8408328172619
"684","22064153B88760930069413",2,42789.9831993238,85579.9663986476,11.3572064973398
"685","22064153B8877980294209",1,37423.1039999884,37423.1039999884,10.5300435466815
"686","22064153B88833417807281",1,3291.59078325898,3291.59078325898,8.09912624764834
"687","22064153B88862899919648",2,179504.626736756,359009.253473512,12.7911034428305
"688","22064153B88871529927936",2,120240.317433611,240480.634867222,12.3903948449834
"689","22064153B88983601589874",2,128100.250102532,256200.500205064,12.4537156208436
"690","22064153B89218276356736",1,7524.17067371073,7524.17067371073,8.92587587406991
"691","22064153B89569754189090",2,2938.1795460821,5876.3590921642,8.67869264709504
"692","22064153B89665543421150",2,43779.1075011793,87558.2150023586,11.3800591654349
"693","22064153B89764256572964",1,9007.62916544505,9007.62916544505,9.10582718228575
"694","22064153B90058188171402",2,56180.1379488975,112360.275897795,11.6294657366957
"695","22064153B90382038348999",2,1148083.35182393,2296166.70364786,14.6467516399043
"696","22064153B90780529710926",2,1155.99905076042,2311.99810152084,7.74586740865043
"697","22064153B90786052299666",1,74876.6751109378,74876.6751109378,11.2235977072668
"698","22064153B90800139718357",2,21913.847220847,43827.694441694,10.6880211897408
"699","22064153B9080529541811",2,68520.0459623794,137040.091924759,11.8280288037856
"700","22064153B90991559137685",2,32428.8046108666,64857.6092217332,11.0799495185858
"701","22064153B9100475302827",2,108293.198963987,216586.397927974,12.2857448134607
"702","22064153B91306965514227",2,40035.8764065604,80071.7528131208,11.2906784218365
"703","22064153B91415931669835",2,83962.0916311649,167924.18326233,12.0312678664182
"704","22064153B91609112527858",2,5051.90309282994,10103.8061856599,9.22066748190453
"705","22064153B92028221048613",2,4325.31883303747,8650.63766607494,9.06538831583022
"706","22064153B92307181763302",2,12988.7135968321,25977.4271936642,10.1649832550538
"707","22064153B92335026142603",1,9357.2998950507,9357.2998950507,9.14391205510438
"708","22064153B92410380662275",2,58912.6840511673,117825.368102335,11.6769588759316
"709","22064153B92427745486428",2,73259.642508735,146519.28501747,11.8949123371202
"710","22064153B92578420514531",2,42115.4411333277,84230.8822666554,11.3413169057489
"711","22064153B92731111025148",2,208919.492057987,417838.984115974,12.942851431832
"712","22064153B92754256682750",1,46601.6037007669,46601.6037007669,10.7493902337011
"713","22064153B92910812775945",1,35858.8714168747,35858.8714168747,10.4873462747418
"714","22064153B93078615339227",2,33825.6407833849,67651.2815667698,11.1221215774959
"715","22064153B93596873224412",2,10435.9076153115,20871.815230623,9.94615497427752
"716","22064153B93622399148332",1,NA,NA,NA
"717","22064153B93831812640775",1,33206.194014807,33206.194014807,10.4104917042142
"718","22064153B93848225384544",1,1346.30288770426,1346.30288770426,7.20511751290175
"719","22064153B93879560819561",1,87954.3374363623,87954.3374363623,11.3845730660203
"720","22064153B94090813781135",2,56466.0332847959,112932.066569592,11.6345417361128
"721","22064153B94269242958702",1,1828.27137418424,1828.27137418424,7.5111261951448
"722","22064153B94280751293225",1,37596.6486618729,37596.6486618729,10.5346701940724
"723","22064153B94443438334718",2,11849.8713617275,23699.742723455,10.0732194715139
"724","22064153B9452209011947",2,42651.8506753683,85303.7013507366,11.3539731246924
"725","22064153B94848562576718",2,68179.3765382427,136358.753076485,11.8230445818604
"726","22064153B94990135039499",1,18983.9791777741,18983.9791777741,9.85135070128472
"727","22064153B95595404063006",2,22642.7645284605,45285.529056921,10.72074281357
"728","22064153B95599373690567",2,43103.9448704584,86207.8897409168,11.3645169807802
"729","22064153B95784348499714",2,1121.82615762316,2243.65231524632,7.71586031490838
"730","22064153B95834507403925",2,27526.3824704341,55052.7649408682,10.9160473668817
"731","22064153B96059107516694",1,67033.5293360996,67033.5293360996,11.1129482110481
"732","22064153B96065256406270",2,181259.996602941,362519.993205882,12.8008349054274
"733","22064153B96463446975181",1,771.716740395377,771.716740395377,6.64861756610812
"734","22064153B96670024597495",2,11065.7693449332,22131.5386898664,10.0047589602198
"735","22064153B96726599318937",2,144254.928150694,288509.856301388,12.572484528303
"736","22064153B96792865327572",2,23067.6840216891,46135.3680433782,10.7393351375115
"737","22064153B96844374642874",2,38521.9061189932,77043.8122379864,11.252129529126
"738","22064153B96866391217201",2,660.543909797243,1321.08781959449,7.18621078194512
"739","22064153B96958507513522",2,5423.25414115711,10846.5082823142,9.29159848987608
"740","22064153B96973201528361",2,15236.1077041982,30472.2154083964,10.3245705771935
"741","22064153B9698947676101",2,42085.0843572905,84170.168714581,11.3405958466539
"742","22064153B97059212130214",2,9086.94520366408,18173.8904073282,9.80774125004718
"743","22064153B97070168127410",2,7088.344573549,14176.689147098,9.55935428531295
"744","22064153B9719288740137",2,15877.0296185763,31754.0592371526,10.3657758461378
"745","22064153B97335356497134",2,40180.6076863335,80361.215372667,11.2942869429144
"746","22064153B9735702870104",2,7777.63674064103,15555.2734812821,9.65215499074466
"747","22064153B97499384846726",2,10323.053948731,20646.107897462,9.93528210108289
"748","22064153B97523791840920",1,21120.3994738154,21120.3994738154,9.95799465212122
"749","22064153B97866090466841",2,119348.797174262,238697.594348524,12.3829527341384
"750","22064153B97991398929026",1,118640.449194491,118640.449194491,11.6838527630023
"751","22064153B98039049640163",2,21366.7540396022,42733.5080792044,10.6627386240092
"752","22064153B98068681997593",2,38975.8703877726,77951.7407755452,11.2638452061871
"753","22064153B98075085075201",2,27607.5269192714,55215.0538385428,10.9189909095517
"754","22064153B98075236396986",1,21667.6254333795,21667.6254333795,9.98357451000199
"755","22064153B98176626481319",2,15247.2827477095,30494.565495419,10.3253037662414
"756","22064153B98195258641844",2,4799.77764293811,9599.55528587622,9.16947205199503
"757","22064153B98286353198048",1,25118.9727135318,25118.9727135318,10.131378724584
"758","22064153B98370164064849",2,8727.91094361266,17455.8218872253,9.76742850449337
"759","22064153B98376857578372",2,152942.933708174,305885.867416348,12.6309673290598
"760","22064153B98470521776341",2,33202.2297991031,66404.4595982062,11.1035194958328
"761","22064153B98524881457681",2,53565.4946455591,107130.989291118,11.5818075637059
"762","22064153B98589137348385",2,16094.5092755558,32189.0185511116,10.3793806345802
"763","22064153B98590992450461",2,554204.529803499,1108409.059607,13.9184362655274
"764","22064153B98863948412239",2,188589.537174792,377179.074349584,12.8404753519289
"765","22064153B98871481609914",2,26013.5927057668,52027.1854115336,10.8595216573288
"766","22064153B98906825445383",2,8361.10854210134,16722.2170842027,9.72449347857782
"767","22064153B990494098117",2,311347.654126742,622695.308253484,13.3418126063107
"768","22064153B99518107679078",2,5404.9500492199,10809.9000984398,9.28821766900311
"769","22064153B99607574658792",2,65571.3435669593,131142.687133919,11.784041224182
"770","22064153B99641769976782",1,10263.8831777887,10263.8831777887,9.23638652448759
"771","22064153B99823885045557",1,6923.18879897226,6923.18879897226,8.84263175157185
"772","22064153B99857415229909",2,18256.3349011003,36512.6698022006,10.5054145972076
"773","25037944B1656499074776",1,624.543871362507,624.543871362507,6.4370215774785
"774","25037944B5517287997374",1,401.496872230381,401.496872230381,5.99519974314572
"775","2640588B11276327116073",2,1443727.70009306,2887455.40018612,14.8758861878699
"776","2640588B11290582279728",1,319067.329210825,319067.329210825,12.6731574228531
"777","2640588B11393510524278",2,144548.279322259,289096.558644518,12.5745160242481
"778","2640588B12869096786612",1,3117642.07164796,3117642.07164796,14.9525875277988
"779","2640588B14186532473464",3,108619.852201813,325859.556605439,12.6942217595657
"780","2640588B17055181338626",2,377767.925232058,755535.850464116,13.5351825122019
"781","2640588B17162343229623",1,1040658.10489444,1040658.10489444,13.8553638641561
"782","2640588B17428979589921",1,56427.682015643,56427.682015643,10.9407151329556
"783","2640588B19040020708567",1,671269.28857357,671269.28857357,13.4169256596975
"784","2640588B20221108717018",1,251672.376469366,251672.376469366,12.4358834272634
"785","2640588B20595662599865",2,1119788.454344,2239576.908688,14.6217975259411
"786","2640588B20861121251971",2,2357627.02293041,4715254.04586082,15.3663133529504
"787","2640588B21218366338371",2,228258.117464738,456516.234929476,13.0313795423048
"788","2640588B22535822566030",1,62903.7955710397,62903.7955710397,11.0493617838098
"789","2640588B23864872837062",2,8434.37623415191,16868.7524683038,9.73321822309035
"790","2640588B24165862747597",1,37494.0133953154,37494.0133953154,10.5319365564226
"791","2640588B24635602844812",1,54920.0643155463,54920.0643155463,10.9136340309582
"792","2640588B2684850326122",3,83543.7960350868,250631.38810526,12.4317385654174
"793","2640588B29392713909073",1,329840.20263582,329840.20263582,12.7063635817264
"794","2640588B29584406601254",1,1060657.96928437,1060657.96928437,13.8743999992577
"795","2640588B32523752073662",1,222287.417232539,222287.417232539,12.3117264957076
"796","2640588B33083527354868",1,537427.401799533,537427.401799533,13.1945489634422
"797","2640588B34459645926333",2,401874.040932025,803748.08186405,13.5970411680478
"798","2640588B34650846802583",1,912635.105527077,912635.105527077,13.7240914143304
"799","2640588B36229801410553",4,181748.943234564,726995.772938256,13.4966759421085
"800","2640588B36383122170471",1,164793.703065508,164793.703065508,12.0124496861735
"801","2640588B36426397400836",1,1019665.52607645,1019665.52607645,13.834985215873
"802","2640588B43067672764099",2,927644.282922024,1855288.56584405,14.4335508030272
"803","2640588B43628149657030",1,1267330.91514782,1267330.91514782,14.052423605271
"804","2640588B45258001695711",2,290490.788858618,580981.577717236,13.2724743274436
"805","2640588B46982966730152",2,849097.27313893,1698194.54627786,14.34507621307
"806","2640588B49335496833592",1,1855452.59358653,1855452.59358653,14.4336392100249
"807","2640588B49362051778248",3,288502.725650549,865508.176951647,13.671072101216
"808","2640588B50881283310688",2,402621.294145416,805242.588290832,13.5988988629174
"809","2640588B50983171828902",2,146926.334968216,293852.669936432,12.5908337980517
"810","2640588B52014741175725",1,324588.089486223,324588.089486223,12.6903122404942
"811","2640588B52568839586340",2,638391.949673422,1276783.89934684,14.0598548954375
"812","2640588B53733148454792",1,531554.51934446,531554.51934446,13.1835610478807
"813","2640588B57655195310467",2,692219.948100952,1384439.8962019,14.1408062087345
"814","2640588B63294043497895",1,1066654.11239519,1066654.11239519,13.8800373094031
"815","2640588B64856500371355",2,885499.629206789,1770999.25841358,14.3870544980261
"816","2640588B65314213268917",2,1473252.69959521,2946505.39919042,14.8961304156665
"817","2640588B67488359993346",2,284313.828198239,568627.656396478,13.2509811164753
"818","2640588B69318666079956",2,328249.764030107,656499.528060214,13.3946772538522
"819","2640588B69436428808540",2,80552.572695714,161105.145391428,11.98981250777
"820","2640588B70398489528347",1,38130.1558141152,38130.1558141152,10.548760739235
"821","2640588B70472166839855",2,1412031.59934365,2824063.1986873,14.8536872564834
"822","2640588B74898440822212",2,243633.673902719,487267.347805438,13.0965682202361
"823","2640588B78942230860818",1,257816.155476359,257816.155476359,12.460002034228
"824","2640588B80080860218245",1,149900.263871709,149900.263871709,11.9177254444074
"825","2640588B80128813909947",1,767331.1529709,767331.1529709,13.5506737381117
"826","2640588B8238689001419",3,357349.162504971,1072047.48751491,13.8850809176867
"827","2640588B82697045094820",3,614001.444124322,1842004.33237297,14.4263648477886
"828","2640588B82822310999177",2,85670.6202257724,171341.240451545,12.0514124051997
"829","2640588B8298467794963",1,77627.2134415445,77627.2134415445,11.2596733333741
"830","2640588B85389361952197",1,227639.807066893,227639.807066893,12.3355198651806
"831","2640588B89959078713723",3,205383.094025458,616149.282076374,13.3312445541889
"832","2640588B94420346402626",3,65196.690511623,195590.071534869,12.1837762762704
"833","2640588B94499067384006",1,180811.036078277,180811.036078277,12.1052077653333
"834","2640588B97548260432831",1,1740944.18104711,1740944.18104711,14.3699381568045
"835","2640588B97763445928490",2,373131.26207531,746262.52415062,13.5228327263295
"836","50627088B14557669521894",1,57405.5048796555,57405.5048796555,10.9578954815359
"837","50627088B19134439985606",1,114737.968530475,114737.968530475,11.6504062730181
"838","50627088B30969401121850",1,28740.366090387,28740.366090387,10.2660578975612
"839","50627088B38309476572974",1,40843.4570201791,40843.4570201791,10.6175019165948
"840","50627088B44837755081847",1,36782.9849847393,36782.9849847393,10.5127906526884
"841","50627088B56884755613455",1,238531.465245663,238531.465245663,12.3822565103598
"842","50627088B58275904386471",1,129769.873113719,129769.873113719,11.7735179539526
"843","50627088B63495042821208",1,304939.065725068,304939.065725068,12.627867251122
"844","50627088B64168457575480",1,68418.425856913,68418.425856913,11.1333974512063
"845","50627088B8261006945538",1,70044.7153535629,70044.7153535629,11.1568891078567
"846","50627088B83457177137003",1,83366.4113352797,83366.4113352797,11.3310007654414
"847","50627088B88471362672586",1,78237.4570772836,78237.4570772836,11.2675038026121
"848","50627088B91393089235413",1,33794.2277401313,33794.2277401313,10.4280452899679
"849","52423323B12833551098527",1,50052.7716748926,50052.7716748926,10.8208331613298
"850","52423323B1474651347139",1,216270.068344928,216270.068344928,12.2842832220834
"851","52423323B15193843372165",1,32338.2623659474,32338.2623659474,10.3840064015066
"852","52423323B15524353330478",1,8224.65674619423,8224.65674619423,9.01489184177722
"853","52423323B15615503962810",1,14274.4653309914,14274.4653309914,9.56622757890096
"854","52423323B18388852349045",1,292051.579953814,292051.579953814,12.5846857093282
"855","52423323B18457012552494",1,241238.737523388,241238.737523388,12.3935423342706
"856","52423323B20033821816181",1,15182.7325531592,15182.7325531592,9.62791404483929
"857","52423323B20904030146167",1,47922.5359793297,47922.5359793297,10.7773411524936
"858","52423323B21900392582772",1,31194.9230352454,31194.9230352454,10.3480106373274
"859","52423323B24644642941407",1,123767.214687829,123767.214687829,11.7261577793448
"860","52423323B27040576130410",1,159762.720926864,159762.720926864,11.9814449992846
"861","52423323B27353189607616",1,24672.1961707312,24672.1961707312,10.1134322274798
"862","52423323B30055377123023",1,79467.5908653899,79467.5908653899,11.2831045554551
"863","52423323B30660787387820",1,119113.539251168,119113.539251168,11.6878324285731
"864","52423323B35564374613878",1,51648.967819528,51648.967819528,10.852225490215
"865","52423323B3743396317208",1,33687.557447943,33687.557447943,10.4248838329692
"866","52423323B38780973615632",1,117220.806678679,117220.806678679,11.6718146717563
"867","52423323B38827881811881",1,18853.9106205282,18853.9106205282,9.84447563133428
"868","52423323B39402203079771",1,3327.51471172523,3327.51471172523,8.10998097151426
"869","52423323B41510935650721",1,122741.777756437,122741.777756437,11.717838059759
"870","52423323B44461654915973",1,334968.432430372,334968.432430372,12.721791574816
"871","52423323B44486980116087",1,36158.4954379878,36158.4954379878,10.4956672051777
"872","52423323B4514438281509",1,96855.6802523232,96855.6802523232,11.4809773171135
"873","52423323B45505395463487",1,21721.7571476377,21721.7571476377,9.98606967075896
"874","52423323B45605902717918",1,10340.2637728746,10340.2637728746,9.24380065768623
"875","52423323B48942229676406",1,679730.554289663,679730.554289663,13.4294517549353
"876","52423323B49517709144014",1,100115.586610377,100115.586610377,11.5140806635751
"877","52423323B49658569394047",1,34326.4008206272,34326.4008206272,10.4436700403097
"878","52423323B51150866941712",1,4386.43968535716,4386.43968535716,8.38627317141285
"879","52423323B55631926154060",1,42560.158218239,42560.158218239,10.6586738415424
"880","52423323B5668037178714",1,172720.754636727,172720.754636727,12.0594314343126
"881","52423323B57345599867870",1,17714.0051180377,17714.0051180377,9.78211085529563
"882","52423323B58805530467838",1,114208.737437435,114208.737437435,11.6457830832373
"883","52423323B59284003127327",1,48245.2507634157,48245.2507634157,10.7840526721488
"884","52423323B60189599793984",1,173912.69381924,173912.69381924,12.0663086926136
"885","52423323B60260447284731",1,25768.9881797309,25768.9881797309,10.1569270393805
"886","52423323B60640707975629",1,597540.623237706,597540.623237706,13.300577549159
"887","52423323B61382457071366",1,226995.918789309,226995.918789309,12.3326873174002
"888","52423323B64112119736585",1,32719.5865289311,32719.5865289311,10.3957291539905
"889","52423323B64688263814776",1,61594.5273893801,61594.5273893801,11.0283283044935
"890","52423323B66062574427882",1,39695.473274894,39695.473274894,10.5889924368717
"891","52423323B69509517878544",1,12102.1878341054,12102.1878341054,9.40114152797616
"892","52423323B69937594660811",1,71570.111186284,71570.111186284,11.1784328242634
"893","52423323B7185899041346",1,10494.7165746895,10494.7165746895,9.25862722614348
"894","52423323B72025487819763",1,50249.9196129183,50249.9196129183,10.8247642261771
"895","52423323B74647916820461",1,143469.95301246,143469.95301246,11.8738809055846
"896","52423323B74651487208839",1,680492.213031879,680492.213031879,13.4305716579985
"897","52423323B7621511423784",1,46506.730147449,46506.730147449,10.7473523154562
"898","52423323B76675634203570",1,61363.9552578643,61363.9552578643,11.0245778938376
"899","52423323B76755657103328",1,18333.0689764373,18333.0689764373,9.81646175597548
"900","52423323B76935168618959",1,50918.7064056769,50918.7064056769,10.837985647904
"901","52423323B8015598177606",1,26184.7430728177,26184.7430728177,10.1729321946669
"902","52423323B80488084984098",1,30574.0702193961,30574.0702193961,10.3279075502613
"903","52423323B80658823199099",1,51718.3059186037,51718.3059186037,10.8535670774886
"904","52423323B84079682288186",1,12386.1837584493,12386.1837584493,9.42433691736804
"905","52423323B84565222808084",1,1192.30640339851,1192.30640339851,7.08364486442461
"906","52423323B94618395838075",1,83348.8079458961,83348.8079458961,11.3307895862878
"907","52423323B94983475607099",1,443213.448166394,443213.448166394,13.0018067572906
"908","52423323B96895412793722",1,41963.8997245673,41963.8997245673,10.64456499729
"909","52423323B99063612255377",1,91941.0366364208,91941.0366364208,11.4289027444372
"910","52423323B9967886911021",1,75300.2275056561,75300.2275056561,11.2292384351069
"911","52511910B10215199478646",1,46654.909284019,46654.909284019,10.7505334372663
"912","52511910B10855589670933",1,13919.0700251182,13919.0700251182,9.54101512311626
"913","52511910B1114695065436",1,144550.236184292,144550.236184292,11.8813823813712
"914","52511910B11437294536827",1,140634.981578775,140634.981578775,11.8539230295376
"915","52511910B1170609292065",1,29501.4865572355,29501.4865572355,10.292195932829
"916","52511910B12166681712059",2,6958.78843835729,13917.5768767146,9.54090784378694
"917","52511910B12217989868885",1,38712.7478259727,38712.7478259727,10.5639242259651
"918","52511910B12239492719020",1,25641.5804010963,25641.5804010963,10.1519705472433
"919","52511910B12240276172675",2,38752.3276818956,77504.6553637912,11.2580932827476
"920","52511910B1240337598967",2,33767.4125326187,67534.8250652374,11.1203986707085
"921","52511910B1281835166424",1,4805.20944144618,4805.20944144618,8.47745590868467
"922","52511910B1289591480139",1,8676.59239766452,8676.59239766452,9.06838414966011
"923","52511910B132067886793",2,26428.7862103714,52857.5724207428,10.875356262411
"924","52511910B13267113488931",1,15325.0310261591,15325.0310261591,9.63724278534782
"925","52511910B1345857498627",1,2367.00146552019,2367.00146552019,7.76937922866047
"926","52511910B13500089926277",2,24542.2945884976,49084.5891769952,10.8013003984674
"927","52511910B1376149917055",2,34892.090214247,69784.180428494,11.1531626216378
"928","52511910B14295991899678",1,32515.5978832034,32515.5978832034,10.3894751880537
"929","52511910B1429973809191",2,21246.2185975299,42492.4371950598,10.6570813907263
"930","52511910B14571669428725",2,7801.39163341677,15602.7832668335,9.65520459186426
"931","52511910B14763561478876",1,12798.2518618227,12798.2518618227,9.45706386728563
"932","52511910B14944460308189",2,18854.5566215795,37709.113243159,10.5376570748117
"933","52511910B14985671444346",1,134892.130104389,134892.130104389,11.8122307017572
"934","52511910B15112316927565",2,29110.7344386,58221.4688772,10.9720094467512
"935","52511910B15727969780764",2,78031.9664245879,156063.932849176,11.9580210282322
"936","52511910B16211515353621",2,22584.4784137881,45168.9568275762,10.7181653340179
"937","52511910B16548233454257",1,3801.2614417631,3801.2614417631,8.2430882489872
"938","52511910B1724778943765",1,5120.75493870999,5120.75493870999,8.54105715613082
"939","52511910B17356876538254",1,44960.5880938568,44960.5880938568,10.7135415648614
"940","52511910B17390178466990",1,11851.6119813899,11851.6119813899,9.38021916949654
"941","52511910B17490321584859",1,113247.714656903,113247.714656903,11.6373328635117
"942","52511910B17517272780410",1,245739.791589242,245739.791589242,12.4120284973266
"943","52511910B17799667237096",1,14048.3774093465,14048.3774093465,9.55026218121352
"944","52511910B18270670997793",2,28319.0029942319,56638.0059884638,10.944435522742
"945","52511910B1854707671717",1,113465.16357137,113465.16357137,11.6392511399047
"946","52511910B19191805182315",1,91565.3258848681,91565.3258848681,11.4248079406237
"947","52511910B19330386236783",2,40490.2361691816,80980.4723383632,11.3019633223472
"948","52511910B19407638162060",2,1853.60595689523,3707.21191379046,8.21803536736265
"949","52511910B19586040436612",2,18828.9945156642,37657.9890313284,10.5363004027856
"950","52511910B21046020325533",1,17640.9251001112,17640.9251001112,9.77797677150264
"951","52511910B21260910933226",1,20859.7064115218,20859.7064115218,9.94557465422378
"952","52511910B21548483035565",2,9379.4941551877,18758.9883103754,9.83942829308768
"953","52511910B21980317252116",1,1688.06932373055,1688.06932373055,7.43134074287336
"954","52511910B22102802824180",1,9133.07441685315,9133.07441685315,9.1196576547865
"955","52511910B2226983620167",1,87956.4959563973,87956.4959563973,11.3845976070903
"956","52511910B22417450396653",2,10968.417874775,21936.83574955,9.995922500527
"957","52511910B23437445078556",1,58867.9303642386,58867.9303642386,10.9830517453696
"958","52511910B24095937104675",1,9960.90590577932,9960.90590577932,9.20642330083806
"959","52511910B24217315836254",1,22205.3083682442,22205.3083682442,10.0080866549634
"960","52511910B24338772487994",1,6664.63761340596,6664.63761340596,8.80457085955262
"961","52511910B24425392494170",1,28199.3121234929,28199.3121234929,10.2470528638448
"962","52511910B24462040337349",1,42774.6117145618,42774.6117145618,10.6637000213273
"963","52511910B24890266463781",1,120611.659815453,120611.659815453,11.700331240322
"964","52511910B24911018318465",1,82581.2909849675,82581.2909849675,11.3215384324611
"965","52511910B25870488928169",1,1542.23620218417,1542.23620218417,7.34098872150032
"966","52511910B26024129556324",1,100965.501339373,100965.501339373,11.5225341665775
"967","52511910B26321075911025",2,76793.7027200732,153587.405440146,11.9420251005015
"968","52511910B26426295483490",2,49104.6055949467,98209.2111898934,11.494855290248
"969","52511910B26440140856632",1,99063.3670170167,99063.3670170167,11.5035149952377
"970","52511910B26517515062770",1,34521.8168685886,34521.8168685886,10.4493467761585
"971","52511910B26605642536320",2,16476.5288048654,32953.0576097308,10.4028393310649
"972","52511910B27035674370402",2,26397.8253006299,52795.6506012598,10.8741840913252
"973","52511910B27389223998758",1,80903.6946181811,80903.6946181811,11.3010147709553
"974","52511910B27783301561641",1,1026.4257515,1026.4257515,6.93383790213323
"975","52511910B27876515321702",1,42805.1508780691,42805.1508780691,10.6644137219471
"976","52511910B28036042271757",1,153789.19037934,153789.19037934,11.9433380499643
"977","52511910B28406755893597",2,7026.67987726678,14053.3597545336,9.5506167746118
"978","52511910B28476693424992",1,64642.3813896441,64642.3813896441,11.0766255333215
"979","52511910B28710323112279",1,10548.3229031705,10548.3229031705,9.26372215974357
"980","52511910B29261340686380",1,6459.14749384193,6459.14749384193,8.77325262117072
"981","52511910B29818712056723",1,31095.6125253681,31095.6125253681,10.3448220118604
"982","52511910B30663215399885",1,74440.2570932447,74440.2570932447,11.2177521644478
"983","52511910B30709967967550",1,130209.198990438,130209.198990438,11.7768976590292
"984","52511910B30715783231624",2,32801.0804790877,65602.1609581754,11.0913639158252
"985","52511910B3088598520620",1,43461.4363005762,43461.4363005762,10.6796293020581
"986","52511910B30921209280056",1,4982.04606285036,4982.04606285036,8.51359594163453
"987","52511910B3092467574862",1,33629.7548733677,33629.7548733677,10.4231665157802
"988","52511910B30977236715140",2,63331.2953409723,126662.590681945,11.74928206369
"989","52511910B31003231188752",2,26802.3749626326,53604.7499252652,10.8893929611412
"990","52511910B3118715998086",2,4863.96639143793,9727.93278287586,9.18275669452705
"991","52511910B31268860247424",1,78002.6098544908,78002.6098544908,11.2644975647849
"992","52511910B31717620625581",2,26437.5804727318,52875.1609454636,10.8756889602298
"993","52511910B3173449865557",1,37079.05205233,37079.05205233,10.5208074544212
"994","52511910B31970606922462",2,29471.8097934225,58943.619586845,10.9843366657879
"995","52511910B32484376841800",2,5030.39580827723,10060.7916165545,9.21640113007621
"996","52511910B32855735947523",2,29669.4601058334,59338.9202116668,10.991020697044
"997","52511910B33100646615087",1,44395.087829931,44395.087829931,10.7008841078389
"998","52511910B33929030594907",1,112503.814917622,112503.814917622,11.6307424104305
"999","52511910B34768840903386",2,62959.4432281901,125918.88645638,11.7433932203496
"1000","52511910B35262105049161",1,49445.5542914666,49445.5542914666,10.8086274299045
"1001","52511910B3549258104854",2,18277.3845849271,36554.7691698542,10.506566940109
"1002","52511910B3606287647189",1,11269.8865948014,11269.8865948014,9.32988954441011
"1003","52511910B36549244443661",1,3445.81293488381,3445.81293488381,8.1449151309028
"1004","52511910B37391519791178",2,36434.9032017283,72869.8064034566,11.1964296539222
"1005","52511910B37639564414460",1,40906.6477756694,40906.6477756694,10.6190478661256
"1006","52511910B37647459697968",1,22867.5171183498,22867.5171183498,10.0374727161188
"1007","52511910B37723179298847",1,5922.11817372736,5922.11817372736,8.68644946349914
"1008","52511910B38320737099141",2,10307.422210964,20614.844421928,9.9337666982742
"1009","52511910B38482668702502",1,214304.634332205,214304.634332205,12.2751538066698
"1010","52511910B39021201460320",1,52838.4655106952,52838.4655106952,10.8749947179174
"1011","52511910B39647585180353",1,72217.2911141559,72217.2911141559,11.1874347853237
"1012","52511910B398222474379",2,2125.65528721711,4251.31057443422,8.35498258483718
"1013","52511910B3988585053627",2,1117.33042452656,2234.66084905312,7.71184475014307
"1014","52511910B39925062868722",1,29809.2403933819,29809.2403933819,10.3025737047434
"1015","52511910B4018321552262",1,18348.590482895,18348.590482895,9.8173080376112
"1016","52511910B4023851996912",1,13647.1671817327,13647.1671817327,9.52128724660147
"1017","52511910B40379944508344",1,27589.3444313622,27589.3444313622,10.2251849058331
"1018","52511910B40762326804108",2,15191.1664572707,30382.3329145414,10.3216165643319
"1019","52511910B40932238962124",2,2209.28057196042,4418.56114392084,8.39356938902477
"1020","52511910B41349980343036",2,37054.6515987492,74109.3031974984,11.2132963526275
"1021","52511910B41569626445575",1,45442.5408680268,45442.5408680268,10.7242039688218
"1022","52511910B41847670787440",2,1567.56700526008,3135.13401052016,8.05042719873082
"1023","52511910B41918855057041",2,69486.3351445592,138972.670289118,11.8420325761562
"1024","52511910B42295955196197",1,23857.8538064492,23857.8538064492,10.0798687421699
"1025","52511910B42739382471676",1,43044.6627874944,43044.6627874944,10.6699935251084
"1026","52511910B42807411813200",1,10701.3184597782,10701.3184597782,9.27812223339899
"1027","52511910B43288181316884",1,60106.2863946211,60106.2863946211,11.0038697139654
"1028","52511910B43412485397625",2,52148.5678704301,104297.13574086,11.5549991788751
"1029","52511910B43880613502989",2,30541.9031470332,61083.8062940664,11.0200020739278
"1030","52511910B44183742195819",1,133367.821835003,133367.821835003,11.8008661677368
"1031","52511910B44653158831279",1,71314.3932960449,71314.3932960449,11.1748534555392
"1032","52511910B45067846009416",1,223069.825185271,223069.825185271,12.315240118854
"1033","52511910B45111644423638",2,142118.624570099,284237.249140198,12.5575645527006
"1034","52511910B45186727587827",1,128213.085304823,128213.085304823,11.7614488877204
"1035","52511910B45758904415578",1,49403.0967719021,49403.0967719021,10.8077683889015
"1036","52511910B46580896438278",1,24263.0701484804,24263.0701484804,10.0967107263657
"1037","52511910B46875128491",1,140324.188068846,140324.188068846,11.8517106537174
"1038","52511910B47006759189229",2,46661.6039113211,93323.2078226422,11.4438240999835
"1039","52511910B47108576517123",2,36174.0772155422,72348.1544310844,11.1892452228343
"1040","52511910B47117449404442",1,7762.72294648495,7762.72294648495,8.95708844679354
"1041","52511910B47244734334087",2,7680.42531054221,15360.8506210844,9.63957738414515
"1042","52511910B47928826922149",2,1483.02683311111,2966.05366622222,7.99498761633804
"1043","52511910B4802898208422",1,20849.2826819832,20849.2826819832,9.94507482289331
"1044","52511910B48556697809502",1,24833.6215235635,24833.6215235635,10.1199537206079
"1045","52511910B4874504546565",1,162328.52721975,162328.52721975,11.9973775065092
"1046","52511910B48822656668811",1,5139.62065913224,5139.62065913224,8.54473455400048
"1047","52511910B49041277824691",1,1461.29498125082,1461.29498125082,7.28707829503333
"1048","52511910B49192689587509",1,8471.08996601628,8471.08996601628,9.04441446484691
"1049","52511910B49246730473855",1,52995.7763591381,52995.7763591381,10.8779674980217
"1050","52511910B49284203349487",1,31488.7275516358,31488.7275516358,10.3573849052645
"1051","52511910B49397347460294",2,20403.3828416119,40806.7656832238,10.6166031722139
"1052","52511910B4946947315760",1,86031.4316832919,86031.4316832919,11.3624679931518
"1053","52511910B49492134849249",1,63459.6922255795,63459.6922255795,11.0581602152291
"1054","52511910B49637011657057",1,40136.0379554681,40136.0379554681,10.6000299118351
"1055","52511910B4969786063416",1,12687.1208298594,12687.1208298594,9.44834265000629
"1056","52511910B49699122775209",2,13189.6688128399,26379.3376256798,10.1803363169978
"1057","52511910B49735999236113",2,8189.20602954203,16378.4120590841,9.70371940881784
"1058","52511910B50234287801955",2,30850.2153136736,61700.4306273472,11.0300461892427
"1059","52511910B50770239456778",1,23594.4087912819,23594.4087912819,10.0687650473211
"1060","52511910B51634678228857",2,148399.211159586,296798.422319172,12.600808474625
"1061","52511910B51671938708352",2,5561.71978519581,11123.4395703916,9.31680983386103
"1062","52511910B5173446134858",1,30523.4714465465,30523.4714465465,10.3262512222639
"1063","52511910B52040400722593",2,35630.9391633176,71261.8783266352,11.1741167975921
"1064","52511910B52167757698823",2,40905.5458318431,81811.0916636862,11.3121681083093
"1065","52511910B52234359951443",1,36027.3224628789,36027.3224628789,10.492032886878
"1066","52511910B52477730632252",2,33131.3161657192,66262.6323314384,11.1013814023729
"1067","52511910B53055897182204",1,15463.4626496294,15463.4626496294,9.64623527181245
"1068","52511910B53218930904512",1,2698.97900848706,2698.97900848706,7.90062883547278
"1069","52511910B53659520741831",2,66359.6879442154,132719.375888431,11.7959922223851
"1070","52511910B53728166380969",1,21515.9155368063,21515.9155368063,9.97654819778617
"1071","52511910B54123288304078",1,23294.7576207821,23294.7576207821,10.0559836194224
"1072","52511910B54132966107148",1,55395.2642013133,55395.2642013133,10.9222493853506
"1073","52511910B54429610497624",1,165456.479400158,165456.479400158,12.0164634748686
"1074","52511910B54492038659997",2,27134.7217389873,54269.4434779746,10.9017166123149
"1075","52511910B54544949915679",2,92540.5334614009,185081.066922802,12.1285492076618
"1076","52511910B55440888068193",2,6462.59153934066,12925.1830786813,9.46693286397119
"1077","52511910B55503333028627",2,39879.000940694,79758.001881388,11.2867523526844
"1078","52511910B55551570232595",2,67833.5901645308,135667.180329062,11.8179599619588
"1079","52511910B55567443002533",2,6756.73879396622,13513.4775879324,9.51144280626357
"1080","52511910B55591891530874",1,17506.0515464666,17506.0515464666,9.77030190279088
"1081","52511910B558444185686",1,66189.0797762853,66189.0797762853,11.1002707702559
"1082","52511910B56209015841977",1,147416.754224109,147416.754224109,11.9010189172991
"1083","52511910B56958480946992",1,61004.8525749154,61004.8525749154,11.0187086903999
"1084","52511910B57885575775117",1,126241.062303357,126241.062303357,11.7459485509948
"1085","52511910B57972476709593",1,15165.0627391586,15165.0627391586,9.62674955721657
"1086","52511910B5845387986633",1,5630.36692501736,5630.36692501736,8.63592989219254
"1087","52511910B58943778362560",1,15070.2902311144,15070.2902311144,9.62048055030134
"1088","52511910B59176200579981",2,33052.539527725,66105.07905545,11.0990008618508
"1089","52511910B59203276225690",2,5564.1264315337,11128.2528630674,9.31724245648201
"1090","52511910B59245920767717",2,12927.047148434,25854.094296868,10.1602242541208
"1091","52511910B59360103371589",2,9367.45823617296,18734.9164723459,9.83814425284293
"1092","52511910B59553354826271",1,11923.3459197518,11923.3459197518,9.38625359919679
"1093","52511910B59671861776280",2,11553.7679801155,23107.535960231,10.0479140753524
"1094","52511910B59824272814460",1,72699.4943541978,72699.4943541978,11.1940897082594
"1095","52511910B60061263127196",2,38371.4063048798,76742.8126097596,11.2482150142859
"1096","52511910B61192023784720",2,20743.6959901113,41487.3919802226,10.6331448523544
"1097","52511910B61439489120441",1,37699.1463693038,37699.1463693038,10.5373927304557
"1098","52511910B61676244874246",2,28185.7085782119,56371.4171564238,10.939717521019
"1099","52511910B61790844495814",2,30785.9065284364,61571.8130568728,11.0279594645543
"1100","52511910B62200479590982",1,5739.85797986335,5739.85797986335,8.65518974682343
"1101","52511910B62500214534323",1,120.355725691319,120.355725691319,4.79045173843035
"1102","52511910B62562257240113",1,92639.6788540716,92639.6788540716,11.4364728261997
"1103","52511910B62922031863482",1,3426.58819863097,3426.58819863097,8.13932035084665
"1104","52511910B63167976390159",1,13485.3760111416,13485.3760111416,9.50936111884409
"1105","52511910B63672424305930",1,16885.0021055161,16885.0021055161,9.73418105751709
"1106","52511910B63745543652662",2,60777.9384443774,121555.876888755,11.7081293281333
"1107","52511910B648094459248",2,59871.0035178052,119742.00703561,11.6930947659525
"1108","52511910B65003852157868",2,12686.0412342015,25372.082468403,10.1414047331191
"1109","52511910B65196754917234",2,78715.0136334928,157430.027266986,11.9667363672094
"1110","52511910B65674101735888",2,33950.6496598113,67901.2993196226,11.1258104491461
"1111","52511910B65736953470193",2,16708.4590218574,33416.9180437148,10.4168175789776
"1112","52511910B66300742055958",2,9494.99548852269,18989.9909770454,9.8516673286638
"1113","52511910B66393591343605",2,23686.8835846505,47373.767169301,10.7658239192345
"1114","52511910B66525116512935",1,29639.2016199356,29639.2016199356,10.2968531431476
"1115","52511910B66692058551395",2,109901.412557205,219802.82511441,12.3004861739828
"1116","52511910B67072521171420",1,3699.64236879867,3699.64236879867,8.21599143687928
"1117","52511910B67244265985329",2,67273.4787285801,134546.95745716,11.8096685431692
"1118","52511910B67503722299641",1,120381.961690102,120381.961690102,11.6984249807831
"1119","52511910B67569609565838",1,88464.5748723579,88464.5748723579,11.3903574669329
"1120","52511910B67622492960002",2,24938.8742312265,49877.748462453,10.8173302596904
"1121","52511910B68145786967648",2,80479.7840462205,160959.568092441,11.9889084825676
"1122","52511910B68305869820707",1,43447.0837741246,43447.0837741246,10.67929901162
"1123","52511910B68600157990452",1,8405.05271089745,8405.05271089745,9.03658831719693
"1124","52511910B68602378722707",1,80434.120409801,80434.120409801,11.2951937483485
"1125","52511910B69050472249631",1,17390.8594508343,17390.8594508343,9.76370002825673
"1126","52511910B69477070610060",2,4102.77547472505,8205.5509494501,9.01256614928328
"1127","52511910B70153095650041",2,4717.12154657891,9434.24309315782,9.15210123128388
"1128","52511910B70456030054544",2,1698.73873822969,3397.47747645938,8.13078851655796
"1129","52511910B70473175587181",2,5612.68543897107,11225.3708779421,9.32593175241583
"1130","52511910B70638918104863",1,16260.920074308,16260.920074308,9.69651996663672
"1131","52511910B71032150875325",1,13297.4897262904,13297.4897262904,9.49533055401158
"1132","52511910B71538284073489",2,3742.59224718887,7485.18449437774,8.92068094509742
"1133","52511910B71690687423925",2,24595.5845104487,49191.1690208974,10.8034693949247
"1134","52511910B73336698759549",1,31971.3728979071,31971.3728979071,10.3725961844508
"1135","52511910B76622709081814",2,2082.46627913716,4164.93255827432,8.33445536197868
"1136","52511910B76643025216805",1,170140.578403205,170140.578403205,12.0443803060962
"1137","52511910B76864499188928",2,5103.74127904573,10207.4825580915,9.23087631445766
"1138","52511910B77222989775801",1,2955.88932864907,2955.88932864907,7.9915548418033
"1139","52511910B77517078586613",1,69273.1044633813,69273.1044633813,11.145812006865
"1140","52511910B77588417233313",1,34152.0575075848,34152.0575075848,10.438578112308
"1141","52511910B78140930961679",2,2872.36430458105,5744.7286091621,8.65603794968263
"1142","52511910B78362812420952",2,258853.432963303,517706.865926606,13.1571644651675
"1143","52511910B78382154896940",2,2372.28975699836,4744.57951399672,8.46475809046755
"1144","52511910B7838707993704",1,25629.430540271,25629.430540271,10.1514966006279
"1145","52511910B78624558885304",2,78219.7094994154,156439.418998831,11.9604241149712
"1146","52511910B79023193352255",1,38745.4879935247,38745.4879935247,10.5647695891252
"1147","52511910B79351211043156",1,61764.6811070908,61764.6811070908,11.0310869769541
"1148","52511910B79904820365756",1,29659.2871095292,29659.2871095292,10.297530579986
"1149","52511910B79940153361499",1,16330.776549515,16330.776549515,9.70080673838654
"1150","52511910B80020209032330",1,36816.2825672503,36816.2825672503,10.5136954873666
"1151","52511910B80553421723016",1,67955.8072561299,67955.8072561299,11.1266128795938
"1152","52511910B80611967822771",1,30771.0761378615,30771.0761378615,10.3343304413107
"1153","52511910B80613047181881",2,14297.3030167892,28594.6060335784,10.2609733787962
"1154","52511910B80624224978544",1,13310.8822042529,13310.8822042529,9.49633719050391
"1155","52511910B81270804246754",1,32280.2186863047,32280.2186863047,10.3822098970296
"1156","52511910B81672195550340",1,106211.720348125,106211.720348125,11.5731897427941
"1157","52511910B81868017791126",1,15708.2089740824,15708.2089740824,9.66193871928157
"1158","52511910B82181877276071",2,32988.4848218242,65976.9696436484,11.09706101532
"1159","52511910B82353065981408",2,12357.1477902523,24714.2955805046,10.1151371236357
"1160","52511910B82588790657213",2,16315.1879413032,32630.3758826064,10.3929989090615
"1161","52511910B82760897224923",1,20552.2027938042,20552.2027938042,9.93072340609235
"1162","52511910B83187520966287",1,80958.5184119678,80958.5184119678,11.3016921841064
"1163","52511910B83254623159264",1,62968.2856946633,62968.2856946633,11.0503864769525
"1164","52511910B83654747413473",2,73056.847973127,146113.695946254,11.8921403369882
"1165","52511910B8366046265197",2,1239.63029001659,2479.26058003318,7.8157156414901
"1166","52511910B83755823779571",2,28520.8486659765,57041.697331953,10.951537811517
"1167","52511910B84130893113897",1,139333.113937697,139333.113937697,11.8446228482277
"1168","52511910B84254778922177",2,3365.85516674954,6731.71033349908,8.81458452608713
"1169","52511910B8433520860340",1,9240.54665388088,9240.54665388088,9.13135632456117
"1170","52511910B85663060935330",2,43474.6650384402,86949.3300768804,11.373080815059
"1171","52511910B8569683364670",1,77416.1016645716,77416.1016645716,11.2569500697842
"1172","52511910B85706759339541",1,27622.0142018292,27622.0142018292,10.2263683497869
"1173","52511910B86399036189677",2,28202.3190241206,56404.6380482412,10.9403066690029
"1174","52511910B8640641883305",2,14975.161143526,29950.322287052,10.3072953643222
"1175","52511910B86463604693023",2,25352.4150288319,50704.8300576638,10.8337764524512
"1176","52511910B86635109020715",2,10161.1969593119,20322.3939186238,9.91947870570915
"1177","52511910B86664130512952",2,5272.70449029487,10545.4089805897,9.26344587647465
"1178","52511910B86901151057582",1,38711.8016795642,38711.8016795642,10.5638997854895
"1179","52511910B8694284014765",2,31867.7141582941,63735.4283165882,11.0624958614673
"1180","52511910B87526029786391",1,9792.2334991074,9792.2334991074,9.18934485037337
"1181","52511910B87738681480797",2,2359.26941898642,4718.53883797284,8.45925446242737
"1182","52511910B88737921309662",1,159247.058240212,159247.058240212,11.9782121006749
"1183","52511910B89393531563013",1,108322.412589712,108322.412589712,11.5928673606982
"1184","52511910B89557374460695",2,2340.95249232554,4681.90498465108,8.4514603540925
"1185","52511910B90052363141845",2,8732.45469597,17464.90939194,9.76794896924809
"1186","52511910B9027234137610",2,31058.2827389646,62116.5654779292,11.0367679872269
"1187","52511910B9049907467318",2,2786.56860463597,5573.13720927194,8.62571340762748
"1188","52511910B90712224530022",1,93954.4262174443,93954.4262174443,11.4505651162113
"1189","52511910B90795941917739",2,11129.4338482245,22258.867696449,10.0104957563502
"1190","52511910B91175598455743",2,23386.3892072447,46772.7784144894,10.7530566548672
"1191","52511910B91354507826004",1,187859.893801043,187859.893801043,12.1434517182393
"1192","52511910B92065650444302",1,59177.7947741446,59177.7947741446,10.9883016622343
"1193","52511910B92188863099631",1,49357.5304591226,49357.5304591226,10.8068456261105
"1194","52511910B92709587856848",1,42453.0398760635,42453.0398760635,10.6561537999191
"1195","52511910B92990516943265",1,50324.2418783265,50324.2418783265,10.8262421858804
"1196","52511910B93540688501820",1,65096.559006558,65096.559006558,11.0836269697576
"1197","52511910B93844416805291",1,33988.2826632041,33988.2826632041,10.4337711166478
"1198","52511910B93975188491166",2,8696.96525042321,17393.9305008464,9.76387660255971
"1199","52511910B94067910328765",2,38362.9171212693,76725.8342425386,11.2479937525802
"1200","52511910B94409074074623",1,11067.9836180465,11067.9836180465,9.31181186078705
"1201","52511910B94488542881377",1,34832.5002021865,34832.5002021865,10.4583061437923
"1202","52511910B94627775761425",2,50831.7463936223,101663.492787245,11.529423547948
"1203","52511910B95098417504855",2,25553.2400721861,51106.4801443722,10.8416665811531
"1204","52511910B95398494564210",2,27476.7153746426,54953.4307492852,10.9142413919008
"1205","52511910B954183777842",1,87075.403381742,87075.403381742,11.3745297278016
"1206","52511910B95850947838113",1,44250.9434042315,44250.9434042315,10.6976319700784
"1207","52511910B95876228816034",2,18576.062715931,37152.125431862,10.5227762606725
"1208","52511910B95956240331763",1,52065.0205665936,52065.0205665936,10.8602486119816
"1209","52511910B96063333949316",1,28780.9596815953,28780.9596815953,10.2674693253196
"1210","52511910B96314718972571",1,5285.11578342284,5285.11578342284,8.57264980599678
"1211","52511910B9639721186799",2,20067.7006282314,40135.4012564628,10.6000140481851
"1212","52511910B96811995525646",2,8389.85512492323,16779.7102498465,9.72792571228251
"1213","52511910B97060806511909",2,15285.1154819906,30570.2309639812,10.327781970106
"1214","52511910B97258167764484",1,109825.614292447,109825.614292447,11.6066490622037
"1215","52511910B97596648855860",1,15900.0661245148,15900.0661245148,9.67407854697419
"1216","52511910B98966812491458",1,11892.3142028972,11892.3142028972,9.38364760513602
"1217","52511910B99182661436347",2,17600.2347999002,35200.4695998004,10.4688147024006
"1218","52511910B99479800826846",1,33513.9640471635,33513.9640471635,10.4197174681894
"1219","52511910B99923381863543",1,200632.39775938,200632.39775938,12.2092296457536
"1220","54806243B24736520064001",1,3889.32304689924,3889.32304689924,8.26599039753521
"1221","54806243B26229872021267",1,10128.8025045438,10128.8025045438,9.22313837747556
"1222","54806243B53408209397741",1,24500.7254880199,24500.7254880199,10.1064580078503
"1223","54806243B65715905336268",1,5249.74180465647,5249.74180465647,8.56593417431086
"1224","54806243B83345748269493",1,24535.7163678865,24535.7163678865,10.1078851458922
"1225","54806243B86213796006306",1,10352.8567411131,10352.8567411131,9.24501777424287
"1226","54806243B87134843513913",1,9364.95081954645,9364.95081954645,9.14472936334774
"1227","54806243B93999085545465",1,14614.1364198301,14614.1364198301,9.58974458718033
"1228","60261553B13890911859525",1,369376.709578533,369376.709578533,12.8195722954324
"1229","60261553B21361013305345",1,515379.969710094,515379.969710094,13.1526597128637
"1230","60261553B3473904040713",1,211589.818171568,211589.818171568,12.2624048595267
"1231","60261553B36201163114452",1,364006.044783906,364006.044783906,12.8049257530302
"1232","60261553B36650423786052",1,537315.247850386,537315.247850386,13.1943402549675
"1233","60261553B45059924625882",1,329603.593250198,329603.593250198,12.7056459788094
"1234","60261553B46723390806239",1,1188937.20868393,1188937.20868393,13.9885703640883
"1235","60261553B46892654123535",1,163769.652529867,163769.652529867,12.0062161617458
"1236","60261553B48695999525720",1,386136.494798316,386136.494798316,12.8639461994076
"1237","60261553B52408869304596",1,522314.214410155,522314.214410155,13.166024629084
"1238","60261553B66884558345744",1,926202.594362537,926202.594362537,13.7388482741073
"1239","60261553B730883612766",1,270719.667207665,270719.667207665,12.5088391261131
"1240","60261553B8294566306540",1,267503.882270599,267503.882270599,12.496889358374
"1241","60261553B83294236469928",1,234697.135025927,234697.135025927,12.3660511748022
"1242","60261553B84336516867138",1,315725.913565777,315725.913565777,12.6626297540592
"1243","60261553B96608852730046",1,229583.707120307,229583.707120307,12.3440229788901
"1244","60261553B97076149795033",1,15756.4116271909,15756.4116271909,9.66500264885686
"1245","65221844B37057547030311",1,29189.6734352179,29189.6734352179,10.2815702762288
"1246","75667366B19980502726207",1,37785.4241299979,37785.4241299979,10.5396787022164
"1247","75667366B31265103522165",1,66703.0031234196,66703.0031234196,11.1080052552293
"1248","75667366B41693677561366",1,16319.0921664878,16319.0921664878,9.70009099991741
"1249","75667366B44154135823395",1,32233.8852919891,32233.8852919891,10.3807735164733
"1250","75667366B45015819829333",1,65514.4490467068,65514.4490467068,11.0900259934285
"1251","75667366B497077547550",1,125647.009300655,125647.009300655,11.7412317408632
"1252","75667366B55450845848024",1,34283.3543673384,34283.3543673384,10.4424152199472
"1253","75667366B6235496505331",1,32217.5136759813,32217.5136759813,10.3802654866517
"1254","75667366B68367745340454",1,24248.7171559486,24248.7171559486,10.0961189941807
"1255","75667366B73876769816488",1,38248.6789007397,38248.6789007397,10.5518643001155
"1256","75667366B76262272549979",1,73615.7871885576,73615.7871885576,11.2066147815597
"1257","75667366B82870270071557",1,38789.8314971536,38789.8314971536,10.5659134164481
"1258","75667366B8388196899019",1,25031.0171805858,25031.0171805858,10.1278710220574
"1259","75667366B86860977517537",1,69999.9766804064,69999.9766804064,11.1562501878944
"1260","75667366B9750656068001",1,22940.6964874193,22940.6964874193,10.0406677514875
"1261","75667366B98184381496608",1,69748.833748054,69748.833748054,11.1526559790858
"1262","76128533B16476001647323",1,985152.684732859,985152.684732859,13.8005519180225
"1263","76128533B19792346411952",1,3206773.55903939,3206773.55903939,14.980775867838
"1264","76128533B2080752988715",1,550505.896752077,550505.896752077,13.2185929467171
"1265","76128533B29138015770556",1,3996272.34048439,3996272.34048439,15.2008725697026
"1266","76128533B32949331695897",1,847290.380273618,847290.380273618,13.6497987487332
"1267","76128533B33151011563565",1,1758352.59769157,1758352.59769157,14.3798879046314
"1268","76128533B39046535416628",1,1192268.62308158,1192268.62308158,13.991368456153
"1269","76128533B40923846274136",1,986081.725308685,986081.725308685,13.8014945158585
"1270","76128533B43737470294384",1,1046248.9316223,1046248.9316223,13.8607218796358
"1271","76128533B45037556977273",1,785251.626465056,785251.626465056,13.5737594886691
"1272","76128533B46866455993508",1,397467.553536111,397467.553536111,12.8928685834207
"1273","76128533B48885555323596",1,386810.574930579,386810.574930579,12.8656903817185
"1274","76128533B55622097933343",1,2165881.23417352,2165881.23417352,14.5883378731716
"1275","76128533B56857410767766",1,32533.0146280734,32533.0146280734,10.3900106874169
"1276","76128533B58797478961083",1,959328.321633454,959328.321633454,13.7739886535991
"1277","76128533B59504628511334",1,1214562.39163599,1214562.39163599,14.0098943983864
"1278","76128533B60893804631193",1,829494.82285026,829494.82285026,13.6285721473035
"1279","76128533B63599385776584",1,1001958.89335349,1001958.89335349,13.8174675351881
"1280","76128533B6397758882978",1,925306.008506379,925306.008506379,13.7378797817926
"1281","76128533B69417260894674",1,662672.792430746,662672.792430746,13.4040366215986
"1282","76128533B69438085511257",1,1546243.12489191,1546243.12489191,14.2513387563681
"1283","76128533B74992405432705",1,1635358.67557988,1635358.67557988,14.307372711698
"1284","76128533B7606365706860",1,648840.63920595,648840.63920595,13.3829424173155
"1285","76128533B7851306475665",1,986600.962228938,986600.962228938,13.8020209430792
"1286","76128533B83105693975079",1,4441.63738971853,4441.63738971853,8.39877836891124
"1287","76128533B84417945851362",1,405967.060452841,405967.060452841,12.9140273034029
"1288","76128533B91818883767147",1,1289737.42887621,1289737.42887621,14.0699492121133
"1289","76128533B93113981386565",1,3976585.82574488,3976585.82574488,15.1959341763842
"1290","76128533B93450974047240",1,1491837.16808288,1491837.16808288,14.2155189171163
"1291","76128533B97372652494648",1,2084588.94094632,2084588.94094632,14.550082243153
"1292","76128533B98951704707517",1,1093849.74769901,1093849.74769901,13.9052139103919
"1293","77236927B10986826820410",1,614.640025352806,614.640025352806,6.4210367718076
"1294","77236927B11778048532769",1,569.490770465411,569.490770465411,6.34474257637384
"1295","77236927B16584952276885",1,1369.32303904788,1369.32303904788,7.22207176461684
"1296","77236927B38715927177991",1,2122.64857635325,2122.64857635325,7.66041991637315
"1297","77236927B4251587034950",1,1476.47304492828,1476.47304492828,7.29741144495792
"1298","77236927B45015777626882",1,1025.91410143188,1025.91410143188,6.93333930042456
"1299","77236927B51416444743643",1,1161.46063802666,1161.46063802666,7.05743366272246
"1300","77236927B64905396997634",1,3210.36385421709,3210.36385421709,8.0741395599238
"1301","77236927B65524271778963",1,258.67785355866,258.67785355866,5.55558347887372
"1302","77236927B67571127096265",1,806.03438599778,806.03438599778,6.69212640412487
"1303","77236927B68296465422624",1,750.615047568023,750.615047568023,6.6208929338861
"1304","77236927B70121045858985",1,1645.0828489337,1645.0828489337,7.40554602602468
"1305","77236927B80852571944001",1,1310.2897014736,1310.2897014736,7.17800353790904
"1306","77236927B84597259035429",1,3889.24161190522,3889.24161190522,8.26596945922652
"1307","77236927B85216783558225",1,5953.11989830653,5953.11989830653,8.69167071377142
"1308","77969171B260410775552",1,105.24310413599,105.24310413599,4.65627295151808
"1309","77969171B34066116483983",1,3572.9845330168,3572.9845330168,8.18115652916344
"1310","77969171B35666329157800",1,NA,NA,NA
"1311","77969171B4211054760807",1,320.215521740809,320.215521740809,5.7689942745308
"1312","77969171B5098285569707",1,454.073047688261,454.073047688261,6.11825808309042
"1313","77969171B57525149952276",1,563.913019779324,563.913019779324,6.33490001935547
"1314","77969171B60639821987115",1,NA,NA,NA
"1315","77969171B75968789186626",1,348.191207183838,348.191207183838,5.8527517748149
"1316","77969171B89836250003833",1,152.867309981287,152.867309981287,5.02957029008496
"1317","79324940B51603968819213",1,NA,NA,NA
"1318","79324940B94242414509537",1,394.205126609802,394.205126609802,5.97687139973249
"1319","81297802B10167820950608",1,51612.073848143,51612.073848143,10.8515109134035
"1320","81297802B1045120286230",1,75286.4092611595,75286.4092611595,11.2290549095985
"1321","81297802B10763760406842",1,75318.9250984101,75318.9250984101,11.2294867115382
"1322","81297802B10780873415993",1,136632.549212437,136632.549212437,11.8250504789382
"1323","81297802B11022979046189",1,58664.2162356031,58664.2162356031,10.9795852157685
"1324","81297802B11071874803157",1,60949.6494357957,60949.6494357957,11.0178033832242
"1325","81297802B11134761285152",1,87409.4877080489,87409.4877080489,11.378359110764
"1326","81297802B11658146957456",1,50540.1298054268,50540.1298054268,10.830522949309
"1327","81297802B12079916150099",1,28058.3213807154,28058.3213807154,10.2420405293693
"1328","81297802B12421029194754",1,96247.1862818559,96247.1862818559,11.4746750182875
"1329","81297802B12468750690576",1,137911.933469794,137911.933469794,11.8343705971641
"1330","81297802B12977108616150",1,41637.8904991938,41637.8904991938,10.6367658610036
"1331","81297802B13550924224659",1,37498.0806287934,37498.0806287934,10.5320450274164
"1332","81297802B1435628045096",1,29204.3904080772,29204.3904080772,10.282074333395
"1333","81297802B14659466260998",1,55660.8351540974,55660.8351540974,10.9270320395325
"1334","81297802B15613357308975",1,136651.822203185,136651.822203185,11.8251915260875
"1335","81297802B16083563480391",1,85198.3947018214,85198.3947018214,11.352737871112
"1336","81297802B18173194226488",1,128724.87896381,128724.87896381,11.7654326846444
"1337","81297802B18420716282175",1,12299.2377684093,12299.2377684093,9.41729256939226
"1338","81297802B19242536298701",1,77683.0157440584,77683.0157440584,11.2603919248694
"1339","81297802B2130126961507",1,134071.498432164,134071.498432164,11.8061285070243
"1340","81297802B21506651579478",1,67876.902559665,67876.902559665,11.1254510871884
"1341","81297802B21970288414729",1,195903.291167486,195903.291167486,12.1853764040339
"1342","81297802B22471082550929",1,64520.205317557,64520.205317557,11.0747337144653
"1343","81297802B23156291808671",1,24976.3980443062,24976.3980443062,10.1256865797001
"1344","81297802B23204917551818",1,91681.9865834072,91681.9865834072,11.426081200381
"1345","81297802B2331859269186",1,172549.262191705,172549.262191705,12.0584380526069
"1346","81297802B23970425053168",1,72870.1266552071,72870.1266552071,11.1964340487609
"1347","81297802B24299836434530",1,94160.407472427,94160.407472427,11.452755069372
"1348","81297802B26083936626584",1,52964.255400691,52964.255400691,10.8773725386044
"1349","81297802B2701886719052",1,51665.8074686702,51665.8074686702,10.8525514774564
"1350","81297802B27308287932068",1,47592.8779619346,47592.8779619346,10.7704384063765
"1351","81297802B27432396017289",1,70910.8869792257,70910.8869792257,11.1691792547408
"1352","81297802B29351066345319",1,50466.0722659451,50466.0722659451,10.8290565531624
"1353","81297802B30905014988311",1,134525.012360108,134525.012360108,11.8095054262373
"1354","81297802B31644345342604",1,68085.40825978,68085.40825978,11.1285181998656
"1355","81297802B31894177777214",1,53027.3932431767,53027.3932431767,10.8785639126563
"1356","81297802B32908759949092",1,69911.876634751,69911.876634751,11.1549908227268
"1357","81297802B33091662264636",1,79398.9226094402,79398.9226094402,11.2822400779925
"1358","81297802B33972751107769",1,22644.5303241715,22644.5303241715,10.027673614957
"1359","81297802B34920687321908",1,99090.7061260692,99090.7061260692,11.5037909331358
"1360","81297802B35959496403420",1,70298.6405126067,70298.6405126067,11.160507739242
"1361","81297802B36566531846362",1,47236.3727071699,47236.3727071699,10.7629194830103
"1362","81297802B37103290877054",1,45990.9810130749,45990.9810130749,10.7362005913148
"1363","81297802B37110717960369",1,54439.6184257157,54439.6184257157,10.9048474476614
"1364","81297802B37600217906847",1,100698.379766048,100698.379766048,11.5198849888657
"1365","81297802B38321972927223",1,152133.360945589,152133.360945589,11.9325127898023
"1366","81297802B3900213451305",1,35043.4669043622,35043.4669043622,10.4643444814905
"1367","81297802B40676303665635",1,180466.336703524,180466.336703524,12.1032995391043
"1368","81297802B4221517004962",1,191566.238629131,191566.238629131,12.1629889214201
"1369","81297802B42791937018990",1,17206.8778843641,17206.8778843641,9.75306445986996
"1370","81297802B4294080644708",1,130789.407822937,130789.407822937,11.7813437347792
"1371","81297802B44635779635670",1,100707.969114931,100707.969114931,11.5199802127645
"1372","81297802B4597997720172",1,38844.3534748257,38844.3534748257,10.5673180035293
"1373","81297802B46675680885513",1,57398.479652568,57398.479652568,10.9577730950678
"1374","81297802B47304896634130",1,27055.9561856737,27055.9561856737,10.205662451743
"1375","81297802B47494931699472",1,13212.507572762,13212.507572762,9.48891920332966
"1376","81297802B47590181438391",1,145683.959035409,145683.959035409,11.8891948902775
"1377","81297802B47963627673209",1,100496.663534655,100496.663534655,11.51787980727
"1378","81297802B50427055609681",1,111822.972154503,111822.972154503,11.6246722940387
"1379","81297802B51483513425235",1,144610.810536913,144610.810536913,11.8818013475784
"1380","81297802B51785257245499",1,48182.0605891073,48182.0605891073,10.782742043812
"1381","81297802B52387636717940",1,72198.6795549229,72198.6795549229,11.1871770360007
"1382","81297802B5241398972305",1,243333.43618314,243333.43618314,12.4021879471268
"1383","81297802B53129181429645",1,78213.220398767,78213.220398767,11.2671939710523
"1384","81297802B53592665760601",1,34515.6590395338,34515.6590395338,10.4491683852486
"1385","81297802B53696601888295",1,24748.1509937352,24748.1509937352,10.1165060578823
"1386","81297802B54877143810300",1,109616.852261616,109616.852261616,11.6047464031871
"1387","81297802B55071935880129",1,63901.1491109488,63901.1491109488,11.0650926231609
"1388","81297802B55237865359696",1,43315.7005759047,43315.7005759047,10.6762704481725
"1389","81297802B55451481919262",1,55212.3753374108,55212.3753374108,10.9189423980333
"1390","81297802B55629975533372",1,164000.01975202,164000.01975202,12.0076218272455
"1391","81297802B55656475848083",1,119298.912497839,119298.912497839,11.6893874923516
"1392","81297802B55928452292311",1,113794.432495485,113794.432495485,11.6421488758878
"1393","81297802B56181672233009",1,13022.2870868956,13022.2870868956,9.47441755985203
"1394","81297802B57234015442712",1,147532.888065099,147532.888065099,11.9018063998408
"1395","81297802B57556187754980",1,32384.2425025573,32384.2425025573,10.3854272409639
"1396","81297802B59755992581592",1,93930.8935438952,93930.8935438952,11.4503146158135
"1397","81297802B61067118889021",1,60647.8288315855,60647.8288315855,11.0128391154064
"1398","81297802B61927033163821",1,54423.658071136,54423.658071136,10.9045542293199
"1399","81297802B62948768430814",1,63058.5646019292,63058.5646019292,11.0518191704221
"1400","81297802B63810165613250",1,8621.63026126349,8621.63026126349,9.06202947121238
"1401","81297802B64444176527608",1,47912.3261069936,47912.3261069936,10.7771280802952
"1402","81297802B64936965881183",1,211309.040844329,211309.040844329,12.261076989458
"1403","81297802B65575052729344",1,45180.8910982957,45180.8910982957,10.7184295131187
"1404","81297802B65636962466894",1,27390.1279540721,27390.1279540721,10.2179379338078
"1405","81297802B66096195927531",1,86402.5039381912,86402.5039381912,11.3667719351383
"1406","81297802B66107700635107",1,25280.9262877846,25280.9262877846,10.1378054887202
"1407","81297802B67206181597957",1,77929.7655162372,77929.7655162372,11.2635632579307
"1408","81297802B68109668722051",1,77562.0608210406,77562.0608210406,11.258833679672
"1409","81297802B69562638547328",1,58840.5210116609,58840.5210116609,10.9825860293951
"1410","81297802B70720207353538",1,146434.724422466,146434.724422466,11.8943350410626
"1411","81297802B70743667519193",1,105800.920345142,105800.920345142,11.5693144972829
"1412","81297802B72056692107631",1,130312.460381749,130312.460381749,11.7776903869503
"1413","81297802B72423367852086",1,16166.5078345543,16166.5078345543,9.69069696354246
"1414","81297802B72882386082996",1,65065.4055570225,65065.4055570225,11.0831482822971
"1415","81297802B72919536287172",1,23538.1124619795,23538.1124619795,10.0663761933164
"1416","81297802B75629290490646",1,181715.948230188,181715.948230188,12.1102000228505
"1417","81297802B76384767601248",1,2643.51330430618,2643.51330430618,7.87986410850043
"1418","81297802B77828019918781",1,98365.1228647529,98365.1228647529,11.4964415777794
"1419","81297802B78342510004852",1,21786.1428153627,21786.1428153627,9.9890293959942
"1420","81297802B79786453625721",1,79063.4293163242,79063.4293163242,11.2780057120335
"1421","81297802B80912783182295",1,16341.3870498789,16341.3870498789,9.70145625158481
"1422","81297802B81765499113898",1,27955.7106395496,27955.7106395496,10.2383767739765
"1423","81297802B82332241258399",1,149672.271209673,149672.271209673,11.9162033241904
"1424","81297802B82512093072214",1,94161.1337012672,94161.1337012672,11.4527627820196
"1425","81297802B82760747397164",1,126469.818706107,126469.818706107,11.7477589713797
"1426","81297802B8357375846053",1,11849.0224108458,11849.0224108458,9.38000064618518
"1427","81297802B84719552891507",1,72289.4873568505,72289.4873568505,11.1884339944884
"1428","81297802B84784766195181",1,38103.1918096281,38103.1918096281,10.5480533321368
"1429","81297802B85029486143959",1,38747.3493908086,38747.3493908086,10.5648176296241
"1430","81297802B85505749224324",1,59014.7320269483,59014.7320269483,10.9855423870912
"1431","81297802B85934029741785",1,21693.2015751499,21693.2015751499,9.98475419897478
"1432","81297802B86040607446214",1,38578.3082345204,38578.3082345204,10.5604454346564
"1433","81297802B86432819232797",1,51126.2848850838,51126.2848850838,10.8420540252559
"1434","81297802B89235073975729",1,41009.1531864497,41009.1531864497,10.6215505692202
"1435","81297802B89611140069217",1,58021.9120052176,58021.9120052176,10.9685760113761
"1436","81297802B89663618716792",1,11435.7551627946,11435.7551627946,9.34450014387362
"1437","81297802B8967556658808",1,42448.6532930635,42448.6532930635,10.6560504666912
"1438","81297802B9107629386142",1,16569.9534478561,16569.9534478561,9.71534630099337
"1439","81297802B91620400281223",1,173610.410869565,173610.410869565,12.064569049857
"1440","81297802B91982413663988",1,127304.924158477,127304.924158477,11.7543404653251
"1441","81297802B92253150972948",1,78971.3117355274,78971.3117355274,11.2768399229087
"1442","81297802B92574261409002",1,156430.332063473,156430.332063473,11.9603660273144
"1443","81297802B9308814425220",1,79519.6531012509,79519.6531012509,11.2837594789121
"1444","81297802B93916372624290",1,102868.784876642,102868.784876642,11.5412095218325
"1445","81297802B94679881937971",1,60106.5847579213,60106.5847579213,11.0038746778814
"1446","81297802B9474885125507",1,124156.108157702,124156.108157702,11.7292949895464
"1447","81297802B96353597468260",1,63818.4349285352,63818.4349285352,11.0637973763184
"1448","81297802B96824977906351",1,38204.7787220279,38204.7787220279,10.5507158842059
"1449","81297802B97142358911210",1,158898.771768228,158898.771768228,11.9760226229054
"1450","81297802B973126409201",1,68121.387062923,68121.387062923,11.1290464966205
"1451","81297802B97652803071493",1,170262.835644502,170262.835644502,12.0450986140891
"1452","81297802B98438479076374",1,101083.594335881,101083.594335881,11.5237031201881
"1453","81297802B98540731986743",1,54492.0271188396,54492.0271188396,10.9058096785523
"1454","81297802B98842550999199",1,18350.8566324781,18350.8566324781,9.81743153536193
"1455","81297802B99684516055458",1,116162.698309211,116162.698309211,11.6627470590348
"1456","81297802B9978574523269",1,252208.660186713,252208.660186713,12.4380120404909
"1457","81905179B70449898800022",1,NA,NA,NA
"1458","81905179B74113200519778",1,10.7502382507324,10.7502382507324,2.37492791718691
"1459","85939544B26201267157646",1,154347.678616007,154347.678616007,11.9469629900764
"1460","85939544B26264863650897",1,39179.3010674246,39179.3010674246,10.5759038523252
"1461","85939544B33364168787730",1,104046.076002497,104046.076002497,11.5525891184965
"1462","DIS015",3,NA,NA,NA
"1463","DIS017",1,NA,NA,NA
