"","ADM2_id","total_exposure_days","total_population","total_person_day_exposure","log_total_person_day_exposure"
"1","10022922B12403701465046",1,126940.636703468,126940.636703468,11.7514748286307
"2","10022922B2580716977723",1,42699.548904157,42699.548904157,10.6619436348555
"3","10022922B31178585124685",1,119474.378479195,119474.378479195,11.6908572213336
"4","10022922B40533998311047",1,20035.1709349371,20035.1709349371,9.90524455485003
"5","10022922B42807663031303",1,180973.583891758,180973.583891758,12.1061063542475
"6","10022922B48021466276127",1,11074.6239085046,11074.6239085046,9.3124116357367
"7","10022922B50417492685621",1,21070.3829008063,21070.3829008063,9.95562367942885
"8","10022922B70120442307447",1,37804.6326554029,37804.6326554029,10.5401869311194
"9","10022922B70385192089273",1,30486.6817379116,30486.6817379116,10.3250452028991
"10","10022922B91714644312966",1,50609.265435216,50609.265435216,10.8318899498806
"11","14151628B95966095088914",2,36162.9131203377,72325.8262406754,11.1889365537774
"12","17275852B12258272370747",1,375824.847131826,375824.847131826,12.8368784817423
"13","17275852B1408079528399",1,635108.773016255,635108.773016255,13.3615515592939
"14","17275852B14220584679784",1,593340.949220201,593340.949220201,13.2935244692822
"15","17275852B1643752484532",1,702733.086098167,702733.086098167,13.4627324203157
"16","17275852B17785585955827",1,330893.687059188,330893.687059188,12.7095524156352
"17","17275852B19868960828514",1,831153.542483054,831153.542483054,13.630569825101
"18","17275852B21842931785294",1,989355.448603285,989355.448603285,13.804808948061
"19","17275852B24439099777247",1,298132.072961525,298132.072961525,12.6052918651618
"20","17275852B24844793518389",1,781422.338628728,781422.338628728,13.5688710491504
"21","17275852B25965384817686",1,761442.927220764,761442.927220764,13.5429705006698
"22","17275852B26690160376255",1,1216296.45316194,1216296.45316194,14.0113211055141
"23","17275852B27877276340012",1,995446.553773715,995446.553773715,13.8109467132237
"24","17275852B28043359135044",1,1134382.07781026,1134382.07781026,13.9415986358079
"25","17275852B282910546940",1,371036.366994856,371036.366994856,12.8240553610304
"26","17275852B30419994709301",1,1172721.81107749,1172721.81107749,13.9748379393019
"27","17275852B34966799109471",1,NA,NA,NA
"28","17275852B35416849225692",1,990230.272326781,990230.272326781,13.8056927933739
"29","17275852B37976290279083",1,571386.757107845,571386.757107845,13.2558215922902
"30","17275852B38709981190197",2,236405.513411172,472811.026822344,13.0664510671843
"31","17275852B38939963469829",2,754019.305942744,1508038.61188549,14.2263204319208
"32","17275852B39380894050966",1,1390659.8855176,1390659.8855176,14.145288930237
"33","17275852B41190306193582",1,411850.772094717,411850.772094717,12.9284163590665
"34","17275852B42599245130625",3,341678.86147331,1025036.58441993,13.8402388620347
"35","17275852B44304898110438",1,519882.859870799,519882.859870799,13.1613587957014
"36","17275852B47086513907411",1,269737.196650731,269737.196650731,12.5052034182339
"37","17275852B47587357578303",1,401092.597040366,401092.597040366,12.9019475949445
"38","17275852B47611300766307",1,633096.013712399,633096.013712399,13.3583773700543
"39","17275852B50589627480209",4,438278.672002969,1753114.68801188,14.3769045856149
"40","17275852B53008264931106",2,183493.299390527,366986.598781054,12.813080610787
"41","17275852B53915190353866",1,1267120.69628959,1267120.69628959,14.0522577162418
"42","17275852B56120808638546",1,216244.993115794,216244.993115794,12.2841672713043
"43","17275852B59014028549632",1,917888.20964643,917888.20964643,13.729830886203
"44","17275852B60182527489554",1,172126.354748896,172126.354748896,12.055984106727
"45","17275852B64916188375107",1,722331.391546886,722331.391546886,13.490239303633
"46","17275852B66204891178522",1,2630291.41032818,2630291.41032818,14.782605200422
"47","17275852B67003966243436",1,1140888.11415085,1140888.11415085,13.9473175645714
"48","17275852B68859127780148",1,365949.318717738,365949.318717738,12.8102501293464
"49","17275852B70320302334749",2,132397.850465194,264795.700930388,12.4867138677561
"50","17275852B72819681774342",4,292405.053225816,1169620.21290326,13.9721896497224
"51","17275852B7296923051238",1,595081.043309556,595081.043309556,13.2964528824954
"52","17275852B74040811495822",1,675677.699202459,675677.699202459,13.4234714650034
"53","17275852B75763620561947",2,616610.728859171,1233221.45771834,14.0251403748738
"54","17275852B7979903099841",2,429273.331011188,858546.662022376,13.6629963108098
"55","17275852B80309702523612",5,155046.818449212,775234.09224606,13.5609203172372
"56","17275852B82708605205805",1,5677311.47443808,5677311.47443808,15.5519883466753
"57","17275852B82960244806798",2,207378.335509855,414756.67101971,12.935447292359
"58","17275852B83740928033028",1,147012.282450998,147012.282450998,11.8982714163588
"59","17275852B85583949591367",5,232021.376230066,1160106.88115033,13.9640226977607
"60","17275852B86000242921086",1,466475.733587655,466475.733587655,13.0529612798837
"61","17275852B86267588373141",1,341879.550616597,341879.550616597,12.7422137628313
"62","17275852B86431238150342",1,417292.121878404,417292.121878404,12.9415417876054
"63","17275852B87782309196497",2,445929.398840385,891858.79768077,13.7010631004674
"64","17275852B88042861362346",2,184540.137717941,369080.275435882,12.8187694479691
"65","17275852B89468905887192",1,770095.641720407,770095.641720407,13.5542699961429
"66","17275852B90337226463204",1,207498.522096141,207498.522096141,12.2428794961993
"67","17275852B90470795224142",1,654639.512843262,654639.512843262,13.3918400010412
"68","17275852B92305935351425",1,220148.413842779,220148.413842779,12.3020572062648
"69","17275852B93697739867414",1,326701.670605158,326701.670605158,12.6968027111517
"70","17275852B93743910489906",2,349185.087667138,698370.175334276,13.4565045783206
"71","17275852B95277244028777",2,1230289.38330946,2460578.76661892,14.71590715122
"72","17275852B95583475247133",1,1260533.22758335,1260533.22758335,14.0470453859
"73","17275852B98852550499473",1,31704.936273134,31704.936273134,10.3642276661379
"74","17275852B98891327369808",2,324080.124399948,648160.248799896,13.3818932422921
"75","22064153B10005261628281",1,24717.7381186905,24717.7381186905,10.1152764073323
"76","22064153B10066515375089",1,134492.987189095,134492.987189095,11.8092673368067
"77","22064153B10198647455889",2,11036.3582370695,22072.716474139,10.0020975761414
"78","22064153B10207741545348",1,142742.573407341,142742.573407341,11.8687981009974
"79","22064153B10464594987148",1,65445.2739659218,65445.2739659218,11.088969560418
"80","22064153B10472046376966",2,23478.9423473716,46957.8846947432,10.7570064086566
"81","22064153B10522198578948",1,7879.27610282156,7879.27610282156,8.9719913135079
"82","22064153B1052554637005",1,153351.745382232,153351.745382232,11.9404895511681
"83","22064153B10622080660464",1,104288.292115185,104288.292115185,11.5549143826765
"84","22064153B10671989321165",1,3175.02282946567,3175.02282946567,8.06307010168383
"85","22064153B10809030279496",1,5095.08310015572,5095.08310015572,8.53603125566233
"86","22064153B1081255583399",1,3919.40476015268,3919.40476015268,8.27369507435477
"87","22064153B10908081440803",1,6912.31502947609,6912.31502947609,8.84105988662643
"88","22064153B11104866137473",1,12077.0196044052,12077.0196044052,9.39905971955842
"89","22064153B11166704859619",1,23493.8478428292,23493.8478428292,10.0644938719361
"90","22064153B11283862904746",1,27233.997697548,27233.997697548,10.2122213871412
"91","22064153B11294111383773",1,50443.1026681904,50443.1026681904,10.8286013002448
"92","22064153B11326037690958",1,34166.9517385383,34166.9517385383,10.4390141324247
"93","22064153B11384904576552",1,143218.862387874,143218.862387874,11.87212924542
"94","22064153B11591323942731",1,220007.964579052,220007.964579052,12.3014190273113
"95","22064153B11731771091880",1,34045.8926006842,34045.8926006842,10.435464675834
"96","22064153B11798302769414",1,20868.7641228081,20868.7641228081,9.94600878043606
"97","22064153B11870363925687",1,6786.35500127807,6786.35500127807,8.82266925775099
"98","22064153B12114341004920",1,10124.5265254714,10124.5265254714,9.22271612796492
"99","22064153B12127418038090",1,6081.89575032018,6081.89575032018,8.71307172739987
"100","22064153B12172811493606",1,6603.45016099861,6603.45016099861,8.79534754309392
"101","22064153B12345861604897",1,76172.4818214166,76172.4818214166,11.2407555454987
"102","22064153B12861375372699",1,18021.0199949591,18021.0199949591,9.79929413305426
"103","22064153B12869480434443",1,23350.3932472144,23350.3932472144,10.0583691043777
"104","22064153B12905305574663",1,22938.956044897,22938.956044897,10.0405918815788
"105","22064153B12953099652868",1,56847.6406988746,56847.6406988746,10.948129997858
"106","22064153B12979096179166",1,50775.5516098059,50775.5516098059,10.8351702501967
"107","22064153B13144997370504",1,198700.591647836,198700.591647836,12.199554406129
"108","22064153B1320154413470",1,14433.8130204549,14433.8130204549,9.57732885944376
"109","22064153B13215881329963",1,8008.94334027695,8008.94334027695,8.9883141137921
"110","22064153B13335973696353",1,97304.2959905141,97304.2959905141,11.4855984192088
"111","22064153B13415196919485",2,25574.7967633527,51149.5935267054,10.8425098246562
"112","22064153B13436797224753",1,20145.0381113681,20145.0381113681,9.91071328947613
"113","22064153B13478238771349",1,329503.988209024,329503.988209024,12.7053437366725
"114","22064153B1352051297857",1,127121.338633415,127121.338633415,11.7528973316257
"115","22064153B135965652539",1,48348.9074991726,48348.9074991726,10.7861989049524
"116","22064153B13708684658213",1,23526.6558515808,23526.6558515808,10.0658893488663
"117","22064153B13741289865163",1,66196.4070299438,66196.4070299438,11.10038146598
"118","22064153B13756884324312",1,100407.357556686,100407.357556686,11.5169907659919
"119","22064153B13786864628755",1,34543.9989725324,34543.9989725324,10.4499891230109
"120","22064153B13823601910405",1,48250.2241712858,48250.2241712858,10.7841557527934
"121","22064153B13931010812226",1,35336.553526747,35336.553526747,10.4726732178228
"122","22064153B13974791812642",1,16313.0473594494,16313.0473594494,9.69972051810437
"123","22064153B13974843260526",1,23262.8458448857,23262.8458448857,10.0546127678958
"124","22064153B14023525117600",1,194000.474011025,194000.474011025,12.1756158813983
"125","22064153B14146834260947",1,51106.5426836783,51106.5426836783,10.8416678048584
"126","22064153B14175701044712",1,13576.8124092446,13576.8124092446,9.51611864670028
"127","22064153B14240371262690",1,88418.5123547921,88418.5123547921,11.3898366424795
"128","22064153B14260428934540",1,107649.498081258,107649.498081258,11.5866358402759
"129","22064153B1430516965980",2,33522.8696919365,67045.739383873,11.1131303428261
"130","22064153B14409781546574",1,106914.713121061,106914.713121061,11.579786721977
"131","22064153B14641047530321",1,4607.59337722139,4607.59337722139,8.43546095569161
"132","22064153B15158621762451",1,3498.24956069915,3498.24956069915,8.1600179968585
"133","22064153B15237000314247",1,4087.69511259733,4087.69511259733,8.31573654803504
"134","22064153B15248099417356",1,2036.12687718097,2036.12687718097,7.61880469261532
"135","22064153B15321782044758",1,1705.95652238707,1705.95652238707,7.44188124260792
"136","22064153B15329717394060",1,58935.5047124111,58935.5047124111,10.9841989845064
"137","22064153B15346425233004",1,51795.1770036387,51795.1770036387,10.8550523158749
"138","22064153B15364293597369",1,73612.690181103,73612.690181103,11.2065727107931
"139","22064153B15402468552112",1,30135.6339264764,30135.6339264764,10.3134636019154
"140","22064153B15406111844598",1,9946.63782010611,9946.63782010611,9.204989865522
"141","22064153B15413497607030",1,11103.2307586635,11103.2307586635,9.31499140428993
"142","22064153B15500594562934",1,22949.4122338571,22949.4122338571,10.0410476044355
"143","22064153B15714680533513",1,83413.4856186529,83413.4856186529,11.3315652733405
"144","22064153B1576921955547",1,121562.049578994,121562.049578994,11.7081801075253
"145","22064153B16137538167455",1,10681.5826376432,10681.5826376432,9.27627628858081
"146","22064153B16169261548901",1,4554.4658533583,4554.4658533583,8.4238635368153
"147","22064153B1618089964650",1,89921.1258924598,89921.1258924598,11.4066881860952
"148","22064153B16264764307082",2,122464.101766684,244928.203533368,12.4087203997777
"149","22064153B16301749391427",1,101978.968815754,101978.968815754,11.5325218829259
"150","22064153B16416910808927",1,163942.915027717,163942.915027717,12.0072735671135
"151","22064153B16459031557594",2,739051.013753935,1478102.02750787,14.2062694088979
"152","22064153B16472104191688",1,13572.7402506044,13572.7402506044,9.51581866690158
"153","22064153B16569113596510",1,6670.46269932684,6670.46269932684,8.80544450671759
"154","22064153B1700256392599",1,7877.51611404633,7877.51611404633,8.97176791920805
"155","22064153B17092575420538",1,34606.6150842307,34606.6150842307,10.4518001301773
"156","22064153B17110513567738",1,12011.8203299606,12011.8203299606,9.39364647144562
"157","22064153B17402484703457",3,6803.31633754018,20409.9490126205,9.92377775764401
"158","22064153B17451481377922",1,54006.7080692491,54006.7080692491,10.8968635413359
"159","22064153B1746305161850",1,32770.0468998078,32770.0468998078,10.397270172873
"160","22064153B17594552103117",1,56113.5806276802,56113.5806276802,10.9351331411392
"161","22064153B17622592602982",1,4226.36003227563,4226.36003227563,8.34909638912255
"162","22064153B17640645318479",2,3102.75406061178,6205.50812122356,8.73319258328253
"163","22064153B17826218371858",1,242403.769970054,242403.769970054,12.3983600857381
"164","22064153B17837685410242",1,4526.52640892833,4526.52640892833,8.41771012719171
"165","22064153B17932497232001",2,62522.871024352,125045.742048704,11.7364348857357
"166","22064153B18010041411640",1,11243.9048141705,11243.9048141705,9.32758146651305
"167","22064153B18037782605293",1,53603.2598138299,53603.2598138299,10.8893651626318
"168","22064153B18113845345170",1,164770.232104897,164770.232104897,12.0123072497104
"169","22064153B18197472399049",1,247695.360506818,247695.360506818,12.4199548850106
"170","22064153B18309118681649",1,16463.3854548072,16463.3854548072,9.70889413077411
"171","22064153B18443780619579",2,14472.8350032544,28945.6700065088,10.2731759038185
"172","22064153B18476481818662",1,6314.24121899652,6314.24121899652,8.75056287222039
"173","22064153B18479522971761",1,654345.353599372,654345.353599372,13.3913905546704
"174","22064153B18510229019860",1,7758.57869973238,7758.57869973238,8.95655443915095
"175","22064153B18541020859979",1,40432.5636023881,40432.5636023881,10.6073907690438
"176","22064153B18585174510843",1,34478.1677184387,34478.1677184387,10.4480815829491
"177","22064153B18725311091842",1,271062.055015901,271062.055015901,12.5101030589472
"178","22064153B18822058190622",1,7156.22590495016,7156.22590495016,8.87573801273712
"179","22064153B18981391951778",2,10400.207842022,20800.415684044,9.94272825029952
"180","22064153B19116581600045",1,264688.529186909,264688.529186909,12.4863090521304
"181","22064153B19125244688726",1,412142.424605416,412142.424605416,12.9291242593842
"182","22064153B19171708056014",1,35351.2696956262,35351.2696956262,10.4730895885192
"183","22064153B19332172900276",1,60920.5773374931,60920.5773374931,11.0173262839421
"184","22064153B19404158136768",3,12556.0095830095,37668.0287490285,10.5365669698512
"185","22064153B19491219462886",1,50825.5743974253,50825.5743974253,10.8361549399069
"186","22064153B19507094368728",1,7979.46980064376,7979.46980064376,8.98462724721447
"187","22064153B1959164331993",1,28326.0084197007,28326.0084197007,10.2515356870171
"188","22064153B19633670255011",1,181310.905972643,181310.905972643,12.107968549223
"189","22064153B20112956451443",1,7049.85235149207,7049.85235149207,8.86076195253623
"190","22064153B20160481648260",1,1808382.33948201,1808382.33948201,14.4079432685299
"191","22064153B20320475703168",1,23865.512920572,23865.512920572,10.0801897217953
"192","22064153B20439234355907",1,59718.678869916,59718.678869916,10.9974001293374
"193","22064153B20561547586308",1,10736.1847733194,10736.1847733194,9.28137506969296
"194","22064153B20607189577313",2,11468.4853051192,22936.9706102384,10.040505324868
"195","22064153B20726542801588",1,9875.34177163006,9875.34177163006,9.19779619895574
"196","22064153B20891786308722",2,36248.7000292303,72497.4000584606,11.1913059789371
"197","22064153B20936499562813",1,65427.4238590767,65427.4238590767,11.0886967746154
"198","22064153B20986912902018",1,55087.3690282246,55087.3690282246,10.9166757316248
"199","22064153B21018855363784",1,1709.20483638036,1709.20483638036,7.44378353338227
"200","22064153B21038809643944",1,15435.3747421858,15435.3747421858,9.64441721537077
"201","22064153B21124327630561",1,41003.7889949639,41003.7889949639,10.6214197559278
"202","22064153B21146953182843",1,20972.3789623912,20972.3789623912,9.95096156345055
"203","22064153B21150807088610",1,38022.4851453699,38022.4851453699,10.5459329780665
"204","22064153B21224542742547",1,18355.550074097,18355.550074097,9.81768726410607
"205","22064153B2132252923317",2,24165.4231099826,48330.8462199652,10.7858252738927
"206","22064153B21330820256622",1,17505.0423491293,17505.0423491293,9.77024425264487
"207","22064153B21418638291073",1,12986.1511821758,12986.1511821758,9.47163877493627
"208","22064153B21463927954199",2,88976.1139324672,177952.227864934,12.0892704104719
"209","22064153B21468669116940",1,79370.3011851557,79370.3011851557,11.2818795367754
"210","22064153B21496575286327",1,35647.3735237125,35647.3735237125,10.4814307491792
"211","22064153B21529335846532",3,9121.27233160575,27363.8169948173,10.2169768720504
"212","22064153B21627928533987",1,23193.8570218304,23193.8570218304,10.0516427390513
"213","22064153B21781575553931",1,97272.1908807076,97272.1908807076,11.485268419314
"214","22064153B21881953859573",1,412945.354294793,412945.354294793,12.9310705491327
"215","22064153B21914755064517",3,46228.1764875535,138684.52946266,11.8399570605193
"216","22064153B21986481545696",1,44979.5134899414,44979.5134899414,10.713962409313
"217","22064153B22010426085653",1,2241.31891970967,2241.31891970967,7.71481977501417
"218","22064153B2210274470223",1,12317.2378128474,12317.2378128474,9.4187550084475
"219","22064153B22111041587368",1,11668.2568284373,11668.2568284373,9.36462734209584
"220","22064153B22167023977783",1,79506.7845132935,79506.7845132935,11.283597636791
"221","22064153B22404901625877",1,48747.6131782517,48747.6131782517,10.7944115147813
"222","22064153B22863459733327",1,44286.3608693859,44286.3608693859,10.6984320275759
"223","22064153B22998678840309",2,12106.241602416,24212.483204832,10.0946236140581
"224","22064153B2319717856826",2,13373.1169293494,26746.2338586988,10.1941489520832
"225","22064153B23217272115075",1,41191.6824909668,41191.6824909668,10.6259916336696
"226","22064153B23604692839196",2,15621.1296780817,31242.2593561634,10.3495269238789
"227","22064153B23745136254640",1,178827.141514642,178827.141514642,12.0941749283817
"228","22064153B23867654552053",1,14777.7092485537,14777.7092485537,9.600875192541
"229","22064153B23879423585908",1,14653.5888950213,14653.5888950213,9.59244056021292
"230","22064153B23991641947742",1,192613.556750508,192613.556750508,12.1684411639817
"231","22064153B24090934315492",1,4911.09291567044,4911.09291567044,8.49925178576872
"232","22064153B2410196195424",1,10705.8547154063,10705.8547154063,9.2785460404714
"233","22064153B24156704144787",1,8749.21277730882,8749.21277730882,9.07671900699671
"234","22064153B24324307757053",1,197993.550635486,197993.550635486,12.1959897365981
"235","22064153B24327518891099",1,139098.329600902,139098.329600902,11.842936369219
"236","22064153B2446826655857",1,84547.6947431317,84547.6947431317,11.3450710889418
"237","22064153B24536315802693",1,160022.175709874,160022.175709874,11.9830676827988
"238","22064153B24782157370501",1,81803.3961294019,81803.3961294019,11.3120740392034
"239","22064153B24827432296483",1,140617.579970549,140617.579970549,11.8537992858948
"240","22064153B24851023127688",1,69269.2287460833,69269.2287460833,11.1457560569296
"241","22064153B24985865314901",1,1613128.52442622,1613128.52442622,14.2936860342965
"242","22064153B25042190901764",2,563857.081877317,1127714.16375463,13.935703278002
"243","22064153B25117865605166",1,40710.0738614049,40710.0738614049,10.6142308558261
"244","22064153B25240716524083",2,2856.73303952346,5713.46607904692,8.65058113758602
"245","22064153B25274509403754",1,143812.002895321,143812.002895321,11.8762621901551
"246","22064153B25382009967091",1,31202.8973837069,31202.8973837069,10.3482662343483
"247","22064153B25426286383634",1,5921.99023787924,5921.99023787924,8.6864278602102
"248","22064153B25439030249227",1,8909.95997826963,8909.95997826963,9.09492502867807
"249","22064153B25569633235651",1,88191.746656285,88191.746656285,11.3872686622909
"250","22064153B25668755078599",1,38987.7182713401,38987.7182713401,10.5710019593958
"251","22064153B26076067737587",1,36431.399322337,36431.399322337,10.5031863005286
"252","22064153B26204351532863",1,107290.104978307,107290.104978307,11.5832917060841
"253","22064153B2623770639583",1,33569.2583179829,33569.2583179829,10.421365996134
"254","22064153B26243303203029",1,10432.461186339,10432.461186339,9.25267749200242
"255","22064153B264024805379",1,48430.2444384523,48430.2444384523,10.7878797826373
"256","22064153B26413774655735",1,84963.252109076,84963.252109076,11.3499741138632
"257","22064153B26463696706835",1,173976.838596522,173976.838596522,12.0666774578223
"258","22064153B26595791524723",1,159687.845854739,159687.845854739,11.9809762252001
"259","22064153B26661145575054",1,53843.8573062749,53843.8573062749,10.8938436056281
"260","22064153B26672672151559",2,5232.81209950044,10465.6241990009,9.25585127944637
"261","22064153B26773121701856",1,39668.2588280716,39668.2588280716,10.5883066211428
"262","22064153B26924912794053",1,4343.89868297115,4343.89868297115,8.37652753790051
"263","22064153B27005462697609",2,69800.8639958513,139601.727991703,11.8465488473979
"264","22064153B2702411680064",1,136841.460249919,136841.460249919,11.8265783102559
"265","22064153B27046387100615",1,42054.3685743791,42054.3685743791,10.646718550002
"266","22064153B2722132887235",2,7006.55340329059,14013.1068065812,9.54774837110515
"267","22064153B27289126175617",1,10593.7490420766,10593.7490420766,9.26801939313941
"268","22064153B27349531519985",1,123190.850396165,123190.850396165,11.7214900610588
"269","22064153B27631691114886",2,12433.9172853977,24867.8345707954,10.1213304630748
"270","22064153B27637415608592",2,8184.94563318169,16369.8912663634,9.70319902809287
"271","22064153B27657139570827",1,106072.39418292,106072.39418292,11.5718771039702
"272","22064153B27762332852443",1,12686.3394633082,12686.3394633082,9.44828106072817
"273","22064153B27870068763569",3,17051.2724718995,51153.8174156985,10.8425924003779
"274","22064153B27936475019673",1,6432.37724518693,6432.37724518693,8.76909946044282
"275","22064153B28097279144094",3,187259.834655111,561779.503965333,13.238864710191
"276","22064153B28150220320962",1,882.107308445271,882.107308445271,6.78231371351015
"277","22064153B28200881155358",1,14624.766811355,14624.766811355,9.59047172745021
"278","22064153B28331596269752",1,99127.9713226501,99127.9713226501,11.5041669340001
"279","22064153B28508352708384",1,54997.3633716128,54997.3633716128,10.9150405243676
"280","22064153B2860073541487",1,8633.5146221265,8633.5146221265,9.06340695750096
"281","22064153B29022768014976",1,31759.4111924751,31759.4111924751,10.3659443759095
"282","22064153B29029874333324",1,40371.172162054,40371.172162054,10.6058712488987
"283","22064153B29179737200672",1,41507.3939075447,41507.3939075447,10.6336268567959
"284","22064153B2920977635331",1,12351.4549495214,12351.4549495214,9.42152914479495
"285","22064153B29244799802442",1,3326.64638917482,3326.64638917482,8.10971998518039
"286","22064153B29354983880781",1,100264.638901793,100264.638901793,11.5155683584664
"287","22064153B29481673904994",1,7158.89049860282,7158.89049860282,8.87611028965172
"288","22064153B29529124372788",1,88735.0817912782,88735.0817912782,11.3934106007159
"289","22064153B29541790734430",1,135544.288166536,135544.288166536,11.8170537158356
"290","22064153B29546995606208",1,40776.6125105802,40776.6125105802,10.6158639732574
"291","22064153B29701758489760",1,64466.1941737273,64466.1941737273,11.0738962440467
"292","22064153B298158602474",1,6019.77180409521,6019.77180409521,8.70280463128793
"293","22064153B29893282242980",2,11774.9879594,23549.9759188,10.0668800768878
"294","22064153B30058273208400",1,75629.0159247553,75629.0159247553,11.2335952970605
"295","22064153B30086215465497",1,71421.0504089813,71421.0504089813,11.1763479285309
"296","22064153B30375928590829",1,29127.9961181023,29127.9961181023,10.2794550565849
"297","22064153B30432270495602",2,27749.925209211,55499.850418422,10.9241356045673
"298","22064153B30552357265418",1,348435.293278439,348435.293278439,12.7612078198587
"299","22064153B30582374301374",1,50482.8429914103,50482.8429914103,10.8293888147935
"300","22064153B30625233243143",1,36168.317985153,36168.317985153,10.4959388208279
"301","22064153B30638579191520",1,14664.8532148005,14664.8532148005,9.59320897214226
"302","22064153B30804489100956",1,8308.09387529799,8308.09387529799,9.02498548431806
"303","22064153B30862547223032",1,10384.5690289197,10384.5690289197,9.24807623606726
"304","22064153B31013073138008",1,19111.6685350155,19111.6685350155,9.85805434556389
"305","22064153B3116190270971",1,33414.4609169662,33414.4609169662,10.4167440468498
"306","22064153B31188277470964",1,71471.2364139455,71471.2364139455,11.1770503598258
"307","22064153B31214056666647",1,42508.0095183079,42508.0095183079,10.6574477964106
"308","22064153B3166560830766",1,32487.3669503603,32487.3669503603,10.3886065835311
"309","22064153B31740709740482",1,3525.31566860761,3525.31566860761,8.16772526261493
"310","22064153B3183169293833",1,17822.9505166893,17822.9505166893,9.78824226064617
"311","22064153B31840797679086",1,6681.32923359604,6681.32923359604,8.80707223380067
"312","22064153B31988030206411",1,56455.4142811128,56455.4142811128,10.9412064778414
"313","22064153B32207594646608",2,22386.2384303962,44772.4768607924,10.7093488738233
"314","22064153B32275043868234",1,17554.2925699461,17554.2925699461,9.77305378986666
"315","22064153B32431944472623",2,1702.61573654746,3405.23147309492,8.13306819662398
"316","22064153B32453256362792",3,13369.5040569613,40108.5121708839,10.5993438643559
"317","22064153B3260295763556",1,44498.6644996988,44498.6644996988,10.7032144564613
"318","22064153B32663760346389",2,61076.6921149606,122153.384229921,11.7130327818274
"319","22064153B32879665089708",2,22668.4400118618,45336.8800237236,10.7218761088072
"320","22064153B33022261417007",1,36230.8591349951,36230.8591349951,10.4976664969669
"321","22064153B33141511613521",2,18331.5854210811,36663.1708421622,10.5095280108929
"322","22064153B33206929848815",1,7232.3602001028,7232.3602001028,8.88632070726186
"323","22064153B33402705241691",1,45183.3505459158,45183.3505459158,10.7184839472084
"324","22064153B33436919021908",1,37473.6514272478,37473.6514272478,10.5313933363926
"325","22064153B33572200276184",1,1485.13777721757,1485.13777721757,7.30326282620416
"326","22064153B33921572198120",1,423691.559169525,423691.559169525,12.9567610147016
"327","22064153B34040936998184",1,44660.3240092253,44660.3240092253,10.7068407803885
"328","22064153B34173315549622",1,18954.2024232836,18954.2024232836,9.84978094968629
"329","22064153B34193146717315",1,74145.4950985505,74145.4950985505,11.2137845918237
"330","22064153B34229226039392",1,3090.27332520683,3090.27332520683,8.03601482073939
"331","22064153B34267563622194",1,340473.088136286,340473.088136286,12.7380913651377
"332","22064153B34371075767186",1,51874.2538601824,51874.2538601824,10.8565778740114
"333","22064153B34425405263494",1,38297.7655514783,38297.7655514783,10.5531468327744
"334","22064153B34645070246824",1,120392.620341106,120392.620341106,11.6985135171304
"335","22064153B34841335570745",3,122642.045825469,367926.137476407,12.8156374836261
"336","22064153B34851227738598",2,22772.4655932783,45544.9311865566,10.7264546162887
"337","22064153B3490214986239",1,19528.6460132418,19528.6460132418,9.87963769290834
"338","22064153B34956601586296",2,4537.59880907736,9075.19761815472,9.11330043500116
"339","22064153B35070175546875",1,510539.896132779,510539.896132779,13.1432240646258
"340","22064153B35070439080278",3,19517.2695464005,58551.8086392015,10.977667259056
"341","22064153B35259922763541",1,2117.10674272108,2117.10674272108,7.65780569155532
"342","22064153B3528434639026",1,40892.7560892371,40892.7560892371,10.618708213612
"343","22064153B35296121445435",1,47289.3019403459,47289.3019403459,10.764039374276
"344","22064153B35477366306356",2,12378.1496153446,24756.2992306892,10.1168352499848
"345","22064153B35633292127249",1,51253.1195607941,51253.1195607941,10.8445317646271
"346","22064153B35670810334421",1,3383.55624342138,3383.55624342138,8.12668257838661
"347","22064153B35820151330939",1,5469.65650734156,5469.65650734156,8.60697109771149
"348","22064153B35835491852984",1,10985.6273034729,10985.6273034729,9.30434308864778
"349","22064153B36124177261104",1,107675.726028355,107675.726028355,11.5868794526751
"350","22064153B36411435837789",1,624232.340049297,624232.340049297,13.3442779178729
"351","22064153B36640851523102",1,87911.5841843431,87911.5841843431,11.3840868632077
"352","22064153B36847259305466",1,98204.1100691399,98204.1100691399,11.4948033475313
"353","22064153B3707797018061",1,133104.882435133,133104.882435133,11.7988926861682
"354","22064153B37300460169028",1,29458.168883206,29458.168883206,10.2907265320498
"355","22064153B37680671510355",1,7528.25898752541,7528.25898752541,8.92641908390476
"356","22064153B37690647476013",1,37523.4996360556,37523.4996360556,10.5327226726525
"357","22064153B37744123028030",1,26337.0016923863,26337.0016923863,10.1787301378532
"358","22064153B37779301391418",1,14825.2210222119,14825.2210222119,9.60408513250433
"359","22064153B37844292168146",1,61988.7323300552,61988.7323300552,11.0347079108991
"360","22064153B37981872501912",1,42496.8578763471,42496.8578763471,10.6571854198581
"361","22064153B37982881195793",1,19082.8528089745,19082.8528089745,9.8565454521156
"362","22064153B38031589003177",1,22659.2869063814,22659.2869063814,10.0283250648186
"363","22064153B3805543078066",1,370886.729941668,370886.729941668,12.8236519848427
"364","22064153B38160356889893",1,28211.3031122326,28211.3031122326,10.2474779962022
"365","22064153B38167262052076",1,74495.5633217533,74495.5633217533,11.2184948498662
"366","22064153B38229059765707",1,20680.962933742,20680.962933742,9.93696889106549
"367","22064153B38516205558719",1,12771.2373818163,12771.2373818163,9.45495084189037
"368","22064153B38567420312382",1,3430.18487684868,3430.18487684868,8.14036943866332
"369","22064153B38748946116024",2,6983.64377700717,13967.2875540143,9.54447327119539
"370","22064153B38779228393345",1,59218.9899513339,59218.9899513339,10.9889975456394
"371","22064153B38860399977783",1,72667.2563534478,72667.2563534478,11.1936461680259
"372","22064153B38947998190164",1,884867.250880821,884867.250880821,13.6931929137344
"373","22064153B39059468846862",1,39562.6597275817,39562.6597275817,10.5856410162264
"374","22064153B39171502191048",2,13171.1973025515,26342.394605103,10.1789348825206
"375","22064153B39248770948024",1,31521.951345082,31521.951345082,10.3584394502117
"376","22064153B3938039280311",1,2782916.73570491,2782916.73570491,14.8390101211617
"377","22064153B39468717619426",1,4113.43714477248,4113.43714477248,8.3220142462619
"378","22064153B39627924903777",1,34552.5519398292,34552.5519398292,10.4502366886918
"379","22064153B39701382279835",1,24219.7015848144,24219.7015848144,10.0949216960078
"380","22064153B3977265494534",1,4379.33630927422,4379.33630927422,8.38465246432607
"381","22064153B39894202763699",1,18097.8515083051,18097.8515083051,9.80354850900976
"382","22064153B39921881538290",1,70894.357524693,70894.357524693,11.1689461257805
"383","22064153B39922172056835",1,419503.049476421,419503.049476421,12.9468260741751
"384","22064153B40043226344788",1,8670.74219399906,8670.74219399906,9.06770967095488
"385","22064153B40136139146839",1,38484.2523922789,38484.2523922789,10.5580044078288
"386","22064153B40173018789364",1,94960.9331636076,94960.9331636076,11.4612208561477
"387","22064153B40278985513053",1,7766.17039157192,7766.17039157192,8.95753245076324
"388","22064153B40400083075761",1,3012.6055079605,3012.6055079605,8.01056060057498
"389","22064153B40414810398193",1,3738.24741128682,3738.24741128682,8.22637217397039
"390","22064153B40416571045397",1,100111.007653528,100111.007653528,11.5140349258261
"391","22064153B4043295129009",1,17353.9362896749,17353.9362896749,9.76157463512824
"392","22064153B40501348045878",1,156015.433918876,156015.433918876,11.9577102167153
"393","22064153B40508197079928",1,28373.5691857559,28373.5691857559,10.2532133283407
"394","22064153B40607991311144",1,230025.002841414,230025.002841414,12.3459432900032
"395","22064153B40775689638766",1,44019.0255059871,44019.0255059871,10.6923772173067
"396","22064153B41096346317753",1,17057.9089467546,17057.9089467546,9.74436924300308
"397","22064153B41154522842822",1,7298.28180971275,7298.28180971275,8.89539423090046
"398","22064153B41206405308946",2,75663.5656528487,151327.131305697,11.9271992049541
"399","22064153B41514672574111",2,21637.7372069286,43275.4744138572,10.675341342754
"400","22064153B41545162624275",1,56873.7418936822,56873.7418936822,10.9485890354579
"401","22064153B41590295384233",1,121164.819569968,121164.819569968,11.704907042907
"402","22064153B417111065512",1,50068.6579210798,50068.6579210798,10.821150500912
"403","22064153B41932272876566",1,63856.2352240625,63856.2352240625,11.064389510946
"404","22064153B42280137563605",2,51138.742235027,102277.484470054,11.5354448345588
"405","22064153B42334403031986",1,20461.9761372429,20461.9761372429,9.92632362023954
"406","22064153B42347188648904",1,249756.711331911,249756.711331911,12.4282425683496
"407","22064153B42694196636738",1,126500.110574358,126500.110574358,11.7479984612549
"408","22064153B4274209582436",1,46239.9698591528,46239.9698591528,10.7415998515111
"409","22064153B42815652831414",1,NA,NA,NA
"410","22064153B4286483496326",2,1649.30159752071,3298.60319504142,8.10125438361888
"411","22064153B42900229299916",1,141411.33894017,141411.33894017,11.8594282197541
"412","22064153B42900259009537",1,129096.652728819,129096.652728819,11.768316648759
"413","22064153B43125554844951",1,34695.9391919832,34695.9391919832,10.4543779329192
"414","22064153B43162211082294",1,95454.9079706823,95454.9079706823,11.4664092471162
"415","22064153B43185436543368",1,114647.242778416,114647.242778416,11.6496152389643
"416","22064153B43232659310460",1,32949.980233649,32949.980233649,10.4027459400412
"417","22064153B43476181465127",1,18963.5847351468,18963.5847351468,9.85027582624728
"418","22064153B43689420545928",1,106050.328086747,106050.328086747,11.5716690536867
"419","22064153B43898079170437",1,166551.945022378,166551.945022378,12.0230625218627
"420","22064153B43904559584393",1,80781.1659872849,80781.1659872849,11.2994991231217
"421","22064153B439820272378",1,61741.7213612475,61741.7213612475,11.0307151784781
"422","22064153B44123473908200",1,86517.5034955416,86517.5034955416,11.3681020249991
"423","22064153B44141300014270",1,15482.046121303,15482.046121303,9.64743631678767
"424","22064153B44315864590380",1,54460.8153827174,54460.8153827174,10.9052367382552
"425","22064153B44317666842318",1,44272.5526415594,44272.5526415594,10.6981201848174
"426","22064153B44386378805197",1,15377.8693640594,15377.8693640594,9.64068470056706
"427","22064153B44542304217365",1,130140.710656738,130140.710656738,11.7763715337436
"428","22064153B44542802774302",1,30066.1120226477,30066.1120226477,10.3111539700721
"429","22064153B44549146098758",1,34197.1886670322,34197.1886670322,10.4398987169535
"430","22064153B44553862516969",1,56818.9756590193,56818.9756590193,10.9476256274213
"431","22064153B4475386175158",1,4754.70196292389,4754.70196292389,8.46688929434505
"432","22064153B44837767609725",1,53916.519849651,53916.519849651,10.8951922006555
"433","22064153B44894866493506",1,32559.3307628904,32559.3307628904,10.39081926594
"434","22064153B44963787773880",2,294516.063270481,589032.126540962,13.2862360053584
"435","22064153B45001558648398",1,123867.121926706,123867.121926706,11.7269646726509
"436","22064153B45091365620199",1,32444.865234666,32444.865234666,10.3872974733917
"437","22064153B45188135537989",2,9712.90012815348,19425.800256307,9.87435737162314
"438","22064153B45421969822613",2,36928.97328266,73857.94656532,11.2098988863049
"439","22064153B45509780052584",1,8337.35302515039,8337.35302515039,9.02850106190063
"440","22064153B45672928552582",1,4096.39445638809,4096.39445638809,8.31786246491165
"441","22064153B4579292300123",1,9349.22160777913,9349.22160777913,9.14304836831231
"442","22064153B45962078920290",1,28298.0526780238,28298.0526780238,10.2505482713
"443","22064153B46097580032507",1,49810.4713388253,49810.4713388253,10.8159805087575
"444","22064153B46179239075141",1,198319.255278833,198319.255278833,12.1976334115529
"445","22064153B46289487434006",1,35430.8904069409,35430.8904069409,10.4753393289843
"446","22064153B46426068444343",1,100577.870067317,100577.870067317,11.5186875329986
"447","22064153B46444356983113",1,10148.9177787505,10148.9177787505,9.22512235600212
"448","22064153B46600625049869",1,87569.1793204842,87569.1793204842,11.3801843807752
"449","22064153B46704511069895",1,2046.09099283021,2046.09099283021,7.62368641904671
"450","22064153B46807653083164",1,86130.8345112209,86130.8345112209,11.363622750709
"451","22064153B4700189189865",1,17270.1893586511,17270.1893586511,9.75673713568114
"452","22064153B47088094291136",2,43502.6104099721,87005.2208199442,11.3737234052609
"453","22064153B47110066124982",1,22539.1305386728,22539.1305386728,10.0230082127004
"454","22064153B47141697781340",1,75809.3668674766,75809.3668674766,11.2359771374455
"455","22064153B47270255422143",1,33071.0607673043,33071.0607673043,10.4064138818843
"456","22064153B47377223297779",1,48386.9030128706,48386.9030128706,10.7869844571786
"457","22064153B47508893912930",1,424820.880050049,424820.880050049,12.9594229003621
"458","22064153B47665726673429",1,26891.7744257013,26891.7744257013,10.1995757353975
"459","22064153B47816981782477",1,6839.13660399707,6839.13660399707,8.83041677516343
"460","22064153B47905717209978",1,143002.633709909,143002.633709909,11.8706183266243
"461","22064153B47985746370691",1,363540.561023069,363540.561023069,12.8036461543883
"462","22064153B48059482980688",1,25176.3389855767,25176.3389855767,10.1336599032857
"463","22064153B48077040474563",1,10983.5316201262,10983.5316201262,9.30415230452534
"464","22064153B48078065447549",1,37452.5330212037,37452.5330212037,10.5308296240734
"465","22064153B48122018052032",2,2310.48635966277,4620.97271932554,8.43836050722279
"466","22064153B48327454678356",1,2408.10950556642,2408.10950556642,7.78659728112828
"467","22064153B48335058983319",1,20131.5068439685,20131.5068439685,9.91004137146908
"468","22064153B48657370827340",1,18884.0138107633,18884.0138107633,9.84607101301326
"469","22064153B48721476653165",1,43825.5270618885,43825.5270618885,10.6879717362291
"470","22064153B48912941109892",1,8010.68302734062,8010.68302734062,8.98853130825476
"471","22064153B4914866611049",1,46588.59656714,46588.59656714,10.749111081308
"472","22064153B49253931002117",1,16842.0242783249,16842.0242783249,9.73163248712345
"473","22064153B49276333720668",2,330.474952216239,660.949904432478,6.49367804943425
"474","22064153B49277227172137",1,82789.5016458852,82789.5016458852,11.3240565406182
"475","22064153B49312445085348",1,98383.4956702476,98383.4956702476,11.4966283420442
"476","22064153B49332133216628",1,111365.208378855,111365.208378855,11.620570245118
"477","22064153B49463322888334",1,2503.67350666475,2503.67350666475,7.82551433500648
"478","22064153B49599067230525",2,4473.93008479369,8947.86016958738,9.09916969548606
"479","22064153B49774886462778",1,76140.396581954,76140.396581954,11.2403342385118
"480","22064153B49787439421636",1,113643.70221524,113643.70221524,11.6408234138891
"481","22064153B49930616683210",1,30708.2017356372,30708.2017356372,10.3322850554077
"482","22064153B50045413715781",2,1175.02947788866,2350.05895577732,7.76219569438833
"483","22064153B50130441477952",2,22880.6781776165,45761.356355233,10.7311952662445
"484","22064153B50136100430042",1,152275.651075183,152275.651075183,11.9334476513493
"485","22064153B50147384366789",1,43998.0996511718,43998.0996511718,10.6919017222216
"486","22064153B5017288321656",1,17824.9385718797,17824.9385718797,9.7883537990987
"487","22064153B50417144579003",1,119542.786400527,119542.786400527,11.6914296314635
"488","22064153B5049217711544",1,592.307849262034,592.307849262034,6.38402651536805
"489","22064153B51289193141424",1,10646.4023681189,10646.4023681189,9.2729773082579
"490","22064153B51420190401517",1,2148.69472317145,2148.69472317145,7.67261583125689
"491","22064153B5152282240918",1,7024.3961031065,7024.3961031065,8.85714452653623
"492","22064153B51662529993673",1,3894.90392395484,3894.90392395484,8.26742429149352
"493","22064153B51668010168839",1,280395.836261696,280395.836261696,12.5439575847516
"494","22064153B51825841674851",1,14668.1727271459,14668.1727271459,9.59343530490221
"495","22064153B51830778550704",1,101613.35401536,101613.35401536,11.5289302426485
"496","22064153B52241055716439",1,60587.6350712714,60587.6350712714,11.0118461095099
"497","22064153B52291408422766",1,10355.3896914963,10355.3896914963,9.2452624062936
"498","22064153B52472433648563",1,14790.0955471561,14790.0955471561,9.60171301593794
"499","22064153B52477902075398",1,71912.3509956933,71912.3509956933,11.1832033091471
"500","22064153B52633464961485",1,213153.540848653,213153.540848653,12.2697680340594
"501","22064153B5267804533831",1,9906.44400369248,9906.44400369248,9.20094073383689
"502","22064153B52753140489458",1,245481.825501995,245481.825501995,12.4109781929345
"503","22064153B52779450509200",1,8308.5217660815,8308.5217660815,9.02503698587443
"504","22064153B52803081317924",1,31065.7992970914,31065.7992970914,10.3438627919943
"505","22064153B52807334216940",1,47346.961584192,47346.961584192,10.7652579272668
"506","22064153B52841590037267",1,24150.8645526339,24150.8645526339,10.0920754577208
"507","22064153B52868042497281",1,91168.7028184989,91168.7028184989,11.420466946316
"508","22064153B52893965353266",1,NA,NA,NA
"509","22064153B52899597387613",1,12708.0035412369,12708.0035412369,9.44998727405138
"510","22064153B53002187512045",2,22585.8623106008,45171.7246212016,10.7182266085973
"511","22064153B53034253556310",1,96928.8674402423,96928.8674402423,11.4817326631126
"512","22064153B53381701384867",1,1929.38258049039,1929.38258049039,7.56495532423627
"513","22064153B53393989117079",2,5846.93223555313,11693.8644711063,9.36681957905894
"514","22064153B53533855614877",1,162304.288375916,162304.288375916,11.9972281756793
"515","22064153B53739410644447",1,18161.8478897768,18161.8478897768,9.80707840302347
"516","22064153B53816838639023",2,63612.881105539,127225.762211078,11.7537184424871
"517","22064153B53997811528221",1,9414.48703430524,9414.48703430524,9.15000495573072
"518","22064153B54176824211847",1,4265.42525870877,4265.42525870877,8.35829716391385
"519","22064153B54195115998574",1,13935.2252037049,13935.2252037049,9.54217510079765
"520","22064153B54201279846149",1,6099.98385760045,6099.98385760045,8.71604140386289
"521","22064153B54270766590260",1,83967.574436161,83967.574436161,11.338185984684
"522","22064153B54328590224994",1,6494.21911653691,6494.21911653691,8.7786676934759
"523","22064153B54493928872719",1,56233.5083258801,56233.5083258801,10.9372680917618
"524","22064153B54635082172523",1,15213.3674030779,15213.3674030779,9.62992975477151
"525","22064153B54657262199971",1,33201.7108954748,33201.7108954748,10.410356686573
"526","22064153B54713047474060",1,7200.4037577521,7200.4037577521,8.88189238089743
"527","22064153B54964059777248",1,24823.6725663659,24823.6725663659,10.1195530158368
"528","22064153B5531323380958",1,1385617.30822227,1385617.30822227,14.1416563082122
"529","22064153B55351511475413",1,67084.2739831609,67084.2739831609,11.1137049286236
"530","22064153B5541969291593",1,11941.8085658608,11941.8085658608,9.38780084665361
"531","22064153B55493173352162",2,19625.2147680792,39250.4295361584,10.5777176667471
"532","22064153B55696485794579",1,1045.0654225432,1045.0654225432,6.95183476774378
"533","22064153B55931345507884",1,93391.2897153914,93391.2897153914,11.444553362003
"534","22064153B55971315986708",2,4880.16455307281,9760.32910614562,9.1860813987306
"535","22064153B5606212103523",1,4773.59774725248,4773.59774725248,8.47085554428981
"536","22064153B56106555282703",3,143406.504995115,430219.514985345,12.9720508573749
"537","22064153B56325145349456",1,32472.7283264722,32472.7283264722,10.3881558876363
"538","22064153B56360165329958",1,51585.8981589752,51585.8981589752,10.851003622626
"539","22064153B5639303990614",2,163.8479905972,327.6959811944,5.7920862919567
"540","22064153B56453933156729",1,79015.5042474315,79015.5042474315,11.27739936849
"541","22064153B56467377786107",1,11864.7069792266,11864.7069792266,9.38132347233453
"542","22064153B56572969434164",1,38197.1885195468,38197.1885195468,10.5505171929214
"543","22064153B56938477027476",1,10444.8509702882,10444.8509702882,9.25386440584562
"544","22064153B56972160606638",1,2457.88035192581,2457.88035192581,7.80705461193788
"545","22064153B56990836800595",1,213425.525114131,213425.525114131,12.2710432222908
"546","22064153B57190407441885",1,8226.43046704616,8226.43046704616,9.01510747747787
"547","22064153B57425006507818",1,1599373.09585969,1599373.09585969,14.2851222953427
"548","22064153B57554253448105",1,1510.38336670172,1510.38336670172,7.3201187828185
"549","22064153B57637751083346",1,1863.99003993699,1863.99003993699,7.53047465184982
"550","22064153B57698371148493",1,7628.91093560865,7628.91093560865,8.93970037957047
"551","22064153B57763514697313",1,34973.9029083363,34973.9029083363,10.46235743116
"552","22064153B57801992155462",1,228730.862941531,228730.862941531,12.3403013203661
"553","22064153B57896694451609",2,43093.2674959204,86186.5349918408,11.3642692378591
"554","22064153B57923514267215",1,7016.81452200621,7016.81452200621,8.85606462224029
"555","22064153B5819975327596",1,14845.973416879,14845.973416879,9.60548395708442
"556","22064153B58215996136290",1,482720.7522541,482720.7522541,13.087193612757
"557","22064153B58231040039933",1,28261.190340808,28261.190340808,10.2492447763992
"558","22064153B58264224873440",1,13045.518521351,13045.518521351,9.4761999454471
"559","22064153B58377090478857",1,69781.4099687133,69781.4099687133,11.1531229204511
"560","22064153B58412342930538",1,115360.736851891,115360.736851891,11.6558193399107
"561","22064153B58604351029537",1,5503.75341736478,5503.75341736478,8.61318557798547
"562","22064153B58604359229112",1,15592.5069583758,15592.5069583758,9.65454575466446
"563","22064153B58621167796121",3,37721.8174064013,113165.452219204,11.6366062057607
"564","22064153B58761955320799",1,17345.7720574118,17345.7720574118,9.76110407022711
"565","22064153B58787616490408",2,27703.6380024849,55407.2760049698,10.9224661999414
"566","22064153B58928205078712",1,10570.5667518751,10570.5667518751,9.2658286963365
"567","22064153B5894955463903",1,18649.0411660443,18649.0411660443,9.83355001174197
"568","22064153B59005328689415",1,216509.636384549,216509.636384549,12.2853903352935
"569","22064153B59114684623120",1,107410.559098411,107410.559098411,11.5844137718519
"570","22064153B59189625394828",1,12331.2988770781,12331.2988770781,9.41989593343894
"571","22064153B59364023659403",1,28527.5354728522,28527.5354728522,10.2586250567697
"572","22064153B5950324807443",1,81109.1946293617,81109.1946293617,11.303551607652
"573","22064153B59694701296815",1,27754.670507467,27754.670507467,10.231159411588
"574","22064153B59718071460556",1,14969.3008813936,14969.3008813936,9.61375677501342
"575","22064153B60195592260119",1,24725.0670193212,24725.0670193212,10.1155728670766
"576","22064153B60305206630690",1,111323.69953597,111323.69953597,11.6201974484327
"577","22064153B60310534251699",1,9902.17575011778,9902.17575011778,9.20050978471536
"578","22064153B60374785593421",1,69393.3223056704,69393.3223056704,11.147545921486
"579","22064153B60540012238661",1,59336.1395448388,59336.1395448388,10.9909738351872
"580","22064153B60880441829581",1,15142.1601892315,15142.1601892315,9.62523819774027
"581","22064153B61048147512310",1,54475.5237731882,54475.5237731882,10.9055067746943
"582","22064153B61213319374873",1,5926.17226771221,5926.17226771221,8.68713379752406
"583","22064153B61345801484335",1,1844.97558055942,1844.97558055942,7.52022132091789
"584","22064153B61399355999235",2,7905.0112506652,15810.0225013304,9.66839935343656
"585","22064153B61544198291555",1,8030.25824162786,8030.25824162786,8.99097196602866
"586","22064153B61546956948147",1,11154.3968062544,11154.3968062544,9.31958903155918
"587","22064153B61629539071583",1,6511.07646548117,6511.07646548117,8.78126007721354
"588","22064153B61853178733261",1,31989.9355008003,31989.9355008003,10.3731766167115
"589","22064153B61862032927901",1,58746.2864228769,58746.2864228769,10.9809832201852
"590","22064153B61865595964656",1,19622.8774499302,19622.8774499302,9.88445138138382
"591","22064153B62115102055201",1,29448.8904694911,29448.8904694911,10.2904115133103
"592","22064153B62146133591188",1,5695.60393517548,5695.60393517548,8.6474499168216
"593","22064153B62287563607588",2,13541.9004065816,27083.8008131632,10.2066910721686
"594","22064153B62305916302195",1,17641.5523100789,17641.5523100789,9.77801232512664
"595","22064153B62612596246944",1,7168.5130192512,7168.5130192512,8.87745352285977
"596","22064153B62616221242635",1,6111.91616170611,6111.91616170611,8.71799561375393
"597","22064153B62672077731580",1,20581.5210636297,20581.5210636297,9.93214891645421
"598","22064153B62697525642711",1,11476.4458099103,11476.4458099103,9.3480520234982
"599","22064153B62717634643612",2,34934.4691410528,69868.9382821056,11.1543764558121
"600","22064153B62820046776985",1,13976.4794255665,13976.4794255665,9.54513115471484
"601","22064153B62822681138687",1,52116.3704737769,52116.3704737769,10.8612343909355
"602","22064153B62984102005508",1,17249.1823191325,17249.1823191325,9.75552001954659
"603","22064153B63033372657903",1,6957.43386731606,6957.43386731606,8.84756598811823
"604","22064153B63068612486986",2,22815.5436574483,45631.0873148966,10.7283445025855
"605","22064153B63121572566835",1,40434.7954075569,40434.7954075569,10.6074459657312
"606","22064153B63261606012237",1,47990.7716102755,47990.7716102755,10.7787640132868
"607","22064153B63344692709050",1,199938.535007978,199938.535007978,12.2057652733361
"608","22064153B63372535615325",1,81145.162052287,81145.162052287,11.3039949538185
"609","22064153B63454017875441",1,18832.4664303236,18832.4664303236,9.84333759715869
"610","22064153B6370182060344",1,113579.128200417,113579.128200417,11.6402550377585
"611","22064153B63784741567602",1,60114.2467028897,60114.2467028897,11.0040021423963
"612","22064153B63840040249051",2,52809.8196411361,105619.639282272,11.5675996110143
"613","22064153B63881976764969",1,57730.2204753131,57730.2204753131,10.9635360671247
"614","22064153B64007643487677",1,20504.2266043143,20504.2266043143,9.9283863196954
"615","22064153B64118294616923",2,46524.1292821075,93048.258564215,11.4408735468412
"616","22064153B64153475656404",1,5021.2246066462,5021.2246066462,8.52142912848295
"617","22064153B6421292379130",1,64171.2756141376,64171.2756141376,11.0693109692152
"618","22064153B64219933693528",1,11115.4870662553,11115.4870662553,9.31609464606396
"619","22064153B64380847796562",1,46739.6102411848,46739.6102411848,10.7523472691874
"620","22064153B64476610605868",1,108357.574555579,108357.574555579,11.5931919127405
"621","22064153B64477662388202",1,17030.7311877471,17030.7311877471,9.74277470801085
"622","22064153B64690480836823",1,3435.5733666548,3435.5733666548,8.14193910969495
"623","22064153B64891765792099",1,36821.4327683106,36821.4327683106,10.5138353668032
"624","22064153B64923077378299",1,66556.7764673709,66556.7764673709,11.1058106438441
"625","22064153B64946776552870",1,51839.5420764676,51839.5420764676,10.8559084975857
"626","22064153B65021908380510",2,20464.2119847555,40928.423969511,10.619580063236
"627","22064153B6517008589479",1,264730.883249854,264730.883249854,12.4864690540572
"628","22064153B6523383930027",1,143475.872700012,143475.872700012,11.8739221655509
"629","22064153B65490065262091",1,15039.3494870819,15039.3494870819,9.61842534437972
"630","22064153B65569101114722",2,5217.75704377219,10435.5140875444,9.25297008399442
"631","22064153B65650039026669",1,70598.9273780279,70598.9273780279,11.1647702304201
"632","22064153B65800581846028",1,11617.9179087225,11617.9179087225,9.36030383265753
"633","22064153B65854996769111",1,31696.9431331191,31696.9431331191,10.3639755240837
"634","22064153B65910039566541",1,76729.8599899944,76729.8599899944,11.24804622046
"635","22064153B66002224145568",1,53533.5332435904,53533.5332435904,10.8880635261334
"636","22064153B66021827430595",2,16444.8978782627,32889.7957565254,10.400917729268
"637","22064153B6613288399563",1,244574.142144886,244574.142144886,12.4072737817855
"638","22064153B66211916307671",1,11371.8046108202,11371.8046108202,9.33889229102112
"639","22064153B66514919549994",1,66792.0852475825,66792.0852475825,11.1093398681873
"640","22064153B66589189313940",1,50959.7863543103,50959.7863543103,10.8387920978179
"641","22064153B66595558459060",1,64570.5621191127,64570.5621191127,11.0755138911597
"642","22064153B66688444605380",1,9745.18534018966,9745.18534018966,9.18452863076436
"643","22064153B6673459285220",1,43232.8680908985,43232.8680908985,10.6743563203811
"644","22064153B6679921489494",1,60794.7950391426,60794.7950391426,11.0152594563809
"645","22064153B66933042170680",1,6385.0839607141,6385.0839607141,8.76171991806133
"646","22064153B670450203879",2,8852.96991634055,17705.9398326811,9.78165544603358
"647","22064153B67052333434032",1,19341.3726203682,19341.3726203682,9.87000173962057
"648","22064153B67146630599686",1,235567.59933988,235567.59933988,12.369753197278
"649","22064153B67163681434847",1,382452.48083438,382452.48083438,12.8543596914184
"650","22064153B67222319597553",1,3509.09827370226,3509.09827370226,8.16311438137579
"651","22064153B67405412802810",1,65473.7062765612,65473.7062765612,11.0894039101362
"652","22064153B67448277745737",1,54136.5679214857,54136.5679214857,10.8992651685007
"653","22064153B67459914812798",1,76667.3135110554,76667.3135110554,11.2472307363024
"654","22064153B67534038156395",1,20803.6033979292,20803.6033979292,9.9428814909701
"655","22064153B67581321748824",1,35990.3257524922,35990.3257524922,10.4910054522267
"656","22064153B67668331145865",1,33358.9762464425,33358.9762464425,10.4150821679455
"657","22064153B68069187412847",2,28509.6398129939,57019.2796259878,10.9511447286792
"658","22064153B68257517894213",1,120630.790314323,120630.790314323,11.700489840095
"659","22064153B6836068570250",1,48599.3300545455,48599.3300545455,10.7913650249077
"660","22064153B68363974409505",1,30296.6373282911,30296.6373282911,10.3187920060745
"661","22064153B68471878713834",1,80213.3877841645,80213.3877841645,11.2924457099005
"662","22064153B68559217227558",1,64793.9682753556,64793.9682753556,11.0789677958375
"663","22064153B68664170623687",1,7421.44663035166,7421.44663035166,8.91212928081774
"664","22064153B68679560851725",1,10687.877619185,10687.877619185,9.27686544541007
"665","22064153B68767322375554",1,14316.0679892795,14316.0679892795,9.56913782105594
"666","22064153B68880016704101",1,26688.4708051379,26688.4708051379,10.1919869460827
"667","22064153B68898090587743",1,16140.148763156,16140.148763156,9.68906515882954
"668","22064153B69011593937576",1,108855.130313737,108855.130313737,11.597773197511
"669","22064153B69084165037525",2,40304.8173595891,80609.6347191782,11.2973734588095
"670","22064153B69171179667980",1,126624.092760727,126624.092760727,11.7489780767532
"671","22064153B69254860271730",1,67890.0658738019,67890.0658738019,11.1256449975972
"672","22064153B6927791471577",1,111963.935547726,111963.935547726,11.6259320943846
"673","22064153B69278152819157",1,37012.4442266737,37012.4442266737,10.5190094655306
"674","22064153B69435349130289",1,26934.8957435852,26934.8957435852,10.2011779644402
"675","22064153B69533754697672",2,65514.9973057489,131029.994611498,11.7831815424744
"676","22064153B6965188213643",2,100457.58676235,200915.1735247,12.2106380756996
"677","22064153B70033185584566",1,11023.1729530666,11023.1729530666,9.3077549680395
"678","22064153B70117244890923",1,99056.0092832663,99056.0092832663,11.5034407194764
"679","22064153B70128836207576",1,14319.8918372899,14319.8918372899,9.56940488722423
"680","22064153B70218534764896",2,18555.0872992311,37110.1745984622,10.5216464589334
"681","22064153B70222679052291",1,3066.17051185827,3066.17051185827,8.02818467166824
"682","22064153B70283581599440",2,1288.17903207859,2576.35806415718,7.85413207762565
"683","22064153B70291693279162",1,64080.4489059289,64080.4489059289,11.0678945871161
"684","22064153B70489840196790",1,11400.2843500972,11400.2843500972,9.3413935770625
"685","22064153B70592042041650",1,31497.5416366513,31497.5416366513,10.3576647784873
"686","22064153B70786941107268",1,23278.9996306301,23278.9996306301,10.0553069297292
"687","22064153B70816441618955",1,27133.8156563276,27133.8156563276,10.2085360391963
"688","22064153B70818220531978",1,18708.8621786621,18708.8621786621,9.83675260387868
"689","22064153B70852556389984",1,22543.7543784045,22543.7543784045,10.0232133388699
"690","22064153B71021754844770",1,40176.5591675496,40176.5591675496,10.6010389992503
"691","22064153B71166838437015",1,23355.3886195384,23355.3886195384,10.0585830124697
"692","22064153B71223857958688",1,32807.3632702279,32807.3632702279,10.3984082591241
"693","22064153B71803232115030",2,56698.3841682464,113396.768336493,11.6386481719552
"694","22064153B71828449311091",2,13781.7949616467,27563.5899232934,10.2242509751096
"695","22064153B72111724673095",1,3418.06943515362,3418.06943515362,8.13683117802555
"696","22064153B72254874224731",1,14203.3437182995,14203.3437182995,9.56123268898959
"697","22064153B72283298086503",1,21899.5658952801,21899.5658952801,9.9942220934748
"698","22064153B72338395356904",1,1478.68953340303,1478.68953340303,7.29891152411204
"699","22064153B72367314810159",1,57728.4594881377,57728.4594881377,10.9635055629274
"700","22064153B72557409137783",1,8170.33442072358,8170.33442072358,9.00826511978543
"701","22064153B7294445238824",1,2356.9878741129,2356.9878741129,7.76513975829536
"702","22064153B73079587251631",1,16899.7808987856,16899.7808987856,9.73505593625822
"703","22064153B73176772627279",1,1770.74670529568,1770.74670529568,7.47915660400553
"704","22064153B7330892838595",1,27519.3152296475,27519.3152296475,10.2226434090941
"705","22064153B73325412364778",1,207620.811315044,207620.811315044,12.2434686724318
"706","22064153B73558398041144",1,8566.07707061847,8566.07707061847,9.05556515540527
"707","22064153B73742017137533",1,265732.502337855,265732.502337855,12.4902454514696
"708","22064153B73781091699116",1,273888.624109265,273888.624109265,12.5204768213812
"709","22064153B73925612476824",1,4571.16060988892,4571.16060988892,8.42752241442173
"710","22064153B74370220833750",1,8067.25535175092,8067.25535175092,8.99556859830372
"711","22064153B74407470913412",1,25670.2088703923,25670.2088703923,10.1530864105829
"712","22064153B74575036682421",1,71688.5799690427,71688.5799690427,11.1800867387144
"713","22064153B74601702876653",1,45327.2634371615,45327.2634371615,10.7216639723169
"714","22064153B7471955547521",1,271244.523961002,271244.523961002,12.5107759954708
"715","22064153B74721517788558",1,11214.6234502949,11214.6234502949,9.3249738708485
"716","22064153B74767559861858",1,23447.4333037808,23447.4333037808,10.0625163138873
"717","22064153B74794903489103",1,10253.3461948815,10253.3461948815,9.23535938932794
"718","22064153B74828925689931",2,2245.88697423805,4491.7739484761,8.41000299145675
"719","22064153B74936950050526",1,9859.4078280283,9859.4078280283,9.19618138778383
"720","22064153B75135560754886",1,28688.7133601236,28688.7133601236,10.2642590616862
"721","22064153B75208844196005",1,8456.07345854871,8456.07345854871,9.04264021466332
"722","22064153B75284693112718",2,4334.06833274098,8668.13666548196,9.06740912920039
"723","22064153B75302360124634",2,5092.05881447748,10184.117628955,9.22858469053925
"724","22064153B75384634569664",1,2143.85504249811,2143.85504249811,7.67036090912985
"725","22064153B7544432194221",1,24768.0591981685,24768.0591981685,10.1173101664935
"726","22064153B75480988210132",1,133294.229825669,133294.229825669,11.8003142181006
"727","22064153B75512617616301",1,20790.8583283587,20790.8583283587,9.94226866563517
"728","22064153B75651828357837",1,43868.8488874555,43868.8488874555,10.6889597546424
"729","22064153B75871799756298",1,36894.8651700758,36894.8651700758,10.5158276650631
"730","22064153B76164610245689",2,20407.8699358019,40815.7398716038,10.6168230671646
"731","22064153B76361063206417",1,18461.5048513816,18461.5048513816,9.82344302431077
"732","22064153B76436938350922",1,32572.8799089671,32572.8799089671,10.3912353164972
"733","22064153B76500099894487",1,1573.57621528786,1573.57621528786,7.36110615212067
"734","22064153B76547591544799",1,13807.2915290165,13807.2915290165,9.532952103274
"735","22064153B76675545591158",1,101175.76824976,101175.76824976,11.5246145629918
"736","22064153B76764932541801",2,3388.70535738981,6777.41071477962,8.8213504075169
"737","22064153B76952907325958",1,48015.0620082438,48015.0620082438,10.7792700325061
"738","22064153B77017765880733",1,7754.7588983697,7754.7588983697,8.95606198529751
"739","22064153B77062639046888",1,4155.72510884379,4155.72510884379,8.33224220682747
"740","22064153B77103081434651",1,7855.10121117655,7855.10121117655,8.96891843554326
"741","22064153B77164119558950",1,5403.25708047762,5403.25708047762,8.59475721377406
"742","22064153B77183996290647",1,26778.6226450501,26778.6226450501,10.1953591856988
"743","22064153B77192546457633",1,19654.7508866709,19654.7508866709,9.88607436347754
"744","22064153B77204613599802",1,11812.0852841789,11812.0852841789,9.37687846296803
"745","22064153B7763811650899",2,86168.7754621216,172337.550924243,12.0572103379712
"746","22064153B77677863466257",2,26462.066362927,52924.132725854,10.8766147090167
"747","22064153B77891400515576",1,1791.89615389703,1791.89615389703,7.49102964202147
"748","22064153B77987793520078",1,3455.42081320157,3455.42081320157,8.14769952710668
"749","22064153B78137445159293",1,18441.7701519024,18441.7701519024,9.82237348772581
"750","22064153B78228861031651",1,178712.634474298,178712.634474298,12.0935344007988
"751","22064153B78317231790134",1,33228.5806419688,33228.5806419688,10.4111656472847
"752","22064153B78382308499165",1,45183.8660592832,45183.8660592832,10.718495356509
"753","22064153B78492538655391",1,9399.01201050054,9399.01201050054,9.14835985746825
"754","22064153B78632499037431",1,80967.0710943525,80967.0710943525,11.3017978212996
"755","22064153B78682541824565",1,10749.7335973865,10749.7335973865,9.28263625161027
"756","22064153B78821925959794",1,5414.15896823985,5414.15896823985,8.59677283218127
"757","22064153B79045995074029",1,79812.0787814825,79812.0787814825,11.2874301351601
"758","22064153B79102680587304",1,26166.8430343903,26166.8430343903,10.1722483552475
"759","22064153B79170440452296",1,8708.1715196846,8708.1715196846,9.07201711895474
"760","22064153B79178271585243",3,9352.1659091394,28056.4977274182,10.2419755321609
"761","22064153B79429110732098",1,47564.4467601051,47564.4467601051,10.7698408443337
"762","22064153B79593541155568",1,38464.0967224535,38464.0967224535,10.5574805325146
"763","22064153B79599851642878",1,69815.5053819233,69815.5053819233,11.1536114042232
"764","22064153B79630920379478",2,57750.9608808427,115501.921761685,11.6570424474349
"765","22064153B79648133913977",1,29300.1769598559,29300.1769598559,10.2853488345724
"766","22064153B79836169988029",1,78261.3147868544,78261.3147868544,11.2678086958642
"767","22064153B80068225568868",2,6953.37679023716,13906.7535804743,9.54012987022148
"768","22064153B80081213273756",1,4788.7296038991,4788.7296038991,8.47402043683567
"769","22064153B80132847299853",1,41356.3871593345,41356.3871593345,10.6299821542871
"770","22064153B80186148009906",1,19056.9708047324,19056.9708047324,9.85518823513016
"771","22064153B80196181684705",1,498076.288453856,498076.288453856,13.1185085339408
"772","22064153B80198673281235",1,57912.7964794024,57912.7964794024,10.9666936491489
"773","22064153B80227837495215",1,26797.4416513789,26797.4416513789,10.1960617011728
"774","22064153B80333600461310",1,21677.5812478807,21677.5812478807,9.98403388327246
"775","22064153B80567954984898",1,70521.2731568185,70521.2731568185,11.1636696901891
"776","22064153B8060646611549",1,37575.4917317948,37575.4917317948,10.5341073012101
"777","22064153B80640640435871",1,1519.19583272404,1519.19583272404,7.32593641642167
"778","22064153B80730466782396",2,2710.30292810908,5420.60585621816,8.59796286977666
"779","22064153B80804439158864",1,6824.77101938794,6824.77101938794,8.82831406921751
"780","22064153B8093767218470",2,3855.9855142925,7711.971028585,8.95052907961644
"781","22064153B80945575612703",1,8601.72135677871,8601.72135677871,9.05971761997767
"782","22064153B80974797471206",1,72607.1500352718,72607.1500352718,11.1928186812978
"783","22064153B81057246302511",2,14776.0932432297,29552.1864864594,10.2939130128705
"784","22064153B81121179767320",1,2063732.41257307,2063732.41257307,14.5400267521078
"785","22064153B81263079942066",1,167759.526898632,167759.526898632,12.0302868454635
"786","22064153B81529275129859",1,79344.4856107019,79344.4856107019,11.2815542290306
"787","22064153B81541803695444",1,311832.758834316,311832.758834316,12.6502222936993
"788","22064153B81595625097237",2,14968.4217816134,29936.8435632268,10.306845227006
"789","22064153B81617663041940",1,85117.7485258367,85117.7485258367,11.3517908536363
"790","22064153B81649499634622",1,5663.29684765122,5663.29684765122,8.64176148353766
"791","22064153B81712763029694",1,12862.3816934407,12862.3816934407,9.46206218231114
"792","22064153B81734370030591",1,6426.98344903089,6426.98344903089,8.76826057014328
"793","22064153B81931446357320",1,43334.5685053426,43334.5685053426,10.6767059443328
"794","22064153B81972245228619",1,15151.6747160684,15151.6747160684,9.62586634714291
"795","22064153B81991171753056",1,7713.44829918375,7713.44829918375,8.95072061678919
"796","22064153B82042887470941",2,63552.8912357856,127105.782471571,11.7527749515917
"797","22064153B82107167810847",1,40575.885622295,40575.885622295,10.6109292189418
"798","22064153B82157551102424",2,4091.24421180055,8182.4884236011,9.00975159159903
"799","22064153B82400996798627",1,8441.2413506855,8441.2413506855,9.04088465623999
"800","22064153B82506873251112",1,11848.1154584746,11848.1154584746,9.37992410087606
"801","22064153B825337930111",2,37711.8046962285,75423.609392457,11.2308756268995
"802","22064153B8255256814498",1,16236.2030861601,16236.2030861601,9.69499878626687
"803","22064153B82556228504312",1,50707.0126942968,50707.0126942968,10.833819497456
"804","22064153B82580623809132",1,69874.5451310405,69874.5451310405,11.1544567006837
"805","22064153B82678654202342",3,11749.2432456225,35247.7297368675,10.4701564015385
"806","22064153B82755239799290",1,4892.29370410565,4892.29370410565,8.4954165326389
"807","22064153B82941082121734",1,6634.27946128513,6634.27946128513,8.80000534422799
"808","22064153B83131458706543",1,137686.245096063,137686.245096063,11.8327327893575
"809","22064153B83223852380108",2,20894.2936866007,41788.5873732014,10.6403785518843
"810","22064153B83234888303578",1,52236.2210055586,52236.2210055586,10.8635314222364
"811","22064153B83500491832850",3,40191.0894460023,120573.268338007,11.7000128831339
"812","22064153B83824745407144",1,8077.34229240207,8077.34229240207,8.99681817320004
"813","22064153B83864123648968",1,28280.013780955,28280.013780955,10.2499106073143
"814","22064153B83906852735077",1,6654.58331768046,6654.58331768046,8.80306111695021
"815","22064153B84142752258378",1,10646.1630943772,10646.1630943772,9.27295483339529
"816","22064153B841709119109",1,12467.3593135713,12467.3593135713,9.43086925310326
"817","22064153B84188692824025",1,13769.5206092669,13769.5206092669,9.53021277697484
"818","22064153B84193742615733",1,10393.2835647722,10393.2835647722,9.24891506542407
"819","22064153B84222059971345",1,24337.5492436099,24337.5492436099,10.0997756730419
"820","22064153B8428470598874",1,7528.32975234653,7528.32975234653,8.92642848375254
"821","22064153B84346031732822",1,48132.9431411065,48132.9431411065,10.7817221102532
"822","22064153B84385819333701",1,18117.1853776304,18117.1853776304,9.8046162351713
"823","22064153B84489488181314",1,21395.7504442459,21395.7504442459,9.97094760391916
"824","22064153B84501483471932",1,65285.0019278696,65285.0019278696,11.0865176093722
"825","22064153B84546796088042",2,18604.1973181287,37208.3946362574,10.5242896770683
"826","22064153B84575638248633",1,92666.848701197,92666.848701197,11.4367660684041
"827","22064153B84897969743305",1,8953.26521274578,8953.26521274578,9.09977357297501
"828","22064153B8491587722438",1,22826.2312287632,22826.2312287632,10.0356656461228
"829","22064153B85033318734621",1,9976.82956933293,9976.82956933293,9.20802064041148
"830","22064153B85044874694323",1,17524.3527491755,17524.3527491755,9.77134677822078
"831","22064153B8508267062616",1,115817.651978892,115817.651978892,11.6597722675549
"832","22064153B85252336705750",1,41330.8203917239,41330.8203917239,10.6293637570964
"833","22064153B85339012018924",1,24498.5695686117,24498.5695686117,10.1063700098737
"834","22064153B85407616611924",1,3379.0084103432,3379.0084103432,8.1253375757148
"835","22064153B85437171259684",1,407415.3290233,407415.3290233,12.9175884085356
"836","22064153B85586917882840",1,19361.7259462245,19361.7259462245,9.87105350697184
"837","22064153B8564356760578",1,23809.1280763486,23809.1280763486,10.0778243187494
"838","22064153B85719531819289",1,42293.1545456736,42293.1545456736,10.6523805208668
"839","22064153B85931137925845",1,93550.8377661196,93550.8377661196,11.4462602869387
"840","22064153B86012482981038",1,76057.549481349,76057.549481349,11.2392455627322
"841","22064153B86120410024942",1,1931.25066253477,1931.25066253477,7.56592308370607
"842","22064153B86338272521773",1,26608.7948332518,26608.7948332518,10.1889970729518
"843","22064153B86372044923469",1,7102.79593145407,7102.79593145407,8.86824377867577
"844","22064153B86498088606166",1,8019.46750355202,8019.46750355202,8.98962730259041
"845","22064153B8665907160310",1,11001.4263018659,11001.4263018659,9.30578020718087
"846","22064153B8666349443712",3,52288.0738061691,156864.221418507,11.9631358784185
"847","22064153B86683000647841",2,13821.8117243936,27643.6234487872,10.227150363674
"848","22064153B86938199510745",1,5504.06957117146,5504.06957117146,8.61324301964439
"849","22064153B87057363105409",1,38289.5780970055,38289.5780970055,10.5529330257897
"850","22064153B87072224192540",1,78020.5680986698,78020.5680986698,11.2647277644834
"851","22064153B87137159672256",2,12737.4970214413,25474.9940428826,10.1454526242492
"852","22064153B87212941126642",1,29162.492884395,29162.492884395,10.2806386723312
"853","22064153B87472284700058",1,14387.2233142065,14387.2233142065,9.57409582186044
"854","22064153B87559658215683",1,213216.599938928,213216.599938928,12.2700638291196
"855","22064153B87562970219481",1,3461.21642576576,3461.21642576576,8.14937537440657
"856","22064153B87695161266591",2,15651.5820638726,31303.1641277452,10.3514744617623
"857","22064153B87793948617144",1,14153.0349787313,14153.0349787313,9.55768436620194
"858","22064153B87911292599012",1,56390.1418619405,56390.1418619405,10.9400496325267
"859","22064153B87980745802810",1,15585.8036281239,15585.8036281239,9.65411575507634
"860","22064153B88045540539043",1,117507.419884492,117507.419884492,11.6742567585257
"861","22064153B8813975202654",3,1371.12798351886,4113.38395055658,8.3220013143614
"862","22064153B88194855037275",1,4379.15880213859,4379.15880213859,8.38461193061944
"863","22064153B88225787488176",1,8570.25703635409,8570.25703635409,9.05605300371546
"864","22064153B88328488927062",1,41822.8274119667,41822.8274119667,10.641197579783
"865","22064153B88498953220491",1,6916.46339950137,6916.46339950137,8.841659848535
"866","22064153B88515969469898",1,10299.7980517265,10299.7980517265,9.23987956739702
"867","22064153B88729606439601",1,41032.4158352163,41032.4158352163,10.6221176634303
"868","22064153B88833417807281",1,3313.69360308922,3313.69360308922,8.1058187383982
"869","22064153B88871529927936",1,114239.367749607,114239.367749607,11.6460512431534
"870","22064153B88888028347521",1,311739.898123607,311739.898123607,12.6499244592438
"871","22064153B88900562252772",1,3828.76523017226,3828.76523017226,8.25029763598361
"872","22064153B88946393629550",1,176186.400322813,176186.400322813,12.0792978063205
"873","22064153B89218276356736",1,6988.70137664705,6988.70137664705,8.85205003494188
"874","22064153B89417284310535",1,8162.10857907018,8162.10857907018,9.00725781887533
"875","22064153B89569754189090",1,2778.93568166445,2778.93568166445,7.92982328505741
"876","22064153B89764256572964",1,8259.79736591407,8259.79736591407,9.01915533424245
"877","22064153B89943083958801",1,369965.537911287,369965.537911287,12.8211651395022
"878","22064153B90058188171402",1,59492.8293511909,59492.8293511909,10.9936110691652
"879","22064153B90109297711492",1,12398.1260748537,12398.1260748537,9.42530061717723
"880","22064153B90377794213847",1,20512.3908549506,20512.3908549506,9.92878441447989
"881","22064153B90465324055614",1,6064.74865996511,6064.74865996511,8.71024837945846
"882","22064153B90488906209418",1,20227.1922651744,20227.1922651744,9.91478312988066
"883","22064153B9051879540232",1,38570.087602878,38570.087602878,10.5602323224695
"884","22064153B90708225439476",1,3598.31519493037,3598.31519493037,8.18822101348913
"885","22064153B90800139718357",1,20157.4189838551,20157.4189838551,9.91132768739471
"886","22064153B9080529541811",1,64888.5200810268,64888.5200810268,11.0804260007752
"887","22064153B9100475302827",1,101099.358340117,101099.358340117,11.5238590582042
"888","22064153B91116498936181",1,11302.3717552868,11302.3717552868,9.33276787252503
"889","22064153B91306965514227",1,36822.4926349713,36822.4926349713,10.5138641503493
"890","22064153B91381447128129",1,6945.34440400327,6945.34440400327,8.84582684416814
"891","22064153B91415931669835",1,88659.7488210984,88659.7488210984,11.3925612752373
"892","22064153B91429451718848",1,78763.6365656486,78763.6365656486,11.2742067044353
"893","22064153B91617146751331",1,15018.7822884719,15018.7822884719,9.61705684935991
"894","22064153B91785979325065",2,62131.023470619,124262.046941238,11.7301478965324
"895","22064153B92040031890076",1,39265.1401750056,39265.1401750056,10.578092385776
"896","22064153B92054695753215",1,5247.91027535213,5247.91027535213,8.56558523355554
"897","22064153B92335026142603",1,9229.05402979953,9229.05402979953,9.13011183359881
"898","22064153B92410380662275",1,60091.2474655699,60091.2474655699,11.0036194770654
"899","22064153B92414295207402",1,14273.3026200855,14273.3026200855,9.56614612168101
"900","22064153B92521276992791",1,30904.6584841484,30904.6584841484,10.3386622115275
"901","22064153B92561466668703",1,10466.192705208,10466.192705208,9.25590559926102
"902","22064153B92569175059493",1,533570.11075815,533570.11075815,13.1873457576934
"903","22064153B92728866184375",1,26531.2415976365,26531.2415976365,10.1860782457968
"904","22064153B92754256682750",2,43201.9722403636,86403.9444807272,11.3667886074622
"905","22064153B92836462541903",1,188697.868387205,188697.868387205,12.1479024349876
"906","22064153B92948543202040",1,17822.0151406074,17822.0151406074,9.78818977771822
"907","22064153B93507806633963",1,15072.7617737711,15072.7617737711,9.62064453785389
"908","22064153B93520564600239",1,15144.2827222855,15144.2827222855,9.62537836164553
"909","22064153B93521388220713",1,30102.4335022543,30102.4335022543,10.31236129472
"910","22064153B93596873224412",1,9932.57762746816,9932.57762746816,9.20357530315966
"911","22064153B93627159122123",1,23888.6030963671,23888.6030963671,10.0811567662941
"912","22064153B93672474053317",1,76871.9472748199,76871.9472748199,11.2498962940741
"913","22064153B93732569204869",1,6161.36399470494,6161.36399470494,8.72605345972791
"914","22064153B93831812640775",2,31345.8910919389,62691.7821838778,11.0459856523833
"915","22064153B93848225384544",1,1232.95385437111,1232.95385437111,7.11716807697422
"916","22064153B93879560819561",1,88707.0569020065,88707.0569020065,11.3930947243439
"917","22064153B94045297720108",1,21909.7208673183,21909.7208673183,9.99468569254114
"918","22064153B94090813781135",1,56858.2834275573,56858.2834275573,10.9483171952937
"919","22064153B94127780812190",1,127183.372436823,127183.372436823,11.7533852015073
"920","22064153B94139662375640",1,27236.3245600747,27236.3245600747,10.2123068231156
"921","22064153B94269242958702",1,1852.02797938743,1852.02797938743,7.5240365227526
"922","22064153B94530132332923",1,43877.0400723716,43877.0400723716,10.6891464570632
"923","22064153B94987744805555",1,8388.3679983231,8388.3679983231,9.03460126305792
"924","22064153B94990135039499",2,17908.31418814,35816.62837628,10.4861675443358
"925","22064153B94993011750115",1,23285.2567608475,23285.2567608475,10.0555756822334
"926","22064153B95466714598134",1,3673.62660794328,3673.62660794328,8.20893462967488
"927","22064153B95595404063006",1,22835.8667940656,22835.8667940656,10.0360876839118
"928","22064153B95660884775900",1,65065.5343479411,65065.5343479411,11.0831502617022
"929","22064153B95702189282228",1,17815.5833175593,17815.5833175593,9.78782882056083
"930","22064153B9578504350076",1,25708.2265283643,25708.2265283643,10.1545663180427
"931","22064153B95834507403925",2,25959.625193106,51919.250386212,10.8574449134119
"932","22064153B95884811797842",1,10972.0646597784,10972.0646597784,9.30310774520258
"933","22064153B96065256406270",1,182727.663792082,182727.663792082,12.1157521473903
"934","22064153B96177150781440",1,43710.1601071556,43710.1601071556,10.6853358507918
"935","22064153B96257795624750",1,22516.2880440153,22516.2880440153,10.0219942393612
"936","22064153B96273885694547",1,1771.64597146377,1771.64597146377,7.47966432083394
"937","22064153B96374809115220",1,79121.6960116418,79121.6960116418,11.2787424020077
"938","22064153B96463446975181",1,771.875488983095,771.875488983095,6.64882325331651
"939","22064153B96659477590424",1,101134.371846023,101134.371846023,11.5242053259235
"940","22064153B96726599318937",1,147055.868941644,147055.868941644,11.8985678543836
"941","22064153B96832433526360",1,34390.722555378,34390.722555378,10.4455421138301
"942","22064153B96898003018692",1,36580.5637265937,36580.5637265937,10.5072723326133
"943","22064153B96973201528361",1,15530.0700947681,15530.0700947681,9.65053342963983
"944","22064153B96974896989466",1,3361.15864009901,3361.15864009901,8.12004102687869
"945","22064153B9698947676101",1,39776.9672652091,39776.9672652091,10.5910433118247
"946","22064153B97059212130214",1,9255.9238887223,9255.9238887223,9.13301904592725
"947","22064153B9735702870104",1,7909.0105386127,7909.0105386127,8.97575796300212
"948","22064153B97366391425501",1,7892.82552237794,7892.82552237794,8.9737094641021
"949","22064153B97453398547374",1,5203.85170017688,5203.85170017688,8.55715434195057
"950","22064153B97624241092160",1,24087.5102611518,24087.5102611518,10.0894487387174
"951","22064153B9766515498802",2,10731.5830647144,21463.1661294288,9.97409354162235
"952","22064153B97962826281308",1,13039.9573243079,13039.9573243079,9.47577356279951
"953","22064153B98039049640163",1,21476.617853181,21476.617853181,9.97472008060064
"954","22064153B98075085075201",1,25225.4998965505,25225.4998965505,10.1356106625299
"955","22064153B98176626481319",1,14286.1100414365,14286.1100414365,9.56704301843175
"956","22064153B98195258641844",1,4520.56760629017,4520.56760629017,8.41639284155506
"957","22064153B98286353198048",3,23649.7474569475,70949.2423708425,11.169720004178
"958","22064153B98470521776341",1,35037.9152226129,35037.9152226129,10.4641860462088
"959","22064153B98846856975373",1,3990.53594822029,3990.53594822029,8.29168082372563
"960","22064153B98871481609914",1,26373.4672447947,26373.4672447947,10.1801137551483
"961","22064153B98951544817880",1,59138.6866277966,59138.6866277966,10.9876405853106
"962","22064153B990494098117",1,314530.091568324,314530.091568324,12.6588350312079
"963","22064153B99641769976782",1,11507.6426957937,11507.6426957937,9.35076667585729
"964","22064153B99823885045557",2,6553.14065713732,13106.2813142746,9.4808468839101
"965","25037944B10597176528862",1,11072.3383852024,11072.3383852024,9.31220523963776
"966","25037944B28786779473224",1,236.673932898575,236.673932898575,5.46668338328429
"967","25037944B36323732446250",1,1732.7760496626,1732.7760496626,7.45748005439601
"968","25037944B57060386363407",1,3062.57122052516,3062.57122052516,8.02701011026426
"969","25037944B65347816419811",1,7848.57707332454,7848.57707332454,8.96808752980141
"970","25037944B77283019061987",1,17282.0361993595,17282.0361993595,9.75742287102706
"971","25037944B87142005071762",1,20029.7967388663,20029.7967388663,9.90497628077344
"972","25037944B93557893838922",1,123164.231777313,123164.231777313,11.7212739614458
"973","25037944B95548638033328",1,2894.81825623978,2894.81825623978,7.9706776095355
"974","2640588B11276327116073",2,1732135.94641375,3464271.8928275,15.0580130365852
"975","2640588B11393510524278",4,170093.383338505,680373.53335402,13.4303972400906
"976","2640588B12869096786612",2,3618150.70860073,7236301.41720146,15.7946207798539
"977","2640588B14186532473464",1,137618.109021375,137618.109021375,11.832237802082
"978","2640588B17055181338626",2,454397.138446799,908794.276893598,13.719874029497
"979","2640588B20595662599865",2,1370408.68123042,2740817.36246084,14.8237667413469
"980","2640588B20861121251971",3,2626990.90501364,7880972.71504092,15.8799618952109
"981","2640588B22535822566030",4,85764.6681105543,343058.672442217,12.7456567682024
"982","2640588B23864872837062",1,10333.8182835242,10333.8182835242,9.2431771243616
"983","2640588B24165862747597",3,49862.2980871522,149586.894261457,11.9156327354808
"984","2640588B2684850326122",3,105253.852878426,315761.558635278,12.6627426464636
"985","2640588B29584406601254",2,1388769.35423979,2777538.70847958,14.8370757368451
"986","2640588B33083527354868",4,669342.187412335,2677368.74964934,14.8003450603637
"987","2640588B36229801410553",2,230428.186828875,460856.37365775,13.040841719548
"988","2640588B36383122170471",1,185955.738328952,185955.738328952,12.1332639584036
"989","2640588B36426397400836",3,1374050.58551535,4122151.75654605,15.231885855996
"990","2640588B43067672764099",2,1275494.3277903,2550988.6555806,14.7519915500661
"991","2640588B43628149657030",2,1583406.36224108,3166812.72448216,14.9682361903597
"992","2640588B45258001695711",2,354958.395637025,709916.79127405,13.4729030467609
"993","2640588B46982966730152",1,1077846.63526633,1077846.63526633,13.8904757524881
"994","2640588B49362051778248",2,383359.99099411,766719.98198822,13.5498769315371
"995","2640588B50881283310688",2,484152.057183947,968304.114367894,13.7833014846538
"996","2640588B50983171828902",1,172801.984362912,172801.984362912,12.0599016188678
"997","2640588B52568839586340",5,814330.440723827,4071652.20361914,15.2195594218798
"998","2640588B57655195310467",2,902046.966009063,1804093.93201813,14.4055690469954
"999","2640588B63294043497895",2,1322739.46081139,2645478.92162278,14.78836267366
"1000","2640588B63893974857560",1,420730.750448831,420730.750448831,12.9497483604392
"1001","2640588B64856500371355",2,1115727.72214328,2231455.44428656,14.6181645961421
"1002","2640588B65314213268917",3,1608217.79433884,4824653.38301652,15.389249452458
"1003","2640588B67488359993346",2,375884.670533311,751769.341066622,13.5301848285765
"1004","2640588B69318666079956",4,402476.870825022,1609907.48330009,14.2916872715208
"1005","2640588B69436428808540",4,98100.2337812243,392400.935124897,12.8800393897615
"1006","2640588B70472166839855",2,1729583.07919966,3459166.15839932,15.0565381233077
"1007","2640588B74898440822212",3,308032.390934817,924097.172804451,13.7365725104671
"1008","2640588B80128813909947",1,885493.252241799,885493.252241799,13.6939001158957
"1009","2640588B8238689001419",2,441122.475733368,882244.951466736,13.6902250191825
"1010","2640588B82697045094820",2,752021.760527484,1504043.52105497,14.2236677199449
"1011","2640588B82822310999177",2,110568.061176954,221136.122353908,12.3065337291408
"1012","2640588B89959078713723",2,265634.054651237,531268.109302474,13.1830220867386
"1013","2640588B90196487973168",1,220611.965414811,220611.965414811,12.3041606246516
"1014","2640588B94420346402626",2,85478.6878640799,170957.37572816,12.0491695396656
"1015","2640588B94499067384006",1,228835.148771867,228835.148771867,12.3407571489438
"1016","2640588B97763445928490",3,458473.668938518,1375421.00681555,14.1342704289922
"1017","50627088B10015093996053",1,129572.330137454,129572.330137454,11.7719945380797
"1018","50627088B10674186524860",1,3417.79931246778,3417.79931246778,8.13675214705057
"1019","50627088B11126229802740",1,4979.45418496286,4979.45418496286,8.51307556259894
"1020","50627088B11336347088120",1,4327.77651764369,4327.77651764369,8.37280918278916
"1021","50627088B12033458309920",1,11574.3103064287,11574.3103064287,9.35654329242141
"1022","50627088B12095165689012",1,18181.5350887458,18181.5350887458,9.80816180249161
"1023","50627088B120983506636",1,6396.50063686877,6396.50063686877,8.76350634432228
"1024","50627088B13009313759140",1,3423.65541839078,3423.65541839078,8.13846409504515
"1025","50627088B13061406878483",1,872.276051866479,872.276051866479,6.77110594705162
"1026","50627088B13237114427386",1,8981.57692433544,8981.57692433544,9.10293074992592
"1027","50627088B1343071024100",1,1663.50712277712,1663.50712277712,7.41668337725106
"1028","50627088B14016232741468",1,23277.603713311,23277.603713311,10.0552469632704
"1029","50627088B14334632848246",1,3128.21655675027,3128.21655675027,8.04821833096645
"1030","50627088B15099528987942",1,956.46925819204,956.46925819204,6.86324864847049
"1031","50627088B15325510278306",1,3042.9356324182,3042.9356324182,8.02057799700095
"1032","50627088B15392276223600",1,36132.5973749072,36132.5973749072,10.494950711259
"1033","50627088B15580973923265",1,4562.36348421568,4562.36348421568,8.4255960761753
"1034","50627088B15605967871825",1,18745.0375435106,18745.0375435106,9.83868433202267
"1035","50627088B15804587261784",1,2612.47686107896,2612.47686107896,7.86805403923057
"1036","50627088B16250901962505",1,5778.17611037785,5778.17611037785,8.66184336003172
"1037","50627088B16315495781471",1,5552.56362669755,5552.56362669755,8.622015014811
"1038","50627088B16397260024665",1,8099.77631302583,8099.77631302583,8.99959172460339
"1039","50627088B16530666088464",1,23837.2354618734,23837.2354618734,10.0790041522854
"1040","50627088B1685589835575",1,2466.70865093329,2466.70865093329,7.81064001102793
"1041","50627088B16935461060546",1,5424.53805156893,5424.53805156893,8.59868802299851
"1042","50627088B17186904651787",1,3763.45356783877,3763.45356783877,8.2330923169038
"1043","50627088B17926070063491",1,4893.53943086422,4893.53943086422,8.49567113063748
"1044","50627088B18516269825492",1,4697.06930821553,4697.06930821553,8.45469404176559
"1045","50627088B18760877714878",1,2544.52905699532,2544.52905699532,7.84170086549417
"1046","50627088B18876706732637",1,3937.55577360386,3937.55577360386,8.27831544775836
"1047","50627088B19134439985606",1,130967.086981245,130967.086981245,11.7827013261981
"1048","50627088B19428409009484",1,169445.260932885,169445.260932885,12.0402852092961
"1049","50627088B19477271407019",1,38779.9756434049,38779.9756434049,10.5656593007254
"1050","50627088B19885629704089",1,10806.7293410239,10806.7293410239,9.28792430620596
"1051","50627088B19998510456179",1,340408.797017049,340408.797017049,12.7379025185232
"1052","50627088B20237982609440",1,85614.1985947496,85614.1985947496,11.3576064198087
"1053","50627088B20303152105824",1,11065.7267727828,11065.7267727828,9.31160793245947
"1054","50627088B2039046908464",1,18169.1123014766,18169.1123014766,9.80747830502211
"1055","50627088B20812688869072",1,4692.22908686185,4692.22908686185,8.45366303357333
"1056","50627088B21045528675432",1,78189.1682391219,78189.1682391219,11.2668864033733
"1057","50627088B21353339735014",1,5746.68065660684,5746.68065660684,8.65637768999096
"1058","50627088B21531122544022",1,352.587383195385,352.587383195385,5.86529848712103
"1059","50627088B21817072647094",1,5957.47174741862,5957.47174741862,8.6924014666064
"1060","50627088B22492462361378",1,15247.3436996199,15247.3436996199,9.63216058323234
"1061","50627088B22623641614442",1,18384.6404381585,18384.6404381585,9.8192708361962
"1062","50627088B22654008154973",1,39657.6660251619,39657.6660251619,10.5880395507496
"1063","50627088B22944090632500",1,21628.2153497609,21628.2153497609,9.98175400744145
"1064","50627088B23444844999779",1,3266.39963867468,3266.39963867468,8.09144362938654
"1065","50627088B235557174424",1,16258.747356436,16258.747356436,9.69638634178463
"1066","50627088B24091411399710",1,14138.5344124536,14138.5344124536,9.55665928573737
"1067","50627088B24169685204164",1,4488.76214387574,4488.76214387574,8.40933225093919
"1068","50627088B24187550597040",1,4111.33437303076,4111.33437303076,8.321502919769
"1069","50627088B24225931260184",1,4770.67404181361,4770.67404181361,8.47024288245558
"1070","50627088B24291222836000",1,10436.7755009448,10436.7755009448,9.25309095366678
"1071","50627088B24654938868553",1,1208.89495763487,1208.89495763487,7.09746196316349
"1072","50627088B24684485641547",1,3243.1243231883,3243.1243231883,8.08429244143077
"1073","50627088B24821438412486",1,1132.43119229214,1132.43119229214,7.03212209815345
"1074","50627088B24925677971158",1,2753.75437112144,2753.75437112144,7.92072048544945
"1075","50627088B24932390354910",1,12064.5946978765,12064.5946978765,9.39803038428115
"1076","50627088B25658637599997",1,3304.4782126238,3304.4782126238,8.10303386164435
"1077","50627088B25667047136129",1,6950.84053883815,6950.84053883815,8.8466178720861
"1078","50627088B26783383987854",1,11565.5126776528,11565.5126776528,9.35578290378699
"1079","50627088B2703983374094",1,4877.52703535754,4877.52703535754,8.49239361535377
"1080","50627088B27065813570202",1,8858.18111326555,8858.18111326555,9.08909673056736
"1081","50627088B27637916408907",1,11482.5102845526,11482.5102845526,9.34858031187145
"1082","50627088B28007976268142",1,29940.781849988,29940.781849988,10.3069767715267
"1083","50627088B28176003338085",1,457.952609498739,457.952609498739,6.12676570605034
"1084","50627088B28272611145429",1,36487.5006896687,36487.5006896687,10.5047250340639
"1085","50627088B29090320991668",1,6726.64039595785,6726.64039595785,8.81383109977466
"1086","50627088B29705305606348",1,31441.7125999852,31441.7125999852,10.3558907170693
"1087","50627088B30536777812512",1,104340.285470535,104340.285470535,11.5554128125371
"1088","50627088B30927628561887",1,9706.63794874863,9706.63794874863,9.18056525506142
"1089","50627088B31860900059957",1,4012.85908191,4012.85908191,8.2972592542529
"1090","50627088B32232692879146",1,10924.5625262647,10924.5625262647,9.29876897579953
"1091","50627088B323128509418",1,3087.13228802179,3087.13228802179,8.03499787684663
"1092","50627088B32404165337072",1,1071.94242141667,1071.94242141667,6.97722762882319
"1093","50627088B32786455313367",1,1879.00247436047,1879.00247436047,7.53849631626224
"1094","50627088B32935680328214",1,4136.02457996319,4136.02457996319,8.32749035910174
"1095","50627088B32967205278142",1,658.67567034861,658.67567034861,6.49023125910388
"1096","50627088B33487225996828",1,20284.5426498957,20284.5426498957,9.91761442916482
"1097","50627088B33545228853409",1,2482.63068976088,2482.63068976088,7.81707403894892
"1098","50627088B33588615579105",1,27792.5817372902,27792.5817372902,10.2325244200872
"1099","50627088B33747024846778",1,12028.6853155364,12028.6853155364,9.39504951916775
"1100","50627088B33847319149889",1,8487.51777694874,8487.51777694874,9.04635186635062
"1101","50627088B33975592508393",1,6414.85976055097,6414.85976055097,8.766372415634
"1102","50627088B34264143573163",1,11479.4439754135,11479.4439754135,9.34831323450315
"1103","50627088B34446663804025",1,253256.178782334,253256.178782334,12.4421568197692
"1104","50627088B34468221751825",1,29476.4813340779,29476.4813340779,10.2913479814482
"1105","50627088B3562448791337",1,7452.55656992602,7452.55656992602,8.91631241625485
"1106","50627088B35723887054559",1,2292.65006644794,2292.65006644794,7.7374636617256
"1107","50627088B35797567897196",1,35338.2439134747,35338.2439134747,10.4727210534527
"1108","50627088B35864847350970",1,57225.5321261657,57225.5321261657,10.9547554436183
"1109","50627088B36163788288008",1,34901.6289987007,34901.6289987007,10.4602887832818
"1110","50627088B36255961277224",1,12418.6755825629,12418.6755825629,9.42695671393696
"1111","50627088B36596593410465",1,9354.37569116086,9354.37569116086,9.14359950116978
"1112","50627088B37171022679347",1,20449.1141942851,20449.1141942851,9.92569484484992
"1113","50627088B37412880496873",1,26973.8334478999,26973.8334478999,10.2026225435156
"1114","50627088B37931704474648",1,1571.9715478736,1571.9715478736,7.36008587350831
"1115","50627088B37986701156918",1,2058.92109251112,2058.92109251112,7.62993738308368
"1116","50627088B38103366804835",1,3968.78232726134,3968.78232726134,8.2862146080595
"1117","50627088B38416403293523",1,1111.69255780237,1111.69255780237,7.01363895978734
"1118","50627088B38622860816181",1,6638.57441188259,6638.57441188259,8.80065252241414
"1119","50627088B38738357481800",1,97402.6820944723,97402.6820944723,11.4866090261557
"1120","50627088B38829203416925",1,16369.4493490982,16369.4493490982,9.70317203199234
"1121","50627088B38884346620814",1,7664.93220027625,7664.93220027625,8.94441094590166
"1122","50627088B39189624478389",1,1646.51130995652,1646.51130995652,7.40641397088273
"1123","50627088B39199375573066",1,2488.73347676855,2488.73347676855,7.81952921618753
"1124","50627088B39262816099819",1,6471.74732681255,6471.74732681255,8.77520141700163
"1125","50627088B39502815405022",1,1698.10083183862,1698.10083183862,7.43726574781647
"1126","50627088B39564204032097",1,36381.2996210051,36381.2996210051,10.5018101749361
"1127","50627088B39624413829730",1,3716.14514786434,3716.14514786434,8.22044215941426
"1128","50627088B41907364490539",1,38588.9913527437,38588.9913527437,10.5607223166608
"1129","50627088B42339229292955",1,18664.8276708038,18664.8276708038,9.83439615856049
"1130","50627088B4244668772523",1,11339.6887223901,11339.6887223901,9.33606412738031
"1131","50627088B42861355241506",1,6918.10484110025,6918.10484110025,8.8418971442103
"1132","50627088B42910044871865",1,1120.44230851233,1120.44230851233,7.02147880464401
"1133","50627088B43090651805333",1,22196.0210364669,22196.0210364669,10.0076683192047
"1134","50627088B44259809604887",1,2414.5863935999,2414.5863935999,7.78928328582894
"1135","50627088B44599402130995",1,7305.37473266485,7305.37473266485,8.89636562097517
"1136","50627088B45724771957529",1,7161.50695308016,7161.50695308016,8.87647570611663
"1137","50627088B45951855748023",1,17623.9315939806,17623.9315939806,9.77701300706183
"1138","50627088B46760499332647",1,4337.63473778686,4337.63473778686,8.37508448723937
"1139","50627088B48077381885537",1,4583.61542944071,4583.61542944071,8.4302433607742
"1140","50627088B48530858037738",1,416.050307019524,416.050307019524,6.03080618328517
"1141","50627088B48552785623395",1,7315.51341569022,7315.51341569022,8.89775249768848
"1142","50627088B48570898025332",1,13902.5920202299,13902.5920202299,9.53983057800978
"1143","50627088B48919250536034",1,792.397658895082,792.397658895082,6.67506336037162
"1144","50627088B49203716131538",1,8288.94898438617,8288.94898438617,9.02267845895637
"1145","50627088B4984202667575",1,2453.62130502988,2453.62130502988,7.80532029593396
"1146","50627088B49898192612493",1,8093.34387349271,8093.34387349271,8.99879725883059
"1147","50627088B50126405105256",1,162245.490799544,162245.490799544,11.9968658424978
"1148","50627088B50313266532501",1,6055.24193050038,6055.24193050038,8.70867961068038
"1149","50627088B50447726374010",1,1452.13555641972,1452.13555641972,7.2807905494429
"1150","50627088B509896557261",1,721.42111162718,721.42111162718,6.58122303284187
"1151","50627088B51167334219016",1,492.139440726086,492.139440726086,6.19876209244748
"1152","50627088B51440180010227",1,7571.98480375553,7571.98480375553,8.93221050542751
"1153","50627088B51636032472244",1,7139.87874573066,7139.87874573066,8.87345107279876
"1154","50627088B52041523995534",1,490.761653983071,490.761653983071,6.19595858016563
"1155","50627088B54059614854517",1,2085.1937887878,2085.1937887878,7.64261707417659
"1156","50627088B54138403616253",1,13249.6020333796,13249.6020333796,9.49172279574667
"1157","50627088B54232272598666",1,106541.578792503,106541.578792503,11.5762905991382
"1158","50627088B54865100778576",1,14477.3223053758,14477.3223053758,9.58033872517733
"1159","50627088B54927007097368",1,3037.71402935755,3037.71402935755,8.01886054750638
"1160","50627088B5493322532646",1,20557.689122106,20557.689122106,9.93099031646738
"1161","50627088B55263870930805",1,3113.72095278835,3113.72095278835,8.04357373784186
"1162","50627088B55512763165299",1,12849.9623432181,12849.9623432181,9.46109615983021
"1163","50627088B55612917364401",1,1964.73038777658,1964.73038777658,7.5831103076512
"1164","50627088B55674968003410",1,7354.9477350122,7354.9477350122,8.90312852696164
"1165","50627088B56399187703173",1,5727.20879824606,5727.20879824606,8.652983570302
"1166","50627088B56415606246768",1,90434.9573078213,90434.9573078213,11.4123861675157
"1167","50627088B58043403570664",1,1297.42864488959,1297.42864488959,7.16813961922305
"1168","50627088B58610897814329",1,28138.676738592,28138.676738592,10.2449003053478
"1169","50627088B58931459809132",1,11762.9920106515,11762.9920106515,9.3727136117671
"1170","50627088B59377752165188",1,9802.8128093346,9802.8128093346,9.19042464483659
"1171","50627088B59420267366292",1,11786.3981389016,11786.3981389016,9.37470144549094
"1172","50627088B60120060131713",1,5699.31634885626,5699.31634885626,8.64810150783226
"1173","50627088B60175969461115",1,12647.4458326402,12647.4458326402,9.44521056330578
"1174","50627088B61245588023001",1,57885.5059419136,57885.5059419136,10.9662223030683
"1175","50627088B61974871985528",1,7810.01808127775,7810.01808127775,8.96316255797545
"1176","50627088B62719157774581",1,9929.48785159605,9929.48785159605,9.20326417983764
"1177","50627088B62824552173050",1,7236.70624340327,7236.70624340327,8.88692144310727
"1178","50627088B63024463665559",1,4119.97479521997,4119.97479521997,8.3236023246598
"1179","50627088B63332967359881",1,14483.0139359305,14483.0139359305,9.58073178902718
"1180","50627088B64168457575480",1,79777.7109235817,79777.7109235817,11.2869994326885
"1181","50627088B64482262192688",1,3464.47031887168,3464.47031887168,8.15031503381229
"1182","50627088B64633222678632",1,6626.16137586485,6626.16137586485,8.79878093750816
"1183","50627088B6495854920527",1,2144.34084319005,2144.34084319005,7.67058748492394
"1184","50627088B65029652077397",1,9534.1771350117,9534.1771350117,9.16263821488856
"1185","50627088B65715606255874",1,20977.3861645357,20977.3861645357,9.95120028717894
"1186","50627088B65842169677183",1,2367.39585757354,2367.39585757354,7.76954583573941
"1187","50627088B66488502331387",1,17439.5559042596,17439.5559042596,9.76649623293345
"1188","50627088B66960340766478",1,7822.03521766099,7822.03521766099,8.96470005769103
"1189","50627088B67184194855062",1,5378.09957234696,5378.09957234696,8.5900903514114
"1190","50627088B6785133078565",1,3837.03658557953,3837.03658557953,8.25245562514534
"1191","50627088B68027240212637",1,10494.9839021487,10494.9839021487,9.25865269839445
"1192","50627088B68162704066779",1,829.495267980942,829.495267980942,6.7208174049499
"1193","50627088B69008234776647",1,2605.55454273924,2605.55454273924,7.86540080782398
"1194","50627088B69738836017174",1,10811.9432520299,10811.9432520299,9.28840665877268
"1195","50627088B70845005155538",1,5244.04959562555,5244.04959562555,8.56484930243337
"1196","50627088B70849430665629",1,141726.029378176,141726.029378176,11.8616511023743
"1197","50627088B71138108989678",1,5568.0444629129,5568.0444629129,8.62479918741932
"1198","50627088B71257963793973",1,8113.75567814594,8113.75567814594,9.00131613216514
"1199","50627088B71737846515518",1,2434.60878815625,2434.60878815625,7.79754136066102
"1200","50627088B72086785897406",1,1042.93116311573,1042.93116311573,6.94979045389248
"1201","50627088B72603284023159",1,1675.42681647091,1675.42681647091,7.42382322760266
"1202","50627088B72731607601772",1,14104.3561311169,14104.3561311169,9.55423897412172
"1203","50627088B72958492405595",1,7216.83408523232,7216.83408523232,8.8841716433709
"1204","50627088B73039114437677",1,2164.23442302337,2164.23442302337,7.67982196266828
"1205","50627088B73077765096958",1,775.025808901384,775.025808901384,6.65289633060709
"1206","50627088B73270008594857",1,28263.5056502409,28263.5056502409,10.2493266984473
"1207","50627088B73576999314002",1,16104.3954733738,16104.3954733738,9.68684752448046
"1208","50627088B73617398914248",1,9308.51048427495,9308.51048427495,9.13868436652328
"1209","50627088B73739880826437",1,8623.58175919901,8623.58175919901,9.0622557946628
"1210","50627088B74262052277311",1,9327.87961541268,9327.87961541268,9.14076300278365
"1211","50627088B74613922944869",1,4091.78180223281,4091.78180223281,8.31673580263728
"1212","50627088B74691902992320",1,5677.78538352943,5677.78538352943,8.64431653841955
"1213","50627088B75439888832629",1,906.414273833996,906.414273833996,6.80949645742078
"1214","50627088B75957379157629",1,12510.5320582687,12510.5320582687,9.43432613319354
"1215","50627088B76053764964540",1,6008.28609346246,6008.28609346246,8.70089481106231
"1216","50627088B76307625874886",1,5999.56334517279,5999.56334517279,8.69944196975737
"1217","50627088B76422915094353",1,1899.92559300528,1899.92559300528,7.54957000281153
"1218","50627088B76497892833902",1,27797.5113165972,27797.5113165972,10.2327017746858
"1219","50627088B76713899693742",1,3072.80438399552,3072.80438399552,8.03034590374101
"1220","50627088B76714936003523",1,7552.25689289219,7552.25689289219,8.92960172378442
"1221","50627088B7685110871098",1,12292.9905667814,12292.9905667814,9.41678450630199
"1222","50627088B77951750237496",1,2712.72590542379,2712.72590542379,7.90570927748641
"1223","50627088B78995429412186",1,12664.4177332025,12664.4177332025,9.44655158689826
"1224","50627088B79587676431474",1,2705.98490171504,2705.98490171504,7.90322122915679
"1225","50627088B79623688791809",1,7448.99992151912,7448.99992151912,8.91583506364052
"1226","50627088B80883167871342",1,962.609767692394,962.609767692394,6.86964810401511
"1227","50627088B81799122508207",1,22131.5109356288,22131.5109356288,10.0047577061608
"1228","50627088B81925526964077",1,8546.29458388673,8546.29458388673,9.05325308599213
"1229","50627088B82486318160402",1,14271.9938279184,14271.9938279184,9.56605442235882
"1230","50627088B82603535513252",1,1300.59588027993,1300.59588027993,7.17057780787654
"1231","50627088B82684012810094",1,10645.3869221504,10645.3869221504,9.27288192445005
"1232","50627088B82713167627307",1,6663.832383095,6663.832383095,8.80445003093356
"1233","50627088B83371137929766",1,10659.9006780113,10659.9006780113,9.2742443804167
"1234","50627088B8337648653964",1,2554.41082189941,2554.41082189941,7.84557687796356
"1235","50627088B83816556516",1,4852.74216232279,4852.74216232279,8.48729921844975
"1236","50627088B84243272648939",1,4922.91944732396,4922.91944732396,8.50165701710635
"1237","50627088B84369404768705",1,821.958580971394,821.958580971394,6.711690005674
"1238","50627088B84554678203253",1,43019.9418341107,43019.9418341107,10.6694190507546
"1239","50627088B84838795319332",1,1428.52076357564,1428.52076357564,7.2643947567949
"1240","50627088B84888194044649",1,30136.9232514438,30136.9232514438,10.3135063850668
"1241","50627088B85005499494284",1,640.176229652405,640.176229652405,6.46174349728132
"1242","50627088B8502997945058",1,23062.5935545955,23062.5935545955,10.0459672573425
"1243","50627088B85326634541004",1,3058.51055077704,3058.51055077704,8.02568332833403
"1244","50627088B85628138735153",1,18513.5039588676,18513.5039588676,9.82625568850964
"1245","50627088B85761395013038",1,538783.367833412,538783.367833412,13.1970688541358
"1246","50627088B85830591431491",1,13890.3303347683,13890.3303347683,9.53894821766634
"1247","50627088B86677903952586",1,36671.7840404564,36671.7840404564,10.5097629111079
"1248","50627088B86852114099424",1,44441.5020871636,44441.5020871636,10.7019290435236
"1249","50627088B87569802470546",1,42900.5949687627,42900.5949687627,10.6666409735557
"1250","50627088B87808414718325",1,2373.24315890497,2373.24315890497,7.77201272017268
"1251","50627088B88355080019146",1,44623.7286542308,44623.7286542308,10.7060210291351
"1252","50627088B88531455891117",1,1380.58791430932,1380.58791430932,7.23026471229025
"1253","50627088B88893827889923",1,1415.90662005299,1415.90662005299,7.25552532578885
"1254","50627088B88938023888271",1,7456.20732122348,7456.20732122348,8.91680216193693
"1255","50627088B89189510958197",1,14687.2144311887,14687.2144311887,9.5947326277146
"1256","50627088B89511183643181",1,12116.672697817,12116.672697817,9.40233769204999
"1257","50627088B89573035265708",1,15939.8953404979,15939.8953404979,9.67658038648187
"1258","50627088B89954579529198",1,733.698917512178,733.698917512178,6.59809875033679
"1259","50627088B89977310862444",1,8201.82052332582,8201.82052332582,9.01211142365039
"1260","50627088B90299742739886",1,55464.9647523862,55464.9647523862,10.9235068346797
"1261","50627088B90352297212669",1,46439.0030425614,46439.0030425614,10.7458949679363
"1262","50627088B9042251287678",1,3945.59409616744,3945.59409616744,8.28035481666098
"1263","50627088B9044190088910",1,2516.8659549427,2516.8659549427,7.83076973783426
"1264","50627088B90453813350653",1,1896.69154253829,1896.69154253829,7.54786635394005
"1265","50627088B91024651909161",1,29325.0474156977,29325.0474156977,10.286197290424
"1266","50627088B91275102089847",1,7429.38370980227,7429.38370980227,8.91319818808077
"1267","50627088B91414263136066",1,13785.5811851132,13785.5811851132,9.53137848325927
"1268","50627088B91833762276728",1,5810.09673217845,5810.09673217845,8.66735249896355
"1269","50627088B92238721973394",1,9573.21288697293,9573.21288697293,9.16672415297057
"1270","50627088B92396547767690",1,3094.31919102391,3094.31919102391,8.0373231903316
"1271","50627088B92802360326073",1,6634.74608463003,6634.74608463003,8.80007567695039
"1272","50627088B92936623710949",1,1573.93937968794,1573.93937968794,7.36133691469562
"1273","50627088B92943717279991",1,507.893977997839,507.893977997839,6.23027272106796
"1274","50627088B9303595421400",1,3264.35709501699,3264.35709501699,8.0908181142104
"1275","50627088B94550034799576",1,5047.82771085878,5047.82771085878,8.52671327346007
"1276","50627088B94686315759105",1,8399.949341892,8399.949341892,9.03598095408608
"1277","50627088B95140334910762",1,11336.1286333409,11336.1286333409,9.33575012863684
"1278","50627088B95412074222990",1,17527.4840759101,17527.4840759101,9.77152544656039
"1279","50627088B95956729809463",1,18400.9015153871,18400.9015153871,9.82015493779831
"1280","50627088B96340121149658",1,6285.0868816552,6285.0868816552,8.74593494458118
"1281","50627088B96534583301688",1,5338.83251332071,5338.83251332071,8.58276227758683
"1282","50627088B97358550185776",1,1717.95237487389,1717.95237487389,7.44888838089913
"1283","50627088B9803475086398",1,24344.0366335004,24344.0366335004,10.1000421964023
"1284","50627088B98184745232294",1,6039.37067598206,6039.37067598206,8.70605509278222
"1285","50627088B98541871287942",1,18235.9480349738,18235.9480349738,9.81115009174459
"1286","50627088B98936823972638",1,605.257753404237,605.257753404237,6.40565440598682
"1287","50627088B99333817375026",1,16284.0402791556,16284.0402791556,9.69794078316167
"1288","52423323B10055621117527",1,49980.6858397285,49980.6858397285,10.8193919265783
"1289","52423323B10065184809144",1,1415.18937951671,1415.18937951671,7.25501863823623
"1290","52423323B11034045930208",1,38670.9584164374,38670.9584164374,10.5628441687896
"1291","52423323B11153152222342",1,35294.2354028419,35294.2354028419,10.4714749265504
"1292","52423323B11408712561371",1,38455.4297408268,38455.4297408268,10.55725518059
"1293","52423323B1142335795557",1,9772.07869656086,9772.07869656086,9.18728448561586
"1294","52423323B11454809492263",1,98573.3606218309,98573.3606218309,11.4985563278374
"1295","52423323B11777472364014",1,201500.598097992,201500.598097992,12.2135476285927
"1296","52423323B12098340912267",1,270453.85708341,270453.85708341,12.5078567789224
"1297","52423323B1226588316364",1,23981.0710428516,23981.0710428516,10.0850200915896
"1298","52423323B1235583382537",1,28596.2749228964,28596.2749228964,10.2610317408738
"1299","52423323B12415258614636",1,82530.0457233025,82530.0457233025,11.320917696607
"1300","52423323B12833551098527",1,57442.5936516899,57442.5936516899,10.9585413568059
"1301","52423323B13112190165396",1,27694.362612915,27694.362612915,10.228984155684
"1302","52423323B13194007767030",1,11893.1112780639,11893.1112780639,9.38371462728516
"1303","52423323B13440849980241",1,19788.1496035778,19788.1496035778,9.89283853263728
"1304","52423323B13977400518801",1,110054.479355665,110054.479355665,11.6087307890401
"1305","52423323B14263080963128",1,278753.558783368,278753.558783368,12.5380833686108
"1306","52423323B14354117939390",1,39529.288520042,39529.288520042,10.5847971576477
"1307","52423323B15193843372165",1,34520.8271417231,34520.8271417231,10.4493181061421
"1308","52423323B15402942481985",1,28148.1034404874,28148.1034404874,10.2452352579585
"1309","52423323B15615503962810",1,15172.8947954058,15172.8947954058,9.62726587782993
"1310","52423323B15729403870987",1,126473.335291195,126473.335291195,11.7477867767189
"1311","52423323B15729416108881",1,425430.342061777,425430.342061777,12.9608565051609
"1312","52423323B16147855559492",1,12069.4808686503,12069.4808686503,9.39843530311279
"1313","52423323B16296289860077",1,44333.563038953,44333.563038953,10.6994972998521
"1314","52423323B16848468403028",1,41419.6484390514,41419.6484390514,10.6315106472035
"1315","52423323B16928233595838",1,21250.5161310922,21250.5161310922,9.96413646257959
"1316","52423323B17076198557768",1,17953.9919197267,17953.9919197267,9.79556776026232
"1317","52423323B17082300411624",1,28544.0013592243,28544.0013592243,10.2592020829983
"1318","52423323B1751844526398",1,182798.14542996,182798.14542996,12.1161377926004
"1319","52423323B17834677594816",1,65852.0161793821,65852.0161793821,11.095165324461
"1320","52423323B179276843030",1,121701.907768087,121701.907768087,11.7093299548436
"1321","52423323B18041062174834",1,28247.89854929,28247.89854929,10.2487743461719
"1322","52423323B18388852349045",1,318169.658264817,318169.658264817,12.670340036049
"1323","52423323B18524543454126",1,2245.26162305991,2245.26162305991,7.71657732927072
"1324","52423323B20153460814432",1,46303.2027797746,46303.2027797746,10.742966412191
"1325","52423323B20661288428578",1,33190.735313582,33190.735313582,10.4100260591412
"1326","52423323B21823422169347",3,27395.6758745922,82187.0276237766,11.3167527537943
"1327","52423323B21900392582772",1,31414.2429830307,31414.2429830307,10.3550166672375
"1328","52423323B24006196223482",1,184811.536994665,184811.536994665,12.1270918658659
"1329","52423323B24740485283278",1,218908.600949137,218908.600949137,12.2964095744208
"1330","52423323B25764117522336",1,6583.47588628759,6583.47588628759,8.79231813504003
"1331","52423323B26167875661566",1,34930.1280582428,34930.1280582428,10.4611050039334
"1332","52423323B2648092614406",1,56814.6203364286,56814.6203364286,10.9475489718767
"1333","52423323B26821031365156",1,13246.0121436539,13246.0121436539,9.49145181582345
"1334","52423323B27279553412365",1,149382.694918261,149382.694918261,11.9142667144383
"1335","52423323B27353440150163",1,272535.466513799,272535.466513799,12.5155240369606
"1336","52423323B2741615206535",1,64478.4622633686,64478.4622633686,11.0740865286233
"1337","52423323B27439582532785",1,16738.8044158884,16738.8044158884,9.72548492069768
"1338","52423323B28004932041096",2,39300.706901635,78601.41380327,11.2721449655745
"1339","52423323B28131645769529",1,17896.2055171965,17896.2055171965,9.7923439870779
"1340","52423323B28169903287246",1,30871.1916638792,30871.1916638792,10.3375787194035
"1341","52423323B28526478136706",1,31357.5170720357,31357.5170720357,10.353209296331
"1342","52423323B2982594216676",1,47872.8111307827,47872.8111307827,10.7763030049319
"1343","52423323B30055377123023",2,84541.2181610511,169082.436322102,12.0381416638631
"1344","52423323B30468560709175",1,20958.9860166162,20958.9860166162,9.95032276019493
"1345","52423323B30535713106767",1,22090.4689910539,22090.4689910539,10.0029015271102
"1346","52423323B30660787387820",1,148717.443466222,148717.443466222,11.9098034319989
"1347","52423323B30804513522660",1,37760.0561625123,37760.0561625123,10.539007107613
"1348","52423323B30821332153735",1,16702.414750421,16702.414750421,9.72330858378547
"1349","52423323B3123735439374",1,7163.72993755341,7163.72993755341,8.87678606531111
"1350","52423323B31237535640697",1,38309.6830537627,38309.6830537627,10.5534579644619
"1351","52423323B31243309181200",1,27131.6349129636,27131.6349129636,10.208455666018
"1352","52423323B31615661575159",1,58187.7332431658,58187.7332431658,10.9714298424868
"1353","52423323B31823357110320",1,68832.9725999234,68832.9725999234,11.1394381620223
"1354","52423323B32135121114798",1,15206.0859250844,15206.0859250844,9.62945101650794
"1355","52423323B32747612056401",1,89971.6536395604,89971.6536395604,11.4072499401418
"1356","52423323B32764376391113",1,25027.5105393298,25027.5105393298,10.1277309204035
"1357","52423323B3277020886605",1,35070.6457418196,35070.6457418196,10.4651197559051
"1358","52423323B32786783590075",1,20398.5922837915,20398.5922837915,9.92322117175481
"1359","52423323B33049838557264",1,3312.55016919472,3312.55016919472,8.10547361559706
"1360","52423323B33364650574502",1,52399.5916616118,52399.5916616118,10.8666540775614
"1361","52423323B33690071450754",1,35764.5621090889,35764.5621090889,10.4847127969079
"1362","52423323B33897242247324",1,26848.513166216,26848.513166216,10.1979657228438
"1363","52423323B34331419978033",1,31292.5677434428,31292.5677434428,10.3511358960458
"1364","52423323B34539030227097",1,41065.7878706561,41065.7878706561,10.622930641931
"1365","52423323B34987104881159",1,63881.7894660401,63881.7894660401,11.0647896148677
"1366","52423323B37020317002794",1,50815.2672710318,50815.2672710318,10.8359521252458
"1367","52423323B3729306019568",1,134171.960881711,134171.960881711,11.806877546382
"1368","52423323B37398835360821",1,181769.927187608,181769.927187608,12.1104970300328
"1369","52423323B3743396317208",1,33732.1001847243,33732.1001847243,10.4262051907104
"1370","52423323B3757307003168",1,30541.95994517,30541.95994517,10.3268567530451
"1371","52423323B37641528063122",1,34296.5105855793,34296.5105855793,10.4427988957801
"1372","52423323B37698744608843",1,27458.0445172482,27458.0445172482,10.2204144647414
"1373","52423323B37768235748042",1,46287.8598596683,46287.8598596683,10.7426349996376
"1374","52423323B38725266060317",1,29411.7547099896,29411.7547099896,10.2891496934877
"1375","52423323B38827881811881",3,20607.4557310137,61822.3671930411,11.0320205066554
"1376","52423323B39009804461770",1,20567.957329475,20567.957329475,9.93148967433617
"1377","52423323B3909693217248",1,25047.7715971756,25047.7715971756,10.1285401443594
"1378","52423323B39271330460485",1,59565.9150112502,59565.9150112502,10.9948387936743
"1379","52423323B39360840436508",1,23005.5778071642,23005.5778071642,10.0434919788646
"1380","52423323B40146913346839",1,40112.6174888432,40112.6174888432,10.5994462143971
"1381","52423323B40695299315200",1,38518.614474389,38518.614474389,10.5588968962721
"1382","52423323B4089345148618",1,30479.3289617762,30479.3289617762,10.3248039938685
"1383","52423323B41088190294642",1,37795.3285822809,37795.3285822809,10.5399407914914
"1384","52423323B41320472934354",1,13997.7499544344,13997.7499544344,9.54665187814055
"1385","52423323B41825478999592",3,243172.683574202,729518.050722606,13.500139390604
"1386","52423323B42234793142601",1,48856.6856981635,48856.6856981635,10.7966465098905
"1387","52423323B42356104193293",1,126804.07190742,126804.07190742,11.7503984333042
"1388","52423323B42496570047924",1,112166.354544192,112166.354544192,11.627738356728
"1389","52423323B42498482903221",1,127470.000324415,127470.000324415,11.755636324322
"1390","52423323B42777689659233",1,48877.3386396773,48877.3386396773,10.7970691455481
"1391","52423323B42791453202127",1,83716.7693880665,83716.7693880665,11.3351945875219
"1392","52423323B43145970536326",1,20564.5307239378,20564.5307239378,9.93132306124237
"1393","52423323B43172948431886",1,53140.2259828856,53140.2259828856,10.8806894718995
"1394","52423323B43261157004179",1,59964.0535498594,59964.0535498594,11.0015005541653
"1395","52423323B43736341835391",1,21359.4030045953,21359.4030045953,9.96924734346048
"1396","52423323B44414006635896",1,29113.9001454863,29113.9001454863,10.2789710073422
"1397","52423323B44939102873256",1,47631.8243485384,47631.8243485384,10.7712563955711
"1398","52423323B45396051816333",1,36842.4761484824,36842.4761484824,10.5144067016958
"1399","52423323B46125568158444",1,5841.02052879221,5841.02052879221,8.67266080863646
"1400","52423323B46245109709528",1,12008.6653526887,12008.6653526887,9.39338378089625
"1401","52423323B46548202222593",1,22176.8448779859,22176.8448779859,10.0068040000187
"1402","52423323B47317028722188",1,21192.8771990065,21192.8771990065,9.96142042302684
"1403","52423323B48021062516164",1,16844.3864334911,16844.3864334911,9.73177273092623
"1404","52423323B48082592169210",1,91582.3795947773,91582.3795947773,11.4249941696558
"1405","52423323B48788624024896",1,70596.7915318258,70596.7915318258,11.1647399767238
"1406","52423323B48886024703074",1,15062.808677774,15062.808677774,9.61998398315325
"1407","52423323B48930759923162",1,115525.558982245,115525.558982245,11.6572470743526
"1408","52423323B48956333130626",1,109993.605895906,109993.605895906,11.608177514866
"1409","52423323B49434157073126",2,4829.77921732105,9659.5584346421,9.17570321546222
"1410","52423323B50145770853492",1,214770.342920158,214770.342920158,12.2773245637426
"1411","52423323B50424671887039",1,38717.3717486489,38717.3717486489,10.5640436606943
"1412","52423323B51190014897639",1,85705.0353515942,85705.0353515942,11.358666858421
"1413","52423323B51950353714831",1,198555.380704773,198555.380704773,12.1988233361911
"1414","52423323B52221590077134",1,25712.9176944114,25712.9176944114,10.1547487786289
"1415","52423323B52467721983842",1,47851.694461367,47851.694461367,10.7758618081949
"1416","52423323B52623684418934",1,49717.6204436039,49717.6204436039,10.8141146853403
"1417","52423323B52661947985134",1,52483.5794700503,52483.5794700503,10.8682556276573
"1418","52423323B52767364873789",1,683049.44732811,683049.44732811,13.4343225331917
"1419","52423323B52788200523187",3,195828.877904832,587486.633714496,13.2836087736174
"1420","52423323B53065741974506",1,502461.23309087,502461.23309087,13.1272737678614
"1421","52423323B53082153991238",1,14875.8156490043,14875.8156490043,9.60749206245703
"1422","52423323B53542655119676",1,40207.286735269,40207.286735269,10.6018035202525
"1423","52423323B53991752457296",1,38069.7728252009,38069.7728252009,10.5471758820669
"1424","52423323B54358685786571",1,26274.6613679697,26274.6613679697,10.1763603076686
"1425","52423323B54593628096375",1,38282.5325317165,38282.5325317165,10.5527490014694
"1426","52423323B54680943068463",1,92818.7125303138,92818.7125303138,11.4384035420926
"1427","52423323B54775259864963",1,24215.5290189855,24215.5290189855,10.094749401346
"1428","52423323B54800472139978",1,64859.9755983952,64859.9755983952,11.0799860036416
"1429","52423323B5491062021633",1,79333.4321415919,79333.4321415919,11.281414909467
"1430","52423323B54912107287089",1,17362.8253785227,17362.8253785227,9.76208672719068
"1431","52423323B55438776297696",1,102105.137678576,102105.137678576,11.5337583229512
"1432","52423323B55651194220795",1,18367.4511733019,18367.4511733019,9.8183354191706
"1433","52423323B55997906288289",1,41614.3796473861,41614.3796473861,10.6362010511217
"1434","52423323B5668037178714",3,190615.137135921,571845.411407763,13.2566239740585
"1435","52423323B57121552581282",1,28734.4285103068,28734.4285103068,10.2658512824652
"1436","52423323B57227044271889",1,50192.4455733161,50192.4455733161,10.8236198077682
"1437","52423323B57402250817644",1,186329.757209613,186329.757209613,12.1352732712077
"1438","52423323B57461301326035",1,11132.0968790137,11132.0968790137,9.31758782535798
"1439","52423323B5772281676312",1,15617.9168493927,15617.9168493927,9.65617405018442
"1440","52423323B5856421301049",1,7508.87462781832,7508.87462781832,8.92384088370512
"1441","52423323B58893245125586",1,34270.8036949635,34270.8036949635,10.4420490664455
"1442","52423323B59284003127327",1,55372.6667512733,55372.6667512733,10.9218413710425
"1443","52423323B59570542533624",1,128737.212382897,128737.212382897,11.7655284922954
"1444","52423323B59988568496806",1,26829.5692306282,26829.5692306282,10.1972598877793
"1445","52423323B60189599793984",1,174736.133694657,174736.133694657,12.0710323075609
"1446","52423323B60388203244476",1,15702.5711364884,15702.5711364884,9.66157974458342
"1447","52423323B60583840273125",1,12153.0257607166,12153.0257607166,9.40533345156876
"1448","52423323B61064757463824",1,46101.7416994277,46101.7416994277,10.7386060091697
"1449","52423323B61278008297409",1,95967.4753825387,95967.4753825387,11.4717646149464
"1450","52423323B61382457071366",2,242283.920103841,484567.840207682,13.0910127215794
"1451","52423323B62782413793554",1,24773.8684245997,24773.8684245997,10.1175446840723
"1452","52423323B63018807912829",1,70537.2984744322,70537.2984744322,11.1638969052743
"1453","52423323B63190785401157",3,190243.913743155,570731.741229465,13.2546745730428
"1454","52423323B63410184829220",1,19334.2392111315,19334.2392111315,9.86963285551093
"1455","52423323B63484657830280",1,54244.3909864224,54244.3909864224,10.901254874102
"1456","52423323B6396533628849",1,26621.4737097249,26621.4737097249,10.1894734514132
"1457","52423323B64207723161036",1,7967.24124450684,7967.24124450684,8.98309356939222
"1458","52423323B64374819566346",2,24545.2656458318,49090.5312916636,10.8014214498019
"1459","52423323B64463590012985",1,31964.0334228262,31964.0334228262,10.3723665941335
"1460","52423323B64688263814776",3,66123.8103277869,198371.430983361,12.1978964664047
"1461","52423323B652834894573",1,95924.2052357048,95924.2052357048,11.4713136298132
"1462","52423323B65299920660671",1,8159.12198527448,8159.12198527448,9.00689184232506
"1463","52423323B65372362934971",1,270203.110760845,270203.110760845,12.5069292172504
"1464","52423323B65512334983312",1,2672.5977519989,2672.5977519989,7.89080621921771
"1465","52423323B65711938596700",1,48746.236103338,48746.236103338,10.7943832653086
"1466","52423323B65725719955419",1,55112.6002171603,55112.6002171603,10.9171336480753
"1467","52423323B65894657308494",1,14768.2757398705,14768.2757398705,9.60023662801134
"1468","52423323B66250868095677",1,48765.011046356,48765.011046356,10.7947683479283
"1469","52423323B66517742770960",1,16832.7040052562,16832.7040052562,9.73107894007011
"1470","52423323B67039522895977",1,110441.477291232,110441.477291232,11.6122410423693
"1471","52423323B67044193776379",1,93615.1450052572,93615.1450052572,11.4469474549883
"1472","52423323B67190379796857",1,16564.9959634927,16564.9959634927,9.7150470710571
"1473","52423323B67213994526810",1,27431.0485898289,27431.0485898289,10.2194308110475
"1474","52423323B67589001499387",1,13262.9035300044,13262.9035300044,9.4927262088499
"1475","52423323B67745221671047",1,26673.1263269334,26673.1263269334,10.1914118329132
"1476","52423323B67769542433711",1,10574.190679765,10574.190679765,9.26617146952149
"1477","52423323B67874562212910",1,37858.4798645811,37858.4798645811,10.541610272467
"1478","52423323B68186618035588",3,2645980.63395973,7937941.90187919,15.8871645933111
"1479","52423323B68249799438553",1,233763.942534027,233763.942534027,12.3620670925765
"1480","52423323B68684722164969",1,8644.3936330887,8644.3936330887,9.06466625489266
"1481","52423323B6874180594173",1,89433.735349242,89433.735349242,11.4012532428817
"1482","52423323B69040166298082",1,38058.0999693859,38058.0999693859,10.5468692176225
"1483","52423323B69111161141403",1,18425.4572885509,18425.4572885509,9.82148853566683
"1484","52423323B69509517878544",1,11768.6636676553,11768.6636676553,9.37319565665091
"1485","52423323B69510084173682",1,21903.465973606,21903.465973606,9.9944001669172
"1486","52423323B69733350271786",1,6160.9700598925,6160.9700598925,8.7259895213846
"1487","52423323B70248035417131",1,15926.7402699439,15926.7402699439,9.67575475358719
"1488","52423323B71278285569772",1,37986.6138868059,37986.6138868059,10.5449891105115
"1489","52423323B71522839301040",2,37844.0332734415,75688.066546883,11.2343757856102
"1490","52423323B71782729975754",1,20617.4708028598,20617.4708028598,9.93389409257263
"1491","52423323B72128668432216",1,116766.043385411,116766.043385411,11.6679275826677
"1492","52423323B72409574475457",1,103280.566436292,103280.566436292,11.5452045099777
"1493","52423323B72611764841085",1,22639.688252759,22639.688252759,10.0274597624679
"1494","52423323B72724897935672",1,22669.1952276051,22669.1952276051,10.0287622434275
"1495","52423323B73481023135249",2,20726.4234238382,41452.8468476764,10.6323118396929
"1496","52423323B73587469313041",1,130475.836164933,130475.836164933,11.7789433251129
"1497","52423323B73600596363110",1,22770.3386879362,22770.3386879362,10.0332140332527
"1498","52423323B74070322698639",1,21200.9421220213,21200.9421220213,9.96180089939067
"1499","52423323B7501124425209",1,33197.9740389928,33197.9740389928,10.4102441301207
"1500","52423323B75500493210020",1,323258.2676226,323258.2676226,12.6862068728657
"1501","52423323B75568598191549",1,26983.8196280415,26983.8196280415,10.2029926923151
"1502","52423323B75932740903659",1,185378.778428788,185378.778428788,12.1301564618558
"1503","52423323B75939807173919",1,11428.3893398561,11428.3893398561,9.34385583171119
"1504","52423323B76755657103328",2,19629.9518552412,39259.9037104824,10.5779590152162
"1505","52423323B76840765500257",1,206282.780364742,206282.780364742,12.2370032266699
"1506","52423323B77161668949551",1,39814.9538084279,39814.9538084279,10.5919978445359
"1507","52423323B77423065564035",1,31584.7812658418,31584.7812658418,10.3604306780545
"1508","52423323B77456184843444",1,29159.948029336,29159.948029336,10.2805514038623
"1509","52423323B77575058684255",2,21433.0519670808,42866.1039341616,10.6658366745235
"1510","52423323B77740585629691",1,75681.593226828,75681.593226828,11.2342902556557
"1511","52423323B77773616076355",1,30552.1287416918,30552.1287416918,10.3271896427513
"1512","52423323B77931792505034",2,37394.7337220097,74789.4674440194,11.222432344476
"1513","52423323B78035589313404",1,16882.8965069627,16882.8965069627,9.73405634744376
"1514","52423323B78464360666079",1,59995.0912856029,59995.0912856029,11.0020180259508
"1515","52423323B78786867018867",1,37378.1537688351,37378.1537688351,10.5288416889079
"1516","52423323B78922386378350",1,94524.3956362997,94524.3956362997,11.4566132350471
"1517","52423323B79106599781981",1,22857.8801122445,22857.8801122445,10.0370511995512
"1518","52423323B8015598177606",1,28723.1366838208,28723.1366838208,10.265458233209
"1519","52423323B8068619404186",1,24225.3333669662,24225.3333669662,10.0951541979426
"1520","52423323B8132923889565",1,13939.7340599212,13939.7340599212,9.54249860665199
"1521","52423323B81362152802157",1,35799.7159453437,35799.7159453437,10.4856952378697
"1522","52423323B81395860012193",1,7426.41671680993,7426.41671680993,8.91279874908097
"1523","52423323B8139894881456",1,35703.2646110295,35703.2646110295,10.4829974092739
"1524","52423323B82006057741431",1,61845.0515523936,61845.0515523936,11.0323873673829
"1525","52423323B82446565962653",1,26138.9748155514,26138.9748155514,10.1711827674172
"1526","52423323B8286082646213",1,10871.3985385368,10871.3985385368,9.29389063223818
"1527","52423323B83261755629665",1,114112.006377223,114112.006377223,11.6449357571085
"1528","52423323B83888441081601",1,40800.4747561891,40800.4747561891,10.6164489965057
"1529","52423323B83893074042223",1,32414.970327884,32414.970327884,10.3863756422264
"1530","52423323B84288855823535",1,15474.1475059598,15474.1475059598,9.64692600756751
"1531","52423323B84341860753916",1,29393.8752054915,29393.8752054915,10.28854160528
"1532","52423323B84486994162427",2,14091.5499255511,28183.0998511022,10.2464777812163
"1533","52423323B84565222808084",1,864.850627565384,864.850627565384,6.76255680712462
"1534","52423323B84836072976250",1,27059.0288801995,27059.0288801995,10.2057760134311
"1535","52423323B8498333390768",1,34131.6788305348,34131.6788305348,10.437981229983
"1536","52423323B8509439867450",1,27699.9666929652,27699.9666929652,10.2291864897547
"1537","52423323B85327388246138",1,15147.2434892295,15147.2434892295,9.62557384647734
"1538","52423323B85363344539389",1,42221.2550971482,42221.2550971482,10.6506790485102
"1539","52423323B86132788198176",1,13863.07978971,13863.07978971,9.53698445510935
"1540","52423323B87116435053012",1,91644.8997346416,91644.8997346416,11.4256766023428
"1541","52423323B8788265291879",1,7295.16577318467,7295.16577318467,8.89496718491866
"1542","52423323B88020192595097",1,123003.427040304,123003.427040304,11.7199674960827
"1543","52423323B88049032816505",1,63236.945388054,63236.945388054,11.0546439882602
"1544","52423323B88226115005443",1,51470.5377199232,51470.5377199232,10.8487648398416
"1545","52423323B8840369760606",1,147517.890048471,147517.890048471,11.9017047358714
"1546","52423323B88446663762190",1,13099.1303343713,13099.1303343713,9.48030112029634
"1547","52423323B88769302498255",1,3031.54924278259,3031.54924278259,8.01682906908185
"1548","52423323B89464999427747",1,33254.7615753476,33254.7615753476,10.4119532411047
"1549","52423323B89498799122377",1,74812.4021754003,74812.4021754003,11.2227389547025
"1550","52423323B89765058067018",1,65623.8045229025,65623.8045229025,11.0916937829341
"1551","52423323B90119869144557",1,83695.109280136,83695.109280136,11.3349358232308
"1552","52423323B90493034811524",1,47021.2029204736,47021.2029204736,10.758353904933
"1553","52423323B90543802473201",1,52750.3688268636,52750.3688268636,10.8733260432923
"1554","52423323B91072384884845",1,41654.9063768812,41654.9063768812,10.6371744408223
"1555","52423323B91095890674954",1,81891.7787338603,81891.7787338603,11.3131538830426
"1556","52423323B91102328415682",1,5320.63592771888,5320.63592771888,8.57934811047742
"1557","52423323B9140975036391",1,18913.449720593,18913.449720593,9.84762857339062
"1558","52423323B91604440598292",1,15363.6909882687,15363.6909882687,9.63976227654996
"1559","52423323B91612624851462",1,14975.7241672181,14975.7241672181,9.61418578022631
"1560","52423323B92182718553781",1,24150.7625653565,24150.7625653565,10.0920712347874
"1561","52423323B92327379026195",1,18103.3340839707,18103.3340839707,9.80385140382482
"1562","52423323B92388679305568",2,18780.6838045809,37561.3676091618,10.5337313439789
"1563","52423323B92741938255653",1,968137.403185821,968137.403185821,13.7831293016253
"1564","52423323B93118909799031",1,14783.5057913816,14783.5057913816,9.60126736470946
"1565","52423323B9322907823760",1,88951.2938469808,88951.2938469808,11.3958442387665
"1566","52423323B93536446386656",1,9642.04160955727,9642.04160955727,9.17388815040505
"1567","52423323B93912655119641",1,118511.173541414,118511.173541414,11.6827625266009
"1568","52423323B94169185911577",1,42916.9844847109,42916.9844847109,10.6670229352994
"1569","52423323B94231025713709",1,70360.8585740743,70360.8585740743,11.1613924013648
"1570","52423323B9429339455263",1,6615.02230529785,6615.02230529785,8.79709844847048
"1571","52423323B94363624376264",1,27524.4178513974,27524.4178513974,10.2228288115542
"1572","52423323B94765650307580",1,10400.5235713954,10400.5235713954,9.24961142726568
"1573","52423323B95364314409049",1,43098.7197819825,43098.7197819825,10.6712485722164
"1574","52423323B95410020978847",1,122039.687185874,122039.687185874,11.7121015756175
"1575","52423323B95417665649533",1,43346.9638161936,43346.9638161936,10.6769919409137
"1576","52423323B95465439207253",1,14978.9480874406,14978.9480874406,9.61440103347346
"1577","52423323B95540408919203",1,57039.8375510845,57039.8375510845,10.9515052071017
"1578","52423323B95841930276474",2,19501.727977783,39003.455955566,10.5714055354311
"1579","52423323B95970621217609",1,24398.9992304064,24398.9992304064,10.1022973952929
"1580","52423323B96528325771668",1,9122.81245865194,9122.81245865194,9.11853341915204
"1581","52423323B96895412793722",2,45215.1411218787,90430.2822437574,11.4123344708593
"1582","52423323B97274503585716",1,37093.9921095371,37093.9921095371,10.5212102977339
"1583","52423323B97388910931036",1,61034.8543028736,61034.8543028736,11.0192003619932
"1584","52423323B97779835384319",1,17209.3988157034,17209.3988157034,9.75321095632951
"1585","52423323B98554944088847",1,46217.5798045397,46217.5798045397,10.741115519942
"1586","52423323B98587415300192",1,22553.9588172952,22553.9588172952,10.0236658868304
"1587","52423323B98686556304420",1,17407.2956899869,17407.2956899869,9.76464468985206
"1588","52423323B98876913296061",1,288414.925369094,288414.925369094,12.5721554353738
"1589","52423323B99720105467999",1,14938.3802175392,14938.3802175392,9.61168903363494
"1590","52423323B99932966436825",1,22559.7842202429,22559.7842202429,10.0239241408607
"1591","52472329B16958301240037",1,1402.00691606623,1402.00691606623,7.24566000058253
"1592","52472329B19766585583682",1,1974.88655809443,1974.88655809443,7.58826623674601
"1593","52472329B22687598135129",1,1848.97080325161,1848.97080325161,7.52238444070086
"1594","52472329B33043462803625",1,3196.21952507092,3196.21952507092,8.06972399197126
"1595","52472329B33869241417022",1,1211.50772051066,1211.50772051066,7.09962091292357
"1596","52472329B35296791475509",1,1705.56605791166,1705.56605791166,7.44165233339339
"1597","52472329B55778484611891",1,12395.0068761192,12395.0068761192,9.42504899921857
"1598","52472329B57902249562742",1,1659.34303667223,1659.34303667223,7.4141770419757
"1599","52472329B65639645183115",1,3590.00426853494,3590.00426853494,8.18590867048857
"1600","52472329B68765441097226",1,1698.48269573215,1698.48269573215,7.43749059957827
"1601","52472329B72200716330993",1,2265.21565687778,2265.21565687778,7.72542524613426
"1602","52472329B86967002358759",1,838.011330794536,838.011330794536,6.7310316216252
"1603","52472329B95288510107666",1,3856.28895995714,3856.28895995714,8.25746059067096
"1604","52472329B96254136738283",1,2899.63978475773,2899.63978475773,7.97234179610709
"1605","52511910B10215199478646",1,42906.9389959053,42906.9389959053,10.6667888399926
"1606","52511910B10855589670933",1,18663.3131221837,18663.3131221837,9.8343150107407
"1607","52511910B1114695065436",1,163915.4910536,163915.4910536,12.0071062755408
"1608","52511910B11437294536827",1,127845.812356635,127845.812356635,11.7585802258351
"1609","52511910B1170609292065",1,26994.4982292998,26994.4982292998,10.2033883549375
"1610","52511910B12166681712059",1,6613.91470250459,6613.91470250459,8.79693099695186
"1611","52511910B12217989868885",1,34104.392229611,34104.392229611,10.4371814593645
"1612","52511910B12239492719020",1,23279.8754969739,23279.8754969739,10.0553445537629
"1613","52511910B12240276172675",1,40531.9090467161,40531.9090467161,10.6098448205786
"1614","52511910B1240337598967",1,30576.0664169344,30576.0664169344,10.3279728386694
"1615","52511910B1281835166424",1,4460.8625848719,4460.8625848719,8.40309743099363
"1616","52511910B1289591480139",1,8531.54260678433,8531.54260678433,9.05152546901033
"1617","52511910B132067886793",1,23874.2528679367,23874.2528679367,10.0805558713697
"1618","52511910B13267113488931",1,14541.8232350508,14541.8232350508,9.58478413765894
"1619","52511910B1345857498627",1,2256.65796519098,2256.65796519098,7.72164022133313
"1620","52511910B13500089926277",1,23011.4612209003,23011.4612209003,10.0437476847463
"1621","52511910B1376149917055",1,30880.3040990718,30880.3040990718,10.3378738518581
"1622","52511910B14295991899678",1,30809.2763784505,30809.2763784505,10.3355711047343
"1623","52511910B1429973809191",1,19023.2817941234,19023.2817941234,9.85341886559614
"1624","52511910B1435450581762",1,2068.53062173986,2068.53062173986,7.63459378963035
"1625","52511910B14571669428725",1,7405.46057779024,7405.46057779024,8.90997292298377
"1626","52511910B14763561478876",1,12147.0418504237,12147.0418504237,9.40484095002435
"1627","52511910B14816404731270",1,99808.2010127699,99808.2010127699,11.5110056334001
"1628","52511910B14944460308189",1,18005.2801099812,18005.2801099812,9.7984203333061
"1629","52511910B14985671444346",1,130326.494648713,130326.494648713,11.7777980781968
"1630","52511910B15112316927565",1,40178.6287828577,40178.6287828577,10.6010905109289
"1631","52511910B15727969780764",1,73520.8151703565,73520.8151703565,11.2053238447042
"1632","52511910B16211515353621",1,19840.2364798218,19840.2364798218,9.89546730011369
"1633","52511910B16548233454257",1,3626.03791240841,3626.03791240841,8.19589584697123
"1634","52511910B16992601244944",1,52397.8287364863,52397.8287364863,10.866620433124
"1635","52511910B1724778943765",1,5190.42939081376,5190.42939081376,8.55457170699848
"1636","52511910B17356876538254",1,43975.2119355544,43975.2119355544,10.6913813890496
"1637","52511910B17390178466990",1,10323.3444611565,10323.3444611565,9.24216306222783
"1638","52511910B17490321584859",1,120700.608179283,120700.608179283,11.7010684458408
"1639","52511910B17517272780410",1,238880.126639597,238880.126639597,12.3837171429118
"1640","52511910B17799667237096",1,12423.5713611223,12423.5713611223,9.42735086335781
"1641","52511910B18270670997793",1,25716.3764863309,25716.3764863309,10.1548832853135
"1642","52511910B1854707671717",1,123933.152183588,123933.152183588,11.7274976039294
"1643","52511910B19191805182315",1,97495.0719464111,97495.0719464111,11.4875571115692
"1644","52511910B19330386236783",1,38437.1109125003,38437.1109125003,10.556778701896
"1645","52511910B19407638162060",1,1894.752950555,1894.752950555,7.54684373991747
"1646","52511910B19586040436612",1,16632.2391920811,16632.2391920811,9.71909821087269
"1647","52511910B2005519933546",1,49389.4013348854,49389.4013348854,10.8074911322805
"1648","52511910B2055603825455",1,44961.8225328188,44961.8225328188,10.713569020508
"1649","52511910B21046020325533",1,16283.9965841255,16283.9965841255,9.69793809985409
"1650","52511910B21407702399528",1,463733.545723986,463733.545723986,13.0470654113557
"1651","52511910B21548483035565",1,8854.0757276151,8854.0757276151,9.08863316618245
"1652","52511910B21980317252116",1,1761.74485558476,1761.74485558476,7.47405999214313
"1653","52511910B22102802824180",1,9560.72542698012,9560.72542698012,9.16541888464987
"1654","52511910B2226983620167",1,85237.472639116,85237.472639116,11.353196435833
"1655","52511910B22297779295169",1,13523.6268113773,13523.6268113773,9.51219356890233
"1656","52511910B22417450396653",1,10147.6485230777,10147.6485230777,9.22499728502651
"1657","52511910B23437445078556",1,63132.2730507739,63132.2730507739,11.0529873765867
"1658","52511910B24217315836254",1,21023.0355776083,21023.0355776083,9.95337404778203
"1659","52511910B2433100174245",1,87808.8825692251,87808.8825692251,11.3829179427205
"1660","52511910B24338772487994",1,6614.24777281198,6614.24777281198,8.79698135471063
"1661","52511910B24425392494170",1,26789.6553320467,26789.6553320467,10.1957710969108
"1662","52511910B24462040337349",1,40909.8165715383,40909.8165715383,10.6191253272062
"1663","52511910B24789968471650",1,241051.083705615,241051.083705615,12.3927641555947
"1664","52511910B24890266463781",1,111772.90724013,111772.90724013,11.6242244779578
"1665","52511910B24911018318465",1,78186.31515203,78186.31515203,11.2668499131636
"1666","52511910B25870488928169",1,1368.1925713855,1368.1925713855,7.22124585683218
"1667","52511910B26024129556324",1,100092.201544938,100092.201544938,11.5138470556245
"1668","52511910B26321075911025",1,104509.970802998,104509.970802998,11.5570377602181
"1669","52511910B26426295483490",1,43807.317541835,43807.317541835,10.6875561495756
"1670","52511910B26440140856632",1,93115.04428914,93115.04428914,11.4415910430046
"1671","52511910B26517515062770",1,32361.3757642289,32361.3757642289,10.3847208846145
"1672","52511910B26605642536320",1,15476.9301913487,15476.9301913487,9.64710581942567
"1673","52511910B27035674370402",1,27892.2293901966,27892.2293901966,10.2361034125361
"1674","52511910B27389223998758",1,101699.5618554,101699.5618554,11.5297782738209
"1675","52511910B27691000187918",1,122631.956694424,122631.956694424,11.7169429267115
"1676","52511910B27783301561641",1,1061.4793354334,1061.4793354334,6.96741881362777
"1677","52511910B27876515321702",1,46016.9172388338,46016.9172388338,10.7367643739235
"1678","52511910B28036042271757",1,166617.498313866,166617.498313866,12.0234560350954
"1679","52511910B28406755893597",1,6670.15498951099,6670.15498951099,8.80539837544794
"1680","52511910B28476693424992",1,67544.9981261123,67544.9981261123,11.120549293661
"1681","52511910B28710323112279",1,9307.05866526494,9307.05866526494,9.13852838751439
"1682","52511910B29325635095698",1,249518.080433054,249518.080433054,12.4272866582137
"1683","52511910B29818712056723",1,29965.4392894462,29965.4392894462,10.3077999728698
"1684","52511910B30663215399885",1,70887.100436582,70887.100436582,11.1688437557214
"1685","52511910B30709967967550",1,121213.559427707,121213.559427707,11.7053092228259
"1686","52511910B30715783231624",1,31236.0666310333,31236.0666310333,10.349328687929
"1687","52511910B30774246387934",1,25185.6219065365,25185.6219065365,10.1340285514042
"1688","52511910B30880402907345",1,41077.974462171,41077.974462171,10.6232273556743
"1689","52511910B3088598520620",1,41497.5908524813,41497.5908524813,10.6333906527863
"1690","52511910B3092467574862",1,32588.0600852488,32588.0600852488,10.3917012452133
"1691","52511910B30977236715140",1,95594.8405091662,95594.8405091662,11.4678741280137
"1692","52511910B31003231188752",1,24108.1483502172,24108.1483502172,10.090305168152
"1693","52511910B3118715998086",1,4708.71667379838,4708.71667379838,8.45717068147622
"1694","52511910B31268860247424",1,86978.5289443865,86978.5289443865,11.3734165734354
"1695","52511910B31717620625581",1,24650.9204616112,24650.9204616112,10.1125695200155
"1696","52511910B3173449865557",1,32214.4208452017,32214.4208452017,10.380169483612
"1697","52511910B31970606922462",1,27773.7588420448,27773.7588420448,10.2318469273544
"1698","52511910B32484376841800",1,4283.13426152159,4283.13426152159,8.36244032466586
"1699","52511910B32855735947523",1,26465.6293064013,26465.6293064013,10.1836021628267
"1700","52511910B33100646615087",1,47594.3202563252,47594.3202563252,10.7704687107539
"1701","52511910B33929030594907",1,108769.174795296,108769.174795296,11.5969832533651
"1702","52511910B34768840903386",1,89739.818288873,89739.818288873,11.4046698546658
"1703","52511910B35262105049161",1,47054.2375361785,47054.2375361785,10.7590562054889
"1704","52511910B3549258104854",1,17342.7183272265,17342.7183272265,9.76092800432402
"1705","52511910B3606287647189",1,15146.482012284,15146.482012284,9.62552357356221
"1706","52511910B36399926613491",1,203115.837226491,203115.837226491,12.2215317220099
"1707","52511910B36549244443661",1,3287.78076449546,3287.78076449546,8.09796807648815
"1708","52511910B37391519791178",1,34463.1302148716,34463.1302148716,10.4476453421397
"1709","52511910B37639564414460",1,39378.4109248048,39378.4109248048,10.5809729990378
"1710","52511910B37647459697968",1,22990.902492295,22990.902492295,10.0428538728499
"1711","52511910B37723179298847",1,6590.597667757,6590.597667757,8.79339931651878
"1712","52511910B38320737099141",1,9393.85258026896,9393.85258026896,9.14781077349691
"1713","52511910B38482668702502",1,226274.733977831,226274.733977831,12.329505177036
"1714","52511910B39021201460320",1,63860.2208767678,63860.2208767678,11.0644519250283
"1715","52511910B39647585180353",1,68224.8210900381,68224.8210900381,11.1305637232211
"1716","52511910B398222474379",1,2274.5971056021,2274.5971056021,7.72955821926299
"1717","52511910B3988585053627",1,1166.2621271517,1166.2621271517,7.06155915052267
"1718","52511910B39925062868722",1,28485.1684174229,28485.1684174229,10.2571388243921
"1719","52511910B4018321552262",1,19906.3197844537,19906.3197844537,9.89879253740387
"1720","52511910B4023851996912",1,12362.8429909992,12362.8429909992,9.42245072001519
"1721","52511910B40379944508344",1,24025.8469376722,24025.8469376722,10.0868854855656
"1722","52511910B40704082736400",1,106022.02003833,106022.02003833,11.5714020877307
"1723","52511910B40762326804108",1,18660.8678515849,18660.8678515849,9.83418398197927
"1724","52511910B40907976300093",1,119500.067989088,119500.067989088,11.6910722192999
"1725","52511910B40932238962124",1,1966.36625827611,1966.36625827611,7.58394257952913
"1726","52511910B41349980343036",1,39238.202525819,39238.202525819,10.577406105439
"1727","52511910B41569626445575",1,42739.2145654325,42739.2145654325,10.6628721516671
"1728","52511910B41832053670190",1,61478.2403420664,61478.2403420664,11.026438575611
"1729","52511910B41847670787440",1,1410.0667123712,1410.0667123712,7.25139229599139
"1730","52511910B41918855057041",1,61056.3573904868,61056.3573904868,11.0195526082776
"1731","52511910B42295955196197",1,25597.7149374393,25597.7149374393,10.1502583662274
"1732","52511910B42739382471676",1,55767.1500237741,55767.1500237741,10.9289402657607
"1733","52511910B42807411813200",1,10115.7294283981,10115.7294283981,9.22184686053596
"1734","52511910B43288181316884",1,56154.7120298027,56154.7120298027,10.935865875253
"1735","52511910B43412485397625",1,49201.1605650642,49201.1605650642,10.803672490923
"1736","52511910B43880613502989",1,28017.5503769514,28017.5503769514,10.2405863919776
"1737","52511910B44183742195819",1,171337.07280151,171337.07280151,12.0513880812208
"1738","52511910B44653158831279",1,69904.1990040376,69904.1990040376,11.1548809980062
"1739","52511910B45067846009416",1,284823.442602195,284823.442602195,12.5596247676402
"1740","52511910B45111644423638",1,156209.107332618,156209.107332618,11.9589508202746
"1741","52511910B45186727587827",1,127467.557919734,127467.557919734,11.755617163515
"1742","52511910B45758904415578",1,45956.0181404732,45956.0181404732,10.7354400907089
"1743","52511910B46327040282414",1,159509.2671634,159509.2671634,11.9798573008571
"1744","52511910B46580896438278",1,22069.5481139971,22069.5481139971,10.0019540239164
"1745","52511910B46875128491",1,136525.044221773,136525.044221773,11.82426335093
"1746","52511910B47006759189229",1,44078.5329860467,44078.5329860467,10.6937281625572
"1747","52511910B47108576517123",1,32510.1657704828,32510.1657704828,10.3893081123462
"1748","52511910B47117449404442",1,10552.4741588648,10552.4741588648,9.26411562883724
"1749","52511910B47244734334087",1,6752.42924369524,6752.42924369524,8.81765760707729
"1750","52511910B47715712995546",1,95054.1716503095,95054.1716503095,11.4622022359625
"1751","52511910B47928826922149",1,1507.9692121284,1507.9692121284,7.31851913199901
"1752","52511910B4802898208422",1,21484.718672153,21484.718672153,9.97509720197177
"1753","52511910B48556697809502",1,28153.171520151,28153.171520151,10.2454152922359
"1754","52511910B4874504546565",1,210816.169892974,210816.169892974,12.2587417999797
"1755","52511910B48822656668811",1,4965.71657324508,4965.71657324508,8.51031289098891
"1756","52511910B49041277824691",1,1985.58538027998,1985.58538027998,7.59366905155054
"1757","52511910B49246730473855",1,50045.9497747759,50045.9497747759,10.820696857888
"1758","52511910B49284203349487",1,28156.7216370262,28156.7216370262,10.245541384355
"1759","52511910B49336497562900",1,95163.14840586,95163.14840586,11.4633480492611
"1760","52511910B49397347460294",1,19456.4983753689,19456.4983753689,9.87593639994815
"1761","52511910B4946947315760",1,88724.5581426598,88724.5581426598,11.3932919974252
"1762","52511910B49492134849249",1,60163.8197804263,60163.8197804263,11.0048264502987
"1763","52511910B49637011657057",1,37777.1286292104,37777.1286292104,10.5394591357641
"1764","52511910B4969786063416",1,11632.1274954422,11632.1274954422,9.36152616046308
"1765","52511910B49699122775209",1,12568.0478605665,12568.0478605665,9.4389129880573
"1766","52511910B49735999236113",1,7862.74111151204,7862.74111151204,8.96989056654957
"1767","52511910B50234287801955",1,27694.1431688099,27694.1431688099,10.2289762318702
"1768","52511910B50474008293669",1,151709.728660908,151709.728660908,11.9297242942026
"1769","52511910B50770239456778",1,26303.3880692282,26303.3880692282,10.1774530337938
"1770","52511910B51634678228857",1,157517.631166225,157517.631166225,11.9672926748951
"1771","52511910B51671938708352",1,5307.07815572116,5307.07815572116,8.5767967096313
"1772","52511910B5173446134858",1,28624.8597895606,28624.8597895606,10.2620308426633
"1773","52511910B52040400722593",1,37681.3351700194,37681.3351700194,10.536920162511
"1774","52511910B52167757698823",1,36369.8106769337,36369.8106769337,10.5014943324941
"1775","52511910B52234359951443",1,38538.5309130052,38538.5309130052,10.5594138227417
"1776","52511910B52477730632252",1,28869.0923132435,28869.0923132435,10.2705268316793
"1777","52511910B53055897182204",1,14469.4136487637,14469.4136487637,9.57979229694988
"1778","52511910B53218930904512",1,3184.95258113243,3184.95258113243,8.06619267971095
"1779","52511910B53442502489936",1,167036.122123489,167036.122123489,12.02596536815
"1780","52511910B53659520741831",1,60460.7981320286,60460.7981320286,11.0097504692392
"1781","52511910B53728166380969",1,19768.6006710816,19768.6006710816,9.89185013323885
"1782","52511910B54123288304078",1,22264.3116801275,22264.3116801275,10.0107403023948
"1783","52511910B54132966107148",1,52706.1292242879,52706.1292242879,10.8724870318328
"1784","52511910B54429610497624",1,157170.414618605,157170.414618605,11.9650859390933
"1785","52511910B54492038659997",1,25624.1763227595,25624.1763227595,10.151291572422
"1786","52511910B54544949915679",1,119156.399637379,119156.399637379,11.6881921918472
"1787","52511910B54921877123299",1,16101.2534584371,16101.2534584371,9.68665240250336
"1788","52511910B55440888068193",1,5182.73689029963,5182.73689029963,8.55308855292271
"1789","52511910B55503333028627",1,35502.0848488389,35502.0848488389,10.4773467018754
"1790","52511910B55551570232595",1,60305.3443865075,60305.3443865075,11.0071760087465
"1791","52511910B55567443002533",1,6342.6797463442,6342.6797463442,8.75505663105519
"1792","52511910B55591891530874",1,15319.391276708,15319.391276708,9.63687470860883
"1793","52511910B558444185686",1,66194.0157700393,66194.0157700393,11.1003453416161
"1794","52511910B56209015841977",1,139906.531543911,139906.531543911,11.8487298467969
"1795","52511910B56958480946992",1,78136.7468153038,78136.7468153038,11.2662157349718
"1796","52511910B57035161982504",1,150660.671645802,150660.671645802,11.9227853793931
"1797","52511910B57239711193520",1,37793.9486103656,37793.9486103656,10.5399042791191
"1798","52511910B57344020400583",1,327068.20573329,327068.20573329,12.6979240083537
"1799","52511910B57885575775117",1,162944.60962059,162944.60962059,12.001165603759
"1800","52511910B58011485138839",1,3985.14564259601,3985.14564259601,8.29032913825935
"1801","52511910B5845387986633",1,6168.63695707512,6168.63695707512,8.72723317791968
"1802","52511910B58943778362560",1,14035.3497163125,14035.3497163125,9.54933440592855
"1803","52511910B59176200579981",1,29219.4029593026,29219.4029593026,10.2825882524917
"1804","52511910B59203276225690",1,5247.23357351633,5247.23357351633,8.56545627832701
"1805","52511910B59245920767717",1,11719.8473074865,11719.8473074865,9.36903903467467
"1806","52511910B59360103371589",1,8586.15997971173,8586.15997971173,9.05790688123516
"1807","52511910B59553354826271",1,11023.4446953719,11023.4446953719,9.30777961964907
"1808","52511910B59671861776280",1,10869.9521595675,10869.9521595675,9.29375757896183
"1809","52511910B59824272814460",1,67288.2442072239,67288.2442072239,11.1167408229191
"1810","52511910B60061263127196",1,33754.2587009941,33754.2587009941,10.4268618720733
"1811","52511910B60889717547120",1,200116.997779324,200116.997779324,12.2066574633875
"1812","52511910B61192023784720",1,18615.6014455127,18615.6014455127,9.83175529550889
"1813","52511910B61439489120441",1,47153.0624925459,47153.0624925459,10.7611542380742
"1814","52511910B6162382764157",1,167285.649676144,167285.649676144,12.0274581073016
"1815","52511910B61676244874246",1,24694.9168673587,24694.9168673587,10.1143527065936
"1816","52511910B61790844495814",1,28349.8186307247,28349.8186307247,10.2523759116301
"1817","52511910B62200479590982",1,5784.59360371786,5784.59360371786,8.66295338715457
"1818","52511910B62556379472396",1,4458.66139218631,4458.66139218631,8.4026038636831
"1819","52511910B62562257240113",1,99825.4531862264,99825.4531862264,11.511178471728
"1820","52511910B62922031863482",1,4570.18678498781,4570.18678498781,8.42730935504159
"1821","52511910B63167976390159",1,13820.1195064911,13820.1195064911,9.53388074464253
"1822","52511910B63672424305930",1,17599.9411559577,17599.9411559577,9.77565083760916
"1823","52511910B63745543652662",1,54784.2420834817,54784.2420834817,10.9111578783636
"1824","52511910B6389603869041",1,373587.841781252,373587.841781252,12.8309084413952
"1825","52511910B648094459248",1,55013.2880904875,55013.2880904875,10.9153300366789
"1826","52511910B65003852157868",1,11997.0533083621,11997.0533083621,9.39241634097943
"1827","52511910B65196754917234",1,71033.0402186622,71033.0402186622,11.1709004029717
"1828","52511910B65674101735888",1,30429.0877793216,30429.0877793216,10.3231542647658
"1829","52511910B65736953470193",1,15393.1990570062,15393.1990570062,9.64168107118411
"1830","52511910B66300742055958",1,8976.0565371292,8976.0565371292,9.10231592644242
"1831","52511910B66393591343605",1,22491.6245600007,22491.6245600007,10.0208982771156
"1832","52511910B66525116512935",1,26736.2774009359,26736.2774009359,10.19377662634
"1833","52511910B66692058551395",1,96007.1529526976,96007.1529526976,11.4721779775982
"1834","52511910B67044835484249",1,31512.3528671933,31512.3528671933,10.3581349024553
"1835","52511910B67072521171420",1,3904.77756070056,3904.77756070056,8.26995609796263
"1836","52511910B67244265985329",1,57986.8828034932,57986.8828034932,10.9679721053904
"1837","52511910B67503722299641",1,124956.60411327,124956.60411327,11.7357217889142
"1838","52511910B67569609565838",1,83614.1075988726,83614.1075988726,11.3339675360186
"1839","52511910B67622492960002",1,23426.8892216345,23426.8892216345,10.0616397536576
"1840","52511910B68145786967648",1,75639.2412430556,75639.2412430556,11.2337304915621
"1841","52511910B68305869820707",1,39919.597953554,39919.597953554,10.5946226590709
"1842","52511910B68505135665197",1,302117.115619397,302117.115619397,12.6185700212462
"1843","52511910B68559401871490",1,110446.274750891,110446.274750891,11.6122844803563
"1844","52511910B68600157990452",1,10752.6257628341,10752.6257628341,9.28290526073775
"1845","52511910B68602378722707",1,77685.1902227955,77685.1902227955,11.2604199161656
"1846","52511910B69050472249631",1,17207.3931962803,17207.3931962803,9.75309440744113
"1847","52511910B69477070610060",1,3901.1864099946,3901.1864099946,8.26903599354688
"1848","52511910B70153095650041",1,4263.92276062475,4263.92276062475,8.3579448513816
"1849","52511910B70290379794397",1,41607.0407524486,41607.0407524486,10.6360246807853
"1850","52511910B70456030054544",1,1494.79916260129,1494.79916260129,7.30974713740331
"1851","52511910B70473175587181",1,5189.36720032233,5189.36720032233,8.5543670420061
"1852","52511910B70638918104863",1,18664.698615842,18664.698615842,9.83438924419673
"1853","52511910B71032150875325",1,12519.9205544748,12519.9205544748,9.43507629914472
"1854","52511910B71538284073489",1,3602.40288405011,3602.40288405011,8.18935636957834
"1855","52511910B71690687423925",1,21436.6484171992,21436.6484171992,9.97285727914023
"1856","52511910B72557613719767",1,305824.532231709,305824.532231709,12.6307667923847
"1857","52511910B73336698759549",1,30831.3613895742,30831.3613895742,10.3362876778545
"1858","52511910B75183314272458",1,27143.0209278034,27143.0209278034,10.2088752362513
"1859","52511910B75402986028359",1,59889.1241753975,59889.1241753975,11.0002502012644
"1860","52511910B76288634877329",1,53178.911275112,53178.911275112,10.8814171921375
"1861","52511910B76622709081814",1,1980.84788417642,1980.84788417642,7.59128025635823
"1862","52511910B76643025216805",1,212438.507740128,212438.507740128,12.2664078501289
"1863","52511910B76864499188928",1,4903.66209586757,4903.66209586757,8.49773757146303
"1864","52511910B77222989775801",1,3992.93025723556,3992.93025723556,8.29228064065362
"1865","52511910B77517078586613",1,70930.9535234133,70930.9535234133,11.1694621972668
"1866","52511910B77588417233313",1,32116.2497808262,32116.2497808262,10.3771174047319
"1867","52511910B7774942695724",1,22914.6147202306,22914.6147202306,10.039530183371
"1868","52511910B78140930961679",1,2825.53708925327,2825.53708925327,7.94645374559966
"1869","52511910B78362812420952",1,232383.5944962,232383.5944962,12.3561447097995
"1870","52511910B78382154896940",1,2091.07892386195,2091.07892386195,7.6454354432701
"1871","52511910B7838707993704",1,22974.2624232618,22974.2624232618,10.0421298432597
"1872","52511910B78624558885304",1,71584.9189658074,71584.9189658074,11.1786397017942
"1873","52511910B79023193352255",1,34547.3926561034,34547.3926561034,10.4500873605335
"1874","52511910B79239618011253",1,125400.077516542,125400.077516542,11.739264525335
"1875","52511910B79351211043156",1,68983.3677735726,68983.3677735726,11.1416207077631
"1876","52511910B79904820365756",1,29483.9041683459,29483.9041683459,10.2915997720104
"1877","52511910B79940153361499",1,15562.4080592652,15562.4080592652,9.65261354535123
"1878","52511910B80020209032330",1,42370.1000644126,42370.1000644126,10.6541982052985
"1879","52511910B80553421723016",1,70429.7414803939,70429.7414803939,11.1623709171434
"1880","52511910B80611967822771",1,30598.4970110504,30598.4970110504,10.3287061694482
"1881","52511910B80613047181881",1,13610.1586608687,13610.1586608687,9.51857175324609
"1882","52511910B80624224978544",1,12764.3485421423,12764.3485421423,9.45441129368015
"1883","52511910B81270804246754",1,30676.7474832177,30676.7474832177,10.3312602356246
"1884","52511910B81672195550340",1,101165.988770652,101165.988770652,11.5245179000068
"1885","52511910B81807770672257",1,365639.702095793,365639.702095793,12.8094037070201
"1886","52511910B81868017791126",1,14499.517009477,14499.517009477,9.58187061816264
"1887","52511910B82181877276071",1,28670.77620397,28670.77620397,10.2636336322455
"1888","52511910B82353065981408",1,10939.6198588016,10939.6198588016,9.3001463275479
"1889","52511910B82588790657213",1,14310.0991131922,14310.0991131922,9.56872079867551
"1890","52511910B82760897224923",1,21654.2213579655,21654.2213579655,9.98295569631631
"1891","52511910B83187520966287",1,76795.4956393184,76795.4956393184,11.248901266886
"1892","52511910B83254623159264",1,64674.7606484528,64674.7606484528,11.0771263062117
"1893","52511910B83654747413473",1,69578.7166367593,69578.7166367593,11.1502140041087
"1894","52511910B8366046265197",1,1179.14952228257,1179.14952228257,7.07254871377068
"1895","52511910B83755823779571",1,27155.65370946,27155.65370946,10.2093405434423
"1896","52511910B84130893113897",1,159543.331221002,159543.331221002,11.9800708334089
"1897","52511910B84254778922177",1,3149.66353055458,3149.66353055458,8.05505091041752
"1898","52511910B8433520860340",1,9818.1257305,9818.1257305,9.19198552065741
"1899","52511910B8555120582575",1,83024.0729810046,83024.0729810046,11.3268858806422
"1900","52511910B85663060935330",1,42698.5870590209,42698.5870590209,10.6619211087166
"1901","52511910B85672644454395",1,200432.66941754,200432.66941754,12.208233655952
"1902","52511910B8569683364670",1,92052.4279026737,92052.4279026737,11.4301135622251
"1903","52511910B85706759339541",1,27476.9577972484,27476.9577972484,10.2211030341398
"1904","52511910B86399036189677",1,25628.0491261131,25628.0491261131,10.1514426996493
"1905","52511910B8640641883305",1,13618.2316484787,13618.2316484787,9.51916473636076
"1906","52511910B86463604693023",1,23665.1762124162,23665.1762124162,10.0717598884321
"1907","52511910B86635109020715",1,9651.78552872193,9651.78552872193,9.1748982061004
"1908","52511910B86664130512952",1,4687.15378149264,4687.15378149264,8.45258080760265
"1909","52511910B86675185737242",1,105950.152542431,105950.152542431,11.5707240034541
"1910","52511910B86901151057582",1,35937.9523400221,35937.9523400221,10.4895491843133
"1911","52511910B8694284014765",1,27865.0254777457,27865.0254777457,10.2351276143311
"1912","52511910B87526029786391",1,10321.8396771779,10321.8396771779,9.24201728644097
"1913","52511910B87738681480797",1,2255.88004565632,2255.88004565632,7.72129543995268
"1914","52511910B88737921309662",1,182736.693516018,182736.693516018,12.1158015624632
"1915","52511910B89393531563013",1,106157.608349421,106157.608349421,11.5726801400166
"1916","52511910B89557374460695",1,2283.48277293266,2283.48277293266,7.73345708844624
"1917","52511910B90052363141845",1,8335.75706649473,8335.75706649473,9.02830962087352
"1918","52511910B9027234137610",1,27160.655618115,27160.655618115,10.2095247204871
"1919","52511910B9049907467318",1,2793.38531917413,2793.38531917413,7.9350095153177
"1920","52511910B90712224530022",1,86043.8259052419,86043.8259052419,11.3626120489812
"1921","52511910B90795941917739",1,9877.77120703569,9877.77120703569,9.19804217896107
"1922","52511910B90991611037176",1,2295.13625172643,2295.13625172643,7.73854748967636
"1923","52511910B91175598455743",1,20783.163044805,20783.163044805,9.94189846889271
"1924","52511910B91354507826004",1,178959.348489115,178959.348489115,12.0949139556182
"1925","52511910B92065650444302",1,69555.3546624459,69555.3546624459,11.1498781845022
"1926","52511910B92188863099631",1,53612.2078447506,53612.2078447506,10.8895320794235
"1927","52511910B92709587856848",1,41191.4138254588,41191.4138254588,10.6259851113242
"1928","52511910B92990516943265",1,52099.3566812956,52099.3566812956,10.8609078798974
"1929","52511910B93540688501820",1,56691.3838761086,56691.3838761086,10.9453775183118
"1930","52511910B93844416805291",1,32887.5928231791,32887.5928231791,10.4008507477901
"1931","52511910B93975188491166",1,8052.95969048636,8052.95969048636,8.99379496625543
"1932","52511910B94067910328765",1,34314.1886044784,34314.1886044784,10.4433142095577
"1933","52511910B94409074074623",1,10508.8928650138,10508.8928650138,9.25997711721983
"1934","52511910B94458762678017",1,30086.0883400115,30086.0883400115,10.3118181625033
"1935","52511910B94488542881377",1,35722.1001106346,35722.1001106346,10.4835248269529
"1936","52511910B94627775761425",1,44680.9396519685,44680.9396519685,10.7073022836685
"1937","52511910B94675128167590",1,158813.899289953,158813.899289953,11.9754883509797
"1938","52511910B95098417504855",1,24349.9823424956,24349.9823424956,10.1002864033563
"1939","52511910B95362195406961",1,64179.7288181201,64179.7288181201,11.0694426893218
"1940","52511910B95398494564210",1,25196.7142603005,25196.7142603005,10.1344688785024
"1941","52511910B954183777842",1,98424.6702578289,98424.6702578289,11.4970467656192
"1942","52511910B95850947838113",1,40957.1059444954,40957.1059444954,10.6202806015652
"1943","52511910B95876228816034",1,17516.7678082261,17516.7678082261,9.77091386163893
"1944","52511910B95956240331763",1,57355.68631357,57355.68631357,10.9570272687072
"1945","52511910B96063333949316",1,27016.4801605613,27016.4801605613,10.2042023350997
"1946","52511910B96194264601254",1,172762.823850777,172762.823850777,12.0596749724538
"1947","52511910B96314718972571",1,6193.76549652941,6193.76549652941,8.73129850003754
"1948","52511910B9639721186799",1,18938.6679157055,18938.6679157055,9.84896103246654
"1949","52511910B96811995525646",1,7638.84073713232,7638.84073713232,8.94100113467005
"1950","52511910B97040583536387",1,271640.73290018,271640.73290018,12.512235637281
"1951","52511910B97060806511909",1,14483.2301874078,14483.2301874078,9.5807467203021
"1952","52511910B97228601381981",1,96451.2934622707,96451.2934622707,11.4767934289466
"1953","52511910B97258167764484",1,143093.32409772,143093.32409772,11.8712523124488
"1954","52511910B97596648855860",1,14453.261838786,14453.261838786,9.57867540085472
"1955","52511910B98030585757527",1,210381.882968617,210381.882968617,12.2566796485746
"1956","52511910B98629971413037",1,90318.0100435846,90318.0100435846,11.411092166291
"1957","52511910B98838605252897",1,78324.4141247191,78324.4141247191,11.2686146357378
"1958","52511910B98966812491458",1,11266.5752585443,11266.5752585443,9.32959567962313
"1959","52511910B99182661436347",1,15603.3602213233,15603.3602213233,9.65524156884541
"1960","52511910B99479800826846",1,29450.634614906,29450.634614906,10.2904707377408
"1961","52511910B99923381863543",1,260269.831521309,260269.831521309,12.469474185385
"1962","54806243B24177068581900",1,22995.4936997018,22995.4936997018,10.0430535496153
"1963","54806243B24736520064001",1,5289.64223128616,5289.64223128616,8.57350589142843
"1964","54806243B31598332414602",1,18881.8434948175,18881.8434948175,9.84595607766673
"1965","54806243B35182777115371",1,15204.3599068091,15204.3599068091,9.62933750167908
"1966","54806243B37030800305867",1,35130.8616543308,35130.8616543308,10.4668352725518
"1967","54806243B39902865855878",1,12772.0836242358,12772.0836242358,9.45501710127924
"1968","54806243B45246983413139",1,18213.4071774864,18213.4071774864,9.80991325996913
"1969","54806243B53408209397741",1,27421.0374809099,27421.0374809099,10.2190657890493
"1970","54806243B63439547813391",1,17990.1313261223,17990.1313261223,9.79757862686915
"1971","54806243B75063146976266",1,43420.517640145,43420.517640145,10.6786873650596
"1972","54806243B77256668678203",1,21424.034088668,21424.034088668,9.97226865907364
"1973","54806243B82377713639337",1,25876.5222724713,25876.5222724713,10.1610913606235
"1974","54806243B86213796006306",1,13258.0103362159,13258.0103362159,9.49235720242208
"1975","54806243B87203647312357",1,35739.0730918578,35739.0730918578,10.4839998536221
"1976","54806243B94049695907039",1,7301.70135167281,7301.70135167281,8.89586266185477
"1977","60261553B98033082841224",1,93938.4097146684,93938.4097146684,11.4503946307031
"1978","65221844B21568199301359",1,320884.015349642,320884.015349642,12.678835013921
"1979","65221844B3325932502431",1,117529.44066133,117529.44066133,11.6744441400016
"1980","65221844B37057547030311",1,31652.060824974,31652.060824974,10.3625585384059
"1981","65221844B53255720811613",1,134918.553791137,134918.553791137,11.8124265701079
"1982","65221844B64352145242214",1,68757.4496151469,68757.4496151469,11.138340367697
"1983","65221844B660734165567",1,97171.7992186734,97171.7992186734,11.4842358168571
"1984","65221844B83452679821580",1,257.706640332937,257.706640332937,5.55182188501333
"1985","65221844B91551715822340",1,110536.598381791,110536.598381791,11.613101952178
"1986","65221844B93227578092779",1,86661.0689660334,86661.0689660334,11.3697600303901
"1987","65221844B93866494923153",1,53867.9410091799,53867.9410091799,10.8942907934698
"1988","65221844B99203907341133",1,50303.3685177136,50303.3685177136,10.8258273223886
"1989","74100532B19516932260818",1,5603.67637454669,5603.67637454669,8.63117815677913
"1990","74100532B3675352926720",1,4254.96271086588,4254.96271086588,8.35584127736529
"1991","74100532B52002127383103",1,3282.61541548257,3282.61541548257,8.09639576640652
"1992","74100532B54294973205276",1,NA,NA,NA
"1993","74100532B54588500691901",1,35250.4657556979,35250.4657556979,10.4702340210807
"1994","74100532B56248932917605",1,1685.86012404069,1685.86012404069,7.43003117191773
"1995","74100532B88993889644511",1,5381.10790701216,5381.10790701216,8.59064956262642
"1996","74100532B93709990123087",1,7913.75045978048,7913.75045978048,8.97635708995727
"1997","76128533B20752885472650",1,2749452.74149826,2749452.74149826,14.8269124467475
"1998","76128533B22587307937261",1,324357.0599949,324357.0599949,12.6896002249987
"1999","76128533B24861976740713",1,838806.71164508,838806.71164508,13.6397355794622
"2000","76128533B25373378863054",1,3843980.37223327,3843980.37223327,15.1620189429805
"2001","76128533B28294794137747",1,3151376.878169,3151376.878169,14.9633500194802
"2002","76128533B28397307540277",1,120601.399649671,120601.399649671,11.7002461689265
"2003","76128533B284680734793",1,1404031.8082971,1404031.8082971,14.1548585187935
"2004","76128533B31246189674263",1,642529.669654139,642529.669654139,13.3731682731353
"2005","76128533B34216851275023",1,1974372.93231692,1974372.93231692,14.4957614032784
"2006","76128533B49394025943542",1,439303.697136893,439303.697136893,12.9929462459014
"2007","76128533B55622097933343",1,2436455.93737172,2436455.93737172,14.7060550567072
"2008","76128533B58797478961083",1,1092839.17285994,1092839.17285994,13.9042896134775
"2009","76128533B72109128179340",1,2328625.67129539,2328625.67129539,14.6607888108717
"2010","76128533B72829420975835",1,451751.879599476,451751.879599476,13.020888369153
"2011","76128533B81147724102706",1,1615734.9911276,1615734.9911276,14.2953005139764
"2012","76128533B88812350838807",1,3697334.67253446,3697334.67253446,15.1231227592569
"2013","76128533B95075104846315",1,2814609.47720915,2814609.47720915,14.8503340806992
"2014","76128533B98951704707517",1,1235082.58727477,1235082.58727477,14.0266483980956
"2015","77236927B19394632379581",1,5571.34536847814,5571.34536847814,8.62539184208206
"2016","77236927B24909731902413",1,3530.01995154294,3530.01995154294,8.16905880190654
"2017","77236927B40431360126678",1,3231.07394131225,3231.07394131225,8.08056985052465
"2018","77236927B47218530990891",1,918.262539504767,918.262539504767,6.82248334047887
"2019","77236927B63418931336998",1,421.779901258796,421.779901258796,6.04448361697765
"2020","77236927B67175476765241",1,672.580952304393,672.580952304393,6.5111224794053
"2021","77236927B67758893467366",1,5478.10670453942,5478.10670453942,8.60851482837363
"2022","77236927B7031422019545",1,3327.96927229103,3327.96927229103,8.11011756881285
"2023","77236927B97444346691075",1,264.4541577975,264.4541577975,5.57766791982174
"2024","78962969B12315134210543",1,70611.6356481377,70611.6356481377,11.1649502207817
"2025","78962969B124127950109",1,88802.4690562912,88802.4690562912,11.3941697332817
"2026","78962969B1514020296761",1,65186.0069076631,65186.0069076631,11.0850001069004
"2027","78962969B32380434667170",1,27331.4387356863,27331.4387356863,10.2157929206279
"2028","78962969B3300924250293",1,43850.9244550217,43850.9244550217,10.6885510797907
"2029","78962969B34632522094222",1,8342.6379543431,8342.6379543431,9.02913474682001
"2030","78962969B3750900919123",1,53246.3981998598,53246.3981998598,10.8826854418448
"2031","78962969B42401089458559",1,52445.774987686,52445.774987686,10.8675350574376
"2032","78962969B53971782347722",1,64497.1125338012,64497.1125338012,11.074375734864
"2033","78962969B56019548429008",1,23568.0728492993,23568.0728492993,10.0676482297236
"2034","78962969B56380938562562",1,66376.7154338246,66376.7154338246,11.1031016027877
"2035","78962969B56778840281183",1,31923.0657123489,31923.0657123489,10.3710840905718
"2036","78962969B64090503691360",1,20639.8416561326,20639.8416561326,9.93497854786707
"2037","78962969B7513532237897",1,37434.5138993577,37434.5138993577,10.530348389389
"2038","78962969B77729617047894",1,41384.9789080515,41384.9789080515,10.6306732656674
"2039","78962969B84478768396054",1,41470.8052928261,41470.8052928261,10.6327449717359
"2040","78962969B87501565170923",1,6260.23579658742,6260.23579658742,8.74197313057124
"2041","78962969B93430934816346",1,31154.5381232705,31154.5381232705,10.3467151997447
"2042","78962969B98513792826345",1,55936.6179019338,55936.6179019338,10.931974505542
"2043","811477B14378531582745",1,362645.249997589,362645.249997589,12.8011803626707
"2044","811477B14604882174662",1,41942.3653179431,41942.3653179431,10.6440517005276
"2045","811477B16566430177620",1,207270.043414843,207270.043414843,12.2417777796113
"2046","811477B18310257364605",1,315897.026888007,315897.026888007,12.6631715751853
"2047","811477B25825438233887",1,250511.017778136,250511.017778136,12.4312581816861
"2048","811477B25883499067211",1,356899.764686327,356899.764686327,12.7852102501514
"2049","811477B28478756836533",1,96451.2930619796,96451.2930619796,11.4767934247964
"2050","811477B39607873934599",1,1688732.04222259,1688732.04222259,14.339488534431
"2051","811477B56871273530804",1,302617.001150784,302617.001150784,12.6202232623364
"2052","811477B62189271457838",1,403377.033161272,403377.033161272,12.9076269697166
"2053","811477B72713062491295",1,187231.523352366,187231.523352366,12.1401012228253
"2054","811477B76079196680342",1,609760.81199822,609760.81199822,13.3208220477754
"2055","811477B85931941465938",1,1021086.43117401,1021086.43117401,13.8363777470154
"2056","811477B95270130907669",1,1196830.56015433,1196830.56015433,13.9951874207647
"2057","811477B98251236727118",1,442641.427738197,442641.427738197,13.0005153030733
"2058","811477B9927765921058",1,255900.606948339,255900.606948339,12.4525443939635
"2059","81297802B1045120286230",1,72323.9170102316,72323.9170102316,11.1889101557983
"2060","81297802B10763760406842",1,87815.3088482567,87815.3088482567,11.3829911248827
"2061","81297802B10780873415993",1,145248.797707502,145248.797707502,11.8862033972789
"2062","81297802B11022979046189",1,67465.1615116308,67465.1615116308,11.1193666178683
"2063","81297802B11071874803157",3,70240.7689530197,210722.306859059,12.258296464426
"2064","81297802B11134761285152",1,102796.997595942,102796.997595942,11.5405114253115
"2065","81297802B11658146957456",1,59184.9171928484,59184.9171928484,10.9884220112631
"2066","81297802B12079916150099",3,32485.7549995699,97457.2649987097,11.4871692531955
"2067","81297802B12405297659236",1,184119.057350625,184119.057350625,12.1233378781626
"2068","81297802B12421029194754",2,112473.487314989,224946.974629978,12.3236199851012
"2069","81297802B12468750690576",4,160657.270499419,642629.081997676,13.3733229814056
"2070","81297802B12813150904873",1,72218.2580848164,72218.2580848164,11.1874481749728
"2071","81297802B12977108616150",3,48599.3749773628,145798.124932088,11.8899782379259
"2072","81297802B13550924224659",3,43648.8160862159,130946.448258648,11.7825437266864
"2073","81297802B13645799597087",1,52065.2029363477,52065.2029363477,10.8602521147063
"2074","81297802B14141540631295",1,97191.0513828182,97191.0513828182,11.4844339222476
"2075","81297802B14659466260998",3,65902.6549026845,197707.964708054,12.1945462951861
"2076","81297802B15613357308975",1,158891.172698373,158891.172698373,11.9759747984227
"2077","81297802B16083563480391",3,99895.1568325831,299685.470497749,12.6104887719752
"2078","81297802B17638458778811",1,95025.2664454212,95025.2664454212,11.4618980978043
"2079","81297802B18152468964479",2,70189.6764481028,140379.352896206,11.8521037006158
"2080","81297802B18173194226488",2,149001.814712833,298003.629425666,12.6048609446941
"2081","81297802B18343005733844",1,146788.721896072,146788.721896072,11.8967495658902
"2082","81297802B19242536298701",3,90825.6198682113,272476.859604634,12.5153089705975
"2083","81297802B19362557849536",1,81112.3529207006,81112.3529207006,11.3035905456524
"2084","81297802B19798201223775",1,103229.342492955,103229.342492955,11.5447084180986
"2085","81297802B20968372540645",1,123649.025254869,123649.025254869,11.72520238982
"2086","81297802B2130126961507",3,157003.20714054,471009.62142162,13.0626338004367
"2087","81297802B21956500009646",1,74774.9012717195,74774.9012717195,11.2222375631592
"2088","81297802B21968879828656",1,113962.345462347,113962.345462347,11.6436233698527
"2089","81297802B21970288414729",1,233754.893854087,233754.893854087,12.3620283832059
"2090","81297802B21993860278161",2,69611.3736667061,139222.747333412,11.8438304282832
"2091","81297802B22157258808987",1,133864.605991423,133864.605991423,11.8045841650827
"2092","81297802B22502411355715",1,93061.1753261084,93061.1753261084,11.4410123550858
"2093","81297802B23145234920875",1,115084.901402576,115084.901402576,11.6534254080218
"2094","81297802B23204917551818",1,108167.987453901,108167.987453901,11.5914407370514
"2095","81297802B2331859269186",1,207093.076036509,207093.076036509,12.240923613877
"2096","81297802B23821385944469",1,99861.6190697612,99861.6190697612,11.5115406973195
"2097","81297802B23878626253121",1,172915.451656005,172915.451656005,12.0605580352666
"2098","81297802B23970425053168",2,85728.9289700714,171457.857940143,12.0520927890959
"2099","81297802B24165490506756",1,75019.1563322797,75019.1563322797,11.2254987776686
"2100","81297802B24299836434530",3,109344.146561351,328032.439684053,12.7008677839516
"2101","81297802B24308322432437",1,30681.4645723072,30681.4645723072,10.3314139913792
"2102","81297802B25708049906691",1,47090.7067904845,47090.7067904845,10.7598309524791
"2103","81297802B25831565259333",1,125740.950566307,125740.950566307,11.7419791216851
"2104","81297802B26729031323268",1,68439.4196036281,68439.4196036281,11.1337042476024
"2105","81297802B27308287932068",2,55554.9716940387,111109.943388077,11.6182754710655
"2106","81297802B27432396017289",2,84485.461509908,168970.923019816,12.0374819259652
"2107","81297802B28152038240632",1,131043.853168008,131043.853168008,11.7832873031724
"2108","81297802B28789600266311",1,197414.047978309,197414.047978309,12.1930585684864
"2109","81297802B29202402001629",1,103947.875302565,103947.875302565,11.5516448534675
"2110","81297802B29351066345319",2,58849.3146021425,117698.629204285,11.6758826466579
"2111","81297802B29420287983322",1,91771.2758988827,91771.2758988827,11.4270546289406
"2112","81297802B29506934186430",1,89515.4902408113,89515.4902408113,11.4021669646035
"2113","81297802B29926011513196",1,107766.427317894,107766.427317894,11.5877214540522
"2114","81297802B30186135932553",1,127852.319907431,127852.319907431,11.7586311260958
"2115","81297802B30905014988311",1,162035.017411706,162035.017411706,11.9955677477184
"2116","81297802B31270346353021",1,111101.827875932,111101.827875932,11.618202428021
"2117","81297802B31644345342604",1,76548.4491127872,76548.4491127872,11.2456791410868
"2118","81297802B31840185218616",1,96695.5453886295,96695.5453886295,11.4793226140786
"2119","81297802B31894177777214",2,69078.2185637892,138156.437127578,11.8361419244711
"2120","81297802B3249391660958",1,116566.810274782,116566.810274782,11.6662198663653
"2121","81297802B32908759949092",2,84395.4258666733,168790.851733347,12.0364156637828
"2122","81297802B33082020704537",1,78873.7047202683,78873.7047202683,11.2756031777786
"2123","81297802B33091662264636",2,95886.2634045072,191772.526809014,12.1640651924284
"2124","81297802B33733008951227",1,122743.333413476,122743.333413476,11.7178507339047
"2125","81297802B33900605812276",1,66276.7480907948,66276.7480907948,11.1015944071322
"2126","81297802B33972751107769",1,26528.8757591921,26528.8757591921,10.1859890700255
"2127","81297802B34920687321908",1,115214.406946024,115214.406946024,11.6545500797199
"2128","81297802B35079403712963",1,95817.5296917756,95817.5296917756,11.4702009293886
"2129","81297802B35670860897871",2,74230.2674067144,148460.534813429,11.9080744430726
"2130","81297802B35959496403420",1,83679.5439054401,83679.5439054401,11.3347498288231
"2131","81297802B36566531846362",2,56192.658558491,112385.317116982,11.629688577277
"2132","81297802B3696641207460",1,100616.353550066,100616.353550066,11.5190700835761
"2133","81297802B37103290877054",2,53777.8588708046,107555.717741609,11.5857642968495
"2134","81297802B37110717960369",1,60264.8591532078,60264.8591532078,11.0065044458955
"2135","81297802B37279419107484",1,86413.9181908147,86413.9181908147,11.36690403199
"2136","81297802B37600217906847",2,121260.1755943,242520.3511886,12.3988409082656
"2137","81297802B38321972927223",1,173411.7819268,173411.7819268,12.0634242875417
"2138","81297802B38356347526872",1,101337.180101048,101337.180101048,11.5262086525232
"2139","81297802B3855346019179",1,114882.915264261,114882.915264261,11.651668760564
"2140","81297802B38910067880652",1,120945.444145693,120945.444145693,11.7030948480753
"2141","81297802B3900213451305",1,40864.808534975,40864.808534975,10.6180245446334
"2142","81297802B3906213091507",1,156497.656246297,156497.656246297,11.9607963127882
"2143","81297802B40676303665635",2,208162.028730916,416324.057461832,12.9392192202759
"2144","81297802B40785510400399",1,61203.8512279968,61203.8512279968,11.0219653950825
"2145","81297802B40834484476285",1,NA,NA,NA
"2146","81297802B41330613652559",1,98735.7898997144,98735.7898997144,11.5002027726591
"2147","81297802B41688796411548",1,88728.2470879711,88728.2470879711,11.3933335740608
"2148","81297802B4221517004962",3,221038.894083001,663116.682249003,13.4047062450091
"2149","81297802B42641748496229",1,79315.665753685,79315.665753685,11.2811909386002
"2150","81297802B42689754920120",1,75183.3968173996,75183.3968173996,11.2276856985582
"2151","81297802B42785936874032",1,218824.697771433,218824.697771433,12.2960262214569
"2152","81297802B42791937018990",1,18237.6250139385,18237.6250139385,9.81124204758142
"2153","81297802B4294080644708",2,158502.614031308,317005.228062616,12.6666735450345
"2154","81297802B43105107768719",1,240812.073683737,240812.073683737,12.3917721310425
"2155","81297802B44635779635670",4,117247.016031244,468988.064124976,13.0583325974777
"2156","81297802B4597997720172",2,46011.0125019107,92022.0250038214,11.4297832295945
"2157","81297802B46228878369339",3,86723.9585830405,260171.875749121,12.4690977521669
"2158","81297802B46675680885513",3,71305.1729637397,213915.518891219,12.2733364445248
"2159","81297802B46977673973725",1,176030.987728409,176030.987728409,12.0784153251611
"2160","81297802B47304896634130",1,31502.022949153,31502.022949153,10.3578070433597
"2161","81297802B47494931699472",1,15411.8919898005,15411.8919898005,9.6428946975331
"2162","81297802B47590181438391",3,168232.618039314,504697.854117942,13.1317152205221
"2163","81297802B47692200365960",1,128814.720681275,128814.720681275,11.7661303771254
"2164","81297802B47963627673209",3,119301.087845778,357903.263537334,12.7880180152857
"2165","81297802B48396752750587",1,104157.09486368,104157.09486368,11.5536555659597
"2166","81297802B48433290328639",1,220467.366991951,220467.366991951,12.3035049674153
"2167","81297802B48632704069528",1,99136.0091285407,99136.0091285407,11.5042480158575
"2168","81297802B50427055609681",3,128422.687464755,385268.062394265,12.8616946369484
"2169","81297802B51483513425235",1,173016.756928743,173016.756928743,12.061143729649
"2170","81297802B51785257245499",1,56690.8618690555,56690.8618690555,10.9453683103966
"2171","81297802B52387636717940",4,83570.4369099979,334281.747639992,12.719739472174
"2172","81297802B5241398972305",3,287682.271167687,863046.813503061,13.6682242136732
"2173","81297802B53129181429645",3,90572.320593735,271716.961781205,12.5125162218104
"2174","81297802B53771614429572",1,79353.9739852892,79353.9739852892,11.2816738064307
"2175","81297802B5400707592531",2,89702.788223097,179405.576446194,12.0974043119933
"2176","81297802B54089788823696",1,219484.397054737,219484.397054737,12.2990364249377
"2177","81297802B54877143810300",3,127884.462223124,383653.386669372,12.8574947850642
"2178","81297802B55071935880129",4,74288.3475142655,297153.390057062,12.6020037493014
"2179","81297802B55266176914642",1,131566.930304554,131566.930304554,11.7872709768158
"2180","81297802B55456276640785",1,64341.0460475901,64341.0460475901,11.0719530587832
"2181","81297802B55629975533372",2,191938.507498603,383877.014997206,12.8580775068266
"2182","81297802B55643895945103",1,60976.9537921825,60976.9537921825,11.018251265083
"2183","81297802B55656475848083",1,139910.601825835,139910.601825835,11.8487589392393
"2184","81297802B55928452292311",2,136522.633093797,273045.266187594,12.5173928706331
"2185","81297802B55955468315553",1,94417.0992143087,94417.0992143087,11.4554774714753
"2186","81297802B56181672233009",1,15315.5020504086,15315.5020504086,9.63662080034293
"2187","81297802B5641238333098",1,146589.947268701,146589.947268701,11.8953944935644
"2188","81297802B56696175700764",1,86351.3379457229,86351.3379457229,11.3661795779044
"2189","81297802B57234015442712",2,171716.744865593,343433.489731186,12.74674874666
"2190","81297802B57271723433997",1,62234.5445276239,62234.5445276239,11.0386655028195
"2191","81297802B57556187754980",2,38033.2721705653,76066.5443411306,11.2393638196048
"2192","81297802B5756602808944",1,5605.74705383725,5605.74705383725,8.63154761009265
"2193","81297802B58266448529829",1,200475.542840151,200475.542840151,12.2084475374414
"2194","81297802B59755992581592",2,112681.124543049,225362.249086098,12.3254643824707
"2195","81297802B59998896925567",1,147000.685395652,147000.685395652,11.8981925283055
"2196","81297802B60728672974675",1,131550.275361525,131550.275361525,11.7871443796743
"2197","81297802B61067118889021",2,72963.9268435574,145927.853687115,11.8908676257287
"2198","81297802B61752422174773",2,103268.947588801,206537.895177602,12.2382391863029
"2199","81297802B61782089337393",1,180081.855007547,180081.855007547,12.1011667765468
"2200","81297802B61927033163821",4,61082.383123463,244329.532493852,12.40627313612
"2201","81297802B62167717430855",1,39462.1319404177,39462.1319404177,10.5830968060041
"2202","81297802B62704406726497",1,132816.43856556,132816.43856556,11.796723292743
"2203","81297802B62924474209473",1,134368.870503318,134368.870503318,11.8083440619646
"2204","81297802B62948768430814",1,74070.9201976164,74070.9201976164,11.2127782942813
"2205","81297802B63234506717185",1,176100.01348151,176100.01348151,12.0788073710403
"2206","81297802B63375818356773",2,161265.744578302,322531.489156604,12.6839560512471
"2207","81297802B63499365755438",1,73523.9791071292,73523.9791071292,11.2053668783497
"2208","81297802B63810165613250",1,10198.3765027164,10198.3765027164,9.22998382020369
"2209","81297802B63925273406451",1,154957.425466719,154957.425466719,11.9509056837632
"2210","81297802B63935781650096",1,278763.272516553,278763.272516553,12.5381182150321
"2211","81297802B64128830492510",1,81533.1984399066,81533.1984399066,11.3087655591083
"2212","81297802B64444176527608",1,56776.0205109619,56776.0205109619,10.9468693414659
"2213","81297802B64676269296055",1,209408.63267208,209408.63267208,12.252042802319
"2214","81297802B64936965881183",3,247780.472422585,743341.417267755,13.5189107299572
"2215","81297802B65234108276491",1,96578.2953640042,96578.2953640042,11.4781093092822
"2216","81297802B65483274658502",1,142799.460554439,142799.460554439,11.8691965512505
"2217","81297802B65575052729344",1,51020.9910808735,51020.9910808735,10.8399924168477
"2218","81297802B65636962466894",1,32160.1570707268,32160.1570707268,10.378483607321
"2219","81297802B65658789050233",1,96039.3688350997,96039.3688350997,11.4725134784175
"2220","81297802B66022953489908",1,143929.617548062,143929.617548062,11.8770796920453
"2221","81297802B66096195927531",2,101098.67663517,202197.35327034,12.2169994958208
"2222","81297802B66107700635107",4,29246.1168135555,116984.467254222,11.6697964464558
"2223","81297802B66276855595229",1,36076.4234471547,36076.4234471547,10.4933948408582
"2224","81297802B67206181597957",3,89750.1995278826,269250.598583648,12.5033978181681
"2225","81297802B67689154766571",1,100779.807345737,100779.807345737,11.5206932906009
"2226","81297802B68109668722051",1,90638.667314779,90638.667314779,11.4146361925353
"2227","81297802B68427461655945",1,209250.219978856,209250.219978856,12.2512860396241
"2228","81297802B69083052749589",1,86878.233703258,86878.233703258,11.3722628046579
"2229","81297802B6982011035243",1,87986.3560248768,87986.3560248768,11.3849370362677
"2230","81297802B69837826881440",1,111745.984919175,111745.984919175,11.6239835826954
"2231","81297802B70010606578992",1,110127.524086414,110127.524086414,11.6093942831703
"2232","81297802B70315889029707",1,190855.426307597,190855.426307597,12.1592714900856
"2233","81297802B70720207353538",1,171434.991925192,171434.991925192,12.0519594178985
"2234","81297802B70743667519193",2,123400.877456963,246801.754913926,12.4163406816604
"2235","81297802B71504358310710",1,149640.745436071,149640.745436071,11.9159926699792
"2236","81297802B71869801036686",1,76301.1740960487,76301.1740960487,11.2424436050447
"2237","81297802B72056692107631",1,153266.23016381,153266.23016381,11.939931754643
"2238","81297802B72423367852086",1,18935.7160039442,18935.7160039442,9.84880515340202
"2239","81297802B72882386082996",2,75926.7208554794,151853.441710959,11.9306711354193
"2240","81297802B74371944720443",1,187159.911115055,187159.911115055,12.1397186700658
"2241","81297802B74485828948407",1,111328.717536671,111328.717536671,11.6202425231798
"2242","81297802B74996211829814",2,69451.8771966381,138903.754393276,11.8415365578464
"2243","81297802B75512670100174",1,110326.639200183,110326.639200183,11.6112006919488
"2244","81297802B75629290490646",3,211338.046541746,634014.139625238,13.3598265354187
"2245","81297802B77309747732529",1,128226.178240078,128226.178240078,11.7615510010636
"2246","81297802B7752291855220",1,33971.4468868504,33971.4468868504,10.4332756533253
"2247","81297802B77828019918781",1,116492.375954727,116492.375954727,11.6655811073977
"2248","81297802B77847273364040",1,112636.98123693,112636.98123693,11.6319253709345
"2249","81297802B78295235973409",1,162757.895402691,162757.895402691,12.0000190713531
"2250","81297802B78342510004852",1,25524.3063916537,25524.3063916537,10.1473864689772
"2251","81297802B7902592700170",1,106191.046601517,106191.046601517,11.5729950772822
"2252","81297802B79469395018575",1,78392.3701712573,78392.3701712573,11.2694818823585
"2253","81297802B79786453625721",1,94857.6779719861,94857.6779719861,11.4601329206583
"2254","81297802B80628180194499",1,68532.8907271144,68532.8907271144,11.1350690656122
"2255","81297802B80649611591308",1,113648.662321801,113648.662321801,11.6408670590557
"2256","81297802B80912783182295",1,19131.940052343,19131.940052343,9.85911447142412
"2257","81297802B81208073820584",1,117099.797673645,117099.797673645,11.670781821776
"2258","81297802B81471151736005",1,69621.47253763,69621.47253763,11.1508283122137
"2259","81297802B81560237884054",1,36159.6862793928,36159.6862793928,10.4957001385667
"2260","81297802B82332241258399",1,178096.491744923,178096.491744923,12.090080770852
"2261","81297802B82512093072214",1,109204.717336007,109204.717336007,11.6009795404076
"2262","81297802B82663613485319",1,186146.495373978,186146.495373978,12.1342892522312
"2263","81297802B82760747397164",1,147976.728576315,147976.728576315,11.9048103010336
"2264","81297802B83094530275497",1,91864.2463515656,91864.2463515656,11.4280671831511
"2265","81297802B8357375846053",1,13885.7281073667,13885.7281073667,9.53861683677921
"2266","81297802B83594447255",1,79556.2861785994,79556.2861785994,11.2842200523736
"2267","81297802B84418908504415",1,68551.0522256929,68551.0522256929,11.1353340346275
"2268","81297802B84719552891507",1,78160.6329694654,78160.6329694654,11.266521385065
"2269","81297802B85029486143959",2,45361.3495277425,90722.699055485,11.4155628700125
"2270","81297802B85054848055124",1,164671.879530032,164671.879530032,12.0117101640658
"2271","81297802B85279913761146",1,71476.2207701215,71476.2207701215,11.1771200967246
"2272","81297802B85424672096974",1,119740.399678282,119740.399678282,11.6930813423582
"2273","81297802B85505749224324",2,69022.3829845125,138044.765969025,11.8353333026158
"2274","81297802B85581314164043",1,106210.264024647,106210.264024647,11.5731760311862
"2275","81297802B85996690558528",1,108272.610683008,108272.610683008,11.5924074987233
"2276","81297802B86066179794931",1,29450.5362901334,29450.5362901334,10.2904673991052
"2277","81297802B86407395704878",1,176654.090976958,176654.090976958,12.0819488111773
"2278","81297802B86432819232797",1,54770.7227282952,54770.7227282952,10.9109110733872
"2279","81297802B86878375688696",1,213799.101894101,213799.101894101,12.2727920768819
"2280","81297802B88130440660417",2,346211.739382699,692423.478765398,13.4479530109603
"2281","81297802B88984924666070",1,86287.1487042819,86287.1487042819,11.3654359517797
"2282","81297802B89611140069217",1,67915.5029661889,67915.5029661889,11.126019608048
"2283","81297802B89663618716792",1,13383.9476132342,13383.9476132342,9.50181132852527
"2284","81297802B8967556658808",3,49394.4605683699,148183.38170511,11.9062058513131
"2285","81297802B90284781247335",1,70949.4783487168,70949.4783487168,11.1697233301823
"2286","81297802B90742047749751",1,277704.853092771,277704.853092771,12.5343141491695
"2287","81297802B9107629386142",1,19418.6440516155,19418.6440516155,9.87398891714272
"2288","81297802B91620400281223",3,200727.852210411,602183.556631233,13.3083175891625
"2289","81297802B91668671895601",1,117197.456121116,117197.456121116,11.6716154504383
"2290","81297802B91982413663988",1,152476.221322566,152476.221322566,11.9347639371183
"2291","81297802B92253150972948",3,92410.5287477315,277231.586243195,12.5326084872926
"2292","81297802B92281690814663",1,163470.256697237,163470.256697237,12.0043863365458
"2293","81297802B92574261409002",3,182827.307192381,548481.921577143,13.2149095984043
"2294","81297802B92770026846870",1,76780.2341106731,76780.2341106731,11.2487025176602
"2295","81297802B92774803000720",1,22997.0285690981,22997.0285690981,10.0431202939173
"2296","81297802B92827581567655",1,81898.223368076,81898.223368076,11.3132325769084
"2297","81297802B9308814425220",2,96195.7867107986,192391.573421597,12.1672880190696
"2298","81297802B93646092032264",1,67146.0932645479,67146.0932645479,11.1146260210266
"2299","81297802B93912769577432",1,201711.36849843,201711.36849843,12.2145930857572
"2300","81297802B93916372624290",4,120537.986236014,482151.944944056,13.0860145818287
"2301","81297802B94506734482800",1,160102.621952874,160102.621952874,11.9835702758206
"2302","81297802B94706269623038",2,36318.9583568289,72637.9167136578,11.1932423332612
"2303","81297802B9474885125507",3,146047.25014711,438141.75044133,12.9902977681459
"2304","81297802B95308085705563",1,111810.436464202,111810.436464202,11.6245601847578
"2305","81297802B95607767906649",1,37296.4386200252,37296.4386200252,10.5266531217176
"2306","81297802B95629282135268",1,149978.026855706,149978.026855706,11.9182440747194
"2307","81297802B96353597468260",2,72128.2801931295,144256.560386259,11.879348662617
"2308","81297802B96824977906351",1,41099.7116405952,41099.7116405952,10.6237563844158
"2309","81297802B97142358911210",2,184786.781142793,369573.562285586,12.8201050855786
"2310","81297802B973126409201",1,78398.0764403608,78398.0764403608,11.269554670838
"2311","81297802B97652803071493",2,198642.826004556,397285.652009112,12.8924108274056
"2312","81297802B98282177960136",1,127856.954078274,127856.954078274,11.7586673717178
"2313","81297802B98438479076374",1,118711.254070846,118711.254070846,11.6844493871468
"2314","81297802B98540731986743",2,64530.3259679363,129060.651935873,11.768037742894
"2315","81297802B98842550999199",1,21470.3468389968,21470.3468389968,9.97442804532999
"2316","81297802B99190294686821",1,170244.265020723,170244.265020723,12.0449895378099
"2317","81297802B99638089462809",1,100651.778109671,100651.778109671,11.5194220971779
"2318","81297802B99684516055458",4,135058.805509526,540235.222038104,13.1997599200628
"2319","81297802B99776560080545",1,65424.7124172177,65424.7124172177,11.0886553317787
"2320","81297802B9978574523269",3,297280.160831038,891840.482493114,13.7010425642842
"2321","81297802B99897160628736",1,190320.676809444,190320.676809444,12.1564657011362
"2322","91817680B11377751855609",1,147983.292876171,147983.292876171,11.9048546604023
"2323","91817680B11476058556898",1,235178.900274701,235178.900274701,12.368101781266
"2324","91817680B14892127844453",1,152270.242382053,152270.242382053,11.9334121316248
"2325","91817680B15590775835688",1,321391.484541992,321391.484541992,12.6804152370434
"2326","91817680B1574399427608",1,557610.950386245,557610.950386245,13.2314167766615
"2327","91817680B16002130574290",1,313217.808252376,313217.808252376,12.6546541005257
"2328","91817680B16538338684661",1,198780.619111182,198780.619111182,12.1999570790718
"2329","91817680B1659695850463",1,66142.9592603303,66142.9592603303,11.0995737279045
"2330","91817680B1708787718818",1,241013.881874425,241013.881874425,12.3926098119526
"2331","91817680B17319558643664",1,57151.6621873999,57151.6621873999,10.9534637534439
"2332","91817680B21539665501577",1,140098.183968179,140098.183968179,11.8500987698441
"2333","91817680B21680824294868",1,116208.67628529,116208.67628529,11.6631427874395
"2334","91817680B23901291202395",1,37291.2029173486,37291.2029173486,10.5265127310958
"2335","91817680B24548286345957",1,91523.696465384,91523.696465384,11.4243531954984
"2336","91817680B26152541530210",1,1061778.19817376,1061778.19817376,13.8754556060275
"2337","91817680B27152027053647",1,73097.9198457326,73097.9198457326,11.1995551890503
"2338","91817680B29564477042831",1,234852.756593659,234852.756593659,12.3667140290642
"2339","91817680B30301323398004",1,109768.065539788,109768.065539788,11.6061249236764
"2340","91817680B30389585516178",1,54780.3522499537,54780.3522499537,10.9110868730621
"2341","91817680B30407776748413",1,62055.3154254384,62055.3154254384,11.0357814505487
"2342","91817680B32751924176777",1,409260.967995379,409260.967995379,12.9221082951073
"2343","91817680B32789615967236",1,358945.019795358,358945.019795358,12.7909245075397
"2344","91817680B33489673734556",1,129096.897263468,129096.897263468,11.7683185429554
"2345","91817680B35753357340942",1,123224.122787115,123224.122787115,11.7217601127583
"2346","91817680B36624004409046",1,45639.2940020187,45639.2940020187,10.7285243350137
"2347","91817680B37138617445780",1,122304.714460527,122304.714460527,11.7142708692604
"2348","91817680B37722151409475",1,281032.062031692,281032.062031692,12.5462240415639
"2349","91817680B39611758954351",1,74620.5966173256,74620.5966173256,11.2201718421509
"2350","91817680B40534015790157",1,60770.3163129547,60770.3163129547,11.0148567301999
"2351","91817680B43065782555772",1,117188.471561141,117188.471561141,11.6715387857676
"2352","91817680B4431337162748",1,73465.6124379438,73465.6124379438,11.2045727177341
"2353","91817680B44952414610796",1,97621.525735841,97621.525735841,11.4888532986556
"2354","91817680B46219646335198",1,37841.3538492153,37841.3538492153,10.541157800782
"2355","91817680B48783047676904",1,73554.6350006659,73554.6350006659,11.2057837424079
"2356","91817680B50207003035",1,312566.248984374,312566.248984374,12.6525717224405
"2357","91817680B51132506733028",1,40205.243306102,40205.243306102,10.6017526966018
"2358","91817680B51485783996699",1,174777.72934389,174777.72934389,12.0712703275872
"2359","91817680B53198155341948",1,32507.8041787524,32507.8041787524,10.3892354680686
"2360","91817680B53543824194985",1,94656.1834841447,94656.1834841447,11.4580064844998
"2361","91817680B55822624410007",1,50833.7693442254,50833.7693442254,10.8363161635882
"2362","91817680B56582975498752",1,387962.405044252,387962.405044252,12.868663719695
"2363","91817680B57044302860475",1,411551.526700553,411551.526700553,12.9276895080296
"2364","91817680B58127051569150",1,148880.464134535,148880.464134535,11.9108990088189
"2365","91817680B59476098361869",1,47634.6272417477,47634.6272417477,10.7713152388084
"2366","91817680B60221740281290",1,71265.8345116154,71265.8345116154,11.174172312199
"2367","91817680B60872934813823",1,87292.4791844952,87292.4791844952,11.3770195890272
"2368","91817680B63526671374694",1,97370.384915016,97370.384915016,11.4862773870821
"2369","91817680B65504384218086",1,206568.276370707,206568.276370707,12.2383862729129
"2370","91817680B67324121140218",1,67781.0900277753,67781.0900277753,11.1240385268815
"2371","91817680B68494559899558",1,145572.77414192,145572.77414192,11.8884314064763
"2372","91817680B68842805087026",1,61249.3116002471,61249.3116002471,11.0227078891642
"2373","91817680B70392770223342",1,20393.3033233215,20393.3033233215,9.92296185747579
"2374","91817680B75710427976091",1,450274.070998166,450274.070998166,13.0176117230154
"2375","91817680B75900877128055",1,111016.386854835,111016.386854835,11.6174330987212
"2376","91817680B78599330358722",1,106704.049167905,106704.049167905,11.5778143856598
"2377","91817680B85909931268472",1,39582.726719185,39582.726719185,10.5861481081223
"2378","91817680B86480113122364",1,39817.179989137,39817.179989137,10.5920537561535
"2379","91817680B86853073591153",1,285496.098231655,285496.098231655,12.5619836415458
"2380","91817680B87996420220515",1,270572.508396875,270572.508396875,12.508295394572
"2381","91817680B88513858108060",1,109006.095551309,109006.095551309,11.5991590821367
"2382","91817680B88957070935676",1,509687.831277264,509687.831277264,13.1415537217588
"2383","91817680B88985387415210",1,43167.8762178846,43167.8762178846,10.6728518915526
"2384","91817680B8944082307158",1,344606.534783214,344606.534783214,12.7501585662833
"2385","91817680B89733153975870",1,37470.299425586,37470.299425586,10.531303882831
"2386","91817680B90442190394967",1,146784.590706235,146784.590706235,11.8967214217119
"2387","91817680B90592918780723",1,36581.2147894452,36581.2147894452,10.507290130509
"2388","91817680B91211823266814",1,153668.757031752,153668.757031752,11.9425546364617
"2389","91817680B915295689263",1,72740.5196198039,72740.5196198039,11.1946538620377
"2390","91817680B91736183236009",1,74275.6917228497,74275.6917228497,11.2155390132844
"2391","91817680B92610564128426",1,42247.7179281397,42247.7179281397,10.6513056177914
"2392","91817680B92973690121395",1,65316.3787451963,65316.3787451963,11.0869981068642
"2393","91817680B93090957259339",1,28380.6335447634,28380.6335447634,10.2534622740999
"2394","91817680B95262291256995",1,109821.093206375,109821.093206375,11.6066078953123
"2395","91817680B97433571779884",1,54261.1458509978,54261.1458509978,10.9015637037746
"2396","91817680B99071511370380",1,142186.201740798,142186.201740798,11.8648927574716
"2397","96108325B18979939092740",1,5011.97369232506,5011.97369232506,8.51958506706464
"2398","96108325B20095781885743",1,7175.89751115066,7175.89751115066,8.878483121467
"2399","96108325B32463735273618",1,1865.24023894516,1865.24023894516,7.53114513822985
"2400","96108325B47785236493574",1,9989.21371377328,9989.21371377328,9.20926116121501
"2401","96108325B67235694688325",1,7643.52144489368,7643.52144489368,8.9416136980751
"2402","96108325B69930325682932",1,6673.70484019229,6673.70484019229,8.80593043301005
"2403","96108325B74916276227315",1,5842.91973757914,5842.91973757914,8.6729859059513
"2404","96108325B86083732773811",1,1417.67818323731,1417.67818323731,7.2567757301622
"2405","96108325B93131520053722",1,1544.98962780774,1544.98962780774,7.34277247591626
"2406","96108325B98972581904621",1,18617.1488460249,18617.1488460249,9.83183841590698
"2407","DIS015",3,NA,NA,NA
