"","ADM2_id","total_exposure_days","total_population","total_person_day_exposure","log_total_person_day_exposure"
"1","10022922B32937301443957",1,17110.0201204481,17110.0201204481,9.74741954283225
"2","14151628B20319301670654",2,14780.567349729,29561.134699458,10.2942157606399
"3","14151628B28251361437248",3,6661.66974348519,19985.0092304556,9.9027377330145
"4","14151628B39642918357252",3,91171.9346956103,273515.804086831,12.5191146837701
"5","14151628B42533076410957",1,85610.9433388599,85610.9433388599,11.3575683967023
"6","14151628B48978228339800",2,46575.9070788428,93151.8141576856,11.4419858514996
"7","14151628B53541640625043",3,32141.2383280308,96423.7149840924,11.4765074564032
"8","14151628B53702400461405",3,45789.5216471574,137368.564941472,11.8304228475985
"9","14151628B59272471160482",2,14979.4389714313,29958.8779428626,10.3075809850895
"10","14151628B61046117406534",2,7884.60625097338,15769.2125019468,9.6658147422452
"11","14151628B68154180840071",3,13251.8348804196,39755.5046412588,10.5905035920359
"12","14151628B8492423103487",3,99995.3230771537,299985.969231461,12.6114909833162
"13","14151628B98370545668292",3,191320.265982612,573960.797947836,13.2603163767113
"14","16705992B13795829103768",1,800173.79360161,800173.79360161,13.5925842250585
"15","16705992B14602656752780",1,686758.36065384,686758.36065384,13.4397377781154
"16","16705992B23463827258150",1,254489.022157762,254489.022157762,12.4470129791023
"17","16705992B31973889793084",1,1196291.71846759,1196291.71846759,13.9947370955133
"18","16705992B34517682786426",1,1251371.48913658,1251371.48913658,14.0397506991133
"19","16705992B35326431749719",1,424487.439261113,424487.439261113,12.9586376948049
"20","16705992B35610473312733",1,509787.877961627,509787.877961627,13.141749992614
"21","16705992B37732832620169",1,1614157.93795088,1614157.93795088,14.2943239780127
"22","16705992B49808088196813",1,1405585.72579571,1405585.72579571,14.1559646605642
"23","16705992B66943755852345",1,2278099.80886188,2278099.80886188,14.6388522362796
"24","16705992B70711841490613",1,1810847.32500047,1810847.32500047,14.4093054290602
"25","16705992B83268326466345",1,1020015.56327338,1020015.56327338,13.8353284432552
"26","16705992B94200136889214",1,4354139.01232152,4354139.01232152,15.2866374477639
"27","16705992B96773862439533",1,1979937.40264234,1979937.40264234,14.4985757873439
"28","17275852B10013747765987",1,480070.473713633,480070.473713633,13.0816881923438
"29","17275852B1065790622928",1,353423.866266272,353423.866266272,12.775423369882
"30","17275852B11168745431905",1,374226.241667905,374226.241667905,12.8326158177495
"31","17275852B12258272370747",1,326963.577996256,326963.577996256,12.6976040614015
"32","17275852B12443275471591",1,717701.31579331,717701.31579331,13.4838087667637
"33","17275852B13001476141541",1,498304.841587797,498304.841587797,13.118967300433
"34","17275852B13333769593378",1,187175.097865877,187175.097865877,12.1397998099564
"35","17275852B1364012400924",1,420306.588148387,420306.588148387,12.9487396957416
"36","17275852B1408079528399",1,547745.276863192,547745.276863192,13.213565634624
"37","17275852B14220584679784",1,552219.373832308,552219.373832308,13.2217006626731
"38","17275852B1464685470526",1,203541.752311138,203541.752311138,12.2236264338822
"39","17275852B14656646152928",1,827184.658472973,827184.658472973,13.6257832362309
"40","17275852B14815638988431",1,334034.87576974,334034.87576974,12.7190006849799
"41","17275852B15154532755577",2,470249.988833891,940499.977667782,13.7541669039782
"42","17275852B16105050053503",1,759990.380218294,759990.380218294,13.5410610545749
"43","17275852B16277870573564",1,209018.002968434,209018.002968434,12.2501756658422
"44","17275852B16521843045020",1,946699.620005242,946699.620005242,13.7607371307281
"45","17275852B17608034678944",1,618108.893437489,618108.893437489,13.3344199238912
"46","17275852B17765750844334",1,576370.72331651,576370.72331651,13.2645063495145
"47","17275852B18968160632662",1,520067.108089688,520067.108089688,13.1617131362495
"48","17275852B19798754149723",1,437968.382531467,437968.382531467,12.9899020007518
"49","17275852B19859477737164",1,324714.911283382,324714.911283382,12.6907028802991
"50","17275852B2067645637252",1,285990.213069856,285990.213069856,12.563712869181
"51","17275852B23391188567726",1,930265.627095795,930265.627095795,13.7432254448808
"52","17275852B23794965725628",1,865909.836930757,865909.836930757,13.6715360677256
"53","17275852B24439099777247",1,255692.159002874,255692.159002874,12.4517294959787
"54","17275852B24844793518389",1,719452.910707874,719452.910707874,13.4862463559237
"55","17275852B26033440645013",1,88653.784748849,88653.784748849,11.3924940037535
"56","17275852B26184442721162",1,1036215.33724769,1036215.33724769,13.851085534689
"57","17275852B26545854509310",1,531920.165048706,531920.165048706,13.1842486913649
"58","17275852B27087882119733",1,320200.694331697,320200.694331697,12.6767032479737
"59","17275852B27557602684751",1,282060.119299152,282060.119299152,12.5498755162028
"60","17275852B28001364673929",1,640023.210748137,640023.210748137,13.3692597214722
"61","17275852B28043359135044",1,975754.918268508,975754.918268508,13.7909667255308
"62","17275852B29365851049062",1,986249.469060325,986249.469060325,13.8016646128002
"63","17275852B30171028833385",1,706489.742506891,706489.742506891,13.4680639622567
"64","17275852B30212147371030",1,119966.797486371,119966.797486371,11.6949702958655
"65","17275852B31711539663260",1,156504.274227518,156504.274227518,11.9608385999473
"66","17275852B31753067259114",1,147900.42134231,147900.42134231,11.9042944975272
"67","17275852B32574814957612",1,2381.1589912381,2381.1589912381,7.77534261924202
"68","17275852B33382458843189",1,1020485.37620035,1020485.37620035,13.8357889310954
"69","17275852B3344696552320",1,868346.472441279,868346.472441279,13.6743460757973
"70","17275852B34420574294401",1,377359.667024404,377359.667024404,12.840954035576
"71","17275852B34854699874075",1,630543.137907382,630543.137907382,13.3543368506151
"72","17275852B34914005005648",1,849776.881533,849776.881533,13.6527291016952
"73","17275852B34966799109471",1,NA,NA,NA
"74","17275852B35544294560010",1,877329.422164779,877329.422164779,13.6846378247304
"75","17275852B36103206667165",1,786420.920754912,786420.920754912,13.5752474506592
"76","17275852B36427803126994",1,993674.618765596,993674.618765596,13.8091650867433
"77","17275852B36456254412660",1,145486.240986298,145486.240986298,11.8878367974542
"78","17275852B36539700725824",1,854831.101041704,854831.101041704,13.6586591857635
"79","17275852B3726458161276",1,380926.689597203,380926.689597203,12.8503622198392
"80","17275852B37419515135684",1,361915.430134398,361915.430134398,12.7991658451016
"81","17275852B37463175613953",1,230505.3693115,230505.3693115,12.3480294353406
"82","17275852B37590867813392",1,237103.693170516,237103.693170516,12.3762528483578
"83","17275852B37857453943231",1,215995.500256184,215995.500256184,12.283012854302
"84","17275852B38331625545684",1,162278.543975169,162278.543975169,11.9970695449802
"85","17275852B38338809131920",1,747368.412661297,747368.412661297,13.5243135321772
"86","17275852B38667129164520",1,102809.014603125,102809.014603125,11.5406283188505
"87","17275852B38709981190197",2,218384.122267397,436768.244534794,12.9871580005292
"88","17275852B3879764169207",1,747816.790724579,747816.790724579,13.5249132947694
"89","17275852B38939963469829",1,681299.21584772,681299.21584772,13.4317568657964
"90","17275852B39380894050966",1,1266126.95876743,1266126.95876743,14.0514731600448
"91","17275852B40414648244388",1,232545.750724615,232545.750724615,12.3568422619616
"92","17275852B40485497211548",1,398437.407041158,398437.407041158,12.8953056934605
"93","17275852B40888287647604",1,354808.86121387,354808.86121387,12.7793345043421
"94","17275852B40934974334003",1,617759.681260087,617759.681260087,13.3338547955372
"95","17275852B41138581062594",1,526976.448950496,526976.448950496,13.1749111376264
"96","17275852B41190306193582",1,365516.508476147,365516.508476147,12.8090667239814
"97","17275852B41425356149959",1,340668.485286988,340668.485286988,12.7386650994792
"98","17275852B42065564755438",1,387050.479701977,387050.479701977,12.866310402012
"99","17275852B42230140857746",1,373507.570323456,373507.570323456,12.8306935519532
"100","17275852B42238111310042",1,423218.090984852,423218.090984852,12.9556429066864
"101","17275852B42279115337630",1,568291.568018383,568291.568018383,13.2503898899736
"102","17275852B42599245130625",2,303631.854361875,607263.70872375,13.3167184217002
"103","17275852B42704411692482",1,803004.691456481,803004.691456481,13.5961158353234
"104","17275852B43126330817922",1,1111423.74499746,1111423.74499746,13.9211524045426
"105","17275852B43707425356039",1,651676.054735456,651676.054735456,13.3873028688734
"106","17275852B44248179758570",1,511418.114738271,511418.114738271,13.1449427630701
"107","17275852B44457791224784",1,1142428.89279709,1142428.89279709,13.9486671615616
"108","17275852B44953136813001",1,128102.170400704,128102.170400704,11.7605834307601
"109","17275852B45046943691615",1,505390.050560076,505390.050560076,13.1330857874743
"110","17275852B45836875085514",1,436218.245747855,436218.245747855,12.9858979607329
"111","17275852B46074982775581",1,416485.177244703,416485.177244703,12.9396061511075
"112","17275852B46208020456835",1,390504.420648593,390504.420648593,12.8751945686808
"113","17275852B46998996515844",1,351683.016283254,351683.016283254,12.7704855269442
"114","17275852B47214038820512",1,706340.718980507,706340.718980507,13.4678530048474
"115","17275852B47587357578303",1,365622.747792297,365622.747792297,12.809357337065
"116","17275852B47635697455490",1,2560.18706706958,2560.18706706958,7.84783560787796
"117","17275852B47804746725670",1,362186.951474291,362186.951474291,12.7999157980351
"118","17275852B48136438053745",1,453126.755208754,453126.755208754,13.0239271781477
"119","17275852B48557917794925",1,252379.088580565,252379.088580565,12.4386875559022
"120","17275852B49260746635311",1,318695.736497209,318695.736497209,12.6719921225224
"121","17275852B50034294804845",1,1202833.15727971,1202833.15727971,14.0001902964606
"122","17275852B50589627480209",2,404625.979537872,809251.959075744,13.6038655926391
"123","17275852B50974554768856",1,286746.547745036,286746.547745036,12.5663539956691
"124","17275852B51131115925400",1,1912004.33492444,1912004.33492444,14.4636626398108
"125","17275852B52033797991024",1,154062.0306893,154062.0306893,11.9451105969787
"126","17275852B53008264931106",2,169443.904753511,338887.809507022,12.7334243861811
"127","17275852B53025585862768",1,176550.202503342,176550.202503342,12.0813605483587
"128","17275852B53073904970373",1,1104060.46449652,1104060.46449652,13.9145052728851
"129","17275852B54078553013960",1,327363.864617668,327363.864617668,12.6988275670816
"130","17275852B56364962136156",1,417213.91544148,417213.91544148,12.9413543559185
"131","17275852B56383642585283",1,327410.303188813,327410.303188813,12.6989694131516
"132","17275852B57257006426226",1,853092.179549548,853092.179549548,13.6566228857578
"133","17275852B57618783853866",1,524182.113104234,524182.113104234,13.1695944470158
"134","17275852B58186217435722",1,1497585.95126072,1497585.95126072,14.2193650038259
"135","17275852B58372427564761",1,557949.961744268,557949.961744268,13.232024563049
"136","17275852B58586989106809",1,703068.901922644,703068.901922644,13.4632101772598
"137","17275852B59261423659404",1,628384.099243958,628384.099243958,13.3509068814852
"138","17275852B59692497706789",1,514713.79212153,514713.79212153,13.1513662817099
"139","17275852B59999785344373",1,847071.147407695,847071.147407695,13.6495399694072
"140","17275852B60010150977543",1,1367121.49339092,1367121.49339092,14.1282179876829
"141","17275852B60182527489554",1,132592.292545651,132592.292545651,11.7950342294461
"142","17275852B60568982990722",1,615760.245145319,615760.245145319,13.3306129543264
"143","17275852B60612190497835",1,576982.550689815,576982.550689815,13.2655673035942
"144","17275852B60758311941437",1,388492.739631362,388492.739631362,12.8700297604077
"145","17275852B61784384670895",1,972721.621808502,972721.621808502,13.7878532172611
"146","17275852B620737032798",1,17398.6287435237,17398.6287435237,9.76414667425365
"147","17275852B62298947029961",1,499236.186377818,499236.186377818,13.1208345821478
"148","17275852B62317461872302",1,1128793.47209258,1128793.47209258,13.9366598964535
"149","17275852B62674344705560",1,470789.137793469,470789.137793469,13.0621655822955
"150","17275852B62801448851597",1,862577.750361692,862577.750361692,13.6676805691717
"151","17275852B6292026436391",1,101495.431621223,101495.431621223,11.5277690677932
"152","17275852B63077243364371",1,323234.716826032,323234.716826032,12.6861340157825
"153","17275852B63889031221729",1,835881.521507463,835881.521507463,13.6362421613387
"154","17275852B64916188375107",1,628380.691240281,628380.691240281,13.3509014580301
"155","17275852B66204891178522",1,2462052.8537308,2462052.8537308,14.716506053299
"156","17275852B66252943806207",1,1117771.29943829,1117771.29943829,13.9268473495517
"157","17275852B66356980534214",1,669626.366127438,669626.366127438,13.4144751733192
"158","17275852B66962615782513",1,839411.887144362,839411.887144362,13.640456791259
"159","17275852B67197169551607",1,1078611.03574384,1078611.03574384,13.8911846933774
"160","17275852B68125086146269",1,651167.123525109,651167.123525109,13.3865216064088
"161","17275852B68385724746726",1,1026046.72519602,1026046.72519602,13.8412238448026
"162","17275852B69068872724558",1,752890.508026218,752890.508026218,13.5316750885416
"163","17275852B69233894766016",1,671650.55761368,671650.55761368,13.4174934807055
"164","17275852B70320302334749",2,121822.490692748,243644.981385496,12.4034674504215
"165","17275852B71290929913135",2,244641.494386521,489282.988773042,13.1006963102168
"166","17275852B71352476597079",1,1166230.01045797,1166230.01045797,13.9692868909822
"167","17275852B71369345081906",1,509086.291635194,509086.291635194,13.1403728128636
"168","17275852B71820490263286",1,466069.094479297,466069.094479297,13.0520891735315
"169","17275852B72819681774342",2,269792.62994369,539585.25988738,13.1985560862032
"170","17275852B7350972527003",1,477988.053592816,477988.053592816,13.0773410186776
"171","17275852B75086699702795",1,277540.123291383,277540.123291383,12.5337207901541
"172","17275852B75685650180995",1,465925.477774083,465925.477774083,13.0517809813797
"173","17275852B75763620561947",1,541247.999584342,541247.999584342,13.2016328623739
"174","17275852B75995678778305",1,662291.416706131,662291.416706131,13.4034609445614
"175","17275852B77187634403002",1,278475.425482376,278475.425482376,12.5370850956137
"176","17275852B77400672470843",1,309758.461999647,309758.461999647,12.6435481179226
"177","17275852B77518624384720",1,484975.893242509,484975.893242509,13.0918544640297
"178","17275852B7795452989931",1,412535.549141519,412535.549141519,12.9300776607806
"179","17275852B78816749784203",2,597502.258862409,1195004.51772482,13.9936605238635
"180","17275852B78973254528560",1,398256.974823482,398256.974823482,12.8948527413
"181","17275852B79149802712659",1,764702.924608163,764702.924608163,13.547242703542
"182","17275852B7979903099841",1,397975.653233558,397975.653233558,12.8941461096154
"183","17275852B80309702523612",2,119968.330230778,239936.660461556,12.388130252749
"184","17275852B80322806028087",1,366339.255028499,366339.255028499,12.81131510936
"185","17275852B81072603241187",1,608334.387175715,608334.387175715,13.3184799886728
"186","17275852B81259275775371",1,1037742.710594,1037742.710594,13.8525584416497
"187","17275852B82056417042325",1,235772.010785125,235772.010785125,12.3706205610797
"188","17275852B82537963815987",1,659566.288015486,659566.288015486,13.3993377586214
"189","17275852B82708605205805",1,4895068.48652091,4895068.48652091,15.4037388249665
"190","17275852B82960244806798",1,191511.8368634,191511.8368634,12.1627048969897
"191","17275852B83100874373445",1,564487.036328459,564487.036328459,13.2436726974339
"192","17275852B83272093468807",1,1703164.19903705,1703164.19903705,14.3479983725172
"193","17275852B85583949591367",2,214053.429934383,428106.859868766,12.9671281159915
"194","17275852B85592550914884",1,38883.5144726839,38883.5144726839,10.5683256473051
"195","17275852B85657114133770",1,834022.761108475,834022.761108475,13.6340159724655
"196","17275852B8583677209878",1,447058.353637178,447058.353637178,13.0104444101251
"197","17275852B86000242921086",1,430428.21921186,430428.21921186,12.9725358507637
"198","17275852B86431238150342",1,382435.516629445,382435.516629445,12.8543153340615
"199","17275852B8657294857468",1,163340.404635653,163340.404635653,12.0035916741692
"200","17275852B87114256965843",1,428779.066793925,428779.066793925,12.9686970694359
"201","17275852B87182296846240",1,286546.55155766,286546.55155766,12.5656562855597
"202","17275852B87782309196497",2,412614.068920703,825228.137841406,13.6234151578061
"203","17275852B8795599021471",1,859264.893531844,859264.893531844,13.6638325277383
"204","17275852B88042861362346",2,170931.839251589,341863.678503178,12.7421673357144
"205","17275852B88105539550678",1,888854.444718031,888854.444718031,13.6976887718649
"206","17275852B88564558630562",1,151102.208245169,151102.208245169,11.9257117626158
"207","17275852B88884426413746",1,540615.489778182,540615.489778182,13.2004635653518
"208","17275852B88901633924246",1,718142.324709528,718142.324709528,13.484423052216
"209","17275852B89230401808313",1,695928.594225121,695928.594225121,13.4530023395492
"210","17275852B89468905887192",1,697626.89112376,697626.89112376,13.4554396988898
"211","17275852B89940388970234",1,177669.970195089,177669.970195089,12.0876830082756
"212","17275852B90270417137698",1,177425.8418924,177425.8418924,12.0863080084427
"213","17275852B90330591074302",1,366160.059635164,366160.059635164,12.8108258381939
"214","17275852B90429058486395",1,874662.97870932,874662.97870932,13.6815939239545
"215","17275852B90470795224142",1,568941.455776185,568941.455776185,13.2515328181422
"216","17275852B90975196028640",1,421791.397193897,421791.397193897,12.9522661513563
"217","17275852B91393118840601",1,793854.16997316,793854.16997316,13.5846550583396
"218","17275852B91399175623236",1,41247.6773084366,41247.6773084366,10.6273500825032
"219","17275852B92675490846952",1,210691.908142206,210691.908142206,12.2581521944141
"220","17275852B93478142128701",1,339262.647166307,339262.647166307,12.734529856785
"221","17275852B93697739867414",1,291549.178145695,291549.178145695,12.5829639777326
"222","17275852B93743910489906",2,323064.530278483,646129.060556966,13.3787545469545
"223","17275852B94043796158502",1,664288.506274669,664288.506274669,13.4064718314935
"224","17275852B94125045231898",1,1792346.53492584,1792346.53492584,14.3990362326866
"225","17275852B94592901594717",1,449600.752615285,449600.752615285,13.0161152515266
"226","17275852B95277244028777",1,1144508.98419321,1144508.98419321,13.9504862682288
"227","17275852B96568921985306",1,115802.422599242,115802.422599242,11.6596407644483
"228","17275852B97102685179742",1,345564.140898041,345564.140898041,12.7529335515531
"229","17275852B97964298438185",1,395165.828077835,395165.828077835,12.8870607737029
"230","17275852B98251292892168",1,265827.489948557,265827.489948557,12.4906028433467
"231","17275852B98379602519550",1,479600.577373697,479600.577373697,13.0807089059999
"232","17275852B98717202018932",1,301800.28503642,301800.28503642,12.6175207697701
"233","17275852B98852550499473",1,29587.243917025,29587.243917025,10.2950985986779
"234","17275852B99281854206248",1,1142827.92704542,1142827.92704542,13.9490163864268
"235","17275852B99355884213700",1,449071.111101421,449071.111101421,13.014936530802
"236","17275852B99609570013934",1,945526.587704048,945526.587704048,13.7594972869434
"237","17275852B99819709984445",1,1152295.58276061,1152295.58276061,13.9572666695839
"238","22064153B10136144710667",2,234698.797280848,469397.594561696,13.0592054378902
"239","22064153B10198647455889",1,11782.4533869756,11782.4533869756,9.37436670266662
"240","22064153B10436959918879",1,77218.0113011991,77218.0113011991,11.2543880158114
"241","22064153B10464594987148",1,70002.1066724138,70002.1066724138,11.1562806158988
"242","22064153B10472046376966",1,25072.0288413964,25072.0288413964,10.129508114938
"243","22064153B1052554637005",2,145904.35474083,291808.70948166,12.5838537620608
"244","22064153B10573216765784",1,49854.7948486857,49854.7948486857,10.8168699562948
"245","22064153B10622080660464",1,104221.219020944,104221.219020944,11.5542710250072
"246","22064153B11163200356",1,7056.47543102119,7056.47543102119,8.86170097509659
"247","22064153B11347435242213",1,NA,NA,NA
"248","22064153B11384904576552",2,138904.612975545,277809.22595109,12.534689919518
"249","22064153B114806197531",1,46439.1195439493,46439.1195439493,10.7458974766301
"250","22064153B11481996196295",1,41974.7575879378,41974.7575879378,10.6448237067757
"251","22064153B11629940757392",1,3058.61943492693,3058.61943492693,8.02571892808429
"252","22064153B11731771091880",2,36969.805439053,73939.610878106,11.2110039698058
"253","22064153B11870363925687",2,6464.29934361045,12928.5986872209,9.46719708903431
"254","22064153B12049663471572",1,114258.12013003,114258.12013003,11.646215379579
"255","22064153B12172811493606",1,7120.72957326907,7120.72957326907,8.87076546731229
"256","22064153B12892312696752",1,11968.549579871,11968.549579871,9.39003761993792
"257","22064153B12979096179166",2,49132.812938616,98265.625877232,11.4954295590931
"258","22064153B13026846490953",1,4989.91579616163,4989.91579616163,8.51517431408648
"259","22064153B1320154413470",1,15583.0228516644,15583.0228516644,9.65393732189287
"260","22064153B13215881329963",1,8636.68406775034,8636.68406775034,9.06377399967764
"261","22064153B13347263805777",2,189100.119911418,378200.239822836,12.8431790693227
"262","22064153B13415196919485",2,27426.5152647272,54853.0305294544,10.9124127153978
"263","22064153B13433087472373",1,51132.2930425347,51132.2930425347,10.8421715343701
"264","22064153B13436797224753",2,19534.3403925174,39068.6807850348,10.5730764220589
"265","22064153B13529558542609",1,324489.275969416,324489.275969416,12.6900077667201
"266","22064153B13708684658213",1,25255.3319473475,25255.3319473475,10.1367925786426
"267","22064153B13786864628755",1,37059.0074639275,37059.0074639275,10.5202667176115
"268","22064153B13931010812226",1,38033.1075325088,38033.1075325088,10.5462123102453
"269","22064153B14001863011483",2,2749.4943229889,5498.9886459778,8.6123194717626
"270","22064153B14023525117600",2,185491.05521008,370982.11042016,12.8239091205352
"271","22064153B1409396634293",1,10838.3683879501,10838.3683879501,9.29084774594793
"272","22064153B14136631633740",1,29427.3913889444,29427.3913889444,10.2896811994785
"273","22064153B14191280892347",2,NA,NA,NA
"274","22064153B1420949553929",2,NA,NA,NA
"275","22064153B14260428934540",2,104381.690585225,208763.38117045,12.248956742074
"276","22064153B1430516965980",2,36189.3637795755,72378.727559151,11.189667716957
"277","22064153B14641047530321",2,4978.94735429074,9957.89470858148,9.20612095359546
"278","22064153B15321782044758",1,1825.47812869239,1825.47812869239,7.50959722002824
"279","22064153B15331758585451",1,3804.39316354908,3804.39316354908,8.2439117736213
"280","22064153B15346425233004",2,50182.8059176077,100365.611835215,11.5165749159678
"281","22064153B15557239492888",1,16420.129709127,16420.129709127,9.70626328243484
"282","22064153B15714680533513",2,55920.6936579385,111841.387315877,11.6248369618603
"283","22064153B1576921955547",1,121215.851816793,121215.851816793,11.7053281346326
"284","22064153B1618089964650",1,97119.4437355048,97119.4437355048,11.4836968786771
"285","22064153B16264764307082",3,132071.649779681,396214.949339043,12.8897121443345
"286","22064153B16301749391427",1,97690.1762365416,97690.1762365416,11.4895562826841
"287","22064153B16387988868573",1,62794.1897079458,62794.1897079458,11.0476178276019
"288","22064153B16459031557594",2,704236.790707603,1408473.58141521,14.1580171095839
"289","22064153B16569113596510",2,7202.17006207827,14404.3401241565,9.57528483766386
"290","22064153B16625159005652",2,67359.9339603318,134719.867920664,11.8109528490768
"291","22064153B1700256392599",1,8539.55391572664,8539.55391572664,9.05246405072591
"292","22064153B17092575420538",1,33166.5387012019,33166.5387012019,10.4092967762159
"293","22064153B17110513567738",1,13019.8805619783,13019.8805619783,9.47423274229332
"294","22064153B17150931610065",2,72614.4242519585,145228.848503917,11.8860660427948
"295","22064153B17160397070793",1,147555.258586384,147555.258586384,11.901958019088
"296","22064153B17402484703457",3,7309.87909090141,21929.6372727042,9.99559430104278
"297","22064153B17443115546549",2,100417.745609891,200835.491219782,12.2102414002839
"298","22064153B17547452708566",1,117907.5465066,117907.5465066,11.6776560921666
"299","22064153B17594552103117",1,53730.8306604109,53730.8306604109,10.8917422435031
"300","22064153B17622592602982",2,3941.63690053001,7883.27380106002,8.97249855356088
"301","22064153B17640645318479",1,3157.21190590874,3157.21190590874,8.0574446088612
"302","22064153B17824097613778",1,36460.3515874545,36460.3515874545,10.5039806912869
"303","22064153B17910960265215",2,162153.332453798,324306.664907596,12.6894448437574
"304","22064153B17932497232001",2,59492.2034996727,118984.406999345,11.6867477298891
"305","22064153B18037782605293",4,56443.8310016047,225775.324006419,12.3272956422034
"306","22064153B18197472399049",2,235523.715582725,471047.43116545,13.0627140710397
"307","22064153B18309118681649",1,17554.6681225388,17554.6681225388,9.77307518341322
"308","22064153B18374709515284",1,44867.5867390187,44867.5867390187,10.7114709141276
"309","22064153B18443780619579",2,15491.728410151,30983.456820302,10.3412086900669
"310","22064153B18476481818662",2,6802.7740683612,13605.5481367224,9.51823293976425
"311","22064153B18486924389046",1,NA,NA,NA
"312","22064153B18585174510843",1,34413.6163653978,34413.6163653978,10.4462075896191
"313","22064153B18822058190622",1,7656.96605034364,7656.96605034364,8.9433711072968
"314","22064153B18860011713755",2,87194.3569706168,174388.713941234,12.0690420747233
"315","22064153B18981391951778",2,9908.03509145745,19816.0701829149,9.89424851289258
"316","22064153B19125244688726",2,366640.662058829,733281.324117658,13.5052847054876
"317","22064153B19140159564863",1,2044.45876857879,2044.45876857879,7.62288837260637
"318","22064153B19332172900276",1,65513.9091700646,65513.9091700646,11.0900177528209
"319","22064153B19404158136768",1,13426.517884668,13426.517884668,9.50498697702067
"320","22064153B19491219462886",1,54029.0011654358,54029.0011654358,10.8972762400012
"321","22064153B19507094368728",2,8417.19494116707,16834.3898823341,9.73117908991286
"322","22064153B19633670255011",1,180721.613356777,180721.613356777,12.1047130784857
"323","22064153B19687868642382",1,27444.3350447388,27444.3350447388,10.2199150520419
"324","22064153B20086130003796",1,83650.4458431467,83650.4458431467,11.334402036265
"325","22064153B20100015994007",2,NA,NA,NA
"326","22064153B20112956451443",2,7606.19225735107,15212.3845147021,9.62986514579299
"327","22064153B20504043763502",2,213358.20889241,426716.41778482,12.9638749446131
"328","22064153B20548004874718",2,106669.70684448,213339.41368896,12.2706396679286
"329","22064153B20607189577313",1,11426.4240329219,11426.4240329219,9.3436838498265
"330","22064153B20764763312334",2,86275.7794885157,172551.558977031,12.0584513634145
"331","22064153B20891786308722",1,38821.381649776,38821.381649776,10.566726447274
"332","22064153B20986912902018",2,57424.9282052693,114849.856410539,11.6513809578817
"333","22064153B21018855363784",2,1762.91193599171,3525.82387198342,8.167869410486
"334","22064153B21038809643944",1,16665.2075213204,16665.2075213204,9.72107844318878
"335","22064153B21150807088610",1,36462.1709118094,36462.1709118094,10.5040305887478
"336","22064153B21224542742547",2,17460.4248573283,34920.8497146566,10.4608393428378
"337","22064153B2132252923317",1,25887.4688259129,25887.4688259129,10.1615143014892
"338","22064153B21418638291073",1,14057.7970391204,14057.7970391204,9.550932470238
"339","22064153B21463927954199",3,95958.2883002378,287874.864900713,12.5702811678244
"340","22064153B21496575286327",1,34625.0982329603,34625.0982329603,10.4523340805386
"341","22064153B21529335846532",3,9857.09658323864,29571.2897497159,10.2945592287271
"342","22064153B21553303139286",2,50532.3955318046,101064.791063609,11.5235170858323
"343","22064153B21572106271359",1,55267.3429320181,55267.3429320181,10.919937469346
"344","22064153B21585833160132",2,186401.199334058,372802.398668116,12.8288037959685
"345","22064153B21781575553931",1,105677.899519432,105677.899519432,11.5681510631417
"346","22064153B21914755064517",3,49867.7156924495,149603.147077348,11.9157413809145
"347","22064153B22404901625877",1,51936.4207016202,51936.4207016202,10.857775570667
"348","22064153B22522574438890",2,58971.5209592185,117943.041918437,11.6779570913063
"349","22064153B22685350390729",2,232400.395944522,464800.791889044,13.0493641882384
"350","22064153B22770542866151",1,28148.6225369089,28148.6225369089,10.2452536994011
"351","22064153B22863459733327",2,42888.7154154455,85777.430830891,11.3595112069449
"352","22064153B23017512967810",2,419706.087190682,839412.174381364,13.6404571334474
"353","22064153B23148495981135",2,1095518.05287184,2191036.10574368,14.5998850975581
"354","22064153B2319717856826",1,14312.8693592989,14312.8693592989,9.56891436672685
"355","22064153B23217272115075",2,39631.4534174478,79262.9068348956,11.2805255407489
"356","22064153B23593154045809",1,33146.6531307043,33146.6531307043,10.4086970291507
"357","22064153B23745136254640",2,163409.200867595,326818.40173519,12.6971599492419
"358","22064153B23879423585908",1,13999.5627386801,13999.5627386801,9.54678137515821
"359","22064153B24090934315492",1,5256.99004227512,5256.99004227512,8.56731390663373
"360","22064153B24327518891099",1,148206.449107331,148206.449107331,11.9063615071411
"361","22064153B24375638846800",2,197808.674231386,395617.348462772,12.8882027313151
"362","22064153B2446826655857",2,82107.1808598161,164214.361719632,12.0089279369724
"363","22064153B249766001509",1,84440.7384060792,84440.7384060792,11.3438052466668
"364","22064153B25042190901764",3,518963.538350142,1556890.61505043,14.2582011946876
"365","22064153B25274509403754",1,154136.269599726,154136.269599726,11.945592357662
"366","22064153B25299017238233",1,NA,NA,NA
"367","22064153B25382009967091",2,30299.474886417,60598.949772834,11.0120328414259
"368","22064153B25439030249227",2,9620.17762672254,19240.3552534451,9.86476518836551
"369","22064153B25557212584140",1,298828.152017403,298828.152017403,12.6076239447284
"370","22064153B25569633235651",1,84467.4922345858,84467.4922345858,11.3441220320434
"371","22064153B25624433633857",1,20154.3511053701,20154.3511053701,9.91117547981444
"372","22064153B26111310234357",1,37619.0170129425,37619.0170129425,10.5352649731394
"373","22064153B26168625636469",1,813.615723075966,813.615723075966,6.70148816986223
"374","22064153B26379129013913",2,305772.822300409,611545.644600818,13.3237448749881
"375","22064153B26432964343600",2,67325.1474988329,134650.294997666,11.8104362890852
"376","22064153B26463696706835",1,156829.78154764,156829.78154764,11.9629163022029
"377","22064153B26660671620175",2,570176.392176505,1140352.78435301,13.9468482324566
"378","22064153B26661145575054",2,57407.8464313072,114815.692862614,11.6510834509349
"379","22064153B26672672151559",1,5599.79272124461,5599.79272124461,8.63048486197474
"380","22064153B27005462697609",1,74797.8232284308,74797.8232284308,11.2225440623149
"381","22064153B27046387100615",2,40809.8242387647,81619.6484775294,11.3098253021327
"382","22064153B2722132887235",3,7577.29331833243,22731.8799549973,10.0315236215214
"383","22064153B27247213696549",2,213898.80705516,427797.61411032,12.9664054985002
"384","22064153B27378883096087",2,473303.248255175,946606.49651035,13.760638759425
"385","22064153B27631691114886",1,13263.242475786,13263.242475786,9.49275176444938
"386","22064153B27637415608592",1,8760.85287106839,8760.85287106839,9.07804853890229
"387","22064153B27870068763569",3,18405.8202597573,55217.4607792719,10.9190345007121
"388","22064153B28035717704665",1,57278.6799689034,57278.6799689034,10.9556837561334
"389","22064153B28097279144094",3,200653.114953924,601959.344861772,13.3079451885583
"390","22064153B28200881155358",2,14167.8379533113,28335.6759066226,10.2518769224439
"391","22064153B28331596269752",1,62369.1829503562,62369.1829503562,11.040826569392
"392","22064153B28414045924235",1,3301.27790697028,3301.27790697028,8.1020649170312
"393","22064153B28508352708384",1,52708.8538449416,52708.8538449416,10.8725387250661
"394","22064153B28562561290701",1,20154.0332911894,20154.0332911894,9.91115971067928
"395","22064153B28595577519901",1,35635.6853798114,35635.6853798114,10.4811028130837
"396","22064153B28841810223211",1,47733.7866791008,47733.7866791008,10.7733947422627
"397","22064153B28864104730432",2,45407.0520944253,90814.1041888506,11.4165698850029
"398","22064153B28866553828376",1,110050.098484956,110050.098484956,11.6086909818652
"399","22064153B29022768014976",1,34098.0901216345,34098.0901216345,10.4369966535399
"400","22064153B29173837278044",1,28090.551858174,28090.551858174,10.2431885659777
"401","22064153B29179737200672",2,43228.6566617021,86457.3133234042,11.3674060835242
"402","22064153B29202371584226",2,179796.053892194,359592.107784388,12.7927256341318
"403","22064153B29893282242980",1,12615.0249682786,12615.0249682786,9.44264384032636
"404","22064153B30086215465497",1,69518.4542820023,69518.4542820023,11.1493475255437
"405","22064153B30363651690938",2,297924.047433713,595848.094867426,13.297741039178
"406","22064153B30432270495602",3,29989.7165172366,89969.1495517098,11.4072221077902
"407","22064153B30545680019922",1,2936.23408800508,2936.23408800508,7.98488311680308
"408","22064153B3059978894084",1,8802.80521291008,8802.80521291008,9.08282572386293
"409","22064153B30625233243143",2,34726.1676996428,69452.3353992856,11.1483959746767
"410","22064153B30746537151350",1,780.874893384391,780.874893384391,6.66041494928021
"411","22064153B30747054135081",1,174233.104527129,174233.104527129,12.0681493628149
"412","22064153B31019964907182",1,25392.5527215953,25392.5527215953,10.1422112100779
"413","22064153B31135289991863",1,73136.1976433524,73136.1976433524,11.2000787029764
"414","22064153B31214056666647",1,45391.5877397477,45391.5877397477,10.7230820747847
"415","22064153B31303079621207",1,75066.0883844801,75066.0883844801,11.2261241829684
"416","22064153B31542603161121",1,19805.0605324701,19805.0605324701,9.89369276647498
"417","22064153B31828477920697",1,58075.288892992,58075.288892992,10.9694955321074
"418","22064153B31988030206411",1,60150.4849971548,60150.4849971548,11.0046047844984
"419","22064153B32144271118289",1,5184.63621109351,5184.63621109351,8.55345495640729
"420","22064153B32207594646608",1,22493.4551115561,22493.4551115561,10.0209796619467
"421","22064153B32431944472623",1,1820.16581869506,1820.16581869506,7.50668288509376
"422","22064153B32453256362792",3,14434.2080365588,43302.6241096764,10.6759685151491
"423","22064153B32499931661973",2,142596.86736394,285193.73472788,12.5609239992862
"424","22064153B32509347712886",1,4245.20760905678,4245.20760905678,8.35354600427671
"425","22064153B3260295763556",2,43118.1705548618,86236.3411097236,11.3648469584075
"426","22064153B32622592109390",2,640794.976009037,1281589.95201807,14.0636120150798
"427","22064153B32661608825034",2,450543.539246754,901087.078493508,13.7113571784172
"428","22064153B32663760346389",2,58101.9825140258,116203.965028052,11.6631022452623
"429","22064153B32697897340727",2,45856.0433751052,91712.0867502104,11.4264094570855
"430","22064153B32748472503600",1,4441.82946380934,4441.82946380934,8.39882161195903
"431","22064153B3280524188858",1,70363.2135659985,70363.2135659985,11.1614258710035
"432","22064153B32879665089708",1,24256.7713239106,24256.7713239106,10.0964510872402
"433","22064153B33022261417007",2,38491.7135856642,76983.4271713284,11.251345446129
"434","22064153B33141511613521",1,19606.7485521236,19606.7485521236,9.88362909984004
"435","22064153B33206929848815",1,7749.24685944539,7749.24685944539,8.95535093819876
"436","22064153B33436919021908",1,35982.8958490181,35982.8958490181,10.4907989892302
"437","22064153B33610753881119",1,28311.16692323,28311.16692323,10.2510115967277
"438","22064153B33692548967608",1,70965.3718485868,70965.3718485868,11.1699473166067
"439","22064153B33757504335053",2,92398.0651968933,184796.130393787,12.1270084985429
"440","22064153B3414994926035",2,16722.5786893189,33445.1573786378,10.4176622831368
"441","22064153B34173315549622",2,18058.3035453661,36116.6070907322,10.4945080687537
"442","22064153B3427611435846",1,21204.6563996852,21204.6563996852,9.96197607803703
"443","22064153B34289782846164",1,307681.287821715,307681.287821715,12.6368197464018
"444","22064153B34391741921391",1,31053.8649471025,31053.8649471025,10.3434785545622
"445","22064153B34439901226362",2,540002.905413556,1080005.81082711,13.8924769794814
"446","22064153B34443868046446",1,469377.071645037,469377.071645037,13.0591617151154
"447","22064153B34645070246824",2,114556.528172845,229113.05634569,12.3419708565414
"448","22064153B34770411990432",1,211018.54834461,211018.54834461,12.2597013154411
"449","22064153B34841335570745",3,132439.87453089,397319.62359267,12.8924963329632
"450","22064153B34851227738598",2,21695.9405559164,43391.8811118328,10.6780276314326
"451","22064153B35070175546875",1,508543.443615904,508543.443615904,13.1393059256609
"452","22064153B35070439080278",3,21070.3918376576,63211.1755129728,11.0542363922397
"453","22064153B35076023646202",2,64056.3710798208,128112.742159642,11.7606659533489
"454","22064153B35105939301214",1,13829.3658896508,13829.3658896508,9.53454957325702
"455","22064153B35296121445435",1,45343.0602193984,45343.0602193984,10.7220124166978
"456","22064153B35477366306356",3,13458.4844866745,40375.4534600235,10.6059772916699
"457","22064153B35633292127249",1,54628.5156220619,54628.5156220619,10.9083112895409
"458","22064153B3574187835078",1,46588.266824918,46588.266824918,10.7491040035376
"459","22064153B35820151330939",2,5571.81414831761,11143.6282966352,9.31862316033007
"460","22064153B3601656726791",2,100547.816847443,201095.633694886,12.2115358634161
"461","22064153B36411435837789",1,546069.603221092,546069.603221092,13.2105017250293
"462","22064153B36448258784434",1,82521.2661971353,82521.2661971353,11.3208113111917
"463","22064153B36820241418054",1,46572.0936981661,46572.0936981661,10.748756793054
"464","22064153B37300460169028",1,28263.4915333604,28263.4915333604,10.2493261989734
"465","22064153B37535549153017",1,8777.70849437587,8777.70849437587,9.079970661036
"466","22064153B37672699687454",1,1398.51171654732,1398.51171654732,7.24316389054565
"467","22064153B37744123028030",1,28482.9776125653,28482.9776125653,10.2570619110638
"468","22064153B37982881195793",2,20623.1505983148,41246.3011966296,10.6273167197819
"469","22064153B37992746393477",2,155298.698098552,310597.396197104,12.6462528065228
"470","22064153B37993588390493",2,319743.963228341,639487.926456682,13.3684230201616
"471","22064153B37996051653181",2,23956.1429857262,47912.2859714524,10.7771272426077
"472","22064153B3805543078066",2,386017.53347199,772035.06694398,13.5567852514779
"473","22064153B38234502302871",1,32186.3756118378,32186.3756118378,10.3792985243482
"474","22064153B38263245523496",1,48193.3018929691,48193.3018929691,10.782975325506
"475","22064153B38516205558719",1,13668.0988128173,13668.0988128173,9.52281984270988
"476","22064153B38748946116024",2,6637.47259897058,13274.9451979412,9.49363371788626
"477","22064153B38860399977783",1,78556.4473058755,78556.4473058755,11.2715727193209
"478","22064153B39171502191048",1,14094.1202056965,14094.1202056965,9.5535129827066
"479","22064153B39248770948024",2,32852.6376338987,65705.2752677974,11.0929344945187
"480","22064153B39270708607806",2,505711.660422314,1011423.32084463,13.8268691253458
"481","22064153B39431527645490",1,13032.0932253428,13032.0932253428,9.47517030382772
"482","22064153B3969862222627",1,15485.0155020153,15485.0155020153,9.64762809350563
"483","22064153B39894202763699",2,17553.7160265436,35107.4320530872,10.4661681264445
"484","22064153B39921881538290",2,67215.2613587736,134430.522717547,11.8088027848403
"485","22064153B39981249129264",1,26434.2530317243,26434.2530317243,10.1824159114791
"486","22064153B40043226344788",1,9351.63581776333,9351.63581776333,9.14330656075159
"487","22064153B40136139146839",2,37278.4409505515,74556.881901103,11.2193176284891
"488","22064153B40173018789364",1,101122.329466265,101122.329466265,11.5240862457675
"489","22064153B40278985513053",2,7435.63925164599,14871.278503292,9.60718701445979
"490","22064153B40501348045878",2,162256.334666386,324512.669332772,12.6900798569921
"491","22064153B40775689638766",2,42716.2644030592,85432.5288061184,11.355482206622
"492","22064153B40828352777432",1,21249.5224667295,21249.5224667295,9.96408970194615
"493","22064153B40974377910611",2,227586.603721235,455173.20744247,13.0284333011922
"494","22064153B41154522842822",1,7862.36647557659,7862.36647557659,8.9698429184259
"495","22064153B41312501853097",1,NA,NA,NA
"496","22064153B41354551896797",1,34331.7115673143,34331.7115673143,10.4438247415245
"497","22064153B41514672574111",3,23205.5429077534,69616.6287232602,11.1507587362237
"498","22064153B41545162624275",2,55037.5632397763,110075.126479553,11.608918379654
"499","22064153B417111065512",1,47995.880840881,47995.880840881,10.7788704703927
"500","22064153B41713963483520",1,2003.38088760551,2003.38088760551,7.60259147615288
"501","22064153B41720613650338",1,131466.559350442,131466.559350442,11.7865077967423
"502","22064153B42062720942264",1,1354.99381536659,1354.99381536659,7.21155216899828
"503","22064153B4211596098450",2,55704.1783723936,111408.356744787,11.6209576193241
"504","22064153B42280137563605",2,48679.7668711777,97359.5337423554,11.4861659386437
"505","22064153B42302848095491",1,2011.32953098975,2011.32953098975,7.60655124058992
"506","22064153B42334403031986",1,22133.1746998981,22133.1746998981,10.0048328795975
"507","22064153B42446330332241",1,NA,NA,NA
"508","22064153B42900229299916",1,152806.335576479,152806.335576479,11.9369266180518
"509","22064153B42905790783951",1,29283.1688661669,29283.1688661669,10.2847681885227
"510","22064153B43125554844951",1,33752.3686939911,33752.3686939911,10.4268058773636
"511","22064153B43134754063243",1,120277.56486923,120277.56486923,11.6975573913806
"512","22064153B43185436543368",1,108655.507037671,108655.507037671,11.5959376704348
"513","22064153B43898079170437",1,127621.767582467,127621.767582467,11.7568262276827
"514","22064153B43979450317974",1,52645.6844747949,52645.6844747949,10.871339547912
"515","22064153B43988911271418",2,340737.519245751,681475.038491502,13.4320149021427
"516","22064153B4409747403252",2,71512.7793677409,143025.558735482,11.8707786256873
"517","22064153B44123473908200",1,92355.6380444576,92355.6380444576,11.4334020345972
"518","22064153B44499834230387",2,38162.5307189767,76325.0614379534,11.2427566225546
"519","22064153B44542304217365",1,139243.308113815,139243.308113815,11.8439781000015
"520","22064153B44542802774302",2,29218.3949481449,58436.7898962898,10.9757009344499
"521","22064153B44549146098758",2,36377.6389798664,72755.2779597328,11.1948567316768
"522","22064153B44560660851170",1,17967.1027611359,17967.1027611359,9.79629774035385
"523","22064153B44963787773880",1,234132.626964527,234132.626964527,12.3636430156793
"524","22064153B45156088025009",1,65036.4905530853,65036.4905530853,11.08270378448
"525","22064153B45188135537989",3,10503.4072343554,31510.2217030662,10.3580672706855
"526","22064153B45193462412831",1,2336.10359680766,2336.10359680766,7.75623969091326
"527","22064153B45248140164067",1,54839.9829599086,54839.9829599086,10.9121748229524
"528","22064153B45322323594402",1,51291.8153298304,51291.8153298304,10.8452864732027
"529","22064153B45421969822613",1,39285.0240604348,39285.0240604348,10.5785986580683
"530","22064153B4599338501443",1,95766.7969804085,95766.7969804085,11.4696713170405
"531","22064153B46077925963614",2,3567308.89586859,7134617.79173718,15.7804692393766
"532","22064153B46179239075141",1,160847.225731098,160847.225731098,11.9882102849654
"533","22064153B46600625049869",2,92729.2162500797,185458.432500159,12.1305860523621
"534","22064153B4671862991873",2,53332.8080023578,106665.616004716,11.5774541361035
"535","22064153B46764438077406",3,30037.9093828617,90113.7281485851,11.408827797679
"536","22064153B4700189189865",2,16752.741996145,33505.48399229,10.419464405678
"537","22064153B47088094291136",3,46927.5512985674,140782.653895702,11.8549725183533
"538","22064153B47110066124982",2,21853.0386618076,43706.0773236152,10.6852424406047
"539","22064153B47141697781340",1,81140.1931385954,81140.1931385954,11.3039337170706
"540","22064153B47306424439203",2,58127.8329645925,116255.665929185,11.6635470614377
"541","22064153B47377223297779",2,47089.9210403855,94179.842080771,11.4529614470152
"542","22064153B47665726673429",2,25663.7118518637,51327.4237037274,10.8459804634459
"543","22064153B48033226915297",2,70755.4981536631,141510.996307326,11.8601327054652
"544","22064153B48078065447549",1,35954.1315827116,35954.1315827116,10.4899992823513
"545","22064153B48122018052032",1,2468.15224570295,2468.15224570295,7.81122507100878
"546","22064153B48186183517064",1,33539.8016857198,33539.8016857198,10.4204881225905
"547","22064153B48657370827340",2,18023.6546907388,36047.3093814776,10.4925875041851
"548","22064153B48721476653165",1,46979.4391351043,46979.4391351043,10.7574653197658
"549","22064153B49253931002117",2,16252.5376942705,32505.075388541,10.3891515219265
"550","22064153B49276333720668",3,352.053918332068,1056.1617549962,6.96239662961553
"551","22064153B49277227172137",1,88520.2332779737,88520.2332779737,11.3909864294753
"552","22064153B49312445085348",1,93953.3830190344,93953.3830190344,11.4505540129111
"553","22064153B4943550686052",1,133103.212040174,133103.212040174,11.7988801366253
"554","22064153B49599067230525",1,4533.34265310736,4533.34265310736,8.41921483888643
"555","22064153B4986899209326",1,11341.866809182,11341.866809182,9.33625618535408
"556","22064153B50130441477952",2,24716.5290311529,49433.0580623058,10.8083746709118
"557","22064153B51010300776987",1,218473.492362591,218473.492362591,12.29441996974
"558","22064153B51289193141424",1,11342.2068969664,11342.2068969664,9.33628617007277
"559","22064153B51420190401517",1,2324.35717765759,2324.35717765759,7.75119879706514
"560","22064153B51464692079899",2,NA,NA,NA
"561","22064153B5152282240918",2,7589.21086178751,15178.421723575,9.6276300747653
"562","22064153B51627476063203",2,132638.228588468,265276.457176936,12.4885277958072
"563","22064153B51662529993673",2,4145.06651337748,8290.13302675496,9.02282129465379
"564","22064153B51668010168839",1,268890.432648995,268890.432648995,12.5020592620368
"565","22064153B51715438268926",1,41062.7328780267,41062.7328780267,10.6228562465175
"566","22064153B51725743038941",2,56300.6316854913,112601.263370983,11.6316082146157
"567","22064153B51861353705431",1,122087.218980852,122087.218980852,11.7124909779683
"568","22064153B519565970341",1,93907.9976491496,93907.9976491496,11.4500708335518
"569","22064153B52034596955899",1,53931.9458702186,53931.9458702186,10.8954782690862
"570","22064153B52085994320923",1,90802.6076417457,90802.6076417457,11.4164432826984
"571","22064153B52241055716439",1,64781.2907360877,64781.2907360877,11.0787721174433
"572","22064153B52291408422766",2,11013.4062473092,22026.8124946184,10.0000157400232
"573","22064153B52472433648563",2,16027.7204964777,32055.4409929554,10.3752222137111
"574","22064153B52612753206186",1,8591.68948043086,8591.68948043086,9.0585506755498
"575","22064153B52633464961485",2,206661.043029514,413322.086059028,12.9319824373954
"576","22064153B5267804533831",2,9415.00188995323,18830.0037799065,9.8432068223897
"577","22064153B52841590037267",2,23454.8914542933,46909.7829085866,10.7559815234838
"578","22064153B52868042497281",1,87461.9276339668,87461.9276339668,11.378958864902
"579","22064153B52887999669387",2,265514.436287121,531028.872574242,13.1825716727087
"580","22064153B52911851929609",2,101514.814866159,203029.629732318,12.2211072066454
"581","22064153B53002187512045",1,22372.3643798366,22372.3643798366,10.015581743125
"582","22064153B53034253556310",1,96630.0159614097,96630.0159614097,11.478644696174
"583","22064153B53114788196581",2,149735.662650824,299471.325301648,12.6097739500564
"584","22064153B53244281721356",2,212714.288129936,425428.576259872,12.9608523545271
"585","22064153B53353386763224",2,481433.349932006,962866.699864012,13.7776702594587
"586","22064153B53393989117079",1,6272.56350333313,6272.56350333313,8.74394040227592
"587","22064153B53434069623251",2,62796.2303881564,125592.460776313,11.7407975055483
"588","22064153B53472362936594",1,111672.619129851,111672.619129851,11.6233268263589
"589","22064153B53816838639023",3,68148.34148323,204445.02444969,12.2280543892271
"590","22064153B54270766590260",1,90552.7045718209,90552.7045718209,11.4136873311352
"591","22064153B54270882779278",2,236500.170823584,473000.341647168,13.0668513897723
"592","22064153B54478878575697",1,86398.123373457,86398.123373457,11.3667212343416
"593","22064153B54573279257236",1,13488.7896908504,13488.7896908504,9.5096142261887
"594","22064153B54635082172523",2,14774.1833831748,29548.3667663496,10.2937837511325
"595","22064153B54693030859615",1,62581.5413194179,62581.5413194179,11.0442256465044
"596","22064153B55014741833430",1,7182.43468210225,7182.43468210225,8.8793936967783
"597","22064153B5531323380958",1,1329033.73233517,1329033.73233517,14.0999627191153
"598","22064153B55351511475413",2,64974.6966612136,129949.393322427,11.7749003715126
"599","22064153B55422469295161",1,NA,NA,NA
"600","22064153B55493173352162",3,21172.2080483788,63516.6241451364,11.059056948179
"601","22064153B55931345507884",2,100084.194830367,200168.389660734,12.2069142395942
"602","22064153B55971315986708",2,5233.77790503902,10467.555810078,9.25603582962764
"603","22064153B55990340820977",2,90584.7874405781,181169.574881156,12.1071887494483
"604","22064153B5606212103523",1,5095.55739138575,5095.55739138575,8.53612433935629
"605","22064153B56106555282703",3,154904.224559003,464712.673677009,13.0491745875159
"606","22064153B56325145349456",1,32350.6519849011,32350.6519849011,10.3843894538187
"607","22064153B56360165329958",2,56001.7637741615,112003.527548323,11.6262856457484
"608","22064153B56407070841201",2,21875.4124607235,43750.824921447,10.6862657469554
"609","22064153B56467377786107",1,12688.7141176746,12688.7141176746,9.44846822520967
"610","22064153B56572969434164",2,36536.3052721539,73072.6105443078,11.1992088907696
"611","22064153B56867511813359",1,73599.2913223768,73599.2913223768,11.2063906758986
"612","22064153B56887254979091",1,51891.6339575693,51891.6339575693,10.856912860738
"613","22064153B56938477027476",2,11291.7073895248,22583.4147790496,10.0249710565197
"614","22064153B57190407441885",1,8899.69741173809,8899.69741173809,9.09377255646115
"615","22064153B5719123813817",2,113560.351704143,227120.703408286,12.3332368882198
"616","22064153B57554253448105",2,1578.97009191647,3157.94018383294,8.05767525348134
"617","22064153B57698371148493",2,8260.44210396138,16520.8842079228,9.71238056912465
"618","22064153B57880496845400",1,44735.6576782687,44735.6576782687,10.7085261735226
"619","22064153B57896694451609",2,41018.3572567818,82036.7145135636,11.3149221640119
"620","22064153B58156912777265",1,26602.2095089189,26602.2095089189,10.1887495555652
"621","22064153B58180962451731",2,142803.22022114,285606.44044228,12.5623700597615
"622","22064153B5819975327596",2,14129.3690836514,28258.7381673028,10.2491580044031
"623","22064153B58264224873440",1,13940.6640162659,13940.6640162659,9.54256531705853
"624","22064153B58604351029537",1,5761.27898107765,5761.27898107765,8.6589147743675
"625","22064153B58621167796121",3,40688.8136859895,122066.441057969,11.7123207743111
"626","22064153B58787616490408",3,29903.8823458308,89711.6470374924,11.40435588396
"627","22064153B59005328689415",2,183823.181156717,367646.362313434,12.8148767831471
"628","22064153B59487832348145",1,4014.86201363186,4014.86201363186,8.29775825807717
"629","22064153B5983137694741",1,87650.0433537997,87650.0433537997,11.3811073849733
"630","22064153B59967033318464",1,996.932398470015,996.932398470015,6.90468296271816
"631","22064153B59992096453849",1,1561.10561151627,1561.10561151627,7.35314957454733
"632","22064153B60195592260119",1,23728.244133182,23728.244133182,10.0744213531474
"633","22064153B60305206630690",2,107936.844094677,215873.688189354,12.2824487387165
"634","22064153B60376459146870",1,1413.75081494646,1413.75081494646,7.25400160387328
"635","22064153B60548593458523",2,189367.773024155,378735.54604831,12.8445934728288
"636","22064153B60558378980420",1,NA,NA,NA
"637","22064153B60751840721116",1,30614.4254712212,30614.4254712212,10.3292265974848
"638","22064153B60880441829581",1,16224.2384035745,16224.2384035745,9.69426160078335
"639","22064153B60931052346072",1,22856.8344619441,22856.8344619441,10.0370054527797
"640","22064153B61048147512310",2,58869.3092269053,117738.618453811,11.6762223486406
"641","22064153B61213319374873",1,6422.36517178772,6422.36517178772,8.76754173565939
"642","22064153B61399355999235",1,8466.77093545045,8466.77093545045,9.04390447947337
"643","22064153B61406224805517",1,67780.4069253866,67780.4069253866,11.1240284487634
"644","22064153B61544198291555",2,8559.72792716653,17119.4558543331,9.74797086498109
"645","22064153B61546273634487",1,7185.98412552709,7185.98412552709,8.87988775858768
"646","22064153B61639073188138",1,21182.7497974952,21182.7497974952,9.96094244063829
"647","22064153B61853178733261",2,30453.3489384484,60906.6978768968,11.0170984292087
"648","22064153B61862032927901",1,63026.9686375511,63026.9686375511,11.0513179873882
"649","22064153B61865595964656",2,18684.5134686657,37369.0269373314,10.5285974835355
"650","22064153B62115102055201",1,31398.6046083667,31398.6046083667,10.3545187316849
"651","22064153B62217916410467",1,20741.017340348,20741.017340348,9.93986853267057
"652","22064153B62287563607588",2,12890.5654276625,25781.130855325,10.1573981411372
"653","22064153B62297132095458",1,63579.8130774243,63579.8130774243,11.0600512945017
"654","22064153B62305916302195",1,19057.9178566751,19057.9178566751,9.85523792972333
"655","22064153B62672077731580",1,19762.7105672016,19762.7105672016,9.89155213634783
"656","22064153B62822681138687",1,55740.9738351753,55740.9738351753,10.9284707719127
"657","22064153B63068612486986",1,24409.028876447,24409.028876447,10.1027083787548
"658","22064153B63372535615325",1,80933.9454209062,80933.9454209062,11.3013886123321
"659","22064153B6350784980137",2,531690.228640538,1063380.45728108,13.8769635023032
"660","22064153B63784741567602",2,65171.9116833595,130343.823366719,11.7779310332502
"661","22064153B63829453739833",1,NA,NA,NA
"662","22064153B63835909795908",2,161116.0783832,322232.1567664,12.6830275484892
"663","22064153B63840040249051",3,57009.8215814298,171029.464744289,12.0495911290875
"664","22064153B63881976764969",2,55464.9152547363,110929.830509473,11.6166531228263
"665","22064153B64007643487677",1,21867.3361351407,21867.3361351407,9.99274930173173
"666","22064153B64016815172570",1,878237.047760403,878237.047760403,13.6856718222373
"667","22064153B64118294616923",2,44314.6938279225,88629.387655845,11.3922187707144
"668","22064153B6421292379130",1,61516.7134665612,61516.7134665612,11.0270641805575
"669","22064153B64219933693528",1,12002.399305882,12002.399305882,9.3928618509412
"670","22064153B64323013606809",1,584.471126647123,584.471126647123,6.37070738131238
"671","22064153B64476610605868",2,103221.658151415,206443.31630283,12.2377811563791
"672","22064153B64477662388202",1,18418.7343146537,18418.7343146537,9.82112359488896
"673","22064153B64891765792099",2,35685.307157903,71370.614315806,11.1756414994075
"674","22064153B64946776552870",2,49228.0078991349,98456.0157982698,11.4973651873124
"675","22064153B65236790677801",2,150658.57894771,301317.15789542,12.6159186697148
"676","22064153B65355185007631",1,1250.52221124112,1250.52221124112,7.13131651204807
"677","22064153B65398665506308",2,128508.181783277,257016.363566554,12.4568950333156
"678","22064153B65475311637837",1,19070.7082674146,19070.7082674146,9.85590883830407
"679","22064153B65490065262091",1,14412.4646216966,14412.4646216966,9.57584870987849
"680","22064153B65569101114722",1,5600.17393249842,5600.17393249842,8.63055293561563
"681","22064153B65721710551900",1,79476.017172612,79476.017172612,11.2832105843459
"682","22064153B65726287039798",1,46516.1919838829,46516.1919838829,10.7475557456699
"683","22064153B65854996769111",1,33929.1386440148,33929.1386440148,10.4320294711906
"684","22064153B66002224145568",2,51877.8125208236,103755.625041647,11.5497936538921
"685","22064153B66349136174891",2,52107.2723972533,104214.544794507,11.5542069839202
"686","22064153B66358962164543",2,142905.498417322,285810.996834644,12.5630860211157
"687","22064153B66514919549994",1,64052.9529995392,64052.9529995392,11.0674654108607
"688","22064153B66933042170680",2,6088.82420699825,12177.6484139965,9.40735745316517
"689","22064153B67053571560742",1,18357.544884626,18357.544884626,9.81779593435211
"690","22064153B67150935418865",1,12478.2381496589,12478.2381496589,9.43174145805191
"691","22064153B67163681434847",2,365125.993894496,730251.987788992,13.5011449423127
"692","22064153B67459914812798",1,81869.7178470847,81869.7178470847,11.3128844560116
"693","22064153B67534038156395",1,22520.8151436039,22520.8151436039,10.0221952780286
"694","22064153B67559782883122",1,NA,NA,NA
"695","22064153B67581321748824",2,34580.8290832377,69161.6581664754,11.1442019153119
"696","22064153B67705173205056",2,8119.85791658732,16239.7158331746,9.69521511560535
"697","22064153B67847090482379",2,144452.549340343,288905.098680686,12.5738535348991
"698","22064153B68061345904698",2,283660.457836187,567320.915672374,13.2486804114388
"699","22064153B68069187412847",3,30917.5708354254,92752.7125062762,11.4376922253927
"700","22064153B68257517894213",1,117193.997450302,117193.997450302,11.6715859385191
"701","22064153B6836068570250",2,51231.499838397,102462.999676794,11.5372570336291
"702","22064153B68363974409505",1,29030.1210901801,29030.1210901801,10.2760892282184
"703","22064153B68559217227558",2,62830.0165437617,125660.033087523,11.7413353892668
"704","22064153B68679560851725",1,10245.0017430169,10245.0017430169,9.23454523080641
"705","22064153B6874249672824",2,229571.55013052,459143.10026104,13.0371172057286
"706","22064153B68880016704101",2,25826.5697920979,51653.1395841958,10.8523062584544
"707","22064153B68900591559433",2,118982.378920506,237964.757841012,12.379877865391
"708","22064153B68903426629356",1,42208.891807282,42208.891807282,10.6503861841623
"709","22064153B69084165037525",1,40696.2397650612,40696.2397650612,10.6138909780977
"710","22064153B6927791471577",2,106694.549853051,213389.099706102,12.2708725373798
"711","22064153B69278152819157",1,39645.1317409829,39645.1317409829,10.5877234387173
"712","22064153B69435349130289",2,28629.7087853949,57259.4175707898,10.9553474069411
"713","22064153B69533754697672",2,62468.45321938,124936.90643876,11.7355641403661
"714","22064153B6965188213643",2,97462.1153399353,194924.230679871,12.1803662014206
"715","22064153B69680253088719",2,59334.9741997287,118669.948399457,11.6841013758353
"716","22064153B69785759438689",2,129655.791905577,259311.583811154,12.4657856439233
"717","22064153B69836136073733",2,99288.2714288691,198576.542857738,12.1989299111186
"718","22064153B70218534764896",1,18744.5413222966,18744.5413222966,9.83865785953463
"719","22064153B70283581599440",1,1377.39819749217,1377.39819749217,7.22795163447911
"720","22064153B70489840196790",1,12203.2979167687,12203.2979167687,9.40946151523781
"721","22064153B70592042041650",2,30560.1701357193,61120.3402714386,11.0205999910932
"722","22064153B70816441618955",1,25980.3590830981,25980.3590830981,10.1650961116494
"723","22064153B7091731953162",1,NA,NA,NA
"724","22064153B71021754844770",1,42817.5169087091,42817.5169087091,10.6647025714083
"725","22064153B71067186574144",2,214491.564907455,428983.12981491,12.9691728726962
"726","22064153B71281946459031",2,141914.9972321,283829.9944642,12.5561307268627
"727","22064153B71803232115030",3,61174.0862983418,183522.258895025,12.1200912410005
"728","22064153B71828449311091",2,13122.2464835215,26244.492967043,10.1752114542787
"729","22064153B71985542420847",1,302787.44067209,302787.44067209,12.6207863223804
"730","22064153B72338395356904",2,1468.90209950429,2937.80419900858,7.98541771020005
"731","22064153B72367314810159",1,62050.876632597,62050.876632597,11.035709918375
"732","22064153B72557409137783",1,8811.94691577735,8811.94691577735,9.08386368382072
"733","22064153B72852152827794",1,12262.2349825471,12262.2349825471,9.41427949161537
"734","22064153B73079587251631",1,16448.1333250985,16448.1333250985,9.70796727407676
"735","22064153B7322851157107",1,27984.2745446338,27984.2745446338,10.2393980079819
"736","22064153B73325412364778",2,197172.732799975,394345.46559995,12.8849826203448
"737","22064153B73342944647376",2,16091.8350591788,32183.6701183576,10.3792144637125
"738","22064153B73547165677482",1,14291.4416543979,14291.4416543979,9.5674161513775
"739","22064153B735534792520",1,97348.9033890962,97348.9033890962,11.4860567461154
"740","22064153B73554949432718",1,134378.664119376,134378.664119376,11.8084169453574
"741","22064153B73558398041144",2,8125.43190421493,16250.8638084299,9.69590134378691
"742","22064153B73719790331249",2,478387.599789024,956775.199578048,13.7713237416691
"743","22064153B73742017137533",1,218757.375000353,218757.375000353,12.2957185179389
"744","22064153B74315697961644",2,138728.377181064,277456.754362128,12.5334203598878
"745","22064153B74370220833750",2,8641.67224846801,17283.344496936,9.75749857090658
"746","22064153B74511540229227",1,NA,NA,NA
"747","22064153B74721517788558",2,10700.5765294651,21401.1530589302,9.97120008081682
"748","22064153B74794903489103",2,9724.37445368639,19448.7489073728,9.87553802344935
"749","22064153B74936950050526",2,9564.01100918414,19128.0220183683,9.85890966024416
"750","22064153B75099650397757",2,39574.7103842819,79149.4207685638,11.2790927471341
"751","22064153B75208844196005",2,8033.24050264869,16066.4810052974,9.68449045561693
"752","22064153B75284693112718",1,4636.34836107182,4636.34836107182,8.44168234423188
"753","22064153B75299838191887",2,315812.741353908,631625.482707816,13.3560519068256
"754","22064153B75302360124634",1,5461.95246999861,5461.95246999861,8.60556160005485
"755","22064153B7544432194221",1,26464.0233243438,26464.0233243438,10.1835414791843
"756","22064153B75512617616301",2,22261.7451165623,44523.4902331246,10.7037721992871
"757","22064153B75558973119201",1,323690.223006711,323690.223006711,12.6875422355864
"758","22064153B75952557144029",1,33804.6283804524,33804.6283804524,10.4283530064294
"759","22064153B76164610245689",1,21885.5070534676,21885.5070534676,9.99357991835215
"760","22064153B76299833153547",1,61204.1401647272,61204.1401647272,11.0219701159627
"761","22064153B76436938350922",2,31578.7120181409,63157.4240362818,11.0533856828051
"762","22064153B76452428536918",1,37876.5301499425,37876.5301499425,10.5420869419941
"763","22064153B76525796154688",4,1426.18406848982,5704.73627395928,8.64905203405138
"764","22064153B76527177669413",1,19952.4720988502,19952.4720988502,9.90110832937055
"765","22064153B76687235436591",1,64174.5381182952,64174.5381182952,11.0693618084917
"766","22064153B76764932541801",1,3626.24082409342,3626.24082409342,8.19595180502039
"767","22064153B7677868990473",2,98508.6625378099,197017.32507562,12.1910469483995
"768","22064153B76782638383014",1,4758.77181640298,4758.77181640298,8.46774489216804
"769","22064153B77103081434651",1,8484.26465927597,8484.26465927597,9.04596851030362
"770","22064153B77106068491412",2,276069.447264469,552138.894528938,13.2215549141315
"771","22064153B77183996290647",2,28536.8395777449,57073.6791554898,10.9520983288698
"772","22064153B77224046457748",1,47943.3267910897,47943.3267910897,10.777774900472
"773","22064153B77422596340227",1,61673.4517786965,61673.4517786965,11.0296088381833
"774","22064153B7763811650899",2,82016.343583348,164032.687166696,12.0078209989384
"775","22064153B77677863466257",1,28259.723495695,28259.723495695,10.2491928718911
"776","22064153B77987793520078",1,3701.9109141154,3701.9109141154,8.21660442858549
"777","22064153B78193536381763",2,1182.45787075318,2364.91574150636,7.76849767302133
"778","22064153B78228861031651",1,193906.588703958,193906.588703958,12.1751318205604
"779","22064153B78382308499165",2,43795.702325796,87591.404651592,11.3804381516947
"780","22064153B7839934707198",2,74866.3758422445,149732.751684489,11.9166073286059
"781","22064153B78632499037431",2,78501.593070659,157003.186141318,11.9640213780183
"782","22064153B78682541824565",1,11056.6648347871,11056.6648347871,9.31078867759198
"783","22064153B78841847163237",1,10303.8927331625,10303.8927331625,9.24027703807668
"784","22064153B79045995074029",2,77447.614989813,154895.229979626,11.9505042317386
"785","22064153B79178271585243",3,10080.2515208996,30240.7545626988,10.3169457824524
"786","22064153B79429110732098",2,46095.0007739204,92190.0015478408,11.4316069605823
"787","22064153B79488910412367",1,NA,NA,NA
"788","22064153B79630920379478",2,54934.0546188534,109868.109237707,11.6070359184607
"789","22064153B79650181437953",1,6980.26304689559,6980.26304689559,8.85084188084799
"790","22064153B79836169988029",2,75787.1357950905,151574.271590181,11.9288310253218
"791","22064153B79844191298444",1,26875.1465870917,26875.1465870917,10.1989572198185
"792","22064153B79919938369804",2,71909.081038148,143818.162076296,11.8763050172416
"793","22064153B80068225568868",1,7435.66480020279,7435.66480020279,8.91404326985364
"794","22064153B8024533352103",1,1090.5847607834,1090.5847607834,6.99446930915337
"795","22064153B80640640435871",1,1621.79352035094,1621.79352035094,7.39128792715838
"796","22064153B80804439158864",1,7353.63956416165,7353.63956416165,8.90295064844382
"797","22064153B8093767218470",1,3875.87648337619,3875.87648337619,8.26252710546889
"798","22064153B80945575612703",1,8353.89480284871,8353.89480284871,9.0304831525489
"799","22064153B81017994421279",1,6903.03852633777,6903.03852633777,8.83971695978855
"800","22064153B81163718541362",2,45442.6984119852,90885.3968239704,11.4173546162584
"801","22064153B81183812222249",2,NA,NA,NA
"802","22064153B81263079942066",2,159617.910185014,319235.820370028,12.673685357466
"803","22064153B81529275129859",2,76875.574174675,153751.14834935,11.9430906545797
"804","22064153B81595625097237",2,14159.7960313331,28319.5920626662,10.251309143137
"805","22064153B81712763029694",1,12333.8816844799,12333.8816844799,9.42010536287367
"806","22064153B81790310991737",1,6846.64966028825,6846.64966028825,8.83151471091967
"807","22064153B81931446357320",2,41100.9787001845,82201.957400369,11.3169343934173
"808","22064153B82009101284809",2,157353.524981055,314707.04996211,12.6593974849691
"809","22064153B82042887470941",2,68630.3017033996,137260.603406799,11.8296366125392
"810","22064153B82071564709193",2,89206.9228640217,178413.845728043,12.0918611066997
"811","22064153B82107167810847",2,38588.4064071174,77176.8128142348,11.2538543387509
"812","22064153B82157551102424",2,4385.26732126354,8770.53464252708,9.07915304616795
"813","22064153B82319600160004",2,102142.49342333,204284.98684666,12.227271292284
"814","22064153B82400996798627",1,8227.53675753894,8227.53675753894,9.01524194845126
"815","22064153B82506873251112",2,12835.7629063302,25671.5258126604,10.1531377116258
"816","22064153B825337930111",2,35883.5966360166,71767.1932720332,11.1811827324006
"817","22064153B8255256814498",1,15553.6018273832,15553.6018273832,9.6520475195562
"818","22064153B82556228504312",2,48322.2830948902,96644.5661897804,11.4787952615328
"819","22064153B82580623809132",1,69700.8054899038,69700.8054899038,11.1519671532084
"820","22064153B82678654202342",3,12591.2892421209,37773.8677263627,10.5393728125385
"821","22064153B83131458706543",1,147813.571809827,147813.571809827,11.9037071087868
"822","22064153B83233320380459",1,NA,NA,NA
"823","22064153B83234888303578",1,50080.3533009562,50080.3533009562,10.8213840604806
"824","22064153B8325167179900",1,5990.69392010808,5990.69392010808,8.69796253082854
"825","22064153B83500491832850",2,42983.2156507741,85966.4313015482,11.3617121653327
"826","22064153B83824745407144",1,8715.69641039668,8715.69641039668,9.07288086415874
"827","22064153B84142752258378",2,10114.3952324226,20228.7904648452,9.9148621391922
"828","22064153B84219767946861",1,10164.7201027162,10164.7201027162,9.22667819028897
"829","22064153B84222059971345",1,26318.956750347,26318.956750347,10.1780447475088
"830","22064153B8428470598874",1,8122.38422591344,8122.38422591344,9.00237901393763
"831","22064153B84385819333701",1,19649.9810443517,19649.9810443517,9.88583165263291
"832","22064153B84546796088042",1,19868.0507239208,19868.0507239208,9.89686822927013
"833","22064153B84652164446594",1,NA,NA,NA
"834","22064153B85234359484130",1,5624.27967176203,5624.27967176203,8.63484816051903
"835","22064153B85252336705750",1,43988.8468493823,43988.8468493823,10.6916914000729
"836","22064153B85586917882840",1,20486.0212041372,20486.0212041372,9.92749804005097
"837","22064153B85623167351933",1,43613.1456953879,43613.1456953879,10.683113890668
"838","22064153B8564356760578",2,24634.5649136363,49269.1298272726,10.8050529940724
"839","22064153B85680479871483",1,36964.4597115783,36964.4597115783,10.5177121816685
"840","22064153B85719531819289",1,44934.1912282333,44934.1912282333,10.7129542812264
"841","22064153B85897991709250",2,160022.735065071,320045.470130142,12.6762183588382
"842","22064153B85947434617393",1,309778.671782037,309778.671782037,12.6436133594757
"843","22064153B86120410024942",1,1850.65478023028,1850.65478023028,7.52329479071167
"844","22064153B86353051825362",1,50168.1053251455,50168.1053251455,10.8231347516694
"845","22064153B86498088606166",1,8086.7213667708,8086.7213667708,8.99797865804087
"846","22064153B8665907160310",2,10423.754196353,20847.508392706,9.9449897185372
"847","22064153B8666349443712",2,56018.0127515939,112036.025503188,11.6265757548354
"848","22064153B86683000647841",1,13906.1947327248,13906.1947327248,9.54008968406478
"849","22064153B86801747373252",1,30745.2127628846,30745.2127628846,10.3334895786071
"850","22064153B86856131608768",2,86601.3679002505,173202.735800501,12.0622180706006
"851","22064153B87072224192540",1,75718.410794302,75718.410794302,11.2347766171778
"852","22064153B87137159672256",2,12214.8453998619,24429.6907997238,10.1035545075906
"853","22064153B87212941126642",1,28298.597124166,28298.597124166,10.2505675108184
"854","22064153B87267410101558",1,56876.4095898764,56876.4095898764,10.948635939944
"855","22064153B87269269919659",1,127162.646928901,127162.646928901,11.7532222305434
"856","22064153B87296692178554",1,178963.860408945,178963.860408945,12.0949391672822
"857","22064153B87559658215683",2,151264.594524863,302529.189049726,12.6199330445243
"858","22064153B87658218657394",1,5064.65252100529,5064.65252100529,8.5300408103818
"859","22064153B87695161266591",3,16881.7278698126,50645.1836094378,10.8325994135352
"860","22064153B87793948617144",2,15059.631827369,30119.263654738,10.3129202345611
"861","22064153B87894076500012",1,2262.96507976318,2262.96507976318,7.72443121456582
"862","22064153B87911292599012",1,54106.1288486715,54106.1288486715,10.8987027458242
"863","22064153B87980745802810",1,14958.1243339512,14958.1243339512,9.61300986492132
"864","22064153B8813975202654",1,1468.93121401593,1468.93121401593,7.29229035003734
"865","22064153B88328488927062",2,40513.2646810661,81026.5293621322,11.3025319030199
"866","22064153B88577614993358",1,217353.439276728,217353.439276728,12.2892800599712
"867","22064153B88729606439601",2,44453.940559074,88907.881118148,11.3953560690704
"868","22064153B88833417807281",2,3418.68090655282,6837.36181310564,8.83015723637692
"869","22064153B88862899919648",1,180106.064263824,180106.064263824,12.1013012022453
"870","22064153B88871529927936",1,121752.902540618,121752.902540618,11.70974888083
"871","22064153B89149578572225",2,150679.022493024,301358.044986048,12.6160543550408
"872","22064153B89218276356736",1,7547.71764518258,7547.71764518258,8.92900049789031
"873","22064153B89292621442465",1,12345.3917480998,12345.3917480998,9.42103813461721
"874","22064153B89642323235755",1,11345.2762276446,11345.2762276446,9.33655674488092
"875","22064153B90382038348999",1,1168535.34575234,1168535.34575234,13.9712616813288
"876","22064153B9051879540232",1,36980.3659318225,36980.3659318225,10.5181424002903
"877","22064153B90614639681244",1,184661.233920114,184661.233920114,12.1262782574234
"878","22064153B9064679601577",2,51895.7307480949,103791.46149619,11.5501389871415
"879","22064153B90768154691941",2,1289551.92597289,2579103.85194578,14.7629525523528
"880","22064153B9080529541811",1,69299.3538242136,69299.3538242136,11.1461908608086
"881","22064153B90835968382747",2,85914.3990770178,171828.798154036,12.0542539005267
"882","22064153B90991559137685",1,32803.0337579721,32803.0337579721,10.3982762827162
"883","22064153B91116498936181",2,10942.999267582,21885.998535164,9.99360237504811
"884","22064153B91381447128129",2,7469.26401723804,14938.5280344761,9.61169892869742
"885","22064153B91537954314769",1,45544.0324747234,45544.0324747234,10.7264348836713
"886","22064153B91609112527858",1,5150.18889976951,5150.18889976951,8.546788672552
"887","22064153B91785979325065",2,59170.8402094852,118341.68041897,11.6813313160536
"888","22064153B92028221048613",1,4344.34550988736,4344.34550988736,8.37663039571774
"889","22064153B92054695753215",1,5038.82097329799,5038.82097329799,8.52492739982917
"890","22064153B92427745486428",1,73349.2562365816,73349.2562365816,11.2029876435958
"891","22064153B92521276992791",1,33012.2460341007,33012.2460341007,10.4046338635535
"892","22064153B92578420514531",1,42903.7805007227,42903.7805007227,10.6667152245934
"893","22064153B92728866184375",1,28791.9853883802,28791.9853883802,10.2678523422699
"894","22064153B92754256682750",3,46710.6424815395,140131.927444618,11.850339596759
"895","22064153B92948543202040",1,17345.4323669371,17345.4323669371,9.76108448656143
"896","22064153B93482560698592",2,164320.806701036,328641.613402072,12.7027231150399
"897","22064153B93520564600239",1,14516.0864479102,14516.0864479102,9.58301272366865
"898","22064153B93521388220713",1,32272.6601783938,32272.6601783938,10.3819757166777
"899","22064153B93544053912338",1,38071.181204022,38071.181204022,10.5472128760563
"900","22064153B93596873224412",2,10575.8163527474,21151.6327054948,9.95947237797222
"901","22064153B93622399148332",1,NA,NA,NA
"902","22064153B93672474053317",2,73257.0790863328,146514.158172666,11.8948773455865
"903","22064153B93831812640775",1,33538.7774635561,33538.7774635561,10.4204575846102
"904","22064153B94045297720108",1,23728.4525133248,23728.4525133248,10.0744301350541
"905","22064153B94090813781135",1,56684.930081523,56684.930081523,10.9452636709945
"906","22064153B94127780812190",1,121911.730987124,121911.730987124,11.711052545352
"907","22064153B94139662375640",1,26475.0574621045,26475.0574621045,10.1839583408961
"908","22064153B94530132332923",1,47584.4832985251,47584.4832985251,10.7702620059527
"909","22064153B9474359651692",2,213655.86186456,427311.72372912,12.9652690580194
"910","22064153B94990135039499",1,19166.2578627639,19166.2578627639,9.86090660899059
"911","22064153B94993011750115",1,24973.8914889135,24973.8914889135,10.1255862177034
"912","22064153B95018112275614",2,668019.151617777,1336038.30323555,14.1052193027542
"913","22064153B95037722693010",2,102553.531799546,205107.063599092,12.2312873832485
"914","22064153B95388461124704",2,47717.9924829097,95435.9849658194,11.4662109872136
"915","22064153B95595404063006",1,22753.7775970357,22753.7775970357,10.032486458816
"916","22064153B95599373690567",1,43310.6972318912,43310.6972318912,10.6761549327143
"917","22064153B95702189282228",1,19053.9764796714,19053.9764796714,9.85503109786224
"918","22064153B95784348499714",1,1142.42496930559,1142.42496930559,7.04090844823161
"919","22064153B95834507403925",3,27807.4210935167,83422.2632805501,11.3316704985331
"920","22064153B95884811797842",1,11783.4290200072,11783.4290200072,9.37444950313344
"921","22064153B96273885694547",1,1913.57412291923,1913.57412291923,7.5567280409429
"922","22064153B96374809115220",2,75304.0591232323,150608.118246465,11.9224364989141
"923","22064153B96670024597495",1,11117.7995971366,11117.7995971366,9.31630267026881
"924","22064153B96792865327572",1,23453.7533869097,23453.7533869097,10.0627858202096
"925","22064153B96832433526360",2,32944.9830648319,65889.9661296638,11.0957414498641
"926","22064153B96866391217201",1,664.709227207117,664.709227207117,6.49934969271306
"927","22064153B96898003018692",1,39021.8125155883,39021.8125155883,10.571876064036
"928","22064153B96974896989466",1,3630.49829597776,3630.49829597776,8.19712518945723
"929","22064153B97344910702567",1,12154.2229765409,12154.2229765409,9.40543195846588
"930","22064153B9766515498802",2,10291.876343451,20583.752686902,9.93225733906731
"931","22064153B97971723277655",2,38104.8216787662,76209.6433575324,11.241243286916
"932","22064153B98039049640163",1,21437.9463928365,21437.9463928365,9.97291782668096
"933","22064153B98068681997593",1,39355.2123785611,39355.2123785611,10.5803837070443
"934","22064153B98138334835392",1,8258.2326194943,8258.2326194943,9.01896587503625
"935","22064153B98286353198048",2,25343.2673080804,50686.5346161608,10.8334155648793
"936","22064153B98376857578372",1,155736.203867841,155736.203867841,11.9559188540287
"937","22064153B98590992450461",1,556232.215764579,556232.215764579,13.2289411402923
"938","22064153B98951544817880",1,62362.0146863416,62362.0146863416,11.0407116299998
"939","22064153B99270011132036",2,50731.6823128671,101463.364625734,11.5274530726616
"940","22064153B99534934631305",2,26190.1974549215,52380.394909843,10.8662876573583
"941","22064153B99641769976782",2,10744.1012284127,21488.2024568254,9.97525934057387
"942","22064153B99919647628025",2,409982.119795511,819964.239591022,13.6170160080346
"943","2272694B14195441772590",1,783.212380500861,783.212380500861,6.66340389867673
"944","25037944B37494903355321",1,90.7712357640266,90.7712357640266,4.50834244867993
"945","25037944B38638552543628",1,15735.9148319923,15735.9148319923,9.66370094775076
"946","25037944B50083435969321",1,206.387216557274,206.387216557274,5.32975409640481
"947","25037944B65347816419811",1,6424.7380773748,6424.7380773748,8.76791114276511
"948","25037944B66848731281736",1,8588.80253404372,8588.80253404372,9.0582146029377
"949","25037944B77006542086789",1,NA,NA,NA
"950","25037944B80188408210929",1,54658.9560306278,54658.9560306278,10.9088683599698
"951","25037944B80645640934935",1,3971.85956114403,3971.85956114403,8.28698966732549
"952","25037944B87513158470011",1,10303.299373881,10303.299373881,9.24021945048507
"953","2640588B11276327116073",1,1567505.37668924,1567505.37668924,14.2649959815881
"954","2640588B11393510524278",1,155970.786994557,155970.786994557,11.9574240058404
"955","2640588B12869096786612",1,3326717.42089151,3326717.42089151,15.0174966162842
"956","2640588B14186532473464",1,120606.143835829,120606.143835829,11.70028550589
"957","2640588B17055181338626",1,410385.938239535,410385.938239535,12.9248533087028
"958","2640588B20595662599865",1,1223490.59412977,1223490.59412977,14.0172184741604
"959","2640588B20861121251971",1,2473219.26003974,2473219.26003974,14.7210312041341
"960","2640588B22535822566030",1,71879.3775201546,71879.3775201546,11.1827446808733
"961","2640588B24165862747597",1,42428.8466218656,42428.8466218656,10.6555837547457
"962","2640588B2684850326122",2,92556.8104447327,185113.620889465,12.1287250825072
"963","2640588B29584406601254",1,1188210.13610526,1188210.13610526,13.9879586455064
"964","2640588B33083527354868",1,592856.548050523,592856.548050523,13.2927077398628
"965","2640588B36229801410553",2,201878.243198938,403756.486397876,12.9085672187717
"966","2640588B36426397400836",1,1149586.43405776,1149586.43405776,13.9549128131013
"967","2640588B43067672764099",1,1059493.80483884,1059493.80483884,13.8733018094236
"968","2640588B43628149657030",1,1399519.70366368,1399519.70366368,14.1516396669123
"969","2640588B45258001695711",1,318043.25056987,318043.25056987,12.6699426605954
"970","2640588B46982966730152",1,943691.196024302,943691.196024302,13.7575542687557
"971","2640588B49362051778248",1,325508.063598315,325508.063598315,12.6931425132834
"972","2640588B50881283310688",1,438164.127983953,438164.127983953,12.9903488405926
"973","2640588B52568839586340",1,710821.226808866,710821.226808866,13.4741762380819
"974","2640588B57655195310467",1,776884.381947356,776884.381947356,13.5630468176953
"975","2640588B64856500371355",1,981532.153652759,981532.153652759,13.7968700518694
"976","2640588B65314213268917",1,1533924.05080699,1533924.05080699,14.2433397491276
"977","2640588B70472166839855",1,1546626.1594195,1546626.1594195,14.2515864451609
"978","2640588B74898440822212",1,270491.05665755,270491.05665755,12.507994314458
"979","2640588B80128813909947",1,818912.468830331,818912.468830331,13.6157324814586
"980","2640588B82822310999177",3,95870.3369385045,287611.010815513,12.5693641892683
"981","2640588B94420346402626",2,73357.8924871484,146715.784974297,11.8962525587127
"982","2640588B97763445928490",1,409469.980176145,409469.980176145,12.9226188711049
"983","3306468B10183104109049",1,25449.3567914891,25449.3567914891,10.1444457482404
"984","3306468B15896052245603",1,9147.92373393424,9147.92373393424,9.12128221819649
"985","3306468B1703224271200",1,13830.5142572287,13830.5142572287,9.53463260814888
"986","3306468B24687357743066",1,1368.02144743472,1368.02144743472,7.22112077600895
"987","3306468B25553756069478",1,2096.86115971714,2096.86115971714,7.6481968197053
"988","3306468B25789433891427",1,14774.0994069052,14774.0994069052,9.60063088656917
"989","3306468B30631228592753",1,18785.2625207853,18785.2625207853,9.84082793293226
"990","3306468B31162099816687",1,22712.1276057573,22712.1276057573,10.0306543165659
"991","3306468B41298949605028",1,28787.4354296932,28787.4354296932,10.2676943011284
"992","3306468B42519572872146",1,11791.5780174121,11791.5780174121,9.37514082829119
"993","3306468B4333912279461",1,174432.343118431,174432.343118431,12.0692922269233
"994","3306468B44390196227357",1,65984.2832029396,65984.2832029396,11.0971718593615
"995","3306468B48570951315042",1,34826.7006931919,34826.7006931919,10.4581396328667
"996","3306468B49798152350174",1,184974.739987379,184974.739987379,12.1279745541292
"997","3306468B51834332245466",1,37848.2500386165,37848.2500386165,10.5413400236783
"998","3306468B54711183761237",1,29782.4281561187,29782.4281561187,10.3016738393855
"999","3306468B55753848240652",1,102056.94205279,102056.94205279,11.5332861919193
"1000","3306468B55760825381670",1,41314.7635828512,41314.7635828512,10.6289751868111
"1001","3306468B57439307714728",1,127535.783771189,127535.783771189,11.7561522612327
"1002","3306468B57713364990292",1,33467.5572926943,33467.5572926943,10.4183318095491
"1003","3306468B60047889099268",1,106521.109778898,106521.109778898,11.5760984583762
"1004","3306468B63097535879723",1,870738.408778568,870738.408778568,13.6770968763723
"1005","3306468B63590922856333",1,22463.7255734998,22463.7255734998,10.0196570904715
"1006","3306468B64395738690475",1,27692.0691701351,27692.0691701351,10.228901339633
"1007","3306468B65787617435828",1,61832.8111819689,61832.8111819689,11.0321894278294
"1008","3306468B67900396339745",1,18017.6278066207,18017.6278066207,9.79910588024482
"1009","3306468B71353623072064",1,24050.670530507,24050.670530507,10.0879181558316
"1010","3306468B77556762591061",1,18293.776836832,18293.776836832,9.81431621743369
"1011","3306468B7799388924344",1,549243.064404679,549243.064404679,13.2162963627746
"1012","3306468B81365020570437",1,213233.997911841,213233.997911841,12.270145423438
"1013","3306468B82844411676159",1,106126.386641332,106126.386641332,11.5723859896421
"1014","3306468B82901312279704",1,8632.15522223972,8632.15522223972,9.06324948896347
"1015","3306468B87386677214515",1,16037.7260679728,16037.7260679728,9.68269910503485
"1016","3306468B89107795210133",1,46994.4443038982,46994.4443038982,10.7577846674052
"1017","3306468B8987969858006",1,44783.2892632946,44783.2892632946,10.7095903413027
"1018","3306468B91060644356542",1,20744.0247569159,20744.0247569159,9.94001352066726
"1019","3306468B91186516288237",1,22211.8697489326,22211.8697489326,10.0083820983488
"1020","3306468B93547885769442",1,41335.002334445,41335.002334445,10.629464934163
"1021","3306468B9406738878397",1,2734.99431617662,2734.99431617662,7.91388463667353
"1022","3306468B95520457943603",1,6719.77728684798,6719.77728684798,8.81281029112989
"1023","3306468B99813204721250",1,14266.5494234195,14266.5494234195,9.5656728748834
"1024","48082658B12474943410263",1,2803.76002182901,2803.76002182901,7.93871666026548
"1025","48082658B13739269194746",2,7929.01787367582,15858.0357473516,9.67143163804544
"1026","48082658B34496181007538",2,586.663888792395,1173.32777758479,7.06759924489986
"1027","48082658B41580202055285",1,10762.6901154614,10762.6901154614,9.28384081319891
"1028","48082658B47092597141072",1,209.41248583734,209.41248583734,5.34430592338921
"1029","48082658B47865873518539",2,167.896141557693,335.792283115386,5.81649276378196
"1030","48082658B54870744689581",1,3236.31826338291,3236.31826338291,8.08219162420224
"1031","48082658B55363984375879",1,2548.47647871643,2548.47647871643,7.84325100027564
"1032","48082658B59083030943668",2,1692.5020352149,3385.0040704298,8.12711038783599
"1033","48082658B59364107477614",1,2274.57016377777,2274.57016377777,7.72954637453505
"1034","48082658B68963423411416",1,2481.19452002525,2481.19452002525,7.81649538449796
"1035","48082658B69213589871259",1,3210.2370038943,3210.2370038943,8.07410004638742
"1036","48082658B71435976816388",1,697.892720388174,697.892720388174,6.54806539523103
"1037","48082658B76905372739919",1,24378.7058660257,24378.7058660257,10.1014653198391
"1038","48082658B87920107186750",1,6196.22795493394,6196.22795493394,8.73169599152074
"1039","50627088B11523678727998",1,17333.3183975008,17333.3183975008,9.76038584721244
"1040","50627088B38309476572974",1,41057.6773028235,41057.6773028235,10.6227331206052
"1041","50627088B45533435131247",1,23003.309993393,23003.309993393,10.0433933973131
"1042","50627088B50408193042815",1,18730.2034395065,18730.2034395065,9.83789265707196
"1043","50627088B50606245291674",1,48864.6267142392,48864.6267142392,10.7968090336204
"1044","50627088B53659635813519",1,295538.345682623,295538.345682623,12.5965538728329
"1045","50627088B56377483842725",1,3290.3265296934,3290.3265296934,8.09874208798148
"1046","50627088B58275904386471",1,130304.229287167,130304.229287167,11.7776272206611
"1047","50627088B64168457575480",1,74001.6668898878,74001.6668898878,11.2118428974716
"1048","50627088B68322081472397",1,611390.663800589,611390.663800589,13.3234914181237
"1049","50627088B76672031961414",1,6369.33563437929,6369.33563437929,8.75925044711119
"1050","50627088B76854514222016",1,24357.041940329,24357.041940329,10.1005762834295
"1051","50627088B77735288165812",1,3394.19604286732,3394.19604286732,8.12982220572513
"1052","50627088B92995602725414",1,23002.4014407277,23002.4014407277,10.0433538999273
"1053","52423323B10055621117527",1,46493.6970087491,46493.6970087491,10.747072034189
"1054","52423323B10302998803932",1,28997.5834857911,28997.5834857911,10.2749677774205
"1055","52423323B10442929932087",1,24016.2767717447,24016.2767717447,10.0864870782799
"1056","52423323B10584672826222",1,25092.2331010848,25092.2331010848,10.1303136390302
"1057","52423323B10770912620871",1,7742.00328496436,7742.00328496436,8.95441575544186
"1058","52423323B10934602069357",2,114468.7249936,228937.4499872,12.341204101065
"1059","52423323B11217217149990",2,9792.7258191935,19585.451638387,9.88254230625717
"1060","52423323B11454809492263",2,91611.2429783589,183222.485956718,12.1184564636287
"1061","52423323B11695261421482",1,466014.288150689,466014.288150689,13.0519715739053
"1062","52423323B12098340912267",1,269331.262910057,269331.262910057,12.5036973615904
"1063","52423323B12415258614636",1,76916.422209427,76916.422209427,11.250474685483
"1064","52423323B12485828442436",1,16777.800662992,16777.800662992,9.7278119024793
"1065","52423323B1256829191477",1,231510.737856546,231510.737856546,12.3523815352623
"1066","52423323B12833551098527",1,52794.8917780276,52794.8917780276,10.8741697183858
"1067","52423323B12905112958239",2,15347.7653971875,30695.530794375,10.3318723462475
"1068","52423323B13440849980241",2,18666.0319931048,37332.0639862096,10.5276078606617
"1069","52423323B13549110095678",1,13277.3990779149,13277.3990779149,9.49381855128216
"1070","52423323B13758082224669",1,9904.201607586,9904.201607586,9.2007143508951
"1071","52423323B1474651347139",1,233567.084031096,233567.084031096,12.3612246126067
"1072","52423323B15053613174821",1,18510.3271305646,18510.3271305646,9.82608407859153
"1073","52423323B15178674781049",2,5454.48941025126,10908.9788205025,9.29734147412576
"1074","52423323B15193843372165",1,35498.5464949134,35498.5464949134,10.47724703082
"1075","52423323B1560312281680",1,24125.4541721612,24125.4541721612,10.091022751819
"1076","52423323B15615503962810",2,15650.7813243497,31301.5626486994,10.3514233001606
"1077","52423323B160469889501",2,132963.378617596,265926.757235192,12.4909762011085
"1078","52423323B16296289860077",1,41401.2969610215,41401.2969610215,10.6310674868836
"1079","52423323B16928233595838",1,20003.8662345983,20003.8662345983,9.90368084558374
"1080","52423323B17101546722120",1,72175.2386879817,72175.2386879817,11.1868523115985
"1081","52423323B17286883599255",1,3101.12033579346,3101.12033579346,8.03951872382753
"1082","52423323B1749391597269",1,79574.6804176146,79574.6804176146,11.2844512360268
"1083","52423323B17696390858849",1,13888.8090279802,13888.8090279802,9.53883868894626
"1084","52423323B1786789370049",1,36442.6778439527,36442.6778439527,10.5034958350612
"1085","52423323B18014802865122",3,105190.920736435,315572.762209305,12.6621445594426
"1086","52423323B18021300180262",1,34017.5294794581,34017.5294794581,10.4346312436615
"1087","52423323B18332977345719",1,116527.114486288,116527.114486288,11.6658792672792
"1088","52423323B18388852349045",2,303324.521959775,606649.04391955,13.3157057214787
"1089","52423323B18472828692910",2,626536.715419348,1253073.4308387,14.0411098361824
"1090","52423323B1848134729501",1,21452.1230531481,21452.1230531481,9.97357889629502
"1091","52423323B18579387327768",1,19810.9694354377,19810.9694354377,9.89399107516549
"1092","52423323B19000754742578",1,417193.231415804,417193.231415804,12.9413047781416
"1093","52423323B1907827935694",1,1267004.4349087,1267004.4349087,14.0521659596197
"1094","52423323B19551708928957",1,11945.4111800246,11945.4111800246,9.38810248194055
"1095","52423323B21015613646613",1,372202.713346037,372202.713346037,12.8271939131853
"1096","52423323B21555121079401",1,19294.2877718927,19294.2877718927,9.86756436071685
"1097","52423323B21900392582772",2,33053.7416604673,66107.4833209346,11.0990372315488
"1098","52423323B2218191316201",1,590430.326709835,590430.326709835,13.2886069173276
"1099","52423323B22525297064489",2,41218.2845039128,82436.5690078256,11.3197844160867
"1100","52423323B23187437311114",2,9871.21801592589,19742.4360318518,9.89052571124248
"1101","52423323B23677933151668",1,854250.660254539,854250.660254539,13.6579799428828
"1102","52423323B238156185995",1,7764.90042640263,7764.90042640263,8.95736891211391
"1103","52423323B23830846230255",2,10139.3174558036,20278.6349116072,9.91732314338863
"1104","52423323B24042566063234",1,12956.0029594135,12956.0029594135,9.4693145087115
"1105","52423323B24171754221857",2,10606.5680926759,21213.1361853518,9.96237590015236
"1106","52423323B24194597484154",3,15517.4069054567,46552.2207163701,10.7483299876118
"1107","52423323B24374118756393",1,6169.15565699362,6169.15565699362,8.72731726101866
"1108","52423323B24465829142626",1,5325.99123157974,5325.99123157974,8.58035412003
"1109","52423323B2511363637596",1,36415.4153308578,36415.4153308578,10.5027474620753
"1110","52423323B25129931119647",1,114759.057441246,114759.057441246,11.6505900567577
"1111","52423323B25245708603821",2,42462.2420237186,84924.4840474372,11.3495177176195
"1112","52423323B25569178497638",1,47410.9108037644,47410.9108037644,10.7666076669279
"1113","52423323B25931574604795",1,10684.0341100623,10684.0341100623,9.27650576685507
"1114","52423323B26023060829136",1,144038.043283874,144038.043283874,11.8778327331376
"1115","52423323B26223057606715",1,65414.2597225296,65414.2597225296,11.0884955522491
"1116","52423323B2670997782408",1,383300.703198252,383300.703198252,12.8565750859567
"1117","52423323B2673135153008",1,5697.66392557451,5697.66392557451,8.64781153219774
"1118","52423323B26821031365156",1,12487.347631606,12487.347631606,9.43247122120918
"1119","52423323B26987461690173",1,16508.984380799,16508.984380799,9.71166001962523
"1120","52423323B27040576130410",1,181888.333787719,181888.333787719,12.1111482271428
"1121","52423323B27353189607616",2,26114.5630758519,52229.1261517038,10.863395590517
"1122","52423323B27439582532785",2,15608.6397393844,31217.2794787688,10.3487270499384
"1123","52423323B27696847619377",1,698329.713777032,698329.713777032,13.4564466395213
"1124","52423323B27952664457255",1,173064.932605935,173064.932605935,12.0614221360424
"1125","52423323B28506543245034",1,22200.0507505742,22200.0507505742,10.0078498539197
"1126","52423323B28526478136706",2,29622.4182043605,59244.836408721,10.9894339059798
"1127","52423323B28730875803746",2,37904.2956670446,75808.5913340892,11.2359669073461
"1128","52423323B29086368153286",2,7963.60914564124,15927.2182912825,9.67578476689544
"1129","52423323B2908823577252",1,65236.3190949931,65236.3190949931,11.0857716341591
"1130","52423323B29295723597206",2,18386.6113697325,36773.222739465,10.5125252163471
"1131","52423323B29299909449407",2,36068.4034372419,72136.8068744838,11.1863196905791
"1132","52423323B29403129163195",2,178091.478427417,356182.956854834,12.7831998015701
"1133","52423323B29513042802619",1,31345.6173957837,31345.6173957837,10.3528297403009
"1134","52423323B30055377123023",2,87158.8453925797,174317.690785159,12.0686347225434
"1135","52423323B30388068130066",1,3067.89948937693,3067.89948937693,8.02874840099122
"1136","52423323B30463798503843",1,41196.2900166324,41196.2900166324,10.626103483143
"1137","52423323B30528767978051",1,302638.285060541,302638.285060541,12.6202935926921
"1138","52423323B30660787387820",1,130654.543324558,130654.543324558,11.7803120451207
"1139","52423323B30792684212291",1,34904.1540496658,34904.1540496658,10.4603611283184
"1140","52423323B30990812518613",1,150186.048389611,150186.048389611,11.9196301271112
"1141","52423323B31235652397007",1,129716.739231953,129716.739231953,11.773108423133
"1142","52423323B31448976404541",1,445900.091463645,445900.091463645,13.007850195737
"1143","52423323B31615661575159",2,54793.7104688574,109587.420937715,11.6044778744431
"1144","52423323B32098183633338",1,64020.4717751805,64020.4717751805,11.066958182681
"1145","52423323B32105317711789",1,11971.0388950027,11971.0388950027,9.39024558634831
"1146","52423323B32443521891839",1,26716.0971964589,26716.0971964589,10.1930215539756
"1147","52423323B32700923685802",1,8161.9479726553,8161.9479726553,9.00723814160769
"1148","52423323B33050228676147",1,25528.6857816435,25528.6857816435,10.1475580314974
"1149","52423323B33166901073309",1,29694.7469912795,29694.7469912795,10.2987254401671
"1150","52423323B33397436463796",1,147640.644166263,147640.644166263,11.9025365202221
"1151","52423323B33793433125252",1,12468.5459922728,12468.5459922728,9.43096443141644
"1152","52423323B34984401006879",1,755361.4991165,755361.4991165,13.5349517204166
"1153","52423323B34987104881159",1,60205.654575281,60205.654575281,11.0055215567077
"1154","52423323B35006791438696",2,44823.4652526166,89646.9305052332,11.4036342397994
"1155","52423323B35187147605368",2,14718.0979492521,29436.1958985042,10.2899803490897
"1156","52423323B35376266327581",1,44943.7223978633,44943.7223978633,10.7131663727021
"1157","52423323B35502407860174",2,25066.4658891301,50132.9317782602,10.8224333920555
"1158","52423323B35564374613878",2,54652.6819417939,109305.363883588,11.6019007478332
"1159","52423323B36093874947415",3,89921.6902177485,269765.070653245,12.5053067505245
"1160","52423323B36348632800300",1,12364.2783278451,12364.2783278451,9.42256681414754
"1161","52423323B36475668892924",1,25192.2341014241,25192.2341014241,10.1342910554268
"1162","52423323B36481911498881",1,10408.8385985795,10408.8385985795,9.2504105894465
"1163","52423323B36577314859832",1,107234.534578436,107234.534578436,11.5827736266576
"1164","52423323B36663925787207",1,19397.142139277,19397.142139277,9.87288102179148
"1165","52423323B3691200212151",2,4934.88881165651,9869.77762331302,9.19723260160765
"1166","52423323B37211265449281",1,40571.0742549637,40571.0742549637,10.6108106348976
"1167","52423323B37398835360821",1,178776.496728945,178776.496728945,12.0938916830194
"1168","52423323B3743396317208",2,35650.312606846,71300.625213692,11.1746603751394
"1169","52423323B37590358813634",1,35186.8274667168,35186.8274667168,10.468427071853
"1170","52423323B3769936214170",2,44389.0001065589,88778.0002131178,11.3938941529385
"1171","52423323B37806009634223",2,17729.3266851445,35458.653370289,10.4761226028859
"1172","52423323B37899299883293",2,12253.8932503882,24507.7865007764,10.1067461623981
"1173","52423323B3800654156797",1,29722.8938672115,29722.8938672115,10.2996728651282
"1174","52423323B38201258104652",1,11990.5361938981,11990.5361938981,9.39187296711323
"1175","52423323B3829311906310",1,44832.6704987344,44832.6704987344,10.7106924048318
"1176","52423323B38488721572151",1,15749.0063441344,15749.0063441344,9.66453255300226
"1177","52423323B38524451377565",3,34382.8828132379,103148.648439714,11.5439264155509
"1178","52423323B38582621445702",1,6992.62313370878,6992.62313370878,8.85261103431811
"1179","52423323B38635571773884",1,472015.625250049,472015.625250049,13.0647673683631
"1180","52423323B38780973615632",1,121963.594181886,121963.594181886,11.7114778708376
"1181","52423323B38935818871161",2,40073.8334361412,80147.6668722824,11.2916260480979
"1182","52423323B39330829782254",1,19168.9995125304,19168.9995125304,9.86104964440806
"1183","52423323B39402203079771",1,3457.59652478584,3457.59652478584,8.14832898065779
"1184","52423323B39484776896839",1,59319.8469021685,59319.8469021685,10.990699215368
"1185","52423323B39498554570505",1,12128.5582342772,12128.5582342772,9.40331813537475
"1186","52423323B39779994842487",2,34344.726929805,68689.45385961,11.1373509563772
"1187","52423323B39944248465098",1,15742.6832674273,15742.6832674273,9.66413098186587
"1188","52423323B39960691316428",1,11931.0650733973,11931.0650733973,9.38690078800536
"1189","52423323B4006821929898",1,11202.8176396228,11202.8176396228,9.32392060060983
"1190","52423323B40186233786127",1,2844.02647330065,2844.02647330065,7.95297609935402
"1191","52423323B40320593937866",1,135941.05754891,135941.05754891,11.8199766703974
"1192","52423323B40435366156553",1,6412.09043884277,6412.09043884277,8.76594061825299
"1193","52423323B41002783843524",2,34853.382763555,69706.76552711,11.1520526584241
"1194","52423323B41586767659607",1,6123.52084855891,6123.52084855891,8.7198925121357
"1195","52423323B41588458909272",1,210569.551451149,210569.551451149,12.2575712882253
"1196","52423323B4191008526240",1,27284.5087528876,27284.5087528876,10.2140743751661
"1197","52423323B42354579566723",1,1145326.07130493,1145326.07130493,13.951199932861
"1198","52423323B42356104193293",2,120144.960571126,240289.921142252,12.3896014780328
"1199","52423323B42496570047924",1,105210.805085755,105210.805085755,11.5637212839521
"1200","52423323B42715000983787",1,159379.332961707,159379.332961707,11.979042381736
"1201","52423323B42791453202127",2,78868.6470074898,157737.29401498,11.9686862320881
"1202","52423323B4289293971821",2,9074.24775183527,18148.4955036705,9.80634294389749
"1203","52423323B42930074476451",1,1994584.36597534,1994584.36597534,14.5059462487438
"1204","52423323B43011596920250",1,49123.8218758483,49123.8218758483,10.802099366713
"1205","52423323B43145970536326",2,19556.408565358,39112.817130716,10.5742054961121
"1206","52423323B43172948431886",1,50449.1858390355,50449.1858390355,10.828721887674
"1207","52423323B43258201859657",2,391407.529054821,782815.058109642,13.5706517505347
"1208","52423323B43439565608947",2,43910.7376934356,87821.4753868712,11.3830613440984
"1209","52423323B43963641408818",1,13955.4945631445,13955.4945631445,9.54362858519515
"1210","52423323B44038614744637",1,1123650.12711355,1123650.12711355,13.9320929861697
"1211","52423323B44157144266829",2,15133.0256678564,30266.0513357128,10.3177819453968
"1212","52423323B44396431202896",1,13376.1833553124,13376.1833553124,9.50123104301406
"1213","52423323B4442832355941",1,73280.1437095987,73280.1437095987,11.2020449604487
"1214","52423323B44461654915973",1,361969.220548164,361969.220548164,12.7993144610829
"1215","52423323B44486980116087",1,37542.782921963,37542.782921963,10.5332364395709
"1216","52423323B44598433292078",1,291470.424811123,291470.424811123,12.5826938210015
"1217","52423323B44709532305945",1,90414.2464149471,90414.2464149471,11.4121571270495
"1218","52423323B44726132031324",1,31969.6724175837,31969.6724175837,10.3725429954447
"1219","52423323B45505395463487",1,24692.5077096558,24692.5077096558,10.1142551450089
"1220","52423323B45605902717918",1,10721.8398618878,10721.8398618878,9.28003804880568
"1221","52423323B45931526647810",3,11758.9374764616,35276.8124293848,10.4709811553978
"1222","52423323B46103575279257",1,323995.797048762,323995.797048762,12.6884858226186
"1223","52423323B46156622998042",1,28947.9576718179,28947.9576718179,10.2732549337706
"1224","52423323B4621357576796",1,8469.72914062298,8469.72914062298,9.0442538084598
"1225","52423323B46347201261258",1,49954.4221859438,49954.4221859438,10.8188663124091
"1226","52423323B47097694246075",1,92655.0375068149,92655.0375068149,11.4366386015988
"1227","52423323B47128133018764",1,173702.453742607,173702.453742607,12.0650990784542
"1228","52423323B47137025507841",1,75756.6645801712,75756.6645801712,11.2352817007579
"1229","52423323B47497093243576",1,32521.5532835247,32521.5532835247,10.3896583264671
"1230","52423323B47905601981877",1,10133.9524646687,10133.9524646687,9.22364669534681
"1231","52423323B48551637922403",2,13657.4376267318,27314.8752534636,10.2151867138585
"1232","52423323B48942229676406",1,723082.092217531,723082.092217531,13.4912780385646
"1233","52423323B49198903326940",1,38962.9863564078,38962.9863564078,10.5703674066774
"1234","52423323B49559413251956",1,87106.590820134,87106.590820134,11.3748878295545
"1235","52423323B49658569394047",1,39055.8416151369,39055.8416151369,10.5727477372972
"1236","52423323B49982915430318",1,38446.2330078879,38446.2330078879,10.557015998948
"1237","52423323B50058154101732",3,23971.9185785343,71915.7557356029,11.1832506537167
"1238","52423323B50324071852307",1,112847.435341087,112847.435341087,11.6337920557233
"1239","52423323B50427589653668",1,129392.4435148,129392.4435148,11.770605263013
"1240","52423323B50806890780295",1,32563.5913781165,32563.5913781165,10.3909501143445
"1241","52423323B50895679426840",1,45376.1578455687,45376.1578455687,10.7227420884993
"1242","52423323B51150866941712",1,4562.21818639561,4562.21818639561,8.42556422861772
"1243","52423323B51535248954707",2,35675.2100821853,71350.4201643706,11.1753585116665
"1244","52423323B51894454867093",1,321995.040799777,321995.040799777,12.682291423165
"1245","52423323B51899565145561",1,39972.955743237,39972.955743237,10.595958398014
"1246","52423323B52623684418934",1,47147.5793376574,47147.5793376574,10.7610379471394
"1247","52423323B52740470378798",1,13425.1745939672,13425.1745939672,9.50488692442972
"1248","52423323B5286931917033",2,41304.5900816235,82609.180163247,11.3218760933244
"1249","52423323B52993259514924",1,57596.0976910456,57596.0976910456,10.9612100959696
"1250","52423323B53018851624800",1,214639.94752761,214639.94752761,12.2767172406325
"1251","52423323B53043457363296",1,245354.182766411,245354.182766411,12.4104580895342
"1252","52423323B53082153991238",2,14079.6552401424,28159.3104802848,10.2456333241869
"1253","52423323B53549191673570",1,54909.6706544557,54909.6706544557,10.9134447623394
"1254","52423323B53838763724441",1,153710.473962484,153710.473962484,11.9428260726993
"1255","52423323B54307219453205",1,60456.4960892266,60456.4960892266,11.0096793124567
"1256","52423323B54358685786571",1,24764.1062819574,24764.1062819574,10.1171505564227
"1257","52423323B54730656664663",1,21521.2775829807,21521.2775829807,9.97679737975244
"1258","52423323B54966547945963",1,169752.551586773,169752.551586773,12.042097076747
"1259","52423323B55507665446718",1,664173.4648494,664173.4648494,13.4062986365838
"1260","52423323B55561087422078",1,673331.503606866,673331.503606866,13.41999306329
"1261","52423323B55662622252090",3,9729.37131894518,29188.1139568355,10.2815168491137
"1262","52423323B55664774745263",3,17348.6465259949,52045.9395779847,10.8598820609711
"1263","52423323B55832283983627",1,11125.6377680992,11125.6377680992,9.31700743286087
"1264","52423323B55850003369586",2,5146.52793252697,10293.0558650539,9.23922475899206
"1265","52423323B56288271705093",2,42987.3022437813,85974.6044875626,11.3618072349708
"1266","52423323B56681995994773",1,4187.09133235262,4187.09133235262,8.33976157909689
"1267","52423323B57053352254999",1,580038.571164866,580038.571164866,13.2708498823198
"1268","52423323B57218396029551",1,15546.5297546857,15546.5297546857,9.6515927258007
"1269","52423323B57343387643599",1,19699.6071699441,19699.6071699441,9.88835397391529
"1270","52423323B57520474770079",1,8794.90304517451,8794.90304517451,9.08192763325353
"1271","52423323B57598865741188",1,8734.89185960894,8734.89185960894,9.07508084236662
"1272","52423323B57626365826979",1,1203717.482966,1203717.482966,14.0009252286173
"1273","52423323B57801293190236",1,26801.7698781845,26801.7698781845,10.1962232045492
"1274","52423323B57942162225750",1,66844.7738670466,66844.7738670466,11.1101284024666
"1275","52423323B5794774245983",1,10109.223984188,10109.223984188,9.22120355181709
"1276","52423323B58317366123226",2,13194.7518069169,26389.5036138338,10.1807216196893
"1277","52423323B58582315603742",1,10572.881223389,10572.881223389,9.26604762671397
"1278","52423323B5863423777851",2,22914.527554863,45829.055109726,10.7326735600034
"1279","52423323B58673559392327",2,20673.9338564092,41347.8677128184,10.6297761323222
"1280","52423323B58689815854296",1,8811.54943136446,8811.54943136446,9.08381857535812
"1281","52423323B58767742506518",1,25539.2107933978,25539.2107933978,10.1479702283024
"1282","52423323B58777265344291",2,14062.6439327386,28125.2878654772,10.2444243746713
"1283","52423323B58883260045522",1,76653.1011552901,76653.1011552901,11.2470453421285
"1284","52423323B59070607035282",1,23523.5129717732,23523.5129717732,10.0657557519041
"1285","52423323B59284003127327",2,51124.9496987001,102249.8993974,11.5351750900161
"1286","52423323B59309209567710",2,8644.74046967644,17289.4809393529,9.75785355736799
"1287","52423323B59548723036137",1,23678.0738982279,23678.0738982279,10.0723047469325
"1288","52423323B60127042569296",1,186134.806226308,186134.806226308,12.1342264548378
"1289","52423323B60189599793984",2,184216.085679758,368432.171359516,12.8170119068022
"1290","52423323B60189999590545",1,11286.4658352951,11286.4658352951,9.33135957317746
"1291","52423323B60260447284731",1,29511.6972644362,29511.6972644362,10.2925419811742
"1292","52423323B60501572550321",1,36785.5863035018,36785.5863035018,10.5128613708965
"1293","52423323B60515004813393",2,107378.44074495,214756.8814899,12.2772618835236
"1294","52423323B60614723714205",2,10844.83207709,21689.66415418,9.98459111979971
"1295","52423323B60640707975629",1,631507.711362931,631507.711362931,13.3558654318825
"1296","52423323B61185146991898",1,1274777.66803534,1274777.66803534,14.0582823433576
"1297","52423323B61306663314312",1,75813.4344246889,75813.4344246889,11.2360307910804
"1298","52423323B61382457071366",2,249184.297724578,498368.595449156,13.1190952337341
"1299","52423323B61850216097396",2,177505.282918394,355010.565836788,12.7799028309352
"1300","52423323B6215511480610",1,5725.31217450957,5725.31217450957,8.65265235523444
"1301","52423323B62158301450735",1,10580.3919528399,10580.3919528399,9.2667577513083
"1302","52423323B62256411494154",1,159770.550027479,159770.550027479,11.9814940026362
"1303","52423323B62333237786738",1,34106.1055071373,34106.1055071373,10.4372316943747
"1304","52423323B62370676746754",1,10854.478029191,10854.478029191,9.2923329954069
"1305","52423323B62480653230445",1,45133.7270577099,45133.7270577099,10.7173850743371
"1306","52423323B62704656861756",1,35731.9157603971,35731.9157603971,10.4837995672794
"1307","52423323B62782413793554",1,23527.5660831336,23527.5660831336,10.0659280374904
"1308","52423323B63410184829220",1,18268.2356248277,18268.2356248277,9.81291907244963
"1309","52423323B63822520478885",1,10181.6747819437,10181.6747819437,9.22834479346344
"1310","52423323B63825786634762",1,10868.9535884693,10868.9535884693,9.2936657094712
"1311","52423323B64400488372532",1,61534.3837791219,61534.3837791219,11.0273513834037
"1312","52423323B64631698212491",1,249252.140605297,249252.140605297,12.426220275973
"1313","52423323B65063199058226",1,83135.318491498,83135.318491498,11.3282249024829
"1314","52423323B65115859299704",1,201272.80596346,201272.80596346,12.212416510418
"1315","52423323B65299920660671",1,7711.52042904848,7711.52042904848,8.95047064932679
"1316","52423323B65626355292212",2,366228.48969983,732456.97939966,13.5041598869536
"1317","52423323B65726573708010",1,98090.8058791719,98090.8058791719,11.4936489192364
"1318","52423323B65809730100750",1,26379.0578663313,26379.0578663313,10.1803257116961
"1319","52423323B66186032617491",1,516077.007201154,516077.007201154,13.1540112720906
"1320","52423323B66255567298861",3,14721.8487514353,44165.5462543059,10.6957002675915
"1321","52423323B66491934783020",1,25011.64953764,25011.64953764,10.1270969768203
"1322","52423323B66757955193379",2,76878.633464527,153757.266929054,11.943130449131
"1323","52423323B66820493102445",1,16069.1899907818,16069.1899907818,9.68465905240715
"1324","52423323B66944886224636",1,488734.820808629,488734.820808629,13.0995753326304
"1325","52423323B67044193776379",1,88114.793758607,88114.793758607,11.3863957179023
"1326","52423323B67077901806593",1,271695.252667579,271695.252667579,12.5124363225624
"1327","52423323B67114126748544",1,44185.6739272274,44185.6739272274,10.6961558962343
"1328","52423323B67748143135818",1,466158.513996356,466158.513996356,13.0522810140574
"1329","52423323B67769542433711",2,10012.8010653459,20025.6021306918,9.9047668404329
"1330","52423323B68047835703901",1,44411.8380307104,44411.8380307104,10.7012613351962
"1331","52423323B68232654856936",1,816064.119750563,816064.119750563,13.6122482089848
"1332","52423323B68249799438553",2,232550.691348665,465101.38269733,13.0500106881111
"1333","52423323B68296244508740",1,223344.890235893,223344.890235893,12.3164724486851
"1334","52423323B6841559990412",1,6466.12456619547,6466.12456619547,8.77433222289961
"1335","52423323B68557587713523",1,1392750.10271546,1392750.10271546,14.1467908416332
"1336","52423323B68831425011801",2,21964.9599022766,43929.9198045532,10.6903509114401
"1337","52423323B68904174883849",1,4802.13732180791,4802.13732180791,8.47681637316697
"1338","52423323B69277381036205",1,14695.4438836323,14695.4438836323,9.59529278483657
"1339","52423323B69509517878544",2,12710.2504912585,25420.500982517,10.1433112527521
"1340","52423323B69510084173682",1,20694.555096951,20694.555096951,9.93762590585805
"1341","52423323B69622605067069",1,33271.846593163,33271.846593163,10.4124668707233
"1342","52423323B69646199912282",1,15805.9543866784,15805.9543866784,9.66814200793755
"1343","52423323B69845491949418",1,5814.05823071441,5814.05823071441,8.66803409667142
"1344","52423323B69937594660811",1,74395.9937672052,74395.9937672052,11.2171573721564
"1345","52423323B70070544976743",1,787754.576221315,787754.576221315,13.5769418688331
"1346","52423323B70359204193032",1,139581.213813623,139581.213813623,11.8464018887192
"1347","52423323B71217436545860",1,13485.2403530388,13485.2403530388,9.50935105914794
"1348","52423323B71262883524424",1,4007.51661228831,4007.51661228831,8.29592702977476
"1349","52423323B71362647483761",2,35644.7750137592,71289.5500275184,11.174505032232
"1350","52423323B71374601240136",1,23875.3883907766,23875.3883907766,10.0806034328931
"1351","52423323B7185899041346",1,10913.8025053044,10913.8025053044,9.29778355204501
"1352","52423323B72181240507499",1,9410.6786566056,9410.6786566056,9.14960035076584
"1353","52423323B72303975114408",2,10673.6974862569,21347.3949725138,9.96868499587336
"1354","52423323B72584796071045",1,83087.7718502869,83087.7718502869,11.3276528201999
"1355","52423323B72584832166287",2,73741.476686097,147482.953372194,11.9014678777252
"1356","52423323B72643453207653",3,56922.2545048149,170766.763514445,12.0480539483942
"1357","52423323B72877265814635",1,287270.637043172,287270.637043172,12.5681800366227
"1358","52423323B72880351816690",1,7171.47817519167,7171.47817519167,8.87786707345998
"1359","52423323B72947560407101",3,22378.9459928434,67136.8379785302,11.1144881734841
"1360","52423323B73600596363110",1,21587.5793097463,21587.5793097463,9.97987339632178
"1361","52423323B73642037306772",2,25548.3280034644,51096.6560069288,10.841474333873
"1362","52423323B73732041573461",1,25215.5298029667,25215.5298029667,10.1352153457105
"1363","52423323B73755605771607",1,8532.85245193413,8532.85245193413,9.05167898692267
"1364","52423323B73822827864171",1,522114.686732804,522114.686732804,13.1656425491175
"1365","52423323B74073307510671",1,89888.5609571639,89888.5609571639,11.406325970508
"1366","52423323B74278338404385",1,47759.732664709,47759.732664709,10.7739381505782
"1367","52423323B74589242943410",1,87957.0871484526,87957.0871484526,11.384604328482
"1368","52423323B74647916820461",1,162966.865946384,162966.865946384,12.0013021827229
"1369","52423323B74651487208839",1,729959.202280308,729959.202280308,13.5007439242756
"1370","52423323B74682295131774",1,56249.3266600768,56249.3266600768,10.9375493495075
"1371","52423323B7471592660560",2,92201.4949383471,184402.989876694,12.124878804055
"1372","52423323B74845935741438",1,31049.7847750719,31049.7847750719,10.3433471557779
"1373","52423323B75387394783245",1,4980.14226446045,4980.14226446045,8.5132137367714
"1374","52423323B7621511423784",1,48336.3951496478,48336.3951496478,10.785940078652
"1375","52423323B76219766339167",2,94438.3389828967,188876.677965793,12.1488495835371
"1376","52423323B76403507103928",1,384332.776836459,384332.776836459,12.8592640626283
"1377","52423323B76509893462522",3,67997.972323025,203993.916969075,12.2258454536027
"1378","52423323B76675634203570",1,68255.6445556758,68255.6445556758,11.1310154137399
"1379","52423323B76793643920341",3,131627.416106353,394882.248319059,12.8863428939196
"1380","52423323B76935168618959",2,53567.061351664,107134.122703328,11.5818368116985
"1381","52423323B7701583683709",1,29686.3248444192,29686.3248444192,10.2984417758055
"1382","52423323B77301677546926",1,82480.7960816944,82480.7960816944,11.3203207704592
"1383","52423323B77456184843444",2,27368.6575197411,54737.3150394822,10.9103009320582
"1384","52423323B77626952716253",2,46596.7607758729,93193.5215517458,11.4424334870103
"1385","52423323B7766336727769",1,15932.7794916138,15932.7794916138,9.67613386926674
"1386","52423323B77822845094766",1,6203.45184751642,6203.45184751642,8.73286116570505
"1387","52423323B7787272397887",1,17334.6555846372,17334.6555846372,9.76046298971507
"1388","52423323B7808081062889",1,2129.07868750929,2129.07868750929,7.66344462405515
"1389","52423323B78124087935217",1,8911.79862755982,8911.79862755982,9.09513136626095
"1390","52423323B7824405482289",3,22903.9952688284,68711.9858064852,11.1376789288807
"1391","52423323B78408762151605",1,20229.614617777,20229.614617777,9.9149028799446
"1392","52423323B78464360666079",1,56499.4681519128,56499.4681519128,10.9419865038497
"1393","52423323B78580900034992",2,128650.187231333,257300.374462666,12.4579994536231
"1394","52423323B78786867018867",1,35052.6622534273,35052.6622534273,10.4646068454535
"1395","52423323B78995174680355",1,32760.2982676752,32760.2982676752,10.3969726425554
"1396","52423323B79096114646112",1,63956.618800564,63956.618800564,11.0659603012692
"1397","52423323B79314410482452",1,30012.0091010508,30012.0091010508,10.3093528839126
"1398","52423323B79437263897554",2,22485.5436887138,44971.0873774276,10.7137750595353
"1399","52423323B79545259368110",1,20592.6371251467,20592.6371251467,9.93268886977814
"1400","52423323B79738313755225",1,165350.655529424,165350.655529424,12.0158236828981
"1401","52423323B79783446194500",3,38148.4889826609,114445.466947983,11.6478537173266
"1402","52423323B79828539547884",1,8760.75154098427,8760.75154098427,9.07803697260029
"1403","52423323B80007668106022",3,23966.8118754109,71900.4356262327,11.1830376024701
"1404","52423323B80025699833508",1,19612.2973520357,19612.2973520357,9.88391206439572
"1405","52423323B80267107041052",1,11034.1578088796,11034.1578088796,9.30875099578553
"1406","52423323B80423316533974",1,14615.1609438228,14615.1609438228,9.58981468972028
"1407","52423323B80488084984098",1,32807.5161189798,32807.5161189798,10.3984129180903
"1408","52423323B80508488513851",1,642946.256912657,642946.256912657,13.3738164179422
"1409","52423323B80760419757691",1,28293.9810542769,28293.9810542769,10.2504043774165
"1410","52423323B81347355959648",1,7153.80705785705,7153.80705785705,8.87539994962819
"1411","52423323B81352708629195",1,36967.8915248408,36967.8915248408,10.517805018247
"1412","52423323B81362152802157",2,33900.8565597709,67801.7131195418,11.1243427408592
"1413","52423323B82031073374827",1,245620.97312538,245620.97312538,12.4115448670708
"1414","52423323B82042063785598",1,456035.201656119,456035.201656119,13.0303252821313
"1415","52423323B82500281635270",3,55120.2772081183,165360.831624355,12.0158852235179
"1416","52423323B8273444603527",1,6506.89930937896,6506.89930937896,8.780618325175
"1417","52423323B82780636991471",2,14407.3138112238,28814.6276224476,10.2686384407419
"1418","52423323B82979522420472",1,120234.689019095,120234.689019095,11.6972008536168
"1419","52423323B83071826775288",1,810147.163147081,810147.163147081,13.6049711930439
"1420","52423323B83955157156950",2,6946.67025644716,13893.3405128943,9.53916490452203
"1421","52423323B83969208679502",1,92453.7707464327,92453.7707464327,11.4344640228568
"1422","52423323B84021637502917",1,16860.3450869942,16860.3450869942,9.73271969913963
"1423","52423323B84079682288186",1,12895.4048461745,12895.4048461745,9.46462631341583
"1424","52423323B84121936183506",1,50262.7038274175,50262.7038274175,10.8250186064556
"1425","52423323B84288855823535",2,14626.8429026238,29253.6858052476,10.2837608551572
"1426","52423323B84817986944382",2,11224.3299372703,22448.6598745406,10.0189861976043
"1427","52423323B84884093129235",1,12366.2704748379,12366.2704748379,9.42272792233912
"1428","52423323B8498333390768",1,32473.4491360719,32473.4491360719,10.3881780847733
"1429","52423323B8509439867450",1,26048.953884809,26048.953884809,10.1677328884024
"1430","52423323B85290148440084",1,17551.9765754394,17551.9765754394,9.77292184793341
"1431","52423323B85918245780607",2,14508.6750058767,29017.3500117534,10.2756492063401
"1432","52423323B85945473450778",1,134287.88976897,134287.88976897,11.8077412054669
"1433","52423323B8631496960035",1,125775.377434732,125775.377434732,11.7422528762275
"1434","52423323B86318670912748",1,776054.412161964,776054.412161964,13.5619779154726
"1435","52423323B86380597892697",1,486227.416279707,486227.416279707,13.0944317281672
"1436","52423323B86897144494159",1,2181440.09900699,2181440.09900699,14.5954958125426
"1437","52423323B8710872997835",1,61434.8926933754,61434.8926933754,11.0257332376309
"1438","52423323B87258541323822",1,12037.9475283623,12037.9475283623,9.39581923326471
"1439","52423323B87493021835120",1,5152.46949191391,5152.46949191391,8.54723139172116
"1440","52423323B88346706041941",1,15105.2697742274,15105.2697742274,9.62279895359028
"1441","52423323B89464999427747",1,31482.6205723945,31482.6205723945,10.3571909446954
"1442","52423323B90119869144557",2,78773.4158203212,157546.831640642,11.9674780368
"1443","52423323B90141807319554",2,52331.5812031989,104663.162406398,11.5585024954682
"1444","52423323B90214298110326",1,21860.5464428319,21860.5464428319,9.99243875880291
"1445","52423323B90270003054506",3,77711.4692279819,233134.407683946,12.3593704232424
"1446","52423323B90493034811524",2,43770.1020012879,87540.2040025758,11.3798534411349
"1447","52423323B90608613064350",1,75642.5097716101,75642.5097716101,11.2337737027033
"1448","52423323B91495403121400",1,35947.1284902437,35947.1284902437,10.4898044848615
"1449","52423323B9154242656865",3,319614.721511663,958844.164534989,13.7734838427834
"1450","52423323B91573323978432",1,452067.085611679,452067.085611679,13.0215858672961
"1451","52423323B91759364179792",1,1382990.4876344,1382990.4876344,14.139758732557
"1452","52423323B92446440923992",3,35566.6729891602,106700.018967481,11.5777766150544
"1453","52423323B92545989664473",1,211057.465161024,211057.465161024,12.2598857221133
"1454","52423323B92557929546558",1,60604.8116636471,60604.8116636471,11.0121295692956
"1455","52423323B92612294973993",2,110138.025203536,220276.050407072,12.3026368133404
"1456","52423323B92804985399484",1,251108.145521335,251108.145521335,12.4336389839717
"1457","52423323B94132750651187",2,23000.5845044326,46001.1690088652,10.7364220883845
"1458","52423323B94618395838075",1,91381.6369112938,91381.6369112938,11.4227998281905
"1459","52423323B9469904891992",1,170375.802264384,170375.802264384,12.0457618778029
"1460","52423323B94893090116384",1,231374.746337019,231374.746337019,12.3517939535468
"1461","52423323B95417665649533",1,41254.271755295,41254.271755295,10.6275099441052
"1462","52423323B95461713566074",1,7297.15348198861,7297.15348198861,8.8952396171183
"1463","52423323B95617372231955",1,36353.7953281744,36353.7953281744,10.50105388819
"1464","52423323B95908635814983",1,9624.87449969531,9624.87449969531,9.17210612007828
"1465","52423323B9618311815094",1,7705.54926612799,7705.54926612799,8.94969603218655
"1466","52423323B96529923169881",2,10004.18090112,20008.36180224,9.90390555527281
"1467","52423323B96631758595189",1,19532.3498057345,19532.3498057345,9.87982733438707
"1468","52423323B96895412793722",2,46173.3586285503,92346.7172571006,11.4333054382398
"1469","52423323B97000000441045",1,572075.564661134,572075.564661134,13.2570263676876
"1470","52423323B97110600833834",1,70303.4559452585,70303.4559452585,11.1605762365514
"1471","52423323B97123089850170",3,220450.35598462,661351.06795386,13.4020400942618
"1472","52423323B9721740762179",1,121520.122165719,121520.122165719,11.7078351425828
"1473","52423323B97218068880690",1,19439.5821675922,19439.5821675922,9.87506658434683
"1474","52423323B97274503585716",2,35082.500821588,70165.001643176,11.158604913604
"1475","52423323B97407151829576",2,7753.43809774439,15506.8761954888,9.64903883005004
"1476","52423323B9748869428654",2,7907.28471404212,15814.5694280842,9.66868690982909
"1477","52423323B97730067298662",1,192918.237748835,192918.237748835,12.1700217395198
"1478","52423323B98536911266025",1,15561.4009378834,15561.4009378834,9.65254882824786
"1479","52423323B98576109214460",1,106588.400366415,106588.400366415,11.5767299702192
"1480","52423323B98740457076881",3,27504.8931627292,82514.6794881876,11.3207314896847
"1481","52423323B98878811528478",1,2349.67177051109,2349.67177051109,7.7620309252602
"1482","52423323B99380284594024",1,8796.38967585645,8796.38967585645,9.08209665217773
"1483","52423323B9967886911021",1,85620.9531209013,85620.9531209013,11.357685311626
"1484","52423323B99860119642972",1,678989.621233767,678989.621233767,13.428361121054
"1485","52511910B10215199478646",2,46063.603571067,92127.207142134,11.4309255873282
"1486","52511910B10855589670933",2,15755.0261409841,31510.0522819682,10.3580618939682
"1487","52511910B1170609292065",2,28961.2871045188,57922.5742090376,10.9668624702888
"1488","52511910B12239492719020",1,25019.0128081372,25019.0128081372,10.1273913271329
"1489","52511910B1281835166424",2,4747.47534892105,9494.9506978421,9.15851543079921
"1490","52511910B1289591480139",1,8831.58163145207,8831.58163145207,9.08608939776764
"1491","52511910B1345857498627",1,2391.72079243839,2391.72079243839,7.77976838268833
"1492","52511910B1435450581762",2,1729.28280230045,3458.5656046009,8.14860921695164
"1493","52511910B14816404731270",2,107491.442747105,214982.88549421,12.2783137015889
"1494","52511910B16992601244944",2,42931.9612819265,85863.922563853,11.3605190263145
"1495","52511910B17390178466990",1,11326.9787315541,11326.9787315541,9.33494265752208
"1496","52511910B2005519933546",2,53419.0522886799,106838.10457736,11.579069926308
"1497","52511910B2055603825455",2,33985.2863573349,67970.5727146698,11.1268301362971
"1498","52511910B21407702399528",2,391872.315301783,783744.630603566,13.5718385200013
"1499","52511910B21980317252116",1,1750.82227678813,1750.82227678813,7.46784082901243
"1500","52511910B22102802824180",2,9504.11277848143,19008.2255569629,9.85262708851467
"1501","52511910B22297779295169",2,11404.1126136002,22808.2252272004,10.0348765054648
"1502","52511910B24217315836254",2,22112.5138545805,44225.027709161,10.6970461455775
"1503","52511910B2433100174245",2,82216.6359938171,164433.271987634,12.0102601254803
"1504","52511910B24338772487994",2,6773.15571844823,13546.3114368965,9.51386957057039
"1505","52511910B24789968471650",2,201336.66703319,402673.33406638,12.9058809267836
"1506","52511910B26024129556324",2,102165.166584186,204330.333168372,12.2274932434428
"1507","52511910B26440140856632",1,98538.0906003488,98538.0906003488,11.498198459011
"1508","52511910B26517515062770",1,34296.287644232,34296.287644232,10.4427923953499
"1509","52511910B27389223998758",1,89395.8067742665,89395.8067742665,11.4008290559706
"1510","52511910B27691000187918",2,114682.834410486,229365.668820972,12.343072816074
"1511","52511910B28036042271757",1,162504.517439569,162504.517439569,11.9984610799936
"1512","52511910B28406755893597",1,7005.34178673875,7005.34178673875,8.85442824940649
"1513","52511910B29325635095698",2,210046.765546641,420093.531093282,12.9482326585464
"1514","52511910B29818712056723",1,31296.6916990525,31296.6916990525,10.3512676744261
"1515","52511910B30709967967550",2,127587.673480145,255175.34696029,12.4497062229662
"1516","52511910B30774246387934",2,26802.9319758729,53605.8639517458,10.8894137431597
"1517","52511910B30880402907345",2,42840.3194052086,85680.6388104172,11.3583821608643
"1518","52511910B3088598520620",2,43586.3754411241,87172.7508822482,11.3756470711795
"1519","52511910B33100646615087",2,46489.4860981992,92978.9721963984,11.4401286411546
"1520","52511910B33929030594907",1,112671.693074126,112671.693074126,11.6322334978859
"1521","52511910B3516463668472",1,2733.12191765629,2733.12191765629,7.91319979439387
"1522","52511910B36399926613491",2,153558.605163783,307117.210327566,12.634984746303
"1523","52511910B37723179298847",1,6230.44099337917,6230.44099337917,8.73720239473045
"1524","52511910B38062779232785",1,3817.73696065068,3817.73696065068,8.24741310737351
"1525","52511910B39021201460320",1,58457.8270099369,58457.8270099369,10.9760608674294
"1526","52511910B39055948947966",1,5412.91215104461,5412.91215104461,8.59654251741064
"1527","52511910B40704082736400",2,81247.0063098267,162494.012619653,11.9983964346556
"1528","52511910B40907976300093",2,112920.775681562,225841.551363124,12.3275889322056
"1529","52511910B41832053670190",2,50944.2735364963,101888.547072993,11.5316348191061
"1530","52511910B42807411813200",1,10672.3958584313,10672.3958584313,9.27541586064881
"1531","52511910B46327040282414",2,148531.189206865,297062.37841373,12.601697424061
"1532","52511910B46580896438278",1,23814.2798944763,23814.2798944763,10.0780406753004
"1533","52511910B47117449404442",2,8801.72794723216,17603.4558944643,9.77585051939062
"1534","52511910B47715712995546",2,70768.5364151133,141537.072830227,11.8603169605499
"1535","52511910B48556697809502",2,26446.3079350307,52892.6158700614,10.876019021526
"1536","52511910B48822656668811",2,5195.46669128686,10390.9333825737,9.2486889147623
"1537","52511910B49041277824691",2,1664.34896691974,3328.69793383948,8.1103364956508
"1538","52511910B49246730473855",2,52842.0264174504,105684.052834901,11.5682092885262
"1539","52511910B49284203349487",1,30535.8287664499,30535.8287664499,10.3266559868134
"1540","52511910B49336497562900",2,79541.7537799964,159083.507559993,11.9771845481104
"1541","52511910B4969786063416",1,12484.4512272064,12484.4512272064,9.43223924717887
"1542","52511910B50474008293669",2,114605.759607972,229211.519215944,12.3424005209191
"1543","52511910B50770239456778",1,25217.7425486213,25217.7425486213,10.1353030951487
"1544","52511910B53218930904512",1,2913.52566748392,2913.52566748392,7.9771191963895
"1545","52511910B53442502489936",2,154519.001379588,309038.002759176,12.6412195345933
"1546","52511910B53728166380969",1,21098.0830861251,21098.0830861251,9.95693746633833
"1547","52511910B54921877123299",2,13240.2500257726,26480.5000515452,10.1841638939944
"1548","52511910B56958480946992",1,67683.4915216,67683.4915216,11.1225975816256
"1549","52511910B57035161982504",2,126494.883747002,252989.767494004,12.441104322204
"1550","52511910B57239711193520",2,37612.7773478842,75225.5546957684,11.2282462752932
"1551","52511910B57344020400583",2,305169.882691541,610339.765383082,13.3217710735181
"1552","52511910B58011485138839",2,4148.97047947526,8297.94095895052,9.02376268577357
"1553","52511910B60889717547120",2,185018.066853234,370036.133706468,12.8213559385182
"1554","52511910B6162382764157",2,127548.059320418,255096.118640836,12.4493956889645
"1555","52511910B62200479590982",1,5868.07658645183,5868.07658645183,8.67728219072028
"1556","52511910B62500214534323",1,116.474097414017,116.474097414017,4.75766890849075
"1557","52511910B62556379472396",2,3687.67042188391,7375.34084376782,8.9058973962442
"1558","52511910B62922031863482",2,3865.5130860579,7731.0261721158,8.9529968846615
"1559","52511910B63672424305930",1,17334.1995575825,17334.1995575825,9.76043668212269
"1560","52511910B6389603869041",2,314652.611506105,629305.22301221,13.3523716691981
"1561","52511910B67044835484249",2,33507.4026901837,67014.8053803674,11.1126688497879
"1562","52511910B67072521171420",1,3974.62918758973,3974.62918758973,8.28768673659606
"1563","52511910B68505135665197",2,253982.403522106,507964.807044212,13.1381674466888
"1564","52511910B68559401871490",2,95029.5431670175,190059.086334035,12.1550902835036
"1565","52511910B68602378722707",1,80633.3020811715,80633.3020811715,11.2976670203463
"1566","52511910B70290379794397",2,33921.3323684717,67842.6647369434,11.1249465494252
"1567","52511910B70638918104863",1,17682.2005389842,17682.2005389842,9.7803137933212
"1568","52511910B72557613719767",2,287068.73153968,574137.46307936,13.260624129347
"1569","52511910B75183314272458",2,26520.4473706975,53040.894741395,10.8788184938991
"1570","52511910B75402986028359",2,50051.9135650393,100103.827130079,11.5139631976402
"1571","52511910B76288634877329",2,57044.0889747576,114088.177949515,11.644726919172
"1572","52511910B77222989775801",2,3346.67273494482,6693.34546988964,8.80886909836644
"1573","52511910B77517078586613",1,71012.0248166194,71012.0248166194,11.1706045052974
"1574","52511910B7774942695724",2,24220.2486090925,48440.497218185,10.7880914622342
"1575","52511910B78526013910080",1,11758.8967308486,11758.8967308486,9.37236540164765
"1576","52511910B79239618011253",2,97772.6219478737,195545.243895747,12.1835470582093
"1577","52511910B81807770672257",2,319354.846310689,638709.692621378,13.3672053149808
"1578","52511910B82760897224923",1,21257.6966496232,21257.6966496232,9.96447430405207
"1579","52511910B83254623159264",1,64754.1116999562,64754.1116999562,11.0783524787033
"1580","52511910B84130893113897",2,147683.079819287,295366.159638574,12.5959710847601
"1581","52511910B8433520860340",1,9698.57435756996,9698.57435756996,9.17973418024342
"1582","52511910B8555120582575",2,88384.2255345045,176768.451069009,12.0825959690828
"1583","52511910B85672644454395",2,183113.865764321,366227.731528642,12.811010636178
"1584","52511910B8569683364670",1,84764.6336831662,84764.6336831662,11.3476336791651
"1585","52511910B85706759339541",2,28128.6517644963,56257.3035289926,10.9376911521535
"1586","52511910B86675185737242",2,89714.4438335397,179428.887667079,12.0975342394292
"1587","52511910B90991611037176",2,1947.18545864902,3894.37091729804,8.26728743493922
"1588","52511910B92065650444302",2,63320.4063579191,126640.812715838,11.749110112063
"1589","52511910B94458762678017",2,25973.5590338037,51947.1180676074,10.8579815198703
"1590","52511910B94675128167590",2,135577.769916356,271155.539832712,12.510447882939
"1591","52511910B95362195406961",2,47545.1060311656,95090.2120623312,11.4625813206533
"1592","52511910B954183777842",1,92729.9865546766,92729.9865546766,11.4374471787999
"1593","52511910B96063333949316",1,28640.8920810077,28640.8920810077,10.2625907686694
"1594","52511910B96194264601254",2,129185.684241873,258371.368483746,12.46215324167
"1595","52511910B96314718972571",1,5769.16986548998,5769.16986548998,8.66028347835278
"1596","52511910B97040583536387",2,255048.845302731,510097.690605462,13.1423575365639
"1597","52511910B97228601381981",2,91437.6043921947,182875.208784389,12.1165592799999
"1598","52511910B98030585757527",2,195612.399106188,391224.798212376,12.8770376052472
"1599","52511910B98629971413037",2,74119.2804220135,148238.560844027,11.9065781526284
"1600","52511910B98838605252897",2,58269.4257315947,116538.851463189,11.6659799853472
"1601","52511910B98966812491458",1,11845.3172951051,11845.3172951051,9.37968790349499
"1602","54806243B24177068581900",1,20381.0677399783,20381.0677399783,9.92236169696361
"1603","54806243B24736520064001",1,4391.0881848545,4391.0881848545,8.38733235345149
"1604","54806243B27710680023105",1,68784.8914532895,68784.8914532895,11.138739398836
"1605","54806243B28884115571756",1,30094.2353658969,30094.2353658969,10.3120889163123
"1606","54806243B31598332414602",1,16119.8635721592,16119.8635721592,9.68780755275925
"1607","54806243B35182777115371",1,13469.1051293426,13469.1051293426,9.5081538328503
"1608","54806243B37030800305867",1,31035.1371087001,31035.1371087001,10.3428752967114
"1609","54806243B39902865855878",1,10907.5014191173,10907.5014191173,9.29720603510248
"1610","54806243B41596268770013",1,43133.5406616101,43133.5406616101,10.6720561790527
"1611","54806243B45246983413139",1,15647.0165515186,15647.0165515186,9.65803554210929
"1612","54806243B47827681100424",1,14052.5633461677,14052.5633461677,9.550560102688
"1613","54806243B48815004999342",1,24570.3878224152,24570.3878224152,10.1092972497787
"1614","54806243B53165803906009",1,16039.2762676752,16039.2762676752,9.68279575993342
"1615","54806243B53814291483739",1,50381.1550729992,50381.1550729992,10.8273724768569
"1616","54806243B5714719739337",1,18099.9270268655,18099.9270268655,9.8036631855809
"1617","54806243B58304199894051",1,11229.9579257963,11229.9579257963,9.32634030113565
"1618","54806243B62661811968919",1,53987.6018999651,53987.6018999651,10.8965097047405
"1619","54806243B63439547813391",1,15620.5425224687,15620.5425224687,9.65634215534293
"1620","54806243B75063146976266",1,38531.2480311195,38531.2480311195,10.5592248282485
"1621","54806243B76472997498531",1,33879.8573658662,33879.8573658662,10.4305759387768
"1622","54806243B77256668678203",1,18944.7801947549,18944.7801947549,9.84928372110273
"1623","54806243B82377713639337",2,22657.8152874352,45315.6305748704,10.7214072977594
"1624","54806243B86213796006306",1,11397.3996071462,11397.3996071462,9.34114050372647
"1625","54806243B87203647312357",1,31537.4640145892,31537.4640145892,10.358931451913
"1626","54806243B94049695907039",1,6236.52798434996,6236.52798434996,8.73817889374402
"1627","65221844B37057547030311",2,30516.965907756,61033.931815512,11.0191852477713
"1628","75667366B10388242457894",2,178943.648322235,357887.29664447,12.7879734019763
"1629","75667366B11766528680291",1,33947.6709322495,33947.6709322495,10.4325755277543
"1630","75667366B12605402479047",1,22351.1095534934,22351.1095534934,10.0146312432611
"1631","75667366B13289010115746",1,17986.0000848073,17986.0000848073,9.79734896118964
"1632","75667366B15173471690010",2,13814.2430364028,27628.4860728056,10.2266026235392
"1633","75667366B15343740058424",2,34995.6016549163,69991.2033098326,11.1561248461323
"1634","75667366B1870341582038",1,29046.6030994207,29046.6030994207,10.2766568225486
"1635","75667366B18779675214629",1,32149.2506926422,32149.2506926422,10.3781444227889
"1636","75667366B18879934460880",2,54423.5921704152,108847.18434083,11.5977001989954
"1637","75667366B19835862496893",1,37141.235470837,37141.235470837,10.5224830995887
"1638","75667366B19980502726207",1,38454.6856750735,38454.6856750735,10.5572358316201
"1639","75667366B2002412802844",2,31883.2224289375,63766.444857875,11.06298238831
"1640","75667366B2222760807495",1,26634.0119740784,26634.0119740784,10.1899443236407
"1641","75667366B23380456359307",2,66027.7821300266,132055.564260053,11.7909780543616
"1642","75667366B24420351946505",1,107271.465939902,107271.465939902,11.583117965387
"1643","75667366B25903359168563",1,64773.0021899223,64773.0021899223,11.0786441626532
"1644","75667366B26080416722316",1,32732.4231855246,32732.4231855246,10.396121400365
"1645","75667366B27255150678965",1,39870.0637093098,39870.0637093098,10.5933810383001
"1646","75667366B29476094069096",2,16231.5698739224,32463.1397478448,10.3878605630651
"1647","75667366B3039479778897",2,28450.3550424876,56900.7100849752,10.9490630995616
"1648","75667366B30494015691989",1,38929.2426430579,38929.2426430579,10.5695009860885
"1649","75667366B30873187181490",1,306345.497756384,306345.497756384,12.632468821641
"1650","75667366B31265103522165",2,68926.8226490721,137853.645298144,11.8339478600497
"1651","75667366B3179564295802",2,20088.9958614848,40177.9917229696,10.6010746551131
"1652","75667366B3386148809140",1,31239.6445204572,31239.6445204572,10.3494432249022
"1653","75667366B34978007419445",1,65113.0674179969,65113.0674179969,11.0838805364405
"1654","75667366B35686919235679",1,42268.722226536,42268.722226536,10.6518026642545
"1655","75667366B37088337934130",2,429440.792595338,858881.585190676,13.6633863395322
"1656","75667366B38367821610265",2,24331.2004883559,48662.4009767118,10.7926619570173
"1657","75667366B38669823996593",2,23124.3413725419,46248.6827450838,10.7417882613476
"1658","75667366B38833271967671",1,87179.88553855,87179.88553855,11.3757289128591
"1659","75667366B39202767563909",2,25959.2435381423,51918.4870762846,10.8574302114365
"1660","75667366B39781215847289",2,25128.9639806457,50257.9279612914,10.8249235838508
"1661","75667366B40759243895064",2,108177.046722797,216354.093445594,12.2846716659529
"1662","75667366B41352944230479",2,15520.466935161,31040.933870322,10.343062059873
"1663","75667366B41426179995922",1,19089.5321071779,19089.5321071779,9.85689540658065
"1664","75667366B41492213391879",2,102820.987613457,205641.975226914,12.2338919513894
"1665","75667366B41693677561366",1,16588.4745133952,16588.4745133952,9.71646342678033
"1666","75667366B44154135823395",1,32390.110047431,32390.110047431,10.3856084097339
"1667","75667366B44494476895893",2,74218.3161522985,148436.632304597,11.9079134276671
"1668","75667366B44844501353027",2,62922.5726773557,125845.145354711,11.7428074249661
"1669","75667366B45015819829333",1,66751.899686483,66751.899686483,11.1087380355801
"1670","75667366B45419331747538",1,34620.3475483894,34620.3475483894,10.4521968676281
"1671","75667366B46102635862321",2,85383.8270163724,170767.654032745,12.0480591632027
"1672","75667366B46145165221806",2,80173.6223827832,160347.244765566,11.9850970223455
"1673","75667366B4706922994966",1,119622.205108974,119622.205108974,11.692093764712
"1674","75667366B47492070798991",1,29087.4617885435,29087.4617885435,10.2780624939369
"1675","75667366B49025507333210",1,25010.2588897745,25010.2588897745,10.1270413752685
"1676","75667366B49196044130673",1,65984.6025424819,65984.6025424819,11.0971766989802
"1677","75667366B497077547550",2,129080.565222512,258161.130445024,12.4613392055705
"1678","75667366B50607521886252",1,76020.0697453072,76020.0697453072,11.2387526600028
"1679","75667366B5141529927700",2,60709.8260522707,121419.652104541,11.7070080234566
"1680","75667366B52062801683075",1,17800.3937358832,17800.3937358832,9.78697585602897
"1681","75667366B525406555467",2,63993.4601193495,127986.920238699,11.7596833520453
"1682","75667366B53824695685103",2,87579.3219410613,175158.643882123,12.0734473787189
"1683","75667366B54940747369705",2,78265.0697043473,156530.139408695,11.9610038545015
"1684","75667366B55450845848024",1,34067.4506763996,34067.4506763996,10.4360976818031
"1685","75667366B56415669308485",1,19425.4479825998,19425.4479825998,9.87433923713722
"1686","75667366B58223785748914",2,60217.7640899599,120435.52817992,11.6988698528788
"1687","75667366B58423249689704",1,31201.9351499981,31201.9351499981,10.3482353959126
"1688","75667366B5928073683426",2,28745.68163306,57491.36326612,10.9593900114362
"1689","75667366B60114686204489",1,16706.5353280422,16706.5353280422,9.723555258861
"1690","75667366B61514763609503",1,48021.6328565665,48021.6328565665,10.7794068728741
"1691","75667366B62455388286151",2,53873.5893515603,107747.178703121,11.5875428238935
"1692","75667366B62585917604041",1,37127.9958023398,37127.9958023398,10.5221265678619
"1693","75667366B62928460103923",2,38042.0205148707,76084.0410297414,11.2395938113416
"1694","75667366B6512814483561",1,159997.697719094,159997.697719094,11.9829147048568
"1695","75667366B65149533303144",2,28565.3034378362,57130.6068756724,10.9530952743765
"1696","75667366B65325522017421",1,18758.3189078622,18758.3189078622,9.83939260808985
"1697","75667366B65880514113985",1,52991.5448292212,52991.5448292212,10.8778876482836
"1698","75667366B66529798652377",2,131144.631241462,262289.262482924,12.4772032290008
"1699","75667366B66642132315537",2,30139.5038563947,60279.0077127894,11.0067391913042
"1700","75667366B66908051996326",1,55229.1432993013,55229.1432993013,10.9192460512649
"1701","75667366B67206365133341",2,9029.12412777837,18058.2482555567,9.80135782645023
"1702","75667366B68367745340454",1,24467.848936772,24467.848936772,10.1051152464335
"1703","75667366B68502135113248",1,47386.2951595381,47386.2951595381,10.7660883342212
"1704","75667366B69202185225589",1,7069.29784367941,7069.29784367941,8.86351643906174
"1705","75667366B69518596321544",1,10810.3630870182,10810.3630870182,9.28826049813748
"1706","75667366B7074170291446",2,55690.8948426271,111381.789685254,11.6207191252966
"1707","75667366B70751681444112",2,104764.222646778,209528.445293556,12.252614786185
"1708","75667366B72473928882218",2,58514.6040762107,117029.208152421,11.6701788249528
"1709","75667366B72833729423776",1,30091.3967584303,30091.3967584303,10.311994587903
"1710","75667366B7302956753404",1,243247.07681272,243247.07681272,12.4018329827621
"1711","75667366B73876769816488",1,38747.5154427077,38747.5154427077,10.5648219151183
"1712","75667366B76262272549979",1,74121.6815799686,74121.6815799686,11.2134633674054
"1713","75667366B76286790485914",2,16166.9666967796,32333.9333935592,10.3838725272089
"1714","75667366B78490935914292",1,10172.6701727089,10172.6701727089,9.22746000843672
"1715","75667366B78870807940351",2,23849.1281332002,47698.2562664004,10.7726501199483
"1716","75667366B79362742658144",2,27142.75080525,54285.5016105,10.9020124649383
"1717","75667366B79962068280443",1,44444.6428287278,44444.6428287278,10.7019997123903
"1718","75667366B80263662304106",2,38947.501259365,77895.00251873,11.2631170772815
"1719","75667366B80682104725187",2,53392.3414509392,106784.682901878,11.5785697767011
"1720","75667366B81437275330712",1,43454.182400716,43454.182400716,10.6794623838451
"1721","75667366B81929821514595",1,35192.9094467607,35192.9094467607,10.4685999051236
"1722","75667366B81992415495720",2,53014.407756253,106028.815512506,11.5714661806088
"1723","75667366B82556438360114",1,34893.9163754602,34893.9163754602,10.4600677771063
"1724","75667366B82870270071557",1,39157.6359622882,39157.6359622882,10.575350726137
"1725","75667366B829419499099",1,68952.8112090947,68952.8112090947,11.1411776540958
"1726","75667366B83086301322967",1,34423.6442023961,34423.6442023961,10.4464989387224
"1727","75667366B8388196899019",1,25553.4791655501,25553.4791655501,10.1485287572245
"1728","75667366B86823637835543",1,133819.818554853,133819.818554853,11.8042495364463
"1729","75667366B86860977517537",2,71524.8769252055,143049.753850411,11.8709477777526
"1730","75667366B87194513843542",2,55357.713540674,110715.427081348,11.6147184683489
"1731","75667366B87842371437689",2,23182.7450097056,46365.4900194112,10.7443107119138
"1732","75667366B89140663288606",2,127790.102347391,255580.204694782,12.4512915520653
"1733","75667366B89584469308542",2,35621.6370763885,71243.274152777,11.1738556958194
"1734","75667366B90097717371430",2,35273.6007587917,70547.2015175834,11.1640372898405
"1735","75667366B90563155997798",2,24498.6198393889,48997.2396787778,10.7995192424198
"1736","75667366B90930244943990",1,268399.462420516,268399.462420516,12.5002316811735
"1737","75667366B91463258125198",1,24368.5769383078,24368.5769383078,10.1010497509179
"1738","75667366B93291752136089",1,23642.1622300745,23642.1622300745,10.0707869322305
"1739","75667366B93303026760321",2,51807.542406106,103615.084812212,11.5484382045034
"1740","75667366B93428692702847",1,58040.9496562686,58040.9496562686,10.968904068964
"1741","75667366B93847620286343",2,11674.4552695164,23348.9105390328,10.0583056041513
"1742","75667366B93984391338935",2,34089.2827787279,68178.5655574558,11.1298855064189
"1743","75667366B94668251008376",1,67921.3193090286,67921.3193090286,11.1261052452522
"1744","75667366B96454310315942",2,178541.268490403,357082.536980806,12.7857222300648
"1745","75667366B96475957480743",1,41219.2111392337,41219.2111392337,10.6266597164455
"1746","75667366B96937661980351",2,35143.0376214356,70286.0752428712,11.1603289819753
"1747","75667366B9750656068001",1,23497.1277727392,23497.1277727392,10.0646334702258
"1748","75667366B98184381496608",1,71018.2145344574,71018.2145344574,11.1706916658608
"1749","75667366B9933164592246",2,215456.023185506,430912.046371012,12.9736592795163
"1750","76128533B32949331695897",1,897751.439082591,897751.439082591,13.7076485150752
"1751","76128533B36164606132718",1,1955107.22240711,1955107.22240711,14.4859555951187
"1752","76128533B55622097933343",2,2285176.30768422,4570352.61536844,15.3351009186178
"1753","76128533B58797478961083",1,1016457.01597883,1016457.01597883,13.8318336248592
"1754","76128533B59405966069108",1,2264322.19706918,2264322.19706918,14.6327860213728
"1755","76128533B67748245133340",1,295780.705112934,295780.705112934,12.597373597628
"1756","76128533B71485440235524",1,3062094.84290611,3062094.84290611,14.9346098288893
"1757","76128533B81147724102706",1,1489012.75093226,1489012.75093226,14.2136238750494
"1758","76128533B91818883767147",1,1361592.83439608,1361592.83439608,14.1241657741523
"1759","76128533B94126463611805",1,353342.273405647,353342.273405647,12.7751924791915
"1760","76128533B95075104846315",1,2633080.9785385,2633080.9785385,14.7836651932423
"1761","76128533B98951704707517",1,1152869.42093578,1152869.42093578,13.9577645412643
"1762","77236927B10986826820410",2,656.208923156336,1312.41784631267,7.17962639922115
"1763","77236927B11071622458470",2,1469.22264455557,2938.44528911114,7.9856359072342
"1764","77236927B11778048532769",2,611.642429996431,1223.28485999286,7.10929502761142
"1765","77236927B15473640252363",1,726.201362925023,726.201362925023,6.58782733576865
"1766","77236927B16584952276885",2,1470.57169477493,2941.14338954986,7.98655369273777
"1767","77236927B16755152791685",1,1150.73611484591,1150.73611484591,7.04815711644677
"1768","77236927B17135940935596",1,1909.12999887099,1909.12999887099,7.55440291929666
"1769","77236927B20475273490027",1,1004.44451809525,1004.44451809525,6.91218994937492
"1770","77236927B23242879306276",1,2610.41236208629,2610.41236208629,7.86726348097365
"1771","77236927B26807877785061",2,2434.40929377224,4868.81858754448,8.49060659682037
"1772","77236927B27410418950848",1,3899.53894937117,3899.53894937117,8.26861360701947
"1773","77236927B2761964185252",1,2124.12957403805,2124.12957403805,7.66111738522713
"1774","77236927B27814537301823",1,1616.57830883451,1616.57830883451,7.38806703944065
"1775","77236927B32680405740537",1,NA,NA,NA
"1776","77236927B36499931511312",1,1434.09015233079,1434.09015233079,7.26828588691764
"1777","77236927B38715927177991",2,2228.84530751157,4457.69061502314,8.40238611158758
"1778","77236927B39670792397739",1,15240.3269664735,15240.3269664735,9.6317002835035
"1779","77236927B45015777626882",1,1089.39832707502,1089.39832707502,6.99338082930953
"1780","77236927B51416444743643",2,1248.24493962996,2496.48987925992,7.82264097596085
"1781","77236927B5490091431503",1,3564.51903733395,3564.51903733395,8.17878441135811
"1782","77236927B59461179812420",1,1288.68844520455,1288.68844520455,7.16138027101263
"1783","77236927B64905396997634",2,3440.02228164978,6880.04456329956,8.83638040813019
"1784","77236927B6539808470139",1,4247.61206140187,4247.61206140187,8.3541122361061
"1785","77236927B67175476765241",1,630.389001865536,630.389001865536,6.44633709211219
"1786","77236927B67571127096265",2,860.745539406836,1721.49107881367,7.45094610054829
"1787","77236927B69269343415786",2,2099.61632222444,4199.23264444888,8.34265708387646
"1788","77236927B70121045858985",2,1767.10188420977,3534.20376841954,8.17024331064568
"1789","77236927B73444068942664",2,1795.21710688561,3590.43421377122,8.18602842507956
"1790","77236927B73770222811595",1,736.675534588695,736.675534588695,6.60214754367444
"1791","77236927B78933945874407",1,1422.03302331366,1422.03302331366,7.25984283323957
"1792","77236927B797015037992",2,448.798334057331,897.596668114662,6.79972082276807
"1793","77236927B80852571944001",2,1408.18670022389,2816.37340044778,7.94320530807822
"1794","77236927B82748520253825",2,1390.67826219447,2781.35652438894,7.93069404608498
"1795","77236927B84597259035429",2,4178.94964541029,8357.89929082058,9.03096239350006
"1796","77236927B85216783558225",2,6391.80127916852,12783.602558337,9.45591857853162
"1797","77236927B86135291775280",2,249.297641002201,498.595282004402,6.21179470855853
"1798","77236927B86395134968187",2,835.088307171166,1670.17661434233,7.42068465691013
"1799","77236927B86415153324425",2,3025.86182365838,6051.72364731676,8.70809841083141
"1800","77236927B87876939805141",1,1224.43703236714,1224.43703236714,7.1102364519317
"1801","77236927B87914906430322",1,2076.16682566606,2076.16682566606,7.63827860024119
"1802","77236927B89058038610930",1,433.062009144872,433.062009144872,6.07088092593595
"1803","77236927B93199120734028",1,1537.49736622339,1537.49736622339,7.33791128665377
"1804","77236927B97442931027551",1,1063.95776723698,1063.95776723698,6.96975097666738
"1805","77236927B97444346691075",1,249.811550989971,249.811550989971,5.52070683757504
"1806","78962969B35250175896926",1,107027.558486223,107027.558486223,11.5808416362282
"1807","78962969B91655555555249",1,80258.3643442234,80258.3643442234,11.2930062641493
"1808","78962969B93131496494320",1,59600.8891922293,59600.8891922293,10.9954257722749
"1809","78962969B9845696572141",1,60318.4150780336,60318.4150780336,11.0073927271051
"1810","79324940B63649844160089",1,NA,NA,NA
"1811","811477B14604882174662",1,42258.7715798209,42258.7715798209,10.6515672225938
"1812","811477B2528613177772",1,85185.953965648,85185.953965648,11.3525918396685
"1813","811477B25825438233887",1,246044.751655903,246044.751655903,12.41326871567
"1814","811477B32681806603113",1,169858.223612556,169858.223612556,12.042719389329
"1815","811477B46540851018078",1,108412.272219505,108412.272219505,11.5936965739367
"1816","811477B72713062491295",1,183240.087228657,183240.087228657,12.1185525240356
"1817","811477B83690670726478",1,87123.366452602,87123.366452602,11.3750803984191
"1818","81297802B10780873415993",1,138993.018124115,138993.018124115,11.8421789815284
"1819","81297802B11022979046189",1,62459.9427714475,62459.9427714475,11.0422807145934
"1820","81297802B11134761285152",1,94057.446813389,94057.446813389,11.451661010897
"1821","81297802B12079916150099",2,30026.2557565183,60052.5115130366,11.0029746503311
"1822","81297802B12421029194754",1,103267.120324025,103267.120324025,11.5450743113539
"1823","81297802B12468750690576",3,147959.611759364,443878.835278092,13.0033069106543
"1824","81297802B12813150904873",1,66699.8337954242,66699.8337954242,11.1079577400779
"1825","81297802B12977108616150",1,44688.0063859296,44688.0063859296,10.7074604310853
"1826","81297802B13550924224659",2,40162.4588547423,80324.9177094846,11.293835159514
"1827","81297802B14659466260998",2,60033.9435944219,120067.887188844,11.6958125883749
"1828","81297802B16083563480391",2,91630.9298023149,183261.85960463,12.1186713358246
"1829","81297802B18152468964479",2,64363.8127360298,128727.62547206,11.7654540206827
"1830","81297802B18173194226488",1,137555.220593451,137555.220593451,11.8317807197833
"1831","81297802B19242536298701",2,83323.1114580851,166646.22291617,12.0236284187096
"1832","81297802B2130126961507",1,144005.352089996,144005.352089996,11.8776057451591
"1833","81297802B21993860278161",1,63945.9169845794,63945.9169845794,11.0657929579723
"1834","81297802B23145234920875",2,105403.403098534,210806.806197068,12.2586973825905
"1835","81297802B23970425053168",1,78471.9818474876,78471.9818474876,11.2704969209194
"1836","81297802B24299836434530",1,100865.216757936,100865.216757936,11.5215404170567
"1837","81297802B26083936626584",1,56886.4003497594,56886.4003497594,10.9488115818768
"1838","81297802B27308287932068",1,51067.2704869059,51067.2704869059,10.8408990717067
"1839","81297802B27432396017289",1,76792.0439371679,76792.0439371679,11.2488563192013
"1840","81297802B29351066345319",1,54146.8766650623,54146.8766650623,10.8994555714501
"1841","81297802B31644345342604",1,71171.4170059939,71171.4170059939,11.1728465702538
"1842","81297802B31894177777214",1,59590.2236050315,59590.2236050315,10.9952468061259
"1843","81297802B32908759949092",1,76524.0721543223,76524.0721543223,11.2453606390008
"1844","81297802B33972751107769",1,24321.7981908582,24321.7981908582,10.0991282721156
"1845","81297802B34920687321908",1,106020.034490324,106020.034490324,11.5713833598608
"1846","81297802B35670860897871",1,68335.6423732882,68335.6423732882,11.1321867597101
"1847","81297802B35959496403420",1,76182.5776328568,76182.5776328568,11.2408880755439
"1848","81297802B37103290877054",1,49374.0974053722,49374.0974053722,10.8071812216388
"1849","81297802B37110717960369",1,56259.4107223425,56259.4107223425,10.9377286078038
"1850","81297802B40676303665635",1,192579.318150238,192579.318150238,12.1682633901827
"1851","81297802B4221517004962",1,204628.305788247,204628.305788247,12.2289504698917
"1852","81297802B42791937018990",1,17536.6676948659,17536.6676948659,9.77204926468814
"1853","81297802B44635779635670",2,107897.472588957,215794.945177914,12.2820839078892
"1854","81297802B46228878369339",2,78052.443460849,156104.886921698,11.9582834123665
"1855","81297802B46675680885513",1,63128.1470940352,63128.1470940352,11.05292202029
"1856","81297802B47304896634130",1,29023.5679515167,29023.5679515167,10.2758634668999
"1857","81297802B47590181438391",1,155446.758984961,155446.758984961,11.9540585660252
"1858","81297802B50427055609681",1,118961.900934709,118961.900934709,11.6865585606189
"1859","81297802B51785257245499",1,51816.8807502395,51816.8807502395,10.8554712583684
"1860","81297802B52387636717940",3,77294.7285100644,231884.185530193,12.3539933257056
"1861","81297802B5241398972305",1,262912.825553724,262912.825553724,12.4795777944414
"1862","81297802B53129181429645",3,83689.32265928,251067.96797784,12.4334789702136
"1863","81297802B5400707592531",2,81688.4879085337,163376.975817067,12.0038155446074
"1864","81297802B54877143810300",1,117582.83527849,117582.83527849,11.6748983452774
"1865","81297802B55071935880129",2,68484.3979894871,136968.795978974,11.8275084122907
"1866","81297802B55643895945103",1,56053.5949020785,56053.5949020785,10.934063563858
"1867","81297802B57234015442712",1,158348.835786209,158348.835786209,11.9725556997845
"1868","81297802B57271723433997",1,56800.6754447011,56800.6754447011,10.9473034962706
"1869","81297802B57556187754980",2,34805.2528465802,69610.5056931604,11.1506707787989
"1870","81297802B61067118889021",1,65627.1575765572,65627.1575765572,11.0917448767105
"1871","81297802B61752422174773",1,94529.2455500103,94529.2455500103,11.4566645423235
"1872","81297802B61927033163821",2,57143.6198408357,114287.239681671,11.6464702047203
"1873","81297802B62948768430814",1,67854.9952474655,67854.9952474655,11.1251282844759
"1874","81297802B63375818356773",2,147853.891403097,295707.782806194,12.597127025434
"1875","81297802B63810165613250",1,9307.04865301788,9307.04865301788,9.13852731174461
"1876","81297802B64444176527608",1,51545.5729974792,51545.5729974792,10.8502216079199
"1877","81297802B64936965881183",1,227306.371695904,227306.371695904,12.3340540415459
"1878","81297802B66096195927531",1,92777.6069638598,92777.6069638598,11.437960585387
"1879","81297802B66107700635107",2,27033.431092888,54066.862185776,10.8979767482485
"1880","81297802B70720207353538",1,157099.734636975,157099.734636975,11.9646361351078
"1881","81297802B72056692107631",1,140181.261674209,140181.261674209,11.8506915904005
"1882","81297802B72423367852086",1,17365.1783551621,17365.1783551621,9.76222223608207
"1883","81297802B72882386082996",1,69842.6797956019,69842.6797956019,11.1540005602757
"1884","81297802B74996211829814",1,62863.5611769008,62863.5611769008,11.0487219612588
"1885","81297802B75629290490646",1,194434.020037509,194434.020037509,12.1778481558907
"1886","81297802B80628180194499",1,62565.7849488812,62565.7849488812,11.0439738413546
"1887","81297802B81560237884054",1,33233.7895563712,33233.7895563712,10.4113223950624
"1888","81297802B8357375846053",1,12724.4268751544,12724.4268751544,9.45127880112383
"1889","81297802B84418908504415",2,62982.9320748805,125965.864149761,11.743766229782
"1890","81297802B84719552891507",1,73918.6746786174,73918.6746786174,11.2107207770236
"1891","81297802B85029486143959",1,41614.497972663,41614.497972663,10.6362038944925
"1892","81297802B85505749224324",1,63261.6541335054,63261.6541335054,11.0550346446921
"1893","81297802B86066179794931",1,26909.7837111649,26909.7837111649,10.2002452061994
"1894","81297802B86432819232797",1,52129.8134692118,52129.8134692118,10.8614922995707
"1895","81297802B88130440660417",1,335121.897306465,335121.897306465,12.7222496171783
"1896","81297802B89611140069217",1,62324.2238314734,62324.2238314734,11.0401054547478
"1897","81297802B9107629386142",1,17805.5205437076,17805.5205437076,9.78726383110073
"1898","81297802B91620400281223",1,185536.529182593,185536.529182593,12.1310070644601
"1899","81297802B92253150972948",2,84889.3295490472,169778.659098094,12.0422508623817
"1900","81297802B92574261409002",1,167861.894041087,167861.894041087,12.0308968610301
"1901","81297802B92774803000720",1,21168.5095798722,21168.5095798722,9.9602699591882
"1902","81297802B93916372624290",3,110758.745068963,332276.235206889,12.7137219357061
"1903","81297802B94706269623038",1,33327.573890632,33327.573890632,10.4141403780923
"1904","81297802B96353597468260",1,67105.9954084045,67105.9954084045,11.1140286693171
"1905","81297802B96824977906351",1,39066.9566241114,39066.9566241114,10.5730322895483
"1906","81297802B97142358911210",1,170231.222470874,170231.222470874,12.0449129240721
"1907","81297802B97652803071493",1,182793.062435837,182793.062435837,12.1161099856181
"1908","81297802B98438479076374",1,108741.541824745,108741.541824745,11.596729169602
"1909","81297802B98540731986743",1,58770.9909416744,58770.9909416744,10.9814036608168
"1910","81297802B99684516055458",3,124363.99383399,373091.98150197,12.8295802674264
"1911","81297802B9978574523269",2,271924.325592587,543848.651185174,13.206426272396
"1912","82179303B1056018992840",1,117937.658658316,117937.658658316,11.6779114473845
"1913","82179303B1083832537536",1,53033.8330394253,53033.8330394253,10.8786853481041
"1914","82179303B11091889229707",1,70933.540180514,70933.540180514,11.1694986638559
"1915","82179303B11143169061479",1,279514.571507777,279514.571507777,12.5408097044143
"1916","82179303B11827018498152",1,73366.6384803051,73366.6384803051,11.2032245946615
"1917","82179303B13009461499859",1,245676.818223107,245676.818223107,12.4117722041317
"1918","82179303B17598108149664",1,81690.403125283,81690.403125283,11.3106918091417
"1919","82179303B18261928237919",1,116991.65557715,116991.65557715,11.6698578913831
"1920","82179303B18505219089610",1,106056.586987286,106056.586987286,11.5717280701553
"1921","82179303B22390657322605",1,87016.8406381445,87016.8406381445,11.3738569494577
"1922","82179303B23592668869801",1,52086.5167661299,52086.5167661299,10.8606613989724
"1923","82179303B23606982482595",1,53459.3923695914,53459.3923695914,10.8866776235526
"1924","82179303B23985566152661",1,118737.953190754,118737.953190754,11.6846742699361
"1925","82179303B26132853361668",1,209073.430943887,209073.430943887,12.2504408134691
"1926","82179303B26306903245930",1,93247.5787141008,93247.5787141008,11.4430133716365
"1927","82179303B26506354510144",1,55891.4010518553,55891.4010518553,10.9311658199734
"1928","82179303B2846476233094",1,113382.064389166,113382.064389166,11.6385184954138
"1929","82179303B3017694876336",1,50604.0561785847,50604.0561785847,10.8317870136949
"1930","82179303B30475034164158",1,76807.5550192529,76807.5550192529,11.249058286944
"1931","82179303B30689671895320",1,32783.2246333154,32783.2246333154,10.3976722194338
"1932","82179303B35312856855320",1,73386.2524440049,73386.2524440049,11.2034919006572
"1933","82179303B35443402904983",1,125266.585228895,125266.585228895,11.7381994271779
"1934","82179303B35883429877711",1,124059.317212151,124059.317212151,11.7285150948214
"1935","82179303B38365888495896",1,130842.598910839,130842.598910839,11.7817503447296
"1936","82179303B39263220364420",1,90219.8124515326,90219.8124515326,11.4100043321699
"1937","82179303B40793124111890",1,67199.2518523526,67199.2518523526,11.1154173932998
"1938","82179303B41089875582012",1,67938.8913057387,67938.8913057387,11.1263639228552
"1939","82179303B41250986640334",1,65424.2889861244,65424.2889861244,11.0886488597218
"1940","82179303B42180748236160",1,64488.5094916536,64488.5094916536,11.0742423394975
"1941","82179303B43316794404011",1,41578.3305806514,41578.3305806514,10.6353344110305
"1942","82179303B44729459459193",1,78888.8734363421,78888.8734363421,11.2757954758039
"1943","82179303B45638248322590",1,323986.436508546,323986.436508546,12.6884569312703
"1944","82179303B46729479227191",1,95838.556073164,95838.556073164,11.4704203472212
"1945","82179303B47267328602468",1,64710.6834259509,64710.6834259509,11.0776815893609
"1946","82179303B50652768805745",1,118613.191591738,118613.191591738,11.6836229869468
"1947","82179303B51657859086197",1,67104.4470509026,67104.4470509026,11.1140055957399
"1948","82179303B51934598994225",1,125946.902981746,125946.902981746,11.7436156922108
"1949","82179303B53175016570528",1,130126.712404207,130126.712404207,11.7762639655172
"1950","82179303B532613620970",1,95868.691894256,95868.691894256,11.4707347413994
"1951","82179303B5428034439323",1,238321.755399692,238321.755399692,12.3813769530855
"1952","82179303B54519262383509",1,214526.271177012,214526.271177012,12.2761874862003
"1953","82179303B55497026765088",1,154668.631785378,154668.631785378,11.9490402479685
"1954","82179303B55886689837874",1,67655.6052326958,67655.6052326958,11.1221854865257
"1955","82179303B55999426557094",1,2420653.43270698,2420653.43270698,14.6995480752011
"1956","82179303B5734042978537",1,86245.9418818011,86245.9418818011,11.3649582831409
"1957","82179303B57975227411207",1,249622.764804648,249622.764804648,12.4277061164653
"1958","82179303B59678099693620",1,62174.9969327218,62174.9969327218,11.0377082193386
"1959","82179303B62623868631396",1,194740.582539317,194740.582539317,12.1794236058979
"1960","82179303B65927505203644",1,122827.62881999,122827.62881999,11.7185372597794
"1961","82179303B67987786077582",1,98593.9012927977,98593.9012927977,11.4987646856635
"1962","82179303B72462969749210",1,101712.021417852,101712.021417852,11.5299007797497
"1963","82179303B72509498170942",1,81722.9505465225,81722.9505465225,11.3110901538417
"1964","82179303B73199246171338",1,154788.407868471,154788.407868471,11.9498143527632
"1965","82179303B74961933380219",1,48907.8365471098,48907.8365471098,10.7976929192104
"1966","82179303B75449776739739",1,168576.921958574,168576.921958574,12.0351474347454
"1967","82179303B77985943192226",1,209879.318979763,209879.318979763,12.2542879729877
"1968","82179303B83506580076946",1,28752.2753434352,28752.2753434352,10.2664721854743
"1969","82179303B84023939599766",1,36783.024725406,36783.024725406,10.5127917330968
"1970","82179303B85891331606678",1,41353.5481112794,41353.5481112794,10.629913503573
"1971","82179303B86306184890234",1,104836.52660819,104836.52660819,11.5601575264821
"1972","82179303B86388706464223",1,210165.60956622,210165.60956622,12.2556511158866
"1973","82179303B89029266614527",1,78628.7550080984,78628.7550080984,11.2724927513119
"1974","82179303B90038198338897",1,74053.382614481,74053.382614481,11.2125414987942
"1975","82179303B91092350263646",1,53600.7876648268,53600.7876648268,10.8893190421902
"1976","82179303B91694454499505",1,205036.944929541,205036.944929541,12.2309454610515
"1977","82179303B92685512874627",1,61689.5096827381,61689.5096827381,11.0298691740887
"1978","82179303B93868129225348",1,48341.7191116148,48341.7191116148,10.7860502165464
"1979","82179303B95281313978448",1,26713.983892654,26713.983892654,10.1929424485816
"1980","82179303B96536489392823",1,51611.5317512548,51611.5317512548,10.8515004100524
"1981","82179303B96637573116833",1,110890.625424111,110890.625424111,11.616299637972
"1982","82179303B96835998752740",1,42876.4173621371,42876.4173621371,10.6660772419309
"1983","82179303B97817957609730",1,98859.2195154223,98859.2195154223,11.5014520919828
"1984","82179303B98001602077811",1,61665.1372824137,61665.1372824137,11.0294740142591
"1985","82179303B99713456197263",1,37785.2166593979,37785.2166593979,10.5396732114439
"1986","82179303B99885007667227",1,70758.8875547425,70758.8875547425,11.1670334267644
"1987","86173395B29974075887394",1,236.943920799568,236.943920799568,5.46782349203707
"1988","86173395B52487001010255",1,366.641848636046,366.641848636046,5.90438548228953
"1989","86173395B54100841330838",1,280.446211317237,280.446211317237,5.6363819465646
"1990","86173395B61374394244874",1,1051.36558249034,1051.36558249034,6.9578451529155
"1991","86173395B64443584385378",1,62.2029796226323,62.2029796226323,4.13040290249862
"1992","86173395B80196731911279",1,2838.18358265311,2838.18358265311,7.95091954296158
"1993","91817680B11201690622195",1,158652.149899557,158652.149899557,11.9744693481301
"1994","91817680B11377751855609",1,158173.992833198,158173.992833198,11.9714509265739
"1995","91817680B11476058556898",1,219656.96083611,219656.96083611,12.2998223394828
"1996","91817680B11624916188823",1,143838.941088401,143838.941088401,11.8764494879459
"1997","91817680B12008242239928",1,402485.039611445,402485.039611445,12.9054132064828
"1998","91817680B14892127844453",1,170165.366990305,170165.366990305,12.0445259902224
"1999","91817680B15590775835688",1,299714.144646779,299714.144646779,12.6105844482097
"2000","91817680B1574399427608",1,496922.25558798,496922.25558798,13.1161888654544
"2001","91817680B16002130574290",1,353915.193503635,353915.193503635,12.7768125970414
"2002","91817680B16014600177045",1,231928.716288178,231928.716288178,12.3541853460567
"2003","91817680B16538338684661",1,161994.779852919,161994.779852919,11.9953193905652
"2004","91817680B1659695850463",1,71981.2684951496,71981.2684951496,11.1841612043612
"2005","91817680B1708787718818",1,201387.638712567,201387.638712567,12.2129868805834
"2006","91817680B17319558643664",1,62033.3317075102,62033.3317075102,11.0354271277534
"2007","91817680B20286966250971",1,73413.7980394583,73413.7980394583,11.2038671811246
"2008","91817680B21680824294868",1,130229.936976498,130229.936976498,11.7770569130217
"2009","91817680B23901291202395",1,41558.8250707388,41558.8250707388,10.6348651741383
"2010","91817680B24548286345957",1,87000.2351008226,87000.2351008226,11.3736660999414
"2011","91817680B24929628173287",1,57969.3411907868,57969.3411907868,10.9676695496114
"2012","91817680B26152541530210",1,1035559.80568997,1035559.80568997,13.8504527135242
"2013","91817680B26607970527366",1,207411.404994477,207411.404994477,12.2424595635958
"2014","91817680B27152027053647",1,84116.055940411,84116.055940411,11.3399527426073
"2015","91817680B29564477042831",1,197922.432849069,197922.432849069,12.1956304796338
"2016","91817680B29624883381183",2,307490.730802192,614981.461604384,13.3293474026016
"2017","91817680B30301323398004",1,91545.258026025,91545.258026025,11.4245887522131
"2018","91817680B30315657457409",1,43282.7371470141,43282.7371470141,10.675509154289
"2019","91817680B30389585516178",1,46704.8099981798,46704.8099981798,10.7516024361728
"2020","91817680B30407776748413",1,67864.0959215804,67864.0959215804,11.1252623949249
"2021","91817680B32751924176777",1,384518.281941036,384518.281941036,12.8597466141084
"2022","91817680B32757414449699",1,43446.1875992958,43446.1875992958,10.6792783845953
"2023","91817680B32789615967236",1,384116.045807972,384116.045807972,12.8586999885408
"2024","91817680B33034423068968",1,168826.488390868,168826.488390868,12.0366267705799
"2025","91817680B33489673734556",1,133696.203818345,133696.203818345,11.803325369406
"2026","91817680B35472999009946",1,29169.9447943377,29169.9447943377,10.2808941703107
"2027","91817680B35509676151777",1,105769.456754841,105769.456754841,11.5690170682102
"2028","91817680B35753357340942",1,138165.304437333,138165.304437333,11.8362061055211
"2029","91817680B36456413113015",1,70399.6424872798,70399.6424872798,11.1619434638276
"2030","91817680B36624004409046",1,49879.9617891553,49879.9617891553,10.8173746337383
"2031","91817680B37138617445780",1,109235.28528784,109235.28528784,11.6012594154457
"2032","91817680B37299464646583",1,235670.199137191,235670.199137191,12.370188645365
"2033","91817680B37660936440541",1,64980.84554927,64980.84554927,11.0818478215926
"2034","91817680B37722151409475",1,261499.869042937,261499.869042937,12.4741890616952
"2035","91817680B39611758954351",1,80475.0567967662,80475.0567967662,11.2957025619358
"2036","91817680B40148089014896",1,84241.0177189245,84241.0177189245,11.3414372279187
"2037","91817680B40505476377979",1,148716.44785688,148716.44785688,11.9097967373392
"2038","91817680B40534015790157",1,67844.6104453016,67844.6104453016,11.12497522873
"2039","91817680B43125449030549",1,4508.36985214497,4508.36985214497,8.4136909153047
"2040","91817680B43357769940671",1,104864.206343733,104864.206343733,11.5604215192237
"2041","91817680B4431337162748",1,80372.4940535017,80372.4940535017,11.2944272828704
"2042","91817680B44823551048989",1,110584.052400894,110584.052400894,11.6135311660001
"2043","91817680B44911241756091",1,83530.2797132706,83530.2797132706,11.3329644764008
"2044","91817680B44952414610796",1,106970.02969409,106970.02969409,11.5803039778928
"2045","91817680B46219646335198",1,43315.5720847706,43315.5720847706,10.6762674817811
"2046","91817680B46467557111645",1,78636.8971151473,78636.8971151473,11.2725962972159
"2047","91817680B48235767363306",1,147957.02446239,147957.02446239,11.9046771353251
"2048","91817680B48442195707238",1,562350.580628007,562350.580628007,13.2398807433345
"2049","91817680B48783047676904",1,84055.2540067551,84055.2540067551,11.3392296473739
"2050","91817680B49679347075852",1,227707.915273404,227707.915273404,12.3358190132983
"2051","91817680B50207003035",1,293173.808005195,293173.808005195,12.5885209135077
"2052","91817680B51132506733028",1,45448.8337306056,45448.8337306056,10.7243424387837
"2053","91817680B51344731064077",1,197627.081965979,197627.081965979,12.1941371093885
"2054","91817680B51485783996699",1,193807.679208071,193807.679208071,12.1746216020504
"2055","91817680B53198155341948",1,36416.6462649763,36416.6462649763,10.5027812640601
"2056","91817680B5353031397212",1,348750.984256113,348750.984256113,12.7621134343535
"2057","91817680B53543824194985",1,76274.1731087956,76274.1731087956,11.2420896686057
"2058","91817680B54012703126739",1,64666.7116294068,64666.7116294068,11.0770018446772
"2059","91817680B55707549130569",1,115010.929414928,115010.929414928,11.6527824412202
"2060","91817680B55822624410007",1,58385.7499408255,58385.7499408255,10.974827131179
"2061","91817680B56099735913612",1,49847.9297328503,49847.9297328503,10.8167322445948
"2062","91817680B56582975498752",1,431724.369105262,431724.369105262,12.9755426291171
"2063","91817680B57044302860475",1,345057.206884577,345057.206884577,12.7514654993241
"2064","91817680B57927404517776",1,186338.28117248,186338.28117248,12.135319016815
"2065","91817680B58127051569150",1,157515.408583618,157515.408583618,11.9672785647395
"2066","91817680B59018342058044",1,66865.3408330833,66865.3408330833,11.1104360376256
"2067","91817680B59476098361869",1,51130.7180983566,51130.7180983566,10.8421407325355
"2068","91817680B60221740281290",1,76809.534878011,76809.534878011,11.249084063487
"2069","91817680B60872934813823",1,99298.5207468089,99298.5207468089,11.5058859531127
"2070","91817680B63178832268751",1,66277.914421227,66277.914421227,11.10161200486
"2071","91817680B63526671374694",1,90274.9258309878,90274.9258309878,11.4106150245556
"2072","91817680B65451529480853",1,203633.453653972,203633.453653972,12.2240768608386
"2073","91817680B65504384218086",1,196128.848299179,196128.848299179,12.1865271115085
"2074","91817680B6691327376510",1,68361.0440810817,68361.0440810817,11.1325584103879
"2075","91817680B67324121140218",1,78169.4078669374,78169.4078669374,11.2666336462456
"2076","91817680B68494559899558",1,121000.535773201,121000.535773201,11.7035502524468
"2077","91817680B68842805087026",1,65457.4056338945,65457.4056338945,11.0891549144237
"2078","91817680B70392770223342",1,20974.6686864923,20974.6686864923,9.95107073557262
"2079","91817680B72214553011774",1,172716.35438059,172716.35438059,12.0594059578596
"2080","91817680B73468302874709",1,84066.3330917667,84066.3330917667,11.3393614458564
"2081","91817680B73468767289539",1,168521.087221396,168521.087221396,12.0348161676589
"2082","91817680B75354784424725",1,74732.0792736954,74732.0792736954,11.2216647203523
"2083","91817680B75376031789242",1,95322.7444517525,95322.7444517525,11.4650237227805
"2084","91817680B75710427976091",1,379928.341010624,379928.341010624,12.847737937632
"2085","91817680B75900877128055",1,119042.604452597,119042.604452597,11.6872367286296
"2086","91817680B78599330358722",1,122366.40939691,122366.40939691,11.7147751783649
"2087","91817680B7861346133014",1,50118.6640214956,50118.6640214956,10.8221487530581
"2088","91817680B78801700081843",1,97356.9264311018,97356.9264311018,11.4861391580495
"2089","91817680B7912985797785",1,62896.0446330882,62896.0446330882,11.0492385572946
"2090","91817680B8006777837161",1,310712.384498055,310712.384498055,12.6466229545741
"2091","91817680B84202113891253",1,549201.763169209,549201.763169209,13.2162211633027
"2092","91817680B8449507929864",1,147824.705013229,147824.705013229,11.9037824251736
"2093","91817680B85110926045998",2,157788.338717174,315576.677434348,12.6621569660925
"2094","91817680B85222249357664",1,36367.6357925509,36367.6357925509,10.5014345315391
"2095","91817680B85909931268472",1,37127.9395175991,37127.9395175991,10.5221250518957
"2096","91817680B86480113122364",1,44442.341783857,44442.341783857,10.7019479377715
"2097","91817680B86853073591153",1,227207.494178072,227207.494178072,12.3336189502238
"2098","91817680B87761816793360",1,318469.320837439,318469.320837439,12.6712814254536
"2099","91817680B87996420220515",1,230223.048523833,230223.048523833,12.3468038941668
"2100","91817680B88513858108060",1,92872.4392047017,92872.4392047017,11.4389822091468
"2101","91817680B88731995383072",1,106881.936186992,106881.936186992,11.5794801041284
"2102","91817680B88957070935676",1,445637.021456219,445637.021456219,13.0072600464067
"2103","91817680B88985387415210",1,47540.0123315617,47540.0123315617,10.7693270003075
"2104","91817680B8944082307158",1,392403.039841519,392403.039841519,12.8800447534362
"2105","91817680B89733153975870",1,30595.5023631362,30595.5023631362,10.3286082955408
"2106","91817680B90297389150949",1,208701.814540487,208701.814540487,12.2486617875195
"2107","91817680B90442190394967",1,114428.49671575,114428.49671575,11.6477054240739
"2108","91817680B90592918780723",1,39115.2162459402,39115.2162459402,10.5742668325697
"2109","91817680B91067436457746",1,71363.6448858691,71363.6448858691,11.175543843386
"2110","91817680B91211823266814",1,154657.078171467,154657.078171467,11.9489655460375
"2111","91817680B915295689263",1,80020.9063749452,80020.9063749452,11.2900432092022
"2112","91817680B91736183236009",1,80174.1081487105,80174.1081487105,11.2919559006917
"2113","91817680B92610564128426",1,45689.373202975,45689.373202975,10.7296210159904
"2114","91817680B92973690121395",1,70743.6678599858,70743.6678599858,11.1668183112879
"2115","91817680B93090957259339",1,31596.4947300511,31596.4947300511,10.360801467158
"2116","91817680B93885607227135",1,136508.797822662,136508.797822662,11.8241443444434
"2117","91817680B95262291256995",1,117603.53828294,117603.53828294,11.675074401434
"2118","91817680B96924831002014",1,259960.299913865,259960.299913865,12.4682842057
"2119","91817680B97433571779884",1,57466.5024499833,57466.5024499833,10.9589574909406
"2120","91817680B98862203953263",1,9745.52686264363,9745.52686264363,9.18456367540002
"2121","91817680B99071511370380",1,159874.109709325,159874.109709325,11.9821419701984
"2122","97153195B86794958448560",1,1839.3132677941,1839.3132677941,7.51714755691266
"2123","97153195B91208568213874",1,3841.8073552189,3841.8073552189,8.25369820027513
"2124","DIS013",1,NA,NA,NA
"2125","DIS015",1,NA,NA,NA
"2126","DIS017",3,NA,NA,NA
