"","ADM2_id","total_exposure_days","total_population","total_person_day_exposure","log_total_person_day_exposure"
"1","10022922B34339999190032",1,61699.6833664105,61699.6833664105,11.0300340780555
"2","10022922B51504984909978",1,198799.965810565,198799.965810565,12.2000544012255
"3","10022922B60996293868186",1,150945.270760372,150945.270760372,11.9246726048023
"4","10022922B7387017022835",1,213135.125335192,213135.125335192,12.2696816347955
"5","10022922B91378939255033",1,70324.9029070006,70324.9029070006,11.1608812527243
"6","17275852B10038962244175",1,309885.156485667,309885.156485667,12.6439570448735
"7","17275852B1065790622928",1,614286.77347112,614286.77347112,13.3282171558623
"8","17275852B11085886687529",1,337747.531274035,337747.531274035,12.7300539464664
"9","17275852B11168745431905",1,336094.959310758,336094.959310758,12.725149016013
"10","17275852B11386974868733",1,824874.342062403,824874.342062403,13.6229863410644
"11","17275852B11835060574612",1,425765.818552882,425765.818552882,12.9616447523923
"12","17275852B12394774588724",1,427404.54659721,427404.54659721,12.9654862596141
"13","17275852B13001476141541",2,649618.455036493,1299236.91007299,14.0772876578328
"14","17275852B15295182424688",1,188031.003077018,188031.003077018,12.1443621382001
"15","17275852B15995572811192",2,321290.615876092,642581.231752184,13.3732485185025
"16","17275852B16105050053503",1,1428267.76644633,1428267.76644633,14.1719729158206
"17","17275852B16521843045020",2,1464031.78098019,2928063.56196038,14.8898518621475
"18","17275852B17785585955827",2,671511.926198062,1343023.85239612,14.1104342358809
"19","17275852B19231985776314",1,573229.065901776,573229.065901776,13.2590406817834
"20","17275852B19868960828514",2,853849.273438488,1707698.54687698,14.3506571429509
"21","17275852B2033650787942",1,306063.811671181,306063.811671181,12.6315488940673
"22","17275852B2067645637252",1,1169527.64273752,1169527.64273752,13.9721105010994
"23","17275852B2295538790743",2,1459077.79983421,2918155.59966842,14.8864623307242
"24","17275852B24445486288332",2,318023.857979572,636047.715959144,13.363028864601
"25","17275852B26690160376255",1,1248712.65242711,1248712.65242711,14.0376237005314
"26","17275852B28075125490632",1,331229.392289838,331229.392289838,12.7105664423921
"27","17275852B29668080933041",1,92852.1980402095,92852.1980402095,11.4387642395239
"28","17275852B30975390905787",2,119137.303692944,238274.607385888,12.3811791000692
"29","17275852B31967187012085",2,316878.815866413,633757.631732826,13.359421875997
"30","17275852B32075492285057",1,144081.720275491,144081.720275491,11.878135919503
"31","17275852B3395613846237",1,169058.503256661,169058.503256661,12.0380001071175
"32","17275852B34195804181253",1,2932368.86967372,2932368.86967372,14.8913211422862
"33","17275852B35175722210772",1,53695.4619665872,53695.4619665872,10.8910837697861
"34","17275852B35416849225692",2,1478848.6655835,2957697.331167,14.8999215948969
"35","17275852B37419515135684",1,483754.770308724,483754.770308724,13.0893333843808
"36","17275852B37857453943231",2,262032.709551728,524065.419103456,13.1693718011279
"37","17275852B38709981190197",1,258505.141668321,258505.141668321,12.4626708631325
"38","17275852B38939963469829",2,998271.122357267,1996542.24471453,14.5069273646477
"39","17275852B39380894050966",2,1809179.46781477,3618358.93562954,15.1015311483166
"40","17275852B40827597599959",1,393688.860741535,393688.860741535,12.8833161827585
"41","17275852B41190306193582",2,605971.413839888,1211942.82767978,14.0077352726174
"42","17275852B42230140857746",2,456564.802514173,913129.605028346,13.7246331046266
"43","17275852B42599245130625",1,558159.544185897,558159.544185897,13.2324001219758
"44","17275852B42704411692482",1,1093908.59420134,1093908.59420134,13.9052677065551
"45","17275852B43817460377390",1,332544.24807893,332544.24807893,12.7145282071532
"46","17275852B44953136813001",1,475533.26846823,475533.26846823,13.072192123753
"47","17275852B45423289887647",1,512760.19332883,512760.19332883,13.1475635554617
"48","17275852B45805035523406",1,858811.749830618,858811.749830618,13.6633050265776
"49","17275852B46208020456835",2,483513.802743939,967027.605487878,13.7819823215852
"50","17275852B46978756476047",2,223153.436976221,446306.873952442,13.008762052588
"51","17275852B47214038820512",1,1218516.44026006,1218516.44026006,14.0131446441682
"52","17275852B47611300766307",1,652099.509871755,652099.509871755,13.3879524517659
"53","17275852B47839165615513",1,21524.3309024397,21524.3309024397,9.976939244141
"54","17275852B50034294804845",1,1482008.04619684,1482008.04619684,14.208908514106
"55","17275852B50490784073671",2,1115308.97324696,2230617.94649392,14.6177892111006
"56","17275852B52033797991024",2,159651.846951798,319303.693903596,12.6738979473913
"57","17275852B52304964201578",1,432791.688034615,432791.688034615,12.9780118012344
"58","17275852B52554899928467",1,577490.3760919,577490.3760919,13.2664470564633
"59","17275852B53008264931106",1,198098.38169052,198098.38169052,12.1965190634989
"60","17275852B53025585862768",1,214229.914520035,214229.914520035,12.2748050842009
"61","17275852B53915190353866",2,1342221.61949067,2684443.23898134,14.8029839046396
"62","17275852B58186217435722",1,3444201.34414362,3444201.34414362,15.0522026051158
"63","17275852B59014028549632",2,1227175.91419486,2454351.82838972,14.7133732633286
"64","17275852B59261423659404",1,648283.870159723,648283.870159723,13.3820839506434
"65","17275852B60010150977543",2,2894835.31418201,5789670.62836402,15.5715859616382
"66","17275852B60612190497835",1,716373.393460825,716373.393460825,13.4819568092563
"67","17275852B63889031221729",1,1019423.16768759,1019423.16768759,13.8347475034177
"68","17275852B68348636009640",1,227709.121111021,227709.121111021,12.3358243088298
"69","17275852B69181825517957",1,372685.250729745,372685.250729745,12.8284895105757
"70","17275852B70320302334749",1,146678.931759573,146678.931759573,11.8960013393634
"71","17275852B71635948673445",2,545082.505405673,1090165.01081135,13.9018396288131
"72","17275852B71641756163868",2,400189.538423397,800379.076846794,13.592840740479
"73","17275852B74040811495822",2,715117.810554717,1430235.62110943,14.1733497586696
"74","17275852B75086699702795",1,998342.620547206,998342.620547206,13.8138518035387
"75","17275852B75559495982426",1,331078.621800663,331078.621800663,12.7101111542525
"76","17275852B75995678778305",1,1749678.13326425,1749678.13326425,14.3749424051346
"77","17275852B76506385801060",1,511729.186558209,511729.186558209,13.145550831584
"78","17275852B76703841753402",1,384290.179567206,384290.179567206,12.8591532221468
"79","17275852B78001466735071",1,769680.827565148,769680.827565148,13.5537311982413
"80","17275852B78973254528560",2,579053.358426612,1158106.71685322,13.9622970890462
"81","17275852B7979903099841",2,461021.221239824,922042.442479648,13.7343465345374
"82","17275852B81259275775371",1,2163997.98983594,2163997.98983594,14.5874679900368
"83","17275852B82960244806798",2,226278.178660465,452556.35732093,13.0226675809324
"84","17275852B8296297044700",1,150966.053688883,150966.053688883,11.9248102805161
"85","17275852B8306530590796",2,224804.552327565,449609.10465513,13.016133827924
"86","17275852B86000242921086",2,758009.712510904,1516019.42502181,14.2315986584413
"87","17275852B86431238150342",2,747306.32643195,1494612.6528639,14.2173776361617
"88","17275852B87114256965843",1,731320.310013026,731320.310013026,13.5026068233512
"89","17275852B87782309196497",1,496402.08119161,496402.08119161,13.1151415248735
"90","17275852B8790559451208",1,971432.804894789,971432.804894789,13.7865273790615
"91","17275852B87965925400106",2,99197.6609396093,198395.321879219,12.1980168943171
"92","17275852B88397834773158",1,369132.635430396,369132.635430396,12.8189113040484
"93","17275852B89468905887192",2,1094058.63347846,2188117.26695692,14.5985520365892
"94","17275852B90429058486395",1,1066792.77338474,1066792.77338474,13.880167297162
"95","17275852B90470795224142",2,1050051.32108209,2100102.64216418,14.5574967787202
"96","17275852B92675490846952",1,249003.713575789,249003.713575789,12.4252230892946
"97","17275852B95583475247133",2,1665274.96192848,3330549.92385696,15.0186479906215
"98","17275852B98891327369808",2,349755.435024797,699510.870049594,13.458136612709
"99","17275852B98994351670446",1,408728.274039103,408728.274039103,12.9208058475831
"100","17275852B99125708243995",1,468035.531082398,468035.531082398,13.0562994931342
"101","17275852B99445360872637",1,302323.237563736,302323.237563736,12.6192520470284
"102","17275852B99819709984445",1,2056439.4078127,2056439.4078127,14.5364866024756
"103","22064153B10063200690088",1,4180.00645889451,4180.00645889451,8.33806807070768
"104","22064153B10066515375089",2,145295.248699779,290590.497399558,12.579670329651
"105","22064153B10136144710667",1,301224.183008238,301224.183008238,12.6156100605569
"106","22064153B10207741545348",3,205373.637477546,616120.912432638,13.3311985096706
"107","22064153B10383419065697",2,19043.4200096293,38086.8400192586,10.5476240951296
"108","22064153B10436959918879",1,74594.8043372104,74594.8043372104,11.2198261368121
"109","22064153B10472046376966",2,22098.3174555431,44196.6349110862,10.6964039319342
"110","22064153B1052554637005",1,171847.704741259,171847.704741259,12.0543639260134
"111","22064153B10622080660464",1,122396.964470799,122396.964470799,11.7150248486777
"112","22064153B10908081440803",2,5109.13714517222,10218.2742903444,9.23193299336921
"113","22064153B11166704859619",1,21842.0627269319,21842.0627269319,9.99159287260283
"114","22064153B11283862904746",3,21576.445868196,64729.337604588,11.0779698182814
"115","22064153B11294111383773",2,44596.9550919927,89193.9101839854,11.3985680447575
"116","22064153B11347435242213",1,NA,NA,NA
"117","22064153B11370403812277",1,413265.686956468,413265.686956468,12.9318459749301
"118","22064153B11384904576552",1,138861.294955524,138861.294955524,11.8412308358833
"119","22064153B114806197531",2,37976.4210009503,75952.8420019006,11.2378679267037
"120","22064153B11481996196295",2,53675.2734277971,107350.546855594,11.5838548974308
"121","22064153B11669654963101",1,15334.5726897705,15334.5726897705,9.63786521113048
"122","22064153B11870363925687",1,7597.60052325754,7597.60052325754,8.93558775580017
"123","22064153B11880020551001",2,158418.592875661,316837.185751322,12.6661433112995
"124","22064153B11925080577501",1,41406.2373575718,41406.2373575718,10.6311868092761
"125","22064153B12049663471572",2,147673.764514092,295347.529028184,12.5959080064508
"126","22064153B12127418038090",1,5585.89826343125,5585.89826343125,8.62800053356291
"127","22064153B12165260283396",1,4821.24489165179,4821.24489165179,8.48078744997338
"128","22064153B12345861604897",2,83259.1409927388,166518.281985478,12.0228603840894
"129","22064153B1240967535924",2,4371.33042933641,8742.66085867282,9.07596986838768
"130","22064153B12662900476516",2,35156.3282678793,70312.6565357586,11.1607070976647
"131","22064153B12861375372699",1,17172.9382205649,17172.9382205649,9.75109006450257
"132","22064153B12869480434443",2,22566.9558832233,45133.9117664466,10.7173891668056
"133","22064153B12953099652868",2,54115.2675229506,108230.535045901,11.5920188148776
"134","22064153B12979096179166",1,49724.7189209181,49724.7189209181,10.8142574510349
"135","22064153B13144997370504",1,266922.044043966,266922.044043966,12.4947119248781
"136","22064153B1320154413470",1,12444.9891988151,12444.9891988151,9.4290733468877
"137","22064153B13215881329963",1,6878.04209502797,6878.04209502797,8.83608931121599
"138","22064153B13237952508684",2,62627.9220677563,125255.844135513,11.7381136776232
"139","22064153B13335973696353",1,87881.0317656397,87881.0317656397,11.3837392670491
"140","22064153B13347263805777",1,224481.867605905,224481.867605905,12.3215502150001
"141","22064153B13415196919485",2,23360.7818025026,46721.5636050052,10.751961084515
"142","22064153B13433087472373",1,41416.4219936416,41416.4219936416,10.6314327476751
"143","22064153B13436797224753",1,19620.5878636912,19620.5878636912,9.88433469514201
"144","22064153B1352051297857",2,120612.371606407,241224.743212814,12.3934843223749
"145","22064153B135965652539",1,44777.062526907,44777.062526907,10.7094512901205
"146","22064153B13639223419847",1,34569.8308085712,34569.8308085712,10.4507366387345
"147","22064153B13741289865163",3,75191.8052068493,225575.415620548,12.3264098193548
"148","22064153B13756884324312",1,97224.4706947301,97224.4706947301,11.4847777148819
"149","22064153B13823601910405",2,47858.4234975872,95716.8469951744,11.4691496016049
"150","22064153B13974791812642",1,15618.2190978466,15618.2190978466,9.65619340267119
"151","22064153B13974843260526",1,21265.7672578265,21265.7672578265,9.96485388781871
"152","22064153B14001863011483",2,3266.27916376618,6532.55832753236,8.78455392617731
"153","22064153B14023525117600",1,218631.372305514,218631.372305514,12.2951423590912
"154","22064153B14063031562338",1,41950.1318438405,41950.1318438405,10.644236854771
"155","22064153B14191280892347",1,NA,NA,NA
"156","22064153B1420949553929",1,NA,NA,NA
"157","22064153B14260428934540",1,104531.423302932,104531.423302932,11.5572430066488
"158","22064153B1430516965980",2,28980.885878541,57961.771757082,10.9675389645851
"159","22064153B14409781546574",1,101660.0386868,101660.0386868,11.5293895715517
"160","22064153B14902090044751",1,12619.6971772508,12619.6971772508,9.44301414034382
"161","22064153B1510965020390",1,14003.7276563546,14003.7276563546,9.54707883432437
"162","22064153B15197878860903",1,16750.5788499608,16750.5788499608,9.72618809486271
"163","22064153B15237000314247",3,3342.63407540031,10027.9022262009,9.21312670915097
"164","22064153B15329717394060",1,52567.4793250656,52567.4793250656,10.8698529437399
"165","22064153B15331758585451",2,3111.71903609653,6223.43807219306,8.7360777777517
"166","22064153B15346425233004",1,50593.9633825357,50593.9633825357,10.8315875474183
"167","22064153B15364293597369",3,61903.136579995,185709.409739985,12.1319384177855
"168","22064153B15413497607030",1,10442.744709617,10442.744709617,9.25366273010365
"169","22064153B15500594562934",3,19683.9679908239,59051.9039724717,10.9861720645006
"170","22064153B15644746046041",1,94069.9609608299,94069.9609608299,11.4517940499646
"171","22064153B15714680533513",1,149904.016702074,149904.016702074,11.9177504796094
"172","22064153B1576921955547",2,143830.956155614,287661.912311228,12.5695411539534
"173","22064153B16137538167455",3,8205.64735166374,24616.9420549912,10.1111901862969
"174","22064153B16264764307082",2,105663.639445986,211327.278891972,12.2611632955647
"175","22064153B16354527619629",2,18940.1028239293,37880.2056478586,10.542183976215
"176","22064153B16459031557594",1,832155.18843651,832155.18843651,13.6317742269729
"177","22064153B16462866208111",1,85789.8994051859,85789.8994051859,11.3596565559959
"178","22064153B16549607437005",1,74935.4473547881,74935.4473547881,11.2243823199657
"179","22064153B16569113596510",1,5132.50075877097,5132.50075877097,8.5433482967296
"180","22064153B16625159005652",2,73235.0372947792,146470.074589558,11.8945764175603
"181","22064153B17150931610065",1,93742.64697316,93742.64697316,11.4483085084704
"182","22064153B17160397070793",1,145390.363867783,145390.363867783,11.8871775686239
"183","22064153B17402484703457",2,6101.79102943147,12203.5820588629,9.40948479900817
"184","22064153B17451481377922",2,49984.5037847089,99969.0075694178,11.5126154926279
"185","22064153B1746305161850",1,30482.7164144537,30482.7164144537,10.3249151270386
"186","22064153B17547452708566",1,113197.986081923,113197.986081923,11.6368936537972
"187","22064153B17605300042191",2,54313.7778273843,108627.555654769,11.5956803896076
"188","22064153B17622592602982",1,5162.86442637896,5162.86442637896,8.549246825844
"189","22064153B17640645318479",2,2443.71570993579,4887.43141987158,8.49442217245535
"190","22064153B17737822356535",1,16130.3008766235,16130.3008766235,9.68845482417675
"191","22064153B17786192900668",2,309547.527060925,619095.05412185,13.3360141006559
"192","22064153B17824097613778",1,35993.2680825942,35993.2680825942,10.4910872022463
"193","22064153B17826218371858",2,266674.570840064,533349.141680128,13.1869315387529
"194","22064153B17910960265215",1,161296.502257943,161296.502257943,11.9909995791785
"195","22064153B17932497232001",1,69743.7308889799,69743.7308889799,11.1525828159163
"196","22064153B18037782605293",1,47724.4367403939,47724.4367403939,10.7731988463325
"197","22064153B18197472399049",1,277999.380498075,277999.380498075,12.5353741642461
"198","22064153B18284871190784",2,12111.2305952921,24222.4611905842,10.0950356300527
"199","22064153B18443780619579",1,12818.8639864835,12818.8639864835,9.45867311394954
"200","22064153B18486924389046",1,NA,NA,NA
"201","22064153B18541020859979",2,38801.3498887687,77602.6997775374,11.2593574965138
"202","22064153B18585174510843",1,40894.7400010755,40894.7400010755,10.6187567274297
"203","22064153B18725311091842",1,249449.392976656,249449.392976656,12.4270113398393
"204","22064153B18860011713755",1,101433.819825585,101433.819825585,11.5271618433828
"205","22064153B18872085958488",1,9393.53310025453,9393.53310025453,9.14777676344145
"206","22064153B18981391951778",1,11331.6522381436,11331.6522381436,9.33535517199941
"207","22064153B19025451607548",2,68209.506691839,136419.013383678,11.8234864089855
"208","22064153B19140159564863",2,1689.18185398688,3378.36370797376,8.12514676119102
"209","22064153B19171708056014",2,28339.949234558,56679.898469116,10.945174902503
"210","22064153B19404158136768",2,11420.6533740064,22841.3067480128,10.0363258752687
"211","22064153B19491219462886",2,49532.4519869789,99064.9039739578,11.5035305100043
"212","22064153B19507094368728",1,7842.14199343235,7842.14199343235,8.96726728947646
"213","22064153B19633670255011",2,213936.102215008,427872.204430016,12.9665798421974
"214","22064153B19687868642382",1,30438.025395281,30438.025395281,10.3234479411226
"215","22064153B20082507087369",1,17432.8926103911,17432.8926103911,9.76611408059065
"216","22064153B20100015994007",1,NA,NA,NA
"217","22064153B20300177961456",1,14537.856803419,14537.856803419,9.5845113401831
"218","22064153B20504043763502",1,241263.166132676,241263.166132676,12.3936435923553
"219","22064153B20548004874718",2,140244.542394982,280489.084789964,12.544290089783
"220","22064153B20607189577313",3,10449.2693387838,31347.8080163514,10.352899623883
"221","22064153B20726542801588",3,8812.15414023246,26436.4624206974,10.18249948852
"222","22064153B20764763312334",1,100421.086490867,100421.086490867,11.5171274889971
"223","22064153B20820198931231",1,7368.71363104574,7368.71363104574,8.90499842870719
"224","22064153B20891786308722",2,33105.4079493858,66210.8158987716,11.1005991107364
"225","22064153B20936499562813",3,55550.1769162621,166650.530748786,12.023654268542
"226","22064153B20986912902018",1,61963.8564599779,61963.8564599779,11.0343065337169
"227","22064153B21018855363784",1,2576.04711596791,2576.04711596791,7.85401137741719
"228","22064153B21124327630561",2,34986.1193265436,69972.2386530872,11.1558538516984
"229","22064153B21224542742547",1,20172.9932881859,20172.9932881859,9.91210002292156
"230","22064153B2132252923317",2,22133.7489643417,44267.4979286834,10.6980060056895
"231","22064153B21330820256622",3,16627.8866287762,49883.6598863286,10.817448770926
"232","22064153B21463927954199",2,77115.6001843943,154231.200368789,11.946208056666
"233","22064153B21468669116940",2,69542.1840872784,139084.368174557,11.8428359932685
"234","22064153B21529335846532",2,7884.39214882561,15768.7842976512,9.66578758742632
"235","22064153B21553303139286",2,56842.3820009304,113684.764001861,11.6411846690169
"236","22064153B21572106271359",2,70275.6376528448,140551.27530569,11.8533276499733
"237","22064153B21585833160132",1,241381.849912041,241381.849912041,12.3941353980419
"238","22064153B21881953859573",3,352894.544836642,1058683.63450993,13.8725368401124
"239","22064153B21914755064517",2,40093.2868380198,80186.5736760396,11.2921113693167
"240","22064153B21930418676565",2,80629.1824818434,161258.364963687,11.9907631090563
"241","22064153B22111041587368",3,9302.61222020776,27907.8366606233,10.2366628122623
"242","22064153B22167023977783",3,67970.8203315561,203912.460994668,12.2254460679599
"243","22064153B22522574438890",1,60507.4812507894,60507.4812507894,11.0105222934119
"244","22064153B22685350390729",2,258092.228690762,516184.457381524,13.1542194561301
"245","22064153B22770542866151",2,24100.5916423307,48201.1832846614,10.7831388492117
"246","22064153B22863459733327",1,43394.4227303866,43394.4227303866,10.6780862033141
"247","22064153B22998678840309",3,9963.94459387231,29891.8337816169,10.3053406044037
"248","22064153B23017512967810",2,543062.044011362,1086124.08802272,13.8981260344797
"249","22064153B23148495981135",1,1240551.86329769,1240551.86329769,14.0310668896219
"250","22064153B23217272115075",1,46558.0695536857,46558.0695536857,10.7484556200699
"251","22064153B23299113779671",1,5163.74434443016,5163.74434443016,8.54941724346567
"252","22064153B23604692839196",2,12768.9367823412,25537.8735646824,10.1479178671024
"253","22064153B23745136254640",1,187224.972099402,187224.972099402,12.1400662320958
"254","22064153B23867654552053",2,14167.1420437664,28334.2840875328,10.2518278022719
"255","22064153B23991641947742",1,175083.131831573,175083.131831573,12.0730161791479
"256","22064153B24250896793566",1,12739.8576266616,12739.8576266616,9.45249075376242
"257","22064153B24324307757053",2,190523.681733957,381047.363467914,12.8506789599466
"258","22064153B24327518891099",2,131856.839333873,263713.678667746,12.482619243077
"259","22064153B24375638846800",2,258035.739350793,516071.478701586,13.1540005594855
"260","22064153B2446826655857",1,81620.1740784917,81620.1740784917,11.3098317417496
"261","22064153B24827432296483",2,158256.687859348,316513.375718696,12.6651207810279
"262","22064153B24851023127688",1,63004.8469140571,63004.8469140571,11.0509669375581
"263","22064153B2491065484587",1,439051.347396775,439051.347396775,12.9923716496748
"264","22064153B24965253967759",1,66202.0791542317,66202.0791542317,11.1004671485955
"265","22064153B249766001509",2,70352.9780845024,140705.956169005,11.8544275746088
"266","22064153B24985865314901",1,1462273.83938468,1462273.83938468,14.1955032063932
"267","22064153B25042190901764",2,582962.725625285,1165925.45125057,13.969025708386
"268","22064153B25240716524083",3,2290.62741710024,6871.88225130072,8.83519332895686
"269","22064153B25271963256644",1,25595.3879606762,25595.3879606762,10.1501674564512
"270","22064153B25274509403754",1,130982.016831264,130982.016831264,11.7828153166628
"271","22064153B25299017238233",1,NA,NA,NA
"272","22064153B25382009967091",1,29660.2498159961,29660.2498159961,10.2975630383131
"273","22064153B25500969615439",2,6360.64373842019,12721.2874768404,9.45103204850478
"274","22064153B25557212584140",1,333892.083640097,333892.083640097,12.7185731168759
"275","22064153B25624433633857",2,16082.1653864277,32164.3307728554,10.3786133775617
"276","22064153B25668755078599",1,36848.9243451577,36848.9243451577,10.5145817071007
"277","22064153B25692242595445",2,28194.7102852242,56389.4205704484,10.9400368413529
"278","22064153B25695185741229",1,11143.284613499,11143.284613499,9.3185923186305
"279","22064153B25852554340132",1,22229.7315408012,22229.7315408012,10.0091859304481
"280","22064153B25942497643845",2,6253.66096711471,12507.3219342294,9.4340695065414
"281","22064153B26076067737587",3,25531.7523178742,76595.2569536226,11.2462904341461
"282","22064153B26111310234357",2,30306.149173324,60612.298346648,11.0122530944813
"283","22064153B26168625636469",2,669.334974486836,1338.66994897367,7.19943182462301
"284","22064153B2623770639583",2,26946.7694176767,53893.5388353534,10.8947658765272
"285","22064153B26243303203029",3,9329.17027804596,27987.5108341379,10.2395136480132
"286","22064153B26379129013913",1,394192.227240637,394192.227240637,12.8845939556998
"287","22064153B26413774655735",3,72842.1245758034,218526.37372741,12.2946619897916
"288","22064153B26432964343600",2,76368.2085300815,152736.417060163,11.9364689503969
"289","22064153B26463696706835",1,192390.150246891,192390.150246891,12.1672806217603
"290","22064153B26513167275722",2,11176.3561018245,22352.712203649,10.0147029440729
"291","22064153B26660671620175",2,737707.609748864,1475415.21949773,14.2044500128853
"292","22064153B26661145575054",1,51051.3819429608,51051.3819429608,10.8405878936076
"293","22064153B26773121701856",3,33622.8328284794,100868.498485438,11.5215729522975
"294","22064153B26843686140780",1,49982.4902435506,49982.4902435506,10.8194280279487
"295","22064153B26884354260890",1,106284.557567959,106284.557567959,11.5738752816035
"296","22064153B26987504968655",1,110922.708396568,110922.708396568,11.6165889169989
"297","22064153B27005462697609",2,63449.0177532775,126898.035506555,11.7511391729408
"298","22064153B2702411680064",2,127074.947282532,254149.894565064,12.4456795080218
"299","22064153B2722132887235",3,6079.99465933785,18239.9839780136,9.81137138522956
"300","22064153B27247213696549",2,277119.60010842,554239.20021684,13.2253516418883
"301","22064153B27289126175617",3,8011.04201349526,24033.1260404858,10.0871884093452
"302","22064153B27349531519985",1,116854.955819756,116854.955819756,11.6686887508756
"303","22064153B27378883096087",2,611078.768259095,1222157.53651819,14.0161283273589
"304","22064153B27631691114886",2,11247.4309650107,22494.8619300214,10.021042203449
"305","22064153B27657139570827",3,94164.0003338138,282492.001001441,12.5514055141286
"306","22064153B27762332852443",1,11758.5328212325,11758.5328212325,9.37233445357015
"307","22064153B27870068763569",3,14601.5019048994,43804.5057146982,10.6874919612724
"308","22064153B27979784056918",1,39583.4552317465,39583.4552317465,10.5861665127629
"309","22064153B28035717704665",1,46386.1925058326,46386.1925058326,10.7447571186247
"310","22064153B28097279144094",2,169831.313973321,339662.627946642,12.7357081332207
"311","22064153B28150220320962",3,714.259329414122,2142.77798824237,7.66985839152655
"312","22064153B28200881155358",1,13883.0779853215,13883.0779853215,9.53842596634392
"313","22064153B28337090831591",1,367867.337579473,367867.337579473,12.8154776564489
"314","22064153B28414045924235",2,3858.05827772134,7716.11655544268,8.95106647959358
"315","22064153B28562561290701",1,22856.4734165522,22856.4734165522,10.0369896567059
"316","22064153B28607831481816",1,4811.60704368194,4811.60704368194,8.47878641201483
"317","22064153B28818453738247",1,86100.0053104366,86100.0053104366,11.3632647520934
"318","22064153B28841810223211",1,53776.7911415118,53776.7911415118,10.8925972616521
"319","22064153B28864104730432",1,53530.8492773332,53530.8492773332,10.8880133887077
"320","22064153B29179737200672",1,46772.5816501601,46772.5816501601,10.7530524480454
"321","22064153B29202371584226",2,232425.717075014,464851.434150028,13.0494731370681
"322","22064153B2920977635331",3,10691.7997137166,32075.3991411498,10.3758446334017
"323","22064153B29354983880781",1,89650.1845024104,89650.1845024104,11.4036705370614
"324","22064153B29529124372788",2,82405.3531616711,164810.706323342,12.0125528599016
"325","22064153B29541790734430",3,115798.477997274,347395.433991822,12.7582189893286
"326","22064153B29606246418188",1,77880.577921354,77880.577921354,11.2629318801231
"327","22064153B29701758489760",3,56720.4872248879,170161.461674664,12.0445030398388
"328","22064153B29893282242980",2,10852.1418734803,21704.2837469606,9.98526492774025
"329","22064153B29987612249320",2,56249.5488102163,112499.097620433,11.6307004794427
"330","22064153B30058273208400",1,67622.9771655757,67622.9771655757,11.1217031031776
"331","22064153B3017496076038",1,22668.7306857274,22668.7306857274,10.0287417510089
"332","22064153B30363651690938",1,332829.690455183,332829.690455183,12.715386198058
"333","22064153B30375928590829",3,26362.978695637,79088.936086911,11.2783282714937
"334","22064153B30432270495602",2,23949.9427760654,47899.8855521308,10.7768683940878
"335","22064153B30552357265418",2,391477.763586816,782955.527173632,13.5708311753696
"336","22064153B30582374301374",3,43627.8054589035,130883.41637671,11.7820622546187
"337","22064153B30625233243143",1,36607.156442499,36607.156442499,10.5079990314915
"338","22064153B30638579191520",2,11662.8321570792,23325.6643141584,10.0573095060885
"339","22064153B30746537151350",2,647.293635705527,1294.58727141105,7.16594721399993
"340","22064153B30747054135081",2,183808.850327822,367617.700655644,12.8147988202512
"341","22064153B31040829489801",1,92119.7256041766,92119.7256041766,11.4308443752521
"342","22064153B31050453163422",1,3370.89787924835,3370.89787924835,8.12293442087082
"343","22064153B31135289991863",1,81533.2304316483,81533.2304316483,11.3087659514851
"344","22064153B3116190270971",1,30408.4173637501,30408.4173637501,10.3224747360337
"345","22064153B31188277470964",2,77213.2818318532,154426.563663706,11.9474739462289
"346","22064153B31303079621207",1,84009.9720686129,84009.9720686129,11.3386907858819
"347","22064153B31654670628378",2,25088.3393144399,50176.6786288798,10.8233056285883
"348","22064153B3166560830766",3,27984.2222770619,83952.6668311857,11.3380084289003
"349","22064153B31828477920697",2,74632.5405882442,149265.081176488,11.9134790725586
"350","22064153B31840797679086",3,5668.06894518612,17004.2068355584,9.74121605334015
"351","22064153B31988030206411",1,53017.7961583835,53017.7961583835,10.8783829127472
"352","22064153B32144271118289",1,5364.07711747904,5364.07711747904,8.5874796211586
"353","22064153B32207594646608",2,17615.3591873237,35230.7183746474,10.4696736621194
"354","22064153B32453256362792",2,11524.1060291884,23048.2120583768,10.0453434774499
"355","22064153B32454677361309",2,66769.445258055,133538.89051611,11.802148029126
"356","22064153B32459042913276",3,16961.6834492566,50885.0503477698,10.8373244530678
"357","22064153B32499931661973",2,162722.90277062,325445.80554124,12.6929512307357
"358","22064153B32597994259777",1,56408.0575889852,56408.0575889852,10.9403672923348
"359","22064153B3260295763556",1,43441.6527235927,43441.6527235927,10.6791740000073
"360","22064153B32622592109390",2,766026.964261976,1532053.92852395,14.2421198300495
"361","22064153B32661608825034",1,532370.555228379,532370.555228379,13.1850950582419
"362","22064153B32663760346389",1,67830.2292041068,67830.2292041068,11.1247632330308
"363","22064153B32697897340727",1,51488.822798941,51488.822798941,10.8491200300665
"364","22064153B3280524188858",2,90671.156997132,181342.313994264,12.1081417616473
"365","22064153B32879665089708",1,20326.1314517569,20326.1314517569,9.91966260084973
"366","22064153B33022261417007",1,34841.2467363974,34841.2467363974,10.458557214953
"367","22064153B33402705241691",3,40683.7211560957,122051.163468287,11.7121956084941
"368","22064153B33610753881119",1,27835.2826445916,27835.2826445916,10.2340596548535
"369","22064153B33757504335053",2,117428.45505925,234856.9101185,12.3667317145628
"370","22064153B33921572198120",1,396838.523917893,396838.523917893,12.8912847361669
"371","22064153B34173315549622",1,21067.7735765227,21067.7735765227,9.95549983327586
"372","22064153B34193146717315",1,65683.4405167725,65683.4405167725,11.0926021257747
"373","22064153B34267563622194",3,302222.875472355,906668.626417065,13.7175323110911
"374","22064153B34371075767186",1,44006.0375229599,44006.0375229599,10.692082119918
"375","22064153B34425405263494",1,41687.7900385102,41687.7900385102,10.6379635600793
"376","22064153B34439901226362",1,693875.409695827,693875.409695827,13.4500476984384
"377","22064153B34443868046446",2,607486.663641296,1214973.32728259,14.010232681662
"378","22064153B34645070246824",1,133224.629071956,133224.629071956,11.7997919229386
"379","22064153B34770411990432",1,205797.293400154,205797.293400154,12.2346469506929
"380","22064153B34805483384531",2,50617.9915778994,101235.983155799,11.5252095374179
"381","22064153B34841335570745",3,106637.859843014,319913.579529042,12.6758061743303
"382","22064153B34851227738598",1,25290.1359531433,25290.1359531433,10.1381697154164
"383","22064153B3490214986239",3,17076.5968227596,51229.7904682788,10.844076486905
"384","22064153B34956601586296",3,3875.2325321824,11625.6975965472,9.36097323696027
"385","22064153B35070175546875",1,601635.406434422,601635.406434422,13.3074069036666
"386","22064153B35070439080278",2,16287.0899022786,32574.1798045572,10.3912752229978
"387","22064153B35076023646202",1,65787.1319492367,65787.1319492367,11.0941795351069
"388","22064153B35105939301214",2,16245.1545788103,32490.3091576206,10.3886971440879
"389","22064153B35205149124459",1,35556.7313525277,35556.7313525277,10.4788847661828
"390","22064153B35259922763541",3,1785.74963518204,5357.24890554612,8.5862058584092
"391","22064153B3528434639026",2,33209.9509466863,66419.9018933726,11.1037520178651
"392","22064153B35477366306356",2,11156.6127604102,22313.2255208204,10.0129348543326
"393","22064153B35670810334421",1,3031.68288370671,3031.68288370671,8.01687315148587
"394","22064153B35820151330939",1,6575.78452917332,6575.78452917332,8.79114916995426
"395","22064153B3601656726791",1,117717.976938325,117717.976938325,11.6760470168304
"396","22064153B36448258784434",1,93036.5183522146,93036.5183522146,11.4407473655144
"397","22064153B36635656677218",1,153407.874267023,153407.874267023,11.9408554981952
"398","22064153B36640851523102",1,78163.5698040462,78163.5698040462,11.266558958704
"399","22064153B36650271822952",2,6762.7242446281,13525.4484892562,9.51232826318384
"400","22064153B36847259305466",1,91177.2079365757,91177.2079365757,11.4205602318528
"401","22064153B36899747691995",1,13583.6569852192,13583.6569852192,9.51662265684974
"402","22064153B37072051859512",1,535402.32293594,535402.32293594,13.1907737487514
"403","22064153B3707797018061",2,123781.073211371,247562.146422742,12.4194169261289
"404","22064153B37190858382718",2,406.017207564714,812.034415129428,6.69954272242786
"405","22064153B37672699687454",2,1161.64035082397,2323.28070164794,7.75073556130674
"406","22064153B37690647476013",3,31150.4583538002,93451.3750614006,11.4451965271832
"407","22064153B37844292168146",3,54364.5482575834,163093.64477275,12.0020798226308
"408","22064153B37976146363368",2,13273.1322087341,26546.2644174682,10.1866443168639
"409","22064153B37992746393477",2,200260.990228535,400521.98045707,12.9005239265241
"410","22064153B37993588390493",1,504881.013065131,504881.013065131,13.1320780628025
"411","22064153B37996051653181",1,23765.8286656653,23765.8286656653,10.0760040576035
"412","22064153B38003203294123",2,64994.0003872907,129988.000774581,11.7751974234437
"413","22064153B38015411122524",2,14023.5986259388,28047.1972518776,10.2416439862394
"414","22064153B38031589003177",2,20855.9140063021,41711.8280126042,10.6385400129533
"415","22064153B3805543078066",1,415887.67017746,415887.67017746,12.9381704791686
"416","22064153B38167262052076",2,65770.4264707684,131540.852941537,11.7870727511093
"417","22064153B38229059765707",2,22591.4011901898,45182.8023803796,10.7184718151099
"418","22064153B38280459687635",2,712.506667496621,1425.01333499324,7.26193645054896
"419","22064153B38516205558719",1,11658.900085267,11658.900085267,9.36382512314505
"420","22064153B38748946116024",1,7859.12105926877,7859.12105926877,8.96943005464991
"421","22064153B38947998190164",2,829257.785700487,1658515.57140097,14.3214335261711
"422","22064153B39059468846862",1,35437.7091680973,35437.7091680973,10.4755317629034
"423","22064153B39173666137461",1,9815.40108290917,9815.40108290917,9.19170797015574
"424","22064153B39248770948024",1,35361.5530123119,35361.5530123119,10.4733804358186
"425","22064153B39270708607806",1,646251.059389391,646251.059389391,13.3789433440907
"426","22064153B3938039280311",2,2591080.98350161,5182161.96700322,15.4607328953091
"427","22064153B39431527645490",1,12803.0993742842,12803.0993742842,9.45744255921284
"428","22064153B39627924903777",3,38355.77484173,115067.32452519,11.6532726667015
"429","22064153B397815229123",1,814.555438547757,814.555438547757,6.70264249024117
"430","22064153B39921881538290",1,80823.0646826981,80823.0646826981,11.3000176577687
"431","22064153B39922172056835",2,399379.18760313,798758.37520626,13.5908137700102
"432","22064153B39981249129264",2,35050.8243791421,70101.6487582842,11.1577015928357
"433","22064153B40136139146839",1,37494.4487571614,37494.4487571614,10.5319481678582
"434","22064153B40173018789364",2,90534.0780081746,181068.156016349,12.1066287919463
"435","22064153B40278985513053",1,8504.97377971302,8504.97377971302,9.04840642189905
"436","22064153B40400083075761",2,2581.66112536381,5163.32225072762,8.54933549833526
"437","22064153B40416571045397",2,92719.9673495723,185439.934699145,12.1304863064334
"438","22064153B4043295129009",1,15558.49978453,15558.49978453,9.65236237820821
"439","22064153B40501348045878",1,175107.152142506,175107.152142506,12.0731533634849
"440","22064153B40508197079928",3,23942.5871112273,71827.7613336819,11.1820263284086
"441","22064153B40775689638766",1,42926.9146297879,42926.9146297879,10.6672542888429
"442","22064153B40974377910611",1,269288.213669583,269288.213669583,12.5035375112975
"443","22064153B41096346317753",1,15286.3397239461,15286.3397239461,9.63471488007151
"444","22064153B41206405308946",3,61774.6856481886,185324.056944566,12.1298612308546
"445","22064153B41312501853097",1,NA,NA,NA
"446","22064153B41318657568048",1,11132.7503093095,11132.7503093095,9.31764652149817
"447","22064153B41354551896797",2,27705.4700700339,55410.9401400678,10.9225323286922
"448","22064153B41514672574111",3,19852.8337905101,59558.5013715303,10.9947143248214
"449","22064153B41525675673644",2,11631.1086809667,23262.2173619334,10.0545857509329
"450","22064153B41545162624275",1,55578.9347808581,55578.9347808581,10.9255595376011
"451","22064153B41590295384233",3,113106.220275317,339318.660825951,12.7346949472734
"452","22064153B41713963483520",2,1661.64195686873,3323.28391373746,8.10870870368698
"453","22064153B41932272876566",3,59820.8948807036,179462.684642111,12.0977225802972
"454","22064153B42062720942264",1,1319.73227227113,1319.73227227113,7.18518417097182
"455","22064153B4211596098450",1,71894.3982351375,71894.3982351375,11.1829536301752
"456","22064153B42217323909789",2,46972.5254572097,93945.0509144194,11.4504653255873
"457","22064153B42280137563605",1,56455.4383294251,56455.4383294251,10.9412069038113
"458","22064153B42302848095491",2,2602.93915181182,5205.87830362364,8.5575437091045
"459","22064153B42347188648904",2,235246.379161146,470492.758322292,13.0615358464381
"460","22064153B42446330332241",1,NA,NA,NA
"461","22064153B4274209582436",1,39126.469892059,39126.469892059,10.5745544962629
"462","22064153B4286483496326",3,1322.4232952159,3967.2698856477,8.28583345088176
"463","22064153B42905790783951",2,23803.4874813348,47606.9749626696,10.7707345623138
"464","22064153B43134754063243",1,119259.51025081,119259.51025081,11.6890571561016
"465","22064153B43162211082294",3,78324.2832067045,234972.849620113,12.3672252529204
"466","22064153B43476181465127",2,16380.294010035,32760.58802007,10.3969814871365
"467","22064153B43689420545928",2,114919.307474439,229838.614948878,12.3451326674815
"468","22064153B43785762223582",2,42414.4901188436,84828.9802376872,11.3483925114834
"469","22064153B43904559584393",2,72459.5100365919,144919.020073184,11.8839303831395
"470","22064153B439820272378",2,58715.8781784182,117431.756356836,11.6736126468754
"471","22064153B43988911271418",1,399792.962587735,399792.962587735,12.8987020985617
"472","22064153B44054908542385",3,22548.0631446318,67644.1894338954,11.1220167383194
"473","22064153B4409747403252",1,85558.2332584627,85558.2332584627,11.3569525138301
"474","22064153B44267984628031",2,30309.7209207885,60619.441841577,11.0123709430731
"475","22064153B44315864590380",2,60223.7576855548,120447.51537111,11.6989693799441
"476","22064153B44317666842318",2,35853.2493359048,71706.4986718096,11.1803366594652
"477","22064153B44499834230387",2,46109.8017098044,92219.6034196088,11.4319280053785
"478","22064153B44542304217365",1,123127.487975966,123127.487975966,11.7209755851816
"479","22064153B44542802774302",1,28794.8965308357,28794.8965308357,10.2679534466312
"480","22064153B44549146098758",1,32662.8476816285,32662.8476816285,10.3939935544451
"481","22064153B44553862516969",2,63273.5011570714,126547.002314143,11.7483690779341
"482","22064153B4475386175158",3,4242.00087071565,12726.002612147,9.45140262905336
"483","22064153B44784100990401",1,60498.978099345,60498.978099345,11.0103817529564
"484","22064153B44837767609725",1,52207.6354575818,52207.6354575818,10.8629840363076
"485","22064153B44894866493506",3,25334.2376480699,76002.7129442097,11.2385243152657
"486","22064153B44963787773880",2,396455.360857676,792910.721715352,13.5834659113224
"487","22064153B45001558648398",1,124628.95836733,124628.95836733,11.733096268985
"488","22064153B45156088025009",2,52552.9790371095,105105.958074219,11.5627242448322
"489","22064153B45188135537989",3,8437.5547677635,25312.6643032905,10.139060114822
"490","22064153B45193462412831",1,2275.28147026995,2275.28147026995,7.72985904692755
"491","22064153B45509780052584",3,7571.2058614243,22713.6175842729,10.0307199171856
"492","22064153B4579292300123",3,7658.65539537387,22975.9661861216,10.0422040001426
"493","22064153B45962078920290",1,26766.7689808622,26766.7689808622,10.1949164337076
"494","22064153B4599338501443",1,108577.83144859,108577.83144859,11.5952225353369
"495","22064153B46077925963614",1,3844269.31013273,3844269.31013273,15.1620941064863
"496","22064153B46097580032507",1,54317.0625322235,54317.0625322235,10.9025936836758
"497","22064153B46426068444343",1,93859.7836269493,93859.7836269493,11.4495572840714
"498","22064153B46444356983113",3,8325.87393550079,24977.6218065024,10.1257355752444
"499","22064153B46600625049869",1,82574.1500929484,82574.1500929484,11.3214519576592
"500","22064153B46704511069895",2,1655.50252399263,3311.00504798526,8.10500706215655
"501","22064153B4671862991873",1,53597.3680122568,53597.3680122568,10.8892552416043
"502","22064153B46807653083164",3,93314.5027831562,279943.508349469,12.5423431059012
"503","22064153B46974703546611",1,29787.048701235,29787.048701235,10.3018289706832
"504","22064153B4700189189865",1,17388.6201151289,17388.6201151289,9.76357125486872
"505","22064153B47073397017975",3,42454.2333023595,127362.699907078,11.7547941998727
"506","22064153B47088094291136",2,37649.9919763448,75299.9839526896,11.2292352006763
"507","22064153B47110066124982",1,21939.5533663111,21939.5533663111,9.99604637657147
"508","22064153B47270255422143",2,32024.8316426354,64049.6632852708,11.0674140502505
"509","22064153B47306424439203",1,76888.7341662566,76888.7341662566,11.250114644973
"510","22064153B47377223297779",1,46940.9816135438,46940.9816135438,10.7566463812772
"511","22064153B47508893912930",1,397419.462991312,397419.462991312,12.8927475837217
"512","22064153B47665726673429",1,30349.5531479357,30349.5531479357,10.3205370730822
"513","22064153B47905717209978",1,132708.95696277,132708.95696277,11.7959137158779
"514","22064153B47985746370691",1,340327.761162733,340327.761162733,12.7376644356593
"515","22064153B48033226915297",2,88293.3803766752,176586.76075335,12.0815675969202
"516","22064153B48077040474563",3,9294.23493341772,27882.7048002532,10.2357618759597
"517","22064153B48099706637709",2,35282.7117474238,70565.4234948476,11.1642955513159
"518","22064153B48122018052032",2,2169.68698720129,4339.37397440258,8.3754853711607
"519","22064153B48186183517064",2,39222.1051223218,78444.2102446436,11.2701429535848
"520","22064153B48335058983319",3,17106.169010273,51318.507030819,10.845806726935
"521","22064153B48342484050891",2,28312.7616854905,56625.523370981,10.9442151054973
"522","22064153B48657370827340",1,20858.4065374971,20858.4065374971,9.94551233721406
"523","22064153B48721476653165",1,37072.7910516728,37072.7910516728,10.5206385846964
"524","22064153B48836747079697",1,31684.4530505738,31684.4530505738,10.3635813995153
"525","22064153B49253931002117",1,16421.8265547627,16421.8265547627,9.70636661645207
"526","22064153B49276333720668",1,276.608755384365,276.608755384365,5.62260407232465
"527","22064153B49277227172137",2,77176.3017947107,154352.603589421,11.9469948978763
"528","22064153B49332133216628",2,105048.933868782,210097.867737564,12.2553287379837
"529","22064153B4943550686052",2,152020.322683578,304040.645367156,12.6249166733167
"530","22064153B49505315187680",1,18588.6536206986,18588.6536206986,9.8303066531706
"531","22064153B49599067230525",3,3536.57819527316,10609.7345858195,9.26952721582101
"532","22064153B49774886462778",3,86161.2538789324,258483.761636797,12.4625881533049
"533","22064153B49815970658587",1,1625.65817677432,1625.65817677432,7.3936680446217
"534","22064153B4986899209326",1,11067.440850147,11067.440850147,9.31176282012822
"535","22064153B49930616683210",2,25140.5129793597,50281.0259587194,10.8253830674029
"536","22064153B50045413715781",3,1003.61753884982,3010.85261654946,8.00997857894412
"537","22064153B50127678643850",1,51374.6857495854,51374.6857495854,10.8469008349834
"538","22064153B50130441477952",2,19570.6276012002,39141.2552024004,10.5749323099913
"539","22064153B50136100430042",3,135897.271769754,407691.815309262,12.9182668133281
"540","22064153B50299465118131",1,12202.5295538084,12202.5295538084,9.40939854970538
"541","22064153B50417144579003",1,118578.733682873,118578.733682873,11.6833324381933
"542","22064153B5049217711544",3,505.922832300765,1517.76849690229,7.324996440991
"543","22064153B51420190401517",1,1844.61104084951,1844.61104084951,7.52002371628165
"544","22064153B51464692079899",1,NA,NA,NA
"545","22064153B51627476063203",1,171645.089012711,171645.089012711,12.0531841880059
"546","22064153B51662529993673",1,3876.68902891446,3876.68902891446,8.26273672524958
"547","22064153B51715438268926",1,38760.8334695799,38760.8334695799,10.5651655691166
"548","22064153B51725743038941",2,69017.5103842503,138035.020768501,11.835262705629
"549","22064153B519565970341",2,75692.70461095,151385.4092219,11.9275842429629
"550","22064153B52085994320923",2,117549.46558168,235098.93116336,12.3677616882114
"551","22064153B52179912270627",1,48603.8925247694,48603.8925247694,10.7914588997836
"552","22064153B52253141451980",2,185997.076358647,371994.152717294,12.8266334146298
"553","22064153B52291408422766",1,10110.5515989832,10110.5515989832,9.22133487026736
"554","22064153B52612753206186",2,7293.69920890323,14587.3984178065,9.58791331292405
"555","22064153B52633464961485",1,209310.798631496,209310.798631496,12.251575501138
"556","22064153B52648905753653",2,4151.79921756852,8303.59843513704,9.02444424623266
"557","22064153B5267804533831",1,11013.9209947288,11013.9209947288,9.3069152966288
"558","22064153B52753140489458",1,227743.028071965,227743.028071965,12.3359732024559
"559","22064153B52803081317924",3,26654.8013798974,79964.4041396922,11.2893368663833
"560","22064153B52841590037267",1,23162.1765197955,23162.1765197955,10.05027590481
"561","22064153B52887999669387",1,326117.511729914,326117.511729914,12.695013060826
"562","22064153B52911851929609",1,113912.277191417,113912.277191417,11.6431839328399
"563","22064153B53002187512045",3,20099.210266559,60297.630799677,11.0070480917225
"564","22064153B53034253556310",1,114516.05448453,114516.05448453,11.6484703059861
"565","22064153B53045263163046",1,18895.3866034812,18895.3866034812,9.84667307619778
"566","22064153B53114788196581",2,191524.954386745,383049.90877349,12.8559205697867
"567","22064153B53244281721356",1,276604.806826084,276604.806826084,12.5303450763195
"568","22064153B53353386763224",1,557726.071516073,557726.071516073,13.2316232095655
"569","22064153B53393989117079",2,5395.23666318987,10790.4733263797,9.2864189244244
"570","22064153B53434069623251",2,67510.042263324,135020.084526648,11.8131788206262
"571","22064153B53472362936594",1,125319.936782437,125319.936782437,11.7386252406169
"572","22064153B53533855614877",2,154151.518039755,308303.03607951,12.6388384616347
"573","22064153B53754534753242",1,5394.38945646437,5394.38945646437,8.59311470288494
"574","22064153B53816838639023",3,57840.3954847561,173521.186454268,12.0640549830423
"575","22064153B53997811528221",3,10745.293108838,32235.879326514,10.3808353759988
"576","22064153B54195115998574",3,12748.727438323,38246.182314969,10.5517990255145
"577","22064153B54201279846149",2,6913.77802851487,13827.5560570297,9.53441869588555
"578","22064153B54270882779278",2,306465.134568805,612930.26913761,13.3260064550019
"579","22064153B54328590224994",2,5265.58150482236,10531.1630096447,9.26209404628888
"580","22064153B54478878575697",2,97786.6736818985,195573.347363797,12.1836907663772
"581","22064153B54491533323860",3,26100.682053093,78302.046159279,11.2683290139399
"582","22064153B54492214323948",1,60735.7095969535,60735.7095969535,11.0142871005592
"583","22064153B54493928872719",3,51017.5516262747,153052.654878824,11.9385372907035
"584","22064153B54573279257236",1,10956.3167653305,10956.3167653305,9.30167144246323
"585","22064153B54635082172523",1,14621.646572489,14621.646572489,9.59025835161934
"586","22064153B54657262199971",2,31845.6196189979,63691.2392379958,11.0618023005163
"587","22064153B54693030859615",1,71672.0858143679,71672.0858143679,11.1798566315974
"588","22064153B54812792902369",1,103481.55817391,103481.55817391,11.5471486939167
"589","22064153B5520386080739",1,17722.3677147262,17722.3677147262,9.78258283344549
"590","22064153B55351511475413",1,64509.3385776172,64509.3385776172,11.0745652764528
"591","22064153B5541969291593",1,10991.3000098404,10991.3000098404,9.30485933065128
"592","22064153B55422469295161",1,NA,NA,NA
"593","22064153B55493173352162",3,16891.989627185,50675.968881555,10.833207090655
"594","22064153B55930097994120",2,77821.4430738338,155642.886147668,11.9553194706664
"595","22064153B55931345507884",1,86450.2332136222,86450.2332136222,11.3673241887784
"596","22064153B55971315986708",2,4530.88395029456,9061.76790058912,9.11181951251651
"597","22064153B55990340820977",2,117189.511649168,234379.023298336,12.3646948416324
"598","22064153B56106555282703",2,123695.208059539,247390.416119078,12.4187229997871
"599","22064153B56211754183419",1,468832.562878518,468832.562878518,13.0580009748978
"600","22064153B56242014914717",1,57102.7713828976,57102.7713828976,10.9526079300687
"601","22064153B56325145349456",1,37895.5591292623,37895.5591292623,10.5425892108348
"602","22064153B5639303990614",3,110.951316642619,332.853949927857,5.80770380496701
"603","22064153B56407070841201",1,21666.6955360723,21666.6955360723,9.98353159264288
"604","22064153B56558553348528",3,9390.36783912693,28171.1035173808,10.2460520335991
"605","22064153B56572969434164",1,42010.5757820636,42010.5757820636,10.645676669903
"606","22064153B56867511813359",1,70966.6876991046,70966.6876991046,11.1699658585841
"607","22064153B56887254979091",1,50800.9345647167,50800.9345647167,10.8356700303406
"608","22064153B56938477027476",1,9030.09481204502,9030.09481204502,9.10831814602867
"609","22064153B56972160606638",3,2091.13527653045,6273.40582959135,8.74407468066241
"610","22064153B56990836800595",1,190647.502657599,190647.502657599,12.1581814661052
"611","22064153B5719123813817",2,147516.870859194,295033.741718388,12.5948450074876
"612","22064153B5740427837712",2,125000.03166425,250000.0633285,12.4292164501584
"613","22064153B57425006507818",1,1429641.39474088,1429641.39474088,14.1729341978788
"614","22064153B57460904263691",1,26309.076350349,26309.076350349,10.1776692670079
"615","22064153B57479664595133",2,78586.2850203541,157172.570040708,11.9650996529168
"616","22064153B57554253448105",1,1628.10185236784,1628.10185236784,7.39517010748502
"617","22064153B57637751083346",3,1590.8509390214,4772.5528170642,8.47063662249816
"618","22064153B57655293715823",1,33273.0659639987,33273.0659639987,10.4125035187792
"619","22064153B57698371148493",1,6550.61341367972,6550.61341367972,8.78731397518779
"620","22064153B57896694451609",1,48822.0609662648,48822.0609662648,10.7959375586697
"621","22064153B57923514267215",3,5472.5347411154,16417.6042233462,9.70610946635295
"622","22064153B58180962451731",1,161724.049992379,161724.049992379,11.9936467666787
"623","22064153B5819975327596",1,16524.2849152332,16524.2849152332,9.71258639087788
"624","22064153B58215996136290",1,435752.056341296,435752.056341296,12.9848286824561
"625","22064153B58231040039933",3,23632.6864058345,70898.0592175035,11.1689983386266
"626","22064153B58298111838793",2,110997.579745471,221995.159490942,12.3104108565218
"627","22064153B58412342930538",2,125515.437543471,251030.875086942,12.4333312188635
"628","22064153B58560058955462",1,56803.9934024888,56803.9934024888,10.9473619086197
"629","22064153B58621167796121",3,32289.929088813,96869.787266439,11.4811229563453
"630","22064153B58761955320799",1,15501.4369520605,15501.4369520605,9.6486880051949
"631","22064153B58787616490408",2,23893.1033871228,47786.2067742456,10.7744923156295
"632","22064153B5894955463903",3,15616.1920162157,46848.5760486471,10.7546758933658
"633","22064153B59005328689415",1,263091.73802298,263091.73802298,12.4802580641141
"634","22064153B59225820770411",1,13005.3927705471,13005.3927705471,9.47311937892974
"635","22064153B59358276614692",1,18312.7416388541,18312.7416388541,9.81535236096815
"636","22064153B5950324807443",2,71961.5366082095,143923.073216419,11.8770342220403
"637","22064153B59618567090175",1,14620.3736382522,14620.3736382522,9.5901712896292
"638","22064153B5983137694741",2,71472.0082108002,142944.0164216,11.8702083390332
"639","22064153B59967033318464",2,806.910832245632,1613.82166449126,7.38636034984485
"640","22064153B59992096453849",2,1260.63799632047,2521.27599264094,7.83252039864153
"641","22064153B60097307902017",1,54645.3801200366,54645.3801200366,10.9086199542589
"642","22064153B60289676551693",1,2371.60011023426,2371.60011023426,7.77132015831418
"643","22064153B60305206630690",1,108214.706726629,108214.706726629,11.5918725578459
"644","22064153B60310534251699",3,8409.0657817921,25227.1973453763,10.1356779512546
"645","22064153B60374785593421",2,79568.9809596281,159137.961919256,11.9775267900081
"646","22064153B60376459146870",2,1189.62639180176,2379.25278360352,7.77454176090176
"647","22064153B60409495183126",1,74425.734978517,74425.734978517,11.2175570612604
"648","22064153B60457138296150",3,124606.207212439,373818.621637317,12.831525989877
"649","22064153B60540012238661",2,66185.0529617677,132370.105923535,11.7933571109155
"650","22064153B60548593458523",1,213465.087053668,213465.087053668,12.2712285715982
"651","22064153B60558378980420",1,NA,NA,NA
"652","22064153B60613345090189",1,15284.0033371923,15284.0033371923,9.63456202691225
"653","22064153B61048147512310",1,46708.8767962907,46708.8767962907,10.7516895068849
"654","22064153B61069370096712",1,180573.205395912,180573.205395912,12.1038915445942
"655","22064153B61344255457770",1,31802.8280322212,31802.8280322212,10.3673104966449
"656","22064153B61345801484335",1,1720.47775575332,1720.47775575332,7.45035729621081
"657","22064153B61399355999235",2,7165.38294239628,14330.7658847926,9.57016396564612
"658","22064153B61406224805517",2,79337.9828401716,158675.965680343,11.9746194500572
"659","22064153B61450639125107",1,34881.3263453194,34881.3263453194,10.4597069032552
"660","22064153B61544198291555",1,7627.76257278851,7627.76257278851,8.93954984048714
"661","22064153B61546956948147",2,10809.4090693135,21618.818138627,9.98131942451061
"662","22064153B61629539071583",2,5340.48222383972,10680.9644476794,9.27621841252685
"663","22064153B61853178733261",1,35481.3110555252,35481.3110555252,10.4767613877004
"664","22064153B61865595964656",1,19563.1279903907,19563.1279903907,9.88140184851247
"665","22064153B61872750237581",1,9122.56272311667,9122.56272311667,9.11850604393692
"666","22064153B62217916410467",2,16698.9005517107,33397.8011034214,10.4162453415707
"667","22064153B62287563607588",1,14926.7394706472,14926.7394706472,9.61090947891673
"668","22064153B62552817774637",1,412744.709085378,412744.709085378,12.9305845430094
"669","22064153B62697525642711",3,10186.6872041572,30560.0616124716,10.3274492593933
"670","22064153B62717634643612",3,29929.6064650297,89788.8193950891,11.4052157409162
"671","22064153B62984102005508",2,14409.3060360629,28818.6120721258,10.2687767098972
"672","22064153B63008455199942",2,3946.1182677661,7892.2365355322,8.97363483825092
"673","22064153B63068612486986",2,20525.5632041403,41051.1264082806,10.6225735544135
"674","22064153B63121572566835",3,38130.0745695014,114390.223708504,11.6473708971827
"675","22064153B63261606012237",2,55622.8960520634,111245.792104127,11.61949737553
"676","22064153B63372535615325",1,96242.7682272606,96242.7682272606,11.474629114026
"677","22064153B63401696697477",1,51211.4387796496,51211.4387796496,10.8437181997395
"678","22064153B63454017875441",3,16488.9195944884,49466.7587834652,10.809056183245
"679","22064153B6350784980137",1,678737.00520787,678737.00520787,13.4279890048652
"680","22064153B63829453739833",1,NA,NA,NA
"681","22064153B63835909795908",1,208960.578232471,208960.578232471,12.2499008922585
"682","22064153B63840040249051",2,45618.4186342753,91236.8372685506,11.4212140119281
"683","22064153B63858884041047",1,321435.223936669,321435.223936669,12.680551321603
"684","22064153B63881976764969",1,57812.5292093545,57812.5292093545,10.9649607994975
"685","22064153B64007643487677",2,19417.9526674748,38835.9053349496,10.5671004929278
"686","22064153B64052053840652",2,4339.65373120149,8679.30746240298,9.06869701903392
"687","22064153B64118294616923",1,52270.9347738129,52270.9347738129,10.8641957551096
"688","22064153B64380847796562",3,44795.1451015498,134385.435304649,11.8084673329299
"689","22064153B64476610605868",1,119868.257662122,119868.257662122,11.6941485658667
"690","22064153B64690480836823",3,3094.7642638508,9284.2927915524,9.13607930411725
"691","22064153B64872720029218",1,32264.2243916743,32264.2243916743,10.3817142913912
"692","22064153B64891765792099",1,34338.037449776,34338.037449776,10.4440089822585
"693","22064153B64946776552870",1,57611.3028974279,57611.3028974279,10.9614740582913
"694","22064153B65021908380510",3,18123.8576745129,54371.5730235387,10.9035967415504
"695","22064153B65083387274460",2,31903.6272603108,63807.2545206216,11.0636221700885
"696","22064153B6523383930027",3,122495.304748064,367485.914244192,12.8144402683132
"697","22064153B65236790677801",1,193518.30877311,193518.30877311,12.1731274059584
"698","22064153B65355185007631",1,1290.32751199787,1290.32751199787,7.16265135040197
"699","22064153B65398665506308",1,149501.335250274,149501.335250274,11.915060603213
"700","22064153B65405257462177",1,34459.2694804507,34459.2694804507,10.4475333107989
"701","22064153B65475311637837",1,23099.3940673085,23099.3940673085,10.0475616653134
"702","22064153B65650039026669",3,79231.6143496166,237694.84304885,12.3787429579041
"703","22064153B65721710551900",1,89346.2422459991,89346.2422459991,11.4002744631391
"704","22064153B65726287039798",1,37442.6015316609,37442.6015316609,10.5305644135317
"705","22064153B65800581846028",3,9299.42297004461,27898.2689101338,10.2363199196527
"706","22064153B65910039566541",1,72704.1249924807,72704.1249924807,11.194153401836
"707","22064153B66002224145568",1,51956.0968993883,51956.0968993883,10.8581543505533
"708","22064153B66021827430595",3,12780.6496608351,38341.9489825053,10.5542998494888
"709","22064153B6613288399563",1,223147.34327606,223147.34327606,12.3155875644345
"710","22064153B66349136174891",1,60176.6575842788,60176.6575842788,11.0050398083339
"711","22064153B66358962164543",1,144394.761376112,144394.761376112,11.880306226224
"712","22064153B66595558459060",3,51495.6129217581,154486.838765274,11.9478641857061
"713","22064153B66688444605380",3,9157.11145639073,27471.3343691722,10.2208983534164
"714","22064153B6673459285220",3,48754.3657665393,146263.097299618,11.8931623152698
"715","22064153B6679921489494",3,66275.5161565089,198826.548469527,12.2001881078977
"716","22064153B66933042170680",1,7281.01719691557,7281.01719691557,8.89302585628116
"717","22064153B670450203879",3,6910.27382942483,20730.8214882745,9.93937683263667
"718","22064153B67052333434032",3,18735.9848203276,56207.9544609828,10.9368135643178
"719","22064153B67053571560742",2,15064.6840741825,30129.368148365,10.313255661057
"720","22064153B67091834306400",1,19394.5618669593,19394.5618669593,9.87274798961939
"721","22064153B67146630599686",1,233979.375904317,233979.375904317,12.3629882532945
"722","22064153B67163681434847",1,431834.420354947,431834.420354947,12.9757975075379
"723","22064153B67448277745737",1,52085.1237629778,52085.1237629778,10.8606346545889
"724","22064153B67559782883122",1,NA,NA,NA
"725","22064153B67581321748824",1,39290.6598004116,39290.6598004116,10.5787421054991
"726","22064153B67668331145865",1,31187.4127023606,31187.4127023606,10.3477698533673
"727","22064153B67705173205056",1,7944.63333101311,7944.63333101311,8.98025192699496
"728","22064153B67847090482379",1,169769.533329359,169769.533329359,12.0421971099605
"729","22064153B6795873571666",1,451301.379644196,451301.379644196,13.0198906428549
"730","22064153B68061345904698",1,367127.33087294,367127.33087294,12.8134640174707
"731","22064153B68069187412847",2,24861.2077995284,49722.4155990568,10.8142111284963
"732","22064153B6836068570250",1,46484.0184930533,46484.0184930533,10.7468638441796
"733","22064153B68471878713834",3,62749.7590498464,188249.277149539,12.1455223058117
"734","22064153B68559217227558",1,63079.0135479495,63079.0135479495,11.0521434028436
"735","22064153B68664170623687",3,6020.44735758343,18061.3420727503,9.80152913610092
"736","22064153B6874249672824",2,294848.303292868,589696.606585736,13.2873634574964
"737","22064153B68880016704101",1,26833.7069776591,26833.7069776591,10.1974140992749
"738","22064153B68900591559433",1,141810.636225241,141810.636225241,11.8622478989078
"739","22064153B68903426629356",2,34166.9407324049,68333.8814648098,11.1321609908565
"740","22064153B69011593937576",2,117339.894914888,234679.789829776,12.3659772674785
"741","22064153B69084165037525",3,31320.8225082443,93962.4675247329,11.4506506998662
"742","22064153B69171179667980",2,143454.37532008,286908.75064016,12.5669195021671
"743","22064153B69254860271730",3,76325.3995445907,228976.198633772,12.3413733410376
"744","22064153B6927791471577",1,122477.727212725,122477.727212725,11.7156844737643
"745","22064153B69533754697672",1,69583.9663309936,69583.9663309936,11.150289450976
"746","22064153B6965188213643",1,97087.231097608,97087.231097608,11.4833651430329
"747","22064153B69680253088719",1,65250.8019943238,65250.8019943238,11.0859936162102
"748","22064153B69785759438689",2,145131.125715698,290262.251431396,12.5785401085966
"749","22064153B69836136073733",1,111869.578338455,111869.578338455,11.6250889926237
"750","22064153B70117244890923",3,84609.7983270828,253829.394981248,12.4444176470249
"751","22064153B70218534764896",2,14218.3289622385,28436.657924477,10.2554343638079
"752","22064153B70283581599440",2,1192.9401004884,2385.8802009768,7.77732339225099
"753","22064153B70291693279162",3,50633.557240285,151900.671720855,11.9309821106995
"754","22064153B70293086274273",1,18680.6083323504,18680.6083323504,9.83524127722422
"755","22064153B70502530200246",1,85735.7012062775,85735.7012062775,11.3590246013429
"756","22064153B70592042041650",1,30896.7633476196,30896.7633476196,10.3384067113679
"757","22064153B70786941107268",2,18882.6917443678,37765.3834887356,10.539148181303
"758","22064153B70852556389984",1,20449.7202054472,20449.7202054472,9.92572447949213
"759","22064153B7091731953162",1,NA,NA,NA
"760","22064153B71067186574144",1,250170.009253935,250170.009253935,12.4298960027397
"761","22064153B71223857958688",2,32114.3282810467,64228.6565620934,11.0702047539829
"762","22064153B71281946459031",2,185463.256974736,370926.513949472,12.8237592463621
"763","22064153B71321460612085",1,5840.58074606841,5840.58074606841,8.6725855136981
"764","22064153B71727675114303",1,56518.8796986335,56518.8796986335,10.9423300152756
"765","22064153B71803232115030",2,49090.9038067118,98181.8076134236,11.494576218661
"766","22064153B71828449311091",1,15535.2753223599,15535.2753223599,9.65086854438397
"767","22064153B71985542420847",2,342848.371701806,685696.743403612,13.4381907439592
"768","22064153B72254874224731",3,11616.618948205,34849.856844615,10.4588043084217
"769","22064153B72338395356904",1,1253.55076652245,1253.55076652245,7.13373541659672
"770","22064153B72557409137783",1,6837.57751489778,6837.57751489778,8.83018878339691
"771","22064153B72852152827794",2,16610.0836050405,33220.167210081,10.4109124165707
"772","22064153B7294445238824",3,2006.73985742199,6020.21957226597,8.70287901143605
"773","22064153B73176772627279",3,1513.70450058509,4541.11350175527,8.42092752566673
"774","22064153B73325412364778",1,233367.664947674,233367.664947674,12.3603704500241
"775","22064153B73342944647376",1,15766.0204546139,15766.0204546139,9.66561229900667
"776","22064153B73554949432718",2,151492.475219732,302984.950439464,12.6214384147414
"777","22064153B73558398041144",1,9602.7731261949,9602.7731261949,9.16980720305377
"778","22064153B73719790331249",2,548767.252043723,1097534.50408745,13.9085768622413
"779","22064153B73925612476824",3,5434.83344800675,16304.5003440202,9.69919644341289
"780","22064153B74315697961644",2,177616.627613589,355233.255227178,12.7805299096681
"781","22064153B74370220833750",1,7332.00055630414,7332.00055630414,8.90000368483304
"782","22064153B74407470913412",3,22372.4006442486,67117.2019327458,11.1141956527386
"783","22064153B74511540229227",1,NA,NA,NA
"784","22064153B74575036682421",2,68963.7735297594,137927.547059519,11.8344838049596
"785","22064153B74601702876653",2,49036.0821020753,98072.1642041506,11.4934588560959
"786","22064153B7471955547521",3,306117.590304655,918352.770913965,13.7303368778266
"787","22064153B74721517788558",1,11789.3862022381,11789.3862022381,9.37495493129733
"788","22064153B74767559861858",1,21800.4589272198,21800.4589272198,9.98968630026293
"789","22064153B74794903489103",1,11679.9281219756,11679.9281219756,9.36562710242284
"790","22064153B74828925689931",3,1924.04841724743,5772.14525174229,8.66079908446665
"791","22064153B74936950050526",1,9561.18938257637,9561.18938257637,9.16546741071025
"792","22064153B75099650397757",1,38938.5195923581,38938.5195923581,10.5697392605445
"793","22064153B75135560754886",1,26758.4640756436,26758.4640756436,10.1946061163185
"794","22064153B75208844196005",1,9377.10610611273,9377.10610611273,9.14602647692697
"795","22064153B75284693112718",2,3950.42505878006,7900.85011756012,8.97472564248333
"796","22064153B75299838191887",1,411063.774982592,411063.774982592,12.9265036517147
"797","22064153B75302360124634",2,4692.60809860215,9385.2161972043,9.14689098521817
"798","22064153B75384634569664",3,1840.66864762659,5522.00594287977,8.61649646870824
"799","22064153B75480988210132",3,124139.240732571,372417.722197713,12.827771412398
"800","22064153B75512617616301",1,19190.4535323861,19190.4535323861,9.86216822251018
"801","22064153B75558973119201",2,376692.217028586,753384.434057172,13.5323309130991
"802","22064153B75857834624428",1,25055.6285445016,25055.6285445016,10.1288537736687
"803","22064153B75952557144029",2,27645.3965375146,55290.7930750292,10.9203616831435
"804","22064153B76164610245689",2,18538.4647224258,37076.9294448516,10.5207502073203
"805","22064153B76371421200355",1,452340.315602148,452340.315602148,13.0221900861436
"806","22064153B76436938350922",1,31501.6066866149,31501.6066866149,10.3577938294372
"807","22064153B76452428536918",2,31640.2329295118,63280.4658590236,11.0553319642827
"808","22064153B76525796154688",2,1489.96633857484,2979.93267714968,7.99965598768375
"809","22064153B76574269122529",1,10478.5066313785,10478.5066313785,9.2570814507155
"810","22064153B76675545591158",2,90950.0684635045,181900.136927009,12.1112131172657
"811","22064153B76687235436591",2,69705.4015247712,139410.803049542,11.8451802710744
"812","22064153B76748152087135",2,12381.8382046522,24763.6764093044,10.1171331975736
"813","22064153B7677868990473",2,129673.833153945,259347.66630789,12.4659247815046
"814","22064153B76782638383014",2,6134.8168525085,12269.633705017,9.4148826843675
"815","22064153B76952907325958",3,41201.1544872701,123603.46346181,11.7248338451488
"816","22064153B77062639046888",3,4295.16042827706,12885.4812848312,9.46385647472347
"817","22064153B77103081434651",1,6891.23571282273,6891.23571282273,8.83800569666724
"818","22064153B77106068491412",1,345566.751005925,345566.751005925,12.7529411047038
"819","22064153B77183996290647",1,25675.1339886273,25675.1339886273,10.1532782534249
"820","22064153B7763811650899",1,95651.7657194404,95651.7657194404,11.4684694349117
"821","22064153B77987793520078",2,3095.85781509447,6191.71563018894,8.73096748885788
"822","22064153B78137445159293",2,20942.2968306705,41884.593661341,10.6426733452478
"823","22064153B78193536381763",1,1249.42480932758,1249.42480932758,7.13043857185574
"824","22064153B78285272623950",2,6326.35445833432,12652.7089166686,9.44562661484037
"825","22064153B78317231790134",2,29337.6876657948,58675.3753315896,10.9797754174877
"826","22064153B78382308499165",1,43951.23593146,43951.23593146,10.6908360240253
"827","22064153B7839934707198",2,84175.7244597102,168351.44891942,12.0338090311421
"828","22064153B78492538655391",3,8176.97302790205,24530.9190837061,10.1076896042924
"829","22064153B78632499037431",1,78886.9441946246,78886.9441946246,11.2757710203234
"830","22064153B78696629959853",1,60222.5123607902,60222.5123607902,11.0058015208731
"831","22064153B78821925959794",2,4345.34198584076,8690.68397168152,9.07000692306564
"832","22064153B78992229918305",3,8897.76218293251,26693.2865487975,10.192167372652
"833","22064153B79045995074029",1,78125.4392060114,78125.4392060114,11.2660710088598
"834","22064153B79170440452296",3,7416.18214253411,22248.5464276023,10.0100319563638
"835","22064153B79178271585243",2,8138.06632834184,16276.1326566837,9.69745505953588
"836","22064153B7929825119488",1,10872.6350262218,10872.6350262218,9.29400436345394
"837","22064153B79313439986888",1,27064.5865555171,27064.5865555171,10.2059813831313
"838","22064153B79363581484531",1,7059.25390489793,7059.25390489793,8.86209464570992
"839","22064153B79429110732098",1,46510.655886035,46510.655886035,10.747436724162
"840","22064153B79488910412367",1,NA,NA,NA
"841","22064153B79593541155568",3,32861.7598286881,98585.2794860643,11.4986772341719
"842","22064153B79599851642878",2,65532.0112064147,131064.022412829,11.7834412035068
"843","22064153B79630920379478",1,63881.9357911568,63881.9357911568,11.0647919054258
"844","22064153B79650181437953",2,5784.78455958288,11569.5691191658,9.35613357828127
"845","22064153B79836169988029",1,76638.5803672769,76638.5803672769,11.2468558890817
"846","22064153B79919938369804",2,79193.5261948618,158387.052389724,11.9727970150577
"847","22064153B80001974936700",1,29297.9899502438,29297.9899502438,10.2852741902711
"848","22064153B80081213273756",3,3744.19326974853,11232.5798092456,9.32657374612678
"849","22064153B80132847299853",3,45099.5638674585,135298.691602376,11.8152401437675
"850","22064153B80196181684705",1,451385.421904161,451385.421904161,13.0200768475498
"851","22064153B80198673281235",2,48122.0218163601,96244.0436327202,11.4746423658997
"852","22064153B80333600461310",3,16994.6171912158,50983.8515736474,10.8392642257559
"853","22064153B80439011945054",1,24555.5545462555,24555.5545462555,10.108693362061
"854","22064153B80619084323236",2,417161.130383619,834322.260767238,13.6343750105038
"855","22064153B80640640435871",1,1335.0542843444,1335.0542843444,7.19672723243792
"856","22064153B80730466782396",3,2310.56138084856,6931.68414254568,8.84385808467125
"857","22064153B8093767218470",2,3061.40015376251,6122.80030752502,8.71977483744376
"858","22064153B81057246302511",3,11671.7187627712,35015.1562883136,10.4635362835471
"859","22064153B81121179767320",3,2306187.24774286,6918561.74322858,15.7497184654181
"860","22064153B81163718541362",1,47311.4246587934,47311.4246587934,10.7645070814416
"861","22064153B81183812222249",1,NA,NA,NA
"862","22064153B81263079942066",1,186698.238440971,186698.238440971,12.1372488942468
"863","22064153B81276903927902",2,173149.558448196,346299.116896392,12.7550581802758
"864","22064153B81529275129859",1,77419.6047855941,77419.6047855941,11.2569953193084
"865","22064153B81541803695444",2,332336.839002846,664673.678005692,13.4070514894347
"866","22064153B81595625097237",1,16383.8401349641,16383.8401349641,9.70405077040419
"867","22064153B81737939638777",2,4625.42080904387,9250.84161808774,9.13246981210673
"868","22064153B81775396633762",1,10805.1947847143,10805.1947847143,9.28778229605423
"869","22064153B81784837273555",2,6406.2184904368,12812.4369808736,9.4581716173027
"870","22064153B81790310991737",2,5687.97326869536,11375.9465373907,9.33925645243552
"871","22064153B81931446357320",1,49545.9640961359,49545.9640961359,10.8106560853033
"872","22064153B81972245228619",2,12901.5130508862,25803.0261017724,10.1582470547981
"873","22064153B81991171753056",3,6527.48807872995,19582.4642361899,9.8823897629249
"874","22064153B82009101284809",1,170240.386356435,170240.386356435,12.0449667546138
"875","22064153B82042887470941",2,55038.1855842164,110076.371168433,11.6089296872208
"876","22064153B82071564709193",2,116078.279268996,232156.558537992,12.3551672443434
"877","22064153B82107167810847",1,45651.5496869097,45651.5496869097,10.7287928325862
"878","22064153B82157551102424",2,3699.70355851122,7399.40711702244,8.90915515666124
"879","22064153B82247115875791",1,7197.1599943108,7197.1599943108,8.88144178195555
"880","22064153B82319600160004",2,118042.251430513,236084.502861026,12.371945082889
"881","22064153B825337930111",1,41868.2634570383,41868.2634570383,10.6422833835182
"882","22064153B82556228504312",1,56739.3640591426,56739.3640591426,10.9462235003188
"883","22064153B82580623809132",1,82625.4079855044,82625.4079855044,11.3220725149391
"884","22064153B82678654202342",2,10809.3651542555,21618.730308511,9.98131536183273
"885","22064153B82911662838779",2,5529.43330486585,11058.8666097317,9.31098779330913
"886","22064153B83223852380108",3,17380.0259354825,52140.0778064475,10.8616891797466
"887","22064153B83233320380459",1,NA,NA,NA
"888","22064153B8325167179900",1,4973.33736753629,4973.33736753629,8.51184639625613
"889","22064153B833454751178",1,3523.67967618606,3523.67967618606,8.16726108513405
"890","22064153B83500491832850",2,37172.5948438365,74345.189687673,11.2164742515797
"891","22064153B83864123648968",1,25284.9004035779,25284.9004035779,10.1379626745535
"892","22064153B83906852735077",1,6605.02259921923,6605.02259921923,8.79558563848263
"893","22064153B84142752258378",1,11668.3380456097,11668.3380456097,9.36463430259482
"894","22064153B841709119109",2,14572.8411793415,29145.682358683,10.2800620627526
"895","22064153B84193742615733",1,9340.10667732692,9340.10667732692,9.14207295271301
"896","22064153B84219767946861",2,8049.75523418292,16099.5104683658,9.68654414481873
"897","22064153B84245586977349",1,52539.2158341164,52539.2158341164,10.8693151380066
"898","22064153B84489488181314",3,23212.2617439084,69636.7852317252,11.1510482301475
"899","22064153B84575638248633",1,84697.6597326416,84697.6597326416,11.3468432501834
"900","22064153B8461855353098",1,1121.81381684038,1121.81381684038,7.02270213366836
"901","22064153B84652164446594",1,NA,NA,NA
"902","22064153B84687278012023",1,141039.125289493,141039.125289493,11.8567926151913
"903","22064153B84919846771275",1,32815.3731980495,32815.3731980495,10.3986523796315
"904","22064153B85000886785239",2,55133.1285761447,110266.257152289,11.610653239602
"905","22064153B8508267062616",1,106604.096693039,106604.096693039,11.5768772204918
"906","22064153B85234359484130",2,6678.95693293314,13357.9138658663,9.4998642871338
"907","22064153B85239813190769",1,36378.4909554038,36378.4909554038,10.5017329711514
"908","22064153B85252336705750",1,38667.3044570181,38667.3044570181,10.5627496758624
"909","22064153B85437171259684",3,318883.654695068,956650.964085204,13.7711938850848
"910","22064153B85623167351933",2,51307.2802738601,102614.56054772,11.5387351173195
"911","22064153B8564356760578",1,27486.1184351106,27486.1184351106,10.2214363720304
"912","22064153B85719531819289",1,41118.4844423267,41118.4844423267,10.6242130425025
"913","22064153B85897991709250",2,204076.661810355,408153.32362071,12.9193981759817
"914","22064153B85931137925845",2,104131.956724447,208263.913448894,12.2465613690765
"915","22064153B85947434617393",2,360147.454763195,720294.90952639,13.4874160036949
"916","22064153B86012482981038",2,70183.4110327682,140366.822065536,11.8520144325737
"917","22064153B86211377030233",2,85769.7556617561,171539.511323512,12.0525689057792
"918","22064153B86338272521773",3,29368.6101487788,88105.8304463364,11.3862939896021
"919","22064153B86353051825362",1,57793.1631059107,57793.1631059107,10.9646257622993
"920","22064153B86372044923469",2,6010.23275244818,12020.4655048964,9.39436593486812
"921","22064153B86390496434861",1,18746.2005425036,18746.2005425036,9.83874637313162
"922","22064153B86521976602525",1,55489.3603233768,55489.3603233768,10.9239465754715
"923","22064153B8665907160310",1,12343.6059303568,12343.6059303568,9.42089346955065
"924","22064153B8666349443712",2,47596.9579821081,95193.9159642162,11.4636713107984
"925","22064153B86683000647841",3,12378.2109489066,37134.6328467198,10.522305313067
"926","22064153B86856131608768",1,104069.241164074,104069.241164074,11.5528117370138
"927","22064153B86890605661062",1,29135.6464568832,29135.6464568832,10.2797176676572
"928","22064153B87057363105409",1,34308.9526799918,34308.9526799918,10.443161610175
"929","22064153B87137159672256",1,14105.3537393461,14105.3537393461,9.55430970212525
"930","22064153B87243453067492",1,64894.8444869038,64894.8444869038,11.0805234617387
"931","22064153B87267410101558",1,46254.1708749353,46254.1708749353,10.7419069199542
"932","22064153B87269269919659",1,142968.024110448,142968.024110448,11.8703762766189
"933","22064153B87559658215683",1,351774.657299301,351774.657299301,12.7707460714517
"934","22064153B87600766129132",1,63394.268119131,63394.268119131,11.0571287281226
"935","22064153B87658218657394",2,4202.84361043903,8405.68722087806,9.03666380584091
"936","22064153B87695161266591",2,13487.4972009533,26974.9944019066,10.2026655825974
"937","22064153B87793948617144",1,13496.8233323857,13496.8233323857,9.51020962802491
"938","22064153B87894076500012",2,1847.03352742116,3694.06705484232,8.21448331296106
"939","22064153B87971980709236",2,42204.5506705309,84409.1013410618,11.3434305105648
"940","22064153B88045540539043",1,128106.267377233,128106.267377233,11.7606154123495
"941","22064153B88065808639443",1,116225.419278961,116225.419278961,11.6632868540288
"942","22064153B8813975202654",2,1249.59603671292,2499.19207342584,7.82372278799575
"943","22064153B88194855037275",2,4560.19662013348,9120.39324026696,9.11826820058913
"944","22064153B88328488927062",1,41045.6290025541,41045.6290025541,10.6224396293709
"945","22064153B88431886542823",1,11097.4812461803,11097.4812461803,9.31447344679284
"946","22064153B88432688459960",1,218909.041574884,218909.041574884,12.2964115872486
"947","22064153B88453450748284",1,32815.5678911803,32815.5678911803,10.3986583125993
"948","22064153B88498953220491",3,5291.92484801415,15875.7745440424,9.67254961274659
"949","22064153B88515969469898",1,9549.92222574088,9549.92222574088,9.16428828954013
"950","22064153B88577614993358",1,213056.544398461,213056.544398461,12.269312876121
"951","22064153B88833417807281",1,3580.40943685835,3580.40943685835,8.18323244069277
"952","22064153B88871529927936",1,108075.024707361,108075.024707361,11.5905809381489
"953","22064153B88888028347521",1,341039.294184327,341039.294184327,12.739752981839
"954","22064153B88946393629550",1,162337.885406401,162337.885406401,11.9974351545213
"955","22064153B88983601589874",2,107296.841366419,214593.682732838,12.2765016713402
"956","22064153B89149578572225",1,178178.035448182,178178.035448182,12.0905385285554
"957","22064153B89218276356736",1,6106.03870098255,6106.03870098255,8.71703351146382
"958","22064153B89292621442465",1,12848.879220835,12848.879220835,9.46101186635098
"959","22064153B89369754706736",1,77873.6516515579,77873.6516515579,11.2628429416742
"960","22064153B89417284310535",3,6490.82501312025,19472.4750393608,9.87675721095278
"961","22064153B89665543421150",1,38382.935390671,38382.935390671,10.555368248937
"962","22064153B89943083958801",1,346598.380708495,346598.380708495,12.7559219843211
"963","22064153B90058188171402",2,66891.6064427662,133783.212885532,11.8039759545713
"964","22064153B90109297711492",1,11076.8670867681,11076.8670867681,9.31261416641706
"965","22064153B90377794213847",2,19182.1955667647,38364.3911335294,10.554884994123
"966","22064153B90465324055614",3,5645.63943289062,16936.9182986719,9.73725103304244
"967","22064153B90488906209418",3,17605.7397639682,52817.2192919046,10.8745925394806
"968","22064153B90614639681244",1,206476.156483422,206476.156483422,12.2379402197453
"969","22064153B9064679601577",1,52185.1076554525,52185.1076554525,10.8625524392098
"970","22064153B90768154691941",1,1404088.22952509,1404088.22952509,14.1548987031355
"971","22064153B90800139718357",2,16499.2587430286,32998.5174860572,10.4042179147745
"972","22064153B90835968382747",1,101437.18546151,101437.18546151,11.5271950234414
"973","22064153B91116498936181",1,10605.8721990729,10605.8721990729,9.26916310775392
"974","22064153B91306965514227",2,30554.3789009644,61108.7578019288,11.0204104704352
"975","22064153B91415931669835",3,101512.083986233,304536.251958699,12.6265454130973
"976","22064153B91429451718848",3,61277.9051607279,183833.715482184,12.1217869077843
"977","22064153B91537954314769",2,58579.4757621111,117158.951524222,11.6712868518083
"978","22064153B91609112527858",2,5982.60699507688,11965.2139901538,9.389758884859
"979","22064153B91617146751331",2,12699.4382889709,25398.8765779418,10.1424602228136
"980","22064153B91785979325065",1,68579.1525641886,68579.1525641886,11.1357438690463
"981","22064153B92028221048613",2,3477.40341713353,6954.80683426706,8.84718833032225
"982","22064153B92040031890076",3,33665.8130371555,100997.439111467,11.5228504401699
"983","22064153B92046986895255",1,47445.4164260797,47445.4164260797,10.7673352013971
"984","22064153B92307181763302",1,10919.125604307,10919.125604307,9.29827117322723
"985","22064153B92335026142603",2,10655.8516185128,21311.7032370256,9.96701164855405
"986","22064153B92410380662275",2,58100.0234446428,116200.046889286,11.6630685269221
"987","22064153B92561466668703",1,9064.23803241264,9064.23803241264,9.11209206366185
"988","22064153B92569175059493",2,499363.54687699,998727.09375398,13.8142368408849
"989","22064153B92578420514531",2,49749.5467068996,99499.0934137992,11.5079038116861
"990","22064153B92731111025148",1,168876.971444273,168876.971444273,12.0369257491797
"991","22064153B92754256682750",2,37517.2958761252,75034.5917522504,11.225704509551
"992","22064153B92836462541903",2,177668.134891539,355336.269783078,12.7808198589355
"993","22064153B92910812775945",1,33292.508575327,33292.508575327,10.4130876829516
"994","22064153B93482560698592",1,161875.955838258,161875.955838258,11.9945856162108
"995","22064153B93596873224412",1,9422.26093903257,9422.26093903257,9.15083035353077
"996","22064153B93622399148332",1,NA,NA,NA
"997","22064153B93627159122123",1,21796.5950053226,21796.5950053226,9.98950904416148
"998","22064153B93672474053317",1,83893.7920622918,83893.7920622918,11.3373068976116
"999","22064153B93848225384544",3,997.445296817169,2992.33589045151,8.0038095956448
"1000","22064153B93879560819561",3,78598.6741146181,235796.022343854,12.3707223981724
"1001","22064153B94090813781135",1,67353.4513072758,67353.4513072758,11.1177094248801
"1002","22064153B94269242958702",3,1649.56717807919,4948.70153423757,8.50688050483615
"1003","22064153B94408757822764",1,73256.9879153081,73256.9879153081,11.2017289204904
"1004","22064153B94443438334718",1,9610.01072714381,9610.01072714381,9.17056061821177
"1005","22064153B9452209011947",1,35978.3478999539,35978.3478999539,10.4906725892728
"1006","22064153B94546008893",1,2467.04635645628,2467.04635645628,7.81077690697149
"1007","22064153B9474359651692",1,274633.478324892,274633.478324892,12.5231926815814
"1008","22064153B94848562576718",3,82712.5235053708,248137.570516112,12.42173859117
"1009","22064153B94990135039499",2,16528.3603121354,33056.7206242708,10.4059801717867
"1010","22064153B95018112275614",1,865538.242497159,865538.242497159,13.6711068380609
"1011","22064153B95037722693010",2,116907.267719816,233814.535439632,12.3622834964881
"1012","22064153B95388461124704",1,54255.169440214,54255.169440214,10.9014535560835
"1013","22064153B95595404063006",1,25240.9568774865,25240.9568774865,10.1362232270889
"1014","22064153B95599373690567",1,34929.3042974557,34929.3042974557,10.4610814205529
"1015","22064153B95660884775900",2,54311.3924368479,108622.784873696,11.5956364699427
"1016","22064153B95692403593429",2,15006.7565327753,30013.5130655506,10.309402994747
"1017","22064153B95784348499714",2,1326.52037103147,2653.04074206294,7.88346171099794
"1018","22064153B9578504350076",3,22264.9375393968,66794.8126181904,11.1093807010931
"1019","22064153B95834507403925",2,24457.4644321931,48914.9288643862,10.7978379226205
"1020","22064153B96065256406270",3,161619.038721537,484857.116164611,13.0916095206686
"1021","22064153B96177150781440",3,39051.808380881,117155.425142643,11.6712567522332
"1022","22064153B96374809115220",1,89103.7485986022,89103.7485986022,11.3975566843876
"1023","22064153B96463446975181",3,658.992472976232,1976.9774189287,7.58932440121803
"1024","22064153B96670024597495",2,9001.77741661035,18003.5548332207,9.79832450811406
"1025","22064153B96726599318937",2,140544.223706677,281088.447413354,12.5464246582676
"1026","22064153B96832433526360",1,38110.0686308254,38110.0686308254,10.5482337947276
"1027","22064153B96844374642874",1,30119.8469671186,30119.8469671186,10.312939601128
"1028","22064153B96866391217201",2,553.41747294564,1106.83494589128,7.00925982122286
"1029","22064153B96973201528361",2,15383.0651685947,30766.1303371894,10.3341696995102
"1030","22064153B97059212130214",1,9007.78910993569,9007.78910993569,9.1058449386862
"1031","22064153B97121686045482",1,87462.7352749844,87462.7352749844,11.3789680990604
"1032","22064153B97335356497134",2,39295.2874677469,78590.5749354938,11.2720070594651
"1033","22064153B9735702870104",2,7524.20453936607,15048.4090787321,9.61902755553508
"1034","22064153B9766515498802",1,11574.3278037077,11574.3278037077,9.35654480415432
"1035","22064153B97971723277655",1,46307.3866740277,46307.3866740277,10.7430567667451
"1036","22064153B97991398929026",1,109436.409326453,109436.409326453,11.6030989228011
"1037","22064153B98039049640163",1,25035.2590248234,25035.2590248234,10.1280404712183
"1038","22064153B98075085075201",2,20239.2798798932,40478.5597597864,10.6085277242717
"1039","22064153B98075236396986",1,19731.2240130257,19731.2240130257,9.88995763525891
"1040","22064153B98214763966062",1,41492.7586317259,41492.7586317259,10.6332742001917
"1041","22064153B98286353198048",2,21583.6306604368,43167.2613208736,10.6728376471319
"1042","22064153B98376857578372",2,180555.166263929,361110.332527858,12.7969388208907
"1043","22064153B98470521776341",2,38437.3492501514,76874.6985003028,11.2499320831538
"1044","22064153B98524881457681",1,45883.191162615,45883.191162615,10.7338541233715
"1045","22064153B98586949773081",1,7851.20621967942,7851.20621967942,8.96842245753007
"1046","22064153B98590992450461",2,659739.082260697,1319478.16452139,14.092746886491
"1047","22064153B98871481609914",1,25456.8693879296,25456.8693879296,10.1447409025686
"1048","22064153B990494098117",3,280393.123558133,841179.370674399,13.6425601988229
"1049","22064153B99270011132036",2,64872.4710267001,129744.9420534,11.7733258180209
"1050","22064153B99518107679078",2,4013.98630121923,8027.97260243846,8.99068729715984
"1051","22064153B99520360805383",1,41956.5160156199,41956.5160156199,10.6443890279767
"1052","22064153B99534934631305",1,26523.0839508863,26523.0839508863,10.1857707252797
"1053","22064153B99607574658792",1,54936.2819146561,54936.2819146561,10.9139292819798
"1054","22064153B99641769976782",1,13849.1147706352,13849.1147706352,9.5359765940952
"1055","22064153B99767339475906",2,16073.1524177949,32146.3048355898,10.3780527879308
"1056","22064153B99823885045557",3,5251.63588017687,15754.9076405306,9.66490719194192
"1057","22064153B99847717856531",1,12348.1965349909,12348.1965349909,9.42126530183738
"1058","22064153B99857415229909",3,16397.7987499913,49193.3962499739,10.8035146709102
"1059","22064153B99919647628025",1,473666.791821597,473666.791821597,13.0682593826368
"1060","244011B10209439874100",1,523.854881053279,523.854881053279,6.26121470141001
"1061","244011B18273074009309",1,57.8070494389278,57.8070494389278,4.0571107308527
"1062","244011B21062297179388",1,1779.48082386479,1779.48082386479,7.48407692875551
"1063","244011B24957701647142",1,431.676871361008,431.676871361008,6.06767732540465
"1064","244011B25721014671193",1,15310.2340244851,15310.2340244851,9.63627677426221
"1065","244011B2873245088627",1,1374.88469950929,1374.88469950929,7.22612515168232
"1066","244011B29431294757890",1,651.867564308634,651.867564308634,6.47984141906852
"1067","244011B30892314657027",1,5811.51554692471,5811.51554692471,8.66759666728017
"1068","244011B31453435550318",1,214.251107042899,214.251107042899,5.36714872452591
"1069","244011B4103585132621",1,33372.9080602822,33372.9080602822,10.4154997138964
"1070","244011B41148599816454",1,6113.96716303797,6113.96716303797,8.71833113165421
"1071","244011B4203273652382",1,2695.84230189622,2695.84230189622,7.89946597695946
"1072","244011B42175048354153",1,204.853463938237,204.853463938237,5.32229491348251
"1073","244011B44443724675216",1,8587.17908020973,8587.17908020973,9.05802556525993
"1074","244011B48140939724428",1,16116.1665873713,16116.1665873713,9.68757818302694
"1075","244011B48219786980381",1,114040.755286868,114040.755286868,11.6443111660042
"1076","244011B50787148750106",1,3552.37055952406,3552.37055952406,8.175370422861
"1077","244011B51739533992730",1,2446.7445049467,2446.7445049467,7.80251364644531
"1078","244011B53257850023541",1,894.883676823966,894.883676823966,6.79669373979893
"1079","244011B57462919825437",1,1634.02892677929,1634.02892677929,7.39880397831055
"1080","244011B58365339597746",1,370.474919324741,370.474919324741,5.91478574831454
"1081","244011B59191424948734",1,486.055762953311,486.055762953311,6.18632335590558
"1082","244011B64056494481770",1,977.306358267297,977.306358267297,6.88480017327604
"1083","244011B64770191202242",1,593.701003884777,593.701003884777,6.3863758321709
"1084","244011B6689541001554",1,494.807396817183,494.807396817183,6.20416858951165
"1085","244011B70204278120324",1,348.366392640969,348.366392640969,5.85325477833067
"1086","244011B74100778143587",1,452.40517633382,452.40517633382,6.11457818611687
"1087","244011B76002453234506",1,3063.11831389451,3063.11831389451,8.02718873288877
"1088","244011B84342259441214",1,123.467157549853,123.467157549853,4.81597518993175
"1089","244011B85031335132444",1,664.440379887365,664.440379887365,6.49894515236337
"1090","244011B85072287894251",1,837.003372972428,837.003372972428,6.72982810031699
"1091","244011B85102906551816",1,991.282717277218,991.282717277218,6.89899977848479
"1092","244011B92465939344192",1,8764.83754235563,8764.83754235563,9.0785032623696
"1093","244011B93058264602287",1,2198.43878961544,2198.43878961544,7.6955027463481
"1094","244011B94929237668673",1,1776.99005986942,1776.99005986942,7.48267623436828
"1095","244011B9807446828123",1,17839.3349670455,17839.3349670455,9.78916112780719
"1096","244011B99927833063684",1,26063.416565088,26063.416565088,10.1682879458878
"1097","25037944B15390433377666",1,28535.4476895867,28535.4476895867,10.2589023719869
"1098","25037944B25466476596436",1,1078.20889943444,1078.20889943444,6.9830565169572
"1099","25037944B34353436415485",1,157698.800205999,157698.800205999,11.9684421648436
"1100","25037944B35622910690770",1,6585.01818207139,6585.01818207139,8.79255237530818
"1101","25037944B36323732446250",1,2431.99461225052,2431.99461225052,7.79646702772609
"1102","25037944B52215188187413",1,2180.05044979189,2180.05044979189,7.68710329762173
"1103","25037944B55743987265110",1,21725.8629015557,21725.8629015557,9.9862586686339
"1104","25037944B5935933559707",1,25535.0309829644,25535.0309829644,10.1478065524338
"1105","25037944B68165922230856",1,2582.7177034682,2582.7177034682,7.85659749694445
"1106","25037944B81164112312357",1,1.238076207757,1.238076207757,0.213558729522122
"1107","25037944B87142005071762",1,32907.5389154686,32907.5389154686,10.4014570568703
"1108","25037944B93362533996498",1,11847.2839057763,11847.2839057763,9.3798539140279
"1109","25037944B93557893838922",1,187820.174644951,187820.174644951,12.143240266211
"1110","2640588B11276327116073",1,2950783.5712829,2950783.5712829,14.89758131043
"1111","2640588B11290582279728",1,624769.27566499,624769.27566499,13.3451377016266
"1112","2640588B11393510524278",1,250177.970559187,250177.970559187,12.4299278258132
"1113","2640588B12869096786612",1,4711598.74131018,4711598.74131018,15.3655378439197
"1114","2640588B14186532473464",1,275245.091443682,275245.091443682,12.5254172213421
"1115","2640588B17055181338626",1,820150.535114631,820150.535114631,13.6172431817999
"1116","2640588B19040020708567",1,1218363.13074246,1218363.13074246,14.0130188197166
"1117","2640588B20595662599865",1,2496071.64142517,2496071.64142517,14.7302287105536
"1118","2640588B20861121251971",1,3162664.45562808,3162664.45562808,14.9669254124455
"1119","2640588B22535822566030",1,238697.574686349,238697.574686349,12.3829526517657
"1120","2640588B23016389281073",2,668624.764438026,1337249.52887605,14.1061254720854
"1121","2640588B24165862747597",1,123948.081634879,123948.081634879,11.7276180604164
"1122","2640588B24635602844812",1,171734.502824857,171734.502824857,12.0537049750083
"1123","2640588B29584406601254",2,3129763.84297568,6259527.68595136,15.6496152907013
"1124","2640588B33083527354868",1,1261113.31400432,1261113.31400432,14.0475054713415
"1125","2640588B34650846802583",1,1942209.00844081,1942209.00844081,14.4793365473979
"1126","2640588B36383122170471",2,228594.038986473,457188.077972946,13.0328501343881
"1127","2640588B36426397400836",1,2855418.64632842,2855418.64632842,14.8647290265143
"1128","2640588B43067672764099",2,3342000.92617205,6684001.8523441,15.7152274458285
"1129","2640588B45258001695711",1,616995.416204557,616995.416204557,13.3326168736939
"1130","2640588B46982966730152",1,2204190.35754605,2204190.35754605,14.6058708146479
"1131","2640588B50983171828902",1,259519.24250213,259519.24250213,12.4665861310629
"1132","2640588B52568839586340",1,1698039.42114063,1698039.42114063,14.3449848618034
"1133","2640588B57655195310467",2,2071122.24374613,4142244.48749226,15.2367483456303
"1134","2640588B63294043497895",2,2601855.87496358,5203711.74992716,15.4648827269819
"1135","2640588B63893974857560",1,903898.729019308,903898.729019308,13.7144726076779
"1136","2640588B64856500371355",2,2202899.04475746,4405798.08951492,15.2984319790381
"1137","2640588B65314213268917",1,1585675.44371738,1585675.44371738,14.2765210219742
"1138","2640588B67488359993346",2,915166.018789786,1830332.03757957,14.4200079496594
"1139","2640588B69318666079956",1,710328.488789099,710328.488789099,13.4734828022896
"1140","2640588B69436428808540",1,168121.310304813,168121.310304813,12.032441082955
"1141","2640588B70472166839855",1,3231059.26713382,3231059.26713382,14.9883205879172
"1142","2640588B74898440822212",2,612304.513686816,1224609.02737363,14.0181321896905
"1143","2640588B80128813909947",1,1327977.05374246,1327977.05374246,14.0991673300608
"1144","2640588B8238689001419",2,802199.899716024,1604399.79943205,14.2882602878668
"1145","2640588B82697045094820",2,1320314.78025807,2640629.56051614,14.7865279165856
"1146","2640588B89959078713723",2,590638.348839619,1181276.69767924,13.9821063587446
"1147","2640588B94499067384006",2,459420.806253733,918841.612507466,13.7308690388319
"1148","2640588B97763445928490",1,812395.728676579,812395.728676579,13.607742851014
"1149","48082658B12474943410263",1,3748.3274821845,3748.3274821845,8.22906501472395
"1150","48082658B13739269194746",1,4154.42612504837,4154.42612504837,8.33192958103536
"1151","48082658B15752007893328",1,4923.89146691747,4923.89146691747,8.50185444541184
"1152","48082658B34496181007538",1,297.493453906179,297.493453906179,5.69539222106689
"1153","48082658B37822051650309",1,2515.33460015325,2515.33460015325,7.830161115495
"1154","48082658B41580202055285",1,15125.3071461437,15125.3071461437,9.62412458987591
"1155","48082658B47092597141072",1,177.056811959267,177.056811959267,5.17647065259477
"1156","48082658B47865873518539",1,85.9694758664966,85.9694758664966,4.45399230146539
"1157","48082658B54870744689581",1,2813.98245818129,2813.98245818129,7.94235600388848
"1158","48082658B55363984375879",1,3513.1723473129,3513.1723473129,8.16427471092947
"1159","48082658B58897341989636",1,847.49832427527,847.49832427527,6.74228886199633
"1160","48082658B59083030943668",1,893.289968298122,893.289968298122,6.79491124070868
"1161","48082658B59364107477614",1,3183.85816005748,3183.85816005748,8.06584899825135
"1162","48082658B68963423411416",1,2196.50841669405,2196.50841669405,7.69462429527467
"1163","48082658B69213589871259",1,4587.87947571927,4587.87947571927,8.43117320844459
"1164","48082658B71435976816388",1,570.196892172575,570.196892172575,6.34598172604733
"1165","48082658B76905372739919",1,32310.4211924298,32310.4211924298,10.383145094711
"1166","48082658B84329148637899",1,1857.62757261552,1857.62757261552,7.52705545397275
"1167","48082658B87920107186750",1,8689.16007482246,8689.16007482246,9.06983155936746
"1168","48082658B99932543232342",1,1745.21160149078,1745.21160149078,7.46463108888423
"1169","50627088B11126229802740",1,6023.38276195506,6023.38276195506,8.70340430107515
"1170","50627088B12095165689012",1,27267.0196287126,27267.0196287126,10.2134331786573
"1171","50627088B14334632848246",1,5272.02248559605,5272.02248559605,8.57016934127113
"1172","50627088B15392276223600",1,45631.4706228873,45631.4706228873,10.7283529027005
"1173","50627088B15605967871825",1,29114.5547413589,29114.5547413589,10.2789934910531
"1174","50627088B16530666088464",1,32570.6202170702,32570.6202170702,10.3911659406763
"1175","50627088B1685589835575",1,3365.99452176619,3365.99452176619,8.12147874722898
"1176","50627088B16935461060546",1,8816.0664525449,8816.0664525449,9.0843310690849
"1177","50627088B17186904651787",1,4680.20946082023,4680.20946082023,8.45109814449567
"1178","50627088B19134439985606",1,286799.252074435,286799.252074435,12.5665377798745
"1179","50627088B20812688869072",1,3789.9072312916,3789.9072312916,8.24009682054513
"1180","50627088B21176552123181",2,79135.1264036431,158270.252807286,11.9720593116426
"1181","50627088B22623641614442",1,29152.7935886116,29152.7935886116,10.2803060221306
"1182","50627088B24932390354910",1,15443.6186917864,15443.6186917864,9.64495116734781
"1183","50627088B25667047136129",1,10200.8339244546,10200.8339244546,9.23022475322989
"1184","50627088B26783383987854",1,13152.171175384,13152.171175384,9.48434213237124
"1185","50627088B2703983374094",1,6003.49328948018,6003.49328948018,8.70009679370221
"1186","50627088B28272611145429",1,51808.1535428955,51808.1535428955,10.8553028201638
"1187","50627088B31860900059957",1,7115.76818774043,7115.76818774043,8.87006847205225
"1188","50627088B32232692879146",1,16070.1794504805,16070.1794504805,9.68472062546949
"1189","50627088B33975592508393",1,10697.9343625277,10697.9343625277,9.27780595158235
"1190","50627088B3562448791337",1,10037.4131143425,10037.4131143425,9.2140747021122
"1191","50627088B36163788288008",1,55247.009632521,55247.009632521,10.919569493617
"1192","50627088B36255961277224",1,16700.5789404218,16700.5789404218,9.72319866489508
"1193","50627088B38884346620814",1,12125.3461958099,12125.3461958099,9.40305326762982
"1194","50627088B39199375573066",1,4559.70865611858,4559.70865611858,8.42501400926524
"1195","50627088B39502815405022",1,2418.53297180205,2418.53297180205,7.790916425332
"1196","50627088B39564204032097",1,43298.569290505,43298.569290505,10.675874871655
"1197","50627088B39624413829730",1,5199.1743542263,5199.1743542263,8.55625511392955
"1198","50627088B42796639886072",1,66964.0185858659,66964.0185858659,11.1119107180858
"1199","50627088B45724771957529",1,9759.37398806331,9759.37398806331,9.18598353678276
"1200","50627088B48570898025332",1,20096.8099284685,20096.8099284685,9.90831637142496
"1201","50627088B48919250536034",1,1187.63200744584,1187.63200744584,7.07971669389544
"1202","50627088B5493322532646",1,31617.4744107567,31617.4744107567,10.3614652344158
"1203","50627088B55263870930805",1,5007.09337973839,5007.09337973839,8.51861086199394
"1204","50627088B56392169999769",1,21383.3057321693,21383.3057321693,9.97036579059554
"1205","50627088B58610897814329",1,36099.474328028,36099.474328028,10.4940335826645
"1206","50627088B58931459809132",1,16320.2094528254,16320.2094528254,9.70015946255494
"1207","50627088B62824552173050",1,10563.1374388632,10563.1374388632,9.26512561908597
"1208","50627088B64168457575480",1,311638.526372221,311638.526372221,12.6495992258116
"1209","50627088B64633222678632",1,9016.62140249272,9016.62140249272,9.10682497553766
"1210","50627088B64715613220585",1,200977.201550542,200977.201550542,12.2109467554864
"1211","50627088B65029652077397",1,15851.8916419645,15851.8916419645,9.67104411868038
"1212","50627088B65715606255874",1,35102.9948211433,35102.9948211433,10.4660417283539
"1213","50627088B65842169677183",1,3481.38400373716,3481.38400373716,8.15518519592927
"1214","50627088B67478118137256",1,242126.221745698,242126.221745698,12.3972144466261
"1215","50627088B69008234776647",1,3604.14508057604,3604.14508057604,8.18983987334975
"1216","50627088B69738836017174",1,20759.7032237096,20759.7032237096,9.94076904159525
"1217","50627088B71136761933939",1,301780.260282173,301780.260282173,12.6174544165571
"1218","50627088B71737846515518",1,3431.31081359464,3431.31081359464,8.14069762855277
"1219","50627088B72731607601772",1,19304.2355466998,19304.2355466998,9.86807980919374
"1220","50627088B73039114437677",1,2943.46540746589,2943.46540746589,7.98734287622188
"1221","50627088B73077765096958",1,1503.54626701963,1503.54626701963,7.31558177483148
"1222","50627088B75957379157629",1,11372.7515989851,11372.7515989851,9.33897556265383
"1223","50627088B7685110871098",1,21694.3634824857,21694.3634824857,9.98480775843748
"1224","50627088B79623688791809",1,10958.9812821639,10958.9812821639,9.30191460747433
"1225","50627088B8337648653964",1,4600.91387840756,4600.91387840756,8.4340102319641
"1226","50627088B83816556516",1,8342.2414741755,8342.2414741755,9.02908722113433
"1227","50627088B84369404768705",1,1002.80113711987,1002.80113711987,6.91055250022832
"1228","50627088B84554678203253",1,65471.5745843052,65471.5745843052,11.0893713516165
"1229","50627088B85326634541004",1,4631.61236987471,4631.61236987471,8.44066033049081
"1230","50627088B85628138735153",1,25520.0310508389,25520.0310508389,10.1472189541836
"1231","50627088B85830591431491",1,20351.3952156635,20351.3952156635,9.92090474948681
"1232","50627088B87569802470546",1,67209.2861016922,67209.2861016922,11.1155667030015
"1233","50627088B88355080019146",1,90409.2714652378,90409.2714652378,11.4121021015775
"1234","50627088B89189510958197",1,20763.0345521622,20763.0345521622,9.94092949963045
"1235","50627088B9042251287678",1,6062.80678857918,6062.80678857918,8.7099281382671
"1236","50627088B91414263136066",1,24397.7922550139,24397.7922550139,10.1022479258357
"1237","50627088B94686315759105",1,10827.8952084161,10827.8952084161,9.28988097285361
"1238","50627088B98184745232294",1,6757.22499183957,6757.22499183957,8.81836758059137
"1239","52423323B10350916691509",1,197257.612363267,197257.612363267,12.1922658304261
"1240","52423323B12414310346130",1,95175.849545336,95175.849545336,11.4634815073505
"1241","52423323B12833551098527",1,119560.629167367,119560.629167367,11.6915788787407
"1242","52423323B18388852349045",1,392920.336630728,392920.336630728,12.8813621645296
"1243","52423323B18524543454126",1,2384.73715540245,2384.73715540245,7.77684418987073
"1244","52423323B19363512128609",1,37676.4119773128,37676.4119773128,10.5367895006242
"1245","52423323B20033821816181",1,21663.8650483029,21663.8650483029,9.98340094638605
"1246","52423323B21015613646613",1,461002.180044225,461002.180044225,13.0411580509139
"1247","52423323B21555121079401",1,25026.3295818697,25026.3295818697,10.1276837329167
"1248","52423323B24644642941407",1,215586.02401183,215586.02401183,12.281115292223
"1249","52423323B25569178497638",1,91514.7183338617,91514.7183338617,11.4242550944354
"1250","52423323B28238125667725",1,21940.4269390819,21940.4269390819,9.99608619303287
"1251","52423323B30660787387820",1,311462.635040724,311462.635040724,12.6490346582997
"1252","52423323B32700923685802",1,10402.5119375825,10402.5119375825,9.24980258842505
"1253","52423323B33049838557264",2,889.974724048193,1779.94944809639,7.484340242937
"1254","52423323B33793433125252",1,14506.5630357728,14506.5630357728,9.58235644916245
"1255","52423323B36348632800300",1,21616.6776492063,21616.6776492063,9.98122040913524
"1256","52423323B3800654156797",1,44464.1811660071,44464.1811660071,10.7024392264164
"1257","52423323B38780973615632",1,182240.672122482,182240.672122482,12.1130834667914
"1258","52423323B39402203079771",1,4268.03593290876,4268.03593290876,8.35890903153071
"1259","52423323B40320593937866",1,161084.086292514,161084.086292514,11.9896817827372
"1260","52423323B42356104193293",1,184209.239261016,184209.239261016,12.1238275604
"1261","52423323B44486980116087",1,46574.9477960056,46574.9477960056,10.7488180746105
"1262","52423323B45605902717918",1,12155.8200674174,12155.8200674174,9.40556335197068
"1263","52423323B46156622998042",1,42433.0681038754,42433.0681038754,10.65568324536
"1264","52423323B47128133018764",1,241184.767228485,241184.767228485,12.3933185877301
"1265","52423323B49434157073126",1,1798.98190823421,1798.98190823421,7.49497617733199
"1266","52423323B49517709144014",1,173649.781933729,173649.781933729,12.064795802391
"1267","52423323B51150866941712",1,5198.21563305528,5198.21563305528,8.55607069819158
"1268","52423323B51899565145561",1,59892.9590130642,59892.9590130642,11.0003142315028
"1269","52423323B52623684418934",1,58294.4249593796,58294.4249593796,10.9732617409973
"1270","52423323B57598865741188",1,12987.4747949011,12987.4747949011,9.47174069468576
"1271","52423323B58805530467838",1,164614.388705277,164614.388705277,12.011360979597
"1272","52423323B59070607035282",1,24317.6033546285,24317.6033546285,10.0989557849506
"1273","52423323B59284003127327",1,72249.5801785956,72249.5801785956,11.1878817952809
"1274","52423323B60127042569296",1,232976.364956497,232976.364956497,12.3586922894477
"1275","52423323B63255212949591",1,83287.7236582793,83287.7236582793,11.3300564422435
"1276","52423323B63825786634762",1,11757.8000972108,11757.8000972108,9.37227213738978
"1277","52423323B64112119736585",1,58042.9794690135,58042.9794690135,10.9689390404327
"1278","52423323B64374819566346",1,34326.2162351131,34326.2162351131,10.4436646629323
"1279","52423323B65063199058226",1,91369.6524431571,91369.6524431571,11.4226686721456
"1280","52423323B66062574427882",1,62191.8782208762,62191.8782208762,11.0379796949745
"1281","52423323B67039522895977",1,135161.852063827,135161.852063827,11.8142282434854
"1282","52423323B68904174883849",1,10180.626580035,10180.626580035,9.22824183831205
"1283","52423323B69937594660811",1,102659.745201993,102659.745201993,11.5391753541513
"1284","52423323B70191096340294",1,56242.3912634584,56242.3912634584,10.9374260444899
"1285","52423323B7185899041346",1,15142.1346745351,15142.1346745351,9.62523651272851
"1286","52423323B72025487819763",1,63783.6448927622,63783.6448927622,11.0632520868265
"1287","52423323B73755605771607",1,12314.51177008,12314.51177008,9.41853366462705
"1288","52423323B7621511423784",1,65646.1631562772,65646.1631562772,11.0920344340973
"1289","52423323B7774526001257",1,53227.4825596792,53227.4825596792,10.882330131411
"1290","52423323B7787272397887",1,21843.1364266425,21843.1364266425,9.99164202882652
"1291","52423323B8015598177606",1,35242.8144880758,35242.8144880758,10.4700169431514
"1292","52423323B80658823199099",1,59847.9283296484,59847.9283296484,10.9995620960119
"1293","52423323B81362152802157",1,34851.4475352835,34851.4475352835,10.4588499514892
"1294","52423323B84079682288186",1,15511.645901946,15511.645901946,9.649346369299
"1295","52423323B84526796546447",1,183981.920131283,183981.920131283,12.1225927716072
"1296","52423323B84884093129235",1,12855.352718858,12855.352718858,9.46151555758557
"1297","52423323B87493021835120",1,6357.08892177045,6357.08892177045,8.75732583484714
"1298","52423323B89464999427747",1,32615.7187879864,32615.7187879864,10.3925496225581
"1299","52423323B94499029324325",1,21333.8147162633,21333.8147162633,9.96804863824396
"1300","52423323B95364314409049",1,48047.5276581821,48047.5276581821,10.7799459595509
"1301","52423323B9721740762179",1,128774.891503416,128774.891503416,11.7658211319051
"1302","52423323B99063612255377",1,121716.380025984,121716.380025984,11.7094488633944
"1303","52472329B16958301240037",1,1740.03978012573,1740.03978012573,7.46166325408846
"1304","52472329B19766585583682",1,3020.12830664552,3020.12830664552,8.01305459511064
"1305","52472329B22687598135129",1,2659.81285924129,2659.81285924129,7.88601104563212
"1306","52472329B33043462803625",1,3121.37406691486,3121.37406691486,8.0460285899157
"1307","52472329B33869241417022",1,1778.62250771987,1778.62250771987,7.48359447162508
"1308","52472329B35296791475509",1,1768.1528322751,1768.1528322751,7.47769068305607
"1309","52472329B55778484611891",1,13593.0534227611,13593.0534227611,9.5173141634946
"1310","52472329B57902249562742",1,2012.89570368049,2012.89570368049,7.60732961291179
"1311","52472329B65639645183115",1,3829.28502439678,3829.28502439678,8.25043338704505
"1312","52472329B68765441097226",1,2478.02285919055,2478.02285919055,7.81521628700148
"1313","52472329B72200716330993",1,2215.75838767846,2215.75838767846,7.70335001109186
"1314","52472329B86967002358759",1,1249.11076888882,1249.11076888882,7.1301871922531
"1315","52472329B95288510107666",1,5059.3888442636,5059.3888442636,8.52900097322072
"1316","52472329B96254136738283",1,2704.76179828872,2704.76179828872,7.90276912762073
"1317","52511910B10215199478646",1,43546.2174874883,43546.2174874883,10.6815781240307
"1318","52511910B10855589670933",1,24900.1471413382,24900.1471413382,10.122628991726
"1319","52511910B1114695065436",1,225306.120223675,225306.120223675,12.3252152908258
"1320","52511910B11437294536827",1,112678.381443037,112678.381443037,11.6322928576968
"1321","52511910B1170609292065",2,24477.7365188419,48955.4730376838,10.7986664504457
"1322","52511910B12166681712059",1,6689.94233689661,6689.94233689661,8.80836053378716
"1323","52511910B12217989868885",1,27433.9556216984,27433.9556216984,10.2195367813983
"1324","52511910B12239492719020",1,23001.8005152222,23001.8005152222,10.0433277751178
"1325","52511910B12240276172675",1,38359.5952255963,38359.5952255963,10.5547599769499
"1326","52511910B1240337598967",2,24369.8845884136,48739.7691768272,10.7942505913622
"1327","52511910B1281835166424",1,4106.41727282934,4106.41727282934,8.32030621755649
"1328","52511910B1289591480139",1,8636.43218750297,8636.43218750297,9.06374483525315
"1329","52511910B132067886793",2,19853.0098883784,39706.0197767568,10.5892580868367
"1330","52511910B13267113488931",1,14420.1316931179,14420.1316931179,9.57638054346838
"1331","52511910B1345857498627",1,2398.99937312977,2398.99937312977,7.78280700153485
"1332","52511910B13500089926277",1,22798.067350165,22798.067350165,10.0344310460061
"1333","52511910B1376149917055",1,23174.8720901771,23174.8720901771,10.0508238711169
"1334","52511910B14295991899678",1,29703.8877907315,29703.8877907315,10.2990332182687
"1335","52511910B1429973809191",1,15168.1485872135,15168.1485872135,9.62695302054476
"1336","52511910B1435450581762",1,2998.25896334967,2998.25896334967,8.00578705363448
"1337","52511910B14571669428725",1,7286.36540725695,7286.36540725695,8.89376012828142
"1338","52511910B14763561478876",1,12655.16376193,12655.16376193,9.44582061338779
"1339","52511910B14816404731270",2,87522.0580622941,175044.116124588,12.0727933132763
"1340","52511910B14944460308189",1,18634.771450133,18634.771450133,9.83278454728934
"1341","52511910B14985671444346",2,137530.505480997,275061.010961994,12.5247482100855
"1342","52511910B15112316927565",1,35010.4175385575,35010.4175385575,10.4634009401432
"1343","52511910B15727969780764",1,74160.2312262914,74160.2312262914,11.213983318173
"1344","52511910B16211515353621",2,14338.8834457392,28677.7668914784,10.2638774287629
"1345","52511910B16548233454257",1,3957.54508756915,3957.54508756915,8.28337918463257
"1346","52511910B16992601244944",1,77409.6677967131,77409.6677967131,11.2568669587119
"1347","52511910B1724778943765",1,6354.1607285628,6354.1607285628,8.75686511015996
"1348","52511910B17356876538254",1,51397.0626980128,51397.0626980128,10.8473363038573
"1349","52511910B17390178466990",1,8756.10132751315,8756.10132751315,9.07750603092768
"1350","52511910B17490321584859",1,157727.881497207,157727.881497207,11.9686265581937
"1351","52511910B17517272780410",1,287466.999797747,287466.999797747,12.5688633493192
"1352","52511910B17799667237096",1,9820.63780027061,9820.63780027061,9.19224134835047
"1353","52511910B18270670997793",1,21883.0983850274,21883.0983850274,9.99346985460127
"1354","52511910B1854707671717",1,183616.489729938,183616.489729938,12.1206045664794
"1355","52511910B19191805182315",1,136474.011398444,136474.011398444,11.8238894827948
"1356","52511910B19330386236783",1,39973.1215768714,39973.1215768714,10.5959625466512
"1357","52511910B19407638162060",2,2039.63367399858,4079.26734799716,8.31367267970398
"1358","52511910B19586040436612",1,12941.5317440899,12941.5317440899,9.46819693385386
"1359","52511910B2005519933546",2,43585.3539174574,87170.7078349148,11.3756236341392
"1360","52511910B2055603825455",1,79765.4735262112,79765.4735262112,11.2868460272336
"1361","52511910B21046020325533",1,15017.9174496387,15017.9174496387,9.61699926388342
"1362","52511910B21407702399528",1,648611.021076114,648611.021076114,13.3825884648111
"1363","52511910B21548483035565",1,8930.94722790194,8930.94722790194,9.09727774079866
"1364","52511910B21980317252116",1,2653.24268646733,2653.24268646733,7.88353782619503
"1365","52511910B22102802824180",1,14090.0478930476,14090.0478930476,9.55322400396769
"1366","52511910B2226983620167",1,93272.7123204049,93272.7123204049,11.4432828716069
"1367","52511910B22297779295169",1,19770.6127573358,19770.6127573358,9.8919519099856
"1368","52511910B22417450396653",1,9198.16037962173,9198.16037962173,9.12675878430595
"1369","52511910B23437445078556",1,85053.0237836977,85053.0237836977,11.3510301502043
"1370","52511910B24095937104675",1,9586.11733809753,9586.11733809753,9.16807122021399
"1371","52511910B24217315836254",2,20478.4368068083,40956.8736136166,10.6202749290077
"1372","52511910B2433100174245",1,84907.1898710347,84907.1898710347,11.3493140550628
"1373","52511910B24338772487994",1,8289.6214890721,8289.6214890721,9.02275958835017
"1374","52511910B24425392494170",1,27612.9833157238,27612.9833157238,10.2260413510871
"1375","52511910B24462040337349",1,38584.535624624,38584.535624624,10.5606068436923
"1376","52511910B24789968471650",1,347241.04885894,347241.04885894,12.7577744830603
"1377","52511910B24890266463781",1,105955.836874193,105955.836874193,11.5707776530161
"1378","52511910B24911018318465",1,78544.7336827954,78544.7336827954,11.2714235972961
"1379","52511910B25870488928169",1,1473.88628902119,1473.88628902119,7.29565792528312
"1380","52511910B26024129556324",2,101007.333572753,202014.667145506,12.2160955833786
"1381","52511910B26321075911025",2,115498.05335152,230996.10670304,12.3501561352625
"1382","52511910B26426295483490",1,37099.1550024531,37099.1550024531,10.5213494721219
"1383","52511910B26440140856632",1,93889.9688557273,93889.9688557273,11.4498788315423
"1384","52511910B26517515062770",1,30709.661627632,30709.661627632,10.332332595062
"1385","52511910B26605642536320",1,15498.262011679,15498.262011679,9.64848316834172
"1386","52511910B27035674370402",1,28022.012969459,28022.012969459,10.2407456577624
"1387","52511910B27389223998758",1,116564.797007651,116564.797007651,11.666202594858
"1388","52511910B27691000187918",1,124159.297146218,124159.297146218,11.7293206745297
"1389","52511910B27783301561641",1,1243.9502225173,1243.9502225173,7.12604725844492
"1390","52511910B27876515321702",1,61292.9875551543,61292.9875551543,11.0234207198693
"1391","52511910B28036042271757",1,182319.466510256,182319.466510256,12.1135157377978
"1392","52511910B28406755893597",1,6719.0342389562,6719.0342389562,8.81269970874824
"1393","52511910B28476693424992",1,67671.1364727223,67671.1364727223,11.1224150234213
"1394","52511910B28710323112279",1,8561.52788302815,8561.52788302815,9.05503394421612
"1395","52511910B29325635095698",1,359617.862699904,359617.862699904,12.7927972541499
"1396","52511910B29818712056723",1,30111.0934390681,30111.0934390681,10.312648935631
"1397","52511910B30663215399885",1,73743.4297740899,73743.4297740899,11.2083471824246
"1398","52511910B30709967967550",2,109438.951603994,218877.903207988,12.2962693337286
"1399","52511910B30715783231624",1,32587.9787110903,32587.9787110903,10.3916987481558
"1400","52511910B30774246387934",1,23035.1762249153,23035.1762249153,10.0447777276518
"1401","52511910B30880402907345",1,43552.1326573738,43552.1326573738,10.6817139514002
"1402","52511910B3088598520620",2,41882.3024263332,83764.6048526664,11.3357658207843
"1403","52511910B3092467574862",1,38006.4251294314,38006.4251294314,10.5455105067692
"1404","52511910B30977236715140",1,111101.262862484,111101.262862484,11.6181973424622
"1405","52511910B31003231188752",1,19893.6879240548,19893.6879240548,9.89815777065129
"1406","52511910B3118715998086",2,4281.74304807366,8563.48609614732,9.05526264045311
"1407","52511910B31268860247424",1,117405.61909759,117405.61909759,11.6733900480722
"1408","52511910B31717620625581",2,22597.8144553401,45195.6289106802,10.7187556556281
"1409","52511910B3173449865557",1,24627.4528176478,24627.4528176478,10.1116170678879
"1410","52511910B31970606922462",1,27888.186690696,27888.186690696,10.2359584620395
"1411","52511910B32484376841800",2,3854.57720486851,7709.15440973702,8.95016378605981
"1412","52511910B32855735947523",1,21246.4325686975,21246.4325686975,9.96394428113917
"1413","52511910B33100646615087",1,61323.2042348604,61323.2042348604,11.0239135859399
"1414","52511910B33929030594907",1,98587.4929781883,98587.4929781883,11.4986996864821
"1415","52511910B34768840903386",1,78731.9590957945,78731.9590957945,11.2738044395955
"1416","52511910B3516463668472",1,1545.67802849185,1545.67802849185,7.34321794645664
"1417","52511910B35262105049161",1,42961.7045655913,42961.7045655913,10.6680644063656
"1418","52511910B3549258104854",1,17250.8440832937,17250.8440832937,9.75561635362721
"1419","52511910B3606287647189",1,17958.875675792,17958.875675792,9.79583973832603
"1420","52511910B36399926613491",1,366930.89078372,366930.89078372,12.8129288008132
"1421","52511910B36549244443661",1,3346.46504636045,3346.46504636045,8.11565985765138
"1422","52511910B37391519791178",1,35023.164020102,35023.164020102,10.463764950705
"1423","52511910B37639564414460",1,42033.0411241359,42033.0411241359,10.6462112814162
"1424","52511910B37647459697968",1,29100.6147225809,29100.6147225809,10.2785145774238
"1425","52511910B37723179298847",1,7405.81841818245,7405.81841818245,8.91002124296915
"1426","52511910B38062779232785",1,2190.16177540082,2190.16177540082,7.69173069012833
"1427","52511910B38320737099141",1,8477.23857416925,8477.23857416925,9.04514003591525
"1428","52511910B38482668702502",1,226092.274687843,226092.274687843,12.3286984900036
"1429","52511910B39021201460320",1,95329.4625853145,95329.4625853145,11.4650941980576
"1430","52511910B39647585180353",1,79767.7798495816,79767.7798495816,11.2868749406209
"1431","52511910B398222474379",2,2284.35201435322,4568.70402870644,8.42698486133123
"1432","52511910B3988585053627",1,1177.00164818992,1177.00164818992,7.07072550759058
"1433","52511910B39925062868722",1,28503.0316388787,28503.0316388787,10.2577657338935
"1434","52511910B4018321552262",1,20168.2811908043,20168.2811908043,9.91186641119442
"1435","52511910B4023851996912",1,11047.0180461892,11047.0180461892,9.30991581045374
"1436","52511910B40379944508344",1,16939.7935082681,16939.7935082681,9.73742077853719
"1437","52511910B40704082736400",1,200396.732681161,200396.732681161,12.2080543440737
"1438","52511910B40762326804108",1,14658.3397221157,14658.3397221157,9.59276471678399
"1439","52511910B40907976300093",1,114145.101503776,114145.101503776,11.6452257382363
"1440","52511910B40932238962124",1,1847.41101998436,1847.41101998436,7.52154048927245
"1441","52511910B41349980343036",1,40190.8050772364,40190.8050772364,10.6013935190226
"1442","52511910B41569626445575",1,42088.0292380383,42088.0292380383,10.6475186380986
"1443","52511910B41832053670190",1,91750.1789157478,91750.1789157478,11.4268247159503
"1444","52511910B41847670787440",1,1145.90490295272,1145.90490295272,7.04394991211486
"1445","52511910B41918855057041",1,44983.1682469255,44983.1682469255,10.7140436598252
"1446","52511910B42295955196197",2,27198.8062037915,54397.612407583,10.9040755423144
"1447","52511910B42739382471676",2,62606.5134896965,125213.026979393,11.7377717815916
"1448","52511910B42807411813200",1,10125.026277136,10125.026277136,9.22276548724406
"1449","52511910B43288181316884",1,53956.1193642319,53956.1193642319,10.8959263908384
"1450","52511910B43412485397625",1,48991.2955322339,48991.2955322339,10.7993979191132
"1451","52511910B43880613502989",1,24997.0419437172,24997.0419437172,10.1265127745984
"1452","52511910B44183742195819",1,196770.424841965,196770.424841965,12.1897929720325
"1453","52511910B44653158831279",1,70321.9393374551,70321.9393374551,11.1608391107253
"1454","52511910B45067846009416",2,321012.403021268,642024.806042536,13.3723822206212
"1455","52511910B45111644423638",1,231667.143874361,231667.143874361,12.353056895766
"1456","52511910B45186727587827",1,150360.051463263,150360.051463263,11.920788039945
"1457","52511910B45758904415578",1,45396.8372612115,45396.8372612115,10.7231977177528
"1458","52511910B46327040282414",1,163507.471345615,163507.471345615,12.0046139645789
"1459","52511910B46580896438278",1,19616.196824956,19616.196824956,9.88411087258425
"1460","52511910B46875128491",2,149999.805939667,299999.611879334,12.6115364599019
"1461","52511910B47006759189229",1,44445.2485599806,44445.2485599806,10.7020133411898
"1462","52511910B47108576517123",2,26892.7302316048,53785.4604632096,10.8927584580121
"1463","52511910B47117449404442",1,15288.4668999469,15288.4668999469,9.63485402574333
"1464","52511910B47244734334087",2,5422.02474271492,10844.0494854298,9.29137177400079
"1465","52511910B47715712995546",1,180735.48167929,180735.48167929,12.1047898141354
"1466","52511910B47928826922149",2,1356.49319210164,2712.98638420328,7.90580529392289
"1467","52511910B4802898208422",1,22635.8337720366,22635.8337720366,10.0272894947135
"1468","52511910B48556697809502",1,40592.1070271057,40592.1070271057,10.6113289184907
"1469","52511910B4874504546565",2,240623.733310781,481247.466621562,13.0841369004073
"1470","52511910B48822656668811",1,5944.6696088902,5944.6696088902,8.69025023296158
"1471","52511910B49041277824691",2,2913.81106293287,5827.62212586574,8.67036432750984
"1472","52511910B49192689587509",1,8470.65235393016,8470.65235393016,9.04436280403447
"1473","52511910B49246730473855",2,52062.1879582734,104124.375916547,11.5533413858526
"1474","52511910B49284203349487",1,23864.0939744604,23864.0939744604,10.0801302641042
"1475","52511910B49336497562900",1,142927.609663927,142927.609663927,11.87009355494
"1476","52511910B49397347460294",2,18866.7662627992,37733.5325255984,10.5383044350161
"1477","52511910B4946947315760",1,86310.7976512919,86310.7976512919,11.3657099868729
"1478","52511910B49492134849249",1,71302.7627816989,71302.7627816989,11.1746903543431
"1479","52511910B49637011657057",1,43683.8702107395,43683.8702107395,10.6847342102194
"1480","52511910B4969786063416",1,10388.7806288241,10388.7806288241,9.24848171713136
"1481","52511910B49699122775209",1,12945.9259749272,12945.9259749272,9.4685364211011
"1482","52511910B49735999236113",1,7968.7386337471,7968.7386337471,8.98328149498651
"1483","52511910B50234287801955",2,22909.3689218466,45818.7378436932,10.7324484096589
"1484","52511910B50474008293669",1,277748.553096226,277748.553096226,12.5344714981138
"1485","52511910B50770239456778",1,42618.912644635,42618.912644635,10.6600533925312
"1486","52511910B51634678228857",1,162236.055927106,162236.055927106,11.9968076889755
"1487","52511910B51671938708352",1,5488.82731006209,5488.82731006209,8.61046990696226
"1488","52511910B5173446134858",1,33388.0750898042,33388.0750898042,10.4159540819739
"1489","52511910B52040400722593",1,40550.2678595662,40550.2678595662,10.6102976651831
"1490","52511910B52167757698823",1,28244.2046656631,28244.2046656631,10.2486435709513
"1491","52511910B52234359951443",1,43456.7690389032,43456.7690389032,10.6795219077174
"1492","52511910B52477730632252",1,21838.7211039023,21838.7211039023,9.99143987063065
"1493","52511910B53055897182204",1,13996.0060147233,13996.0060147233,9.54652728323336
"1494","52511910B53218930904512",1,4565.15003421978,4565.15003421978,8.42620665869266
"1495","52511910B53442502489936",1,169948.485071023,169948.485071023,12.0432506411159
"1496","52511910B53659520741831",2,51880.8580749708,103761.716149942,11.5498523584636
"1497","52511910B53728166380969",1,19840.5350565042,19840.5350565042,9.89548234904902
"1498","52511910B54123288304078",1,24574.0075676385,24574.0075676385,10.1094445603805
"1499","52511910B54132966107148",1,54583.0733202467,54583.0733202467,10.9074791012195
"1500","52511910B54429610497624",1,163580.162274164,163580.162274164,12.0050584383056
"1501","52511910B54492038659997",1,25853.9111583857,25853.9111583857,10.1602171705568
"1502","52511910B54544949915679",1,103682.01070989,103682.01070989,11.5490839048191
"1503","52511910B54921877123299",1,23766.048263636,23766.048263636,10.0760132976329
"1504","52511910B55440888068193",2,4453.48904472129,8906.97808944258,9.09459030350323
"1505","52511910B55503333028627",1,27885.148664149,27885.148664149,10.2358495201399
"1506","52511910B55551570232595",2,48717.0777748108,97434.1555496216,11.4869321011533
"1507","52511910B55567443002533",1,6122.57865117531,6122.57865117531,8.71973863499539
"1508","52511910B55591891530874",1,10029.6736792114,10029.6736792114,9.21330334595129
"1509","52511910B558444185686",1,76401.8920950192,76401.8920950192,11.2437627404896
"1510","52511910B56209015841977",1,145706.041533707,145706.041533707,11.8893464568947
"1511","52511910B56958480946992",1,74283.3894149178,74283.3894149178,11.2156426446749
"1512","52511910B57035161982504",1,187472.244544776,187472.244544776,12.1413860843407
"1513","52511910B57239711193520",1,59831.1849073147,59831.1849073147,10.9992822907562
"1514","52511910B57344020400583",1,324326.797729314,324326.797729314,12.689506921411
"1515","52511910B57885575775117",2,181219.432537769,362438.865075538,12.8006110909867
"1516","52511910B58011485138839",1,3980.53049928517,3980.53049928517,8.28917038067367
"1517","52511910B5845387986633",1,8036.1844131155,8036.1844131155,8.99170967404328
"1518","52511910B58943778362560",1,12815.3057039706,12815.3057039706,9.45839549368107
"1519","52511910B59176200579981",1,22175.3336345166,22175.3336345166,10.0067358525896
"1520","52511910B59203276225690",1,5238.61281967276,5238.61281967276,8.56381201319808
"1521","52511910B59245920767717",2,9727.54469665538,19455.0893933108,9.875863980284
"1522","52511910B59360103371589",1,8253.06571408368,8253.06571408368,9.01834001200903
"1523","52511910B59553354826271",1,9500.24383759143,9500.24383759143,9.15907274437413
"1524","52511910B59671861776280",2,9702.58904015427,19405.1780803085,9.87329522079303
"1525","52511910B59824272814460",1,63904.9961234876,63904.9961234876,11.0651528239053
"1526","52511910B60061263127196",1,25217.370971843,25217.370971843,10.1352883603041
"1527","52511910B60889717547120",1,200987.668074669,200987.668074669,12.2109988322967
"1528","52511910B61192023784720",1,13818.7329236038,13818.7329236038,9.53378040886397
"1529","52511910B61439489120441",1,62255.4594328662,62255.4594328662,11.0390015122142
"1530","52511910B6162382764157",1,288900.250669804,288900.250669804,12.5738367541237
"1531","52511910B61676244874246",1,18548.3411414037,18548.3411414037,9.82813563769738
"1532","52511910B61790844495814",1,21621.2040426389,21621.2040426389,9.98142978079139
"1533","52511910B62200479590982",1,6399.73249083121,6399.73249083121,8.76401147016657
"1534","52511910B62500214534323",1,116.475714103222,116.475714103222,4.75768278864111
"1535","52511910B62556379472396",1,6608.93965699752,6608.93965699752,8.79617850500019
"1536","52511910B62562257240113",1,119884.906736537,119884.906736537,11.6942874509945
"1537","52511910B63167976390159",1,17849.9498701755,17849.9498701755,9.78975597881031
"1538","52511910B63672424305930",1,18236.819259304,18236.819259304,9.81119786570829
"1539","52511910B63745543652662",2,48994.1137481401,97988.2274962802,11.4926026228478
"1540","52511910B6389603869041",1,522057.852274957,522057.852274957,13.1655336888367
"1541","52511910B648094459248",1,49046.547796621,49046.547796621,10.8005250812041
"1542","52511910B65003852157868",1,12157.729854332,12157.729854332,9.40572044848063
"1543","52511910B65196754917234",2,58643.7484691027,117287.496938205,11.6723834384933
"1544","52511910B65674101735888",1,24901.6280711507,24901.6280711507,10.1226884646989
"1545","52511910B65736953470193",1,13760.0302105777,13760.0302105777,9.52952330702109
"1546","52511910B66300742055958",1,9237.58440924675,9237.58440924675,9.13103570288689
"1547","52511910B66393591343605",1,23561.261214472,23561.261214472,10.0673591683562
"1548","52511910B66525116512935",1,27132.7791238534,27132.7791238534,10.2084978377031
"1549","52511910B66692058551395",1,71706.0539982606,71706.0539982606,11.1803304581455
"1550","52511910B67044835484249",2,29945.3259108927,59890.6518217854,11.0002757088491
"1551","52511910B67072521171420",1,3849.85456275084,3849.85456275084,8.25579065065943
"1552","52511910B67244265985329",1,40701.0431758359,40701.0431758359,10.6140090019581
"1553","52511910B67503722299641",1,122972.373803049,122972.373803049,11.7197150059002
"1554","52511910B67569609565838",1,84752.5517794829,84752.5517794829,11.3474911342818
"1555","52511910B67622492960002",1,23383.9580166576,23383.9580166576,10.0598055114019
"1556","52511910B68145786967648",1,74424.324187638,74424.324187638,11.2175381053945
"1557","52511910B68305869820707",1,37667.8791292625,37667.8791292625,10.5365629977808
"1558","52511910B68505135665197",1,428925.67322717,428925.67322717,12.9690389270189
"1559","52511910B68559401871490",1,147605.015825444,147605.015825444,11.9022951731283
"1560","52511910B68600157990452",1,11952.2432893283,11952.2432893283,9.38867426269825
"1561","52511910B68602378722707",1,86270.4656325511,86270.4656325511,11.3652425894428
"1562","52511910B69050472249631",1,16054.3873879592,16054.3873879592,9.68373744870805
"1563","52511910B69477070610060",1,4060.14316467801,4060.14316467801,8.30897351421004
"1564","52511910B70153095650041",2,3463.22740025471,6926.45480050942,8.84310338848788
"1565","52511910B70290379794397",1,66603.7815203147,66603.7815203147,11.1065166345009
"1566","52511910B70456030054544",1,1367.36938840675,1367.36938840675,7.22064401851472
"1567","52511910B70473175587181",1,4079.59441162004,4079.59441162004,8.31375285354016
"1568","52511910B70638918104863",1,32235.0940078776,32235.0940078776,10.3808110140698
"1569","52511910B71032150875325",1,12274.7161218841,12274.7161218841,9.41529682586854
"1570","52511910B71538284073489",1,3658.90963440048,3658.90963440048,8.20492046791196
"1571","52511910B71690687423925",1,15839.9203799469,15839.9203799469,9.67028863883728
"1572","52511910B72557613719767",1,297240.933424487,297240.933424487,12.6022983125722
"1573","52511910B73336698759549",1,32992.8108545673,32992.8108545673,10.4040449638233
"1574","52511910B75183314272458",1,44203.493218868,44203.493218868,10.696559097044
"1575","52511910B75402986028359",1,85103.2722949878,85103.2722949878,11.3516207661722
"1576","52511910B76288634877329",2,48566.2337862476,97132.4675724952,11.4838309709177
"1577","52511910B76622709081814",2,1927.34256336778,3854.68512673556,8.25704460347488
"1578","52511910B76643025216805",1,218857.29424678,218857.29424678,12.2961751719552
"1579","52511910B76864499188928",2,4235.21025948194,8470.42051896388,9.04433543446136
"1580","52511910B77222989775801",2,5792.52278695451,11585.045573909,9.3574703707309
"1581","52511910B77517078586613",1,97513.3228924049,97513.3228924049,11.4877442927012
"1582","52511910B77588417233313",1,31558.6958066696,31558.6958066696,10.3596044498559
"1583","52511910B7774942695724",2,21553.4018791004,43106.8037582008,10.6714361234523
"1584","52511910B78140930961679",1,2572.57662396368,2572.57662396368,7.85266325306197
"1585","52511910B78362812420952",2,189794.952319299,379589.904638598,12.8468467506293
"1586","52511910B78382154896940",1,1576.62017266488,1576.62017266488,7.36303870358701
"1587","52511910B7838707993704",1,22189.6194957847,22189.6194957847,10.007379868226
"1588","52511910B78526013910080",1,6590.7044660297,6590.7044660297,8.79341552102902
"1589","52511910B78624558885304",1,59167.1606747341,59167.1606747341,10.9881219486268
"1590","52511910B79023193352255",1,33195.7204411719,33195.7204411719,10.4101762442216
"1591","52511910B79239618011253",1,211605.986845599,211605.986845599,12.2624812717872
"1592","52511910B79351211043156",1,91383.6189296628,91383.6189296628,11.4228215174154
"1593","52511910B79904820365756",1,36055.9502340188,36055.9502340188,10.4928271841282
"1594","52511910B79940153361499",1,16040.1773347722,16040.1773347722,9.6828519371432
"1595","52511910B80020209032330",1,45393.3668031239,45393.3668031239,10.7231212676969
"1596","52511910B80553421723016",1,93858.885881678,93858.885881678,11.4495477192767
"1597","52511910B80611967822771",1,31587.7235542704,31587.7235542704,10.3605238289732
"1598","52511910B80613047181881",1,14145.568548705,14145.568548705,9.55715667725133
"1599","52511910B80624224978544",1,13853.6091343831,13853.6091343831,9.53630106498859
"1600","52511910B81270804246754",1,32313.74857696,32313.74857696,10.3832480711839
"1601","52511910B81672195550340",1,105488.674246492,105488.674246492,11.5663588730217
"1602","52511910B81807770672257",1,477370.25597354,477370.25597354,13.076047686743
"1603","52511910B81868017791126",1,12753.4422452771,12753.4422452771,9.45355649417026
"1604","52511910B82181877276071",1,20355.5986243763,20355.5986243763,9.92111126971005
"1605","52511910B82353065981408",1,8672.13665749186,8672.13665749186,9.06787048202988
"1606","52511910B82588790657213",2,10634.1591097513,21268.3182195026,9.96497383687371
"1607","52511910B82760897224923",1,29578.4976665442,29578.4976665442,10.2948029461496
"1608","52511910B83187520966287",1,78059.2616776095,78059.2616776095,11.2652235822939
"1609","52511910B83254623159264",1,86138.6402468404,86138.6402468404,11.3637133730974
"1610","52511910B83654747413473",2,72347.9240855358,144695.848171072,11.8823892195408
"1611","52511910B8366046265197",1,1223.27382940263,1223.27382940263,7.10928601038222
"1612","52511910B83755823779571",1,27342.1345673622,27342.1345673622,10.2161841821155
"1613","52511910B84130893113897",1,183842.510250138,183842.510250138,12.1218347475267
"1614","52511910B84254778922177",1,2877.28650685991,2877.28650685991,7.96460294387651
"1615","52511910B8433520860340",1,14743.0764957869,14743.0764957869,9.5985288614538
"1616","52511910B8555120582575",2,78089.3842137071,156178.768427414,11.9587565815883
"1617","52511910B85663060935330",2,41890.1074735759,83780.2149471518,11.3359521601119
"1618","52511910B85672644454395",1,207551.279697698,207551.279697698,12.2431337191943
"1619","52511910B8569683364670",1,137382.966445179,137382.966445179,11.8305276805263
"1620","52511910B85706759339541",1,34856.96550371,34856.96550371,10.4590082671988
"1621","52511910B86399036189677",1,20050.1288553023,20050.1288553023,9.90599085941243
"1622","52511910B8640641883305",1,11985.5886659718,11985.5886659718,9.39146026255606
"1623","52511910B86463604693023",1,23206.1803058301,23206.1803058301,10.0521739146709
"1624","52511910B86635109020715",2,9045.40959655614,18090.8191931123,9.80315986167096
"1625","52511910B86664130512952",2,3819.05278058651,7638.10556117302,8.94090488821536
"1626","52511910B86675185737242",1,149899.075374736,149899.075374736,11.9177175157911
"1627","52511910B86901151057582",1,34551.2442674175,34551.2442674175,10.4501988420761
"1628","52511910B8694284014765",2,21361.9512099595,42723.902419919,10.6625138182429
"1629","52511910B87526029786391",1,13341.7670441328,13341.7670441328,9.49865477277621
"1630","52511910B87738681480797",1,2324.02644580372,2324.02644580372,7.75105649734067
"1631","52511910B88737921309662",1,274106.723305637,274106.723305637,12.5212728106498
"1632","52511910B89393531563013",1,126511.645316363,126511.645316363,11.7480896407495
"1633","52511910B89557374460695",1,2437.7024307217,2437.7024307217,7.79881124792488
"1634","52511910B90052363141845",1,8659.49706370408,8659.49706370408,9.06641192408527
"1635","52511910B9027234137610",1,19943.2081846233,19943.2081846233,9.900643922481
"1636","52511910B9049907467318",2,2672.1491046978,5344.2982093956,8.58378551631593
"1637","52511910B90712224530022",1,76274.8312870661,76274.8312870661,11.242098297679
"1638","52511910B90795941917739",2,7792.75301374157,15585.5060274831,9.65409666055359
"1639","52511910B90991611037176",2,3215.78258268684,6431.56516537368,8.76897320368756
"1640","52511910B91175598455743",1,15951.1513558122,15951.1513558122,9.67728629092514
"1641","52511910B91354507826004",1,187701.547830992,187701.547830992,12.1426084688432
"1642","52511910B92065650444302",1,76027.5728608643,76027.5728608643,11.238851354273
"1643","52511910B92188863099631",1,68313.0884014592,68313.0884014592,11.1318566582609
"1644","52511910B92709587856848",1,42440.0525332158,42440.0525332158,10.6558478305503
"1645","52511910B92990516943265",1,69814.2153710105,69814.2153710105,11.1535929266253
"1646","52511910B93540688501820",1,41394.8115829832,41394.8115829832,10.6309108278772
"1647","52511910B93844416805291",1,33616.5708868193,33616.5708868193,10.4227744055328
"1648","52511910B93975188491166",1,7977.4583847277,7977.4583847277,8.98437514155812
"1649","52511910B94067910328765",2,28784.8648219572,57569.7296439144,10.9607521815309
"1650","52511910B94409074074623",1,11389.3292730909,11389.3292730909,9.34043216735795
"1651","52511910B94458762678017",1,37314.3668612364,37314.3668612364,10.5271337020153
"1652","52511910B94488542881377",1,39833.7082671045,39833.7082671045,10.5924687742046
"1653","52511910B94627775761425",1,33053.4408826596,33053.4408826596,10.4058809512875
"1654","52511910B94675128167590",1,221328.224773378,221328.224773378,12.3074020586809
"1655","52511910B95098417504855",1,24982.9474781859,24982.9474781859,10.1259487702411
"1656","52511910B95362195406961",1,125909.822205797,125909.822205797,11.743321232921
"1657","52511910B95398494564210",2,21144.5196010948,42289.0392021896,10.6522832109412
"1658","52511910B954183777842",1,154985.578457961,154985.578457961,11.951087349366
"1659","52511910B95850947838113",1,36788.006137247,36788.006137247,10.51292715085
"1660","52511910B95876228816034",2,16962.7140646096,33925.4281292192,10.4319201044973
"1661","52511910B95956240331763",1,77974.497418468,77974.497418468,11.2641370960364
"1662","52511910B96063333949316",1,26474.4487756962,26474.4487756962,10.1839353496937
"1663","52511910B96194264601254",1,329242.449625502,329242.449625502,12.7045496873016
"1664","52511910B96314718972571",1,8961.69758058757,8961.69758058757,9.10071495014244
"1665","52511910B9639721186799",1,18324.2184059443,18324.2184059443,9.81597887405502
"1666","52511910B96811995525646",2,6311.8830627689,12623.7661255378,9.44333651673675
"1667","52511910B97040583536387",1,264150.259507557,264150.259507557,12.484273385017
"1668","52511910B97060806511909",1,15447.2852510537,15447.2852510537,9.64518855498084
"1669","52511910B97228601381981",1,90668.1391981099,90668.1391981099,11.4149612976338
"1670","52511910B97258167764484",1,163241.367416029,163241.367416029,12.0029851662062
"1671","52511910B97596648855860",1,12787.4473847058,12787.4473847058,9.45621929566341
"1672","52511910B98030585757527",1,208928.265321937,208928.265321937,12.249746243906
"1673","52511910B98629971413037",1,167348.067806608,167348.067806608,12.0278311607503
"1674","52511910B98838605252897",1,150371.259227571,150371.259227571,11.9208625766754
"1675","52511910B98966812491458",1,10683.6896358117,10683.6896358117,9.27647352437059
"1676","52511910B99182661436347",1,11335.5397036871,11335.5397036871,9.33569817571965
"1677","52511910B99479800826846",1,21230.3364620865,21230.3364620865,9.96318640299784
"1678","52511910B99923381863543",1,296503.238100069,296503.238100069,12.5998134184398
"1679","67681753B57356093785831",1,40551.5389721894,40551.5389721894,10.6103290112818
"1680","74100532B19516932260818",1,7081.91623230136,7081.91623230136,8.86529980434736
"1681","74100532B3675352926720",1,4314.70976325656,4314.70976325656,8.36978533897411
"1682","74100532B52002127383103",1,3174.72324701998,3174.72324701998,8.06297574123467
"1683","74100532B54294973205276",1,NA,NA,NA
"1684","74100532B54588500691901",1,53038.4292231993,53038.4292231993,10.878772009474
"1685","74100532B56248932917605",1,3397.36294608663,3397.36294608663,8.13075480557562
"1686","74100532B88993889644511",1,8697.38194084209,8697.38194084209,9.07077733301527
"1687","74100532B93709990123087",1,8938.17376640898,8938.17376640898,9.0980865706122
"1688","76128533B12144400448811",1,616984.246635919,616984.246635919,13.332598770367
"1689","76128533B14292125820380",1,306740.05295949,306740.05295949,12.6337559348575
"1690","76128533B15993411864574",1,1852570.32935762,1852570.32935762,14.4320845999973
"1691","76128533B26755490628656",1,834738.811077168,834738.811077168,13.6348741537953
"1692","76128533B29138015770556",1,5445547.34338727,5445547.34338727,15.5103088314987
"1693","76128533B33451850475260",1,676855.910602363,676855.910602363,13.4252136940902
"1694","76128533B36164606132718",1,2452493.01775657,2452493.01775657,14.7126156234274
"1695","76128533B47448948912370",1,1460442.06770116,1460442.06770116,14.1942497339507
"1696","76128533B47840093719460",1,875770.993288324,875770.993288324,13.6828599125547
"1697","76128533B50498617372937",1,1047975.30923993,1047975.30923993,13.8623705837
"1698","76128533B53316015271969",1,269081.510350738,269081.510350738,12.5027696251412
"1699","76128533B57691508962219",1,2433023.61297046,2433023.61297046,14.7046453270085
"1700","76128533B59405966069108",1,2934238.84103954,2934238.84103954,14.8919586389525
"1701","76128533B66145460152555",1,267725.751327557,267725.751327557,12.4977184196058
"1702","76128533B70759200975708",1,1718175.24335445,1718175.24335445,14.3567733806051
"1703","76128533B71485440235524",1,4579896.19097712,4579896.19097712,15.337186890108
"1704","76128533B71714250401862",1,851919.780598533,851919.780598533,13.6552476471516
"1705","76128533B83105693975079",1,14005.8251609175,14005.8251609175,9.54722860498158
"1706","76128533B85917349021677",1,676820.698954887,676820.698954887,13.4251616703687
"1707","76128533B89979485471283",1,122213.869652643,122213.869652643,11.7135278188915
"1708","76128533B90169585758701",1,892883.718220745,892883.718220745,13.7022116366216
"1709","76128533B93063337202124",1,654584.467538119,654584.467538119,13.391755912595
"1710","76128533B99037046327658",1,1295868.65712636,1295868.65712636,14.0746918059487
"1711","77236927B10986826820410",1,1416.49204054131,1416.49204054131,7.25593870015229
"1712","77236927B11778048532769",1,1315.1858334517,1315.1858334517,7.18173325284161
"1713","77236927B16584952276885",1,3174.83685392757,3174.83685392757,8.06301152541682
"1714","77236927B20475273490027",1,1529.85595611382,1529.85595611382,7.3329288636236
"1715","77236927B21234024058134",1,1750.16744725701,1750.16744725701,7.46746674648699
"1716","77236927B26807877785061",1,4013.91192107725,4013.91192107725,8.2975215861851
"1717","77236927B38715927177991",1,3696.62490196322,3696.62490196322,8.21517549367647
"1718","77236927B51416444743643",1,2704.20141035873,2704.20141035873,7.90256192046832
"1719","77236927B5490091431503",1,5443.57107469553,5443.57107469553,8.60219057203686
"1720","77236927B64905396997634",1,7240.54570679808,7240.54570679808,8.88745185640643
"1721","77236927B67571127096265",1,1751.98786479204,1751.98786479204,7.46850634498379
"1722","77236927B70121045858985",1,3634.30690223447,3634.30690223447,8.1981736983991
"1723","77236927B71259350499613",1,1468.49243816531,1468.49243816531,7.29199160126574
"1724","77236927B78933945874407",1,2150.30764486671,2150.30764486671,7.6733662015209
"1725","77236927B80852571944001",1,2978.00595989263,2978.00595989263,7.99900921454908
"1726","77236927B82266009819224",1,1253.16695363955,1253.16695363955,7.13342918914812
"1727","77236927B83961897513760",1,1173.99541448933,1173.99541448933,7.06816809449398
"1728","77236927B84597259035429",1,8967.54340686136,8967.54340686136,9.10136704985877
"1729","77236927B85216783558225",1,13809.4894021277,13809.4894021277,9.53311127266607
"1730","77236927B86395134968187",1,1365.72320245069,1365.72320245069,7.21943938595991
"1731","77236927B87876939805141",1,1876.16944101492,1876.16944101492,7.53698744585796
"1732","77236927B87914906430322",1,3212.38278327008,3212.38278327008,8.07476824083975
"1733","77236927B97442931027551",1,1631.57696970826,1631.57696970826,7.39730229218582
"1734","79324940B26279629748947",1,346.410581204578,346.410581204578,5.84762472242435
"1735","79324940B30441549583849",1,872.154537313871,872.154537313871,6.77096662989729
"1736","79324940B58732194011753",1,NA,NA,NA
"1737","79324940B63649844160089",1,NA,NA,NA
"1738","79324940B66206681775054",1,1341.89600599152,1341.89600599152,7.20183882271938
"1739","79324940B71932148328417",1,2642.10598327163,2642.10598327163,7.87933159906635
"1740","79324940B76926879567495",1,875.356370883659,875.356370883659,6.77463108445111
"1741","79324940B77190916627334",1,NA,NA,NA
"1742","79324940B88858920972167",1,581.654712358653,581.654712358653,6.36587699393829
"1743","79324940B90066431308454",1,196.335823751733,196.335823751733,5.27982657954683
"1744","811477B10091051232665",1,213623.736723998,213623.736723998,12.271971506879
"1745","811477B18636492208722",1,144174.418027228,144174.418027228,11.8787790819034
"1746","811477B20578745802052",1,174195.28234628,174195.28234628,12.0679322612099
"1747","811477B41230698537605",1,160421.252449658,160421.252449658,11.9855584622066
"1748","811477B46471323661826",1,126902.8417958,126902.8417958,11.7511770474297
"1749","811477B76043940988669",1,116212.06835967,116212.06835967,11.663171976524
"1750","811477B772229677818",1,406558.142108295,406558.142108295,12.9154822287588
"1751","811477B77394279181451",1,143220.784554236,143220.784554236,11.8721426665115
"1752","81297802B10167820950608",2,69139.2027212629,138278.405442526,11.8370243626017
"1753","81297802B11536853186467",1,79528.3891857446,79528.3891857446,11.2838693335746
"1754","81297802B12405297659236",1,215392.651912281,215392.651912281,12.2802179294377
"1755","81297802B12607058922832",1,50093.2107594013,50093.2107594013,10.8216407641057
"1756","81297802B12739753000309",2,26093.1930803514,52186.3861607028,10.862576938337
"1757","81297802B13645799597087",1,62494.7912183139,62494.7912183139,11.0428384917445
"1758","81297802B14141540631295",1,123779.076671161,123779.076671161,11.7262536158307
"1759","81297802B1430654702420",1,147815.993219501,147815.993219501,11.9037234901638
"1760","81297802B1435628045096",2,45959.6862700311,91919.3725400622,11.4286670863468
"1761","81297802B16025441122040",1,53733.6168988116,53733.6168988116,10.8917940976458
"1762","81297802B17568713952999",1,37941.6828154396,37941.6828154396,10.5438055971559
"1763","81297802B17638458778811",1,108253.782011413,108253.782011413,11.5922335830042
"1764","81297802B18343005733844",1,150434.179711499,150434.179711499,11.9212809233986
"1765","81297802B18420716282175",2,19413.2589278513,38826.5178557026,10.5668587420551
"1766","81297802B19362557849536",1,117949.880037176,117949.880037176,11.6780150677702
"1767","81297802B19798201223775",1,127900.058702459,127900.058702459,11.7590044465384
"1768","81297802B21506651579478",2,96720.6470075166,193441.294015033,12.1727293553167
"1769","81297802B21956500009646",1,120982.119575388,120982.119575388,11.7033980415553
"1770","81297802B22157258808987",1,162854.419757512,162854.419757512,12.0006119503884
"1771","81297802B22446045808118",1,112003.910048635,112003.910048635,11.6262890608164
"1772","81297802B22471082550929",2,84192.7622753522,168385.524550704,12.0340114183707
"1773","81297802B22502411355715",1,92556.0404240873,92556.0404240873,11.4355695824747
"1774","81297802B23156291808671",2,40082.5160875003,80165.0321750006,11.2918426909826
"1775","81297802B23821385944469",1,195755.831023313,195755.831023313,12.1846234015234
"1776","81297802B23878626253121",1,202426.890257127,202426.890257127,12.2181340645724
"1777","81297802B24165490506756",1,87908.9902828217,87908.9902828217,11.3840573569736
"1778","81297802B24308322432437",1,37697.5214237894,37697.5214237894,10.5373496265478
"1779","81297802B24341511138047",2,30767.8401989699,61535.6803979398,11.0273724546338
"1780","81297802B24696745321038",2,30478.853963563,60957.707927126,11.017935590033
"1781","81297802B2489932619372",2,73394.9429005733,146789.885801147,11.8967574949766
"1782","81297802B25560916681091",1,100699.66068929,100699.66068929,11.5198977091805
"1783","81297802B25831565259333",1,208380.234021593,208380.234021593,12.2471197380176
"1784","81297802B25948208667731",1,77208.5187482496,77208.5187482496,11.2542650764051
"1785","81297802B26729031323268",1,91044.2647856965,91044.2647856965,11.4191010934486
"1786","81297802B28152038240632",1,161897.016733707,161897.016733707,11.9947157128975
"1787","81297802B28789600266311",1,227027.043971819,227027.043971819,12.3328244258071
"1788","81297802B29202402001629",1,133552.612880301,133552.612880301,11.8022507831562
"1789","81297802B29420287983322",1,129950.387291749,129950.387291749,11.7749080203788
"1790","81297802B29506934186430",1,100633.687748271,100633.687748271,11.519242348865
"1791","81297802B29692958480362",1,117655.919205907,117655.919205907,11.6755197048823
"1792","81297802B29855819440848",1,27048.0456327006,27048.0456327006,10.205370031487
"1793","81297802B29926011513196",1,108251.918594258,108251.918594258,11.5922163694422
"1794","81297802B30186135932553",1,159636.670253397,159636.670253397,11.9806557010987
"1795","81297802B30321615980530",2,37991.5061344056,75983.0122688112,11.2382650715047
"1796","81297802B30557639912850",1,62866.2061212497,62866.2061212497,11.0487640347376
"1797","81297802B31175014332346",1,46635.4483039314,46635.4483039314,10.7501162241507
"1798","81297802B31270346353021",1,163561.874676093,163561.874676093,12.0049466361156
"1799","81297802B31371166923700",1,106779.495484765,106779.495484765,11.5785211972328
"1800","81297802B31840185218616",1,119860.905456316,119860.905456316,11.6940872282663
"1801","81297802B32233799995516",1,39155.8454513043,39155.8454513043,10.5753049993745
"1802","81297802B3249391660958",1,159914.710668895,159914.710668895,11.9823958937705
"1803","81297802B32838967164839",1,127219.812846505,127219.812846505,11.7536716791305
"1804","81297802B33082020704537",1,101666.623770208,101666.623770208,11.529454344989
"1805","81297802B33189914091729",1,58807.1694195542,58807.1694195542,10.982019055358
"1806","81297802B33733008951227",1,229458.789210992,229458.789210992,12.3434787246504
"1807","81297802B33900605812276",1,66994.9610696125,66994.9610696125,11.1123726876286
"1808","81297802B34365172713310",1,79390.362247474,79390.362247474,11.2821322575942
"1809","81297802B34664406606726",2,39567.8078979877,79135.6157959754,11.2789183153252
"1810","81297802B35079403712963",2,112651.713179021,225303.426358042,12.3252033342854
"1811","81297802B35519691635120",1,27301.3693094732,27301.3693094732,10.2146921377713
"1812","81297802B35887218353447",1,67625.6849312097,67625.6849312097,11.1217431444703
"1813","81297802B3651989276752",1,47659.7473796722,47659.7473796722,10.7718424501702
"1814","81297802B36883846114124",2,50662.8351384118,101325.670276824,11.5260950665926
"1815","81297802B3696641207460",1,125454.222878793,125454.222878793,11.7396962130757
"1816","81297802B37279419107484",1,117624.204293904,117624.204293904,11.6752501120946
"1817","81297802B38321972927223",2,203373.997218267,406747.994436534,12.9159490943661
"1818","81297802B38356347526872",1,140193.726742252,140193.726742252,11.8507805075191
"1819","81297802B3855346019179",1,144112.848665552,144112.848665552,11.8783519429367
"1820","81297802B38910067880652",1,155502.711265816,155502.711265816,11.9544184462425
"1821","81297802B3906213091507",1,215996.560674371,215996.560674371,12.2830177637357
"1822","81297802B40107493867560",1,120666.004066242,120666.004066242,11.700781710961
"1823","81297802B40785510400399",1,78532.9431832676,78532.9431832676,11.2712734741241
"1824","81297802B40834484476285",1,NA,NA,NA
"1825","81297802B41242908240864",1,48699.81592317,48699.81592317,10.7934305292518
"1826","81297802B41330613652559",1,181311.895137662,181311.895137662,12.107974004837
"1827","81297802B41688796411548",1,112621.50758787,112621.50758787,11.6317879852211
"1828","81297802B42250510796537",2,39723.7177134159,79447.4354268318,11.2828508923606
"1829","81297802B42277751936117",2,49266.5268250326,98533.0536500652,11.4981473409206
"1830","81297802B42641748496229",2,108644.891680586,217289.783361172,12.2889871488538
"1831","81297802B42689754920120",1,101322.087614215,101322.087614215,11.5260597080705
"1832","81297802B42785936874032",1,259682.674988248,259682.674988248,12.46721568379
"1833","81297802B43105107768719",1,310309.908745002,310309.908745002,12.6453267827175
"1834","81297802B43584820413656",1,87822.4691165539,87822.4691165539,11.3830726593724
"1835","81297802B43959874007568",2,66208.9566128974,132417.913225795,11.7937182096007
"1836","81297802B46332855119377",2,28345.4475385694,56690.8950771388,10.9453688961713
"1837","81297802B46816941364430",1,108026.835257721,108026.835257721,11.5901349498502
"1838","81297802B46977673973725",1,320025.844438174,320025.844438174,12.676157035384
"1839","81297802B47439602304770",1,133019.539156649,133019.539156649,11.7982513073658
"1840","81297802B47675849617506",1,116415.971520632,116415.971520632,11.6649250172433
"1841","81297802B48396752750587",1,182015.734984037,182015.734984037,12.1118484182781
"1842","81297802B48433290328639",1,269946.79510956,269946.79510956,12.5059801634128
"1843","81297802B50713424689894",1,61703.7897522354,61703.7897522354,11.0301006302477
"1844","81297802B53592665760601",2,55001.173323322,110002.346646644,11.6082569776983
"1845","81297802B53696601888295",2,39394.9235372214,78789.8470744428,11.2745394233119
"1846","81297802B53771614429572",1,95356.907900585,95356.907900585,11.4653820562343
"1847","81297802B55237865359696",2,58549.6590304111,117099.318060822,11.6707777260063
"1848","81297802B55266176914642",1,184689.374780783,184689.374780783,12.1264306376283
"1849","81297802B55451481919262",2,73877.0457518937,147754.091503787,11.9033046269579
"1850","81297802B55456276640785",1,74853.1157479839,74853.1157479839,11.223283015541
"1851","81297802B55460345655510",1,61958.030701715,61958.030701715,11.0342125106447
"1852","81297802B55955468315553",1,93799.0454528839,93799.0454528839,11.448909958534
"1853","81297802B5641238333098",2,187608.478546502,375216.957093004,12.8352596899037
"1854","81297802B56496932739620",1,52723.4979817748,52723.4979817748,10.8728165171607
"1855","81297802B56696175700764",1,109904.067959594,109904.067959594,11.6073631548076
"1856","81297802B5716614329371",2,20623.6444180064,41247.2888360128,10.6273406644153
"1857","81297802B5756602808944",1,9783.92768643463,9783.92768643463,9.18849628633751
"1858","81297802B58266448529829",1,365657.222358841,365657.222358841,12.8094516226135
"1859","81297802B58374178577075",2,38603.6598267592,77207.3196535184,11.254249545683
"1860","81297802B59998896925567",1,187617.255699657,187617.255699657,12.1421592926657
"1861","81297802B60314868788909",1,100627.373577032,100627.373577032,11.5191796027858
"1862","81297802B60728672974675",1,237596.935404024,237596.935404024,12.3783309682562
"1863","81297802B61782089337393",1,213573.32316981,213573.32316981,12.2717354867415
"1864","81297802B62167717430855",1,55624.5700950592,55624.5700950592,10.9263802908105
"1865","81297802B62704406726497",1,156915.076667884,156915.076667884,11.9634600250408
"1866","81297802B62924474209473",1,149020.688244884,149020.688244884,11.9118404225703
"1867","81297802B63234506717185",1,260530.112156997,260530.112156997,12.470473727188
"1868","81297802B63499365755438",1,86825.9321016848,86825.9321016848,11.3716606129613
"1869","81297802B6357673458882",1,102765.855996066,102765.855996066,11.5402084367164
"1870","81297802B63925273406451",1,179808.596808385,179808.596808385,12.099648213049
"1871","81297802B63935781650096",1,440755.040876862,440755.040876862,12.9962445372381
"1872","81297802B64104222015073",1,75727.8698173875,75727.8698173875,11.2349015330629
"1873","81297802B64128830492510",1,147073.62190409,147073.62190409,11.8986885696673
"1874","81297802B64676269296055",1,246440.298267665,246440.298267665,12.4148750454332
"1875","81297802B64889817574793",2,23029.840109624,46059.680219248,10.7376932306508
"1876","81297802B65234108276491",1,172826.223126875,172826.223126875,12.060041878045
"1877","81297802B65483274658502",1,144444.828694672,144444.828694672,11.8806529052859
"1878","81297802B65658789050233",1,134703.399591947,134703.399591947,11.8108306003275
"1879","81297802B66022953489908",1,233851.95341971,233851.95341971,12.3624435164213
"1880","81297802B66276855595229",1,43544.6889562047,43544.6889562047,10.6815430220586
"1881","81297802B67689154766571",1,123093.776652471,123093.776652471,11.720701755675
"1882","81297802B6788314119837",1,63638.2991616628,63638.2991616628,11.0609707561622
"1883","81297802B68203584934419",1,90061.1930976158,90061.1930976158,11.4082446415761
"1884","81297802B68427461655945",1,252562.514555037,252562.514555037,12.4394140794503
"1885","81297802B68784640933993",2,28470.5493689482,56941.0987378964,10.9497726570613
"1886","81297802B69083052749589",1,166177.125472565,166177.125472565,12.0208095193955
"1887","81297802B69562638547328",2,104696.894437306,209393.788874612,12.2519719154439
"1888","81297802B69837826881440",1,196528.647039578,196528.647039578,12.1885634861266
"1889","81297802B70010606578992",1,150927.314206266,150927.314206266,11.9245536370324
"1890","81297802B70315889029707",1,307283.835743427,307283.835743427,12.6355271458351
"1891","81297802B70449859021509",1,66978.3642309076,66978.3642309076,11.1121249242958
"1892","81297802B71116262659242",1,54209.8516383183,54209.8516383183,10.9006179354552
"1893","81297802B71504358310710",2,186968.70035163,373937.40070326,12.8318436845887
"1894","81297802B71869801036686",1,87671.1933420301,87671.1933420301,11.3813486562389
"1895","81297802B72352297629850",1,86222.7689644646,86222.7689644646,11.3646895628917
"1896","81297802B72621516483988",2,76290.0497880993,152580.099576199,11.9354449802603
"1897","81297802B72919536287172",2,28928.9485733964,57857.8971467928,10.9657452340534
"1898","81297802B73795447547430",1,62597.0099512125,62597.0099512125,11.0444727915898
"1899","81297802B74193371644879",1,115701.966422672,115701.966422672,11.6587729089118
"1900","81297802B74371944720443",1,188926.13093942,188926.13093942,12.1491113760529
"1901","81297802B74485828948407",1,140794.911929607,140794.911929607,11.8550595851895
"1902","81297802B75378675708985",2,42144.1807850237,84288.3615700474,11.3419990747915
"1903","81297802B75512670100174",1,149693.148799221,149693.148799221,11.9163428031561
"1904","81297802B75623207701482",2,29862.297544516,59724.595089032,10.9974991925818
"1905","81297802B76384767601248",2,3691.57369713995,7383.1473942799,8.90695530286908
"1906","81297802B76693228184167",1,103340.25308297,103340.25308297,11.5457822508702
"1907","81297802B77229581138550",1,110651.789421039,110651.789421039,11.6141435172512
"1908","81297802B77309747732529",1,158782.135057548,158782.135057548,11.975288321829
"1909","81297802B77321226192187",1,173771.328116638,173771.328116638,12.0654955076441
"1910","81297802B7752291855220",2,46733.0606928088,93466.1213856176,11.4453543114947
"1911","81297802B7761745227660",2,50512.1288335169,101024.257667034,11.5231159419071
"1912","81297802B77847273364040",1,152585.433494508,152585.433494508,11.9354799378013
"1913","81297802B77958779459732",1,80608.9028121,80608.9028121,11.2973643791206
"1914","81297802B78295235973409",1,253576.653092233,253576.653092233,12.4434214353681
"1915","81297802B78626005730568",1,68777.3674441223,68777.3674441223,11.1386300082337
"1916","81297802B7902592700170",1,121890.408055039,121890.408055039,11.7108776253762
"1917","81297802B79469395018575",1,139568.086788812,139568.086788812,11.8463078385117
"1918","81297802B81208073820584",1,204841.859007952,204841.859007952,12.22999354095
"1919","81297802B81471151736005",1,87199.8017188278,87199.8017188278,11.3759573360278
"1920","81297802B82663613485319",1,218790.169466734,218790.169466734,12.2958684192095
"1921","81297802B83094530275497",1,121133.348325884,121133.348325884,11.7046472700451
"1922","81297802B8345144496926",1,52327.8739947389,52327.8739947389,10.8652844716489
"1923","81297802B83473395979783",1,53157.5865434989,53157.5865434989,10.8810161119376
"1924","81297802B83594447255",1,112087.485819663,112087.485819663,11.627034968749
"1925","81297802B83942116722165",1,39341.9780010429,39341.9780010429,10.5800473703192
"1926","81297802B84784766195181",2,49103.7278384069,98207.4556768138,11.4948374148497
"1927","81297802B85054848055124",1,191318.838501219,191318.838501219,12.1616966268016
"1928","81297802B85279913761146",1,127219.454287969,127219.454287969,11.7536688607091
"1929","81297802B85329428934549",1,53148.9833865964,53148.9833865964,10.8808542563359
"1930","81297802B85581314164043",1,131512.472576173,131512.472576173,11.7868569745901
"1931","81297802B85606551737880",1,86490.3340068685,86490.3340068685,11.3677879410906
"1932","81297802B85934029741785",2,34227.2868543953,68454.5737087906,11.1339256467282
"1933","81297802B85996690558528",1,141979.277414432,141979.277414432,11.8634363922329
"1934","81297802B86040607446214",2,51960.3204329151,103920.64086583,11.5513828182407
"1935","81297802B86407395704878",1,304748.751470698,304748.751470698,12.6272429504383
"1936","81297802B8681355150837",1,31321.0596041715,31321.0596041715,10.3520459810833
"1937","81297802B86878375688696",1,248466.639986492,248466.639986492,12.4230638699799
"1938","81297802B887089272157",1,55848.153405787,55848.153405787,10.9303917404912
"1939","81297802B88984924666070",1,88712.1599713324,88712.1599713324,11.3931522498974
"1940","81297802B89235073975729",2,54343.068707797,108686.137415594,11.5962195343013
"1941","81297802B89523168412992",1,117949.779418664,117949.779418664,11.6780142147083
"1942","81297802B90284781247335",1,87974.0056476507,87974.0056476507,11.3847966594564
"1943","81297802B90742047749751",1,453082.542448918,453082.542448918,13.0238296007779
"1944","81297802B91668671895601",1,206005.912338445,206005.912338445,12.2356601480319
"1945","81297802B92281690814663",1,262089.87317304,262089.87317304,12.4764427513008
"1946","81297802B92827581567655",1,100826.240462091,100826.240462091,11.5211539227861
"1947","81297802B93284854578765",1,153108.187015388,153108.187015388,11.9389000551696
"1948","81297802B93646092032264",1,83645.9333772912,83645.9333772912,11.3343480904967
"1949","81297802B93912769577432",1,216179.695173164,216179.695173164,12.2838652629089
"1950","81297802B94506734482800",1,185572.99506279,185572.99506279,12.1312035880087
"1951","81297802B94679881937971",2,81228.5427345904,162457.085469181,11.9981691564538
"1952","81297802B94958861355476",1,269446.337392037,269446.337392037,12.5041245303653
"1953","81297802B95308085705563",1,200058.04828053,200058.04828053,12.2063628448209
"1954","81297802B95607767906649",1,51078.3717618956,51078.3717618956,10.841116433403
"1955","81297802B95629282135268",1,235695.824051488,235695.824051488,12.3702973715483
"1956","81297802B95846226867008",1,55470.7723678889,55470.7723678889,10.9236115370174
"1957","81297802B9711168823282",1,52263.5743309796,52263.5743309796,10.8640549318942
"1958","81297802B97239523369157",1,89190.8292424107,89190.8292424107,11.3985335020989
"1959","81297802B97878568873252",1,104855.238105147,104855.238105147,11.5603359931666
"1960","81297802B98282177960136",1,157559.253270514,157559.253270514,11.9675568777395
"1961","81297802B99190294686821",1,303525.362945689,303525.362945689,12.6232204541801
"1962","81297802B99638089462809",1,128274.438626019,128274.438626019,11.7619272994686
"1963","81297802B99897160628736",1,226084.118244056,226084.118244056,12.3286624136232
"1964","96108325B20095781885743",1,10019.7883096412,10019.7883096412,9.21231724763337
"1965","96108325B32463735273618",1,1759.42990081108,1759.42990081108,7.47274511556508
"1966","96108325B67235694688325",1,6217.66858138458,6217.66858138458,8.73515028932439
"1967","96108325B74916276227315",1,5153.0044020616,5153.0044020616,8.54733520259947
"1968","96108325B86083732773811",1,1653.10453084332,1653.10453084332,7.41041033287145
"1969","96108325B98972581904621",1,20613.3746756037,20613.3746756037,9.93369540019938
