"","ADM2_id","total_exposure_days","total_population","total_person_day_exposure","log_total_person_day_exposure"
"1","10022922B10629043557873",1,137622.877018302,137622.877018302,11.8322724480626
"2","10022922B11040894453097",1,157308.346059746,157308.346059746,11.9659631458699
"3","10022922B1306198900476",1,174659.745707208,174659.745707208,12.0705950500363
"4","10022922B15285270155057",1,319298.516502081,319298.516502081,12.6738817325978
"5","10022922B31178585124685",1,135345.786230273,135345.786230273,11.8155881621624
"6","10022922B32937301443957",1,43623.7500049426,43623.7500049426,10.6833570059124
"7","10022922B3330352702203",1,386070.383632144,386070.383632144,12.8637749728408
"8","10022922B36895306051586",1,371455.621772704,371455.621772704,12.8251846791342
"9","10022922B38771191417556",1,56686.3005877476,56686.3005877476,10.9452878483139
"10","10022922B40533998311047",1,118280.351086491,118280.351086491,11.6808129422279
"11","10022922B42807663031303",1,220156.598383836,220156.598383836,12.3020943829529
"12","10022922B42847936410668",1,63515.2030818137,63515.2030818137,11.059034574836
"13","10022922B48021466276127",1,60895.9389161665,60895.9389161665,11.0169217670109
"14","10022922B50417492685621",1,150552.727328748,150552.727328748,11.922068649513
"15","10022922B50774823120221",1,181150.541481377,181150.541481377,12.1070836854514
"16","10022922B52736847594449",1,651119.12442923,651119.12442923,13.3864478912851
"17","10022922B53755400100934",1,124044.402046435,124044.402046435,11.7283948615111
"18","10022922B55539380638871",1,480872.801953437,480872.801953437,13.0833580691129
"19","10022922B56031688474611",1,84323.7082062235,84323.7082062235,11.342418340586
"20","10022922B59270450060951",1,61475.5467555102,61475.5467555102,11.0263947609938
"21","10022922B59328070281510",1,173514.416307142,173514.416307142,12.0640159660246
"22","10022922B63046975451138",1,50976.2988067668,50976.2988067668,10.8391160744073
"23","10022922B64856352127888",1,118539.551466813,118539.551466813,11.6830019515217
"24","10022922B65379850816186",1,565001.919097226,565001.919097226,13.2445844067551
"25","10022922B69082959012584",1,361170.515006344,361170.515006344,12.797105466535
"26","10022922B69129581267436",1,178541.223911638,178541.223911638,12.0925747998215
"27","10022922B70385192089273",1,69825.0676020054,69825.0676020054,11.1537483589763
"28","10022922B71585303896889",1,170368.816968575,170368.816968575,12.0457208776203
"29","10022922B72547257848133",1,121983.167659653,121983.167659653,11.7116383441938
"30","10022922B79563685419763",1,236884.169652925,236884.169652925,12.3753265650054
"31","10022922B80317071360034",1,177056.519773862,177056.519773862,12.0842242813402
"32","10022922B82658288648411",1,277970.814278308,277970.814278308,12.5352714025511
"33","10022922B82805843876956",1,358988.09861332,358988.09861332,12.791044515426
"34","10022922B83786714905046",1,64521.5564817628,64521.5564817628,11.074754655968
"35","10022922B85658862424992",1,264998.057073841,264998.057073841,12.4874777731447
"36","10022922B90393204210047",1,247094.307394304,247094.307394304,12.4175253540517
"37","10022922B91714644312966",1,153250.938327339,153250.938327339,11.9398319766335
"38","10022922B95964642483948",1,123712.934456259,123712.934456259,11.7257191160206
"39","10022922B99194691228489",1,300675.548726462,300675.548726462,12.6137870511592
"40","10022922B99940912082943",1,1127420.050035,1127420.050035,13.9354424387849
"41","14151628B20319301670654",1,15342.8461089692,15342.8461089692,9.63840459284662
"42","14151628B28251361437248",1,9747.83055217635,9747.83055217635,9.18480003176434
"43","14151628B39642918357252",1,100212.879733461,100212.879733461,11.5150519996264
"44","14151628B42533076410957",1,70021.078758262,70021.078758262,11.1565516008205
"45","14151628B48978228339800",1,66822.0135606636,66822.0135606636,11.1097878495582
"46","14151628B53541640625043",1,29323.3136081538,29323.3136081538,10.2861381648998
"47","14151628B53702400461405",1,56248.3722689935,56248.3722689935,10.9375323822079
"48","14151628B59272471160482",1,14076.6420966737,14076.6420966737,9.55227211381723
"49","14151628B61046117406534",1,9515.54380387782,9515.54380387782,9.16068193037014
"50","14151628B68154180840071",1,20182.5145406441,20182.5145406441,9.91257189172694
"51","14151628B8492423103487",1,187128.456366598,187128.456366598,12.1395505924483
"52","14151628B98370545668292",1,244716.389992764,244716.389992764,12.4078552271336
"53","1456440B17189259529244",1,2679.03140649156,2679.03140649156,7.89321059269036
"54","1456440B2347802332561",1,4703.17237401076,4703.17237401076,8.45599253319997
"55","1456440B30022647812570",1,1316.33462948459,1316.33462948459,7.18260635728601
"56","1456440B30822357340136",1,6020.76716988695,6020.76716988695,8.70296996704178
"57","1456440B3381431616278",1,12549.8867351202,12549.8867351202,9.43746691942918
"58","1456440B38299420542047",1,NA,NA,NA
"59","1456440B41515061278311",1,4258.09949622464,4258.09949622464,8.35657821207207
"60","1456440B42858998503900",1,12743.2872423769,12743.2872423769,9.45275992114766
"61","1456440B45455972514267",1,NA,NA,NA
"62","1456440B5266372606878",1,22597.4899478315,22597.4899478315,10.025594114837
"63","1456440B54087410472023",1,9546.59293142191,9546.59293142191,9.16393960871274
"64","1456440B59769308078565",1,7555.09185176859,7555.09185176859,8.92997703237861
"65","1456440B59944424745172",1,17822.3295355111,17822.3295355111,9.78820741837941
"66","1456440B62290110422722",1,3519.68474400593,3519.68474400593,8.16612670321933
"67","1456440B63332510884225",1,8015.02337101459,8015.02337101459,8.9890729809489
"68","1456440B68597198845590",1,15941.760810066,15941.760810066,9.67669741111581
"69","1456440B69828690893614",1,NA,NA,NA
"70","1456440B76393603142959",1,21692.0371009272,21692.0371009272,9.98470051831018
"71","1456440B85489993561805",1,10749.7626547229,10749.7626547229,9.28263895468164
"72","1456440B85935550107059",1,17111.2783404314,17111.2783404314,9.74749307715389
"73","1456440B92384260503294",1,8736.52570106753,8736.52570106753,9.07526787257841
"74","17275852B10013747765987",1,1293176.150294,1293176.150294,14.0726118822677
"75","17275852B11386974868733",1,818685.045906387,818685.045906387,13.6154547295404
"76","17275852B11515718016488",1,530278.242309428,530278.242309428,13.1811571332611
"77","17275852B11835060574612",1,424568.928824973,424568.928824973,12.9588296480536
"78","17275852B12258272370747",1,615923.059816357,615923.059816357,13.3308773318191
"79","17275852B13333769593378",1,433041.624814547,433041.624814547,12.9785891335757
"80","17275852B1426474864351",1,807499.831583983,807499.831583983,13.6016981255142
"81","17275852B15154532755577",1,1392117.98985913,1392117.98985913,14.1463368791142
"82","17275852B15295182424688",1,189311.338779948,189311.338779948,12.1511482338713
"83","17275852B15995572811192",2,322237.946582314,644475.893164628,13.376192696728
"84","17275852B16277870573564",1,488135.697643148,488135.697643148,13.0983487151222
"85","17275852B1643752484532",1,980491.397566591,980491.397566591,13.7958091510631
"86","17275852B16521843045020",1,1415177.28379769,1415177.28379769,14.1627653701144
"87","17275852B17333277010720",1,631832.693572555,631832.693572555,13.3563799127232
"88","17275852B17765750844334",1,1496867.88494298,1496867.88494298,14.2188854062961
"89","17275852B17785585955827",2,664649.07122476,1329298.14244952,14.1001616484648
"90","17275852B18196453405091",1,809400.631352729,809400.631352729,13.6040492914492
"91","17275852B1821978982236",1,120294.112065726,120294.112065726,11.6976949570054
"92","17275852B18968160632662",1,875170.490152042,875170.490152042,13.6821739922478
"93","17275852B19079798784363",1,356272.189420944,356272.189420944,12.7834502947192
"94","17275852B19231985776314",1,568664.58356765,568664.58356765,13.2510460552305
"95","17275852B19348529307540",1,908738.358181791,908738.358181791,13.7198124969437
"96","17275852B19798754149723",1,690194.282313373,690194.282313373,13.4447284055106
"97","17275852B19818628165379",1,1015838.73901859,1015838.73901859,13.8312251730846
"98","17275852B19868960828514",1,849726.872850836,849726.872850836,13.6526702507724
"99","17275852B19894710040929",1,853999.315119871,853999.315119871,13.657685670803
"100","17275852B20120152097084",1,848701.541747877,848701.541747877,13.6514628625555
"101","17275852B2047862171292",1,497359.715622936,497359.715622936,13.11706881717
"102","17275852B21404145859662",1,322142.622504636,322142.622504636,12.6827496534964
"103","17275852B21842931785294",2,2065674.17264532,4131348.34529064,15.2341143875129
"104","17275852B2295538790743",1,1444433.5186088,1444433.5186088,14.1832277740209
"105","17275852B23391188567726",1,2089133.59137935,2089133.59137935,14.5522599884123
"106","17275852B23794965725628",1,738498.797852714,738498.797852714,13.5123747531292
"107","17275852B24204237780737",1,230841.11873119,230841.11873119,12.3494849551621
"108","17275852B2433692358799",1,635658.690715855,635658.690715855,13.3624170484564
"109","17275852B24445486288332",2,318700.450420694,637400.900841388,13.3651540942706
"110","17275852B24519549956623",1,876583.217826535,876583.217826535,13.6837869221641
"111","17275852B25965384817686",1,2691560.40635552,2691560.40635552,14.8056316601107
"112","17275852B26545854509310",1,1201890.68734275,1201890.68734275,13.9994064476313
"113","17275852B26690160376255",1,1243162.00597596,1243162.00597596,14.0331686966549
"114","17275852B27557602684751",1,392922.965384737,392922.965384737,12.8813688548049
"115","17275852B27877276340012",1,3819953.63630036,3819953.63630036,15.155748843415
"116","17275852B28001364673929",1,2277043.40546932,2277043.40546932,14.6383884074331
"117","17275852B282910546940",1,950803.969909982,950803.969909982,13.765063189796
"118","17275852B29214488763632",1,387410.390286695,387410.390286695,12.8672398501599
"119","17275852B29761342187520",1,1366539.78941402,1366539.78941402,14.1277924016827
"120","17275852B30419994709301",1,1629157.98169862,1629157.98169862,14.3035738636668
"121","17275852B30734228092100",1,892755.899345028,892755.899345028,13.7020684734943
"122","17275852B30975390905787",1,118803.460392226,118803.460392226,11.6852258133672
"123","17275852B31429968474935",1,513844.662011743,513844.662011743,13.1496762847765
"124","17275852B31711539663260",1,3544371.46402711,3544371.46402711,15.0808714001205
"125","17275852B33382458843189",1,7775332.62944521,7775332.62944521,15.8664667970367
"126","17275852B34459657062621",1,469350.61156268,469350.61156268,13.0591053407635
"127","17275852B34966799109471",2,NA,NA,NA
"128","17275852B35416849225692",2,1419949.50727007,2839899.01454014,14.8592790512447
"129","17275852B36539700725824",1,1901118.13259157,1901118.13259157,14.4579527618815
"130","17275852B3689978228404",1,557130.638200918,557130.638200918,13.2305550303698
"131","17275852B3726458161276",1,849621.569963497,849621.569963497,13.6525463175226
"132","17275852B37463175613953",1,300251.517723588,300251.517723588,12.6123757947957
"133","17275852B37976290279083",1,2383206.15723627,2383206.15723627,14.6839572639782
"134","17275852B38552083710936",1,615665.256327875,615665.256327875,13.33045867976
"135","17275852B38667129164520",1,148926.265875153,148926.265875153,11.9112066025457
"136","17275852B38988280096574",1,8779680.29227543,8779680.29227543,15.9879505517678
"137","17275852B39380894050966",1,1769149.78820757,1769149.78820757,14.3860096435016
"138","17275852B40414648244388",1,380081.49858867,380081.49858867,12.8481409786774
"139","17275852B40934974334003",1,1096421.29395244,1096421.29395244,13.9075620649227
"140","17275852B41312334217118",1,956788.700119616,956788.700119616,13.7713378520331
"141","17275852B41676374519260",1,1500810.92890639,1500810.92890639,14.2215161392614
"142","17275852B42704411692482",1,1070095.54083648,1070095.54083648,13.8832584929533
"143","17275852B43390854487846",1,602507.98435784,602507.98435784,13.3088561963053
"144","17275852B44304898110438",1,816878.30289902,816878.30289902,13.6132454066871
"145","17275852B45390451107599",1,1656565.19146056,1656565.19146056,14.3202568548892
"146","17275852B45836875085514",1,819308.337938767,819308.337938767,13.6162157729837
"147","17275852B4692792810033",1,844818.613319737,844818.613319737,13.6468772245036
"148","17275852B46978756476047",2,223634.180768214,447268.361536428,13.0109140548299
"149","17275852B46998996515844",1,713375.758104097,713375.758104097,13.4777635705391
"150","17275852B47086513907411",1,516152.43487913,516152.43487913,13.1541574172693
"151","17275852B47532353262214",1,1330462.84751366,1330462.84751366,14.1010374453074
"152","17275852B47587357578303",1,469600.900748169,469600.900748169,13.0596384656121
"153","17275852B47611300766307",1,648409.440738867,648409.440738867,13.3822776287914
"154","17275852B47804746725670",1,865227.185828086,865227.185828086,13.6707473940053
"155","17275852B47839165615513",1,20946.4420564199,20946.4420564199,9.94972408068501
"156","17275852B49260746635311",1,547841.000660037,547841.000660037,13.2137403790491
"157","17275852B49878870319406",1,1187702.90000955,1187702.90000955,13.9875316634614
"158","17275852B50094796791007",1,934601.082336633,934601.082336633,13.7478750673225
"159","17275852B50490784073671",1,1114927.12970762,1114927.12970762,13.9242996062183
"160","17275852B50589627480209",1,509398.252451661,509398.252451661,13.1409854109202
"161","17275852B50974554768856",1,375760.033423182,375760.033423182,12.8367060096491
"162","17275852B52216203262250",1,443508.742223372,443508.742223372,13.0024727924278
"163","17275852B52304964201578",1,429952.512186236,429952.512186236,12.971430044795
"164","17275852B53059710714494",1,814140.787252172,814140.787252172,13.6098885873415
"165","17275852B53915190353866",1,1333758.21114496,1333758.21114496,14.103511238014
"166","17275852B54162792876952",1,1208345.42457764,1208345.42457764,14.0047625640997
"167","17275852B54668809399872",1,1197533.6803015,1197533.6803015,13.9957747333844
"168","17275852B5503806020979",1,345615.366770891,345615.366770891,12.7530817789597
"169","17275852B56120808638546",1,483199.452810264,483199.452810264,13.088184793173
"170","17275852B56364962136156",1,6882035.42693838,6882035.42693838,15.7444250130942
"171","17275852B5638517994669",1,671421.774445203,671421.774445203,13.417152794407
"172","17275852B57618783853866",1,777808.584912501,777808.584912501,13.5642357380722
"173","17275852B57638199041654",1,433705.151519871,433705.151519871,12.980120207825
"174","17275852B57935643580189",1,186901.390852071,186901.390852071,12.1383364351071
"175","17275852B58322219662995",1,1542109.02596544,1542109.02596544,14.2486615348637
"176","17275852B58372427564761",1,1106191.41757921,1106191.41757921,13.9164335180415
"177","17275852B59014028549632",1,1203985.11990005,1203985.11990005,14.0011475458875
"178","17275852B59692497706789",1,1136826.9097558,1136826.9097558,13.9437515269801
"179","17275852B59747399545028",1,767722.632733587,767722.632733587,13.5511837916027
"180","17275852B59999785344373",1,707142.921227215,707142.921227215,13.4689880761139
"181","17275852B60182527489554",2,482989.735262399,965979.470524798,13.7808978609241
"182","17275852B61784384670895",1,968647.792369446,968647.792369446,13.7836563494328
"183","17275852B620737032798",1,34538.3861269757,34538.3861269757,10.4498266258544
"184","17275852B62298947029961",1,1004624.45992246,1004624.45992246,13.8201243579237
"185","17275852B62317461872302",1,1001240.748583,1001240.748583,13.8167505374549
"186","17275852B62801448851597",1,948389.580864946,948389.580864946,13.7625206470997
"187","17275852B64916188375107",1,1083709.49470443,1083709.49470443,13.8959004312499
"188","17275852B66204891178522",1,3411144.35735036,3411144.35735036,15.0425583816282
"189","17275852B66962615782513",1,1772418.29084741,1772418.29084741,14.3878554380733
"190","17275852B67003966243436",1,1186325.18906557,1186325.18906557,13.9863710107253
"191","17275852B67564907021397",1,2342141.98612238,2342141.98612238,14.6665764473151
"192","17275852B68011043448207",1,91000.1144840272,91000.1144840272,11.4186160435644
"193","17275852B68125086146269",1,555987.951126972,555987.951126972,13.228501902363
"194","17275852B68385724746726",1,868349.852969719,868349.852969719,13.6743499688538
"195","17275852B68859127780148",1,1222714.79116067,1222714.79116067,14.016584183189
"196","17275852B69068872724558",1,1625601.44234397,1625601.44234397,14.3013884236346
"197","17275852B71290929913135",1,385036.2584571,385036.2584571,12.8610927866461
"198","17275852B71370953459893",1,1282055.32532397,1282055.32532397,14.0639750710105
"199","17275852B71635948673445",1,537077.317450313,537077.317450313,13.1938973434812
"200","17275852B71641756163868",1,400196.180338418,400196.180338418,12.8997101567045
"201","17275852B71820490263286",1,1365890.88934422,1365890.88934422,14.1273174398935
"202","17275852B72633077913274",1,486006.983996228,486006.983996228,13.093978273142
"203","17275852B72819681774342",1,321946.523455049,321946.523455049,12.6821407345078
"204","17275852B7296923051238",1,1892714.64024644,1892714.64024644,14.4535226741091
"205","17275852B73358438455895",1,1277402.7769961,1277402.7769961,14.0603394940513
"206","17275852B74040811495822",2,710487.191410654,1420974.38282131,14.1668533793455
"207","17275852B75559495982426",1,328407.154039308,328407.154039308,12.7020094408521
"208","17275852B75685650180995",1,1149302.00813108,1149302.00813108,13.9546653666198
"209","17275852B75763620561947",1,929953.79943006,929953.79943006,13.7428901858633
"210","17275852B77187634403002",1,360328.760267945,360328.760267945,12.7947721166644
"211","17275852B77679479199341",1,474072.420079597,474072.420079597,13.0691153739848
"212","17275852B7795452989931",1,785979.366320421,785979.366320421,13.574685819566
"213","17275852B78816749784203",1,1259320.30167278,1259320.30167278,14.046082690259
"214","17275852B78973254528560",1,564149.550323228,564149.550323228,13.243074655479
"215","17275852B78988614189372",1,3031335.35031067,3031335.35031067,14.9245137900751
"216","17275852B79149802712659",1,1042189.96721872,1042189.96721872,13.8568347948697
"217","17275852B79176055066883",1,816737.568611286,816737.568611286,13.613073108792
"218","17275852B80148882172064",1,3099403.12626862,3099403.12626862,14.9467201110038
"219","17275852B80309702523612",1,505713.247468681,505713.247468681,13.1337250830245
"220","17275852B80982691802979",1,1175935.62827532,1175935.62827532,13.9775746680814
"221","17275852B8306530590796",2,221562.279616515,443124.55923303,13.0016061815894
"222","17275852B83100874373445",1,958463.578304579,958463.578304579,13.7730868421069
"223","17275852B83167737560066",1,481222.39380226,481222.39380226,13.084084799411
"224","17275852B83740928033028",1,298885.502068704,298885.502068704,12.607815842809
"225","17275852B84281685795050",1,311249.847861831,311249.847861831,12.6483512379636
"226","17275852B84693836922329",1,650346.317018794,650346.317018794,13.3852602954003
"227","17275852B85236269968714",1,447004.924790757,447004.924790757,13.010324890964
"228","17275852B85583949591367",1,274927.511938214,274927.511938214,12.52426274895
"229","17275852B85962848339274",1,837843.45874985,837843.45874985,13.6385865586132
"230","17275852B86000242921086",1,741429.11050174,741429.11050174,13.5163348331601
"231","17275852B86267588373141",1,555108.252849868,555108.252849868,13.2269184238887
"232","17275852B87913405117604",1,1050424.8889487,1050424.8889487,13.8647052964241
"233","17275852B87965925400106",2,99894.655542746,199789.311085492,12.2050186456949
"234","17275852B88042861362346",1,202297.693917503,202297.693917503,12.2174956237706
"235","17275852B88397834773158",1,368812.273249257,368812.273249257,12.8180430489863
"236","17275852B89468905887192",1,1065445.05420199,1065445.05420199,13.8789031611029
"237","17275852B90270417137698",1,537579.520951008,537579.520951008,13.1948319739964
"238","17275852B90337226463204",1,706988.105685019,706988.105685019,13.4687691210951
"239","17275852B90470795224142",1,1030537.74415671,1030537.74415671,13.8455913056741
"240","17275852B90712148595772",1,422802.4391511,422802.4391511,12.9546603020039
"241","17275852B90975196028640",1,680348.316298227,680348.316298227,13.4303601758577
"242","17275852B91399175623236",1,55377.632734698,55377.632734698,10.921931049959
"243","17275852B92006637325800",1,1084875.98611866,1084875.98611866,13.896976239916
"244","17275852B92305935351425",1,575980.003909301,575980.003909301,13.2638282236402
"245","17275852B93478142128701",1,744258.668546972,744258.668546972,13.5201439261692
"246","17275852B93697739867414",1,481313.796918283,481313.796918283,13.0842747208232
"247","17275852B93743910489906",1,381199.974494889,381199.974494889,12.8510793838548
"248","17275852B94043796158502",1,601074.617677054,601074.617677054,13.3064743616793
"249","17275852B94125045231898",1,1558423.6765649,1558423.6765649,14.2591854046226
"250","17275852B94869101817355",1,1552366.51397769,1552366.51397769,14.2552911077583
"251","17275852B95240086472657",1,992252.543249511,992252.543249511,13.8077329337557
"252","17275852B95277244028777",1,1493601.82837289,1493601.82837289,14.2167010953472
"253","17275852B95440277175473",1,935147.088903517,935147.088903517,13.7484591102335
"254","17275852B95583475247133",2,1633035.81068865,3266071.6213773,14.9990984816589
"255","17275852B95785410461796",1,1254166.59007809,1254166.59007809,14.0419818383039
"256","17275852B97102685179742",1,831556.264423492,831556.264423492,13.6310542414996
"257","17275852B97535760935977",1,1270643.74644134,1270643.74644134,14.0550342169727
"258","17275852B97789498538539",1,270144.793040656,270144.793040656,12.5067133647598
"259","17275852B97964298438185",1,753124.060015232,753124.060015232,13.5319852475478
"260","17275852B98379602519550",1,1270691.77568589,1270691.77568589,14.0550720154012
"261","17275852B98384028469199",1,853295.151732727,853295.151732727,13.6568607827234
"262","17275852B98647576585138",1,330811.735786154,330811.735786154,12.7093047184859
"263","17275852B98717202018932",1,395167.384142359,395167.384142359,12.8870647114459
"264","17275852B98852550499473",1,36023.4581954247,36023.4581954247,10.4919256217679
"265","17275852B99281854206248",1,963202.000579245,963202.000579245,13.7780184305479
"266","17275852B99609570013934",1,839988.785999586,839988.785999586,13.6411438207299
"267","22064153B10063200690088",1,4179.48018912873,4179.48018912873,8.3379421611181
"268","22064153B10136144710667",2,298700.656656226,597401.313312452,13.3003443831421
"269","22064153B10207741545348",1,209533.471722538,209533.471722538,12.2526387751412
"270","22064153B10383419065697",1,18923.3840305114,18923.3840305114,9.84815368657594
"271","22064153B10436959918879",2,75538.2154142064,151076.430828413,11.9255411521656
"272","22064153B1052554637005",2,171550.587821031,343101.175642062,12.7457806553696
"273","22064153B10622080660464",2,134936.899238024,269873.798476048,12.5057097156573
"274","22064153B11326037690958",1,39774.082719418,39774.082719418,10.5909707912032
"275","22064153B11347435242213",2,NA,NA,NA
"276","22064153B11384904576552",2,140305.743592516,280611.487185032,12.5447263837492
"277","22064153B114806197531",2,38024.6295920175,76049.259184035,11.2391365564702
"278","22064153B11481996196295",2,53251.4486182769,106502.897236554,11.5759274678607
"279","22064153B11493994144660",1,58482.9710093268,58482.9710093268,10.9764908969862
"280","22064153B11591323942731",1,252524.823133145,252524.823133145,12.4392648323037
"281","22064153B11669654963101",1,15328.1569194056,15328.1569194056,9.63744673759336
"282","22064153B11731771091880",1,28508.4791889098,28508.4791889098,10.2579568374082
"283","22064153B11870363925687",1,7591.58104867296,7591.58104867296,8.93479515550486
"284","22064153B11880020551001",1,156694.417348131,156694.417348131,11.9620528013415
"285","22064153B12049663471572",2,146427.672364203,292855.344728406,12.5874340620886
"286","22064153B12114341004920",1,11662.9160976314,11662.9160976314,9.36416952277264
"287","22064153B12165260283396",1,4820.42450240726,4820.42450240726,8.48061727420547
"288","22064153B12172811493606",1,5966.4437233259,5966.4437233259,8.69390633765694
"289","22064153B12662900476516",3,34625.6877378836,103877.063213651,11.5509633944264
"290","22064153B12979096179166",2,50226.6384613449,100453.27692269,11.517447992137
"291","22064153B1320154413470",5,12478.0573229835,62390.2866149175,11.0411648790183
"292","22064153B13215881329963",5,6895.84501413954,34479.2250706977,10.4481122497773
"293","22064153B13237952508684",1,61790.6632699804,61790.6632699804,11.0315075522583
"294","22064153B13347263805777",2,223991.770807573,447983.541615146,13.0125117732561
"295","22064153B13436797224753",2,19816.8409377802,39633.6818755604,10.587434588141
"296","22064153B13708684658213",1,21148.3349921521,21148.3349921521,9.95931645760023
"297","22064153B13786864628755",1,31147.7942309847,31147.7942309847,10.346498710504
"298","22064153B13931010812226",1,29695.0695537173,29695.0695537173,10.2987363027175
"299","22064153B14001863011483",2,3258.9648338321,6517.9296676642,8.78231206886126
"300","22064153B14023525117600",2,217969.709816109,435939.419632218,12.9852585668796
"301","22064153B14175701044712",1,15736.457132879,15736.457132879,9.66373540977906
"302","22064153B14191280892347",2,NA,NA,NA
"303","22064153B1420949553929",2,NA,NA,NA
"304","22064153B14260428934540",2,105630.015658513,211260.031317026,12.2608450296164
"305","22064153B14538950261497",1,17164.1208686854,17164.1208686854,9.75057648807482
"306","22064153B14602941038291",1,17946.2276452491,17946.2276452491,9.79513521279087
"307","22064153B14641047530321",2,3922.9222375195,7845.844475039,8.96773930437561
"308","22064153B14902090044751",1,12572.1647698435,12572.1647698435,9.43924050392794
"309","22064153B15139247492815",1,3188.27821731802,3188.27821731802,8.06723630627732
"310","22064153B15197878860903",4,16433.0162729877,65732.0650919508,11.0933421385634
"311","22064153B15331758585451",2,3115.68231008096,6231.36462016192,8.73735062795011
"312","22064153B15346425233004",2,51093.8195853229,102187.639170646,11.5345660019874
"313","22064153B15402468552112",1,24745.0062960647,24745.0062960647,10.1163789818238
"314","22064153B15500594562934",1,19929.27421265,19929.27421265,9.89994499571734
"315","22064153B15685220899740",1,8001.98331474338,8001.98331474338,8.98744470427921
"316","22064153B15714680533513",2,151756.944820503,303513.889641006,12.6231826533143
"317","22064153B1576921955547",2,158771.794965965,317543.58993193,12.6683703790155
"318","22064153B1618089964650",2,76689.8012049664,153379.602409933,11.9406711891257
"319","22064153B16264764307082",1,105976.710838356,105976.710838356,11.5709746398825
"320","22064153B16354527619629",1,18725.3158063469,18725.3158063469,9.83763167373569
"321","22064153B16459031557594",2,830387.73498254,1660775.46996508,14.3227952018332
"322","22064153B16549607437005",1,74919.3679342541,74919.3679342541,11.2241677199802
"323","22064153B16569113596510",1,5101.00384321743,5101.00384321743,8.53719263134696
"324","22064153B16625159005652",2,73456.6569358461,146913.313871692,11.8975979902654
"325","22064153B1700256392599",2,6724.40716569134,13448.8143313827,9.50664622734367
"326","22064153B17110513567738",1,10964.0088463391,10964.0088463391,9.30237326427561
"327","22064153B17150931610065",2,92998.1039123539,185996.207824708,12.1334815644483
"328","22064153B17160397070793",2,147055.120250807,294110.240501614,12.5917099437306
"329","22064153B17402484703457",1,6103.94225998663,6103.94225998663,8.71669011354646
"330","22064153B17443115546549",2,101510.614386991,203021.228773982,12.2210658277976
"331","22064153B17498929592878",1,18381.0017475953,18381.0017475953,9.81907289646994
"332","22064153B17547452708566",2,114657.983647442,229315.967294884,12.3428561013753
"333","22064153B17605300042191",1,53669.2820700439,53669.2820700439,10.8905960883354
"334","22064153B17622592602982",1,5122.86773952749,5122.86773952749,8.54146966660955
"335","22064153B17640645318479",2,2505.02049258978,5010.04098517956,8.51919937472001
"336","22064153B17786192900668",4,308123.408592672,1232493.63437069,14.0245500200748
"337","22064153B17824097613778",2,36425.9319311316,72851.8638622632,11.1961833962276
"338","22064153B17910960265215",2,163055.14923976,326110.29847952,12.6949909420194
"339","22064153B17932497232001",2,69685.8465436223,139371.693087245,11.8448996941867
"340","22064153B18037782605293",1,48056.987971957,48056.987971957,10.7801428350825
"341","22064153B18197472399049",1,277558.890352736,277558.890352736,12.533788407141
"342","22064153B18284871190784",1,12093.3017746278,12093.3017746278,9.40040700596228
"343","22064153B18309118681649",1,13576.7174075821,13576.7174075821,9.51611164932917
"344","22064153B18476481818662",2,5364.35819942731,10728.7163988546,9.28067920114866
"345","22064153B18486924389046",2,NA,NA,NA
"346","22064153B18585174510843",2,45131.178493268,90262.356986536,11.4104757863409
"347","22064153B1875178256639",1,9196.28447645894,9196.28447645894,9.12655482020875
"348","22064153B18860011713755",2,101653.872444948,203307.744889896,12.2224760947585
"349","22064153B18872085958488",3,9237.23481026777,27711.7044308033,10.2296101455577
"350","22064153B18981391951778",1,11329.0132283542,11329.0132283542,9.33512225652699
"351","22064153B19003983421075",1,7775.7428468472,7775.7428468472,8.95876427548635
"352","22064153B19025451607548",1,67438.1341406919,67438.1341406919,11.11896592534
"353","22064153B19125244688726",1,434633.05723694,434633.05723694,12.9822574075034
"354","22064153B19140159564863",2,1688.84701125628,3377.69402251256,8.12494851378399
"355","22064153B19332172900276",1,55458.2688850143,55458.2688850143,10.9233861049252
"356","22064153B19491219462886",2,49185.563010584,98371.126021168,11.4965026052357
"357","22064153B19507094368728",1,7781.78800351412,7781.78800351412,8.95954141127085
"358","22064153B19608243669398",1,15713.7542903477,15713.7542903477,9.66229167726044
"359","22064153B19633670255011",2,235708.933195516,471417.866391032,13.0635001694682
"360","22064153B19687868642382",2,30544.7289222539,61089.4578445078,11.0200945909033
"361","22064153B20100015994007",2,NA,NA,NA
"362","22064153B20112956451443",2,6002.44024753355,12004.8804950671,9.39306855400915
"363","22064153B20391309220421",1,5451.41935977484,5451.41935977484,8.60363128673672
"364","22064153B20504043763502",2,241620.263176552,483240.526353104,13.0882697928497
"365","22064153B20548004874718",2,138991.823185913,277983.646371826,12.5353175649418
"366","22064153B20607189577313",2,10574.5998894065,21149.199778813,9.95935734824153
"367","22064153B20764763312334",2,100425.892176273,200851.784352546,12.2103225237537
"368","22064153B20929599780208",1,3852.96874738313,3852.96874738313,8.25659923335089
"369","22064153B20986912902018",2,60811.3388038632,121622.677607726,11.708678724611
"370","22064153B21018855363784",1,2516.8242444519,2516.8242444519,7.8307531653043
"371","22064153B21038809643944",1,12749.4262342865,12749.4262342865,9.45324154834156
"372","22064153B21224542742547",2,20153.1334885725,40306.266977145,10.6042622439624
"373","22064153B21418638291073",1,11182.2229194012,11182.2229194012,9.32208055694513
"374","22064153B21463927954199",1,77305.9127815426,77305.9127815426,11.2555257230026
"375","22064153B21496575286327",2,35050.3894607814,70100.7789215628,11.1576891845382
"376","22064153B21529335846532",1,7900.40822313971,7900.40822313971,8.97466971093522
"377","22064153B21553303139286",2,56934.0589360682,113868.117872136,11.6427961969259
"378","22064153B21572106271359",2,69817.6807238844,139635.361447769,11.8467897427338
"379","22064153B21585833160132",2,239258.973876142,478517.947752284,13.078448997536
"380","22064153B21781575553931",1,82535.9072039312,82535.9072039312,11.3209887164694
"381","22064153B21914755064517",1,40180.9277189811,40180.9277189811,10.6011477271761
"382","22064153B21930418676565",1,79534.1540196048,79534.1540196048,11.2839418186958
"383","22064153B22404901625877",1,45079.0830584161,45079.0830584161,10.7161736276278
"384","22064153B22522574438890",2,61155.4232968122,122310.846593624,11.7143210061615
"385","22064153B22685350390729",2,258670.093543501,517340.187087002,13.1564559392046
"386","22064153B22770542866151",2,24202.6675311851,48405.3350623702,10.7873653151914
"387","22064153B22863459733327",2,43724.9591327648,87449.9182655296,11.378821545804
"388","22064153B23017512967810",2,538458.036929048,1076916.0738581,13.8896120272508
"389","22064153B23148495981135",2,1242179.13815403,2484358.27630806,14.7255249452532
"390","22064153B23217272115075",2,46318.7287681215,92637.457536243,11.4364488478733
"391","22064153B23299113779671",3,5078.50266164441,15235.5079849332,9.63138403414803
"392","22064153B23384477642602",1,16067.8883725467,16067.8883725467,9.68457804826477
"393","22064153B23745136254640",2,190393.248021759,380786.496043518,12.8499941192
"394","22064153B23846455241552",1,123647.223919843,123647.223919843,11.7251878215843
"395","22064153B24235604109925",1,51922.275411228,51922.275411228,10.8575031757495
"396","22064153B24250896793566",1,12742.196523063,12742.196523063,9.4526743258084
"397","22064153B24327518891099",2,131253.104801712,262506.209603424,12.4780300163661
"398","22064153B24375638846800",2,255776.924523087,511553.849046174,13.1452081355602
"399","22064153B2446826655857",2,82505.3644368833,165010.728873767,12.0137657742462
"400","22064153B249766001509",2,70555.3043027912,141110.608605582,11.8572993200294
"401","22064153B25042190901764",1,592227.136974617,592227.136974617,13.2916455176028
"402","22064153B25117865605166",1,34129.9039585209,34129.9039585209,10.4379292279068
"403","22064153B25299017238233",2,NA,NA,NA
"404","22064153B25382009967091",2,29968.9293202907,59937.8586405814,11.0010636151838
"405","22064153B25439030249227",2,7721.15789229419,15442.3157845884,9.64486679838045
"406","22064153B25557212584140",2,334595.242778435,669190.48555687,13.4138240303561
"407","22064153B25624433633857",2,16123.3561730821,32246.7123461642,10.3811713742728
"408","22064153B25692242595445",1,27860.7444783778,27860.7444783778,10.2349739691009
"409","22064153B25968534985503",1,40243.0109931973,40243.0109931973,10.602691627849
"410","22064153B26033089234228",1,155625.96306871,155625.96306871,11.9552107345753
"411","22064153B26111310234357",2,30364.7999848016,60729.5999696032,11.0141865018389
"412","22064153B26168625636469",2,669.495422930581,1338.99084586116,7.19967150911901
"413","22064153B26379129013913",2,390910.31835352,781820.63670704,13.5693806283946
"414","22064153B26432964343600",2,76481.005241759,152962.010483518,11.9379448720503
"415","22064153B26463696706835",2,194775.246703873,389550.493407746,12.8727487723677
"416","22064153B26513167275722",3,10874.452742036,32623.358226108,10.3927838207874
"417","22064153B26624831097193",1,7587.16358519872,7587.16358519872,8.93421309635497
"418","22064153B26660671620175",2,731618.548959212,1463237.09791842,14.1961617297002
"419","22064153B26661145575054",2,50780.9582628185,101561.916525637,11.5284239065113
"420","22064153B26884354260890",4,104443.05373082,417772.21492328,12.942691622598
"421","22064153B27046387100615",2,40910.0470374944,81820.0940749888,11.3122781412626
"422","22064153B2722132887235",1,6093.97767897052,6093.97767897052,8.71505629675104
"423","22064153B27247213696549",2,274822.258965087,549644.517930174,13.2170270172107
"424","22064153B27367893757530",1,43371.9684425337,43371.9684425337,10.6775686229918
"425","22064153B27378883096087",2,606015.526713936,1212031.05342787,14.0078080669233
"426","22064153B27741683898286",1,54392.7296960465,54392.7296960465,10.9039857786194
"427","22064153B27870068763569",1,14646.8060651695,14646.8060651695,9.59197757464688
"428","22064153B28035717704665",2,46461.0993639222,92922.1987278444,11.4395178491942
"429","22064153B28200881155358",2,14015.1405706137,28030.2811412274,10.2410406741202
"430","22064153B28337090831591",2,372344.375274818,744688.750549636,13.5207216255683
"431","22064153B28412414302225",1,26381.9380786118,26381.9380786118,10.1804348912987
"432","22064153B28414045924235",2,3820.56763157654,7641.13526315308,8.94130146577502
"433","22064153B28562561290701",2,22886.1899810002,45772.3799620004,10.7314361305917
"434","22064153B28607831481816",1,4815.07286312813,4815.07286312813,8.47950645664694
"435","22064153B28841810223211",2,53876.9144290887,107753.828858177,11.5876045419813
"436","22064153B28864104730432",2,53392.0195367866,106784.039073573,11.5785637474633
"437","22064153B29022768014976",1,28447.6619377182,28447.6619377182,10.2558212547264
"438","22064153B29179737200672",1,45885.7742537412,45885.7742537412,10.7339104188983
"439","22064153B29189264860619",1,99382.3728430028,99382.3728430028,11.5067300413354
"440","22064153B29202371584226",2,230493.784431367,460987.568862734,13.0411263560246
"441","22064153B29481673904994",1,6122.92156652423,6122.92156652423,8.71979464174774
"442","22064153B29606246418188",1,77632.4161222204,77632.4161222204,11.2597403524787
"443","22064153B29987612249320",1,56334.4413952858,56334.4413952858,10.9390613747825
"444","22064153B30363651690938",2,333549.92158789,667099.84317578,13.4106950036141
"445","22064153B30432270495602",1,24002.8264450386,24002.8264450386,10.0859268709392
"446","22064153B30625233243143",2,36903.5803212428,73807.1606424856,11.2092110335576
"447","22064153B30746537151350",1,647.003912838352,647.003912838352,6.47235234214622
"448","22064153B30747054135081",2,187420.538538603,374841.077077206,12.8342574206655
"449","22064153B31050453163422",2,3369.95020639577,6739.90041279154,8.81580042824698
"450","22064153B31135289991863",2,81761.816729642,163523.633459284,12.0047128060251
"451","22064153B31303079621207",2,84131.9459211202,168263.89184224,12.0332888107686
"452","22064153B31739798993993",1,24719.7294814955,24719.7294814955,10.1153569682065
"453","22064153B31828477920697",2,73967.6878513913,147935.375702783,11.9045308067297
"454","22064153B31988030206411",2,52733.374780657,105466.749561314,11.5661510121868
"455","22064153B32144271118289",4,5275.84626166647,21103.3850466659,9.95718873534878
"456","22064153B32207594646608",2,18023.2013529246,36046.4027058492,10.4925623514886
"457","22064153B32423608968976",1,13326.545937901,13326.545937901,9.49751326015823
"458","22064153B32454677361309",1,66025.3479629838,66025.3479629838,11.0977940073216
"459","22064153B32459042913276",1,17204.1562119336,17204.1562119336,9.75290627383994
"460","22064153B32499931661973",2,162867.328515563,325734.657031126,12.6938383934362
"461","22064153B32594171484977",1,8173.68105940495,8173.68105940495,9.00867464444994
"462","22064153B3260295763556",2,43864.8186910498,87729.6373820996,11.3820150617741
"463","22064153B32622592109390",2,764119.656977272,1528239.31395454,14.2396268555253
"464","22064153B32661608825034",2,531232.135724766,1062464.27144953,13.8761015523443
"465","22064153B32663760346389",1,67772.7535969256,67772.7535969256,11.1239155288072
"466","22064153B32697897340727",2,51525.3713381225,103050.742676245,11.5429767932431
"467","22064153B3280524188858",2,89898.5008254394,179797.001650879,12.0995837248566
"468","22064153B33022261417007",2,34639.1141770649,69278.2283541298,11.1458859706537
"469","22064153B33572200276184",1,1720.76372440454,1720.76372440454,7.4505234970738
"470","22064153B33610753881119",2,28158.1136672727,56316.2273345454,10.9387380023408
"471","22064153B33757504335053",2,116582.585366839,233165.170733678,12.3595023686749
"472","22064153B3395766783425",2,6274.92784464125,12549.8556892825,9.43746444563187
"473","22064153B3414994926035",3,16595.0650044317,49785.1950132951,10.815472929924
"474","22064153B34173315549622",2,21053.9301455691,42107.8602911382,10.6479897074959
"475","22064153B34391184874660",1,618.318275718267,618.318275718267,6.4270033341388
"476","22064153B34439901226362",2,688335.138398101,1376670.2767962,14.1351782986358
"477","22064153B34443868046446",2,602255.988366673,1204511.97673335,14.0015850443113
"478","22064153B34645070246824",2,133178.368897121,266356.737794242,12.4925918087935
"479","22064153B34770411990432",2,208422.389946026,416844.779892052,12.9404692010113
"480","22064153B34805483384531",1,50050.0649970202,50050.0649970202,10.8207790833843
"481","22064153B34841335570745",1,106856.448357474,106856.448357474,11.5792416085517
"482","22064153B34851227738598",1,25262.3474844895,25262.3474844895,10.1370703244641
"483","22064153B34956601586296",1,3945.81952939896,3945.81952939896,8.28041195046293
"484","22064153B35070175546875",2,663460.755275012,1326921.51055002,14.0983721635244
"485","22064153B35070439080278",1,16370.8186611357,16370.8186611357,9.70325567895808
"486","22064153B35076023646202",2,66414.3007921473,132828.601584295,11.7968148662107
"487","22064153B35105939301214",2,17958.1657607018,35916.3315214036,10.4889473880637
"488","22064153B35477366306356",1,11121.8519416239,11121.8519416239,9.31666709545101
"489","22064153B35820151330939",1,6425.10066400788,6425.10066400788,8.76796757719055
"490","22064153B35835491852984",1,9354.37650492916,9354.37650492916,9.14359958816311
"491","22064153B3601656726791",2,117530.674130695,235061.34826139,12.3676018154884
"492","22064153B36448258784434",2,93154.3871331006,186308.774266201,12.1351606529911
"493","22064153B36650271822952",1,6768.97918757098,6768.97918757098,8.82010556983568
"494","22064153B36899747691995",4,13345.9745068877,53383.8980275508,10.8852644444129
"495","22064153B36918905914331",1,9777.70626478642,9777.70626478642,9.18786020226872
"496","22064153B37150233098010",1,1067566.54539778,1067566.54539778,13.8808923597512
"497","22064153B37672699687454",2,1161.47136215665,2322.9427243133,7.7505900765531
"498","22064153B37744123028030",2,23481.7417934861,46963.4835869722,10.757125633756
"499","22064153B37976146363368",1,13271.0458795588,13271.0458795588,9.49333993956026
"500","22064153B37982881195793",1,16269.543661596,16269.543661596,9.69705015197683
"501","22064153B37992746393477",2,198604.476818944,397208.953637888,12.892217752787
"502","22064153B37993588390493",2,507055.250816055,1014110.50163211,13.8295224331644
"503","22064153B37996051653181",2,24035.3630726975,48070.726145395,10.7804286667734
"504","22064153B38003203294123",4,64284.19655221,257136.78620884,12.4573634643445
"505","22064153B3805543078066",1,408001.798430363,408001.798430363,12.9190268612941
"506","22064153B38153084112914",1,4654.77164703026,4654.77164703026,8.44564813309014
"507","22064153B38245769729166",1,80733.3568116003,80733.3568116003,11.2989071122455
"508","22064153B38280459687635",4,687.438029049228,2749.75211619691,7.91926604703304
"509","22064153B38511485001637",1,92356.4285060683,92356.4285060683,11.4334105934491
"510","22064153B38748946116024",2,7840.54901976369,15681.0980395274,9.66021131948363
"511","22064153B38860399977783",2,61303.1315893017,122606.263178603,11.7167333874649
"512","22064153B38891781279307",1,19725.8973218071,19725.8973218071,9.88968763627922
"513","22064153B38946146548358",1,46816.9735873052,46816.9735873052,10.7540010996414
"514","22064153B39173666137461",3,9638.64315067953,28915.9294520386,10.272147914362
"515","22064153B39214075995861",1,127867.114093594,127867.114093594,11.758746832485
"516","22064153B39248770948024",2,34687.1810881124,69374.3621762248,11.1472726571503
"517","22064153B39270708607806",2,641297.330086431,1282594.66017286,14.064395662405
"518","22064153B39431527645490",2,12963.181170733,25926.362341466,10.1630155810504
"519","22064153B39701382279835",1,19914.0092865192,19914.0092865192,9.8991787472791
"520","22064153B397815229123",2,814.106081585555,1628.21216317111,7.39523785942957
"521","22064153B39894202763699",2,17596.7382851131,35193.4765702262,10.468616019702
"522","22064153B39921881538290",1,80650.701943498,80650.701943498,11.2978827870926
"523","22064153B39981249129264",2,34718.3139590831,69436.6279181662,11.1481697870688
"524","22064153B40043226344788",2,7386.99980203734,14773.9996040747,9.60062413128989
"525","22064153B40136139146839",2,37865.604471503,75731.208943006,11.234945625839
"526","22064153B40173018789364",2,90034.5116015349,180069.02320307,12.1010955186088
"527","22064153B40258273946577",1,17543.1231520819,17543.1231520819,9.77241730891719
"528","22064153B40278985513053",1,8495.65799960206,8495.65799960206,9.04731048838737
"529","22064153B40501348045878",2,171778.878537389,343557.757074778,12.747110519377
"530","22064153B40775689638766",2,43362.7041594012,86725.4083188024,11.3705021800287
"531","22064153B40974377910611",2,268722.689255899,537445.378511798,13.1945824124468
"532","22064153B41013968851864",1,7834.35594953685,7834.35594953685,8.96627394969304
"533","22064153B41154522842822",1,6314.59569639179,6314.59569639179,8.75061900999424
"534","22064153B41206405308946",2,63175.6897123492,126351.379424698,11.7468220302455
"535","22064153B41312501853097",2,NA,NA,NA
"536","22064153B41354551896797",2,27763.4295274236,55526.8590548472,10.9246221296042
"537","22064153B41514672574111",1,19810.2526252415,19810.2526252415,9.89395489202126
"538","22064153B41545162624275",2,56149.4767430673,112298.953486135,11.6289198217707
"539","22064153B41713963483520",2,1661.45430281911,3322.90860563822,8.10859576440676
"540","22064153B41777541887282",2,14094.2551962419,28188.5103924838,10.2466697410122
"541","22064153B42062720942264",2,1336.13075139006,2672.26150278012,7.89068039767473
"542","22064153B4211596098450",2,71303.359652661,142606.719305322,11.8678459058054
"543","22064153B42217323909789",4,46103.3215866617,184413.286346647,12.1249346392804
"544","22064153B42280137563605",1,56410.4870674117,56410.4870674117,10.9404103611128
"545","22064153B42291200721989",2,89193.0025304012,178386.005060802,12.0917050490823
"546","22064153B42302848095491",2,2580.95456540613,5161.90913081226,8.54906177663897
"547","22064153B42334403031986",2,17480.3791886424,34960.7583772848,10.4619815222483
"548","22064153B42446330332241",2,NA,NA,NA
"549","22064153B42670952737244",1,38246.3132806969,38246.3132806969,10.551802449791
"550","22064153B42905790783951",2,23827.3655581392,47654.7311162784,10.7717371930576
"551","22064153B43134754063243",2,120569.905322717,241139.810645434,12.3931321714236
"552","22064153B43785762223582",1,42005.005934873,42005.005934873,10.6455440790886
"553","22064153B43932991343110",1,5685.09953006139,5685.09953006139,8.645603913518
"554","22064153B43988911271418",2,399344.849904289,798689.699808578,13.5907277886267
"555","22064153B44054908542385",1,22887.0226717714,22887.0226717714,10.0383253333539
"556","22064153B4409747403252",2,85299.7713056549,170599.54261131,12.047074232977
"557","22064153B44267984628031",4,29775.453925465,119101.81570186,11.6877340004149
"558","22064153B44386378805197",1,13207.053289254,13207.053289254,9.48850630596063
"559","22064153B44499834230387",2,45987.1556004537,91974.3112009074,11.4292645909632
"560","22064153B44542802774302",2,29126.9589759788,58253.9179519576,10.9725666301438
"561","22064153B44549146098758",2,32480.0911784144,64960.1823568288,11.0815297820488
"562","22064153B44882212732018",1,15252.114008879,15252.114008879,9.63247339596125
"563","22064153B45156088025009",2,52653.0623424925,105306.124684985,11.5646268605805
"564","22064153B45188135537989",1,8454.98566516094,8454.98566516094,9.0425115659038
"565","22064153B45193462412831",2,2303.27519226798,4606.55038453596,8.43523456619371
"566","22064153B4519570067417",1,29068.849653338,29068.849653338,10.2774224211613
"567","22064153B4599338501443",2,108721.287901591,217442.575803182,12.2896900753559
"568","22064153B46077925963614",2,3771658.26951875,7543316.5390375,15.8361725025632
"569","22064153B46179239075141",1,254415.194243285,254415.194243285,12.4467228344637
"570","22064153B46600625049869",1,82278.5526116104,82278.5526116104,11.3178657526011
"571","22064153B4671862991873",2,54120.400681746,108240.801363492,11.5921136663972
"572","22064153B46764438077406",3,31745.2372472801,95235.7117418403,11.4641102737769
"573","22064153B4700189189865",2,17572.8967689336,35145.7935378672,10.4672602183242
"574","22064153B47073397017975",1,42019.3524679976,42019.3524679976,10.6458855641898
"575","22064153B47088094291136",1,37741.9867734143,37741.9867734143,10.5385284612416
"576","22064153B47110066124982",2,22160.2353643071,44320.4707286142,10.6992019424978
"577","22064153B47306424439203",2,76182.357040898,152364.714081796,11.93403236053
"578","22064153B47377223297779",2,47382.1325367155,94764.265073431,11.4591476664771
"579","22064153B47630890229940",1,68100.4188364025,68100.4188364025,11.128738642433
"580","22064153B47665726673429",2,30218.5060154572,60437.0120309144,11.0093569782175
"581","22064153B48033226915297",2,87638.3686598088,175276.737319618,12.0741213599908
"582","22064153B48099706637709",4,34734.1271992605,138936.508797042,11.8417723365168
"583","22064153B48132801424008",1,17732.3135329221,17732.3135329221,9.78314387746602
"584","22064153B48149505278651",1,36452.0983823241,36452.0983823241,10.5037543045678
"585","22064153B48186183517064",1,38768.3746577413,38768.3746577413,10.5653601071074
"586","22064153B48342484050891",4,27891.8596062546,111567.438425018,11.6223845159709
"587","22064153B48448071500223",1,53440.8624212347,53440.8624212347,10.8863309462022
"588","22064153B48596792634391",1,6821.75347634605,6821.75347634605,8.82787182575955
"589","22064153B48657370827340",1,20838.6545929247,20838.6545929247,9.94456493490252
"590","22064153B49253931002117",2,16568.5219938756,33137.0439877512,10.408407089288
"591","22064153B49276333720668",2,277.562513272899,555.125026545798,6.31919336143176
"592","22064153B4943550686052",2,152132.066107437,304264.132214874,12.6256514591215
"593","22064153B49599067230525",2,3624.07483687541,7248.14967375082,8.88850149786153
"594","22064153B49815970658587",4,1598.34718084536,6393.38872338144,8.76301972345151
"595","22064153B4986899209326",2,11208.8309205295,22417.661841059,10.0176044022073
"596","22064153B50045413715781",2,1021.68233095172,2043.36466190344,7.62235307223439
"597","22064153B50086663082830",1,20995.8956563609,20995.8956563609,9.95208225266851
"598","22064153B50127678643850",2,52017.3193583708,104034.638716742,11.5524791872539
"599","22064153B50130441477952",1,19632.7158098803,19632.7158098803,9.88495262766946
"600","22064153B50147384366789",1,37694.1513960787,37694.1513960787,10.5372602260188
"601","22064153B5017288321656",1,15226.6575301265,15226.6575301265,9.63080295562613
"602","22064153B51420190401517",2,1848.9915020149,3697.9830040298,8.21554281594673
"603","22064153B51464692079899",2,NA,NA,NA
"604","22064153B5152282240918",2,6024.50130933535,12049.0026186707,9.39673716525836
"605","22064153B51627476063203",2,170189.58311766,340379.16623532,12.7378154700343
"606","22064153B51715438268926",2,39317.5259365351,78635.0518730702,11.2725728315936
"607","22064153B51725743038941",2,68587.0809806655,137174.161961331,11.8290066526417
"608","22064153B519565970341",2,75867.3698848326,151734.739769665,11.9298891422154
"609","22064153B52085994320923",2,116543.743686905,233087.48737381,12.359169144363
"610","22064153B52253141451980",1,183917.384921886,183917.384921886,12.1222419407729
"611","22064153B52284204383647",1,10304.1872733465,10304.1872733465,9.24030562299909
"612","22064153B52291408422766",1,10009.2513933688,10009.2513933688,9.21126508363542
"613","22064153B52336142929997",1,16276.8378799343,16276.8378799343,9.69749838727151
"614","22064153B52472433648563",1,12653.0793971608,12653.0793971608,9.44565589513684
"615","22064153B52612753206186",1,7289.29759238778,7289.29759238778,8.89416246815035
"616","22064153B52633464961485",2,211323.816358173,422647.632716346,12.9542940912917
"617","22064153B52648905753653",3,3994.85895212353,11984.5768563706,9.39137584014346
"618","22064153B5267804533831",1,11001.751420802,11001.751420802,9.30580975917925
"619","22064153B52801339035563",1,138493.20211106,138493.20211106,11.8385765211743
"620","22064153B52807334216940",1,40434.6081423944,40434.6081423944,10.607441334433
"621","22064153B52841590037267",2,23427.8247962866,46855.6495925732,10.754826869352
"622","22064153B52868042497281",1,100690.51894322,100690.51894322,11.5198069227669
"623","22064153B52887999669387",2,323833.06663949,647666.13327898,13.3811306161383
"624","22064153B52911851929609",2,114049.910225061,228099.820450122,12.3375386211179
"625","22064153B53002187512045",2,20380.8310781676,40761.6621563352,10.6154972656106
"626","22064153B53034253556310",2,126470.131163555,252940.26232711,12.4409086225454
"627","22064153B53107080731031",1,2493.01107633298,2493.01107633298,7.8212465264872
"628","22064153B53114788196581",2,189946.382507585,379892.76501517,12.8476442945489
"629","22064153B53153921361831",1,80600.872389059,80600.872389059,11.2972647521217
"630","22064153B53244281721356",2,274214.446835964,548428.893671928,13.2148129125032
"631","22064153B53353386763224",2,557523.321103208,1115046.64220642,13.9244067935767
"632","22064153B53434069623251",2,67724.9270616011,135449.854123202,11.8163567705337
"633","22064153B53472362936594",2,125493.718711468,250987.437422936,12.4331581667535
"634","22064153B53598611305764",1,40761.0868522916,40761.0868522916,10.6154831516596
"635","22064153B53739410644447",1,15043.1136316493,15043.1136316493,9.61867559945838
"636","22064153B53754534753242",1,5394.85234346593,5394.85234346593,8.59320050817329
"637","22064153B54270766590260",1,71931.1427209488,71931.1427209488,11.1834645893048
"638","22064153B54270882779278",2,303818.41624051,607636.83248102,13.3173326674863
"639","22064153B54478878575697",2,97956.9996668324,195913.999333665,12.1854310630111
"640","22064153B54491533323860",1,25805.5794310551,25805.5794310551,10.1583460045472
"641","22064153B54492214323948",2,61474.5542395285,122949.108479057,11.7195257965327
"642","22064153B54493928872719",1,51758.4129951392,51758.4129951392,10.8543422678689
"643","22064153B54635082172523",2,14787.0657276445,29574.131455289,10.294655320885
"644","22064153B54692117274500",1,2372.51766945796,2372.51766945796,7.77170697806771
"645","22064153B54693030859615",2,71719.3469898354,143438.693979671,11.8736630032436
"646","22064153B55178851895716",1,15344.0204866981,15344.0204866981,9.63848113228253
"647","22064153B55351511475413",2,65217.770007568,130435.540015136,11.7786344374691
"648","22064153B55422469295161",2,NA,NA,NA
"649","22064153B55493173352162",1,16939.9480974889,16939.9480974889,9.73742990429869
"650","22064153B55610752939403",1,8162.08791839309,8162.08791839309,9.0072552875805
"651","22064153B55990340820977",2,116253.937787481,232507.875574962,12.3566793768766
"652","22064153B56106555282703",1,124007.324036911,124007.324036911,11.7280959076567
"653","22064153B56325145349456",2,41822.7582622479,83645.5165244958,11.334343106945
"654","22064153B5639303990614",2,115.56468966751,231.12937933502,5.44297763743484
"655","22064153B56407070841201",2,21887.5254564729,43775.0509129458,10.6868193202132
"656","22064153B56453933156729",1,73418.4754335764,73418.4754335764,11.2039308918335
"657","22064153B56504445725691",1,125579.304925447,125579.304925447,11.7406927497384
"658","22064153B56558553348528",1,9532.17807445778,9532.17807445778,9.16242851979589
"659","22064153B56566020119712",1,3032.87674577169,3032.87674577169,8.01726686913508
"660","22064153B56572969434164",1,41977.6526975156,41977.6526975156,10.6448926770309
"661","22064153B56859070265956",1,38222.0206303714,38222.0206303714,10.5511670848
"662","22064153B56867511813359",2,71912.8687221782,143825.737444356,11.8763576890909
"663","22064153B56887254979091",2,51438.70072566,102877.40145132,11.5412932810976
"664","22064153B56938477027476",2,9047.20938944477,18094.4187788895,9.80335881494533
"665","22064153B56972160606638",1,2128.3949422093,2128.3949422093,7.66312342638473
"666","22064153B57190407441885",2,7063.86144121664,14127.7228824333,9.55589430787456
"667","22064153B5719123813817",2,146253.83957172,292507.67914344,12.5862461987913
"668","22064153B5740427837712",1,123647.082803424,123647.082803424,11.7251866803011
"669","22064153B57479664595133",1,77718.7457253217,77718.7457253217,11.2608517649839
"670","22064153B57554253448105",2,1610.39435547075,3220.7887109415,8.07738154983141
"671","22064153B57621405150559",1,3865.28618612985,3865.28618612985,8.25979100385075
"672","22064153B57637751083346",1,1619.58379189823,1619.58379189823,7.38992447663586
"673","22064153B57698371148493",2,6575.56337889812,13151.1267577962,9.48426271893868
"674","22064153B57801992155462",1,293646.855717932,293646.855717932,12.5901331533092
"675","22064153B57896694451609",2,48684.8728648244,97369.7457296488,11.4862708225865
"676","22064153B58107938128822",1,72873.8658869128,72873.8658869128,11.196485361088
"677","22064153B58180962451731",2,162022.883609436,324045.767218872,12.688640041647
"678","22064153B5819975327596",2,16477.02716305,32954.0543261,10.4028695771594
"679","22064153B58298111838793",4,109292.109964941,437168.439859764,12.9880738457159
"680","22064153B58377090478857",1,60213.1831302237,60213.1831302237,11.0056465961965
"681","22064153B58412342930538",1,124289.986594732,124289.986594732,11.7303727158848
"682","22064153B58604351029537",3,5942.02175277728,17826.0652583318,9.78841700553507
"683","22064153B58621167796121",1,32391.3838694092,32391.3838694092,10.3856477364583
"684","22064153B58757994168933",1,28500.9099144275,28500.9099144275,10.2576912925691
"685","22064153B58787616490408",1,23954.215915204,23954.215915204,10.08389961721
"686","22064153B59005328689415",2,264850.108039143,529700.216078286,13.1800664954583
"687","22064153B59525909897938",1,16626.4526828566,16626.4526828566,9.71875024112664
"688","22064153B59718071460556",1,12349.8681020621,12349.8681020621,9.42140066200412
"689","22064153B5983137694741",2,71591.5463274851,143183.09265497,11.8718794584862
"690","22064153B59967033318464",2,808.476817131679,1616.95363426336,7.38829918524105
"691","22064153B59992096453849",2,1262.91289026621,2525.82578053242,7.83432333003797
"692","22064153B60097307902017",1,54627.3978602362,54627.3978602362,10.9082908281894
"693","22064153B60289676551693",2,2401.06925466838,4802.13850933676,8.47681662045867
"694","22064153B60305206630690",2,109321.030560226,218642.061120452,12.2951912475629
"695","22064153B60376459146870",1,1189.03382053579,1189.03382053579,7.08089634080751
"696","22064153B60457138296150",1,126464.037480017,126464.037480017,11.7477132580365
"697","22064153B60548593458523",2,213882.062515804,427764.125031608,12.9663272129079
"698","22064153B60558378980420",2,NA,NA,NA
"699","22064153B60802825525558",1,31302.5935724885,31302.5935724885,10.3514562348362
"700","22064153B61048147512310",2,46831.4945335818,93662.9890671636,11.4474583962488
"701","22064153B61213319374873",2,5112.31997723466,10224.6399544693,9.2325557680142
"702","22064153B61358356464849",1,25684.406837979,25684.406837979,10.1536393489216
"703","22064153B61406224805517",1,78425.3653564049,78425.3653564049,11.2699026917207
"704","22064153B61544198291555",1,7586.4693160287,7586.4693160287,8.93412158640808
"705","22064153B61853178733261",1,35451.1890250306,35451.1890250306,10.4759120723013
"706","22064153B61862032927901",1,52832.9863116554,52832.9863116554,10.8748910153761
"707","22064153B61865595964656",2,19785.9570816692,39571.9141633384,10.5858749073146
"708","22064153B61872750237581",1,9116.85632243335,9116.85632243335,9.11788032215759
"709","22064153B62217916410467",2,16734.6599124439,33469.3198248878,10.4183844720654
"710","22064153B62287563607588",2,14913.2391880147,29826.4783760294,10.3031518140873
"711","22064153B62305916302195",2,14967.920558185,29935.84111637,10.3068117410562
"712","22064153B62604628693382",1,43346.7766043465,43346.7766043465,10.6769876219895
"713","22064153B62697525642711",1,10338.5040532711,10338.5040532711,9.24363046189676
"714","22064153B62717634643612",2,30234.7129146355,60469.425829271,11.0098931580886
"715","22064153B63261606012237",1,54868.4217204849,54868.4217204849,10.9126932656606
"716","22064153B63372535615325",2,106292.593933841,212585.187867682,12.2670980710973
"717","22064153B63397004883448",1,33472.3499893986,33472.3499893986,10.4184750035542
"718","22064153B6350784980137",2,673350.725527566,1346701.45105513,14.1131687909271
"719","22064153B63829453739833",2,NA,NA,NA
"720","22064153B63835909795908",2,207209.255054527,414418.510109054,12.9346316361814
"721","22064153B63840040249051",1,45740.440721409,45740.440721409,10.7307381028913
"722","22064153B63858884041047",2,325311.689864165,650623.37972833,13.3856862280172
"723","22064153B63881976764969",2,58362.9156866029,116725.831373206,11.6675831423086
"724","22064153B64007643487677",2,19318.7066384939,38637.4132769878,10.5619763419083
"725","22064153B64118294616923",1,52194.6578127053,52194.6578127053,10.8627354278808
"726","22064153B64219933693528",1,8907.46915340515,8907.46915340515,9.09464543448271
"727","22064153B64476610605868",1,119775.935173498,119775.935173498,11.6933780694729
"728","22064153B64477662388202",2,14758.4435306721,29516.8870613442,10.2927178213025
"729","22064153B64891765792099",2,34696.8074074317,69393.6148148634,11.1475501367126
"730","22064153B64946776552870",2,57515.4856919377,115030.971383875,11.6529566874678
"731","22064153B64962111186487",1,84017.609249898,84017.609249898,11.3387816897827
"732","22064153B65021908380510",1,18392.8158383428,18392.8158383428,9.81971542378581
"733","22064153B65083387274460",4,31363.3962362338,125453.584944935,11.7396911280697
"734","22064153B65236790677801",2,191979.822325481,383959.644650962,12.8582927339925
"735","22064153B65355185007631",4,1270.52172202541,5082.08688810164,8.53347726095978
"736","22064153B65367495834859",1,58848.5964736904,58848.5964736904,10.9827232631889
"737","22064153B65398665506308",2,149433.074990018,298866.149980036,12.607751093214
"738","22064153B65475311637837",2,23036.2045656574,46072.4091313148,10.7379695494066
"739","22064153B65721710551900",2,89482.4798507166,178964.959701433,12.0949453098023
"740","22064153B65962723522222",1,17373.9329386047,17373.9329386047,9.76272625494162
"741","22064153B66002224145568",2,52531.5824414358,105063.164882872,11.5623170185818
"742","22064153B66021827430595",2,13121.6871374406,26243.3742748812,10.1751688275834
"743","22064153B66349136174891",2,60170.1700169474,120340.340033895,11.6980791743802
"744","22064153B66358962164543",2,145800.770380404,291601.540760808,12.5831435629189
"745","22064153B66933042170680",2,7268.68599892928,14537.3719978586,9.58447799182572
"746","22064153B67053571560742",2,15077.8067779741,30155.6135559482,10.3141263724182
"747","22064153B67091834306400",4,19041.4709221017,76165.8836884068,11.2406689207934
"748","22064153B67150935418865",2,12451.5060581057,24903.0121162114,10.1227440436592
"749","22064153B67163681434847",2,430350.184293748,860700.368587496,13.665501718879
"750","22064153B67254026374340",1,3945.98506407059,3945.98506407059,8.28045390149445
"751","22064153B67534038156395",2,17714.7117242314,35429.4234484628,10.4752979247512
"752","22064153B67559782883122",2,NA,NA,NA
"753","22064153B67581321748824",1,39256.5650185595,39256.5650185595,10.5778739708432
"754","22064153B67705173205056",2,8011.35624937206,16022.7124987441,9.68176252581152
"755","22064153B67847090482379",2,169531.424219054,339062.848438108,12.7339407628021
"756","22064153B67853216853933",1,6429.75425051463,6429.75425051463,8.76869159729672
"757","22064153B68061345904698",2,363967.917931573,727935.835863146,13.4979681857439
"758","22064153B68069187412847",1,24874.1464633197,24874.1464633197,10.1215842484057
"759","22064153B68257517894213",2,118366.085815992,236732.171631984,12.374684703596
"760","22064153B6836068570250",2,46283.1398937846,92566.2797875692,11.4356802051535
"761","22064153B68366677906",1,88892.9836738389,88892.9836738389,11.3951884945835
"762","22064153B68559217227558",2,63677.648526947,127355.297053894,11.754736073998
"763","22064153B6874249672824",2,292386.100641759,584772.201283518,13.278977650863
"764","22064153B68748424992772",1,17595.9152105923,17595.9152105923,9.77542206378186
"765","22064153B68880016704101",2,27059.8381160801,54119.6762321602,10.8989530998603
"766","22064153B68900591559433",2,141464.27517407,282928.55034814,12.5529496724808
"767","22064153B68903426629356",2,34222.1607883979,68444.3215767958,11.1337758700336
"768","22064153B69045534590012",1,9032.01176188653,9032.01176188653,9.10853040807472
"769","22064153B69065718050224",1,6430.80211018815,6430.80211018815,8.76885455442649
"770","22064153B69084165037525",2,32122.9514468541,64245.9028937082,11.0704732325329
"771","22064153B69254860271730",1,75432.9272391727,75432.9272391727,11.2309991594548
"772","22064153B6927791471577",2,122529.068694773,245058.137389546,12.4092507568443
"773","22064153B69287462629183",1,5256.3150745787,5256.3150745787,8.56718550406388
"774","22064153B69435349130289",1,23188.9229554438,23188.9229554438,10.0514299848176
"775","22064153B69533754697672",2,69624.8875684487,139249.775136897,11.8440245429724
"776","22064153B6965188213643",2,98098.8977184423,196197.795436885,12.1868785897449
"777","22064153B69680253088719",2,65463.5278832846,130927.055766569,11.7823956208886
"778","22064153B69785759438689",2,145437.084466567,290874.168933134,12.5806460434733
"779","22064153B69836136073733",2,112022.512704938,224045.025409876,12.3196023169322
"780","22064153B69985190181734",1,76156.1124462139,76156.1124462139,11.2405406236012
"781","22064153B70218534764896",2,14602.612484565,29205.22496913,10.282102909548
"782","22064153B70592042041650",2,31195.5804890086,62391.1609780172,11.0411788933308
"783","22064153B7091731953162",2,NA,NA,NA
"784","22064153B71067186574144",2,249258.483871381,498516.967742762,13.1193929054031
"785","22064153B71281946459031",2,183894.585568521,367789.171137042,12.8152651484597
"786","22064153B71321460612085",4,5740.46580411597,22961.8632164639,10.0415899976838
"787","22064153B71610558779774",1,1931.1197239536,1931.1197239536,7.56585528151823
"788","22064153B71803232115030",1,49209.0369890166,49209.0369890166,10.8038325642521
"789","22064153B71828449311091",2,15489.1972958447,30978.3945916894,10.3410452918305
"790","22064153B71985542420847",2,343268.558733021,686537.117466042,13.439415570414
"791","22064153B72276178934988",1,6274.00774110889,6274.00774110889,8.74417062258934
"792","22064153B72557409137783",5,6852.11914614948,34260.5957307474,10.4417511602485
"793","22064153B72578079325034",1,7347.11511695817,7347.11511695817,8.90206301406404
"794","22064153B72604415560034",1,6008.52885543449,6008.52885543449,8.70093521477545
"795","22064153B72786106713517",1,32569.4601760076,32569.4601760076,10.3911303238624
"796","22064153B72852152827794",2,16450.6134852931,32901.2269705862,10.4012652299969
"797","22064153B7294445238824",1,2043.04861522459,2043.04861522459,7.62219839053283
"798","22064153B73325412364778",2,232980.745606173,465961.491212346,13.0518582728098
"799","22064153B73342944647376",2,15962.4709182596,31924.9418365192,10.3711428590203
"800","22064153B73520875859698",1,6042.38461161463,6042.38461161463,8.70655401626202
"801","22064153B73554949432718",2,151706.870262618,303413.740525236,12.6228526333524
"802","22064153B73558398041144",1,9599.9795419474,9599.9795419474,9.16951624640651
"803","22064153B73592757308242",1,24065.010442422,24065.010442422,10.0885142156628
"804","22064153B73719790331249",2,549058.019446445,1098116.03889289,13.9091065775195
"805","22064153B73742017137533",1,337886.235699921,337886.235699921,12.7304645370397
"806","22064153B74315697961644",2,176239.087198009,352478.174396018,12.7727439827105
"807","22064153B74370220833750",3,7339.15236605494,22017.4570981648,9.99959092214427
"808","22064153B74511540229227",2,NA,NA,NA
"809","22064153B74721517788558",2,11812.1337424202,23624.2674848404,10.0700297459486
"810","22064153B74794903489103",2,11644.9410090787,23289.8820181574,10.055774297093
"811","22064153B74936950050526",2,9656.36379605412,19312.7275921082,9.8685196182753
"812","22064153B75099650397757",2,39362.451283216,78724.902566432,11.2737148083239
"813","22064153B75208844196005",1,9371.18189636745,9371.18189636745,9.14539450349648
"814","22064153B75299838191887",2,406904.948296938,813809.896593876,13.6094820754415
"815","22064153B75384634569664",1,1873.58241677916,1873.58241677916,7.53560760807437
"816","22064153B75558973119201",1,372505.362327995,372505.362327995,12.8280067122095
"817","22064153B75602465401170",1,4900.83740022164,4900.83740022164,8.49716136750173
"818","22064153B75952557144029",2,27682.4179290172,55364.8358580344,10.9216999394034
"819","22064153B75998677096436",1,9663.41830906755,9663.41830906755,9.17610272683441
"820","22064153B76361063206417",1,15796.1697692014,15796.1697692014,9.66752276995586
"821","22064153B76436938350922",2,31853.6552182665,63707.310436533,11.0620545985003
"822","22064153B76452428536918",2,31686.3832175482,63372.7664350964,11.0567894966447
"823","22064153B76525796154688",4,1465.07011719201,5860.28046876804,8.67595274299024
"824","22064153B76574269122529",2,10599.4912026819,21198.9824053638,9.96170845976109
"825","22064153B76687235436591",1,69012.4048026651,69012.4048026651,11.1420415471697
"826","22064153B76748152087135",4,12174.8022018959,48699.2088075836,10.7934180626879
"827","22064153B7677868990473",2,128504.295698247,257008.591396494,12.4568647928769
"828","22064153B76782638383014",2,6083.91103583503,12167.8220716701,9.4065502111884
"829","22064153B77103081434651",5,6911.86923457155,34559.3461728578,10.4504333041296
"830","22064153B77106068491412",2,343332.232041498,686664.464082996,13.4396010444464
"831","22064153B77183996290647",1,25536.2308322993,25536.2308322993,10.1478535396941
"832","22064153B77526521533443",2,20871.5910631774,41743.1821263548,10.639291414581
"833","22064153B7763811650899",1,95546.2331584859,95546.2331584859,11.4673655261649
"834","22064153B7768413511618",1,11070.1397440027,11070.1397440027,9.31200664929082
"835","22064153B78110489384423",1,5007.03513240813,5007.03513240813,8.51859922896363
"836","22064153B78193536381763",1,1228.83448923315,1228.83448923315,7.11382142940931
"837","22064153B78228861031651",1,148796.100172414,148796.100172414,11.910332192519
"838","22064153B78285272623950",1,6347.1709236067,6347.1709236067,8.75576446877004
"839","22064153B78382308499165",2,44392.6014193686,88785.2028387372,11.3939752803963
"840","22064153B7839934707198",2,84141.7955649916,168283.591129983,12.0334058776835
"841","22064153B78612612069149",1,2380.92720765229,2380.92720765229,7.77524527384493
"842","22064153B78632499037431",2,79682.2179264347,159364.435852869,11.9789489078531
"843","22064153B78992229918305",1,9028.49243384038,9028.49243384038,9.10814068162495
"844","22064153B79045995074029",2,78878.1764845643,157756.352969129,11.9688070519801
"845","22064153B79178271585243",1,8150.70183346951,8150.70183346951,9.0058593170634
"846","22064153B79363581484531",1,7047.42838369276,7047.42838369276,8.86041806099166
"847","22064153B79429110732098",2,46969.064863712,93938.129727424,11.450391650158
"848","22064153B79488910412367",2,NA,NA,NA
"849","22064153B79630920379478",1,63824.165791789,63824.165791789,11.063887171782
"850","22064153B79650181437953",2,5778.33319986351,11556.666399727,9.35501772691263
"851","22064153B79836169988029",2,77356.9378885224,154713.875777045,11.9493327272838
"852","22064153B79919938369804",2,79420.5682625874,158841.136525175,11.9756598403768
"853","22064153B80016481479633",1,15174.834730715,15174.834730715,9.62739372497647
"854","22064153B80537557357725",1,8798.1126328928,8798.1126328928,9.08229250392865
"855","22064153B8056767142775",1,24678.27201399,24678.27201399,10.1136784599275
"856","22064153B80567954984898",1,60622.785079386,60622.785079386,11.0124260927994
"857","22064153B80619084323236",1,412647.629275353,412647.629275353,12.9303493098822
"858","22064153B80640640435871",2,1338.24122897735,2676.4824579547,7.89225869571321
"859","22064153B80672932538290",1,45727.0079294232,45727.0079294232,10.7304443854589
"860","22064153B80804439158864",1,6101.58477163,6101.58477163,8.71630381504745
"861","22064153B8093767218470",2,3130.52633600635,6261.0526720127,8.74210360842558
"862","22064153B80974797471206",1,59891.4837282599,59891.4837282599,11.0002895991754
"863","22064153B81057246302511",1,11957.4513022506,11957.4513022506,9.38910990297669
"864","22064153B81163718541362",1,46538.3629905526,46538.3629905526,10.7480322619908
"865","22064153B81183812222249",2,NA,NA,NA
"866","22064153B81263079942066",2,186647.897621316,373295.795242632,12.8301264010906
"867","22064153B81276903927902",1,171266.497293963,171266.497293963,12.0509760860479
"868","22064153B81529275129859",2,78185.4534198217,156370.906839643,11.9599860721406
"869","22064153B81595625097237",1,16385.2717013206,16385.2717013206,9.70413814331588
"870","22064153B81790310991737",2,5687.55218803717,11375.1043760743,9.33918241969568
"871","22064153B81801674306592",1,8136.28202762364,8136.28202762364,9.0040886012898
"872","22064153B81931446357320",2,49350.4241325177,98700.8482650354,11.4998488197619
"873","22064153B82009101284809",2,170870.85203095,341741.7040619,12.7418104794178
"874","22064153B82025029560168",1,18570.6462118468,18570.6462118468,9.82933745244063
"875","22064153B82071564709193",2,115030.481818906,230060.963637812,12.3460996120782
"876","22064153B82107167810847",1,45556.7095463806,45556.7095463806,10.7267131925293
"877","22064153B82319600160004",2,118014.120476957,236028.240953914,12.3717067419074
"878","22064153B82343932389070",1,5147.61201710662,5147.61201710662,8.54628820012347
"879","22064153B82448443514501",1,1495.44700350252,1495.44700350252,7.31018044013184
"880","22064153B82506873251112",2,10202.9902907241,20405.9805814482,9.92358330262489
"881","22064153B825337930111",1,41823.9194191847,41823.9194191847,10.6412236897576
"882","22064153B82556228504312",1,56613.2998376695,56613.2998376695,10.943999216052
"883","22064153B82580623809132",2,91206.8610548028,182413.722109606,12.1140325846567
"884","22064153B82909244627441",1,3009.93209254147,3009.93209254147,8.00967279687097
"885","22064153B82911662838779",4,5458.7320361443,21834.9281445772,9.99126617507739
"886","22064153B83131458706543",1,124317.185158458,124317.185158458,11.7305915234408
"887","22064153B83223852380108",2,17759.550658804,35519.101317608,10.477825896043
"888","22064153B83233320380459",2,NA,NA,NA
"889","22064153B8325167179900",2,4972.20166679816,9944.40333359632,9.20476519286642
"890","22064153B833454751178",4,3463.43464961292,13853.7385984517,9.53631041009587
"891","22064153B83824745407144",2,6913.26826288301,13826.536525766,9.53434496131905
"892","22064153B8402988919720",1,25918.6763696963,25918.6763696963,10.1627190831784
"893","22064153B84142752258378",2,11710.2958531859,23420.5917063718,10.0613709018356
"894","22064153B84219767946861",2,8082.76542159341,16165.5308431868,9.69063652866685
"895","22064153B84222059971345",1,20815.1574032298,20815.1574032298,9.94343672161008
"896","22064153B8428470598874",2,6387.06778495931,12774.1355699186,9.45517774702268
"897","22064153B84385819333701",1,15146.4334974813,15146.4334974813,9.62552037051609
"898","22064153B8461855353098",2,1121.55990129668,2243.11980259336,7.71562294486084
"899","22064153B84652164446594",2,NA,NA,NA
"900","22064153B84684358535824",1,52554.7446606547,52554.7446606547,10.869610660729
"901","22064153B84687278012023",4,138060.977474884,552243.909899536,13.2217450934253
"902","22064153B85000886785239",4,54292.9652105772,217171.860842309,12.288444304516
"903","22064153B85234359484130",2,7373.13989884875,14746.2797976975,9.59874611285063
"904","22064153B85252336705750",2,38531.8635772525,77063.727154505,11.252387983926
"905","22064153B85623167351933",2,56667.825062527,113335.650125054,11.6381090499952
"906","22064153B8564356760578",2,26917.4977440576,53834.9954881152,10.8936790084403
"907","22064153B85719531819289",2,40926.491395787,81852.982791574,11.3126800243048
"908","22064153B85897991709250",2,202399.417609291,404798.835218582,12.9111455195268
"909","22064153B85947434617393",2,356221.01933025,712442.0386605,13.4764538385675
"910","22064153B86152706636527",1,17130.3524605525,17130.3524605525,9.74860716673711
"911","22064153B86211377030233",4,84368.7841364102,337475.136545641,12.7292471170866
"912","22064153B86265185687144",1,44637.4799842662,44637.4799842662,10.7063291434964
"913","22064153B86353051825362",2,57768.5075616279,115537.015123256,11.6573462348597
"914","22064153B86521976602525",4,54556.805787324,218227.223149296,12.2932921069697
"915","22064153B86629940764584",1,162149.262556156,162149.262556156,11.9962725638137
"916","22064153B8665907160310",2,12309.9559068912,24619.9118137824,10.1113108178385
"917","22064153B86683000647841",2,12533.3197959469,25066.6395918938,10.1292931411586
"918","22064153B86821614203557",1,8487.6917378017,8487.6917378017,9.04637236222171
"919","22064153B86856131608768",2,103788.677606906,207577.355213812,12.2432593453928
"920","22064153B87072224192540",2,75270.1731582304,150540.346316461,11.9219864090805
"921","22064153B87137159672256",1,14093.6341881679,14093.6341881679,9.55347849840382
"922","22064153B87269269919659",2,143267.225129571,286534.450259142,12.5656140531407
"923","22064153B87439490450561",1,24421.9333828474,24421.9333828474,10.1032369166375
"924","22064153B87559658215683",2,348991.666098549,697983.332197098,13.4559505020856
"925","22064153B87658218657394",1,4202.43876470305,4202.43876470305,8.34342029401731
"926","22064153B87695161266591",1,13522.7709518508,13522.7709518508,9.51213028065712
"927","22064153B87793948617144",1,13422.3848363859,13422.3848363859,9.5046791023669
"928","22064153B87894076500012",2,1849.55736976856,3699.11473953712,8.21584881042061
"929","22064153B87971980709236",1,41731.0213817027,41731.0213817027,10.6390000492435
"930","22064153B88328488927062",2,41441.5272577767,82883.0545155534,11.3251859114903
"931","22064153B88435751017430",1,47317.2830311788,47317.2830311788,10.7646308995204
"932","22064153B88453450748284",1,32819.1284269144,32819.1284269144,10.3987668081341
"933","22064153B88577614993358",2,215578.640677798,431157.281355596,12.9742282244568
"934","22064153B88729606439601",1,35046.3736689853,35046.3736689853,10.464427425455
"935","22064153B88833417807281",2,3519.91594173513,7039.83188347026,8.85933956867807
"936","22064153B88871529927936",2,107517.743923644,215035.487847288,12.2785583532438
"937","22064153B88983601589874",1,107260.751578238,107260.751578238,11.5830180795815
"938","22064153B89149578572225",2,177781.438998594,355562.877997188,12.7814573845888
"939","22064153B89218276356736",5,6120.3607159605,30601.8035798025,10.32881422672
"940","22064153B89292621442465",2,12978.7458961776,25957.4917923552,10.1642155479821
"941","22064153B90614639681244",2,206855.884519625,413711.76903925,12.9329248002906
"942","22064153B9064679601577",2,52706.4442494547,105412.888498909,11.5656401893869
"943","22064153B90768154691941",2,1378109.99006614,2756219.98013228,14.829370726556
"944","22064153B90786052299666",1,61542.052898505,61542.052898505,11.0274760070864
"945","22064153B90835968382747",2,101236.733042399,202473.466084798,12.2183641252633
"946","22064153B91116498936181",2,10738.4018620424,21476.8037240848,9.97472873513371
"947","22064153B91141800927007",1,11618.7451849554,11618.7451849554,9.36037503704948
"948","22064153B91381447128129",1,5965.94426176277,5965.94426176277,8.69382262238318
"949","22064153B91415931669835",1,100294.428775333,100294.428775333,11.5158654267975
"950","22064153B91537954314769",2,58125.3586829561,116250.717365912,11.6635044943201
"951","22064153B91609112527858",1,5916.96331877701,5916.96331877701,8.68557864336341
"952","22064153B92028221048613",2,3485.35834991526,6970.71669983052,8.84947332484284
"953","22064153B92307181763302",1,10911.3986024106,10911.3986024106,9.29756326514899
"954","22064153B92456215586434",1,5989.79469991832,5989.79469991832,8.69781241671885
"955","22064153B92521276992791",1,27464.5426873512,27464.5426873512,10.2206510948954
"956","22064153B92578420514531",2,49210.9053952395,98421.810790479,11.4970177128534
"957","22064153B92728866184375",1,22122.1261449192,22122.1261449192,10.0043335696844
"958","22064153B92754256682750",1,37593.972819445,37593.972819445,10.5345990191738
"959","22064153B93078615339227",1,28159.7854344066,28159.7854344066,10.2456501907261
"960","22064153B93482560698592",2,163694.330891372,327388.661782744,12.6989033122344
"961","22064153B93521388220713",1,27037.0287600435,27037.0287600435,10.2049626409848
"962","22064153B93596873224412",1,9370.87722498982,9370.87722498982,9.1453619914469
"963","22064153B93622399148332",2,NA,NA,NA
"964","22064153B93672474053317",2,83900.7892620265,167801.578524053,12.0305374801465
"965","22064153B93879560819561",1,79761.2332668874,79761.2332668874,11.2867928667389
"966","22064153B93921143123339",1,36742.2494050686,36742.2494050686,10.511682581856
"967","22064153B94045297720108",1,18453.1195027251,18453.1195027251,9.82298871391496
"968","22064153B94090813781135",2,74335.4350443794,148670.870088759,11.909490216074
"969","22064153B94139662375640",2,26313.2581659396,52626.5163318792,10.870975384477
"970","22064153B94231126253819",1,13865.3211352752,13865.3211352752,9.53714611935938
"971","22064153B94530132332923",1,36564.0308569762,36564.0308569762,10.5068202726902
"972","22064153B94546008893",4,2425.32789828213,9701.31159312852,9.18001637113709
"973","22064153B9474359651692",2,272319.445485004,544638.890970008,13.2078782686625
"974","22064153B94848562576718",1,81740.8647074873,81740.8647074873,11.311309335818
"975","22064153B94993011750115",1,20931.2826408313,20931.2826408313,9.94900009597188
"976","22064153B95018112275614",2,858266.566213979,1716533.13242796,14.3558171940111
"977","22064153B95037722693010",2,117000.925537348,234001.851074696,12.3630843048842
"978","22064153B95388461124704",2,54318.2488215795,108636.497643159,11.595762704084
"979","22064153B95466714598134",1,2828.70187062558,2828.70187062558,7.94757318244174
"980","22064153B95476251404862",1,18836.2327306842,18836.2327306842,9.84353756691911
"981","22064153B95595404063006",2,27806.4288013501,55612.8576027002,10.9261697053512
"982","22064153B95599373690567",2,34972.4302639544,69944.8605279088,11.1554625038834
"983","22064153B95692403593429",4,14637.0222715752,58548.0890863008,10.9776037311969
"984","22064153B95784348499714",2,1311.93044894538,2623.86089789076,7.87240213718426
"985","22064153B95884811797842",1,9759.7775937941,9759.7775937941,9.1860248916264
"986","22064153B96059107516694",1,55082.5689852779,55082.5689852779,10.9165885927367
"987","22064153B96065256406270",1,164063.254102221,164063.254102221,12.0080073281901
"988","22064153B96273885694547",1,1510.85581548632,1510.85581548632,7.32043153448095
"989","22064153B96374809115220",2,88948.8539179285,177897.707835857,12.0889639890058
"990","22064153B96463446975181",1,670.885387343512,670.885387343512,6.50859831365421
"991","22064153B96670024597495",2,9017.03836873583,18034.0767374717,9.80001839920615
"992","22064153B96832433526360",1,38036.9963623196,38036.9963623196,10.5463145535607
"993","22064153B96866391217201",1,553.347681442669,553.347681442669,6.31598652266437
"994","22064153B96898003018692",1,30783.7043412835,30783.7043412835,10.3347407491211
"995","22064153B96974896989466",1,2884.7476449714,2884.7476449714,7.96719270370263
"996","22064153B97070168127410",1,7084.11756522898,7084.11756522898,8.86561059464714
"997","22064153B97335356497134",1,39369.594668085,39369.594668085,10.5807490884336
"998","22064153B97499384846726",1,10302.4811576982,10302.4811576982,9.24014003430552
"999","22064153B97523791840920",1,21196.5759703707,21196.5759703707,9.96159493678425
"1000","22064153B9766515498802",1,11570.3857336373,11570.3857336373,9.35620415875362
"1001","22064153B97866090466841",1,100008.857402603,100008.857402603,11.5130140350738
"1002","22064153B97971723277655",2,46103.8505228831,92207.7010457662,11.4317989314988
"1003","22064153B98016387406431",1,54088.8893641482,54088.8893641482,10.8983840715459
"1004","22064153B98039049640163",2,27642.7042228382,55285.4084456764,10.920264290951
"1005","22064153B98285338074110",1,28837.1262332854,28837.1262332854,10.2694189412636
"1006","22064153B98370164064849",1,7258.99733856344,7258.99733856344,8.88999699064521
"1007","22064153B98376857578372",1,178565.780497397,178565.780497397,12.0927123305084
"1008","22064153B98586949773081",4,7718.12294739346,30872.4917895738,10.3376208330457
"1009","22064153B98589137348385",1,13410.3860060759,13410.3860060759,9.50378476080372
"1010","22064153B98590992450461",2,728369.975274199,1456739.9505484,14.1917115864392
"1011","22064153B98906825445383",1,7026.40658971071,7026.40658971071,8.85743070045268
"1012","22064153B990494098117",1,284364.703803854,284364.703803854,12.5580128616279
"1013","22064153B99270011132036",2,64394.3054076087,128788.610815217,11.7659276633949
"1014","22064153B99534934631305",2,26793.3356878958,53586.6713757916,10.8890556477737
"1015","22064153B99641769976782",2,13752.419762814,27504.839525628,10.2221172509216
"1016","22064153B99767339475906",4,15787.3839165787,63149.5356663148,11.0532607748825
"1017","22064153B99857415229909",1,16634.2361835528,16634.2361835528,9.71921827117073
"1018","22064153B99919647628025",2,473612.642321062,947225.284642124,13.7612922368457
"1019","2272694B11703437565908",1,16062.391363437,16062.391363437,9.68423587824891
"1020","2272694B14276851137333",1,1311.11652238334,1311.11652238334,7.17863436035055
"1021","2272694B40640066990777",1,5445.22807247548,5445.22807247548,8.60249492107854
"1022","2272694B4115863363061",1,2775.87421511815,2775.87421511815,7.92872100904323
"1023","2272694B7809713979732",1,44723.0730468296,44723.0730468296,10.7082448229732
"1024","2272694B90158079900101",1,34092.1856849043,34092.1856849043,10.4368234782103
"1025","2272694B91442542352830",1,5225.00805680757,5225.00805680757,8.56121161880456
"1026","25037944B61185375235969",1,15986.9445416202,15986.9445416202,9.6795277019916
"1027","2640588B11290582279728",1,608158.841504168,608158.841504168,13.3181913793018
"1028","2640588B19040020708567",1,1193726.33471167,1193726.33471167,13.9925903462553
"1029","2640588B20221108717018",1,712140.843575288,712140.843575288,13.4760309848417
"1030","2640588B20950743061684",1,1042949.1267531,1042949.1267531,13.8575629569094
"1031","2640588B21218366338371",1,558596.568301343,558596.568301343,13.2331827890825
"1032","2640588B24165862747597",1,116665.58324441,116665.58324441,11.6670668582779
"1033","2640588B29392713909073",1,678774.674613584,678774.674613584,13.4280445025914
"1034","2640588B30235147478886",1,1342362.3613515,1342362.3613515,14.1099415759762
"1035","2640588B31007762864019",1,583810.035842127,583810.035842127,13.2773309278027
"1036","2640588B33083527354868",1,1214985.09646267,1214985.09646267,14.0102423683957
"1037","2640588B39288775379873",1,986318.161897966,986318.161897966,13.8017342609447
"1038","2640588B4700873759555",1,1022564.31406079,1022564.31406079,13.837824063758
"1039","2640588B50983171828902",1,254686.18072011,254686.18072011,12.4477874024092
"1040","2640588B52014741175725",1,937226.013303886,937226.013303886,13.7506797416368
"1041","2640588B53733148454792",1,1509696.87951404,1509696.87951404,14.227419446596
"1042","2640588B56610026740587",1,1394727.2611209,1394727.2611209,14.1482094423814
"1043","2640588B63893974857560",1,861223.009136384,861223.009136384,13.6661087616449
"1044","2640588B65127685102762",1,912654.523692128,912654.523692128,13.7241126911347
"1045","2640588B70398489528347",1,75504.5475878645,75504.5475878645,11.231948166375
"1046","2640588B76140513385915",1,754739.720457531,754739.720457531,13.5341282276784
"1047","2640588B78942230860818",1,677129.752853836,677129.752853836,13.4256181921031
"1048","2640588B8507173896697",1,106845.324100614,106845.324100614,11.5791374984478
"1049","2640588B97736443103823",1,1442267.70533846,1442267.70533846,14.1817272282362
"1050","2640588B9806973652018",1,2178908.13779165,2178908.13779165,14.5943344550719
"1051","3306468B1836648434057",1,10959.3427328316,10959.3427328316,9.3019475890716
"1052","3306468B19325324705004",1,4373.69604781139,4373.69604781139,8.38336370815258
"1053","3306468B23311881925490",1,13627.8163578115,13627.8163578115,9.51986830333135
"1054","3306468B24836928118485",1,10792.5940476802,10792.5940476802,9.28661544156171
"1055","3306468B53490324555446",1,4891.02712765467,4891.02712765467,8.49515760696738
"1056","3306468B53759087220335",1,6198.2104445495,6198.2104445495,8.73201589139334
"1057","3306468B5748672743725",1,27895.3421834253,27895.3421834253,10.2362150070416
"1058","3306468B61523317388818",1,7969.15115761597,7969.15115761597,8.98333326142164
"1059","3306468B62036034532374",1,4985.71567340529,4985.71567340529,8.51433223746861
"1060","3306468B67030502759571",1,11101.9106461888,11101.9106461888,9.31487250277499
"1061","3306468B67891946517614",1,7646.35594869077,7646.35594869077,8.94198446675514
"1062","3306468B70878351440693",1,28299.5895414845,28299.5895414845,10.2506025796917
"1063","3306468B80072272336201",1,39632.0317526868,39632.0317526868,10.5873929529169
"1064","3306468B8700472779567",1,20606.0133523079,20606.0133523079,9.93333822248636
"1065","3306468B88446063992156",1,9356.05694998705,9356.05694998705,9.14377921468715
"1066","35162164B10269713734613",1,281.60134832225,281.60134832225,5.6404924123486
"1067","35162164B103369510017",1,500.931823528286,500.931823528286,6.21647001104317
"1068","35162164B10401266625964",1,359.753664205268,359.753664205268,5.88541953113678
"1069","35162164B10440863111199",1,19311.1673272184,19311.1673272184,9.86843882554872
"1070","35162164B10488528933377",1,282.219323244609,282.219323244609,5.64268451065568
"1071","35162164B10585117065466",1,2622.83880567613,2622.83880567613,7.87201252379478
"1072","35162164B10819971000444",1,1312.31990389638,1312.31990389638,7.17955176897184
"1073","35162164B10830799365035",1,235.841495941594,235.841495941594,5.46315995201679
"1074","35162164B10877240154643",1,3934.12796852282,3934.12796852282,8.2774445272768
"1075","35162164B11360557013319",1,NA,NA,NA
"1076","35162164B11517368414750",1,1692.17350546943,1692.17350546943,7.43376907951251
"1077","35162164B1168912161793",1,12573.1906275781,12573.1906275781,9.43932209814039
"1078","35162164B11758798186333",1,8167.28658060759,8167.28658060759,9.00789201281336
"1079","35162164B11946880099707",1,1537.84162269638,1537.84162269638,7.33813516862299
"1080","35162164B1222731303046",1,7267.44327938712,7267.44327938712,8.89115982770868
"1081","35162164B12647744596162",1,279.575331557989,279.575331557989,5.6332717788493
"1082","35162164B12761059225260",1,311.554004921332,311.554004921332,5.74157269373455
"1083","35162164B12787485199825",1,771.540168307289,771.540168307289,6.64838873565498
"1084","35162164B13018725482272",1,1010.85123690981,1010.85123690981,6.91854806369297
"1085","35162164B13080681802385",1,755.264683711044,755.264683711044,6.62706826226387
"1086","35162164B13082338953427",1,14188.6280257081,14188.6280257081,9.56019607948309
"1087","35162164B130893387664",1,788.534577820674,788.534577820674,6.67017625809939
"1088","35162164B13098404592902",1,1319.35555683061,1319.35555683061,7.18489868184264
"1089","35162164B13220887556117",1,1253.66841775587,1253.66841775587,7.13382926657541
"1090","35162164B13235352626667",1,534.308221717089,534.308221717089,6.28097286667444
"1091","35162164B13454318588319",1,1278.70892852181,1278.70892852181,7.15360619829201
"1092","35162164B13535955292285",1,1498.26086736048,1498.26086736048,7.31206029268124
"1093","35162164B13700806796370",1,318.962544497564,318.962544497564,5.76507368052298
"1094","35162164B13736079230506",1,9670.13862059498,9670.13862059498,9.176797923463
"1095","35162164B13749762397036",1,1940.52414874492,1940.52414874492,7.57071339533082
"1096","35162164B13821553518661",1,2007.24816697201,2007.24816697201,7.60451999186074
"1097","35162164B14186353694037",1,1412.51882922639,1412.51882922639,7.25312979335751
"1098","35162164B14224251746015",1,427.39212636435,427.39212636435,6.05770192054491
"1099","35162164B14247469001779",1,489.318359203845,489.318359203845,6.19301331895607
"1100","35162164B1433837472990",1,2231.7352490655,2231.7352490655,7.71053470045569
"1101","35162164B14493742439580",1,1216.03044546479,1216.03044546479,7.10334709960149
"1102","35162164B14520492938636",1,12942.7325088308,12942.7325088308,9.46828971336886
"1103","35162164B14631898826694",1,434.715105841108,434.715105841108,6.07469088742803
"1104","35162164B14656063603224",1,8574.01946800507,8574.01946800507,9.05649191774143
"1105","35162164B14729572635571",1,NA,NA,NA
"1106","35162164B14734200252425",1,1318.58190708421,1318.58190708421,7.18431212527777
"1107","35162164B14875369166050",1,1403.95194213542,1403.95194213542,7.24704635475165
"1108","35162164B15336588909365",1,159.617616378009,159.617616378009,5.0727810572328
"1109","35162164B15393502878039",1,NA,NA,NA
"1110","35162164B15686644794557",1,319.908068859175,319.908068859175,5.76803366970451
"1111","35162164B15710553395599",1,5491.00264044213,5491.00264044213,8.61086614814602
"1112","35162164B16069825451569",1,1288.90188756549,1288.90188756549,7.1615458848875
"1113","35162164B16484391965954",1,3153.26780569545,3153.26780569545,8.05619459272705
"1114","35162164B16799942106005",1,5605.53171209717,5605.53171209717,8.63150919489585
"1115","35162164B16957839422128",1,652.264949317247,652.264949317247,6.48045084336668
"1116","35162164B17022445758631",1,707.047182450727,707.047182450727,6.56109739980946
"1117","35162164B17022796428589",1,NA,NA,NA
"1118","35162164B1707900630918",1,4271.49825760658,4271.49825760658,8.35971992468022
"1119","35162164B17395280980108",1,538.358834364518,538.358834364518,6.28852531620327
"1120","35162164B17395603055172",1,1184.44566289572,1184.44566289572,7.0770301490943
"1121","35162164B17645323328375",1,2130.54173730563,2130.54173730563,7.66413156312857
"1122","35162164B18081939382744",1,1162.50300977886,1162.50300977886,7.05833072651524
"1123","35162164B18107329513145",1,2650.68493627331,2650.68493627331,7.88257335210178
"1124","35162164B182364481574",1,5703.79635516685,5703.79635516685,8.6488872593472
"1125","35162164B18289340712836",1,29.8266058670729,29.8266058670729,3.39540080952102
"1126","35162164B18436063056106",1,NA,NA,NA
"1127","35162164B18462645016622",1,19956.1096232242,19956.1096232242,9.90129062221219
"1128","35162164B18988139724424",1,482.647422026426,482.647422026426,6.17928641199045
"1129","35162164B19002910433442",1,417.20610058096,417.20610058096,6.03358034569698
"1130","35162164B19134220719998",1,1222.63336336729,1222.63336336729,7.10876230608806
"1131","35162164B19135592413232",1,12976.5173107541,12976.5173107541,9.47089664229559
"1132","35162164B1914566735657",1,217.124274233699,217.124274233699,5.38046988193599
"1133","35162164B19249083063273",1,14358.7541405627,14358.7541405627,9.5721150798247
"1134","35162164B19382405183666",1,9227.89884524536,9227.89884524536,9.1299866575133
"1135","35162164B19425469833230",1,356.751487058714,356.751487058714,5.87703942469784
"1136","35162164B19854739890686",1,24337.9572637357,24337.9572637357,10.0997924379471
"1137","35162164B19864553701402",1,2071.69758024561,2071.69758024561,7.63612363724692
"1138","35162164B20237498885834",1,1090.14936456478,1090.14936456478,6.99406999754601
"1139","35162164B2046013509646",1,1055.74080288479,1055.74080288479,6.96199798232433
"1140","35162164B20589291848800",1,562.368665223256,562.368665223256,6.33215762276939
"1141","35162164B20590940352842",1,NA,NA,NA
"1142","35162164B20665201677941",1,10990.2967012432,10990.2967012432,9.30476804441661
"1143","35162164B20700175666909",1,6505.53270044601,6505.53270044601,8.78040827851548
"1144","35162164B20735321288499",1,19131.8130617974,19131.8130617974,9.85910783378221
"1145","35162164B2079151775126",1,1279.22707164984,1279.22707164984,7.1540113242491
"1146","35162164B20802405808987",1,1783.58304909624,1783.58304909624,7.4863795689496
"1147","35162164B20853900805685",1,2125.13291628271,2125.13291628271,7.66158962824134
"1148","35162164B21011442617383",1,1425.74047216564,1425.74047216564,7.26244658733197
"1149","35162164B21667270736466",1,881.930804043144,881.930804043144,6.78211359946333
"1150","35162164B21733796859397",1,6047.26231462186,6047.26231462186,8.70736093863149
"1151","35162164B22116826076314",1,15788.9948443337,15788.9948443337,9.66706844748651
"1152","35162164B22154659439015",1,NA,NA,NA
"1153","35162164B22388149113112",1,3072.83062252345,3072.83062252345,8.03035444265616
"1154","35162164B2242768806126",1,9893.53769276002,9893.53769276002,9.19963706467615
"1155","35162164B22512399474750",1,3060.80319188386,3060.80319188386,8.02643264151211
"1156","35162164B22514799027862",1,1178.13751262338,1178.13751262338,7.07169009137436
"1157","35162164B22597873563843",1,9571.04374374291,9571.04374374291,9.1664975426319
"1158","35162164B22602987441684",1,3469.75862453342,3469.75862453342,8.15184030986826
"1159","35162164B22687194999862",1,1705.47570788,1705.47570788,7.4415993583565
"1160","35162164B22901750711962",1,2289.94744864144,2289.94744864144,7.73628414809346
"1161","35162164B2290413152887",1,NA,NA,NA
"1162","35162164B23239115370775",1,706.578202756472,706.578202756472,6.5604338863831
"1163","35162164B23239985864040",1,199.296648110643,199.296648110643,5.29479440876645
"1164","35162164B23385405996925",1,1042.74289925976,1042.74289925976,6.94960992342525
"1165","35162164B23409895494057",1,2065.01777772581,2065.01777772581,7.63289411442626
"1166","35162164B23618117428445",1,973.095347154617,973.095347154617,6.88048207034967
"1167","35162164B23669787713896",1,17506.0142438361,17506.0142438361,9.77029977194658
"1168","35162164B23827394250317",1,1359.06035197048,1359.06035197048,7.21454882226772
"1169","35162164B2401593792892",1,153.384104781635,153.384104781635,5.03294526414862
"1170","35162164B241272526579",1,1820.94823985196,1820.94823985196,7.50711265529945
"1171","35162164B24828223630236",1,1098.64444275489,1098.64444275489,7.00183237408162
"1172","35162164B24977696654809",1,5867.05813528478,5867.05813528478,8.6771086177373
"1173","35162164B25229657984831",1,17731.8070686961,17731.8070686961,9.78311531540287
"1174","35162164B25602656335961",1,721.664368439704,721.664368439704,6.5815601671533
"1175","35162164B25637967928692",1,1165.76185629255,1165.76185629255,7.06113010616431
"1176","35162164B25650133668867",1,165.903447138473,165.903447138473,5.11140597539206
"1177","35162164B25767436951669",1,1581.38486165573,1581.38486165573,7.36605623684264
"1178","35162164B25826046843734",1,8693.71061420503,8693.71061420503,9.07035512530405
"1179","35162164B25865282512198",1,1234.57291852876,1234.57291852876,7.11848037429783
"1180","35162164B26172432571373",1,6152.47313393358,6152.47313393358,8.72460941556467
"1181","35162164B26182668769136",1,760.586850105561,760.586850105561,6.63409030650111
"1182","35162164B26370017689795",1,1136.24369542103,1136.24369542103,7.03548309689194
"1183","35162164B26415064985128",1,1977.19433019085,1977.19433019085,7.58943411383353
"1184","35162164B26748692145835",1,222.173696857154,222.173696857154,5.40345949421814
"1185","35162164B26843037379141",1,2051.20400967855,2051.20400967855,7.62618222152093
"1186","35162164B26886781454226",1,818.462425069354,818.462425069354,6.70742748869494
"1187","35162164B27165980360946",1,920.716211754248,920.716211754248,6.82515185821334
"1188","35162164B27338061419730",1,6911.46165296677,6911.46165296677,8.84093642159513
"1189","35162164B27449427829131",1,830.411703585267,830.411703585267,6.7219216062252
"1190","35162164B27536144892403",1,2445.23268372323,2445.23268372323,7.80189556454783
"1191","35162164B2754916840566",1,132.618942401983,132.618942401983,4.88747992125942
"1192","35162164B27662620318918",1,810.793199181888,810.793199181888,6.69801302675516
"1193","35162164B2787680447386",1,2048.61879187176,2048.61879187176,7.62492108499158
"1194","35162164B27901886768337",1,3424.33332441661,3424.33332441661,8.13866208194422
"1195","35162164B28230343509230",1,NA,NA,NA
"1196","35162164B28437940927119",1,6136.81007936668,6136.81007936668,8.7220603550904
"1197","35162164B28497207695699",1,227.291294182569,227.291294182569,5.42623242912442
"1198","35162164B28686366216138",1,NA,NA,NA
"1199","35162164B28796349408819",1,1679.07251146834,1679.07251146834,7.42599684344002
"1200","35162164B29257726998169",1,2515.6392658079,2515.6392658079,7.83028223147101
"1201","35162164B29334565132125",1,1653.20736766027,1653.20736766027,7.41047253923318
"1202","35162164B2935679182415",1,3656.14403179428,3656.14403179428,8.20416432780304
"1203","35162164B2944080233928",1,10666.7381317244,10666.7381317244,9.27488559294047
"1204","35162164B29665566368909",1,2985.05047848786,2985.05047848786,8.00137193639992
"1205","35162164B29670244219059",1,0.828932985365391,0.828932985365391,-0.187615965033111
"1206","35162164B29739570351422",1,5529.13670446205,5529.13670446205,8.61778697102089
"1207","35162164B29771918648995",1,743.743660781205,743.743660781205,6.61169643350413
"1208","35162164B29778711665887",1,20073.046240267,20073.046240267,9.90713321105346
"1209","35162164B29805961991353",1,1765.52051830337,1765.52051830337,7.47620083710967
"1210","35162164B29979050445990",1,9367.90235740524,9367.90235740524,9.14504448223062
"1211","35162164B30150096816100",1,16367.9558798071,16367.9558798071,9.70308079267257
"1212","35162164B30214649518021",1,1488.10827011669,1488.10827011669,7.30526097492119
"1213","35162164B30247748644856",1,574.735775216721,574.735775216721,6.35391041382283
"1214","35162164B30305198666927",1,5810.35606243615,5810.35606243615,8.66739713238056
"1215","35162164B30310519653899",1,21231.9787751617,21231.9787751617,9.9632637569088
"1216","35162164B30603053665119",1,1639.59370853388,1639.59370853388,7.40220375142709
"1217","35162164B30621256255641",1,5150.38015618187,5150.38015618187,8.5468258076678
"1218","35162164B30744648886698",1,4622.24344358635,4622.24344358635,8.4386354600631
"1219","35162164B30898640235885",1,272.498117488295,272.498117488295,5.6076317057796
"1220","35162164B30968954703154",1,5386.78991258695,5386.78991258695,8.59170492295717
"1221","35162164B31029299854574",1,338.024752345622,338.024752345622,5.82311912459348
"1222","35162164B31036277734293",1,4247.40029072914,4247.40029072914,8.35406237845693
"1223","35162164B31318535149924",1,162.090575471312,162.090575471312,5.08815528683743
"1224","35162164B31445567914923",1,11729.0730070782,11729.0730070782,9.36982591099512
"1225","35162164B31903053355242",1,6260.1675456543,6260.1675456543,8.7419622282175
"1226","35162164B32079497073653",1,751.033933046386,751.033933046386,6.62145083456014
"1227","35162164B3217186539387",1,541.840263916895,541.840263916895,6.29497124198186
"1228","35162164B32207408635232",1,5698.61337387085,5698.61337387085,8.64797815648629
"1229","35162164B32476575049647",1,6784.74656413124,6784.74656413124,8.82243221919571
"1230","35162164B32503532025347",1,530.419192473859,530.419192473859,6.27366762312246
"1231","35162164B32511012519739",1,1554.54568206147,1554.54568206147,7.3489386160477
"1232","35162164B32603147707699",1,3407.67054218894,3407.67054218894,8.13378421138326
"1233","35162164B32711720847006",1,NA,NA,NA
"1234","35162164B32881754588399",1,7339.18633812264,7339.18633812264,8.90098326234709
"1235","35162164B3291213961319",1,479.508415824234,479.508415824234,6.17276144541918
"1236","35162164B33008860234246",1,638.835914821565,638.835914821565,6.459647637086
"1237","35162164B33097387261556",1,3158.09394611552,3158.09394611552,8.05772394298473
"1238","35162164B3312502369937",1,374.144638024852,374.144638024852,5.92464245533949
"1239","35162164B3327858582551",1,530.310737217128,530.310737217128,6.27346313137753
"1240","35162164B33282887229490",1,578.522242402293,578.522242402293,6.36047699429961
"1241","35162164B3332276953355",1,750.349525389358,750.349525389358,6.62053913182278
"1242","35162164B33418122090766",1,698.208772452705,698.208772452705,6.54851815897571
"1243","35162164B33499420983824",1,1073.76912929099,1073.76912929099,6.97893028854465
"1244","35162164B33687534617917",1,NA,NA,NA
"1245","35162164B34027282042904",1,752.288740004137,752.288740004137,6.62312021302646
"1246","35162164B34108970564975",1,5148.78391716592,5148.78391716592,8.54651583318495
"1247","35162164B3427671821915",1,854.81992402947,854.81992402947,6.75089083158406
"1248","35162164B34693817831811",1,NA,NA,NA
"1249","35162164B34736142106091",1,998.783282139778,998.783282139778,6.90653782031978
"1250","35162164B34799384969485",1,2206.98125623376,2206.98125623376,7.6993809133497
"1251","35162164B34996558503734",1,57.6280228906572,57.6280228906572,4.0540089579133
"1252","35162164B3499900463051",1,353.375821553867,353.375821553867,5.86753214088935
"1253","35162164B35054322137295",1,1651.71680929134,1651.71680929134,7.4095705164392
"1254","35162164B35115776141340",1,6978.27856522937,6978.27856522937,8.8505575414471
"1255","35162164B35138350065445",1,2650.93392372201,2650.93392372201,7.88266728093954
"1256","35162164B35335348273773",1,235.926337458909,235.926337458909,5.46351962689168
"1257","35162164B35433441802256",1,6481.33597622681,6481.33597622681,8.77668193726718
"1258","35162164B35435864807624",1,106.140349484324,106.140349484324,4.66476227006744
"1259","35162164B3547177020810",1,3331.69632641079,3331.69632641079,8.11123686060119
"1260","35162164B35604114195252",1,541.399051194146,541.399051194146,6.29415662467432
"1261","35162164B35846593220974",1,560.897943060361,560.897943060361,6.3295389692948
"1262","35162164B35990184487288",1,NA,NA,NA
"1263","35162164B36072688257457",1,12927.3627431372,12927.3627431372,9.46710148678119
"1264","35162164B36130278756514",1,2043.76652016015,2043.76652016015,7.62254971787168
"1265","35162164B36201030843686",1,307.179882338673,307.179882338673,5.72743351195034
"1266","35162164B36262795857615",1,566.066818736795,566.066818736795,6.33871212554061
"1267","35162164B36295319178856",1,2136.40029825815,2136.40029825815,7.66687758807343
"1268","35162164B3644248448752",1,6318.49688616943,6318.49688616943,8.75123662438694
"1269","35162164B36464745645155",1,1120.90591501191,1120.90591501191,7.0218924900333
"1270","35162164B36615656829014",1,4469.1607008425,4469.1607008425,8.40495590730294
"1271","35162164B36736631592146",1,450.06244933271,450.06244933271,6.10938634943074
"1272","35162164B36782193630345",1,668.191768260781,668.191768260781,6.50457521057228
"1273","35162164B36860764345845",1,872.230801538639,872.230801538639,6.77105406955081
"1274","35162164B36890645103450",1,1208.90165947584,1208.90165947584,7.09746750692256
"1275","35162164B37063972584076",1,686.323461206451,686.323461206451,6.53134903438996
"1276","35162164B37105319510629",1,790.344736569002,790.344736569002,6.67246922568081
"1277","35162164B37287460765736",1,3673.97209202898,3673.97209202898,8.20902866967354
"1278","35162164B37410879222528",1,4245.78614779022,4245.78614779022,8.35368227542492
"1279","35162164B37480487737261",1,3573.74531973083,3573.74531973083,8.18136943401155
"1280","35162164B37521844633919",1,6880.76093623352,6880.76093623352,8.83648452600826
"1281","35162164B37577453073889",1,24999.3844847609,24999.3844847609,10.1266064829377
"1282","35162164B37645034893203",1,1763.93858542791,1763.93858542791,7.4753044204436
"1283","35162164B37648994900725",1,420.04140435607,420.04140435607,6.04035328821871
"1284","35162164B37650855114133",1,472.188736448258,472.188736448258,6.15737877101719
"1285","35162164B37971320550046",1,3386.28159941953,3386.28159941953,8.12748772504112
"1286","35162164B38144883145872",1,1059.36343430558,1059.36343430558,6.96542347303956
"1287","35162164B38387632600591",1,1728.90407938036,1728.90407938036,7.45524300663155
"1288","35162164B38413956233352",1,5993.23621349347,5993.23621349347,8.69838681458107
"1289","35162164B38508894129969",1,1991.59175104687,1991.59175104687,7.59668947288702
"1290","35162164B38587864840285",1,2461.37614327335,2461.37614327335,7.80847588035087
"1291","35162164B38655040871087",1,4657.94600465393,4657.94600465393,8.44632985841787
"1292","35162164B38891145564470",1,2681.47904100591,2681.47904100591,7.89412380224696
"1293","35162164B38966555912320",1,648.428524542764,648.428524542764,6.47455178109433
"1294","35162164B38971200706697",1,1468.57753968713,1468.57753968713,7.29204955121074
"1295","35162164B39157638140950",1,6679.60370427561,6679.60370427561,8.80681393906361
"1296","35162164B39311117722517",1,1250.03269285253,1250.03269285253,7.13092498423635
"1297","35162164B39353777100388",1,828.113368520886,828.113368520886,6.71915006351626
"1298","35162164B3937621778129",1,3163.60136995838,3163.60136995838,8.05946633168297
"1299","35162164B39513571338002",1,6873.17342196064,6873.17342196064,8.83538120315605
"1300","35162164B39557523691136",1,147.493666240156,147.493666240156,4.99378523411319
"1301","35162164B39676460193401",1,749.627300111413,749.627300111413,6.61957614983336
"1302","35162164B39768025410051",1,4952.39871675818,4952.39871675818,8.50762732743136
"1303","35162164B39875970443562",1,12992.733232305,12992.733232305,9.47214549802453
"1304","35162164B39915546247391",1,1102.11993995447,1102.11993995447,7.00499082222457
"1305","35162164B39951318882667",1,1530.00815859504,1530.00815859504,7.33302834678732
"1306","35162164B4001885115008",1,6909.08563930066,6909.08563930066,8.84059258373701
"1307","35162164B40153831078788",1,687.625305509061,687.625305509061,6.53324407549156
"1308","35162164B40202387586398",1,1257.59778954574,1257.59778954574,7.13695866399666
"1309","35162164B40364811374948",1,923.113842692658,923.113842692658,6.82775256675915
"1310","35162164B40653151075906",1,3843.70001290911,3843.70001290911,8.25419072669865
"1311","35162164B40811293491230",1,604.214848869816,604.214848869816,6.40392984473436
"1312","35162164B41058885477695",1,1134.13860550369,1134.13860550369,7.03362870389414
"1313","35162164B41129284369230",1,443.346112030387,443.346112030387,6.09435075626098
"1314","35162164B41198917697525",1,4246.9192069694,4246.9192069694,8.35394910657908
"1315","35162164B41272201057348",1,1447.54736433071,1447.54736433071,7.27762593038381
"1316","35162164B41289654122948",1,7626.15023632875,7626.15023632875,8.93933844076486
"1317","35162164B41691661831409",1,1192.05359779295,1192.05359779295,7.08343281120582
"1318","35162164B4192483471758",1,660.367047648668,660.367047648668,6.49279581323695
"1319","35162164B41932037702546",1,2880.30186265096,2880.30186265096,7.96565038105792
"1320","35162164B42075240589234",1,8534.99283674031,8534.99283674031,9.05192979594762
"1321","35162164B42122420865004",1,226.697552497074,226.697552497074,5.42361676123586
"1322","35162164B42502123725586",1,4237.63666133173,4237.63666133173,8.35176100163044
"1323","35162164B42794382244883",1,8003.18523617203,8003.18523617203,8.987594895941
"1324","35162164B42948895051340",1,2366.71026759454,2366.71026759454,7.76925619711887
"1325","35162164B43095609946318",1,884.396067329153,884.396067329153,6.78490500226281
"1326","35162164B43104180618768",1,428.385139117464,428.385139117464,6.06002264870362
"1327","35162164B43329717977786",1,863.8594779386,863.8594779386,6.76141011430176
"1328","35162164B43359933366516",1,1556.57516338886,1556.57516338886,7.35024327871822
"1329","35162164B4355148112138",1,1087.9588614949,1087.9588614949,6.99205861557502
"1330","35162164B4373871632357",1,6856.46553407288,6856.46553407288,8.83294735967498
"1331","35162164B4381355814899",1,2308.84114262778,2308.84114262778,7.74450100777931
"1332","35162164B43983765297672",1,5936.08807679749,5936.08807679749,8.68880562247256
"1333","35162164B44046782909904",1,553.273112290524,553.273112290524,6.31585175354982
"1334","35162164B44082529851006",1,548.765100911677,548.765100911677,6.3076704827564
"1335","35162164B44108052302901",1,6321.10010423383,6321.10010423383,8.75164853911859
"1336","35162164B44118594197771",1,617.147782334417,617.147782334417,6.42510851278547
"1337","35162164B44132025235652",1,12530.6769721115,12530.6769721115,9.43593507453213
"1338","35162164B44634444711623",1,1131.87173103129,1131.87173103129,7.03162794053305
"1339","35162164B44657175287617",1,724.58784500736,724.58784500736,6.58560300355815
"1340","35162164B44780300439373",1,99.5636053471044,99.5636053471044,4.60079668965112
"1341","35162164B45098270678787",1,1108.04102126316,1108.04102126316,7.01034888942259
"1342","35162164B45378325977411",1,3066.19328011875,3066.19328011875,8.02819209727482
"1343","35162164B45570204479435",1,1763.7627762666,1763.7627762666,7.47520474694892
"1344","35162164B45791079749061",1,940.641965454914,940.641965454914,6.84656258413862
"1345","35162164B45882638430456",1,1932.18304767784,1932.18304767784,7.56640575545929
"1346","35162164B46160238611369",1,1389.70874861873,1389.70874861873,7.23684947080173
"1347","35162164B4630365107743",1,2687.65942696978,2687.65942696978,7.89642599233963
"1348","35162164B464656830553",1,425.851658815972,425.851658815972,6.0540910668853
"1349","35162164B4666434979378",1,6199.05823757935,6199.05823757935,8.73215266233102
"1350","35162164B47227241958713",1,12059.3861158743,12059.3861158743,9.39759856648761
"1351","35162164B47289388802077",1,NA,NA,NA
"1352","35162164B47400970440910",1,1660.92555425046,1660.92555425046,7.41513028877169
"1353","35162164B47483648218814",1,762.182211163312,762.182211163312,6.63618564936304
"1354","35162164B47655084452397",1,14421.3082203327,14421.3082203327,9.57646212935445
"1355","35162164B47738675903000",1,NA,NA,NA
"1356","35162164B47850165060399",1,1523.9321137294,1523.9321137294,7.32904919045746
"1357","35162164B47977528408812",1,558.814827553764,558.814827553764,6.32581816166528
"1358","35162164B48134009375448",1,2641.97791514632,2641.97791514632,7.87928312590514
"1359","35162164B48276520022709",1,8820.06051706634,8820.06051706634,9.08478401032269
"1360","35162164B48283661565489",1,1824.73275635004,1824.73275635004,7.50918882041727
"1361","35162164B4834326147555",1,546.420767053332,546.420767053332,6.30338931458655
"1362","35162164B48366708508024",1,36.6471628959179,36.6471628959179,3.60133601458371
"1363","35162164B48594737867341",1,17664.098873683,17664.098873683,9.77928954652962
"1364","35162164B48668524840804",1,NA,NA,NA
"1365","35162164B48798891823707",1,1981.39685176182,1981.39685176182,7.59155735564185
"1366","35162164B48833074214893",1,1137.74560111538,1137.74560111538,7.0368040405877
"1367","35162164B48964158147247",1,NA,NA,NA
"1368","35162164B49055104405338",1,499.504600631647,499.504600631647,6.21361680851996
"1369","35162164B49139561829601",1,15439.6294867997,15439.6294867997,9.6446928263219
"1370","35162164B49212853106844",1,544.764043168098,544.764043168098,6.30035275259865
"1371","35162164B49319017371443",1,5457.46075706267,5457.46075706267,8.60473889775467
"1372","35162164B49669417208425",1,515.990968411908,515.990968411908,6.24608926225068
"1373","35162164B49699015358538",1,564.856907589443,564.856907589443,6.33657243816684
"1374","35162164B49984893156433",1,1527.14143495759,1527.14143495759,7.33115292369142
"1375","35162164B50002705209243",1,510.701223837353,510.701223837353,6.23578473004265
"1376","35162164B50149511982959",1,547.518548154831,547.518548154831,6.30539633902518
"1377","35162164B50185526040521",1,17.7370244363844,17.7370244363844,2.87565423092924
"1378","35162164B50213628521675",1,4656.58289917699,4656.58289917699,8.44603717469747
"1379","35162164B50505339448184",1,8234.49671770304,8234.49671770304,9.01608752571112
"1380","35162164B50611338864670",1,6156.24897740911,6156.24897740911,8.72522293881425
"1381","35162164B50635922990966",1,2531.34571211466,2531.34571211466,7.83650634233343
"1382","35162164B50966628744256",1,5990.07885787964,5990.07885787964,8.69785985594431
"1383","35162164B51027865452470",1,874.134993615001,874.134993615001,6.77323481866567
"1384","35162164B51145992961570",1,118.289360679746,118.289360679746,4.77313383185749
"1385","35162164B51236873924617",1,2102.11268604748,2102.11268604748,7.65069815896644
"1386","35162164B51283194093735",1,5200.49287142432,5200.49287142432,8.55650868304411
"1387","35162164B5152364964620",1,802.081700522311,802.081700522311,6.68721047365347
"1388","35162164B51703363318263",1,129.969842386186,129.969842386186,4.86730244189896
"1389","35162164B51705520873479",1,8398.75466643754,8398.75466643754,9.03583871984516
"1390","35162164B51772334527527",1,3039.88873080713,3039.88873080713,8.01957619202223
"1391","35162164B52032683058931",1,1387.95915109417,1387.95915109417,7.23558971058625
"1392","35162164B52048270525554",1,1288.77149515082,1288.77149515082,7.16144471426158
"1393","35162164B52095802244464",1,9554.76081009482,9554.76081009482,9.16479482340393
"1394","35162164B52508011667505",1,3208.44570910415,3208.44570910415,8.07354189608875
"1395","35162164B52602965230915",1,1413.83803982253,1413.83803982253,7.25406329945958
"1396","35162164B52706250089410",1,2335.81372562858,2335.81372562858,7.75611560002747
"1397","35162164B52838643588694",1,6170.24171126357,6170.24171126357,8.72749329137742
"1398","35162164B52848122873213",1,NA,NA,NA
"1399","35162164B52856134936661",1,9864.44932127619,9864.44932127619,9.19669259543652
"1400","35162164B52921582022619",1,1659.87243159024,1659.87243159024,7.41449602995798
"1401","35162164B53146220009550",1,1753.69570488721,1753.69570488721,7.46948067150033
"1402","35162164B53154080329110",1,NA,NA,NA
"1403","35162164B53729872192207",1,2061.07021666654,2061.07021666654,7.63098064953212
"1404","35162164B53813298320791",1,616.560243069954,616.560243069954,6.42415603570535
"1405","35162164B54144747776936",1,307.186657100588,307.186657100588,5.72745556641288
"1406","35162164B54504500114566",1,1409.26637770599,1409.26637770599,7.25082454847016
"1407","35162164B54684322655219",1,9920.04613181332,9920.04613181332,9.20231285065251
"1408","35162164B54710841907593",1,902.284336324871,902.284336324871,6.80492969913002
"1409","35162164B54859772673703",1,4602.44672648621,4602.44672648621,8.4343433381323
"1410","35162164B5486368161051",1,3362.5190614963,3362.5190614963,8.12044569274051
"1411","35162164B54904175819793",1,6689.2380974592,6689.2380974592,8.80825525985928
"1412","35162164B55045053102964",1,106.220000102781,106.220000102781,4.66551241596188
"1413","35162164B55047607861786",1,21372.5240176058,21372.5240176058,9.96986145166187
"1414","35162164B55174178620740",1,791.661919379726,791.661919379726,6.67413443120967
"1415","35162164B55209695103192",1,450.320508018583,450.320508018583,6.1099595692831
"1416","35162164B55355936251636",1,1628.58498460485,1628.58498460485,7.3954668091728
"1417","35162164B55508639359232",1,1097.09318991682,1097.09318991682,7.00041940645464
"1418","35162164B55527048225424",1,796.554597154893,796.554597154893,6.68029567333474
"1419","35162164B55566355073112",1,119.808280448969,119.808280448969,4.78589280223239
"1420","35162164B55651843175504",1,979.165866139147,979.165866139147,6.88670105222395
"1421","35162164B55653603648730",1,753.342742145952,753.342742145952,6.6245202930945
"1422","35162164B55805795944357",1,619.816065579332,619.816065579332,6.42942276560392
"1423","35162164B55936134420227",1,5775.43009613037,5775.43009613037,8.66136800813724
"1424","35162164B55937002420663",1,2007.67593155095,2007.67593155095,7.60473307911722
"1425","35162164B56267554774687",1,763.039151276939,763.039151276939,6.63730934225759
"1426","35162164B56375608291865",1,3939.65799736895,3939.65799736895,8.27884919582617
"1427","35162164B56396362384048",1,66548.2647443491,66548.2647443491,11.1056827490182
"1428","35162164B56440462518587",1,266.107375518769,266.107375518769,5.58389989469374
"1429","35162164B56488122937951",1,4949.56156048203,4949.56156048203,8.50705427799987
"1430","35162164B57006109689190",1,817.817653654456,817.817653654456,6.70663939446015
"1431","35162164B57243276794912",1,23998.4569870944,23998.4569870944,10.0857448150589
"1432","35162164B57287087232463",1,952.112557713613,952.112557713613,6.85868326069486
"1433","35162164B57515137909984",1,9476.31490710456,9476.31490710456,9.15655079679748
"1434","35162164B5774991400225",1,3919.41961222967,3919.41961222967,8.27369886371815
"1435","35162164B57941425768227",1,1050.53745880583,1050.53745880583,6.95705717772246
"1436","35162164B58097277944417",1,1493.87962447982,1493.87962447982,7.30913178980928
"1437","35162164B5812724327715",1,64494.3515858608,64494.3515858608,11.0743329266369
"1438","35162164B58227039352196",1,2650.78519533399,2650.78519533399,7.88261117521809
"1439","35162164B58259764346195",1,141.554299460791,141.554299460791,4.95268338524562
"1440","35162164B58310088088088",1,1728.0156570435,1728.0156570435,7.45472901011201
"1441","35162164B58341155442223",1,737.870363021828,737.870363021828,6.60376814930845
"1442","35162164B586389844470",1,300.206638136238,300.206638136238,5.70447103133409
"1443","35162164B58929409429796",1,934.746470962524,934.746470962524,6.840275338469
"1444","35162164B59399831038543",1,670.001907334596,670.001907334596,6.50728055914901
"1445","35162164B59555480017581",1,1281.5524501256,1281.5524501256,7.15582747366388
"1446","35162164B60113687786338",1,911.311702177286,911.311702177286,6.81488499261055
"1447","35162164B60318395890345",1,31086.9349606017,31086.9349606017,10.3445429121717
"1448","35162164B60478226363731",1,2757.60056487952,2757.60056487952,7.92211622004725
"1449","35162164B60523300331136",1,381.928065689843,381.928065689843,5.94523228116162
"1450","35162164B60572790247888",1,3389.83260317938,3389.83260317938,8.12853581956218
"1451","35162164B60639371650725",1,265.588151384093,265.588151384093,5.58194680585453
"1452","35162164B60799927677467",1,1554.10069464502,1554.10069464502,7.34865232589722
"1453","35162164B60985093963323",1,2238.76853890105,2238.76853890105,7.71368123425679
"1454","35162164B61226104202809",1,29.2458322868347,29.2458322868347,3.3757370776056
"1455","35162164B6189191279068",1,1092.04104232737,1092.04104232737,6.99580374014744
"1456","35162164B61931844295180",1,537.059836316437,537.059836316437,6.2861095153338
"1457","35162164B62010559485680",1,446.860872613281,446.860872613281,6.10224729921603
"1458","35162164B62024364691699",1,NA,NA,NA
"1459","35162164B62151191241006",1,3548.03877141513,3548.03877141513,8.17415027105159
"1460","35162164B62328940615775",1,NA,NA,NA
"1461","35162164B62342793759497",1,3218.06701990964,3218.06701990964,8.07653615390775
"1462","35162164B62401168973782",1,12463.553559337,12463.553559337,9.43056394905897
"1463","35162164B62428051071911",1,18003.0399172632,18003.0399172632,9.79829590691135
"1464","35162164B62789094619129",1,5698.63844312096,5698.63844312096,8.64798255566085
"1465","35162164B62900953125542",1,2974.12659089775,2974.12659089775,7.99770569198432
"1466","35162164B6296725203986",1,696.822453199096,696.822453199096,6.54653064832438
"1467","35162164B63214843233933",1,1360.07771898775,1360.07771898775,7.21529712341183
"1468","35162164B6328683586484",1,553.885429353714,553.885429353714,6.3169578591392
"1469","35162164B63355054805724",1,626.612992797621,626.612992797621,6.4403291136967
"1470","35162164B63443536988454",1,720.85381102451,720.85381102451,6.58043635809212
"1471","35162164B63456951667461",1,9176.33294656515,9176.33294656515,9.12438294265019
"1472","35162164B63932580669884",1,7450.62381333407,7450.62381333407,8.9160530412016
"1473","35162164B6396716767482",1,11387.2611364677,11387.2611364677,9.34025056540685
"1474","35162164B63967587387605",1,2517.41153852987,2517.41153852987,7.83098648535761
"1475","35162164B64011842715923",1,652.508590368137,652.508590368137,6.48082430442534
"1476","35162164B64032004028006",1,6541.53468933105,6541.53468933105,8.78592707889965
"1477","35162164B64333696497287",1,1352.97588633551,1352.97588633551,7.21006180564353
"1478","35162164B64456112534270",1,18382.785250435,18382.785250435,9.8191699214495
"1479","35162164B64481090493590",1,1433.35683925973,1433.35683925973,7.26777441236261
"1480","35162164B64614498452260",1,492.004561930139,492.004561930139,6.19848798866505
"1481","35162164B64653334099040",1,733.492864073917,733.492864073917,6.59781786893846
"1482","35162164B64679939862971",1,125.415754102848,125.415754102848,4.83163425111214
"1483","35162164B64881067970982",1,2391.44057887369,2391.44057887369,7.77965121600995
"1484","35162164B65076936477061",1,5868.79946172619,5868.79946172619,8.67740537090422
"1485","35162164B65276003398937",1,5884.57599809113,5884.57599809113,8.68008996919585
"1486","35162164B65314498182346",1,2274.80539260711,2274.80539260711,7.72964978601499
"1487","35162164B65385180644380",1,533.58261265631,533.58261265631,6.27961390909358
"1488","35162164B65486523174635",1,NA,NA,NA
"1489","35162164B6558506114396",1,453.297528190285,453.297528190285,6.11654870500956
"1490","35162164B65691399727908",1,399.437078082204,399.437078082204,5.99005625113006
"1491","35162164B65765715361168",1,10238.373102173,10238.373102173,9.23389800923033
"1492","35162164B65908868425620",1,245.980743398651,245.980743398651,5.50525325400114
"1493","35162164B65937431669133",1,10577.1160188344,10577.1160188344,9.26644808024155
"1494","35162164B65955038225271",1,4959.69316936362,4959.69316936362,8.5090991567901
"1495","35162164B66231377530280",1,1338.62727954137,1338.62727954137,7.19939994961724
"1496","35162164B66239287050159",1,3604.09616280319,3604.09616280319,8.1898263006151
"1497","35162164B66386769962643",1,12299.5037585799,12299.5037585799,9.41731419571573
"1498","35162164B66396036790840",1,889.268866388612,889.268866388612,6.79039962667167
"1499","35162164B66483536565196",1,967.514691311449,967.514691311449,6.87473060960668
"1500","35162164B67253441607804",1,2649.87782838326,2649.87782838326,7.88226881542063
"1501","35162164B67357398396511",1,14091.7583757808,14091.7583757808,9.55334539311635
"1502","35162164B67611771637099",1,1233.60252245103,1233.60252245103,7.11769404759542
"1503","35162164B67834793855572",1,1494.56708759733,1494.56708759733,7.30959187037679
"1504","35162164B67840176156165",1,580.293760849476,580.293760849476,6.36353445954386
"1505","35162164B67873210702282",1,481.744910354435,481.744910354435,6.17741474232831
"1506","35162164B67895796063130",1,809.811943053689,809.811943053689,6.69680205164155
"1507","35162164B67913939941732",1,2515.40333201787,2515.40333201787,7.8301884402595
"1508","35162164B68020695361946",1,15468.2074771073,15468.2074771073,9.64654206594905
"1509","35162164B6810731341858",1,2554.20956541987,2554.20956541987,7.845498087032
"1510","35162164B68193657015740",1,1221.23784061539,1221.23784061539,7.10762024680007
"1511","35162164B68266542502187",1,3990.3033905991,3990.3033905991,8.29162254473732
"1512","35162164B68550082171779",1,1842.59395921891,1842.59395921891,7.51892961826878
"1513","35162164B68655707954868",1,5994.22076780701,5994.22076780701,8.69855107866431
"1514","35162164B688158722363",1,3490.00718108838,3490.00718108838,8.1576590728128
"1515","35162164B69010938957463",1,2436.39759475434,2436.39759475434,7.79827583174888
"1516","35162164B69017338902165",1,521.193248412009,521.193248412009,6.25612089123741
"1517","35162164B69149388198567",1,1914.54484646766,1914.54484646766,7.55723519528006
"1518","35162164B69315213162773",1,NA,NA,NA
"1519","35162164B69415913554299",1,9828.22014013806,9828.22014013806,9.19301313267166
"1520","35162164B69621988819609",1,2222.47255176625,2222.47255176625,7.70637561715038
"1521","35162164B69764209566342",1,491.525858382493,491.525858382493,6.19751454935792
"1522","35162164B69767329259242",1,5709.83848556354,5709.83848556354,8.64994601600893
"1523","35162164B70002149136386",1,4963.86567432907,4963.86567432907,8.50994008599243
"1524","35162164B70010729273822",1,3825.9774863253,3825.9774863253,8.24956926559326
"1525","35162164B70039093596166",1,1986.21576194146,1986.21576194146,7.59398648016502
"1526","35162164B70126533167331",1,3359.34455848935,3359.34455848935,8.11950116205009
"1527","35162164B70690583888265",1,193.181160768766,193.181160768766,5.26362840547503
"1528","35162164B70989189372526",1,792.565468116626,792.565468116626,6.67527511195033
"1529","35162164B71228624509443",1,3998.11805477355,3998.11805477355,8.293579043082
"1530","35162164B7127592145054",1,565.373822768517,565.373822768517,6.33748714558229
"1531","35162164B71805351346614",1,1332.73222197731,1332.73222197731,7.19498641626092
"1532","35162164B7183991745981",1,2873.27480094442,2873.27480094442,7.96320770388113
"1533","35162164B71943949952285",1,1730.17183638731,1730.17183638731,7.45597600995069
"1534","35162164B71980128159858",1,417.862905283365,417.862905283365,6.03515340093728
"1535","35162164B7201362234672",1,1558.9126907368,1558.9126907368,7.35174386411352
"1536","35162164B72415884278967",1,761.236633728892,761.236633728892,6.63494426054995
"1537","35162164B72501764161352",1,6424.54955417672,6424.54955417672,8.76788179900637
"1538","35162164B72512269852971",1,19479.950781695,19479.950781695,9.8771410505863
"1539","35162164B72590752021291",1,678.059389534481,678.059389534481,6.51923487928776
"1540","35162164B72617590649552",1,1399.27373407678,1399.27373407678,7.24370861962639
"1541","35162164B72746887370475",1,307.999584756207,307.999584756207,5.73009843477853
"1542","35162164B72879195732120",1,2298.04367841727,2298.04367841727,7.73981346537222
"1543","35162164B72968127914093",1,3906.56590102091,3906.56590102091,8.27041398087621
"1544","35162164B73119791157228",1,6696.9519699707,6696.9519699707,8.80940777201196
"1545","35162164B73190179505267",1,6519.5709168396,6519.5709168396,8.78256384245443
"1546","35162164B73697792957212",1,788.454376536444,788.454376536444,6.67007454364657
"1547","35162164B73997840305006",1,5226.19115414321,5226.19115414321,8.56143802293615
"1548","35162164B74015662320963",1,6409.96152358246,6409.96152358246,8.76560854733546
"1549","35162164B74045295228727",1,87.8722190268561,87.8722190268561,4.4758837027095
"1550","35162164B74485762582225",1,11.0926973223686,11.0926973223686,2.40628699292214
"1551","35162164B74535275196744",1,4397.72291258243,4397.72291258243,8.3888421660791
"1552","35162164B74561990131004",1,2794.7281490261,2794.7281490261,7.93549011754078
"1553","35162164B74733900924427",1,3412.69421827425,3412.69421827425,8.13525735165369
"1554","35162164B7477347872499",1,1855.21441726336,1855.21441726336,7.52575555718288
"1555","35162164B74806153768774",1,904.328783382595,904.328783382595,6.80719299270201
"1556","35162164B74837009973467",1,274.583361804053,274.583361804053,5.61525490083559
"1557","35162164B74947223762643",1,NA,NA,NA
"1558","35162164B75012255495996",1,475.810877494141,475.810877494141,6.16502045909165
"1559","35162164B75101619915753",1,NA,NA,NA
"1560","35162164B75418708729676",1,2821.71384280832,2821.71384280832,7.94509972500625
"1561","35162164B75494899713606",1,776.406229660638,776.406229660638,6.65467587503989
"1562","35162164B75734537804589",1,694.642110065635,694.642110065635,6.54339676338689
"1563","35162164B76141633592259",1,67.4796121465117,67.4796121465117,4.21182550998063
"1564","35162164B76299075946348",1,6145.87568588008,6145.87568588008,8.72353651565217
"1565","35162164B76427572399995",1,801.731264093004,801.731264093004,6.68677346953564
"1566","35162164B76764344209894",1,454.812471927933,454.812471927933,6.11988518438502
"1567","35162164B76933711191894",1,966.353554849193,966.353554849193,6.87352976605998
"1568","35162164B77351699219617",1,409.746851459056,409.746851459056,6.01553953354086
"1569","35162164B77417429769300",1,20277.9475522197,20277.9475522197,9.91728924707165
"1570","35162164B77455172963326",1,1194.14948393112,1194.14948393112,7.0851894820384
"1571","35162164B77471538431519",1,413.056147074915,413.056147074915,6.02358353305469
"1572","35162164B77716442881052",1,1591.00477887727,1591.00477887727,7.37212103202735
"1573","35162164B77771311357485",1,2420.37723717797,2420.37723717797,7.79167869013361
"1574","35162164B77793812605243",1,11487.9136726074,11487.9136726074,9.34905077668869
"1575","35162164B78196937555517",1,1479.20505670683,1479.20505670683,7.29926009860874
"1576","35162164B78200354698048",1,271.783863870256,271.783863870256,5.60500713229561
"1577","35162164B78220788438035",1,2088.40593094709,2088.40593094709,7.64415634148021
"1578","35162164B78312843571031",1,5608.28573219475,5608.28573219475,8.6320003782358
"1579","35162164B78675605051517",1,2270.99941518681,2270.99941518681,7.72797528459201
"1580","35162164B78704123867302",1,570.6120918811,570.6120918811,6.34670963007449
"1581","35162164B78781462284724",1,347.517151588991,347.517151588991,5.85081402087745
"1582","35162164B7887157811958",1,148.114995225817,148.114995225817,4.99798896682899
"1583","35162164B78894493117330",1,1460.33044766907,1460.33044766907,7.28641802311261
"1584","35162164B79148347758299",1,308.136860507227,308.136860507227,5.73054403657452
"1585","35162164B79316798311168",1,203.422564766377,203.422564766377,5.3152854153491
"1586","35162164B79413675859532",1,6011.42372015762,6011.42372015762,8.70141689134795
"1587","35162164B79454937987859",1,102.564316193759,102.564316193759,4.63049007685936
"1588","35162164B79658494056814",1,462.742007210746,462.742007210746,6.13716967893436
"1589","35162164B7967123658868",1,2263.75193199848,2263.75193199848,7.72477886264772
"1590","35162164B7972342313960",1,194.199560402103,194.199560402103,5.26888629221977
"1591","35162164B79839429868607",1,383.324945061088,383.324945061088,5.94888305000043
"1592","35162164B79856958417190",1,7174.37730034002,7174.37730034002,8.87827124945252
"1593","35162164B79898656875181",1,5123.25913272059,5123.25913272059,8.54154606488143
"1594","35162164B80036140892395",1,2410.0416008115,2410.0416008115,7.78739928808323
"1595","35162164B80562151711640",1,648.173754953511,648.173754953511,6.47415880076943
"1596","35162164B80588060868180",1,1571.60275434931,1571.60275434931,7.35985124025932
"1597","35162164B81186004485323",1,8432.84766319618,8432.84766319618,9.03988979504484
"1598","35162164B81256238253343",1,472.244872290216,472.244872290216,6.15749764828184
"1599","35162164B81260181661363",1,21455.2843886677,21455.2843886677,9.97372625246095
"1600","35162164B81331151620228",1,1753.15456978017,1753.15456978017,7.4691720554666
"1601","35162164B81334638416928",1,4614.02847201004,4614.02847201004,8.4368566095014
"1602","35162164B81478119519036",1,2287.69475015204,2287.69475015204,7.73529993020424
"1603","35162164B81504679646753",1,701.6072452465,701.6072452465,6.5533737677528
"1604","35162164B81808601681355",1,1593.93871035457,1593.93871035457,7.37396340839423
"1605","35162164B81949872862729",1,483.740509055618,483.740509055618,6.18154862462826
"1606","35162164B82075264350235",1,4236.85435720823,4236.85435720823,8.35157637599947
"1607","35162164B82157921225742",1,8333.77501110149,8333.77501110149,9.02807181510989
"1608","35162164B82209603617868",1,5975.54109954834,5975.54109954834,8.69542993329321
"1609","35162164B82314120989703",1,392.153216917485,392.153216917485,5.97165262290817
"1610","35162164B82842507514093",1,1950.97455540387,1950.97455540387,7.57608429871534
"1611","35162164B8288674907050",1,5264.51030747986,5264.51030747986,8.5687434112168
"1612","35162164B8322659721088",1,1225.79159732056,1225.79159732056,7.11134211617462
"1613","35162164B83428714797918",1,5152.72597687911,5152.72597687911,8.54728116951839
"1614","35162164B83508075470533",1,1434.72714888456,1434.72714888456,7.26872996996466
"1615","35162164B83544121757555",1,1233.20174014857,1233.20174014857,7.11736910709482
"1616","35162164B83694508708576",1,8673.95921925354,8673.95921925354,9.0680806228917
"1617","35162164B83697985197757",1,569.046111168638,569.046111168638,6.34396146980355
"1618","35162164B83752279361185",1,472.111905941919,472.111905941919,6.15721604634443
"1619","35162164B83790317969803",1,4685.67559752129,4685.67559752129,8.45226538865628
"1620","35162164B83791662867727",1,2591.73721243805,2591.73721243805,7.86008366824219
"1621","35162164B83840665506835",1,600.752068038695,600.752068038695,6.39818231703878
"1622","35162164B84210175764285",1,2221.98679352064,2221.98679352064,7.70615702667185
"1623","35162164B84260366908441",1,1096.28486499509,1096.28486499509,6.99968234705303
"1624","35162164B8427556516221",1,966.9421728376,966.9421728376,6.87413869308358
"1625","35162164B84385181551937",1,5617.21569026693,5617.21569026693,8.63359139134422
"1626","35162164B84386014824349",1,5690.37903808594,5690.37903808594,8.64653213967956
"1627","35162164B84535321325965",1,1954.25334871247,1954.25334871247,7.57776348065275
"1628","35162164B84540905905219",1,2369.48008235546,2369.48008235546,7.7704258355295
"1629","35162164B84883073198144",1,623.06028342329,623.06028342329,6.43464327722545
"1630","35162164B84932287518076",1,1670.0583569205,1670.0583569205,7.42061384906404
"1631","35162164B84999792785249",1,1820.41353661644,1820.41353661644,7.50681897218188
"1632","35162164B85670822748309",1,1761.35467282191,1761.35467282191,7.4738384924317
"1633","35162164B85716408466784",1,3203.77535855793,3203.77535855793,8.0720851929206
"1634","35162164B85999917170291",1,4514.96291191368,4514.96291191368,8.41515225140177
"1635","35162164B86064916766341",1,23261.6678200602,23261.6678200602,10.0545621268581
"1636","35162164B86146780861409",1,9410.76569383186,9410.76569383186,9.1496095994956
"1637","35162164B86319358416590",1,599.517471074075,599.517471074075,6.39612511678534
"1638","35162164B86369616224577",1,NA,NA,NA
"1639","35162164B86395405111301",1,1904.88538499278,1904.88538499278,7.55217712039267
"1640","35162164B86529685983259",1,0,0,0
"1641","35162164B86683666691782",1,685.56323897472,685.56323897472,6.53024074708104
"1642","35162164B86825253629714",1,215.328007420957,215.328007420957,5.37216248146941
"1643","35162164B86995698526112",1,13201.9140536006,13201.9140536006,9.48811710212304
"1644","35162164B87237067995855",1,2120.6934219207,2120.6934219207,7.65949839999681
"1645","35162164B87426615399239",1,541.529416073024,541.529416073024,6.2943973882768
"1646","35162164B87465584551900",1,1951.22249361362,1951.22249361362,7.57621137492752
"1647","35162164B87505352772757",1,678.147333990596,678.147333990596,6.51936457110349
"1648","35162164B8753161454074",1,2132.21829180936,2132.21829180936,7.66491816832272
"1649","35162164B87941103289150",1,5681.85901277161,5681.85901277161,8.6450337491481
"1650","35162164B88081723771743",1,NA,NA,NA
"1651","35162164B88130973565417",1,1315.71369598211,1315.71369598211,7.18213453197187
"1652","35162164B88170081075241",1,744.15904431884,744.15904431884,6.61225478123345
"1653","35162164B88247729447591",1,589.372058686763,589.372058686763,6.37905766281198
"1654","35162164B88315297420476",1,329.85793921528,329.85793921528,5.79866207454787
"1655","35162164B88427883385320",1,5266.85935209334,5266.85935209334,8.56918951551821
"1656","35162164B88480680408023",1,3282.78696784538,3282.78696784538,8.09644802591868
"1657","35162164B88569778097944",1,1781.89420179327,1781.89420179327,7.48543223578188
"1658","35162164B88656538124428",1,665.026176837675,665.026176837675,6.4998264035468
"1659","35162164B8865729404977",1,238.755500637651,238.755500637651,5.47544001841544
"1660","35162164B88924439668944",1,342.137019235082,342.137019235082,5.83521129786567
"1661","35162164B89182870898706",1,2650.06150936284,2650.06150936284,7.88233812979121
"1662","35162164B8946338387222",1,NA,NA,NA
"1663","35162164B89618160361249",1,40295.5125421368,40295.5125421368,10.603995390423
"1664","35162164B89833620700240",1,5490.73089751434,5490.73089751434,8.6108166581585
"1665","35162164B89920990843468",1,977.329756262727,977.329756262727,6.88482411430042
"1666","35162164B90104213269537",1,7047.09544866654,7047.09544866654,8.8603708178169
"1667","35162164B90129304114534",1,1420.73034965152,1420.73034965152,7.25892634911309
"1668","35162164B90496375174706",1,859.867954208851,859.867954208851,6.75677883584122
"1669","35162164B90501646319876",1,295.454346205793,295.454346205793,5.68851432814479
"1670","35162164B90631715404715",1,5923.75234244156,5923.75234244156,8.68672536871393
"1671","35162164B90727917616152",1,1546.00784059506,1546.00784059506,7.34343130067077
"1672","35162164B90801381088985",1,3364.40263396084,3364.40263396084,8.12100570297968
"1673","35162164B90999728098455",1,2054.72681779338,2054.72681779338,7.62789818271329
"1674","35162164B91014165776113",1,11268.9223554711,11268.9223554711,9.32980398182932
"1675","35162164B91305720017158",1,5634.10795446777,5634.10795446777,8.63659410950013
"1676","35162164B91625858594399",1,124.15989937079,124.15989937079,4.82157024595447
"1677","35162164B91682450620726",1,417.7499769876,417.7499769876,6.03488311238897
"1678","35162164B91948341108244",1,1062.81470626129,1062.81470626129,6.96867605107002
"1679","35162164B92047869357109",1,610.066521300219,610.066521300219,6.41356800253353
"1680","35162164B92062232277676",1,NA,NA,NA
"1681","35162164B92247679350017",1,2112.2090874494,2112.2090874494,7.6554896396653
"1682","35162164B92781238126857",1,6239.40158789825,6239.40158789825,8.73863955738955
"1683","35162164B93405453104311",1,1055.94459515084,1055.94459515084,6.96219099617656
"1684","35162164B93697216068198",1,914.608102685809,914.608102685809,6.81849567045194
"1685","35162164B94591120431982",1,1526.38310736444,1526.38310736444,7.33065623365456
"1686","35162164B94618775040480",1,14267.2577951997,14267.2577951997,9.56572252628637
"1687","35162164B9477131027693",1,97.5063331925273,97.5063331925273,4.57991733171506
"1688","35162164B94814409618708",1,6118.7550363301,6118.7550363301,8.71911392937635
"1689","35162164B94878294408370",1,482.753159432873,482.753159432873,6.1795054659436
"1690","35162164B94885023749257",1,2732.22538064188,2732.22538064188,7.91287171386265
"1691","35162164B94979885438142",1,513.621568276361,513.621568276361,6.24148674580157
"1692","35162164B95023156542012",1,180.146433926225,180.146433926225,5.19377004197306
"1693","35162164B95086429513149",1,9312.47332342651,9312.47332342651,9.13910999808522
"1694","35162164B95182825999511",1,729.430664692469,729.430664692469,6.59226431847315
"1695","35162164B95235010398339",1,7448.80156504497,7448.80156504497,8.91580843468129
"1696","35162164B95277716885398",1,2323.63491708133,2323.63491708133,7.75088801315357
"1697","35162164B95336658593472",1,1249.56033109388,1249.56033109388,7.13054703329814
"1698","35162164B9540250970382",1,NA,NA,NA
"1699","35162164B95735814838892",1,5123.48662026383,5123.48662026383,8.54159046679181
"1700","35162164B95781779373245",1,545.163925380319,545.163925380319,6.3010865299522
"1701","35162164B95822393911903",1,736.50432169579,736.50432169579,6.60191510376842
"1702","35162164B95972022762023",1,14457.3651107774,14457.3651107774,9.57895925993714
"1703","35162164B95996470591729",1,11720.5246868143,11720.5246868143,9.36909683062844
"1704","35162164B96084595050032",1,6294.84084040084,6294.84084040084,8.74748566266411
"1705","35162164B96250965166702",1,1299.14937368017,1299.14937368017,7.16946500134534
"1706","35162164B96295666653816",1,824.712087134004,824.712087134004,6.71503434013303
"1707","35162164B96310726996388",1,11221.3289754581,11221.3289754581,9.32557161907292
"1708","35162164B96460942686930",1,314.86072257942,314.86072257942,5.75213039050674
"1709","35162164B96583511443133",1,1190.02146341841,1190.02146341841,7.08172662242898
"1710","35162164B96611236567141",1,8227.22063058657,8227.22063058657,9.0152035246757
"1711","35162164B96692196397264",1,2005.90899342614,2005.90899342614,7.60385260030738
"1712","35162164B96711316915897",1,6930.44233007917,6930.44233007917,8.84367891844126
"1713","35162164B96714679751706",1,NA,NA,NA
"1714","35162164B96715375867031",1,610.985131588783,610.985131588783,6.4150726243236
"1715","35162164B96970037909745",1,8192.85824430398,8192.85824430398,9.01101810794209
"1716","35162164B97331945744119",1,773.244752310313,773.244752310313,6.65059562500521
"1717","35162164B97452353995756",1,2222.47394887634,2222.47394887634,7.70637624577891
"1718","35162164B97490588079311",1,184.009187174,184.009187174,5.21498568665599
"1719","35162164B97516507779443",1,1975.08251719089,1975.08251719089,7.58836545731857
"1720","35162164B97541519725805",1,2586.75293099979,2586.75293099979,7.85815867356639
"1721","35162164B97593710454644",1,9432.26536348438,9432.26536348438,9.15189157620274
"1722","35162164B97601190647681",1,1055.37283190079,1055.37283190079,6.96164937864743
"1723","35162164B97773298225598",1,302.999211396307,302.999211396307,5.71373020285353
"1724","35162164B9815447309573",1,29342.8257989095,29342.8257989095,10.2868033592239
"1725","35162164B9855276322248",1,21335.7292064841,21335.7292064841,9.96813837392173
"1726","35162164B9857986666330",1,852.830339409389,852.830339409389,6.74856062900928
"1727","35162164B98907208586584",1,NA,NA,NA
"1728","35162164B98980028218745",1,1840.71882283148,1840.71882283148,7.51791143889582
"1729","35162164B99106227267700",1,23558.5487822931,23558.5487822931,10.0672440391915
"1730","35162164B99322895276990",1,159.726424162865,159.726424162865,5.07346250279153
"1731","35162164B99467656280123",1,317.478867634378,317.478867634378,5.76041125748574
"1732","35162164B99492645825608",1,464.988275654804,464.988275654804,6.1420121916239
"1733","48082658B15752007893328",1,5054.20275244646,5054.20275244646,8.52797540436675
"1734","48082658B99932543232342",1,1792.90762742685,1792.90762742685,7.49159395383231
"1735","50627088B10333117144156",1,6370.28492954794,6370.28492954794,8.75939947747919
"1736","50627088B10783162199748",1,1532.47112149778,1532.47112149778,7.33463682358569
"1737","50627088B10817237938437",1,419.525801276803,419.525801276803,6.03912502884739
"1738","50627088B10874491578506",1,2474.01017897901,2474.01017897901,7.81359566732514
"1739","50627088B11055345087016",1,2709.1827675754,2709.1827675754,7.90440230661455
"1740","50627088B11055849709035",1,6125.05108281985,6125.05108281985,8.72014237543037
"1741","50627088B11126229802740",1,5952.35505195655,5952.35505195655,8.69154222728025
"1742","50627088B11288267250354",1,2003.85586346927,2003.85586346927,7.60282853520154
"1743","50627088B11336347088120",1,6979.82380076412,6979.82380076412,8.85077895199426
"1744","50627088B11342287528543",1,34021.1641628692,34021.1641628692,10.4347380853194
"1745","50627088B11390795359307",1,538.487655466523,538.487655466523,6.28876457240894
"1746","50627088B11851722089063",1,3978.27496483832,3978.27496483832,8.2886035784023
"1747","50627088B12095165689012",1,26476.5832756088,26476.5832756088,10.1840159713485
"1748","50627088B120983506636",1,7750.01056315283,7750.01056315283,8.95544948533393
"1749","50627088B12949539755090",1,866.137768432103,866.137768432103,6.76404398185892
"1750","50627088B13205785170557",1,49249.9391690535,49249.9391690535,10.8046634114534
"1751","50627088B13357579545804",1,6209.33551643963,6209.33551643963,8.73380916701875
"1752","50627088B1343071024100",1,2133.13950057526,2133.13950057526,7.66535011744637
"1753","50627088B13437276838139",1,4059.57403417522,4059.57403417522,8.3088333294007
"1754","50627088B13566267376953",1,13928.6427835741,13928.6427835741,9.54170263084077
"1755","50627088B1366464462035",1,963.291743197264,963.291743197264,6.87035631835475
"1756","50627088B13897730718633",1,345.254245196782,345.254245196782,5.84428108822186
"1757","50627088B14334632848246",1,5072.59041066723,5072.59041066723,8.53160689523107
"1758","50627088B14664801571450",1,747.304300034221,747.304300034221,6.61647246501339
"1759","50627088B15303573205943",1,2472.81999178666,2472.81999178666,7.81311447546116
"1760","50627088B15325510278306",1,3246.31155909208,3246.31155909208,8.08527472593681
"1761","50627088B15495496169885",1,1243.98292658574,1243.98292658574,7.12607354859541
"1762","50627088B15578912819987",1,704.614699469067,704.614699469067,6.55765112783694
"1763","50627088B15605967871825",1,28124.9942244668,28124.9942244668,10.2444139341544
"1764","50627088B16250901962505",1,6474.7120417859,6474.7120417859,8.77565941326776
"1765","50627088B16315495781471",1,6957.47527511807,6957.47527511807,8.84757193969169
"1766","50627088B16316446425098",1,3802.86750045548,3802.86750045548,8.24351066652601
"1767","50627088B16387311054674",1,2292.2285553351,2292.2285553351,7.73727979159564
"1768","50627088B16389783257433",1,6154.96146824671,6154.96146824671,8.72501377836284
"1769","50627088B16392647790801",1,87273.7556274049,87273.7556274049,11.3768050738069
"1770","50627088B1648916665378",1,3988.88258674689,3988.88258674689,8.29126641721473
"1771","50627088B16530666088464",1,31824.8474542061,31824.8474542061,10.3680026301449
"1772","50627088B1667917270930",1,6319.59709835559,6319.59709835559,8.75141073484858
"1773","50627088B16686232310096",1,1615.09489530753,1615.09489530753,7.38714899263488
"1774","50627088B1685589835575",1,3292.65027255453,3292.65027255453,8.0994480734429
"1775","50627088B16935461060546",1,8567.64612002038,8567.64612002038,9.05574830875598
"1776","50627088B17186904651787",1,4612.92240977738,4612.92240977738,8.43661686351118
"1777","50627088B17376037616195",1,227.051413525365,227.051413525365,5.42517648313729
"1778","50627088B1759154340941",1,16820.2012224254,16820.2012224254,9.7303358967387
"1779","50627088B1760637250233",1,4221.6524970023,4221.6524970023,8.34798191734726
"1780","50627088B17922622757176",1,3129.57797433499,3129.57797433499,8.04865344196265
"1781","50627088B17926070063491",1,7035.28345176883,7035.28345176883,8.85869326038838
"1782","50627088B1802746700322",1,2125.06378086406,2125.06378086406,7.66155709543235
"1783","50627088B18238703345700",1,132965.339486602,132965.339486602,11.7978437678765
"1784","50627088B1841246118365",1,56840.6073681844,56840.6073681844,10.9480062677307
"1785","50627088B18479476628960",1,877.279893493518,877.279893493518,6.77682609025038
"1786","50627088B18876706732637",1,5070.62516632923,5070.62516632923,8.53121939595184
"1787","50627088B20203637446703",1,296.775184038654,296.775184038654,5.69297489606797
"1788","50627088B20347327584307",1,1692.72712495191,1692.72712495191,7.43409619073252
"1789","50627088B20812688869072",1,3873.15703093288,3873.15703093288,8.26182522373101
"1790","50627088B209371934126",1,782.469255923564,782.469255923564,6.6624546320879
"1791","50627088B20953920134317",1,2504.54759262091,2504.54759262091,7.82586339546037
"1792","50627088B21125637021022",1,7476.09766953609,7476.09766953609,8.91946623290104
"1793","50627088B21176552123181",1,75024.0981710851,75024.0981710851,11.2255646498576
"1794","50627088B21531122544022",1,364.182498453557,364.182498453557,5.89765511137101
"1795","50627088B215944701539",1,9170.48019756666,9170.48019756666,9.12374493002631
"1796","50627088B21759146894755",1,3229.2643435719,3229.2643435719,8.08000963286796
"1797","50627088B21782109949998",1,314268.231231214,314268.231231214,12.6580021398253
"1798","50627088B21905525899656",1,980.578457020104,980.578457020104,6.88814265979378
"1799","50627088B21982561063626",1,4165.33077794437,4165.33077794437,8.3345509699215
"1800","50627088B22135699876019",1,621.416225940118,621.416225940118,6.43200110852682
"1801","50627088B22600736926563",1,581.654679643657,581.654679643657,6.36587693769359
"1802","50627088B22638065525590",1,19577.125423216,19577.125423216,9.88211709341772
"1803","50627088B22697915736316",1,156695.597921713,156695.597921713,11.9620603355546
"1804","50627088B22717213197696",1,1178.83545075488,1178.83545075488,7.07228232400727
"1805","50627088B22735583754735",1,4895.0104730106,4895.0104730106,8.49597169449462
"1806","50627088B22821313944605",1,12724.555084167,12724.555084167,9.45128887689132
"1807","50627088B23395103258553",1,3702.8549330558,3702.8549330558,8.21685940462795
"1808","50627088B23410005526234",1,803.158768856198,803.158768856198,6.68855241402448
"1809","50627088B23444844999779",1,4649.39791560767,4649.39791560767,8.4444930096836
"1810","50627088B2434012555400",1,1902.83130895979,1902.83130895979,7.55109821857442
"1811","50627088B24493610345769",1,45121.5703723865,45121.5703723865,10.7171156899188
"1812","50627088B2456269013516",1,42920.3367215182,42920.3367215182,10.6671010420428
"1813","50627088B24717754515407",1,5129.61894512419,5129.61894512419,8.54278665570305
"1814","50627088B24853536589407",1,1974.8417811807,1974.8417811807,7.5882435633316
"1815","50627088B24953100637846",1,2875.22774161803,2875.22774161803,7.96388716456999
"1816","50627088B25274478654542",1,3100.49978955735,3100.49978955735,8.03931859991615
"1817","50627088B25351839597383",1,2614.63359510548,2614.63359510548,7.86887925008731
"1818","50627088B25547762924420",1,2824.44235707913,2824.44235707913,7.94606622837124
"1819","50627088B25667047136129",1,9926.7190357927,9926.7190357927,9.20298529315631
"1820","50627088B25746223253331",1,1477.250266606,1477.250266606,7.2979377107003
"1821","50627088B25823982981856",1,3691.85202746403,3691.85202746403,8.21388351558445
"1822","50627088B26154437213444",1,373.912308972888,373.912308972888,5.92402130193569
"1823","50627088B26414808863062",1,1771.89644501664,1771.89644501664,7.4798056898505
"1824","50627088B26566065011472",1,2163.80854008538,2163.80854008538,7.67962516104547
"1825","50627088B26759671205553",1,1604.61060931039,1604.61060931039,7.38063639510774
"1826","50627088B26783383987854",1,12993.889351984,12993.889351984,9.47223447608823
"1827","50627088B26863114972707",1,22913.4954133282,22913.4954133282,10.0394813353212
"1828","50627088B2691831673313",1,2606.21724941238,2606.21724941238,7.86565511929545
"1829","50627088B2703983374094",1,5916.33078411928,5916.33078411928,8.68547173574279
"1830","50627088B27249179318805",1,1905.04782931281,1905.04782931281,7.55226239449644
"1831","50627088B2748566546395",1,2334.73203168224,2334.73203168224,7.75565240192519
"1832","50627088B27692597890470",1,20555.918941703,20555.918941703,9.930904204813
"1833","50627088B28007976268142",1,32864.9771494846,32864.9771494846,10.4001628454132
"1834","50627088B28175104329163",1,147.122943032064,147.122943032064,4.99126858439223
"1835","50627088B28332603563682",1,2664.77909616679,2664.77909616679,7.88787644242015
"1836","50627088B29039475897325",1,1290.59159284729,1290.59159284729,7.16285599133771
"1837","50627088B29480766363328",1,255001.985939427,255001.985939427,12.449026612108
"1838","50627088B29629326931919",1,332.108743238775,332.108743238775,5.80546245516284
"1839","50627088B30375363427606",1,12400.9481398529,12400.9481398529,9.42552821156135
"1840","50627088B30593781264169",1,15239.8231366298,15239.8231366298,9.63166722396528
"1841","50627088B30622720608002",1,433.063558691844,433.063558691844,6.07088450404755
"1842","50627088B30693965136566",1,3891.59467395403,3891.59467395403,8.26657429449977
"1843","50627088B31289978402863",1,2975.0301018066,2975.0301018066,7.99800943618286
"1844","50627088B31400461246224",1,1722.70912406971,1722.70912406971,7.45165340281591
"1845","50627088B31579433825276",1,2506.20240950147,2506.20240950147,7.826523902147
"1846","50627088B31597135225135",1,25255.2040111543,25255.2040111543,10.1367875129196
"1847","50627088B31666946038790",1,758.777448353447,758.777448353447,6.63170851747351
"1848","50627088B31711328181350",1,684.107362062844,684.107362062844,6.52811486738547
"1849","50627088B31843590952822",1,127212.624084378,127212.624084378,11.75361517091
"1850","50627088B31860900059957",1,6808.94671493466,6808.94671493466,8.82599271977084
"1851","50627088B31998279857894",1,1115.36701293033,1115.36701293033,7.01693878931186
"1852","50627088B32201743992634",1,32831.6196964967,32831.6196964967,10.3991473451451
"1853","50627088B32232692879146",1,15613.7084489319,15613.7084489319,9.65590455409217
"1854","50627088B32377939266128",1,458.571859354599,458.571859354599,6.12811700647086
"1855","50627088B32435173505967",1,3631.85370548455,3631.85370548455,8.19749845958301
"1856","50627088B32470914546985",1,2047.6272891005,2047.6272891005,7.62443698185372
"1857","50627088B32535788787618",1,897.570625525143,897.570625525143,6.79969180865935
"1858","50627088B32865736340777",1,9127.06899991935,9127.06899991935,9.11899989246632
"1859","50627088B3307078777507",1,231.600408426614,231.600408426614,5.44501350919735
"1860","50627088B33073953596655",1,405.685509564392,405.685509564392,6.00557825245447
"1861","50627088B33135949897884",1,6397.88520988924,6397.88520988924,8.76372277878697
"1862","50627088B3340107825603",1,18892.9958266289,18892.9958266289,9.8465465411782
"1863","50627088B33548030742406",1,1375.73938405131,1375.73938405131,7.22674659942913
"1864","50627088B33658307136854",1,1279.88357551927,1279.88357551927,7.15452439615129
"1865","50627088B33847319149889",1,11171.465904154,11171.465904154,9.32111811927657
"1866","50627088B33975592508393",1,10241.409977125,10241.409977125,9.23419458219329
"1867","50627088B34131206486621",1,934.482302191282,934.482302191282,6.83999268845121
"1868","50627088B34623658197151",1,41267.7868159923,41267.7868159923,10.627837494364
"1869","50627088B34708786687767",1,721.086403452884,721.086403452884,6.58075896845842
"1870","50627088B34817087326537",1,2489.73330019735,2489.73330019735,7.81993087536777
"1871","50627088B35092187555669",1,40302.7054769525,40302.7054769525,10.6041738791046
"1872","50627088B35228848025668",1,2468.88636977198,2468.88636977198,7.8115224655125
"1873","50627088B35254539369817",1,38891.5212802283,38891.5212802283,10.5685315439015
"1874","50627088B3562448791337",1,9823.7674367009,9823.7674367009,9.19255997713246
"1875","50627088B3574093962845",1,690.680512687836,690.680512687836,6.53767736183827
"1876","50627088B35781734794767",1,5173.48690400541,5173.48690400541,8.5513021896811
"1877","50627088B36163788288008",1,53394.855027423,53394.855027423,10.8854696725055
"1878","50627088B36255961277224",1,16337.1993058806,16337.1993058806,9.70119995261425
"1879","50627088B36339688487360",1,1831.80148654313,1831.80148654313,7.51305518048899
"1880","50627088B36340506209634",1,2584.57142076203,2584.57142076203,7.85731497852088
"1881","50627088B36629639951607",1,20049.8516205106,20049.8516205106,9.90597703223404
"1882","50627088B37412880496873",1,39846.5126788129,39846.5126788129,10.5927901691924
"1883","50627088B37574101781202",1,6129.88676258047,6129.88676258047,8.7209315560974
"1884","50627088B37854102096410",1,24764.6666753299,24764.6666753299,10.1171731854256
"1885","50627088B37986701156918",1,2966.47640904765,2966.47640904765,7.9951301332139
"1886","50627088B38398266260275",1,1890.96411279865,1890.96411279865,7.54484209058237
"1887","50627088B38419183941255",1,1643.12515619495,1643.12515619495,7.40435529054383
"1888","50627088B38659893203172",1,10458.5062381672,10458.5062381672,9.25517092036243
"1889","50627088B38743512142751",1,79796.0073716679,79796.0073716679,11.2872287492497
"1890","50627088B38884346620814",1,11727.2761664403,11727.2761664403,9.36967270380775
"1891","50627088B3891560925219",1,4744.40867548295,4744.40867548295,8.4647220827267
"1892","50627088B39199375573066",1,4352.64212690597,4352.64212690597,8.37853832519444
"1893","50627088B39502815405022",1,2359.069160644,2359.069160644,7.76602239675833
"1894","50627088B3950990861765",1,104810.610511326,104810.610511326,11.5599102910812
"1895","50627088B39564204032097",1,42846.1714056139,42846.1714056139,10.6653715712736
"1896","50627088B39624413829730",1,5126.29974892361,5126.29974892361,8.54213938139922
"1897","50627088B40011540335784",1,1918.81872763919,1918.81872763919,7.55946502965907
"1898","50627088B40141322880510",1,2410.0994882427,2410.0994882427,7.78742330706115
"1899","50627088B40383448618383",1,1180.85013099418,1180.85013099418,7.07398990805526
"1900","50627088B40621475737534",1,35902.4921412147,35902.4921412147,10.4885619910423
"1901","50627088B40660272766976",1,4627.18529398811,4627.18529398811,8.43970403435287
"1902","50627088B40688642514204",1,1479.09775014307,1479.09775014307,7.29918755257757
"1903","50627088B40766797013882",1,1901.15663494647,1901.15663494647,7.55021773517321
"1904","50627088B40997107404186",1,737.328122351341,737.328122351341,6.60303300661371
"1905","50627088B41033546830678",1,3672.7835637825,3672.7835637825,8.20870511780588
"1906","50627088B41329862144169",1,2655.25011619449,2655.25011619449,7.88429413496193
"1907","50627088B41446302433754",1,3118.92359048147,3118.92359048147,8.04524321822547
"1908","50627088B41598695930571",1,1597.91178164643,1597.91178164643,7.37645291932451
"1909","50627088B41601938824535",1,11648.4968001842,11648.4968001842,9.36293242064165
"1910","50627088B42113519243267",1,873.832160869796,873.832160869796,6.77288832159625
"1911","50627088B42259130127478",1,40896.0788064904,40896.0788064904,10.6187894647329
"1912","50627088B42338204291067",1,2241.72774127417,2241.72774127417,7.71500216060886
"1913","50627088B42356664126835",1,23836.4424881612,23836.4424881612,10.0789708855543
"1914","50627088B42650347331472",1,1207.75140398592,1207.75140398592,7.09651556591442
"1915","50627088B4271549449183",1,10162.4186140785,10162.4186140785,9.22645174536924
"1916","50627088B42762923799593",1,159146.280145737,159146.280145737,11.9775790591775
"1917","50627088B42859647725338",1,3740.98442723143,3740.98442723143,8.22710407161065
"1918","50627088B43108093310772",1,42672.6663429726,42672.6663429726,10.6613138617614
"1919","50627088B43158791534375",1,11698.0126310818,11698.0126310818,9.3671742457666
"1920","50627088B43254077601516",1,526.519950564206,526.519950564206,6.26628922366562
"1921","50627088B43752024879385",1,3712.11652461704,3712.11652461704,8.21935748474342
"1922","50627088B43819232792449",1,5751.32212123405,5751.32212123405,8.65718504148826
"1923","50627088B43932249609701",1,2160.40051152404,2160.40051152404,7.67804890549155
"1924","50627088B44043795414637",1,268431.558244262,268431.558244262,12.5003512563193
"1925","50627088B44061639348759",1,1818.91522557765,1818.91522557765,7.50599557247202
"1926","50627088B44096778996990",1,298.685216114483,298.685216114483,5.6993902299044
"1927","50627088B44296897282663",1,2779.69857952261,2779.69857952261,7.93009777617415
"1928","50627088B44383095655598",1,1626.4594384275,1626.4594384275,7.3941608076544
"1929","50627088B44400770228154",1,1216.69258666019,1216.69258666019,7.10389146178576
"1930","50627088B44496108616070",1,34198.4042514962,34198.4042514962,10.4399342626491
"1931","50627088B44636472073228",1,3498.00824862006,3498.00824862006,8.15994901367184
"1932","50627088B4470320076946",1,160106.407846121,160106.407846121,11.9835939222071
"1933","50627088B44987395526438",1,7859.01510102755,7859.01510102755,8.96941657235912
"1934","50627088B45157986380633",1,2019.07992773727,2019.07992773727,7.61039720531394
"1935","50627088B45724771957529",1,9577.06148229622,9577.06148229622,9.16712608928761
"1936","50627088B45737045838114",1,6786.96579970771,6786.96579970771,8.82275925760276
"1937","50627088B45787963342139",1,201300.691248253,201300.691248253,12.2125550455428
"1938","50627088B4613944542165",1,2121.26936309622,2121.26936309622,7.65976994466056
"1939","50627088B46272999254732",1,2772.91500701527,2772.91500701527,7.92765439495322
"1940","50627088B46665345239185",1,3995.17678762262,3995.17678762262,8.29284310944221
"1941","50627088B46884693471354",1,2015.33651764203,2015.33651764203,7.60854146671075
"1942","50627088B47026157219910",1,3921.967930549,3921.967930549,8.27434882991231
"1943","50627088B47039366190393",1,225923.095842152,225923.095842152,12.3279499364604
"1944","50627088B47201282051967",1,33885.8512489899,33885.8512489899,10.4307528389601
"1945","50627088B48092332426149",1,44703.9100675911,44703.9100675911,10.707816250324
"1946","50627088B48315621116970",1,24517.0207217017,24517.0207217017,10.107122878659
"1947","50627088B48530858037738",1,640.151479586847,640.151479586847,6.46170483520225
"1948","50627088B48570898025332",1,19549.8872343795,19549.8872343795,9.88072479733445
"1949","50627088B48669608540498",1,5677.1306556996,5677.1306556996,8.64420121782567
"1950","50627088B48878953618841",1,10595.9293046043,10595.9293046043,9.26822517847505
"1951","50627088B48919250536034",1,1151.20931483612,1151.20931483612,7.0485682469547
"1952","50627088B49080058560483",1,79972.3428485992,79972.3428485992,11.2894361394905
"1953","50627088B49093080347396",1,247.714906082559,247.714906082559,5.51227851265223
"1954","50627088B4984202667575",1,3397.61695963442,3397.61695963442,8.13082957063789
"1955","50627088B50064037366577",1,32397.9479790813,32397.9479790813,10.3858503657958
"1956","50627088B50710705536412",1,2951.69151129694,2951.69151129694,7.99013367866651
"1957","50627088B50879419202268",1,2494.49827885569,2494.49827885569,7.82184289732518
"1958","50627088B50944578891285",1,745.045742275398,745.045742275398,6.6134456155221
"1959","50627088B509896557261",1,970.386454079147,970.386454079147,6.87769439842189
"1960","50627088B51167334219016",1,2136.84972231317,2136.84972231317,7.66708793104635
"1961","50627088B51184351888865",1,1339.23208396967,1339.23208396967,7.1998516570122
"1962","50627088B51271489460916",1,249839.57430423,249839.57430423,12.4285742880819
"1963","50627088B51283651622115",1,1830.98755468233,1830.98755468233,7.51261074764558
"1964","50627088B52041523995534",1,1000.60183525893,1000.60183525893,6.90835693321086
"1965","50627088B52540056379408",1,4233.37746426243,4233.37746426243,8.35075540835316
"1966","50627088B52773743390897",1,9879.1845898262,9879.1845898262,9.1981852559419
"1967","50627088B5288968218075",1,708.390404838577,708.390404838577,6.56299536098151
"1968","50627088B52914360802824",1,3937.01522871627,3937.01522871627,8.27817815903792
"1969","50627088B53050207097462",1,18545.0935098014,18545.0935098014,9.82796053222974
"1970","50627088B53386333601556",1,3560.46563752698,3560.46563752698,8.17764661235103
"1971","50627088B53644428615322",1,8768.57424981484,8768.57424981484,9.07892950086329
"1972","50627088B53978228930209",1,2073.44437173875,2073.44437173875,7.63696645113208
"1973","50627088B54059614854517",1,2997.4027413775,2997.4027413775,8.00550143979562
"1974","50627088B54075186818998",1,2694.32280817083,2694.32280817083,7.89890217465114
"1975","50627088B54217054702449",1,15924.5992183519,15924.5992183519,9.67562031330119
"1976","50627088B54456167780056",1,8211.36517640843,8211.36517640843,9.01327447076788
"1977","50627088B54513181179027",1,10082.9876367675,10082.9876367675,9.21860489024623
"1978","50627088B54768587379535",1,3557.60689514329,3557.60689514329,8.17684337733923
"1979","50627088B54769814665330",1,2836.16853592746,2836.16853592746,7.95020931322319
"1980","50627088B5493322532646",1,30675.132884936,30675.132884936,10.331207601597
"1981","50627088B54973725346612",1,1378.06265418043,1378.06265418043,7.2284339180149
"1982","50627088B54996200211421",1,5650.23976484899,5650.23976484899,8.63945325949655
"1983","50627088B55125244226498",1,6848.78343803436,6848.78343803436,8.83182631519652
"1984","50627088B55169322722407",1,1188.43405436016,1188.43405436016,7.08039179881585
"1985","50627088B55263870930805",1,4825.36404321957,4825.36404321957,8.48164146029886
"1986","50627088B55334990083111",1,887.648895095892,887.648895095892,6.78857627640004
"1987","50627088B55356833838726",1,1356.79743691278,1356.79743691278,7.21288237596803
"1988","50627088B55469637772228",1,5539.99726541993,5539.99726541993,8.6197492861347
"1989","50627088B55545748869449",1,59194.8053421343,59194.8053421343,10.988589069423
"1990","50627088B56104318486016",1,3855.44232547551,3855.44232547551,8.25724102013519
"1991","50627088B56157188370772",1,639.105466235615,639.105466235615,6.46006948964049
"1992","50627088B56172328383937",1,28518.6482824324,28518.6482824324,10.2583134779784
"1993","50627088B56409372857875",1,15425.5626816515,15425.5626816515,9.64378132665941
"1994","50627088B56439767998561",1,2442.82312654861,2442.82312654861,7.80090966853382
"1995","50627088B57116548490410",1,1099.46848775972,1099.46848775972,7.00258214906542
"1996","50627088B57696303957439",1,456.206371928468,456.206371928468,6.12294527715403
"1997","50627088B57913149693719",1,2467.20572096577,2467.20572096577,7.8108415021754
"1998","50627088B58130474518882",1,38187.7625192604,38187.7625192604,10.5502703903718
"1999","50627088B58222599296469",1,6219.17743326375,6219.17743326375,8.73539293153203
"2000","50627088B5876126006722",1,1657.3824297808,1657.3824297808,7.41299478728526
"2001","50627088B59377752165188",1,12061.7885613016,12061.7885613016,9.39779776453393
"2002","50627088B59545948667836",1,5152.03110342886,5152.03110342886,8.54714630492219
"2003","50627088B59786847930457",1,4014.37319654596,4014.37319654596,8.29763649876293
"2004","50627088B60022812235363",1,5520.64592209482,5520.64592209482,8.61625014729768
"2005","50627088B60096120896365",1,829.875454051658,829.875454051658,6.72127563417176
"2006","50627088B60700180885105",1,767.468399876356,767.468399876356,6.64309730581419
"2007","50627088B60707698432893",1,46440.5764071227,46440.5764071227,10.7459288476022
"2008","50627088B60730014826976",1,8690.03366994376,8690.03366994376,9.06993209281393
"2009","50627088B60870916412077",1,3370.43401532482,3370.43401532482,8.12279680298417
"2010","50627088B60877418220141",1,1472.73041898305,1472.73041898305,7.29487338476634
"2011","50627088B60883552057189",1,4319.70617019512,4319.70617019512,8.37094266276642
"2012","50627088B61108461233373",1,7962.82190288597,7962.82190288597,8.98253872642727
"2013","50627088B61133778664315",1,8790.0665851429,8790.0665851429,9.08137756575211
"2014","50627088B61176301842626",1,4250.88973478739,4250.88973478739,8.35488358936968
"2015","50627088B61246931399510",1,1576.37499771476,1576.37499771476,7.36288318482636
"2016","50627088B6141601826663",1,1762.00731071989,1762.00731071989,7.47420895559075
"2017","50627088B6162442693475",1,132237.509801528,132237.509801528,11.7923549014157
"2018","50627088B61785293136981",1,1545.62933703745,1545.62933703745,7.34318644428061
"2019","50627088B62006503401579",1,22001.2370551065,22001.2370551065,9.99885396053719
"2020","50627088B62074843364155",1,22602.745596731,22602.745596731,10.0258266644625
"2021","50627088B62304740302326",1,1186.36379206482,1186.36379206482,7.07864827119484
"2022","50627088B62386575329079",1,35452.5040368943,35452.5040368943,10.4759491652032
"2023","50627088B62824552173050",1,10279.8292543001,10279.8292543001,9.23793892936733
"2024","50627088B62885072459196",1,18403.617415718,18403.617415718,9.82030252295442
"2025","50627088B63503421753996",1,46624.7151643953,46624.7151643953,10.7498860478528
"2026","50627088B63866819787675",1,1566.66885381227,1566.66885381227,7.35670689507945
"2027","50627088B64335355179206",1,3156.23186153513,3156.23186153513,8.0571341461668
"2028","50627088B64488594618490",1,13393.8659166974,13393.8659166974,9.50255211372087
"2029","50627088B64633222678632",1,8816.89250664644,8816.89250664644,9.08442476341085
"2030","50627088B65015189617486",1,554.24424779409,554.24424779409,6.31760547008278
"2031","50627088B65029652077397",1,15270.190003543,15270.190003543,9.63365784106539
"2032","50627088B65589511194358",1,3740.992334809,3740.992334809,8.22710618537759
"2033","50627088B6565378180513",1,1801.13348532026,1801.13348532026,7.49617145976436
"2034","50627088B65754879428970",1,90368.351512083,90368.351512083,11.4116493911902
"2035","50627088B65842169677183",1,3377.98298917606,3377.98298917606,8.12503406158717
"2036","50627088B65889438571597",1,894.998960158019,894.998960158019,6.79682255643957
"2037","50627088B66033285847791",1,17214.4051377329,17214.4051377329,9.75350182029513
"2038","50627088B66246693607195",1,6285.79371079397,6285.79371079397,8.74604739957338
"2039","50627088B66667085397963",1,43279.2614436366,43279.2614436366,10.6754288487638
"2040","50627088B66696645260750",1,38191.2688740951,38191.2688740951,10.5503622049647
"2041","50627088B66881116588394",1,7418.39005910366,7418.39005910366,8.91171733945272
"2042","50627088B67117262986487",1,1531.14720911271,1531.14720911271,7.33377254329708
"2043","50627088B67184194855062",1,7549.82798699211,7549.82798699211,8.92928005880368
"2044","50627088B67315987692410",1,1159.65394870795,1159.65394870795,7.05587691951477
"2045","50627088B67527227829858",1,3251.38737810155,3251.38737810155,8.08683706980377
"2046","50627088B67615476566962",1,23924.5765453301,23924.5765453301,10.0826615169098
"2047","50627088B67749224588844",1,1363.78857961348,1363.78857961348,7.21802182610625
"2048","50627088B68084107278536",1,2889.38429180734,2889.38429180734,7.96879871059104
"2049","50627088B6821892138285",1,821.830743400499,821.830743400499,6.71153446558226
"2050","50627088B68780091021819",1,3099.16335558737,3099.16335558737,8.03888746875325
"2051","50627088B69008234776647",1,3535.48589672204,3535.48589672204,8.17060602198869
"2052","50627088B6911600135809",1,159234.931979543,159234.931979543,11.978135950305
"2053","50627088B69168049256602",1,1718.00389999364,1718.00389999364,7.44891837261941
"2054","50627088B69367718674541",1,2318.71414946526,2318.71414946526,7.74876806508916
"2055","50627088B69410007292717",1,3377.88838121194,3377.88838121194,8.12500605395975
"2056","50627088B69643884301220",1,3207.3106068559,3207.3106068559,8.07318804778025
"2057","50627088B69652036607409",1,3446.9442707579,3446.9442707579,8.145243398924
"2058","50627088B69738836017174",1,19763.3953668597,19763.3953668597,9.89158678684739
"2059","50627088B69816273127262",1,56076.7743263031,56076.7743263031,10.9344770009084
"2060","50627088B70171600185604",1,1859.44319713663,1859.44319713663,7.52803236551303
"2061","50627088B70552877452577",1,248.137013112787,248.137013112787,5.51398106583737
"2062","50627088B70630919067736",1,19484.9064453207,19484.9064453207,9.87739541639206
"2063","50627088B7077340988995",1,2593.8236020708,2593.8236020708,7.86088836027839
"2064","50627088B70845005155538",1,6535.94383252601,6535.94383252601,8.78507204294814
"2065","50627088B71310669163149",1,6958.43238176912,6958.43238176912,8.84770949545538
"2066","50627088B71365052188034",1,14848.2441821712,14848.2441821712,9.60563690034948
"2067","50627088B71478824298486",1,7225.66884483114,7225.66884483114,8.885395082375
"2068","50627088B71716696666560",1,1984.13988034295,1984.13988034295,7.59294078956463
"2069","50627088B71726094382652",1,11040.1523933586,11040.1523933586,9.30929412348206
"2070","50627088B71737846515518",1,3348.16165089918,3348.16165089918,8.11616671326911
"2071","50627088B72104671930177",1,4058.16013876536,4058.16013876536,8.30848498209244
"2072","50627088B72532409428040",1,3443.97739687014,3443.97739687014,8.14438230248025
"2073","50627088B72536990045476",1,4231.78720523267,4231.78720523267,8.35037968995652
"2074","50627088B72603284023159",1,2486.89252455953,2486.89252455953,7.81878922797598
"2075","50627088B72643928599423",1,2079.58893537158,2079.58893537158,7.63992552593933
"2076","50627088B72731607601772",1,18879.9313849475,18879.9313849475,9.84585480542104
"2077","50627088B72964972747290",1,1976.96120272271,1976.96120272271,7.58931619865975
"2078","50627088B73039114437677",1,2871.43186263813,2871.43186263813,7.96256609118358
"2079","50627088B73077765096958",1,1426.55028664982,1426.55028664982,7.26301442180217
"2080","50627088B73301150640580",1,465.438287211835,465.438287211835,6.1429795148068
"2081","50627088B73499438773717",1,2172.01595333488,2172.01595333488,7.68341102602449
"2082","50627088B73617398914248",1,11704.5268564748,11704.5268564748,9.36773095676497
"2083","50627088B73961742428916",1,4426.50677001435,4426.50677001435,8.39536601247823
"2084","50627088B74291328650735",1,17205.3796617883,17205.3796617883,9.75297738493308
"2085","50627088B74406659640809",1,6038.170170919,6038.170170919,8.70585629319508
"2086","50627088B74444100420384",1,946.841539535433,946.841539535433,6.85313175028898
"2087","50627088B74456725594812",1,12812.6136333887,12812.6136333887,9.45818540478885
"2088","50627088B74520915461068",1,10460.5840999309,10460.5840999309,9.25536957735343
"2089","50627088B74733696146426",1,17160.0592078302,17160.0592078302,9.75033982337576
"2090","50627088B75205486816607",1,5401.29705091676,5401.29705091676,8.59439439832447
"2091","50627088B75439888832629",1,1243.68886434446,1243.68886434446,7.12583713296878
"2092","50627088B75957379157629",1,11471.0598180059,11471.0598180059,9.34758260498355
"2093","50627088B76422915094353",1,4475.63132039859,4475.63132039859,8.40640269794255
"2094","50627088B7651687124924",1,408.120190603579,408.120190603579,6.01156171583527
"2095","50627088B7685110871098",1,20744.1471987556,20744.1471987556,9.9400194231611
"2096","50627088B77011733949691",1,59895.9644843905,59895.9644843905,11.0003644109557
"2097","50627088B77395732347793",1,17859.2631151262,17859.2631151262,9.79027759462782
"2098","50627088B77614818839858",1,4547.41900685115,4547.41900685115,8.42231509975564
"2099","50627088B77696414551918",1,45301.334049455,45301.334049455,10.7210917602528
"2100","50627088B77723343468711",1,1454.56012330845,1454.56012330845,7.28245881314726
"2101","50627088B77948267896933",1,2624.31624636502,2624.31624636502,7.87257566352032
"2102","50627088B77951750237496",1,3553.84660991035,3553.84660991035,8.17578584793804
"2103","50627088B77985545046422",1,159609.28978165,159609.28978165,11.9804841689558
"2104","50627088B78059465954493",1,1459.16308668237,1459.16308668237,7.28561832204448
"2105","50627088B78539610756075",1,9515.79159336727,9515.79159336727,9.16070797052805
"2106","50627088B78540984187626",1,4728.96858627253,4728.96858627253,8.4614623998374
"2107","50627088B78764005336655",1,10647.9590112035,10647.9590112035,9.27312351063135
"2108","50627088B78797893592894",1,763.383896820646,763.383896820646,6.63776104606277
"2109","50627088B78980153949014",1,2217.43963532148,2217.43963532148,7.70410849186123
"2110","50627088B79032057291398",1,502.67522021791,502.67522021791,6.21994427610364
"2111","50627088B79182131187687",1,189924.871779036,189924.871779036,12.1543838612575
"2112","50627088B79182667704581",1,4645.86618652153,4645.86618652153,8.44373311104763
"2113","50627088B79595248212250",1,43476.5143315502,43476.5143315502,10.6799761708539
"2114","50627088B79749806486423",1,2171.28521669745,2171.28521669745,7.68307453697355
"2115","50627088B79757190065545",1,5331.58285315003,5331.58285315003,8.5814034436451
"2116","50627088B79823252153906",1,5229.15701089764,5229.15701089764,8.56200536068276
"2117","50627088B80228149983097",1,3019.4981209278,3019.4981209278,8.01284591143539
"2118","50627088B8029202645332",1,1799.35040066505,1799.35040066505,7.49518099022891
"2119","50627088B80328221498252",1,32698.8898858257,32698.8898858257,10.3950964078634
"2120","50627088B80676997329582",1,17623.493002574,17623.493002574,9.77698812062479
"2121","50627088B81693783238627",1,5219.65929338512,5219.65929338512,8.56018740928009
"2122","50627088B81743896776092",1,45210.1383325008,45210.1383325008,10.7190766400606
"2123","50627088B821547754405",1,1319.85066978532,1319.85066978532,7.18527388023034
"2124","50627088B82247069447552",1,15248.4122441768,15248.4122441768,9.63223066147925
"2125","50627088B82303244388896",1,3820.72435548797,3820.72435548797,8.24819530548016
"2126","50627088B82399899546067",1,6027.1698945391,6027.1698945391,8.70403284199218
"2127","50627088B82603535513252",1,1521.15253438956,1521.15253438956,7.32722357282574
"2128","50627088B83026580761392",1,2900.49609253239,2900.49609253239,7.97263706773486
"2129","50627088B83273722146736",1,22373.7149386341,22373.7149386341,10.0156421085835
"2130","50627088B83273926369919",1,333.63640842705,333.63640842705,5.81005180250025
"2131","50627088B83375610183183",1,1529.12625689441,1529.12625689441,7.33245177733644
"2132","50627088B8337648653964",1,4411.45969617503,4411.45969617503,8.3919609105386
"2133","50627088B83816556516",1,8009.33816111868,8009.33816111868,8.9883634100717
"2134","50627088B84243272648939",1,8623.72723236072,8623.72723236072,9.06227266374792
"2135","50627088B84369404768705",1,990.101967820979,990.101967820979,6.8978079356237
"2136","50627088B84554678203253",1,63468.8438850568,63468.8438850568,11.0583044169945
"2137","50627088B84578791163006",1,1287.34000383995,1287.34000383995,7.1603333559537
"2138","50627088B84584796932653",1,8840.68792467827,8840.68792467827,9.08711997213765
"2139","50627088B84672530546512",1,14237.8835296663,14237.8835296663,9.56366154538498
"2140","50627088B85326634541004",1,4499.86339272959,4499.86339272959,8.41180231812642
"2141","50627088B85456617713752",1,915.812825305015,915.812825305015,6.81981200460737
"2142","50627088B85830591431491",1,19775.8692678686,19775.8692678686,9.89221774958976
"2143","50627088B86735774155910",1,17320.6457546381,17320.6457546381,9.75965446517649
"2144","50627088B86779722307239",1,1179.05251490967,1179.05251490967,7.07246644145353
"2145","50627088B86783514296689",1,223406.899651927,223406.899651927,12.3167500498848
"2146","50627088B86831470894545",1,4540.63520408217,4540.63520408217,8.42082219404194
"2147","50627088B87097149335611",1,1311.66180681479,1311.66180681479,7.1790501670798
"2148","50627088B87243805311427",1,785.384057497509,785.384057497509,6.66617284336074
"2149","50627088B87318974422234",1,2480.2927524504,2480.2927524504,7.81613187753513
"2150","50627088B87487449340620",1,50720.9773679699,50720.9773679699,10.8340948587987
"2151","50627088B87489634133290",1,3461.44504443413,3461.44504443413,8.14944142376329
"2152","50627088B87808414718325",1,2466.14869531432,2466.14869531432,7.81041298008742
"2153","50627088B88102129443376",1,4378.70865865895,4378.70865865895,8.38450913311033
"2154","50627088B88531455891117",1,1084.20782326281,1084.20782326281,6.98860488250101
"2155","50627088B88904238458038",1,1480.73792765308,1480.73792765308,7.3002958422642
"2156","50627088B88987154065702",1,706.588436556026,706.588436556026,6.56044836988317
"2157","50627088B89208011470792",1,3005.76059352064,3005.76059352064,8.00828592426722
"2158","50627088B89333927260358",1,20718.2147444438,20718.2147444438,9.93876853167891
"2159","50627088B89370206265788",1,735.890649297475,735.890649297475,6.60108153336653
"2160","50627088B8941621819676",1,19320.0397251877,19320.0397251877,9.86889816393353
"2161","50627088B89424394811224",1,3781.88159028724,3781.88159028724,8.23797693997292
"2162","50627088B89558645189060",1,1765.50552846266,1765.50552846266,7.47619234674992
"2163","50627088B89681862537656",1,3992.31015047654,3992.31015047654,8.29212532741855
"2164","50627088B89719266159733",1,3661.12256130477,3661.12256130477,8.2055250901083
"2165","50627088B89843068192047",1,31383.311106165,31383.311106165,10.3540315371694
"2166","50627088B89953909022202",1,37715.0110989446,37715.0110989446,10.5378134665723
"2167","50627088B89954579529198",1,1144.99895333806,1144.99895333806,7.04315900187269
"2168","50627088B89957955277288",1,4750.04131058831,4750.04131058831,8.46590859395683
"2169","50627088B89974538637092",1,2004.22438314085,2004.22438314085,7.603012423572
"2170","50627088B89985884049438",1,4019.04967469779,4019.04967469779,8.29880075433743
"2171","50627088B89995688353205",1,4080.28815061459,4080.28815061459,8.313922890055
"2172","50627088B90009998079427",1,85737.8891206443,85737.8891206443,11.3590501203089
"2173","50627088B903406016502",1,2672.58704948617,2672.58704948617,7.89080221467413
"2174","50627088B9042251287678",1,5893.26286596292,5893.26286596292,8.68156509031905
"2175","50627088B90453813350653",1,1896.13230691741,1896.13230691741,7.54757146250974
"2176","50627088B90852523965903",1,67250.6521294801,67250.6521294801,11.1161819945097
"2177","50627088B91103141200300",1,649693.471594265,649693.471594265,13.3842559484793
"2178","50627088B91353096656527",1,1241.94500305759,1241.94500305759,7.12443398056097
"2179","50627088B91414263136066",1,23430.6167902847,23430.6167902847,10.0617988559648
"2180","50627088B91472476679734",1,1669.24023495524,1669.24023495524,7.42012385276145
"2181","50627088B91493319317799",1,885.428407502135,885.428407502135,6.78607160415441
"2182","50627088B91579254282686",1,8329.41457988813,8329.41457988813,9.0275484541664
"2183","50627088B91603185074528",1,1560.54946557898,1560.54946557898,7.35279325975313
"2184","50627088B91995558537329",1,940.164631019469,940.164631019469,6.84605499931135
"2185","50627088B9208224547873",1,12103.4068794917,12103.4068794917,9.40124225224274
"2186","50627088B92396547767690",1,2071.44493515503,2071.44493515503,7.63600167905216
"2187","50627088B92542152124342",1,746.978276409844,746.978276409844,6.61603610359863
"2188","50627088B92566493153794",1,22310.842908061,22310.842908061,10.0128280683382
"2189","50627088B92611149671356",1,505.465770181641,505.465770181641,6.22548032139358
"2190","50627088B93065447569005",1,1317.41914908759,1317.41914908759,7.18342991161605
"2191","50627088B93605390589643",1,27392.6655638105,27392.6655638105,10.2180305763905
"2192","50627088B93976403698090",1,899.910364937127,899.910364937127,6.80229516385014
"2193","50627088B94115482977421",1,3146.6120060105,3146.6120060105,8.05408159934932
"2194","50627088B94233573248712",1,558.753576801036,558.753576801036,6.32570854734091
"2195","50627088B94442795805381",1,7168.99710235577,7168.99710235577,8.87752104966194
"2196","50627088B94686315759105",1,10641.8867932653,10641.8867932653,9.2725530773686
"2197","50627088B94948121721133",1,166.188805205666,166.188805205666,5.11312452278611
"2198","50627088B95051750999200",1,2004.19843135359,2004.19843135359,7.60299947494434
"2199","50627088B95640219067046",1,834.882089529112,834.882089529112,6.72729050473499
"2200","50627088B95758016663451",1,3811.52423761131,3811.52423761131,8.24578445048231
"2201","50627088B96439239090131",1,5129.63565061321,5129.63565061321,8.54278991237026
"2202","50627088B9654355924855",1,8169.78814223178,8169.78814223178,9.00819825633445
"2203","50627088B96812513465333",1,42202.4159406585,42202.4159406585,10.650232748164
"2204","50627088B97007763045384",1,69306.1646373921,69306.1646373921,11.1462891370282
"2205","50627088B97358550185776",1,2147.33850049764,2147.33850049764,7.67198444753695
"2206","50627088B98184745232294",1,6719.36935864298,6719.36935864298,8.8127495836734
"2207","50627088B98524938621349",1,6249.35433924382,6249.35433924382,8.74023343167305
"2208","50627088B98907019686863",1,2129.11461601448,2129.11461601448,7.66346149905477
"2209","50627088B99049089169873",1,4745.85358744104,4745.85358744104,8.46502658684455
"2210","50627088B991618938085",1,12526.2710955824,12526.2710955824,9.43558340548108
"2211","50627088B99297205497031",1,21830.3129067786,21830.3129067786,9.99105478323781
"2212","51752279B13435949980895",1,19727.5573092982,19727.5573092982,9.88977178543713
"2213","51752279B14471721978056",1,2419.8610864369,2419.8610864369,7.79146541520436
"2214","51752279B14672164082364",1,5550.50321286875,5550.50321286875,8.62164387161566
"2215","51752279B16736708134398",1,2249.80133257863,2249.80133257863,7.71859719466837
"2216","51752279B17248022529671",1,654.423448579103,654.423448579103,6.48375461682736
"2217","51752279B1871778610146",1,2364.0746716537,2364.0746716537,7.76814196502108
"2218","51752279B19419633234513",1,2810.04406358859,2810.04406358859,7.94095544319723
"2219","51752279B19829880804306",1,1042.7516085244,1042.7516085244,6.94961827565501
"2220","51752279B21947974506929",1,1293.56575004296,1293.56575004296,7.16515783144591
"2221","51752279B25088829088610",1,3327.14579924387,3327.14579924387,8.10987009809521
"2222","51752279B27347750106203",1,3539.21316413817,3539.21316413817,8.17165971140471
"2223","51752279B28486051518842",1,13350.8352080245,13350.8352080245,9.49933422427029
"2224","51752279B3503869783068",1,23874.7384549291,23874.7384549291,10.0805762105216
"2225","51752279B36648203224348",1,13748.1043877153,13748.1043877153,9.52865623087917
"2226","51752279B44838444436585",1,741.554816292018,741.554816292018,6.60874908506543
"2227","51752279B45326310615016",1,2172.25331808378,2172.25331808378,7.68352030320522
"2228","51752279B46644357234336",1,888.353542439714,888.353542439714,6.78936979713616
"2229","51752279B50099334737913",1,389.637122459985,389.637122459985,5.96521585075072
"2230","51752279B50496628115687",1,3819.95269950332,3819.95269950332,8.24799331919499
"2231","51752279B50751398676550",1,1683.33858014998,1683.33858014998,7.42853435051722
"2232","51752279B57155828943955",1,2518.30491749908,2518.30491749908,7.83134130238768
"2233","51752279B58790364836633",1,6516.22096618331,6516.22096618331,8.78204988047037
"2234","51752279B63683485486505",1,3109.61815453238,3109.61815453238,8.04225521774209
"2235","51752279B64028854979825",1,2499.39821392041,2499.39821392041,7.82380526744809
"2236","51752279B64132032078454",1,5663.44380539867,5663.44380539867,8.64178743235241
"2237","51752279B66331234776882",1,1054.58260715498,1054.58260715498,6.96090033459832
"2238","51752279B69229599413395",1,1466.63363571529,1466.63363571529,7.29072500988143
"2239","51752279B70862426040933",1,4950.82068786383,4950.82068786383,8.50730863734822
"2240","51752279B71733643384678",1,1019.62861025212,1019.62861025212,6.92719373237909
"2241","51752279B72018613405145",1,5985.62080164617,5985.62080164617,8.69711533886955
"2242","51752279B7788622716825",1,2196.96342127778,2196.96342127778,7.69483142285037
"2243","51752279B79086909930710",1,6893.7521705298,6893.7521705298,8.83837079785649
"2244","51752279B80749092531281",1,3323.802645762,3323.802645762,8.10886478169828
"2245","51752279B84788888144500",1,2207.90234945712,2207.90234945712,7.69979818062965
"2246","51752279B87562101149725",1,230.402641224265,230.402641224265,5.43982839240301
"2247","51752279B88745027289496",1,5646.07440949832,5646.07440949832,8.63871578787968
"2248","51752279B90154925912772",1,91.9672734024078,91.9672734024078,4.52143278987742
"2249","51752279B92301495225818",1,1234.04906475863,1234.04906475863,7.11805596441933
"2250","51752279B92784884007303",1,1063.42628303911,1063.42628303911,6.96925131680685
"2251","51752279B95977436708349",1,1500.81704569736,1500.81704569736,7.31376493592824
"2252","51752279B96425006117138",1,1531.81897334269,1531.81897334269,7.33421117970423
"2253","51752279B98921383399794",1,1370.25702191913,1370.25702191913,7.22275360846637
"2254","51752279B99423568536476",1,1581.11006969117,1581.11006969117,7.36588245508411
"2255","52423323B10442929932087",1,31728.142327941,31728.142327941,10.3649593366276
"2256","52423323B10584672826222",1,35703.4446377117,35703.4446377117,10.4830024515643
"2257","52423323B11454809492263",1,174166.328982921,174166.328982921,12.0677660352971
"2258","52423323B11679066299223",1,219075.209884886,219075.209884886,12.297170373974
"2259","52423323B11679801882970",1,99123.0929058132,99123.0929058132,11.5041177194665
"2260","52423323B11695261421482",1,518217.865115078,518217.865115078,13.1581510218441
"2261","52423323B12259701702978",1,41697.2285849023,41697.2285849023,10.6381899447846
"2262","52423323B12833551098527",1,115395.669889185,115395.669889185,11.6561221097281
"2263","52423323B13183182177213",1,559185.36078705,559185.36078705,13.234236290709
"2264","52423323B13837989487105",1,282089.550789547,282089.550789547,12.5499798555013
"2265","52423323B14765757601451",1,365941.671595351,365941.671595351,12.8102292324574
"2266","52423323B14899262038475",1,51756.6277405156,51756.6277405156,10.8543077752076
"2267","52423323B15524353330478",1,15095.0257865648,15095.0257865648,9.62212055042466
"2268","52423323B160469889501",1,243492.000240369,243492.000240369,12.4028393677428
"2269","52423323B16152301148770",1,524414.881003895,524414.881003895,13.1700384076695
"2270","52423323B17737032882044",1,13267.7250823975,13267.7250823975,9.49308967950237
"2271","52423323B18014802865122",1,112316.297912569,112316.297912569,11.6290742585363
"2272","52423323B18332977345719",1,207280.258171683,207280.258171683,12.2418270607567
"2273","52423323B18388852349045",1,381812.60864208,381812.60864208,12.8526852139351
"2274","52423323B18472828692910",1,398284.680237079,398284.680237079,12.8949223055555
"2275","52423323B19000754742578",1,496682.237772975,496682.237772975,13.1157057399828
"2276","52423323B19514206676815",1,144852.908240014,144852.908240014,11.8834740805936
"2277","52423323B19551708928957",1,18019.1586839039,18019.1586839039,9.79919084216475
"2278","52423323B19927434270146",1,93739.576819069,93739.576819069,11.448275757055
"2279","52423323B20560007602633",1,239830.56204817,239830.56204817,12.3876879615288
"2280","52423323B20904030146167",1,75495.3274973475,75495.3274973475,11.2318260458697
"2281","52423323B22525297064489",1,36336.4570934101,36336.4570934101,10.5005768438955
"2282","52423323B23677933151668",1,1004768.80749968,1004768.80749968,13.8202680307227
"2283","52423323B23830846230255",1,7669.64443868612,7669.64443868612,8.94502553587948
"2284","52423323B24194597484154",1,15701.2179978696,15701.2179978696,9.66149356780941
"2285","52423323B25129931119647",1,129207.741063261,129207.741063261,11.7691767838861
"2286","52423323B25245708603821",1,45960.6548525593,45960.6548525593,10.7355409801762
"2287","52423323B25610501181533",1,437817.480983527,437817.480983527,12.9895573924275
"2288","52423323B25931574604795",1,17486.5642425467,17486.5642425467,9.76918810746606
"2289","52423323B26026796638538",1,19291.9530503418,19291.9530503418,9.86744334755236
"2290","52423323B26366836110936",1,17240.9816419089,17240.9816419089,9.75504448238257
"2291","52423323B26378856844505",1,134206.71468047,134206.71468047,11.8071365371448
"2292","52423323B2670997782408",1,445162.033333302,445162.033333302,13.006193614723
"2293","52423323B27353189607616",1,25536.788414213,25536.788414213,10.1478753743897
"2294","52423323B27550488562825",1,48362.106071705,48362.106071705,10.7864718536503
"2295","52423323B27696847619377",1,829801.234491214,829801.234491214,13.6289414745771
"2296","52423323B27859603435380",1,13195.6075683594,13195.6075683594,9.4876392932248
"2297","52423323B27952664457255",1,187365.793380706,187365.793380706,12.1408180994717
"2298","52423323B28488791347792",1,44348.7499822459,44348.7499822459,10.6998398020473
"2299","52423323B2854744470595",1,25611.1012512437,25611.1012512437,10.1507811790986
"2300","52423323B28730875803746",1,33726.391509033,33726.391509033,10.4260359406853
"2301","52423323B29093736959677",1,40291.178644525,40291.178644525,10.603887831779
"2302","52423323B29403129163195",1,238218.628754622,238218.628754622,12.380944139204
"2303","52423323B298990066873",1,125359.975590247,125359.975590247,11.7389446823126
"2304","52423323B30660787387820",1,297556.456589742,297556.456589742,12.6033592560133
"2305","52423323B30792684212291",1,49189.3686862355,49189.3686862355,10.8034327955179
"2306","52423323B31235652397007",1,141824.066522424,141824.066522424,11.8623426002759
"2307","52423323B31448976404541",1,602387.463412482,602387.463412482,13.308656144183
"2308","52423323B33050228676147",1,36565.8174959017,36565.8174959017,10.5068691347887
"2309","52423323B34984401006879",1,843338.738689731,843338.738689731,13.6451239815286
"2310","52423323B35006791438696",1,65612.0832341163,65612.0832341163,11.0915151536123
"2311","52423323B36058634620210",1,13533.9982985696,13533.9982985696,9.5129601910769
"2312","52423323B36093874947415",1,98230.3009092202,98230.3009092202,11.4950700099771
"2313","52423323B37211265449281",1,56666.4147581964,56666.4147581964,10.9449369819108
"2314","52423323B3743396317208",1,34623.9703231278,34623.9703231278,10.4523015050873
"2315","52423323B3769936214170",1,51920.2098580565,51920.2098580565,10.85746339332
"2316","52423323B37806009634223",1,22733.1791205044,22733.1791205044,10.0315807715849
"2317","52423323B37899299883293",1,12830.5158074523,12830.5158074523,9.45958166003244
"2318","52423323B38635571773884",1,564088.823529548,564088.823529548,13.2429670066077
"2319","52423323B38780973615632",1,180858.278757415,180858.278757415,12.1054690132604
"2320","52423323B38935818871161",1,15427.645887896,15427.645887896,9.64391636650416
"2321","52423323B39078758383131",1,14974.3636736567,14974.3636736567,9.61409492950363
"2322","52423323B39484776896839",1,64439.7172477464,64439.7172477464,11.0734854494437
"2323","52423323B39569682722717",1,58222.8693576813,58222.8693576813,10.9720335008272
"2324","52423323B39960691316428",1,9325.95891253464,9325.95891253464,9.14055707166852
"2325","52423323B41002783843524",1,40956.5614273065,40956.5614273065,10.6202673066608
"2326","52423323B41767417626536",1,24987.6585650958,24987.6585650958,10.1261373245652
"2327","52423323B42185126778068",1,162701.273497404,162701.273497404,11.99967112045
"2328","52423323B42354579566723",1,1270143.35001117,1270143.35001117,14.0546403260895
"2329","52423323B42356104193293",1,177478.587068143,177478.587068143,12.0866052443847
"2330","52423323B42930074476451",1,2259536.42138163,2259536.42138163,14.6306702269253
"2331","52423323B43258201859657",1,402619.797963429,402619.797963429,12.9057479662481
"2332","52423323B43439565608947",1,47316.0961126331,47316.0961126331,10.764605814956
"2333","52423323B4372132198351",1,75698.5843909255,75698.5843909255,11.2345147389987
"2334","52423323B44038614744637",1,1321379.89845202,1321379.89845202,14.094187126151
"2335","52423323B44461654915973",1,513756.810733392,513756.810733392,13.1495053016067
"2336","52423323B4514438281509",1,204380.27846571,204380.27846571,12.2277376476553
"2337","52423323B45931526647810",1,10444.3014362531,10444.3014362531,9.25381179154854
"2338","52423323B46103575279257",1,376056.503101489,376056.503101489,12.8374946852881
"2339","52423323B4621357576796",1,12565.7097406881,12565.7097406881,9.43872693391274
"2340","52423323B47097694246075",1,168929.010243963,168929.010243963,12.0372338479282
"2341","52423323B47497093243576",1,38329.5989385822,38329.5989385822,10.5539776949382
"2342","52423323B48551637922403",1,15592.1052960853,15592.1052960853,9.65451999437684
"2343","52423323B49198903326940",1,45166.256055941,45166.256055941,10.7181055395801
"2344","52423323B49658569394047",1,73679.064862268,73679.064862268,11.2074739789685
"2345","52423323B50058154101732",1,23062.6471747421,23062.6471747421,10.0459695823232
"2346","52423323B51217028410737",1,65648.7432332355,65648.7432332355,11.0920737361088
"2347","52423323B52307790790570",1,54858.0493473604,54858.0493473604,10.9125042069393
"2348","52423323B5286931917033",1,70566.6877289444,70566.6877289444,11.1643134669283
"2349","52423323B53512454602615",1,24881.5951436826,24881.5951436826,10.12188365829
"2350","52423323B53636040247578",1,39719.3796503996,39719.3796503996,10.5895944999707
"2351","52423323B5401944400866",1,535816.131069997,535816.131069997,13.1915463421531
"2352","52423323B55507665446718",1,849657.456164235,849657.456164235,13.6525885544951
"2353","52423323B55530972166869",1,609834.071011272,609834.071011272,13.3209421844112
"2354","52423323B55662622252090",1,9980.11506676618,9980.11506676618,9.20834989897513
"2355","52423323B55664774745263",1,24436.9255583831,24436.9255583831,10.1038506098891
"2356","52423323B56288271705093",1,42108.0533569357,42108.0533569357,10.6479942925153
"2357","52423323B56573766601238",1,158545.344565503,158545.344565503,11.9737959169716
"2358","52423323B56600660833819",1,149950.441971698,149950.441971698,11.9180601316333
"2359","52423323B57053352254999",1,664418.266174436,664418.266174436,13.4066671490803
"2360","52423323B57345599867870",1,29587.2331571594,29587.2331571594,10.2950982350121
"2361","52423323B57942162225750",1,102948.486204169,102948.486204169,11.541984008163
"2362","52423323B58673559392327",1,34737.7036642121,34737.7036642121,10.4555809369832
"2363","52423323B589522588681",1,78990.7381741789,78990.7381741789,11.2770858862747
"2364","52423323B59200867058970",1,258596.224814202,258596.224814202,12.4630231466604
"2365","52423323B59284003127327",1,71281.5827599676,71281.5827599676,11.1743932667238
"2366","52423323B5979795321834",1,180470.46293335,180470.46293335,12.1033224031061
"2367","52423323B60560840330352",1,67643.4601736031,67643.4601736031,11.1220059574345
"2368","52423323B60640707975629",1,899270.88007499,899270.88007499,13.7093395807212
"2369","52423323B61122994047391",1,340238.726070269,340238.726070269,12.7374027857113
"2370","52423323B61185146991898",1,1519199.94826838,1519199.94826838,14.2336944044283
"2371","52423323B61620821136351",1,611695.154682029,611695.154682029,13.3239893241302
"2372","52423323B62898369623051",1,252126.827904499,252126.827904499,12.4376875252233
"2373","52423323B63738133159827",1,21905.0488057824,21905.0488057824,9.99447242831137
"2374","52423323B64631698212491",1,315082.688848831,315082.688848831,12.6605903876416
"2375","52423323B66089118468318",1,843764.322755146,843764.322755146,13.645628496142
"2376","52423323B66186032617491",1,606930.735317547,606930.735317547,13.3161699536748
"2377","52423323B66255567298861",1,14768.6131628877,14768.6131628877,9.60025947557788
"2378","52423323B66757955193379",1,73639.276088512,73639.276088512,11.2069338048874
"2379","52423323B66852864614856",1,418695.608482741,418695.608482741,12.9448994634945
"2380","52423323B67559228618519",1,552159.331607992,552159.331607992,13.2215919278269
"2381","52423323B67748143135818",1,552834.199745122,552834.199745122,13.2228134159205
"2382","52423323B68030863312797",1,95387.2090154745,95387.2090154745,11.4656997710413
"2383","52423323B68296244508740",1,292532.063932274,292532.063932274,12.5863295599275
"2384","52423323B68557587713523",1,1617670.12472175,1617670.12472175,14.2964974773978
"2385","52423323B69347257455112",1,87133.7288459832,87133.7288459832,11.3751993306597
"2386","52423323B69501139245181",1,886337.036527087,886337.036527087,13.6948525596533
"2387","52423323B69998039622942",1,40382.4775332279,40382.4775332279,10.6061512454385
"2388","52423323B70700316727445",1,44008.3516564056,44008.3516564056,10.6921347052615
"2389","52423323B71362647483761",1,50685.9170446193,50685.9170446193,10.8334033806709
"2390","52423323B72303975114408",1,11292.8109257758,11292.8109257758,9.33192160097976
"2391","52423323B72584796071045",1,103529.753040267,103529.753040267,11.5476143193644
"2392","52423323B72643453207653",1,107353.186889296,107353.186889296,11.5838794897717
"2393","52423323B72877265814635",1,380330.269475891,380330.269475891,12.8487952844273
"2394","52423323B72947560407101",1,23098.7472398778,23098.7472398778,10.0475336629994
"2395","52423323B73545009733824",1,171208.637081311,171208.637081311,12.0506381916585
"2396","52423323B74073307510671",1,101951.193440574,101951.193440574,11.5322494820702
"2397","52423323B74434071620295",1,106508.770936779,106508.770936779,11.5759826169544
"2398","52423323B74589242943410",1,83555.4472565699,83555.4472565699,11.3332657294634
"2399","52423323B74647916820461",1,254694.850236725,254694.850236725,12.4478214418261
"2400","52423323B7471592660560",1,81613.0099597553,81613.0099597553,11.309743964025
"2401","52423323B75013060921625",1,300405.962552979,300405.962552979,12.6128900473868
"2402","52423323B75769363795569",1,102811.529429686,102811.529429686,11.5406527796997
"2403","52423323B76219766339167",1,123406.996407492,123406.996407492,11.7232430858275
"2404","52423323B76403507103928",1,454865.759969757,454865.759969757,13.0277576213688
"2405","52423323B76509893462522",1,140088.623505538,140088.623505538,11.8500305263552
"2406","52423323B76675634203570",1,174165.632775685,174165.632775685,12.0677620379192
"2407","52423323B76935168618959",1,64782.4259275619,64782.4259275619,11.0787896407361
"2408","52423323B77626952716253",1,60216.1226809694,60216.1226809694,11.0056954140607
"2409","52423323B7766336727769",1,28034.2453735362,28034.2453735362,10.241182090897
"2410","52423323B77713055923502",1,120449.598260937,120449.598260937,11.6989866727194
"2411","52423323B7824405482289",1,20194.6397999668,20194.6397999668,9.91317249173876
"2412","52423323B78580900034992",1,131772.89851235,131772.89851235,11.7888352540519
"2413","52423323B79314410482452",1,35990.161804658,35990.161804658,10.4910008968856
"2414","52423323B79763443872127",1,1076817.21402106,1076817.21402106,13.88952022402
"2415","52423323B79783446194500",1,38126.7502540797,38126.7502540797,10.5486714211597
"2416","52423323B80007668106022",1,23099.4916395846,23099.4916395846,10.0475658893233
"2417","52423323B80125448855540",1,55783.5366051197,55783.5366051197,10.9292340619167
"2418","52423323B80488084984098",1,105926.565657898,105926.565657898,11.5705013562012
"2419","52423323B80854680702724",1,148082.92509075,148082.92509075,11.9055277005014
"2420","52423323B81352708629195",1,53088.2425788352,53088.2425788352,10.879710762352
"2421","52423323B81858638532101",1,80070.3228184126,80070.3228184126,11.290660562761
"2422","52423323B8238929782503",1,64060.1691659807,64060.1691659807,11.0675780639024
"2423","52423323B82500281635270",1,54599.7676139249,54599.7676139249,10.9077849055687
"2424","52423323B83071826775288",1,954214.433724,954214.433724,13.7686436984683
"2425","52423323B84817986944382",1,10060.8196973416,10060.8196973416,9.21640392118341
"2426","52423323B85035932341435",1,27791.1362320368,27791.1362320368,10.232472408264
"2427","52423323B85598258379777",1,6555.3374475002,6555.3374475002,8.78803487427785
"2428","52423323B85918245780607",1,14898.4836479115,14898.4836479115,9.60901471815823
"2429","52423323B85945473450778",1,155698.184700768,155698.184700768,11.9556746987995
"2430","52423323B86318670912748",1,951015.82618036,951015.82618036,13.7652859830088
"2431","52423323B86380597892697",1,586676.116191622,586676.116191622,13.2822281853613
"2432","52423323B86897144494159",1,2412545.89792097,2412545.89792097,14.6961931370593
"2433","52423323B86940080829483",1,178195.717677465,178195.717677465,12.0906377627394
"2434","52423323B87468686530691",1,530904.751862494,530904.751862494,13.1823379091109
"2435","52423323B8866433924767",1,24832.0105483798,24832.0105483798,10.1198888477726
"2436","52423323B89311736778366",1,45398.9252655362,45398.9252655362,10.723243711184
"2437","52423323B90141807319554",1,56447.7506821217,56447.7506821217,10.9410707225859
"2438","52423323B9154242656865",1,461532.159346926,461532.159346926,13.0423070148892
"2439","52423323B91759364179792",1,1501768.2666422,1501768.2666422,14.2221538162091
"2440","52423323B92446440923992",1,34625.8577452805,34625.8577452805,10.4523560156097
"2441","52423323B92804985399484",1,324321.393138986,324321.393138986,12.6894902572457
"2442","52423323B93457289425751",1,261829.508400872,261829.508400872,12.4754488396313
"2443","52423323B94132750651187",1,21128.5226747323,21128.5226747323,9.95837919215698
"2444","52423323B94155406981668",1,323932.969603866,323932.969603866,12.6882918894323
"2445","52423323B94893090116384",1,274298.855200289,274298.855200289,12.5219735033854
"2446","52423323B97176580342978",1,14609.2045944901,14609.2045944901,9.58940706072266
"2447","52423323B97218068880690",1,25868.5447689554,25868.5447689554,10.1607830219147
"2448","52423323B97407151829576",1,8071.8789405111,8071.8789405111,8.996141564462
"2449","52423323B9748869428654",1,5195.39288983098,5195.39288983098,8.55552752913004
"2450","52511910B10215199478646",1,43332.148432041,43332.148432041,10.6766500965198
"2451","52511910B10855589670933",1,24623.291969375,24623.291969375,10.1114481019849
"2452","52511910B1114695065436",1,221523.715803455,221523.715803455,12.3082849318259
"2453","52511910B11437294536827",2,113894.485632431,227788.971264862,12.3361749147094
"2454","52511910B1170609292065",1,24628.8074211648,24628.8074211648,10.1116720701764
"2455","52511910B12166681712059",2,6680.8322941655,13361.664588331,9.50014503426429
"2456","52511910B12217989868885",2,28085.3642306968,56170.7284613936,10.9361510543118
"2457","52511910B12239492719020",2,23040.9660882234,46081.9321764468,10.7381762254032
"2458","52511910B12240276172675",2,38477.822226325,76955.64445265,11.2509844887881
"2459","52511910B1240337598967",1,24742.3937909454,24742.3937909454,10.1162733991859
"2460","52511910B1281835166424",1,4115.5149843312,4115.5149843312,8.32251925335643
"2461","52511910B1289591480139",1,8598.77699490915,8598.77699490915,9.05937526223453
"2462","52511910B132067886793",1,20058.482090743,20058.482090743,9.90640739019545
"2463","52511910B13267113488931",1,14443.7230935828,14443.7230935828,9.57801521117944
"2464","52511910B1345857498627",1,2375.61979500894,2375.61979500894,7.77301364874251
"2465","52511910B13500089926277",2,22787.1689432161,45574.3378864322,10.727100071442
"2466","52511910B1376149917055",2,23731.8043310894,47463.6086621788,10.7677185629647
"2467","52511910B14295991899678",2,29833.737718547,59667.475437094,10.9965423508745
"2468","52511910B1429973809191",2,15465.6993493452,30931.3986986904,10.3395270860821
"2469","52511910B1435450581762",1,2944.36630051348,2944.36630051348,7.98764889483766
"2470","52511910B14571669428725",2,7305.67009777887,14611.3401955577,9.58955323192425
"2471","52511910B14763561478876",1,12580.198991259,12580.198991259,9.43987934819443
"2472","52511910B14816404731270",1,88227.0627830978,88227.0627830978,11.3876690292064
"2473","52511910B14944460308189",1,18592.1037124374,18592.1037124374,9.83049223797286
"2474","52511910B14985671444346",1,137025.851972835,137025.851972835,11.8279248875402
"2475","52511910B15112316927565",2,35761.1138455889,71522.2276911778,11.1777635571696
"2476","52511910B15727969780764",2,74079.646974884,148159.293949768,11.9060432844108
"2477","52511910B16211515353621",1,14612.0489724347,14612.0489724347,9.58960173943123
"2478","52511910B16548233454257",1,3930.10876243968,3930.10876243968,8.2764223794014
"2479","52511910B16992601244944",1,76061.1811643924,76061.1811643924,11.2392933107384
"2480","52511910B1724778943765",1,6240.02943776845,6240.02943776845,8.73874017894344
"2481","52511910B17356876538254",1,50769.2477383945,50769.2477383945,10.8350460907821
"2482","52511910B17390178466990",2,8858.53682038782,17717.0736407756,9.78228406609548
"2483","52511910B17490321584859",1,154599.057959779,154599.057959779,11.9485903217131
"2484","52511910B17517272780410",1,283643.891666716,283643.891666716,12.5554748277677
"2485","52511910B17799667237096",2,10075.1078353563,20150.2156707126,9.91097027057872
"2486","52511910B18270670997793",1,22185.4959791232,22185.4959791232,10.0071940200708
"2487","52511910B1854707671717",1,179765.626422358,179765.626422358,12.0994092060042
"2488","52511910B19191805182315",1,133747.38802519,133747.38802519,11.8037081357839
"2489","52511910B19330386236783",2,39836.7980146053,79673.5960292106,11.2856935179092
"2490","52511910B19407638162060",1,2025.45118523437,2025.45118523437,7.61354776224588
"2491","52511910B19586040436612",2,13182.1766669419,26364.3533338838,10.1797681242177
"2492","52511910B2005519933546",1,43985.8520000343,43985.8520000343,10.6916233157398
"2493","52511910B2055603825455",1,77788.8090792663,77788.8090792663,11.2617528576514
"2494","52511910B21046020325533",2,15038.6372403887,30077.2744807774,10.3115251649418
"2495","52511910B21407702399528",1,638725.29501184,638725.29501184,13.3672297426669
"2496","52511910B21548483035565",2,8919.70564469126,17839.4112893825,9.78916540611543
"2497","52511910B21980317252116",1,2534.61974546587,2534.61974546587,7.83779890298528
"2498","52511910B22102802824180",1,13560.8007717053,13560.8007717053,9.51493861371134
"2499","52511910B2226983620167",1,92550.0243322894,92550.0243322894,11.4355045809113
"2500","52511910B22297779295169",1,19402.2890500988,19402.2890500988,9.87314633036401
"2501","52511910B22417450396653",2,9258.82655200264,18517.6531040053,9.82647977792429
"2502","52511910B23437445078556",1,83184.2035140295,83184.2035140295,11.3288127471731
"2503","52511910B24217315836254",1,20545.8730305244,20545.8730305244,9.93041537399095
"2504","52511910B2433100174245",1,84707.1116790752,84707.1116790752,11.3469548402686
"2505","52511910B24338772487994",1,8151.33565386227,8151.33565386227,9.00593707671689
"2506","52511910B24425392494170",1,27514.8716674475,27514.8716674475,10.2224819253888
"2507","52511910B24462040337349",2,38782.1135334924,77564.2270669848,11.2588616084773
"2508","52511910B24789968471650",1,341750.395379061,341750.395379061,12.7418359115104
"2509","52511910B24890266463781",2,106456.905614301,212913.811228602,12.2686427206826
"2510","52511910B24911018318465",1,78615.5983675479,78615.5983675479,11.2723254112415
"2511","52511910B25870488928169",1,1485.20442181032,1485.20442181032,7.30330769954756
"2512","52511910B26024129556324",1,101103.483656015,101103.483656015,11.5238998619423
"2513","52511910B26321075911025",2,116206.284086033,232412.568172066,12.3562693824119
"2514","52511910B26426295483490",2,37666.2649128525,75332.529825705,11.229667323499
"2515","52511910B26440140856632",1,93859.4453073558,93859.4453073558,11.4495536795436
"2516","52511910B26517515062770",1,30724.0507102758,30724.0507102758,10.3328010376274
"2517","52511910B26605642536320",2,15480.2427087227,30960.4854174454,10.3404670064388
"2518","52511910B27035674370402",2,28054.683594227,56109.367188454,10.9350580506286
"2519","52511910B27389223998758",1,116725.383486785,116725.383486785,11.6675793052206
"2520","52511910B27691000187918",1,123646.69613344,123646.69613344,11.7251835530895
"2521","52511910B27783301561641",1,1231.85180613287,1231.85180613287,7.11627384962856
"2522","52511910B27876515321702",1,60107.998907726,60107.998907726,11.0038982049738
"2523","52511910B28036042271757",1,181758.460927855,181758.460927855,12.1104339468726
"2524","52511910B28406755893597",2,6711.39103944577,13422.7820788915,9.50470869745244
"2525","52511910B28476693424992",1,67700.2281702287,67700.2281702287,11.1228448292083
"2526","52511910B28710323112279",2,8562.3059548141,17124.6119096282,9.74827200066214
"2527","52511910B29325635095698",1,353626.055460558,353626.055460558,12.7759952932882
"2528","52511910B29818712056723",1,30098.5430835421,30098.5430835421,10.3122320470254
"2529","52511910B30663215399885",1,73437.7998896825,73437.7998896825,11.2041940669165
"2530","52511910B30709967967550",1,110388.96863566,110388.96863566,11.6117654860542
"2531","52511910B30715783231624",2,32467.4022080374,64934.8044160748,11.0811390365442
"2532","52511910B30774246387934",1,23184.1698171062,23184.1698171062,10.051224989288
"2533","52511910B30880402907345",1,43637.3781434151,43637.3781434151,10.6836693589354
"2534","52511910B3088598520620",1,41843.0086953654,41843.0086953654,10.6416800056985
"2535","52511910B3092467574862",1,37420.8797753074,37420.8797753074,10.529984110383
"2536","52511910B30977236715140",2,111119.694224302,222239.388448604,12.3115104062232
"2537","52511910B31003231188752",2,20215.3017555321,40430.6035110642,10.6073422898314
"2538","52511910B3118715998086",1,4369.50272237246,4369.50272237246,8.38240448810722
"2539","52511910B31268860247424",1,115459.993145509,115459.993145509,11.6566793692481
"2540","52511910B31717620625581",1,22889.5586884668,22889.5586884668,10.0384361330957
"2541","52511910B3173449865557",2,25165.3016778129,50330.6033556258,10.8263685876903
"2542","52511910B31970606922462",1,27843.1918768207,27843.1918768207,10.2343437586243
"2543","52511910B32484376841800",1,3915.99911298987,3915.99911298987,8.27282577714115
"2544","52511910B32855735947523",2,21592.0748113269,43184.1496226538,10.6732288000224
"2545","52511910B33100646615087",1,61105.2139829043,61105.2139829043,11.0203524767546
"2546","52511910B33929030594907",2,99713.7485412243,199427.497082449,12.2032060261122
"2547","52511910B34768840903386",2,80496.9503416545,160993.900683309,11.9891217592944
"2548","52511910B35262105049161",1,42821.628257915,42821.628257915,10.664798587061
"2549","52511910B3549258104854",2,17238.2844576413,34476.5689152826,10.4480352104087
"2550","52511910B3606287647189",1,17840.6780971875,17840.6780971875,9.78923641534368
"2551","52511910B36399926613491",1,358077.746652403,358077.746652403,12.7885054112251
"2552","52511910B36549244443661",1,3356.2950630624,3356.2950630624,8.11859298477781
"2553","52511910B37391519791178",2,34998.7235801826,69997.4471603652,11.1562140512288
"2554","52511910B37639564414460",1,41686.4697751882,41686.4697751882,10.6379318893136
"2555","52511910B37647459697968",1,28377.0646658796,28377.0646658796,10.2533365156918
"2556","52511910B37723179298847",1,7356.39245103305,7356.39245103305,8.90332493544751
"2557","52511910B38320737099141",2,8541.58230287845,17083.1646057569,9.74584873154759
"2558","52511910B38482668702502",2,226435.897875302,452871.795750604,13.0233643528218
"2559","52511910B39021201460320",1,93096.2763709497,93096.2763709497,11.4413894664497
"2560","52511910B39647585180353",1,78795.9283027709,78795.9283027709,11.2746166032263
"2561","52511910B398222474379",2,2279.09671470589,4558.19342941178,8.42468164624871
"2562","52511910B3988585053627",2,1163.71631397071,2327.43262794142,7.75252106262762
"2563","52511910B39925062868722",1,28527.8617057355,28527.8617057355,10.2586364924235
"2564","52511910B4018321552262",1,20011.9030816044,20011.9030816044,9.9040825295824
"2565","52511910B4023851996912",2,11077.6122250874,22155.2244501748,10.0058286144861
"2566","52511910B40379944508344",2,17354.5202310446,34709.0404620892,10.454755464051
"2567","52511910B40704082736400",1,194871.259978183,194871.259978183,12.1800944142743
"2568","52511910B40762326804108",2,15098.5201387976,30197.0402775952,10.3154991945071
"2569","52511910B40907976300093",1,113976.010056938,113976.010056938,11.6437432671344
"2570","52511910B40932238962124",2,1852.35176374342,3704.70352748684,8.21735851495675
"2571","52511910B41349980343036",2,40186.2794430785,80372.558886157,11.2944280895223
"2572","52511910B41569626445575",1,42107.5116202562,42107.5116202562,10.6479814270389
"2573","52511910B41832053670190",1,89927.7596628031,89927.7596628031,11.4067619565867
"2574","52511910B41847670787440",2,1163.15590593824,2326.31181187648,7.75203937907103
"2575","52511910B41918855057041",2,46114.9043079537,92229.8086159074,11.4320386611534
"2576","52511910B42295955196197",1,27062.3950843304,27062.3950843304,10.2059004079458
"2577","52511910B42739382471676",1,62564.1492577133,62564.1492577133,11.0439476974718
"2578","52511910B42807411813200",1,10103.3767526992,10103.3767526992,9.22062497890329
"2579","52511910B43288181316884",2,54009.0466924069,108018.093384814,11.5900540234154
"2580","52511910B43412485397625",2,48940.5220216685,97881.044043337,11.4915081840643
"2581","52511910B43880613502989",2,25224.3670365555,50448.734073111,10.8287129327635
"2582","52511910B44183742195819",1,196570.308262995,196570.308262995,12.1887754491604
"2583","52511910B44653158831279",1,70317.7335167078,70317.7335167078,11.1607793008486
"2584","52511910B45067846009416",1,320957.494137275,320957.494137275,12.6790639763264
"2585","52511910B45111644423638",2,224273.237901267,448546.475802534,13.0137675800901
"2586","52511910B45186727587827",1,148220.347447291,148220.347447291,11.9064552796349
"2587","52511910B45758904415578",1,45415.0070001842,45415.0070001842,10.7235978800745
"2588","52511910B46327040282414",1,162583.153799982,162583.153799982,11.9989448655623
"2589","52511910B46580896438278",2,19795.7489539792,39591.4979079584,10.5863696748974
"2590","52511910B46875128491",1,149214.634821619,149214.634821619,11.9131410505582
"2591","52511910B47006759189229",2,44401.6561264792,88803.3122529584,11.3941792284306
"2592","52511910B47108576517123",1,27297.4352076226,27297.4352076226,10.2145480283209
"2593","52511910B47117449404442",1,15037.2170601238,15037.2170601238,9.61828354448655
"2594","52511910B47244734334087",1,5504.99031322012,5504.99031322012,8.61341028952219
"2595","52511910B47715712995546",1,175887.256928314,175887.256928314,12.0775984831231
"2596","52511910B47928826922149",1,1362.14029439434,1362.14029439434,7.21681248756793
"2597","52511910B4802898208422",1,22639.6429853466,22639.6429853466,10.0274577629943
"2598","52511910B48556697809502",1,39519.3032294936,39519.3032294936,10.5845445208737
"2599","52511910B4874504546565",1,240175.434649526,240175.434649526,12.3891249129964
"2600","52511910B48822656668811",1,5866.759239551,5866.759239551,8.67705767170256
"2601","52511910B49041277824691",1,2861.68214009579,2861.68214009579,7.95916489178774
"2602","52511910B49192689587509",1,8395.58105398196,8395.58105398196,9.03546078140852
"2603","52511910B49246730473855",1,52080.4281552861,52080.4281552861,10.8605444979563
"2604","52511910B49284203349487",2,24101.7227199698,48203.4454399396,10.7831857796404
"2605","52511910B49336497562900",1,140287.272004041,140287.272004041,11.8514475421181
"2606","52511910B49397347460294",2,18878.8803274424,37757.7606548848,10.5389463138103
"2607","52511910B4946947315760",2,87005.7844313379,174011.568862676,12.066877063703
"2608","52511910B49492134849249",1,70103.7420289824,70103.7420289824,11.1577314528958
"2609","52511910B49637011657057",1,43069.3991837237,43069.3991837237,10.6705680281882
"2610","52511910B4969786063416",2,10479.0796514316,20958.1593028632,9.95028331505873
"2611","52511910B49699122775209",2,12885.1126528902,25770.2253057804,10.1569750465566
"2612","52511910B49735999236113",2,7966.35097436097,15932.7019487219,9.67612900237703
"2613","52511910B50234287801955",1,23255.8024363725,23255.8024363725,10.0543099470346
"2614","52511910B50474008293669",1,270552.794486796,270552.794486796,12.5082225319283
"2615","52511910B50770239456778",1,41189.3929432714,41189.3929432714,10.6259360493577
"2616","52511910B51634678228857",1,162247.769428789,162247.769428789,11.9968798867294
"2617","52511910B51671938708352",1,5465.34216159838,5465.34216159838,8.60618200827533
"2618","52511910B5173446134858",1,32822.1377820393,32822.1377820393,10.3988584990871
"2619","52511910B52040400722593",2,40496.8301518667,80993.6603037334,11.3021261627363
"2620","52511910B52167757698823",2,28835.8320042645,57671.664008529,10.9625212401646
"2621","52511910B52234359951443",1,43529.8767070813,43529.8767070813,10.6812028021757
"2622","52511910B52477730632252",2,22389.3364560304,44778.6729120608,10.7094872539847
"2623","52511910B53055897182204",2,14048.2135900785,28096.427180157,10.2433977006244
"2624","52511910B53218930904512",1,4450.02277434107,4450.02277434107,8.40066449297664
"2625","52511910B53442502489936",1,169026.123710964,169026.123710964,12.0378085601306
"2626","52511910B53659520741831",1,52560.6515537886,52560.6515537886,10.8697230494627
"2627","52511910B53728166380969",1,19746.1280392123,19746.1280392123,9.89071270246174
"2628","52511910B54123288304078",1,24401.1213661026,24401.1213661026,10.1023843678524
"2629","52511910B54132966107148",1,54403.2403713197,54403.2403713197,10.9041789967193
"2630","52511910B54429610497624",1,163071.584142166,163071.584142166,12.0019445498999
"2631","52511910B54492038659997",2,25836.5548360875,51673.109672175,10.8526928027909
"2632","52511910B54544949915679",2,107535.224983204,215070.449966408,12.2787209276987
"2633","52511910B54921877123299",1,23329.7985635508,23329.7985635508,10.0574867307541
"2634","52511910B55440888068193",2,4452.49228116054,8904.98456232108,9.09436646212552
"2635","52511910B55503333028627",2,28425.3938454348,56850.7876908696,10.9481853546829
"2636","52511910B55551570232595",1,49559.6564836049,49559.6564836049,10.8109324043955
"2637","52511910B55567443002533",2,6138.13350761614,12276.2670152323,9.41542316649952
"2638","52511910B55591891530874",2,10268.5777900028,20537.1555800056,9.92999099190694
"2639","52511910B558444185686",1,75404.1368045732,75404.1368045732,11.2306174172732
"2640","52511910B56209015841977",1,145151.280800196,145151.280800196,11.8855317933904
"2641","52511910B56958480946992",2,75853.240365196,151706.480730392,11.9297028851255
"2642","52511910B57035161982504",1,185509.039273377,185509.039273377,12.1308588890789
"2643","52511910B57239711193520",1,57592.3993901891,57592.3993901891,10.9611458829457
"2644","52511910B57344020400583",1,322907.125529236,322907.125529236,12.6851200237969
"2645","52511910B57885575775117",1,181150.922414118,181150.922414118,12.107085788301
"2646","52511910B58011485138839",1,3954.7640796967,3954.7640796967,8.28267622727128
"2647","52511910B5845387986633",1,7939.79372833347,7939.79372833347,8.97964257510442
"2648","52511910B58943778362560",2,12894.3387450361,25788.6774900722,10.1576908176099
"2649","52511910B59176200579981",2,22664.5768616604,45329.1537233208,10.72170567452
"2650","52511910B59203276225690",2,5246.38048693678,10492.7609738736,9.25844086731907
"2651","52511910B59245920767717",1,9877.6258044641,9877.6258044641,9.19802745867258
"2652","52511910B59360103371589",2,8291.47020606218,16582.9404121244,9.71612975989668
"2653","52511910B59553354826271",2,9624.39701298324,19248.7940259665,9.86520368975172
"2654","52511910B59671861776280",1,9752.4369686737,9752.4369686737,9.18527247826571
"2655","52511910B59824272814460",1,64226.9239042408,64226.9239042408,11.0701777772202
"2656","52511910B60061263127196",2,25809.3290926377,51618.6581852754,10.8516384788487
"2657","52511910B60889717547120",1,199977.363308282,199977.363308282,12.2059594556659
"2658","52511910B61192023784720",2,14139.3715466041,28278.7430932082,10.2498656739453
"2659","52511910B61439489120441",1,61594.7986074747,61594.7986074747,11.0283327077662
"2660","52511910B6162382764157",1,282705.108430006,282705.108430006,12.5521596136635
"2661","52511910B61676244874246",2,18987.2111299124,37974.4222598248,10.5446681136504
"2662","52511910B61790844495814",2,22075.2406795638,44150.4813591276,10.6953591087842
"2663","52511910B62200479590982",1,6438.35295568233,6438.35295568233,8.77002803416498
"2664","52511910B62556379472396",1,6488.89830684131,6488.89830684131,8.77784804287582
"2665","52511910B62562257240113",1,118594.745794347,118594.745794347,11.6834674626618
"2666","52511910B62922031863482",1,6208.35989389985,6208.35989389985,8.73365203278255
"2667","52511910B63167976390159",1,17442.7685792505,17442.7685792505,9.76668043367395
"2668","52511910B63672424305930",1,18244.241729627,18244.241729627,9.81160478755893
"2669","52511910B63745543652662",1,49607.2300449898,49607.2300449898,10.8118918691261
"2670","52511910B6389603869041",1,513985.58397891,513985.58397891,13.1499504973103
"2671","52511910B648094459248",2,49488.0265064236,98976.0530128472,11.5026332110978
"2672","52511910B65003852157868",2,12140.7361478244,24281.4722956488,10.0974688815413
"2673","52511910B65196754917234",1,59540.783366501,59540.783366501,10.9944167914617
"2674","52511910B65674101735888",2,25296.3654663337,50592.7309326674,10.8315631874987
"2675","52511910B65736953470193",2,13865.6371797176,27731.2743594352,10.2303160935378
"2676","52511910B66300742055958",2,9210.43220734249,18420.864414685,9.82123923675843
"2677","52511910B66393591343605",2,23515.6376033548,47031.2752067096,10.7585680893219
"2678","52511910B66525116512935",1,27055.944370473,27055.944370473,10.2056620150479
"2679","52511910B66692058551395",2,73341.9306332522,146683.861266504,11.8960349462627
"2680","52511910B67044835484249",1,30058.2838005534,30058.2838005534,10.3108935692138
"2681","52511910B67072521171420",2,3870.0046443312,7740.0092886624,8.95415816666863
"2682","52511910B67244265985329",2,41771.4345656344,83542.8691312688,11.3331151818625
"2683","52511910B67503722299641",1,123209.895623794,123209.895623794,11.7216446484777
"2684","52511910B67569609565838",1,84809.0969157237,84809.0969157237,11.348158090976
"2685","52511910B67622492960002",2,23368.6863826789,46737.3727653578,10.7522993969571
"2686","52511910B68145786967648",2,74294.0568780466,148588.113756093,11.9089334198842
"2687","52511910B68305869820707",2,37848.6096933597,75697.2193867194,11.2344967067393
"2688","52511910B68505135665197",1,422044.573838171,422044.573838171,12.9528662126491
"2689","52511910B68559401871490",1,145551.914263472,145551.914263472,11.8882881010177
"2690","52511910B68600157990452",1,11998.3657687042,11998.3657687042,9.39252573355467
"2691","52511910B68602378722707",1,85263.7734692737,85263.7734692737,11.3535049477174
"2692","52511910B69050472249631",2,16118.4257022769,32236.8514045538,10.3808655307023
"2693","52511910B69477070610060",2,4044.91188714345,8089.8237742869,8.99836222666162
"2694","52511910B70153095650041",1,3496.15947724135,3496.15947724135,8.15942035279488
"2695","52511910B70290379794397",1,65322.7908093666,65322.7908093666,11.087096271361
"2696","52511910B70456030054544",2,1368.50744833692,2737.01489667384,7.91462315172731
"2697","52511910B70473175587181",2,4156.73013206686,8313.46026413372,9.02563119878942
"2698","52511910B70638918104863",1,31696.6686737451,31696.6686737451,10.3639668651868
"2699","52511910B71032150875325",1,12321.8823630213,12321.8823630213,9.4191320146227
"2700","52511910B71538284073489",2,3654.2735295773,7308.5470591546,8.89679977227073
"2701","52511910B71690687423925",2,16241.8651823263,32483.7303646526,10.3884946388092
"2702","52511910B72557613719767",1,296254.944690575,296254.944690575,12.5989756622308
"2703","52511910B73336698759549",1,32827.3756272703,32827.3756272703,10.3990180690509
"2704","52511910B75183314272458",1,42460.704350578,42460.704350578,10.6563343236872
"2705","52511910B75402986028359",1,83765.5368341075,83765.5368341075,11.3357769469187
"2706","52511910B76288634877329",1,48895.5859934822,48895.5859934822,10.7974424054068
"2707","52511910B76622709081814",2,1922.47271400593,3844.94542801186,8.25451468886421
"2708","52511910B76643025216805",1,221206.667881826,221206.667881826,12.3068526923072
"2709","52511910B76864499188928",1,4304.28495576008,4304.28495576008,8.36736630684335
"2710","52511910B77222989775801",1,5691.66566974935,5691.66566974935,8.64675822061702
"2711","52511910B77517078586613",1,94894.3871255645,94894.3871255645,11.460519837702
"2712","52511910B77588417233313",1,31574.9708737551,31574.9708737551,10.3601200247719
"2713","52511910B7774942695724",1,21640.6287837716,21640.6287837716,9.98232778908965
"2714","52511910B78140930961679",2,2563.66397310469,5127.32794620938,8.54233993428055
"2715","52511910B78362812420952",1,192789.238908567,192789.238908567,12.1693528448113
"2716","52511910B78382154896940",2,1611.51625644779,3223.03251289558,8.07807796953855
"2717","52511910B7838707993704",1,22193.8691158601,22193.8691158601,10.0075713637673
"2718","52511910B78624558885304",2,60092.4676319003,120184.935263801,11.6967869626447
"2719","52511910B79023193352255",1,33431.4881080315,33431.4881080315,10.4172534925733
"2720","52511910B79239618011253",1,206892.141301855,206892.141301855,12.2399528799376
"2721","52511910B79351211043156",1,89801.5374302971,89801.5374302971,11.4053573747484
"2722","52511910B79904820365756",1,35462.018550841,35462.018550841,10.4762175027357
"2723","52511910B79940153361499",1,15995.5533182385,15995.5533182385,9.68006604498557
"2724","52511910B80020209032330",1,45492.2519450488,45492.2519450488,10.7252973035166
"2725","52511910B80553421723016",1,91770.2553707876,91770.2553707876,11.4270435085354
"2726","52511910B80611967822771",1,31396.5429090825,31396.5429090825,10.3544530673982
"2727","52511910B80613047181881",2,14115.5652135024,28231.1304270048,10.2481805639104
"2728","52511910B80624224978544",1,13786.7597807284,13786.7597807284,9.5314639744127
"2729","52511910B81270804246754",1,32193.638308612,32193.638308612,10.3795241439578
"2730","52511910B81672195550340",1,105106.863254056,105106.863254056,11.5627328568648
"2731","52511910B81807770672257",1,470722.385117686,470722.385117686,13.0620237833387
"2732","52511910B81868017791126",2,12883.8710623968,25767.7421247936,10.1568786833854
"2733","52511910B82181877276071",2,20873.813599708,41747.627199416,10.639397895117
"2734","52511910B82353065981408",2,8773.5301935683,17547.0603871366,9.77264171555598
"2735","52511910B82588790657213",1,10882.0906262451,10882.0906262451,9.29487365509841
"2736","52511910B82760897224923",1,28576.220638275,28576.220638275,10.2603302047507
"2737","52511910B83187520966287",2,77907.3146738082,155814.629347616,11.9564223062623
"2738","52511910B83254623159264",1,83648.8937208167,83648.8937208167,11.3343834812327
"2739","52511910B83654747413473",1,72078.5835470205,72078.5835470205,11.1855122409657
"2740","52511910B8366046265197",2,1219.03904450566,2438.07808901132,7.79896533947549
"2741","52511910B83755823779571",2,27304.7899824873,54609.5799649746,10.9079646035761
"2742","52511910B84130893113897",1,184786.770629963,184786.770629963,12.126957848127
"2743","52511910B84254778922177",2,2879.96719958145,5759.9343991629,8.65868136459086
"2744","52511910B8433520860340",1,14226.6597657291,14226.6597657291,9.56287293167687
"2745","52511910B8555120582575",1,78454.5593896389,78454.5593896389,11.2702748748871
"2746","52511910B85663060935330",2,41942.3308108151,83884.6616216302,11.3371980583599
"2747","52511910B85672644454395",1,206181.674817235,206181.674817235,12.2365129757003
"2748","52511910B8569683364670",1,134037.501776785,134037.501776785,11.8058749037843
"2749","52511910B85706759339541",1,34183.5957101001,34183.5957101001,10.4395011503788
"2750","52511910B86399036189677",2,20472.7949271488,40945.5898542976,10.6199993876159
"2751","52511910B8640641883305",2,12096.2619278567,24192.5238557134,10.0937989328335
"2752","52511910B86463604693023",2,23210.1818899082,46420.3637798164,10.7454935165021
"2753","52511910B86635109020715",1,9108.65775187221,9108.65775187221,9.11698064151421
"2754","52511910B86664130512952",1,3877.01178392743,3877.01178392743,8.2628199771111
"2755","52511910B86675185737242",1,147640.005750211,147640.005750211,11.9025321960914
"2756","52511910B86901151057582",2,34579.8738836239,69159.7477672478,11.1441742927005
"2757","52511910B8694284014765",1,21765.1096810642,21765.1096810642,9.98806349330585
"2758","52511910B87526029786391",1,13106.1724941918,13106.1724941918,9.48083858098023
"2759","52511910B87738681480797",2,2299.20972987232,4598.41945974464,8.43346792772697
"2760","52511910B88737921309662",1,269403.570841161,269403.570841161,12.5039657976633
"2761","52511910B89393531563013",1,124389.134956562,124389.134956562,11.7311701158954
"2762","52511910B89557374460695",2,2424.07492544697,4848.14985089394,8.48635243710931
"2763","52511910B90052363141845",2,8622.18859024356,17244.3771804871,9.75524140877135
"2764","52511910B9027234137610",2,20399.8963550496,40799.7927100992,10.6164322797445
"2765","52511910B9049907467318",1,2673.62558000392,2673.62558000392,7.891190725421
"2766","52511910B90712224530022",2,77060.7677667832,154121.535533566,11.9454967619241
"2767","52511910B90795941917739",1,7930.96836261196,7930.96836261196,8.97853042099605
"2768","52511910B90991611037176",1,3154.86035272472,3154.86035272472,8.05669951178485
"2769","52511910B91175598455743",2,16285.9695485778,32571.9390971556,10.3912064327939
"2770","52511910B91354507826004",1,186934.028511176,186934.028511176,12.1385110448819
"2771","52511910B92065650444302",1,76632.450506622,76632.450506622,11.246775901877
"2772","52511910B92188863099631",1,66291.8985094855,66291.8985094855,11.1018229742805
"2773","52511910B92709587856848",2,42512.1997905322,85024.3995810644,11.3506935481752
"2774","52511910B92990516943265",1,68404.0230722031,68404.0230722031,11.1331869187261
"2775","52511910B93540688501820",2,42426.0591539925,84852.118307985,11.3486652356776
"2776","52511910B93844416805291",2,33630.9385663755,67261.877132751,11.1163488935095
"2777","52511910B93975188491166",2,7981.97932366706,15963.9586473341,9.67808887579532
"2778","52511910B94067910328765",1,29182.1552337421,29182.1552337421,10.281312679313
"2779","52511910B94409074074623",1,11321.8370956508,11321.8370956508,9.33448862619163
"2780","52511910B94458762678017",1,37017.28317576,37017.28317576,10.5191401954215
"2781","52511910B94488542881377",1,39639.8530709806,39639.8530709806,10.5875902818523
"2782","52511910B94627775761425",2,33840.1942286518,67680.3884573036,11.122551733881
"2783","52511910B94675128167590",1,218043.538661473,218043.538661473,12.2924500404607
"2784","52511910B95098417504855",2,24951.3977420712,49902.7954841424,10.8178323018968
"2785","52511910B95362195406961",1,122376.262637728,122376.262637728,11.7148556975547
"2786","52511910B95398494564210",1,21436.4096573308,21436.4096573308,9.97284614114919
"2787","52511910B954183777842",1,150589.991927389,150589.991927389,11.9223161374743
"2788","52511910B95850947838113",2,37029.0862758462,74058.1725516924,11.2126061789227
"2789","52511910B95876228816034",2,16956.2048184571,33912.4096369142,10.4315362923684
"2790","52511910B95956240331763",1,76740.189205426,76740.189205426,11.2481808293364
"2791","52511910B96063333949316",1,26486.7025735971,26486.7025735971,10.1843980963602
"2792","52511910B96194264601254",1,320505.82892074,320505.82892074,12.6776557421377
"2793","52511910B96314718972571",1,8756.89102754633,8756.89102754633,9.07759621540532
"2794","52511910B9639721186799",2,18317.0463398195,36634.092679639,10.5087345797974
"2795","52511910B96811995525646",1,6423.29560767426,6423.29560767426,8.76768659950161
"2796","52511910B97040583536387",1,263395.880213286,263395.880213286,12.481413427369
"2797","52511910B97060806511909",2,15342.3626529756,30684.7253059512,10.3315202627203
"2798","52511910B97228601381981",1,90548.7074733727,90548.7074733727,11.4136431890338
"2799","52511910B97258167764484",1,162918.136674639,162918.136674639,12.0010031246397
"2800","52511910B97596648855860",2,12909.7507615702,25819.5015231404,10.1588853583715
"2801","52511910B98030585757527",1,208008.195598756,208008.195598756,12.2453327598243
"2802","52511910B98629971413037",1,163075.612303536,163075.612303536,12.001969251393
"2803","52511910B98838605252897",1,146393.899854438,146393.899854438,11.8940562119803
"2804","52511910B98966812491458",2,10694.9436728352,21389.8873456704,9.97067353538051
"2805","52511910B99182661436347",2,11589.5826599671,23179.1653199342,10.0510091076144
"2806","52511910B99479800826846",2,21738.749407864,43477.498815728,10.6799988146433
"2807","52511910B99923381863543",1,296071.818459782,296071.818459782,12.598357333808
"2808","57096268B12331201715811",1,138567.904644661,138567.904644661,11.8391157707015
"2809","57096268B18861401200296",1,194616.943863861,194616.943863861,12.1787885151588
"2810","57096268B36101678820445",1,174729.602929821,174729.602929821,12.0709949318519
"2811","57096268B37402539332126",1,464034.025496298,464034.025496298,13.0477131593308
"2812","57096268B37864859171197",1,341719.683182331,341719.683182331,12.7417460401386
"2813","57096268B49795400417952",1,127035.987981859,127035.987981859,11.7522256952349
"2814","57096268B54986286323173",1,471013.797436783,471013.797436783,13.0626426664905
"2815","57096268B62997609407208",1,388826.119402797,388826.119402797,12.8708875288459
"2816","57096268B67842804061774",1,507240.295349021,507240.295349021,13.1367401256155
"2817","57096268B68264839364801",1,518381.320450809,518381.320450809,13.15846639029
"2818","57096268B78477673147329",1,159171.006875851,159171.006875851,11.977734418193
"2819","57096268B82804707709843",1,1895795.33453336,1895795.33453336,14.4551490100493
"2820","57096268B94613960435878",1,246419.154387,246419.154387,12.4147892445804
"2821","57096268B98520683120180",1,105567.853087597,105567.853087597,11.5671091823897
"2822","57096268B99356291190440",1,198812.569941558,198812.569941558,12.200117800288
"2823","65221844B12885462064369",1,8.52271186637878,8.52271186637878,2.14273458437229
"2824","65221844B37057547030311",1,42171.4576881479,42171.4576881479,10.64949891309
"2825","65221844B83452679821580",1,264.452026963234,264.452026963234,5.57765986230861
"2826","75667366B15427453282982",2,28381.7392624381,56763.4785248762,10.9466484141896
"2827","75667366B22214291284161",1,56735.8728495249,56735.8728495249,10.9461619677815
"2828","75667366B23583938902461",1,117393.569580265,117393.569580265,11.6732874112837
"2829","75667366B25669507068177",1,238947.089652787,238947.089652787,12.3839974241991
"2830","75667366B26080416722316",1,32316.9953418178,32316.9953418178,10.3833485424043
"2831","75667366B28750002223070",1,50975.5352984127,50975.5352984127,10.8391010965825
"2832","75667366B3047073403407",1,112556.809678773,112556.809678773,11.6312133480921
"2833","75667366B30873187181490",1,375173.766272644,375173.766272644,12.8351445743538
"2834","75667366B31859189272131",1,34962.5432858153,34962.5432858153,10.4620325755735
"2835","75667366B32750380578448",2,31324.2942423735,62648.588484747,11.0452964298988
"2836","75667366B33792308655913",2,50593.3596869562,101186.719373912,11.5247227957408
"2837","75667366B34198341478564",1,37599.1800963297,37599.1800963297,10.5347375231916
"2838","75667366B37604451742967",1,22331.1178579149,22331.1178579149,10.0137364043924
"2839","75667366B37931569465033",1,46160.9710120652,46160.9710120652,10.7398899367507
"2840","75667366B38419187157771",1,35908.6399812266,35908.6399812266,10.4887332135212
"2841","75667366B38833271967671",1,94589.8916271102,94589.8916271102,11.4573058954946
"2842","75667366B42220855402560",2,22301.0420612813,44602.0841225626,10.7055358661218
"2843","75667366B43283590384827",1,91619.4443607111,91619.4443607111,11.4253988028154
"2844","75667366B47389896256",2,223100.945483661,446201.890967322,13.0085267989082
"2845","75667366B49038548326439",2,24971.3683132613,49942.7366265226,10.8186323606208
"2846","75667366B50607521886252",2,79182.1881684567,158364.376336913,11.9726538362065
"2847","75667366B52554296779728",1,37873.5655214085,37873.5655214085,10.5420086680722
"2848","75667366B60074867578630",1,42139.8221232562,42139.8221232562,10.648748466259
"2849","75667366B61514763609503",1,45895.7138243853,45895.7138243853,10.734127010956
"2850","75667366B62585917604041",1,41825.3029837688,41825.3029837688,10.6412567699117
"2851","75667366B63092623675998",2,35718.5138017933,71437.0276035866,11.1765716077921
"2852","75667366B6512814483561",1,204932.40277366,204932.40277366,12.230435461176
"2853","75667366B66232276081175",1,62861.1252105392,62861.1252105392,11.0486832104545
"2854","75667366B6678530358474",2,93951.6557108176,187903.311421635,12.1436828085652
"2855","75667366B67227896045808",1,125854.781286946,125854.781286946,11.7428839917921
"2856","75667366B68502135113248",1,48925.8770295263,48925.8770295263,10.7980617181031
"2857","75667366B69236858438550",1,25499.3736624129,25499.3736624129,10.1464091685865
"2858","75667366B69518596321544",1,12338.4057726283,12338.4057726283,9.42047209726804
"2859","75667366B7115870770167",1,35069.2251926826,35069.2251926826,10.4650792497246
"2860","75667366B7171439243991",1,14611.9332579632,14611.9332579632,9.58959382028656
"2861","75667366B72752314947890",1,46096.0742727354,46096.0742727354,10.7384830685851
"2862","75667366B73853566554491",1,31261.0915122002,31261.0915122002,10.3501295205828
"2863","75667366B77160460927054",2,19473.7202780366,38947.4405560732,10.5699683381276
"2864","75667366B7803341445428",2,20770.3099999316,41540.6199998632,10.6344270226886
"2865","75667366B79453709532283",1,33355.8194839086,33355.8194839086,10.4149875333895
"2866","75667366B79962068280443",1,46491.0501556583,46491.0501556583,10.74701510328
"2867","75667366B81437275330712",2,55832.1143155599,111664.22863112,11.6232516887466
"2868","75667366B81929821514595",1,41460.2467704494,41460.2467704494,10.6324903379848
"2869","75667366B85703768975715",2,50638.4051808,101276.8103616,11.5256127436119
"2870","75667366B91712962926649",1,510527.818974795,510527.818974795,13.1432004086865
"2871","75667366B92264993742233",2,40161.9720697284,80323.9441394568,11.2938230390419
"2872","75667366B92334467605945",2,76934.3868820803,153868.773764161,11.943855399722
"2873","75667366B93220946498673",1,78629.2311335297,78629.2311335297,11.2724988066538
"2874","75667366B94668251008376",1,74792.1517569055,74792.1517569055,11.2224682354217
"2875","75667366B9514275444181",2,100576.62214519,201153.24429038,12.2118223059597
"2876","75667366B96475957480743",1,40194.0197279346,40194.0197279346,10.6014735005541
"2877","75667366B99249006055932",1,32108.8241196604,32108.8241196604,10.376886166035
"2878","76128533B22471914548132",1,4309608.46784806,4309608.46784806,15.2763576152268
"2879","76128533B22687502928564",1,1138174.0069447,1138174.0069447,13.9449357879063
"2880","76128533B29292403538801",1,1604713.69446637,1604713.69446637,14.288455915124
"2881","76128533B45592431373253",1,3867177.47934596,3867177.47934596,15.1680354654106
"2882","76128533B80772392204057",1,1229440.78783331,1229440.78783331,14.0220699799287
"2883","76128533B83644689337946",1,3390984.89446205,3390984.89446205,15.036630966501
"2884","76128533B88669134807148",1,1603438.05675132,1603438.05675132,14.2876606673419
"2885","76128533B89024397489955",1,4204103.12410491,4204103.12410491,15.2515715406745
"2886","76128533B89374164863010",1,1748898.6064951,1748898.6064951,14.3744967800476
"2887","77236927B15473640252363",1,1066.00582369465,1066.00582369465,6.97167406783906
"2888","77236927B19394632379581",1,7687.90213092742,7687.90213092742,8.9474032204608
"2889","77236927B24909731902413",1,4876.39878594915,4876.39878594915,8.49216227272639
"2890","77236927B40431360126678",1,4472.3341413939,4472.3341413939,8.40566573060221
"2891","77236927B47218530990891",1,1270.20301376973,1270.20301376973,7.14693202003944
"2892","77236927B63418931336998",1,588.803398017913,588.803398017913,6.37809233848822
"2893","77236927B67175476765241",1,935.927289446734,935.927289446734,6.84153779124514
"2894","77236927B67758893467366",1,7607.19858296592,7607.19858296592,8.93685025994984
"2895","77236927B7031422019545",1,4602.40466985093,4602.40466985093,8.43433420020417
"2896","77236927B89058038610930",1,636.272642205328,636.272642205328,6.45562715419472
"2897","77236927B97444346691075",1,367.121900452673,367.121900452673,5.9056939467257
"2898","79324940B22444960542249",1,NA,NA,NA
"2899","811477B14604882174662",1,36756.9604217005,36756.9604217005,10.5120828859372
"2900","811477B25825438233887",1,262978.274281253,262978.274281253,12.4798267004521
"2901","811477B90164277950663",1,105788.175791898,105788.175791898,11.5691940321598
"2902","81297802B10167820950608",2,69278.1112253479,138556.222450696,11.8390314605111
"2903","81297802B10763760406842",1,96506.320691543,96506.320691543,11.4773637845763
"2904","81297802B11071874803157",1,76411.2885752279,76411.2885752279,11.24388572046
"2905","81297802B12079916150099",1,34476.0746108156,34476.0746108156,10.4480208729028
"2906","81297802B12405297659236",1,214007.817740497,214007.817740497,12.2737678248344
"2907","81297802B12468750690576",1,172333.433105945,172333.433105945,12.0571864437736
"2908","81297802B12813150904873",1,86886.477275414,86886.477275414,11.3723576866638
"2909","81297802B12977108616150",1,53499.2325112762,53499.2325112762,10.8874225871976
"2910","81297802B13550924224659",1,51241.1573927374,51241.1573927374,10.8442983434359
"2911","81297802B13645799597087",2,62511.2974454841,125022.594890968,11.7362497590772
"2912","81297802B14141540631295",2,122998.360781958,245996.721563916,12.4130734878497
"2913","81297802B1435628045096",2,45715.3597891136,91430.7195782272,11.4233368013914
"2914","81297802B14659466260998",1,82095.2506179425,82095.2506179425,11.3156354450211
"2915","81297802B17102674968438",1,25028.352415762,25028.352415762,10.127764557879
"2916","81297802B17568713952999",1,37954.4348210787,37954.4348210787,10.5441416355767
"2917","81297802B17638458778811",2,107638.200816205,215276.40163241,12.2796780704358
"2918","81297802B18152468964479",1,87052.5108270541,87052.5108270541,11.3742667882847
"2919","81297802B18173194226488",1,159912.608133338,159912.608133338,11.9823827458282
"2920","81297802B18343005733844",2,150958.781486289,301917.562972578,12.6179092888044
"2921","81297802B18420716282175",2,19312.4762783442,38624.9525566884,10.5616537858935
"2922","81297802B19362557849536",2,115998.800507632,231997.601015264,12.3544823101435
"2923","81297802B19798201223775",2,127996.714181348,255993.428362696,12.452907052674
"2924","81297802B21171501026834",1,71372.9210083767,71372.9210083767,11.1756738188056
"2925","81297802B21506651579478",2,97033.6117546526,194067.223509305,12.1759598909583
"2926","81297802B21956500009646",2,116772.806769903,233545.613539806,12.3611326840789
"2927","81297802B21968879828656",1,132927.908400543,132927.908400543,11.7975622181448
"2928","81297802B21970288414729",1,260805.690225547,260805.690225547,12.4715309271461
"2929","81297802B22157258808987",2,162874.37967088,325748.75934176,12.693881686359
"2930","81297802B22385523751240",1,79017.3739960253,79017.3739960253,11.2774230312697
"2931","81297802B22471082550929",2,84434.1916938248,168868.38338765,12.0368748939629
"2932","81297802B22502411355715",2,92792.2222656876,185584.444531375,12.1312652840297
"2933","81297802B23145234920875",1,144557.039154674,144557.039154674,11.8814294432818
"2934","81297802B23156291808671",2,39919.0980037652,79838.1960075304,11.287757315634
"2935","81297802B2331859269186",1,229392.730416505,229392.730416505,12.3431907936221
"2936","81297802B23821385944469",2,186152.210716064,372304.421432128,12.8274671357831
"2937","81297802B23878626253121",2,202865.084986716,405730.169973432,12.9134436116586
"2938","81297802B24165490506756",2,87976.433500395,175952.86700079,12.0779714370233
"2939","81297802B24308322432437",2,37705.2444237109,75410.4888474218,11.2307016537035
"2940","81297802B24341511138047",2,30827.6470032513,61655.2940065026,11.0293143768684
"2941","81297802B24499966976565",1,158691.743798533,158691.743798533,11.9747188812074
"2942","81297802B24696745321038",1,30480.6691004238,30480.6691004238,10.3248479616733
"2943","81297802B25708049906691",1,58017.574604973,58017.574604973,10.9685012540607
"2944","81297802B25831565259333",1,203564.981515214,203564.981515214,12.2237405523783
"2945","81297802B26729031323268",2,90083.1073921942,180166.214784388,12.1016351192554
"2946","81297802B28152038240632",2,160444.287843175,320888.57568635,12.6788492256115
"2947","81297802B28789600266311",1,225752.72899294,225752.72899294,12.3271955597685
"2948","81297802B29202402001629",2,132186.254002189,264372.508004378,12.4851144027501
"2949","81297802B29311833142389",1,92441.066652578,92441.066652578,11.4343266031856
"2950","81297802B29420287983322",2,128103.385013013,256206.770026026,12.4537400928655
"2951","81297802B29506934186430",2,100661.971800927,201323.943601854,12.2126705494221
"2952","81297802B29926011513196",2,108291.354591155,216582.70918231,12.2857277820261
"2953","81297802B30186135932553",2,159769.576454579,319539.152909158,12.6746350896084
"2954","81297802B30321615980530",2,37978.8020714337,75957.6041428674,11.2379306233923
"2955","81297802B30905014988311",1,178384.146941402,178384.146941402,12.0916946327435
"2956","81297802B31270346353021",2,161143.304601192,322286.609202384,12.6831965193214
"2957","81297802B31371166923700",1,113474.208361821,113474.208361821,11.639330850978
"2958","81297802B31840185218616",2,118795.332543217,237590.665086434,12.3783045773421
"2959","81297802B3249391660958",2,159053.405261623,318106.810523246,12.6701424875151
"2960","81297802B33082020704537",2,100511.876686827,201023.753373654,12.2111783560473
"2961","81297802B33091662264636",1,115465.49123741,115465.49123741,11.6567269871359
"2962","81297802B33733008951227",2,223298.878805344,446597.757610688,13.0094135973516
"2963","81297802B33900605812276",2,66950.7397075489,133901.479415098,11.8048595802747
"2964","81297802B35079403712963",2,112807.478894594,225614.957789188,12.3265850986652
"2965","81297802B36566531846362",1,65169.9583457422,65169.9583457422,11.0847538801631
"2966","81297802B3696641207460",2,124234.580411147,248469.160822294,12.4230740154989
"2967","81297802B37279419107484",2,116081.911110174,232163.822220348,12.3551985317159
"2968","81297802B37600217906847",1,145603.282962592,145603.282962592,11.8886409623105
"2969","81297802B38321972927223",2,203753.862326151,407507.724652302,12.9178151676854
"2970","81297802B38356347526872",2,139033.420978993,278066.841957986,12.5356168024698
"2971","81297802B3855346019179",2,143553.051595038,287106.103190076,12.5676071239469
"2972","81297802B38910067880652",2,153941.28605944,307882.57211888,12.6374737299036
"2973","81297802B3906213091507",2,211415.771684148,422831.543368296,12.9547291360806
"2974","81297802B40676303665635",1,223059.766752181,223059.766752181,12.315195026875
"2975","81297802B40785510400399",2,77814.896368286,155629.792736572,11.9552353424278
"2976","81297802B40834484476285",1,NA,NA,NA
"2977","81297802B41242908240864",1,48697.5886057106,48697.5886057106,10.7933847925616
"2978","81297802B41330613652559",2,176124.526833513,352249.053667026,12.7720937432194
"2979","81297802B41688796411548",2,111982.699592777,223965.399185554,12.3192468509841
"2980","81297802B4221517004962",1,255641.594966621,255641.594966621,12.4515317228569
"2981","81297802B42641748496229",2,108073.861643338,216147.723286676,12.2837173570154
"2982","81297802B42689754920120",2,99961.7519709309,199923.503941862,12.2056900920752
"2983","81297802B42785936874032",1,257966.76107815,257966.76107815,12.4605860225736
"2984","81297802B4294080644708",1,179360.96569833,179360.96569833,12.0971556224258
"2985","81297802B43105107768719",2,311226.953878586,622453.907757172,13.341424860816
"2986","81297802B43584820413656",1,93182.1707650905,93182.1707650905,11.4423116815696
"2987","81297802B43959874007568",2,66329.7721471336,132659.544294267,11.7955413079332
"2988","81297802B44635779635670",1,125793.106750497,125793.106750497,11.7423938264411
"2989","81297802B4597997720172",1,54661.6468528301,54661.6468528301,10.9089175880591
"2990","81297802B46228878369339",1,119388.300288749,119388.300288749,11.6901364876081
"2991","81297802B46332855119377",2,28381.3830732656,56762.7661465312,10.9466358641692
"2992","81297802B46675680885513",1,86795.5229865243,86795.5229865243,11.371310320822
"2993","81297802B46977673973725",2,310935.16896256,621870.33792512,13.3404868900631
"2994","81297802B47177978604160",1,115961.570497253,115961.570497253,11.6610141263835
"2995","81297802B47439602304770",1,133715.263944167,133715.263944167,11.8034679221994
"2996","81297802B47590181438391",1,178699.022877581,178699.022877581,12.0934582331839
"2997","81297802B47675849617506",2,116351.16476659,232702.32953318,12.3575153601263
"2998","81297802B47692200365960",1,147237.83576892,147237.83576892,11.8998044887223
"2999","81297802B47963627673209",1,136472.631514361,136472.631514361,11.8238793717777
"3000","81297802B48396752750587",2,177193.117788636,354386.235577272,12.7781426582942
"3001","81297802B48433290328639",2,267570.098097538,535140.196195076,13.1902840405121
"3002","81297802B48632704069528",1,173163.205114309,173163.205114309,12.0619898109383
"3003","81297802B50427055609681",1,143377.432937224,143377.432937224,11.8732358233355
"3004","81297802B51483513425235",1,192047.173879132,192047.173879132,12.1654963181184
"3005","81297802B52142956360096",1,40996.6440882607,40996.6440882607,10.6212454908306
"3006","81297802B52387636717940",1,88826.9260488622,88826.9260488622,11.394445104289
"3007","81297802B5241398972305",1,330989.344581084,330989.344581084,12.7098414622431
"3008","81297802B53592665760601",2,54581.8251782633,109163.650356527,11.6006034146857
"3009","81297802B53696601888295",2,39083.7571863389,78167.5143726778,11.2666094229946
"3010","81297802B53771614429572",2,94939.3619689728,189878.723937946,12.1541408522822
"3011","81297802B5400707592531",1,113228.63639415,113228.63639415,11.637164384439
"3012","81297802B54089788823696",1,243371.793460691,243371.793460691,12.4023455672849
"3013","81297802B55071935880129",1,79411.3882651552,79411.3882651552,11.2823970659824
"3014","81297802B55237865359696",2,58655.0349325636,117310.069865127,11.6725758780594
"3015","81297802B55266176914642",2,182073.367870398,364146.735740796,12.8053121855548
"3016","81297802B55451481919262",2,74017.1171535601,148034.23430712,11.9051988388835
"3017","81297802B55456276640785",1,74663.0039629866,74663.0039629866,11.2207399868987
"3018","81297802B55629975533372",1,210247.604823648,210247.604823648,12.2560411857306
"3019","81297802B55928452292311",1,163665.129286524,163665.129286524,12.0055777247031
"3020","81297802B55955468315553",2,93875.301960618,187750.603921236,12.1428697862456
"3021","81297802B5641238333098",2,187136.463951222,374272.927902444,12.8327405640057
"3022","81297802B56696175700764",2,108623.53673412,217247.07346824,12.2887905722348
"3023","81297802B57234015442712",1,187681.73838406,187681.73838406,12.1425029263341
"3024","81297802B57271723433997",1,75477.9434691456,75477.9434691456,11.2315957530745
"3025","81297802B57556187754980",1,47705.0197568285,47705.0197568285,10.7727919073317
"3026","81297802B5756602808944",2,9605.64170546067,19211.2834109213,9.86325306305314
"3027","81297802B58266448529829",2,356008.253685733,712016.507371466,13.4758563746358
"3028","81297802B59755992581592",1,134808.81293803,134808.81293803,11.8116128532019
"3029","81297802B59998896925567",2,185605.213637949,371210.427275898,12.8245243702214
"3030","81297802B60314868788909",1,106860.664457328,106860.664457328,11.5792810635097
"3031","81297802B60514422076531",1,51998.0795105102,51998.0795105102,10.8589620643914
"3032","81297802B60728672974675",2,231515.645192286,463031.290384572,13.045549912609
"3033","81297802B61782089337393",2,214154.288222002,428308.576444004,12.9675991877878
"3034","81297802B6190272756602",1,297817.851959248,297817.851959248,12.6042373435712
"3035","81297802B61927033163821",1,65407.4043625501,65407.4043625501,11.0883907475895
"3036","81297802B62167717430855",2,54867.6055074874,109735.211014975,11.6058255702856
"3037","81297802B62704406726497",2,157224.260186856,314448.520373712,12.6585756545184
"3038","81297802B62924474209473",2,149555.994029876,299111.988059752,12.6085733242553
"3039","81297802B63234506717185",2,255174.099384748,510348.198769496,13.142848514423
"3040","81297802B63375818356773",1,202775.085661258,202775.085661258,12.2198526913833
"3041","81297802B63499365755438",2,86224.0541940368,172448.108388074,12.0578516492592
"3042","81297802B63925273406451",1,178622.572163637,178622.572163637,12.0930303233337
"3043","81297802B63935781650096",2,426087.426387982,852174.852775964,13.6555470110183
"3044","81297802B64104222015073",2,80238.9780381032,160477.956076206,11.9859118667999
"3045","81297802B64128830492510",2,143382.209722792,286764.419445584,12.5664163195009
"3046","81297802B64676269296055",1,244622.371175156,244622.371175156,12.4074709582948
"3047","81297802B64936965881183",1,291140.476856983,291140.476856983,12.5815611680131
"3048","81297802B65234108276491",2,168395.023920781,336790.047841562,12.7272150117497
"3049","81297802B65483274658502",2,144578.090830914,289156.181661828,12.5747222420949
"3050","81297802B65575052729344",1,59993.8797781741,59993.8797781741,11.0019978323044
"3051","81297802B65581648571900",1,99689.9872099974,99689.9872099974,11.509820521719
"3052","81297802B65658789050233",2,132714.607730254,265429.215460508,12.4891034756828
"3053","81297802B66022953489908",2,225206.070792344,450412.141584688,13.0179183127815
"3054","81297802B66276855595229",2,43440.7565086944,86881.5130173888,11.3723005500413
"3055","81297802B67206181597957",1,99382.8014730775,99382.8014730775,11.5067343542647
"3056","81297802B67689154766571",2,122155.621252928,244311.242505856,12.4061982754496
"3057","81297802B6788314119837",2,67554.0180364808,135108.036072962,11.8138300045846
"3058","81297802B6810559606516",1,25731.2971653433,25731.2971653433,10.1554633185151
"3059","81297802B68109668722051",1,99431.0770524219,99431.0770524219,11.5072199901836
"3060","81297802B68203584934419",1,95630.1144283748,95630.1144283748,11.4682430539169
"3061","81297802B68427461655945",2,249618.588202481,499237.176404962,13.1208365652295
"3062","81297802B69083052749589",2,161849.7600741,323699.5201482,12.6875709575166
"3063","81297802B69562638547328",2,103717.264588807,207434.529177614,12.2425710468297
"3064","81297802B6982011035243",1,95789.6660482702,95789.6660482702,11.4699100880807
"3065","81297802B69837826881440",2,192256.070053674,384512.140107348,12.8597306411806
"3066","81297802B70010606578992",2,148896.16847963,297792.33695926,12.6041516667292
"3067","81297802B70315889029707",2,296755.811016017,593511.622032034,13.293812075034
"3068","81297802B70743667519193",1,135264.27545205,135264.27545205,11.8149857397677
"3069","81297802B71504358310710",2,183159.448425811,366318.896851622,12.8112595358928
"3070","81297802B71869801036686",2,86697.5969750307,173395.193950061,12.0633286263935
"3071","81297802B72352297629850",2,86274.5566814984,172549.113362997,12.0584371900777
"3072","81297802B72919536287172",2,29034.6355358371,58069.2710716742,10.9693919057072
"3073","81297802B73795447547430",2,66382.597750725,132765.19550145,11.7963373996076
"3074","81297802B74193371644879",1,114834.564611499,114834.564611499,11.6512478030165
"3075","81297802B74371944720443",2,189093.654054783,378187.308109566,12.8431448759696
"3076","81297802B74485828948407",2,139567.683594755,279135.36718951,12.5394521301975
"3077","81297802B75512670100174",2,147722.83382854,295445.66765708,12.5962402331262
"3078","81297802B76384767601248",2,3657.20931398207,7314.41862796414,8.89760283359915
"3079","81297802B77309747732529",2,157450.162560338,314900.325120676,12.6600114395455
"3080","81297802B77321226192187",1,173836.970514436,173836.970514436,12.0658731879172
"3081","81297802B7752291855220",2,46432.0076080465,92864.015216093,11.4388915000974
"3082","81297802B77828019918781",1,126324.325667826,126324.325667826,11.7466078920721
"3083","81297802B77847273364040",2,151166.480274469,302332.960548938,12.6192842074039
"3084","81297802B78295235973409",2,245821.956376524,491643.912753048,13.1055099788707
"3085","81297802B78420794750623",1,59291.5073917583,59291.5073917583,10.9902213604254
"3086","81297802B7902592700170",1,121046.786476379,121046.786476379,11.7039324149372
"3087","81297802B79469395018575",2,135979.145436097,271958.290872194,12.5134039911384
"3088","81297802B79786453625721",1,114618.118446821,114618.118446821,11.6493611723962
"3089","81297802B80628180194499",1,84601.8878278466,84601.8878278466,11.3457118600953
"3090","81297802B80649611591308",1,128813.308711658,128813.308711658,11.766119415821
"3091","81297802B81208073820584",2,197189.194995081,394378.389990162,12.8850661080953
"3092","81297802B81471151736005",2,86316.0472919725,172632.094583945,12.0589179881086
"3093","81297802B82332241258399",1,195301.715442389,195301.715442389,12.1823009004534
"3094","81297802B82512093072214",1,119728.169391063,119728.169391063,11.6929791971182
"3095","81297802B82663613485319",1,217462.336223952,217462.336223952,12.2897809477293
"3096","81297802B83094530275497",2,119157.795381175,238315.59076235,12.3813510858831
"3097","81297802B83594447255",1,110297.060595255,110297.060595255,11.6109325557048
"3098","81297802B84418908504415",1,83838.8392039829,83838.8392039829,11.3366516540867
"3099","81297802B84784766195181",2,49426.4882696463,98852.9765392926,11.5013889398226
"3100","81297802B85054848055124",1,190185.329178569,190185.329178569,12.1557542924622
"3101","81297802B85161602276488",1,109268.998834859,109268.998834859,11.6015680002171
"3102","81297802B85279913761146",2,122450.691601302,244901.383202604,12.4086108909545
"3103","81297802B85424672096974",1,132802.334425869,132802.334425869,11.796617094378
"3104","81297802B85505749224324",1,78355.3283641692,78355.3283641692,11.2690092526724
"3105","81297802B85581314164043",2,130463.267019261,260926.534038522,12.4719941679026
"3106","81297802B85606551737880",2,91750.4073494725,183500.814698945,12.1199743862432
"3107","81297802B85934029741785",2,34048.895411278,68097.790822556,11.128700051414
"3108","81297802B85996690558528",2,140361.401621498,280722.803242996,12.5451229961113
"3109","81297802B86040607446214",2,52072.3316077974,104144.663215595,11.5535362040473
"3110","81297802B86407395704878",2,297067.372884092,594134.745768184,13.294861417347
"3111","81297802B86878375688696",1,246961.52915308,246961.52915308,12.4169878510628
"3112","81297802B88984924666070",2,88786.3854324305,177572.770864861,12.0871357805836
"3113","81297802B89235073975729",2,54371.4732642502,108742.9465285,11.5967420873394
"3114","81297802B8967556658808",1,53680.2703145023,53680.2703145023,10.890800807298
"3115","81297802B90284781247335",2,87949.6386323215,175899.277264643,12.0776668219318
"3116","81297802B90742047749751",2,437420.857247909,874841.714495818,13.6817982512567
"3117","81297802B91620400281223",1,213124.600753963,213124.600753963,12.269632253723
"3118","81297802B91668671895601",2,200932.886912113,401865.773824226,12.9038734158859
"3119","81297802B91982413663988",1,169873.155425932,169873.155425932,12.0428072929747
"3120","81297802B92253150972948",1,99935.3299540045,99935.3299540045,11.5122785553093
"3121","81297802B92281690814663",2,253265.967576268,506531.935152536,13.1353426513299
"3122","81297802B92770026846870",1,90696.2455951196,90696.2455951196,11.4152712415874
"3123","81297802B92827581567655",2,100542.758222536,201085.516445072,12.2114855515115
"3124","81297802B9308814425220",1,116863.35450635,116863.35450635,11.6687606210392
"3125","81297802B93284854578765",2,162599.385492584,325198.770985168,12.6921918773903
"3126","81297802B93646092032264",1,83027.9593994127,83027.9593994127,11.326932690288
"3127","81297802B93912769577432",2,215938.462406877,431876.924813754,12.9758959303711
"3128","81297802B93916372624290",1,130626.69832718,130626.69832718,11.7800989031645
"3129","81297802B94506734482800",2,185988.874952153,371977.749904306,12.8265893193813
"3130","81297802B94679881937971",2,81014.5837769863,162029.167553973,11.9955316446375
"3131","81297802B9474885125507",1,165878.250598548,165878.250598548,12.019009368118
"3132","81297802B94958861355476",2,263281.852758726,526563.705517452,13.1741276013703
"3133","81297802B95308085705563",1,194928.727963428,194928.727963428,12.1803892731119
"3134","81297802B95607767906649",2,50320.8616202312,100641.723240462,11.5193221946063
"3135","81297802B95629282135268",2,227645.846454074,455291.692908148,13.0286935758416
"3136","81297802B95846226867008",1,58807.6265620448,58807.6265620448,10.9820268289121
"3137","81297802B96051805348654",1,228590.40966501,228590.40966501,12.3396870769913
"3138","81297802B97142358911210",1,201583.500755976,201583.500755976,12.2139589703419
"3139","81297802B97239523369157",1,94372.605819593,94372.605819593,11.4550061174305
"3140","81297802B97652803071493",1,219683.173596583,219683.173596583,12.2999416673495
"3141","81297802B98282177960136",2,156246.580400883,312493.160801766,12.6523378624848
"3142","81297802B98540731986743",1,67574.7480121593,67574.7480121593,11.1209896421278
"3143","81297802B99190294686821",2,295865.468712928,591730.937425856,13.2908073129593
"3144","81297802B99638089462809",2,128386.356693506,256772.713387012,12.4559465888712
"3145","81297802B99684516055458",1,144712.582112009,144712.582112009,11.8825048619286
"3146","81297802B99776560080545",1,82466.2821725139,82466.2821725139,11.3201447878426
"3147","81297802B9978574523269",1,356675.711197445,356675.711197445,12.784582275946
"3148","81297802B99897160628736",1,224505.448746833,224505.448746833,12.3216552564571
"3149","81905179B10053567804267",1,NA,NA,NA
"3150","81905179B10873583367862",1,0,0,0
"3151","81905179B1106200869758",1,7.31834197491407,7.31834197491407,1.99038379615755
"3152","81905179B11075638716817",1,14.8023762226105,14.8023762226105,2.69478772346419
"3153","81905179B11216366066462",1,13.7378635302633,13.7378635302633,2.62015578200114
"3154","81905179B12873332240665",1,26.3375331347883,26.3375331347883,3.27099503721355
"3155","81905179B13988178862867",1,118.348316026151,118.348316026151,4.77363210709789
"3156","81905179B15793502543785",1,46.2517008387595,46.2517008387595,3.83409823817435
"3157","81905179B16358514797122",1,NA,NA,NA
"3158","81905179B16593070408987",1,NA,NA,NA
"3159","81905179B18672892914333",1,177.463513249934,177.463513249934,5.17876502862999
"3160","81905179B21109401244182",1,34.188360323105,34.188360323105,3.53188524470959
"3161","81905179B24146808409811",1,77.8862127751857,77.8862127751857,4.35524895101492
"3162","81905179B25065420091435",1,214.260007104665,214.260007104665,5.36719026399349
"3163","81905179B2949458195189",1,91.602121081829,91.602121081829,4.51745442732715
"3164","81905179B30151450559542",1,174.584490232378,174.584490232378,5.16240880917565
"3165","81905179B33808746946065",1,117.403907018587,117.403907018587,4.76562018638528
"3166","81905179B3509636164924",1,14.900864834141,14.900864834141,2.70141925382681
"3167","81905179B35739525053108",1,38.483223186262,38.483223186262,3.65022238492636
"3168","81905179B35974165109386",1,60.1910627809167,60.1910627809167,4.09752388250492
"3169","81905179B3672705563325",1,NA,NA,NA
"3170","81905179B37615107776552",1,81.8259070337415,81.8259070337415,4.40459390537
"3171","81905179B38855830052729",1,0,0,0
"3172","81905179B39054061568345",1,1157.65220442711,1157.65220442711,7.05414927142129
"3173","81905179B39182150955379",1,26.462198671788,26.462198671788,3.27571724940656
"3174","81905179B39687877092944",1,66.418239062652,66.418239062652,4.19597170344195
"3175","81905179B39968712547281",1,433.230507278562,433.230507278562,6.07126993572795
"3176","81905179B4066449576994",1,43.1449119344354,43.1449119344354,3.76456449480476
"3177","81905179B41520221517607",1,108.075089077465,108.075089077465,4.68282625477232
"3178","81905179B42625934985566",1,360.151422193333,360.151422193333,5.88652456021924
"3179","81905179B43294852199533",1,24.1383454979509,24.1383454979509,3.18380167553891
"3180","81905179B43507284949030",1,2995.36674652416,2995.36674652416,8.0048219559824
"3181","81905179B4441268560543",1,0,0,0
"3182","81905179B49247527018285",1,NA,NA,NA
"3183","81905179B51358963868347",1,376.927814660981,376.927814660981,5.93205369606691
"3184","81905179B51546394317477",1,0,0,0
"3185","81905179B52447266125366",1,58.4342094121128,58.4342094121128,4.06790149593812
"3186","81905179B53206837764533",1,0,0,0
"3187","81905179B53694522517045",1,14.820980617404,14.820980617404,2.69604378619469
"3188","81905179B53990233662504",1,13.1525971531868,13.1525971531868,2.57661924126628
"3189","81905179B54071498694988",1,134.307566818446,134.307566818446,4.90013244459611
"3190","81905179B56582984107965",1,27.6989263127744,27.6989263127744,3.32139365117037
"3191","81905179B58840706611886",1,NA,NA,NA
"3192","81905179B58942175915190",1,61.1936498346366,61.1936498346366,4.1140434232628
"3193","81905179B59799521808446",1,20.5543786132932,20.5543786132932,3.02307398945228
"3194","81905179B59978558639999",1,0,0,0
"3195","81905179B6044255110216",1,1663.77731655538,1663.77731655538,7.41684578824043
"3196","81905179B61182383580434",1,24.6740832716227,24.6740832716227,3.20575343251683
"3197","81905179B62716900655722",1,83.2978729215935,83.2978729215935,4.42242301369183
"3198","81905179B65158388744507",1,13.1651400413513,13.1651400413513,2.5775724302902
"3199","81905179B66234991007705",1,4.84911723063886,4.84911723063886,1.57879667408151
"3200","81905179B66298370942195",1,1937.86828127749,1937.86828127749,7.56934382382381
"3201","81905179B67536129813351",1,NA,NA,NA
"3202","81905179B69060738119315",1,283.802688925639,283.802688925639,5.64827923940142
"3203","81905179B69517244030983",1,1264.85187328526,1264.85187328526,7.14271029808814
"3204","81905179B7485238607741",1,234.226375364125,234.226375364125,5.45628806379835
"3205","81905179B7495119160888",1,37.0427864849865,37.0427864849865,3.61207363602472
"3206","81905179B75346360802885",1,71.5978052953593,71.5978052953593,4.27106442119736
"3207","81905179B7875466527963",1,1982.91740732977,1982.91740732977,7.59232447728919
"3208","81905179B7917113976902",1,20.5502093434334,20.5502093434334,3.02287112791875
"3209","81905179B80003657919374",1,739.404082950741,739.404082950741,6.60584456846557
"3210","81905179B80173793972451",1,108.087751464427,108.087751464427,4.68294341077328
"3211","81905179B83677896294556",1,374.75241466656,374.75241466656,5.92626558036838
"3212","81905179B86075584623295",1,NA,NA,NA
"3213","81905179B87089550714781",1,3.32806540764868,3.32806540764868,1.20239117650642
"3214","81905179B87979542082634",1,NA,NA,NA
"3215","81905179B88239301587184",1,19.0198028485253,19.0198028485253,2.94548069158115
"3216","81905179B88331309358666",1,108.114939304225,108.114939304225,4.68319491402557
"3217","81905179B89717668575285",1,1102.90211296725,1102.90211296725,7.00570026913876
"3218","81905179B90317674654188",1,261.936504485071,261.936504485071,5.56810212509614
"3219","81905179B91574201730062",1,62.2743956864178,62.2743956864178,4.13155035714962
"3220","81905179B92886188714488",1,0.00998947048187256,0.00998947048187256,-4.60622369254404
"3221","81905179B96125611766208",1,165.581562433802,165.581562433802,5.1094638977925
"3222","82179303B10108678790042",1,65987.1296990631,65987.1296990631,11.0972149974331
"3223","82179303B1056018992840",1,166818.868861549,166818.868861549,12.0246638851801
"3224","82179303B10804861284408",1,48715.432732981,48715.432732981,10.7937511527715
"3225","82179303B11091889229707",1,97843.5520098201,97843.5520098201,11.4911250739725
"3226","82179303B11143169061479",1,338423.476018831,338423.476018831,12.7320532778861
"3227","82179303B11827018498152",1,111598.019934634,111598.019934634,11.6226585862507
"3228","82179303B13009461499859",1,299822.577786043,299822.577786043,12.6109461713082
"3229","82179303B13626815484241",1,218260.568248544,218260.568248544,12.2934448952032
"3230","82179303B17598108149664",1,111455.227190251,111455.227190251,11.6213782393764
"3231","82179303B18261928237919",1,160662.885377176,160662.885377176,11.9870635690908
"3232","82179303B18505219089610",1,142032.24528898,142032.24528898,11.8638093903046
"3233","82179303B20654085451729",1,207927.20172943,207927.20172943,12.2449433057366
"3234","82179303B20796163774072",1,101204.102308509,101204.102308509,11.5248945716593
"3235","82179303B22390657322605",1,122396.637924225,122396.637924225,11.7150221807438
"3236","82179303B23985566152661",1,141584.165643085,141584.165643085,11.8606496294344
"3237","82179303B24749722055654",1,32445.0020222995,32445.0020222995,10.3873016893853
"3238","82179303B26132853361668",1,287727.363618036,287727.363618036,12.5697686566541
"3239","82179303B26506354510144",1,77093.8315696994,77093.8315696994,11.2527785507697
"3240","82179303B2846476233094",1,137739.209575083,137739.209575083,11.8331173905537
"3241","82179303B3017694876336",1,69865.2557782405,69865.2557782405,11.1543237485433
"3242","82179303B30475034164158",1,104352.426307697,104352.426307697,11.5555291638661
"3243","82179303B30689671895320",1,44926.4154900822,44926.4154900822,10.7127812190036
"3244","82179303B31233151456599",1,112989.68627937,112989.68627937,11.635051821665
"3245","82179303B35312856855320",1,101206.76690906,101206.76690906,11.5249209002903
"3246","82179303B35443402904983",1,174137.39589812,174137.39589812,12.0675998982
"3247","82179303B35883429877711",1,171867.29994815,171867.29994815,12.0544779460977
"3248","82179303B38365888495896",1,158640.868276463,158640.868276463,11.9743982364292
"3249","82179303B39263220364420",1,96578.0434105636,96578.0434105636,11.4781067004789
"3250","82179303B40793124111890",1,92643.7760302339,92643.7760302339,11.4365170522334
"3251","82179303B41089875582012",1,73498.705481113,73498.705481113,11.205023072544
"3252","82179303B41250986640334",1,90601.9517356624,90601.9517356624,11.4142310341353
"3253","82179303B42180748236160",1,77991.988836853,77991.988836853,11.2643613931771
"3254","82179303B45279105584010",1,176112.095100648,176112.095100648,12.078875975264
"3255","82179303B45638248322590",1,301480.324997203,301480.324997203,12.6164600359627
"3256","82179303B47267328602468",1,84379.4568240367,84379.4568240367,11.343079248398
"3257","82179303B48656719864416",1,39865.6389792391,39865.6389792391,10.5932700533856
"3258","82179303B49493469146837",1,136109.383398668,136109.383398668,11.8212141311466
"3259","82179303B50455397600006",1,207455.860028804,207455.860028804,12.2426738732714
"3260","82179303B50652768805745",1,146423.109962004,146423.109962004,11.8942557229833
"3261","82179303B51657859086197",1,91551.5806733588,91551.5806733588,11.4246578156375
"3262","82179303B51910076802628",1,34745.9302842647,34745.9302842647,10.4558177300127
"3263","82179303B51934598994225",1,173440.437095506,173440.437095506,12.0635895173842
"3264","82179303B53175016570528",1,156459.447842432,156459.447842432,11.9605521361675
"3265","82179303B532613620970",1,134212.298326401,134212.298326401,11.8071781410973
"3266","82179303B54519262383509",1,229176.125477904,229176.125477904,12.3422460938156
"3267","82179303B55497026765088",1,186879.689507562,186879.689507562,12.1382203171671
"3268","82179303B55886689837874",1,81948.9144846766,81948.9144846766,11.3138513380156
"3269","82179303B55999426557094",1,2924972.53193377,2924972.53193377,14.8887956478121
"3270","82179303B5734042978537",1,118453.835353398,118453.835353398,11.6822785885764
"3271","82179303B57975227411207",1,303713.036810913,303713.036810913,12.6238385767207
"3272","82179303B59678099693620",1,84603.4448853201,84603.4448853201,11.3457302644499
"3273","82179303B62623868631396",1,234059.792697609,234059.792697609,12.3633318860478
"3274","82179303B65927505203644",1,149599.492439793,149599.492439793,11.9157169517346
"3275","82179303B67987786077582",1,117445.366087633,117445.366087633,11.6737285349676
"3276","82179303B68159150924260",1,48053.5116388375,48053.5116388375,10.7800704947423
"3277","82179303B72462969749210",1,154642.646546785,154642.646546785,11.9488722279804
"3278","82179303B72509498170942",1,123860.102958593,123860.102958593,11.7269080057414
"3279","82179303B73199246171338",1,187308.110064191,187308.110064191,12.140510187357
"3280","82179303B75449776739739",1,205052.17700429,205052.17700429,12.2310197477075
"3281","82179303B77985943192226",1,253687.534574299,253687.534574299,12.4438586098682
"3282","82179303B79358107253704",1,119090.684587648,119090.684587648,11.6876405372353
"3283","82179303B82011588476807",1,73240.2292713427,73240.2292713427,11.2015001291951
"3284","82179303B85891331606678",1,48974.1092626331,48974.1092626331,10.7990470550544
"3285","82179303B86306184890234",1,145351.893357225,145351.893357225,11.8869129320957
"3286","82179303B86388706464223",1,295466.906725043,295466.906725043,12.5963121187787
"3287","82179303B87943019672886",1,31185.5449044324,31185.5449044324,10.3477099620938
"3288","82179303B89029266614527",1,95242.292604184,95242.292604184,11.4641793721736
"3289","82179303B90038198338897",1,77962.5700407834,77962.5700407834,11.2639841192247
"3290","82179303B91092350263646",1,74054.9473423558,74054.9473423558,11.2125626282995
"3291","82179303B91694454499505",1,248461.264494501,248461.264494501,12.423042235083
"3292","82179303B92685512874627",1,84202.7500173095,84202.7500173095,11.3409828602352
"3293","82179303B96536489392823",1,62680.876569753,62680.876569753,11.0458116812119
"3294","82179303B96637573116833",1,152944.693835353,152944.693835353,11.9378316568253
"3295","82179303B96835998752740",1,51304.6781627091,51304.6781627091,10.8455372192566
"3296","82179303B97817957609730",1,135271.587936972,135271.587936972,11.8150397990324
"3297","82179303B99713456197263",1,57386.8238563296,57386.8238563296,10.9575700064158
"3298","82179303B99885007667227",1,107480.252833815,107480.252833815,11.5850624151068
"3299","85939544B24973508625893",1,141993.554244919,141993.554244919,11.8635369429117
"3300","85939544B26201267157646",1,277420.884967608,277420.884967608,12.5332910723043
"3301","85939544B26352047498043",1,193186.181509116,193186.181509116,12.1714096739226
"3302","85939544B33364168787730",1,225764.441730398,225764.441730398,12.3272474414608
"3303","85939544B358257057392",1,362511.307800145,362511.307800145,12.8008109467218
"3304","85939544B38416709222197",1,119919.552577415,119919.552577415,11.6945764017606
"3305","85939544B40669081557189",1,273774.196118204,273774.196118204,12.5200589438533
"3306","85939544B65123265698186",1,121596.817310507,121596.817310507,11.7084660747383
"3307","85939544B74893021327700",1,201473.450887365,201473.450887365,12.2134128943053
"3308","85939544B82585183947830",1,80732.7004071993,80732.7004071993,11.2988989816896
"3309","85939544B84899286441367",1,94771.147926055,94771.147926055,11.4592202951487
"3310","86173395B10183828018242",1,36.6211358540729,36.6211358540729,3.60062555608027
"3311","86173395B2607926408865",1,2148.98822813927,2148.98822813927,7.67275241879562
"3312","86173395B32206568144682",1,1979.56512498596,1979.56512498596,7.59063246572006
"3313","86173395B33619167853359",1,335.735749794126,335.735749794126,5.81632439159607
"3314","86173395B49833060083827",1,2494.32285127441,2494.32285127441,7.82177256905453
"3315","86173395B5227574641069",1,427.122441453509,427.122441453509,6.05707072025892
"3316","86173395B52487001010255",1,334.188723786481,334.188723786481,5.81170587467788
"3317","86173395B54100841330838",1,583.559131081246,583.559131081246,6.36914578520616
"3318","86173395B62367841899466",1,1185.28383339638,1185.28383339638,7.07773754674194
"3319","86173395B64443584385378",1,56.6522908732146,56.6522908732146,4.0369324257246
"3320","86173395B65522481744755",1,10050.3142045778,10050.3142045778,9.2153591771356
"3321","86173395B65596766403294",1,1051.13495536169,1051.13495536169,6.9576257692574
"3322","86173395B69111748421310",1,147.472967093781,147.472967093781,4.99364488504269
"3323","86173395B69626346529227",1,263490.083510679,263490.083510679,12.4817710125198
"3324","86173395B71884173217057",1,328.739764520802,328.739764520802,5.7952664484698
"3325","86173395B80196731911279",1,3322.8000275956,3322.8000275956,8.10856308826984
"3326","86173395B8049186625596",1,4874.85805789183,4874.85805789183,8.49184626667818
"3327","86173395B80884224234425",1,895.619503845096,895.619503845096,6.79751566189379
"3328","86173395B84342245076332",1,2449.76260459495,2449.76260459495,7.80374640276035
"3329","86173395B87539988418274",1,5515.19236829865,5515.19236829865,8.61526181200378
"3330","86173395B89769104432743",1,3971.23457337955,3971.23457337955,8.28683230100068
"3331","86173395B97599350653423",1,1154.63646730992,1154.63646730992,7.05154082649487
"3332","86173395B9994145648784",1,1334.75665988036,1334.75665988036,7.19650427697666
"3333","91817680B11201690622195",1,152609.414298475,152609.414298475,11.9356370885801
"3334","91817680B11339106619066",1,86110.4343019449,86110.4343019449,11.363385871249
"3335","91817680B11476058556898",1,226496.341047356,226496.341047356,12.3304840694584
"3336","91817680B11624916188823",1,273660.661403858,273660.661403858,12.5196441558126
"3337","91817680B12008242239928",1,395527.694644507,395527.694644507,12.8879760881239
"3338","91817680B14892127844453",1,109933.422342583,109933.422342583,11.6076302101049
"3339","91817680B15590775835688",1,280209.135362269,280209.135362269,12.5432915153595
"3340","91817680B1574399427608",1,601458.47996441,601458.47996441,13.3071127845238
"3341","91817680B16002130574290",1,270128.277811101,270128.277811101,12.5066522281589
"3342","91817680B16014600177045",1,169390.304637638,169390.304637638,12.0399608260181
"3343","91817680B16538338684661",2,426256.979803923,852513.959607846,13.6559448629123
"3344","91817680B1708787718818",1,493094.194476455,493094.194476455,13.1084554986212
"3345","91817680B17319558643664",1,40637.3501263242,40637.3501263242,10.612442876542
"3346","91817680B20286966250971",1,60672.5062505442,60672.5062505442,11.0132459296355
"3347","91817680B21216327036282",1,100610.069549304,100610.069549304,11.5190076265621
"3348","91817680B21539665501577",1,100335.266111017,100335.266111017,11.5162725184423
"3349","91817680B21680824294868",1,79569.3124983606,79569.3124983606,11.2843837761226
"3350","91817680B23901291202395",1,25377.7984907029,25377.7984907029,10.141629995611
"3351","91817680B24548286345957",1,65793.2941331205,65793.2941331205,11.0942731992494
"3352","91817680B26152541530210",1,1075838.44204936,1075838.44204936,13.8886108616364
"3353","91817680B26607970527366",1,215682.086997679,215682.086997679,12.2815607830209
"3354","91817680B27152027053647",1,37960.693115806,37960.693115806,10.5443065116669
"3355","91817680B29624883381183",5,284173.86513571,1420869.32567855,14.1667794434408
"3356","91817680B30315657457409",1,20376.830216709,20376.830216709,9.92215376066184
"3357","91817680B30389585516178",1,68457.1747553995,68457.1747553995,11.1339636426875
"3358","91817680B30407776748413",2,45347.7912479718,90695.5824959436,11.415263930352
"3359","91817680B32751924176777",1,356706.726372352,356706.726372352,12.7846692283947
"3360","91817680B32757414449699",1,24039.3780297826,24039.3780297826,10.0874485160092
"3361","91817680B32789615967236",1,355338.859540995,355338.859540995,12.780827147098
"3362","91817680B33034423068968",1,125218.551376409,125218.551376409,11.7378159006044
"3363","91817680B33489673734556",1,184697.013183075,184697.013183075,12.1264719948767
"3364","91817680B35472999009946",1,17086.768565329,17086.768565329,9.74605967486828
"3365","91817680B36456413113015",2,46916.7517927949,93833.5035855898,11.4492772523034
"3366","91817680B37138617445780",1,88486.5422125917,88486.5422125917,11.3906057540385
"3367","91817680B37299464646583",1,257358.416701518,257358.416701518,12.4582250098172
"3368","91817680B37660936440541",2,33480.060310427,66960.120620854,11.1118525065484
"3369","91817680B37722151409475",1,293881.969531699,293881.969531699,12.5909335015346
"3370","91817680B39611758954351",1,55839.4008241937,55839.4008241937,10.9302350071529
"3371","91817680B40505476377979",2,80770.6699395095,161541.339879019,11.9925163633721
"3372","91817680B40534015790157",1,38795.1438826827,38795.1438826827,10.5660503601157
"3373","91817680B41858032192319",1,137725.274115734,137725.274115734,11.833016212651
"3374","91817680B43065782555772",1,70329.585679641,70329.585679641,11.1609478381947
"3375","91817680B43125449030549",1,4511.68218311017,4511.68218311017,8.41442535255654
"3376","91817680B4431337162748",1,46833.3946662064,46833.3946662064,10.7543517886857
"3377","91817680B44823551048989",1,206868.731583429,206868.731583429,12.2398397241513
"3378","91817680B44952414610796",1,108624.378424806,108624.378424806,11.5956511403401
"3379","91817680B46219646335198",1,22679.0688634995,22679.0688634995,10.0291977015976
"3380","91817680B46467557111645",1,57432.1876697768,57432.1876697768,10.9583601859376
"3381","91817680B46750425552975",1,27794.6302175923,27794.6302175923,10.2325981233808
"3382","91817680B47987210748527",1,32852.0725783135,32852.0725783135,10.3997701141086
"3383","91817680B48235767363306",1,98559.9472767852,98559.9472767852,11.498420243832
"3384","91817680B48442195707238",1,550378.600163281,550378.600163281,13.2183616843281
"3385","91817680B48783047676904",1,41625.1502777942,41625.1502777942,10.6364598375536
"3386","91817680B49679347075852",1,303777.33829772,303777.33829772,12.6240502722131
"3387","91817680B50207003035",1,252545.012858336,252545.012858336,12.4393447805555
"3388","91817680B51132506733028",1,20049.7761715232,20049.7761715232,9.90597326915735
"3389","91817680B51485783996699",1,130478.322953678,130478.322953678,11.7789623843128
"3390","91817680B53198155341948",1,21181.2640639437,21181.2640639437,9.96087229933596
"3391","91817680B5353031397212",1,262202.970952987,262202.970952987,12.4768741811132
"3392","91817680B54012703126739",1,113193.128297587,113193.128297587,11.6368507388237
"3393","91817680B55707549130569",1,120508.208297453,120508.208297453,11.6994731482439
"3394","91817680B55715776787208",1,52480.8349917661,52480.8349917661,10.8682033341577
"3395","91817680B55822624410007",1,26831.6279327763,26831.6279327763,10.1973366174186
"3396","91817680B56099735913612",1,23842.6076603855,23842.6076603855,10.0792294969251
"3397","91817680B57927404517776",1,277283.722928396,277283.722928396,12.532796531462
"3398","91817680B58127051569150",1,231320.518879099,231320.518879099,12.3515595553921
"3399","91817680B59018342058044",1,38735.4545205682,38735.4545205682,10.5645105971024
"3400","91817680B59476098361869",1,39964.959154011,39964.959154011,10.5957583280156
"3401","91817680B60221740281290",1,75951.2564184496,75951.2564184496,11.2378470505922
"3402","91817680B60872934813823",1,61170.2976068755,61170.2976068755,11.0214170174671
"3403","91817680B63178832268751",1,162046.035646236,162046.035646236,11.9956357445015
"3404","91817680B63526671374694",1,72182.0842324279,72182.0842324279,11.1869471532638
"3405","91817680B65451529480853",1,293688.904388115,293688.904388115,12.5902763377469
"3406","91817680B65504384218086",1,141791.00159976,141791.00159976,11.8621094326728
"3407","91817680B67324121140218",2,36678.2748770216,73356.5497540432,11.2030870741183
"3408","91817680B68494559899558",2,166661.743831637,333323.487663274,12.7168687318498
"3409","91817680B68842805087026",1,53770.6572707176,53770.6572707176,10.8924831934731
"3410","91817680B72214553011774",1,173945.413078153,173945.413078153,12.0664968110352
"3411","91817680B73468767289539",1,111737.558713864,111737.558713864,11.6239081748585
"3412","91817680B75354784424725",1,43770.7720991576,43770.7720991576,10.6867215699461
"3413","91817680B75376031789242",1,50054.2289778119,50054.2289778119,10.820862276235
"3414","91817680B75710427976091",2,497058.182510811,994116.365021622,13.809609546213
"3415","91817680B75900877128055",2,104314.258476025,208628.51695205,12.248310518591
"3416","91817680B78599330358722",2,57338.6584428797,114677.316885759,11.649877523192
"3417","91817680B7912985797785",1,31208.856812735,31208.856812735,10.3484572057165
"3418","91817680B79863718076959",1,37241.3926935143,37241.3926935143,10.5251761284767
"3419","91817680B8006777837161",1,356001.236718582,356001.236718582,12.7826894837567
"3420","91817680B84202113891253",1,658677.979514906,658677.979514906,13.3979900438512
"3421","91817680B85110926045998",4,241168.57157515,964674.2863006,13.7795457961964
"3422","91817680B85222249357664",3,18155.7094622898,54467.1283868694,10.9053526498191
"3423","91817680B85909931268472",1,29651.4542820487,29651.4542820487,10.2972664515215
"3424","91817680B86480113122364",1,24648.6311161608,24648.6311161608,10.1124766451159
"3425","91817680B86853073591153",1,419942.709723383,419942.709723383,12.947873575535
"3426","91817680B87761816793360",1,284634.044807232,284634.044807232,12.55895958084
"3427","91817680B87996420220515",2,329692.734705529,659385.469411058,13.3990635733003
"3428","91817680B88513858108060",1,97239.2411913936,97239.2411913936,11.484929624938
"3429","91817680B88731995383072",1,71061.0430438085,71061.0430438085,11.1712945478209
"3430","91817680B88957070935676",1,658454.760240797,658454.760240797,13.3976510965766
"3431","91817680B88985387415210",1,33459.576790996,33459.576790996,10.4180933262539
"3432","91817680B8944082307158",2,257178.588947924,514357.177895848,13.1506732017371
"3433","91817680B89733153975870",2,42189.3379018759,84378.6758037518,11.3430699923074
"3434","91817680B90297389150949",1,202251.434437512,202251.434437512,12.2172669272937
"3435","91817680B90592918780723",1,26526.8921326665,26526.8921326665,10.1859142948746
"3436","91817680B91067436457746",1,45826.8960615254,45826.8960615254,10.73262644799
"3437","91817680B91211823266814",1,116577.989327644,116577.989327644,11.6663157643042
"3438","91817680B915295689263",1,74466.2885195006,74466.2885195006,11.2181017988633
"3439","91817680B91736183236009",1,59556.8966996052,59556.8966996052,10.994687381673
"3440","91817680B92610564128426",1,31497.2365042359,31497.2365042359,10.357655090941
"3441","91817680B92973690121395",1,45677.2214939225,45677.2214939225,10.7293550170404
"3442","91817680B93090957259339",1,19603.9994401268,19603.9994401268,9.88348887747031
"3443","91817680B93885607227135",2,66719.3014113473,133438.602822695,11.8013967470843
"3444","91817680B94972366910411",1,36387.2791947464,36387.2791947464,10.5019745198732
"3445","91817680B95262291256995",1,120088.146713539,120088.146713539,11.6959813080562
"3446","91817680B96924831002014",1,312603.695999993,312603.695999993,12.6526915203161
"3447","91817680B97433571779884",1,50935.5983498126,50935.5983498126,10.8383173362765
"3448","91817680B99071511370380",1,133585.811341017,133585.811341017,11.8024993319075
"3449","91817680B99242230797556",1,222589.460920176,222589.460920176,12.3130843713307
"3450","97153195B87172178268345",1,3119.27556624184,3119.27556624184,8.04535606353608
"3451","DIS015",1,NA,NA,NA
"3452","DIS017",1,NA,NA,NA
