"","ADM2_id","total_exposure_days","total_population","total_person_day_exposure","log_total_person_day_exposure"
"1","10022922B10629043557873",1,143114.009298421,143114.009298421,11.871396859414
"2","10022922B11101019287712",1,95236.6979061702,95236.6979061702,11.4641206287079
"3","10022922B11162683268422",1,190381.25584458,190381.25584458,12.1567839502988
"4","10022922B12403701465046",2,307519.886425594,615039.772851188,13.3294422160003
"5","10022922B13687813160362",1,237323.682977591,237323.682977591,12.377180239288
"6","10022922B21478747844721",1,68681.7266585995,68681.7266585995,11.1372384553273
"7","10022922B23434626058692",1,190155.268997806,190155.268997806,12.1555962226638
"8","10022922B25342620887316",1,30559.3497542968,30559.3497542968,10.3274259653806
"9","10022922B29889196912325",1,99806.8821356342,99806.8821356342,11.5109924191969
"10","10022922B29911348985828",2,452413.972712167,904827.945424334,13.7155000890546
"11","10022922B30377745880071",1,84051.8300808904,84051.8300808904,11.3391889123164
"12","10022922B31790128040616",1,195831.628742097,195831.628742097,12.1850105319988
"13","10022922B3330352702203",1,562708.095636994,562708.095636994,13.240516292446
"14","10022922B34392392155891",1,191307.894635462,191307.894635462,12.1616394229274
"15","10022922B36331574429859",2,56211.5255798438,112423.051159688,11.6300242769073
"16","10022922B39439372576611",1,345577.973515012,345577.973515012,12.7529735798387
"17","10022922B39697778193382",1,50981.3458239764,50981.3458239764,10.8392150766396
"18","10022922B42807663031303",1,222200.754285485,222200.754285485,12.311336550806
"19","10022922B47245353926014",1,93117.8657425178,93117.8657425178,11.4416213432709
"20","10022922B49716742274905",1,150582.224551942,150582.224551942,11.9222645565181
"21","10022922B52512193010711",2,392151.083635716,784302.167271432,13.5725496425164
"22","10022922B54073545298219",1,173307.318377304,173307.318377304,12.0628217043406
"23","10022922B56031688474611",1,85264.7787405119,85264.7787405119,11.353516737781
"24","10022922B57896428715958",2,112470.080631085,224940.16126217,12.3235896958697
"25","10022922B59412081262724",1,225739.81696439,225739.81696439,12.3271383626844
"26","10022922B6018255004858",2,329905.41637677,659810.83275354,13.39970845588
"27","10022922B61088153240222",1,255193.061755185,255193.061755185,12.4497756426035
"28","10022922B63046975451138",1,50714.0365529001,50714.0365529001,10.8339580063488
"29","10022922B63714971659336",1,158258.351740729,158258.351740729,11.9719841142267
"30","10022922B6580820782603",1,228502.12895337,228502.12895337,12.3393008063556
"31","10022922B7074189327891",1,379525.627437246,379525.627437246,12.8466774030167
"32","10022922B72475763343132",1,68175.709119471,68175.709119471,11.1298436091187
"33","10022922B72540367204165",1,108267.281064019,108267.281064019,11.5923582734378
"34","10022922B74242760889111",1,471133.594918458,471133.594918458,13.0628969737959
"35","10022922B7475622417535",1,233564.802088976,233564.802088976,12.3612148425945
"36","10022922B75046296685916",1,526019.13487675,526019.13487675,13.1730928691509
"37","10022922B75767771564463",2,586706.526716583,1173413.05343317,13.975427199865
"38","10022922B81120329184352",2,179659.115272572,359318.230545144,12.7919637108769
"39","10022922B85703559853082",1,124438.539517702,124438.539517702,11.7315672145051
"40","10022922B86038713071830",2,180310.162440268,360620.324880536,12.7955809522243
"41","10022922B92224420422748",1,352286.547694399,352286.547694399,12.7722001793664
"42","10022922B93003724204974",1,40552.3231277065,40552.3231277065,10.6103483483515
"43","1004716B10607629664625",1,30292.0030077175,30292.0030077175,10.3186390295245
"44","1004716B11181519901589",1,9330.27266326822,9330.27266326822,9.14101951777323
"45","1004716B11227441241972",1,31355.9154929978,31355.9154929978,10.3531582202226
"46","1004716B14428044867923",1,50150.8850607431,50150.8850607431,10.8227914415044
"47","1004716B16591560773004",2,9256.12805607349,18512.256112147,9.82618828426359
"48","1004716B1679190464603",1,30041.7346067759,30041.7346067759,10.3103428474459
"49","1004716B16799049593642",1,17993.7314418015,17993.7314418015,9.79777872299081
"50","1004716B1718799712093",1,189557.847922002,189557.847922002,12.1524495229996
"51","1004716B17287296574924",1,117463.659312889,117463.659312889,11.6738842822852
"52","1004716B17988472214620",1,85918.789882793,85918.789882793,11.3611578254116
"53","1004716B18195388081086",1,34828.650509177,34828.650509177,10.4581956175384
"54","1004716B19592453866011",1,42973.8241055644,42973.8241055644,10.6683464675862
"55","1004716B19677193971793",1,29402.7384451837,29402.7384451837,10.2888430933831
"56","1004716B19683418565174",1,40251.4036765835,40251.4036765835,10.602900156191
"57","1004716B21364220712902",1,18883.2322332014,18883.2322332014,9.8460296238391
"58","1004716B22267380414447",1,8098.02319107599,8098.02319107599,8.99937526039092
"59","1004716B23047176162304",1,173039.839421093,173039.839421093,12.0612771326393
"60","1004716B23096552390048",1,90550.6660668788,90550.6660668788,11.4136648190755
"61","1004716B23703372823656",1,52534.8654915513,52534.8654915513,10.8692323327608
"62","1004716B24558715702224",1,23531.1450692996,23531.1450692996,10.066080144766
"63","1004716B26434721219648",1,33917.2852571196,33917.2852571196,10.4316800530096
"64","1004716B26688105291153",1,1222348.8676438,1222348.8676438,14.0162848670396
"65","1004716B29920218162683",1,73898.5337974177,73898.5337974177,11.2104482663798
"66","1004716B33046783888381",1,19867.5801697812,19867.5801697812,9.8968445450286
"67","1004716B34168523861786",1,12674.8352148613,12674.8352148613,9.44737382757497
"68","1004716B35056962517282",1,16124.2342448477,16124.2342448477,9.68807865184473
"69","1004716B35525100883051",1,135133.43659643,135133.43659643,11.8140179884887
"70","1004716B37829191350570",1,7909.13639321342,7909.13639321342,8.97577387568788
"71","1004716B39887866574539",1,35740.6330122029,35740.6330122029,10.4840435001459
"72","1004716B40400689855",1,16915.74476605,16915.74476605,9.73600011016275
"73","1004716B4105996695407",1,50238.8770002123,50238.8770002123,10.8245444481895
"74","1004716B41798350281797",2,25718.400559624,51436.801119248,10.848109170338
"75","1004716B46304212562790",1,40395.5499966699,40395.5499966699,10.6064749092852
"76","1004716B48190811236888",1,13615.328097641,13615.328097641,9.5189515030651
"77","1004716B49873570075163",1,53542.1209029393,53542.1209029393,10.8882239297178
"78","1004716B50756255282964",1,18136.6317078916,18136.6317078916,9.8056890232907
"79","1004716B51172102735517",1,28763.1403005757,28763.1403005757,10.2668499957412
"80","1004716B52316346620660",1,36855.8560617863,36855.8560617863,10.5147698011867
"81","1004716B53376574374139",1,47794.3993007745,47794.3993007745,10.7746637421748
"82","1004716B54841034408415",1,4467.5166105663,4467.5166105663,8.4045879651165
"83","1004716B5502390866832",1,16907.3440761053,16907.3440761053,9.73550336723329
"84","1004716B564283861806",1,24553.5110354939,24553.5110354939,10.1086101386993
"85","1004716B58524180713592",1,63901.6676390593,63901.6676390593,11.0651007376629
"86","1004716B60174828263076",1,15018.1689432086,15018.1689432086,9.61701600997787
"87","1004716B602657400093",1,6187.45751716588,6187.45751716588,8.73027954094079
"88","1004716B6041488955142",1,14911.0331185458,14911.0331185458,9.60985669566991
"89","1004716B60915682205878",1,56901.4917863477,56901.4917863477,10.949076837457
"90","1004716B62391534805354",1,57342.6259532982,57342.6259532982,10.9567995345746
"91","1004716B63753467336397",1,40463.4529616839,40463.4529616839,10.6081544496824
"92","1004716B64543090123083",1,58023.2829677474,58023.2829677474,10.9685996394553
"93","1004716B65616251671533",1,77178.387392398,77178.387392398,11.2538747407608
"94","1004716B6585640653247",1,22952.0786779382,22952.0786779382,10.0411637855892
"95","1004716B66852028113386",1,10517.7866395304,10517.7866395304,9.26082306867356
"96","1004716B69016547634198",1,9225.01573973253,9225.01573973253,9.12967417511134
"97","1004716B69176908795082",1,11212.9464643539,11212.9464643539,9.32482432402283
"98","1004716B70540306001551",1,43098.907367715,43098.907367715,10.6712529246734
"99","1004716B73222329493387",1,39920.0948849221,39920.0948849221,10.5946351072994
"100","1004716B75188103364632",1,65243.2511031712,65243.2511031712,11.0858778884665
"101","1004716B7540318748953",1,11350.8975905405,11350.8975905405,9.33705210264967
"102","1004716B76428699695737",1,20005.9329303508,20005.9329303508,9.90378415506279
"103","1004716B78896367907515",1,3939.52095922161,3939.52095922161,8.27881441094615
"104","1004716B80343158927889",1,12891.3099448895,12891.3099448895,9.46430871566423
"105","1004716B80689384064512",1,20164.3382628114,20164.3382628114,9.91167089064262
"106","1004716B81885573908031",1,41871.3219301717,41871.3219301717,10.6423564307663
"107","1004716B82609428709208",1,8454.42023004823,8454.42023004823,9.04244468772766
"108","1004716B82788315427731",1,33594.5542646453,33594.5542646453,10.4221192573587
"109","1004716B82888371591371",1,178645.284495399,178645.284495399,12.0931574678913
"110","1004716B83781631297987",1,19025.4164159408,19025.4164159408,9.85353107031904
"111","1004716B84581275019273",1,5953.44168408811,5953.44168408811,8.69172476561156
"112","1004716B8461244820231",1,13176.1235699372,13176.1235699372,9.48616165022403
"113","1004716B87721253987704",1,180467.044800851,180467.044800851,12.1033034628052
"114","1004716B88146525793378",1,25457.5415487036,25457.5415487036,10.1447673061255
"115","1004716B88465626823892",1,53140.8150605537,53140.8150605537,10.8807005571818
"116","1004716B88505834595932",1,38732.8496347695,38732.8496347695,10.5644433467391
"117","1004716B91399694285767",1,10919.9132883798,10919.9132883798,9.29834330864281
"118","1004716B91452686673321",1,8264.20348258004,8264.20348258004,9.0196886332674
"119","1004716B95352510191818",1,12950.8968945215,12950.8968945215,9.46892032299365
"120","1004716B96121368204860",1,26832.020664918,26832.020664918,10.1973512542221
"121","1004716B97835043719515",1,18148.7326521831,18148.7326521831,9.80635601092903
"122","1004716B99865262372177",1,24956.6068035404,24956.6068035404,10.124893867871
"123","1456440B17189259529244",1,2803.9283964739,2803.9283964739,7.93877671162083
"124","1456440B19707016539712",1,10608.1826773313,10608.1826773313,9.2693809329911
"125","1456440B2347802332561",1,3622.30372179262,3622.30372179262,8.19486548964686
"126","1456440B30022647812570",1,1377.33393118657,1377.33393118657,7.22790497563708
"127","1456440B30822357340136",1,6725.37044955105,6725.37044955105,8.81364228838799
"128","1456440B3381431616278",1,19608.5745126618,19608.5745126618,9.88372222469007
"129","1456440B35586034015504",1,19848.8971228707,19848.8971228707,9.89590372401112
"130","1456440B38299420542047",1,NA,NA,NA
"131","1456440B41515061278311",1,4311.61308155447,4311.61308155447,8.36906737794
"132","1456440B42858998503900",1,12333.0124786811,12333.0124786811,9.42003488737778
"133","1456440B44452540624114",1,6611.60779006535,6611.60779006535,8.79658213928459
"134","1456440B45455972514267",1,NA,NA,NA
"135","1456440B5266372606878",1,23949.6783159518,23949.6783159518,10.0837101712646
"136","1456440B54087410472023",1,8494.36709127995,8494.36709127995,9.04715852765539
"137","1456440B54194515366168",1,23158.1743935203,23158.1743935203,10.0501031027389
"138","1456440B56382702891578",1,21082.9601037833,21082.9601037833,9.95622041517761
"139","1456440B59769308078565",1,8768.49341053609,8768.49341053609,9.07892028161635
"140","1456440B59944424745172",1,19055.8624448904,19055.8624448904,9.8551300731019
"141","1456440B60992682417348",1,11441.2490960355,11441.2490960355,9.34498044568974
"142","1456440B62290110422722",1,3876.03806337483,3876.03806337483,8.26256879323458
"143","1456440B63332510884225",1,7103.87362527506,7103.87362527506,8.86839549527885
"144","1456440B68597198845590",1,22232.326870234,22232.326870234,10.0093026740056
"145","1456440B69828690893614",1,NA,NA,NA
"146","1456440B76393603142959",1,30739.2732443373,30739.2732443373,10.3332963747942
"147","1456440B83071961973491",1,45582.1830524454,45582.1830524454,10.7272721966164
"148","1456440B85489993561805",1,11277.7248146319,11277.7248146319,9.3305848038772
"149","1456440B85935550107059",1,19168.0895359355,19168.0895359355,9.86100217201943
"150","1456440B92384260503294",1,10320.5970883211,10320.5970883211,9.24189689475733
"151","1456440B94766097213569",1,19010.1819374712,19010.1819374712,9.85273000605589
"152","1456440B94896318880673",1,14389.9738447567,14389.9738447567,9.5742869822812
"153","1456440B99535609172770",1,17605.7492106264,17605.7492106264,9.77598078737926
"154","16705992B31973889793084",1,2037756.11881184,2037756.11881184,14.5273598186816
"155","16705992B37732832620169",1,1858497.28859456,1858497.28859456,14.435278809797
"156","16705992B59490572634285",1,6208568.07681849,6208568.07681849,15.6414408438781
"157","16705992B83268326466345",1,1695389.51061156,1695389.51061156,14.3434230721676
"158","16705992B96773862439533",1,3626252.38294039,3626252.38294039,15.1037102715538
"159","17275852B13333769593378",1,472347.426291633,472347.426291633,13.0654700664508
"160","17275852B1408079528399",1,1898978.22481197,1898978.22481197,14.4568265230683
"161","17275852B14220584679784",1,931413.616005148,931413.616005148,13.7444587282824
"162","17275852B15154532755577",1,1593206.22502677,1593206.22502677,14.2812590375295
"163","17275852B16277870573564",1,555529.334136189,555529.334136189,13.2276766933934
"164","17275852B1643752484532",1,1040026.00612436,1040026.00612436,13.8547562766937
"165","17275852B16521843045020",1,1597695.41872632,1597695.41872632,14.2840727855936
"166","17275852B17765750844334",1,2128787.96551848,2128787.96551848,14.5710633454534
"167","17275852B17785585955827",2,695884.45392662,1391768.90785324,14.1460860916213
"168","17275852B19798754149723",1,768834.154988217,768834.154988217,13.5526305620148
"169","17275852B21404145859662",1,314640.712590936,314640.712590936,12.6591866718849
"170","17275852B23391188567726",1,2169734.1631411,2169734.1631411,14.5901152125473
"171","17275852B23794965725628",1,712110.756220869,712110.756220869,13.4759887347864
"172","17275852B24439099777247",1,701245.063907832,701245.063907832,13.4606126968037
"173","17275852B24844793518389",1,900758.661931575,900758.661931575,13.7109926449189
"174","17275852B26184442721162",1,1751765.96828647,1751765.96828647,14.3761349618107
"175","17275852B28001364673929",1,2685703.7127052,2685703.7127052,14.8034533419784
"176","17275852B28043359135044",1,3617873.36144362,3617873.36144362,15.1013969419598
"177","17275852B282910546940",1,987865.916789484,987865.916789484,13.8033022557688
"178","17275852B30171028833385",1,1330414.05719206,1330414.05719206,14.1010007729446
"179","17275852B30212147371030",1,339806.529044912,339806.529044912,12.7361317024112
"180","17275852B30419994709301",1,1639716.94314585,1639716.94314585,14.3100341892613
"181","17275852B3344696552320",1,1553502.45345522,1553502.45345522,14.2560225871221
"182","17275852B35416849225692",2,1677064.20148832,3354128.40297664,15.0257025041676
"183","17275852B36103206667165",1,1617402.82132936,1617402.82132936,14.2963322240033
"184","17275852B37463175613953",1,317933.751532913,317933.751532913,12.6695983115461
"185","17275852B39380894050966",1,1892038.56412984,1892038.56412984,14.4531654111187
"186","17275852B40414648244388",1,415735.933029916,415735.933029916,12.9378055613172
"187","17275852B40934974334003",1,1154581.93621436,1154581.93621436,13.9592488764271
"188","17275852B42065564755438",1,1717063.9926568,1717063.9926568,14.356126409224
"189","17275852B42279115337630",1,2034818.56215047,2034818.56215047,14.5259172142355
"190","17275852B44457791224784",1,2284607.3824225,2284607.3824225,14.6417047436619
"191","17275852B47532353262214",1,1482840.21160076,1482840.21160076,14.2094698685859
"192","17275852B48557917794925",1,758617.577737764,758617.577737764,13.5392530792548
"193","17275852B50490784073671",1,1096293.84837974,1096293.84837974,13.9074458203906
"194","17275852B53073904970373",1,950647.141995919,950647.141995919,13.7648982337649
"195","17275852B53915190353866",2,1316338.5704216,2632677.1408432,14.7835118106953
"196","17275852B54668809399872",1,1221832.80314543,1221832.80314543,14.0158625870494
"197","17275852B5638517994669",1,654657.768633352,654657.768633352,13.3918678874355
"198","17275852B58586989106809",1,1360130.91707722,1360130.91707722,14.1230915156361
"199","17275852B59014028549632",1,1283621.37925918,1283621.37925918,14.0651958437812
"200","17275852B59692497706789",1,1391417.6202254,1391417.6202254,14.1458336560579
"201","17275852B59999785344373",1,677376.741890991,677376.741890991,13.4259828843964
"202","17275852B62298947029961",1,1049000.91312533,1049000.91312533,13.8633487578502
"203","17275852B62317461872302",1,973857.550340766,973857.550340766,13.7890203197119
"204","17275852B62674344705560",1,1515203.49244414,1515203.49244414,14.2310603063507
"205","17275852B63077243364371",1,872760.756251447,872760.756251447,13.6794167494418
"206","17275852B67003966243436",1,1171019.95407406,1171019.95407406,13.9733856826346
"207","17275852B67197169551607",1,4445343.50138347,4445343.50138347,15.3073677020959
"208","17275852B69068872724558",1,1941382.20861052,1941382.20861052,14.4789107560123
"209","17275852B71352476597079",1,1174100.83731523,1174100.83731523,13.976013167773
"210","17275852B7350972527003",1,956925.964952273,956925.964952273,13.7714813058462
"211","17275852B74040811495822",2,702462.390202934,1404924.78040587,14.1554943222391
"212","17275852B75685650180995",1,1327871.67386524,1327871.67386524,14.0990879732239
"213","17275852B75763620561947",2,993628.658962696,1987257.31792539,14.5022660138668
"214","17275852B7795452989931",1,842988.818087233,842988.818087233,13.6447089724681
"215","17275852B79176055066883",1,798482.713891426,798482.713891426,13.5904685981767
"216","17275852B81653312527897",1,394734.409978975,394734.409978975,12.8859684379345
"217","17275852B82708605205805",1,17495090.8226125,17495090.8226125,16.6774308751173
"218","17275852B84693836922329",1,641845.117960798,641845.117960798,13.3721023042846
"219","17275852B85236269968714",1,437405.225172926,437405.225172926,12.9886153331364
"220","17275852B85657114133770",1,1275949.99125312,1275949.99125312,14.059201550311
"221","17275852B85962848339274",1,1038449.37370533,1038449.37370533,13.8532391716688
"222","17275852B86000242921086",1,819352.78663454,819352.78663454,13.6162700229993
"223","17275852B88105539550678",1,805133.021617688,805133.021617688,13.598762786995
"224","17275852B88901633924246",1,893068.735731241,893068.735731241,13.7024188286
"225","17275852B89468905887192",1,1158937.95735787,1158937.95735787,13.9630145897052
"226","17275852B90470795224142",1,1100366.79231345,1100366.79231345,13.911154129745
"227","17275852B90975196028640",1,739030.687860997,739030.687860997,13.5130947252671
"228","17275852B91393118840601",1,1476598.22546932,1476598.22546932,14.2052515038384
"229","17275852B91399175623236",1,55281.2583011912,55281.2583011912,10.9201892205051
"230","17275852B93697739867414",1,625993.936219489,625993.936219489,13.347095963485
"231","17275852B95277244028777",2,1611184.15474171,3222368.30948342,14.9856271470127
"232","17275852B95583475247133",2,1741590.82864819,3483181.65729638,15.0634567033991
"233","17275852B97102685179742",1,1019082.33886718,1019082.33886718,13.8344131125392
"234","17275852B97964298438185",1,838014.146976112,838014.146976112,13.6387902611548
"235","17275852B98852550499473",1,36663.9736535981,36663.9736535981,10.5095499075982
"236","22064153B10198647455889",1,10134.3520420706,10134.3520420706,9.22368612414085
"237","22064153B10464594987148",1,59885.8607016073,59885.8607016073,11.0001957078525
"238","22064153B10472046376966",1,21713.2132259424,21713.2132259424,9.98567625864278
"239","22064153B10573216765784",1,43106.0840449276,43106.0840449276,10.6714194272648
"240","22064153B11163200356",1,5240.88449871194,5240.88449871194,8.56424556053451
"241","22064153B11370403812277",1,398727.801034748,398727.801034748,12.8960342601453
"242","22064153B11731771091880",1,27165.0981908303,27165.0981908303,10.2096882735872
"243","22064153B11925080577501",1,41396.9559004031,41396.9559004031,10.6309626281342
"244","22064153B12172811493606",2,5880.61898299927,11761.2379659985,9.37256448512977
"245","22064153B1240967535924",1,4250.98830265347,4250.98830265347,8.35490677668563
"246","22064153B12662900476516",1,36038.9590057025,36038.9590057025,10.4923558268906
"247","22064153B12892312696752",1,11486.4821979293,11486.4821979293,9.34892616190552
"248","22064153B13026846490953",1,3702.74168089588,3702.74168089588,8.21682881906791
"249","22064153B13144997370504",1,261293.751051045,261293.751051045,12.4734005363779
"250","22064153B13335973696353",1,86013.9669494446,86013.9669494446,11.362264968438
"251","22064153B13415196919485",1,22962.3056059249,22962.3056059249,10.0416092637684
"252","22064153B13433087472373",1,40274.6050990631,40274.6050990631,10.6034764028838
"253","22064153B13529558542609",2,252443.997140083,504887.994280166,13.1320918901531
"254","22064153B13708684658213",2,20726.089735735,41452.17947147,10.6322957399162
"255","22064153B13786864628755",1,30546.0303127383,30546.0303127383,10.3269900154935
"256","22064153B14063031562338",1,41745.7593187752,41745.7593187752,10.6393531519171
"257","22064153B1409396634293",1,8049.0351435166,8049.0351435166,8.99330750528082
"258","22064153B14136631633740",2,33407.7033146807,66815.4066293614,11.1096889710959
"259","22064153B1430516965980",1,28082.8439018295,28082.8439018295,10.2429141315666
"260","22064153B1510965020390",1,13784.822851819,13784.822851819,9.53132347258236
"261","22064153B15197878860903",1,17324.4980046795,17324.4980046795,9.75987684843944
"262","22064153B15321782044758",1,1561.18353258848,1561.18353258848,7.35319948733159
"263","22064153B15557239492888",2,18984.0008903912,37968.0017807824,10.5444990255777
"264","22064153B15570456578979",1,98715.3722571034,98715.3722571034,11.49999596058
"265","22064153B16264764307082",1,102436.317890018,102436.317890018,11.5369965956028
"266","22064153B16301749391427",1,107325.995030698,107325.995030698,11.5836261642419
"267","22064153B16387988868573",1,48446.5678808996,48446.5678808996,10.7882167764382
"268","22064153B16462866208111",1,83929.4190866538,83929.4190866538,11.33773147565
"269","22064153B16569113596510",1,5092.35788792195,5092.35788792195,8.53549624155978
"270","22064153B1664466739684",1,30712.0006336674,30712.0006336674,10.3324087573132
"271","22064153B17016857460461",1,10518.2886828822,10518.2886828822,9.26087080032923
"272","22064153B17092575420538",2,42418.0361872422,84836.0723744844,11.3484761131054
"273","22064153B17402484703457",1,5927.99041760516,5927.99041760516,8.68744055051125
"274","22064153B17536493511153",1,185757.490282797,185757.490282797,12.1321972863043
"275","22064153B17594552103117",2,60130.9318254906,120261.863650981,11.6974268413218
"276","22064153B17786192900668",1,312568.340986001,312568.340986001,12.6525784154044
"277","22064153B18037782605293",2,45765.3203780704,91530.6407561408,11.4244290668584
"278","22064153B18374709515284",2,51242.022059184,102484.044118368,11.5374623983053
"279","22064153B18443780619579",1,12528.9153628553,12528.9153628553,9.43579448092345
"280","22064153B18822058190622",1,6505.39575059506,6505.39575059506,8.7803872270046
"281","22064153B18826680352976",1,32002.6423900195,32002.6423900195,10.3735737530609
"282","22064153B18872085958488",1,9633.75616182069,9633.75616182069,9.1730284766997
"283","22064153B19125244688726",1,404573.751712072,404573.751712072,12.9105893269501
"284","22064153B19332172900276",2,54493.7307880983,108987.461576197,11.5989881231836
"285","22064153B19404158136768",1,11251.8513874954,11251.8513874954,9.32828796187014
"286","22064153B19974298911936",1,34011.0543818727,34011.0543818727,10.434440879634
"287","22064153B20082507087369",1,17434.127611525,17434.127611525,9.76618492123757
"288","22064153B20086130003796",2,94321.5355690992,188643.071138198,12.1476119960575
"289","22064153B20820198931231",1,7154.24682307392,7154.24682307392,8.87546142063196
"290","22064153B20891786308722",1,32536.8660006061,32536.8660006061,10.3901290639222
"291","22064153B21038809643944",2,12142.9000226933,24285.8000453866,10.0976470982515
"292","22064153B21150807088610",1,40870.7762537215,40870.7762537215,10.618170569618
"293","22064153B2132252923317",1,21743.3494596257,21743.3494596257,9.98706321778782
"294","22064153B21463927954199",1,74851.1992290188,74851.1992290188,11.2232574114832
"295","22064153B21529335846532",1,7650.19207505696,7650.19207505696,8.94248603435597
"296","22064153B21781575553931",1,79121.8166349027,79121.8166349027,11.2787439265348
"297","22064153B21867415191580",1,130723.524520846,130723.524520846,11.7808398720991
"298","22064153B21914755064517",1,38917.6725118394,38917.6725118394,10.5692037326577
"299","22064153B22404901625877",1,44277.1251791753,44277.1251791753,10.6982234610287
"300","22064153B2252165856655",1,10709.4405285228,10709.4405285228,9.27888092384416
"301","22064153B2319717856826",1,12117.5464920192,12117.5464920192,9.40240980447876
"302","22064153B23231745702149",1,27971.4649145882,27971.4649145882,10.2389401593182
"303","22064153B23299113779671",1,5292.9539917674,5292.9539917674,8.57413177954124
"304","22064153B23593154045809",1,36317.4957492529,36317.4957492529,10.500054880703
"305","22064153B23836741146869",1,49847.3801080267,49847.3801080267,10.8167212185029
"306","22064153B23879423585908",2,17705.7598120053,35411.5196240106,10.4747924592941
"307","22064153B24090934315492",1,4399.89949814184,4399.89949814184,8.38933697831409
"308","22064153B2491065484587",1,430894.649682165,430894.649682165,12.9736189069155
"309","22064153B25042190901764",1,553037.380523651,553037.380523651,13.2231808741036
"310","22064153B25274509403754",1,128718.126151179,128718.126151179,11.7653802240026
"311","22064153B25569633235651",2,97994.5029098217,195989.005819643,12.1858138438825
"312","22064153B25852554340132",1,22152.7739913784,22152.7739913784,10.0057180042629
"313","22064153B26501737367812",1,3601.00619709999,3601.00619709999,8.18896858458602
"314","22064153B26513167275722",1,11385.6881973007,11385.6881973007,9.3401124243917
"315","22064153B26672672151559",1,4796.44231802664,4796.44231802664,8.47562973833906
"316","22064153B26690922833011",1,16580.5334104687,16580.5334104687,9.7159846000939
"317","22064153B26884354260890",1,109124.797842939,109124.797842939,11.6002474406127
"318","22064153B26987504968655",1,107833.364061052,107833.364061052,11.5883423892106
"319","22064153B27005462697609",1,62324.8625528352,62324.8625528352,11.0401157030598
"320","22064153B2722132887235",1,5918.1050890181,5918.1050890181,8.68577159032498
"321","22064153B2734112781426",1,13639.1033839584,13639.1033839584,9.52069619492296
"322","22064153B27631691114886",1,11064.162747763,11064.162747763,9.31146658290407
"323","22064153B27637415608592",1,7423.54492767682,7423.54492767682,8.91241197512995
"324","22064153B27870068763569",1,14151.0763887553,14151.0763887553,9.55754597005492
"325","22064153B27933078040866",1,86093.1598640603,86093.1598640603,11.3631852431724
"326","22064153B27979784056918",1,38509.4157602004,38509.4157602004,10.5586580555747
"327","22064153B28097279144094",1,166826.782439988,166826.782439988,12.0247113222044
"328","22064153B28331596269752",1,190200.351095661,190200.351095661,12.1558332750205
"329","22064153B28508352708384",1,58795.0672529547,58795.0672529547,10.9818132401119
"330","22064153B28595577519901",1,27422.623763937,27422.623763937,10.2191236365012
"331","22064153B28866553828376",1,168063.82693012,168063.82693012,12.0320991084363
"332","22064153B29022768014976",1,27812.4511632307,27812.4511632307,10.2332390829783
"333","22064153B29173837278044",2,31675.8007353762,63351.6014707524,11.0564554651575
"334","22064153B29893282242980",1,10679.336110294,10679.336110294,9.27606594862456
"335","22064153B30086215465497",1,66235.1514473206,66235.1514473206,11.1009665896307
"336","22064153B30238599380330",1,19439.1175806166,19439.1175806166,9.87504268504059
"337","22064153B30432270495602",1,23241.2375942298,23241.2375942298,10.0536834623117
"338","22064153B30545680019922",1,3312.17873826532,3312.17873826532,8.10536148091654
"339","22064153B3059978894084",1,9764.857287327,9764.857287327,9.18654522849093
"340","22064153B30862547223032",1,9051.03931082651,9051.03931082651,9.11063487107556
"341","22064153B31019964907182",1,27950.3754587663,27950.3754587663,10.2381859117226
"342","22064153B31040829489801",1,90231.9157602372,90231.9157602372,11.4101384767285
"343","22064153B31214056666647",1,39314.7459035117,39314.7459035117,10.5793549413121
"344","22064153B31542603161121",1,22519.8291617476,22519.8291617476,10.0221514961568
"345","22064153B31654670628378",1,24377.085352484,24377.085352484,10.101398845129
"346","22064153B31946200806378",1,13785.9597655472,13785.9597655472,9.53140594494048
"347","22064153B32144271118289",1,5501.88521749808,5501.88521749808,8.61284607930727
"348","22064153B32308822660767",1,6736.47334309657,6736.47334309657,8.81529182410302
"349","22064153B32431944472623",1,1525.16314733778,1525.16314733778,7.3298566651802
"350","22064153B32453256362792",1,11174.1616462293,11174.1616462293,9.32135939619594
"351","22064153B32597994259777",1,55377.8461774862,55377.8461774862,10.9219349042656
"352","22064153B32748472503600",1,5128.33292837777,5128.33292837777,8.54253592012367
"353","22064153B32879665089708",1,19952.8024857089,19952.8024857089,9.90112488792638
"354","22064153B33141511613521",1,16537.8125203621,16537.8125203621,9.71340470592339
"355","22064153B33206929848815",1,6448.22169424354,6448.22169424354,8.77155966545701
"356","22064153B33436919021908",2,39714.0104244639,79428.0208489278,11.2826064923953
"357","22064153B33692548967608",1,55995.1171323316,55995.1171323316,10.9330197718502
"358","22064153B3414994926035",2,16044.2009879038,32088.4019758076,10.3762499346654
"359","22064153B34193146717315",1,64248.0849231375,64248.0849231375,11.0705071956695
"360","22064153B34289782846164",1,447410.174810557,447410.174810557,13.0112310698684
"361","22064153B34391741921391",2,36958.6083879862,73917.2167759724,11.2107010537665
"362","22064153B34841335570745",1,103605.017384955,103605.017384955,11.5483410379915
"363","22064153B35070439080278",1,15655.4531978062,15655.4531978062,9.65857458241886
"364","22064153B35205149124459",1,35447.9905607325,35447.9905607325,10.4758218465944
"365","22064153B35296121445435",1,52258.5163650831,52258.5163650831,10.8639581491784
"366","22064153B35477366306356",1,10917.7710233181,10917.7710233181,9.29814710972007
"367","22064153B35633292127249",1,48840.3840485121,48840.3840485121,10.7963127915949
"368","22064153B35670810334421",1,2965.87199399683,2965.87199399683,7.99492636397722
"369","22064153B3574187835078",1,34696.6848057143,34696.6848057143,10.4543994226306
"370","22064153B36411435837789",1,722104.09221408,722104.09221408,13.4899245795248
"371","22064153B36635656677218",1,149082.433940042,149082.433940042,11.9122546798621
"372","22064153B36671454737520",1,26871.7760573464,26871.7760573464,10.1988317975772
"373","22064153B36820241418054",1,35977.2544071623,35977.2544071623,10.4906421957313
"374","22064153B36899747691995",1,13940.1674917459,13940.1674917459,9.54252969943214
"375","22064153B37300460169028",1,31378.5055442125,31378.5055442125,10.3538784006855
"376","22064153B37535549153017",1,6495.54739591528,6495.54739591528,8.77887220514002
"377","22064153B38003203294123",1,66305.385559107,66305.385559107,11.1020264030274
"378","22064153B38160356889893",1,25563.9985683888,25563.9985683888,10.1489403347691
"379","22064153B38234502302871",1,30152.9435653668,30152.9435653668,10.3140378280819
"380","22064153B3825663705425",1,109276.240584964,109276.240584964,11.6016342725379
"381","22064153B38263245523496",1,53927.1424948088,53927.1424948088,10.8953892014799
"382","22064153B38280459687635",1,738.183179185777,738.183179185777,6.60419200408023
"383","22064153B38373217054735",1,16212.0848600723,16212.0848600723,9.69351222213323
"384","22064153B38516205558719",1,11500.2029418679,11500.2029418679,9.35011996131458
"385","22064153B386757368004",1,53779.3890616956,53779.3890616956,10.8926455698047
"386","22064153B39059468846862",1,34680.8214713336,34680.8214713336,10.453942117792
"387","22064153B39171502191048",1,12052.6554951381,12052.6554951381,9.39704028768073
"388","22064153B39173666137461",1,10086.1778256277,10086.1778256277,9.21892123341796
"389","22064153B3969862222627",1,11489.838885413,11489.838885413,9.34921834858722
"390","22064153B4024875933909",1,49005.6833886879,49005.6833886879,10.799691557891
"391","22064153B40828352777432",1,24245.6888830728,24245.6888830728,10.0959941025436
"392","22064153B40833492978159",1,16151.7928222461,16151.7928222461,9.68978633315497
"393","22064153B41154522842822",1,6121.82154055171,6121.82154055171,8.71961496856622
"394","22064153B41514672574111",1,19514.768441793,19514.768441793,9.8789268138919
"395","22064153B41525675673644",1,11301.5791719859,11301.5791719859,9.33269774466961
"396","22064153B41643449660961",1,53108.0448119875,53108.0448119875,10.8800836988052
"397","22064153B417111065512",1,53584.0724491192,53584.0724491192,10.8890071470993
"398","22064153B41720613650338",1,121361.308969306,121361.308969306,11.7065273998023
"399","22064153B42217323909789",1,48249.2793585715,48249.2793585715,10.7841361710819
"400","22064153B42900229299916",1,116768.830844416,116768.830844416,11.6679514545542
"401","22064153B43125554844951",1,32697.4257444986,32697.4257444986,10.3950516303767
"402","22064153B43185436543368",1,102527.788238752,102527.788238752,11.5378891455867
"403","22064153B43232659310460",1,28783.4941614813,28783.4941614813,10.2675573824353
"404","22064153B43898079170437",1,235494.796135199,235494.796135199,12.369444095104
"405","22064153B43979450317974",1,42041.1553550168,42041.1553550168,10.6464043068924
"406","22064153B44123473908200",1,80492.8388253314,80492.8388253314,11.2959235007581
"407","22064153B44267984628031",1,31072.472435049,31072.472435049,10.344077575502
"408","22064153B44542304217365",1,121512.628526161,121512.628526161,11.7077734748484
"409","22064153B44560660851170",1,20049.4840040078,20049.4840040078,9.90595869694259
"410","22064153B44784100990401",1,59381.0476340795,59381.0476340795,10.9917303910398
"411","22064153B44963787773880",1,381922.97801924,381922.97801924,12.8529742390371
"412","22064153B45001558648398",1,124610.529983116,124610.529983116,11.7329483920626
"413","22064153B45188135537989",1,8193.75753257294,8193.75753257294,9.01112786681873
"414","22064153B45248140164067",1,43479.2774694719,43479.2774694719,10.6800397235596
"415","22064153B45322323594402",2,61033.8070692115,122067.614138423,11.7123303844448
"416","22064153B45421969822613",1,34415.716728414,34415.716728414,10.4462686206628
"417","22064153B46015146665875",1,43909.5406216414,43909.5406216414,10.6898869016846
"418","22064153B46179239075141",2,242939.572946793,485879.145893586,13.093715200958
"419","22064153B46237965810139",1,4942.46496193799,4942.46496193799,8.50561946588216
"420","22064153B46764438077406",2,34513.9457708403,69027.8915416806,11.1422659271441
"421","22064153B46974703546611",1,29124.7457937096,29124.7457937096,10.2793434627169
"422","22064153B47088094291136",1,36539.3169096936,36539.3169096936,10.5061441354413
"423","22064153B47141697781340",1,68736.6570025644,68736.6570025644,11.1380379167302
"424","22064153B47469236554060",1,688264.569717324,688264.569717324,13.4419285920032
"425","22064153B48078065447549",2,39355.1093281853,78710.2186563706,11.2735282691325
"426","22064153B48099706637709",1,36111.8510188805,36111.8510188805,10.4943763735194
"427","22064153B48122018052032",1,2144.95168514886,2144.95168514886,7.67087230670231
"428","22064153B48342484050891",1,29227.5571827714,29227.5571827714,10.2828672823506
"429","22064153B48721476653165",1,36258.701317889,36258.701317889,10.4984346678343
"430","22064153B49276333720668",1,268.459258313291,268.459258313291,5.59269916430998
"431","22064153B49277227172137",1,76258.4401500704,76258.4401500704,11.2418833788366
"432","22064153B49312445085348",2,102888.891067589,205777.782135178,12.2345521380273
"433","22064153B50130441477952",1,19009.0940069587,19009.0940069587,9.85267277558604
"434","22064153B5057335673555",1,38666.5436989742,38666.5436989742,10.5627300012164
"435","22064153B51010300776987",1,162198.462276271,162198.462276271,11.9965759402009
"436","22064153B5111391554664",1,43814.469177054,43814.469177054,10.6877193883202
"437","22064153B51289193141424",1,10627.2039138456,10627.2039138456,9.27117239946804
"438","22064153B51590096369017",1,27126.7395834911,27126.7395834911,10.2082752208967
"439","22064153B51668010168839",1,300538.323618767,300538.323618767,12.6133305576669
"440","22064153B51830778550704",1,93054.9774823863,93054.9774823863,11.4409457531963
"441","22064153B51861353705431",1,119871.115917394,119871.115917394,11.6941724105546
"442","22064153B52034596955899",1,40049.5303796403,40049.5303796403,10.5978722265761
"443","22064153B52179912270627",1,47970.9172290726,47970.9172290726,10.7783502152029
"444","22064153B52241055716439",1,55055.5991863896,55055.5991863896,10.916098847903
"445","22064153B52523580672290",1,35286.8552175884,35286.8552175884,10.4712658001338
"446","22064153B52526289873005",1,5868.97791183532,5868.97791183532,8.67743577702004
"447","22064153B52629269001458",1,2335.36425656692,2335.36425656692,7.75592315646622
"448","22064153B52648905753653",1,4337.45993047781,4337.45993047781,8.37504418628226
"449","22064153B52725816904934",1,43315.9262090523,43315.9262090523,10.6762756571974
"450","22064153B52868042497281",2,101660.973001799,203321.946003598,12.2225459426522
"451","22064153B53393989117079",1,5303.13177161571,5303.13177161571,8.57605282533222
"452","22064153B53816838639023",1,56833.568970403,56833.568970403,10.9478824331358
"453","22064153B54573279257236",1,10677.3999243557,10677.3999243557,9.27588463009906
"454","22064153B54739000283393",1,11537.3091095027,11537.3091095027,9.35334133345237
"455","22064153B54812792902369",1,101571.781540534,101571.781540534,11.5285210348066
"456","22064153B5520386080739",1,17230.4876491,17230.4876491,9.75443563144881
"457","22064153B5531323380958",2,1470909.22853747,2941818.45707494,14.8945384709231
"458","22064153B55424285147191",1,7409.6206809537,7409.6206809537,8.91053452682518
"459","22064153B55493173352162",1,16374.0294773864,16374.0294773864,9.70345179019045
"460","22064153B55930097994120",1,75676.0213830965,75676.0213830965,11.2342166307674
"461","22064153B55931345507884",1,85220.7443146518,85220.7443146518,11.353000161053
"462","22064153B55971315986708",1,4470.60738461216,4470.60738461216,8.40527955860317
"463","22064153B5606212103523",1,4436.89996700016,4436.89996700016,8.39771120593661
"464","22064153B56106555282703",1,119983.420234723,119983.420234723,11.6951088475079
"465","22064153B56211754183419",1,446931.858801255,446931.858801255,13.0101614208149
"466","22064153B56360165329958",1,41670.3747949189,41670.3747949189,10.6375457187346
"467","22064153B56467377786107",1,10751.7881155993,10751.7881155993,9.28282735605827
"468","22064153B56538880550239",1,3741.7487108553,3741.7487108553,8.22730835087931
"469","22064153B57460904263691",1,25533.413468617,25533.413468617,10.1477432055132
"470","22064153B57554253448105",1,1603.70933153933,1603.70933153933,7.38007455725404
"471","22064153B57653532760136",1,16542.9792638725,16542.9792638725,9.71371707713785
"472","22064153B57655293715823",1,33268.1845350822,33268.1845350822,10.4123567998976
"473","22064153B57698371148493",1,6322.18985796489,6322.18985796489,8.75182092363828
"474","22064153B57880496845400",1,41845.8413034398,41845.8413034398,10.641747699497
"475","22064153B58156912777265",1,22907.8595726942,22907.8595726942,10.0392353434397
"476","22064153B58264224873440",1,11866.8130361803,11866.8130361803,9.38150096260552
"477","22064153B58298111838793",1,113789.147102766,113789.147102766,11.642102427961
"478","22064153B58560058955462",1,56745.5911051929,56745.5911051929,10.9463332425493
"479","22064153B58621167796121",1,31320.9524515508,31320.9524515508,10.3520425599728
"480","22064153B58787616490408",1,23195.6610549249,23195.6610549249,10.0517205166687
"481","22064153B59225820770411",1,12782.1400306239,12782.1400306239,9.4558041654486
"482","22064153B59487832348145",1,3091.92777104367,3091.92777104367,8.0365500494874
"483","22064153B59618567090175",1,14577.105312302,14577.105312302,9.58720744760043
"484","22064153B60131456575281",1,13076.7219595476,13076.7219595476,9.47858897888859
"485","22064153B60195592260119",1,25357.9577364455,25357.9577364455,10.1408478744111
"486","22064153B60503510934184",1,40877.0325892812,40877.0325892812,10.6183236339181
"487","22064153B60613345090189",1,15074.0432137825,15074.0432137825,9.62072955117538
"488","22064153B60751840721116",1,28076.0988656098,28076.0988656098,10.2426739192008
"489","22064153B60880441829581",1,13569.719490487,13569.719490487,9.51559608131732
"490","22064153B60931052346072",1,19711.5688679004,19711.5688679004,9.88896099453868
"491","22064153B61047916899475",1,10971.8272362913,10971.8272362913,9.30308610606142
"492","22064153B61048147512310",1,45271.7999662311,45271.7999662311,10.720439600325
"493","22064153B61069370096712",1,175045.631104878,175045.631104878,12.0728019680872
"494","22064153B61201437622994",1,22048.4316144648,22048.4316144648,10.0009967497495
"495","22064153B61345801484335",1,1697.65401598475,1697.65401598475,7.43700258638316
"496","22064153B61399355999235",1,7039.0751494969,7039.0751494969,8.85923206971209
"497","22064153B61546273634487",1,6736.31262353995,6736.31262353995,8.81526796570328
"498","22064153B61639073188138",2,23368.1130381781,46736.2260763562,10.7522748619223
"499","22064153B61862032927901",1,51892.562427793,51892.562427793,10.8569307530618
"500","22064153B62115102055201",1,27181.2505454439,27181.2505454439,10.2102826964129
"501","22064153B62297132095458",1,47077.4200800293,47077.4200800293,10.7595487612327
"502","22064153B62482792519738",1,11331.8050223434,11331.8050223434,9.33536865486728
"503","22064153B62672077731580",2,24041.1398597599,48082.2797195198,10.7806689832165
"504","22064153B62822681138687",1,47194.4764284547,47194.4764284547,10.7620321399048
"505","22064153B63068612486986",1,20160.6175882404,20160.6175882404,9.9114863560534
"506","22064153B63784741567602",1,48218.8692055059,48218.8692055059,10.7835057007241
"507","22064153B63840040249051",1,44248.3600132508,44248.3600132508,10.6975735879018
"508","22064153B64016815172570",2,974549.16090968,1949098.32181936,14.4828774245335
"509","22064153B6421292379130",1,67973.3476178436,67973.3476178436,11.1268709605306
"510","22064153B64219933693528",1,8416.41385799601,8416.41385799601,9.03793910891054
"511","22064153B65021558399950",1,218176.728012918,218176.728012918,12.2930606923069
"512","22064153B65083387274460",1,32728.4962505707,32728.4962505707,10.3960014223692
"513","22064153B65490065262091",1,16377.0787162488,16377.0787162488,9.70363799695042
"514","22064153B65569101114722",1,4735.21524952289,4735.21524952289,8.46278246383148
"515","22064153B65726287039798",1,36390.8823417704,36390.8823417704,10.502073537132
"516","22064153B65854996769111",1,28311.5413597077,28311.5413597077,10.2510248223924
"517","22064153B66514919549994",1,72055.486044733,72055.486044733,11.1851917407182
"518","22064153B67091834306400",1,19914.0026129998,19914.0026129998,9.89917841216223
"519","22064153B67448277745737",1,52013.4532861893,52013.4532861893,10.8592576811442
"520","22064153B67459914812798",1,70752.3559551167,70752.3559551167,11.16694111467
"521","22064153B6795873571666",1,440643.247575392,440643.247575392,12.9959908646282
"522","22064153B68069187412847",1,24192.7518844669,24192.7518844669,10.0938083583767
"523","22064153B68363974409505",1,32563.4910934172,32563.4910934172,10.3909470346826
"524","22064153B68679560851725",1,11383.2660375802,11383.2660375802,9.33989966453416
"525","22064153B69278152819157",1,35632.1832533105,35632.1832533105,10.481004532426
"526","22064153B69435349130289",2,22054.5878732581,44109.1757465162,10.6944231066065
"527","22064153B69891847725817",1,4344.49817851664,4344.49817851664,8.37666553701727
"528","22064153B70283581599440",1,1175.60511319549,1175.60511319549,7.06953828397005
"529","22064153B70489840196790",1,10298.0348116921,10298.0348116921,9.2397083610327
"530","22064153B70502530200246",1,81724.6888180488,81724.6888180488,11.3111114239137
"531","22064153B70779878748241",1,26120.2961587996,26120.2961587996,10.1704679217181
"532","22064153B70816441618955",2,28606.4417312013,57212.8834624026,10.9545343873629
"533","22064153B70852556389984",1,20103.7123032398,20103.7123032398,9.90865976869723
"534","22064153B71021754844770",1,37419.8279488332,37419.8279488332,10.5299560019777
"535","22064153B71078406395750",1,38023.4174803101,38023.4174803101,10.5459574983866
"536","22064153B71321460612085",1,5987.95079354,5987.95079354,8.69750452799406
"537","22064153B71727675114303",1,55540.2331387542,55540.2331387542,10.9248629585249
"538","22064153B71803232115030",1,47656.2091070281,47656.2091070281,10.7717682071415
"539","22064153B72367314810159",1,46634.2883473285,46634.2883473285,10.7500913509894
"540","22064153B72795159098609",1,17487.2326887775,17487.2326887775,9.76922633301145
"541","22064153B73058523223682",1,14667.330372261,14667.330372261,9.59337787586258
"542","22064153B73079587251631",1,18580.4715844969,18580.4715844969,9.82986639334266
"543","22064153B7322851157107",1,26222.1984250467,26222.1984250467,10.1743615991517
"544","22064153B73547165677482",1,10869.7110587486,10869.7110587486,9.29373539823009
"545","22064153B735534792520",1,179888.540503998,179888.540503998,12.1000927186546
"546","22064153B74370220833750",1,7189.83848518112,7189.83848518112,8.8804239866493
"547","22064153B75284693112718",1,3891.23833227572,3891.23833227572,8.26648272329985
"548","22064153B75302360124634",1,4640.46925326267,4640.46925326267,8.44257077227547
"549","22064153B7544432194221",1,22783.9715586183,22783.9715586183,10.0338125659059
"550","22064153B75512617616301",1,18908.8255278248,18908.8255278248,9.84738405120041
"551","22064153B75857834624428",1,24970.3524915574,24970.3524915574,10.1254444997764
"552","22064153B76094051519887",1,14828.117564893,14828.117564893,9.60428049281304
"553","22064153B76164610245689",1,18218.9899146246,18218.9899146246,9.81021973100192
"554","22064153B76299833153547",1,48538.1261344134,48538.1261344134,10.7901048739704
"555","22064153B76371421200355",1,448655.158895214,448655.158895214,13.0140098513678
"556","22064153B76525796154688",3,1528.42220773175,4585.26662319525,8.43060353418747
"557","22064153B76527177669413",1,18741.3072855556,18741.3072855556,9.83848531246051
"558","22064153B76748152087135",1,12749.9470516768,12749.9470516768,9.45328239776829
"559","22064153B76764932541801",1,3035.56147544583,3035.56147544583,8.01815168653008
"560","22064153B77224046457748",1,41345.893971265,41345.893971265,10.6297283961565
"561","22064153B77422596340227",1,68961.3763881822,68961.3763881822,11.1413018643638
"562","22064153B77677863466257",1,24359.8095032517,24359.8095032517,10.1006899017297
"563","22064153B7777757861783",1,15596.0919945525,15596.0919945525,9.65477564868425
"564","22064153B77932337401071",1,2972.67684025474,2972.67684025474,7.99721811889114
"565","22064153B77987793520078",1,3046.83409817527,3046.83409817527,8.02185832990748
"566","22064153B78193536381763",2,1277.2337877032,2554.4675754064,7.84559909556303
"567","22064153B78228861031651",1,142213.744369613,142213.744369613,11.8650864468817
"568","22064153B78682541824565",1,10108.7970941059,10108.7970941059,9.2211613231459
"569","22064153B78696629959853",1,59479.3494480913,59479.3494480913,10.9933844631923
"570","22064153B78841847163237",1,8688.17631091904,8688.17631091904,9.06971833558187
"571","22064153B78973888518782",1,17859.7625540246,17859.7625540246,9.79030555949467
"572","22064153B79178271585243",1,7911.6088276483,7911.6088276483,8.9760864316921
"573","22064153B7929825119488",1,10671.3781125318,10671.3781125318,9.27532049364374
"574","22064153B79313439986888",1,26255.3785535718,26255.3785535718,10.1756261443101
"575","22064153B79844191298444",1,20199.6521225793,20199.6521225793,9.91342066158651
"576","22064153B80068225568868",1,6325.04129991638,6325.04129991638,8.75227184320545
"577","22064153B8024533352103",1,1566.64936040792,1566.64936040792,7.35669445242089
"578","22064153B80637713594426",1,21968.9827078389,21968.9827078389,9.99738686061243
"579","22064153B80804439158864",1,5971.13886218315,5971.13886218315,8.69469295237826
"580","22064153B80945575612703",1,9585.06921266267,9585.06921266267,9.16796187638875
"581","22064153B81017994421279",1,5096.08156535258,5096.08156535258,8.53622720288383
"582","22064153B81163718541362",2,48488.6076133219,96977.2152266438,11.4822313353228
"583","22064153B81712763029694",1,13860.3214730497,13860.3214730497,9.53678546677864
"584","22064153B81775396633762",1,10727.6623652444,10727.6623652444,9.2805809521736
"585","22064153B82042887470941",1,53419.0426381339,53419.0426381339,10.8859225650907
"586","22064153B82114813536666",1,40512.607689102,40512.607689102,10.609368505616
"587","22064153B82157551102424",1,3636.95413107049,3636.95413107049,8.1989018331589
"588","22064153B82247115875791",1,7152.42150334064,7152.42150334064,8.8752062501476
"589","22064153B82400996798627",1,8035.27812023584,8035.27812023584,8.99159689116758
"590","22064153B8255256814498",1,17537.2001381896,17537.2001381896,9.7720796259432
"591","22064153B82678654202342",1,10647.9725783461,10647.9725783461,9.27312478478483
"592","22064153B83131458706543",2,121898.382117384,243796.764234768,12.4040902237295
"593","22064153B83234888303578",2,55690.0716335529,111380.143267106,11.620704343434
"594","22064153B833454751178",1,3620.31054745263,3620.31054745263,8.19431508772948
"595","22064153B83500491832850",1,36613.983249645,36613.983249645,10.5081855024259
"596","22064153B83864123648968",1,24730.8315732409,24730.8315732409,10.1158059860415
"597","22064153B83906852735077",1,6571.72390020865,6571.72390020865,8.79053146674219
"598","22064153B84245586977349",1,51582.4440643389,51582.4440643389,10.8509366622666
"599","22064153B84385819333701",1,14464.7523170174,14464.7523170174,9.57947009434745
"600","22064153B84546796088042",1,17145.9847742445,17145.9847742445,9.74951930123204
"601","22064153B84687278012023",1,149542.792333823,149542.792333823,11.9153378672017
"602","22064153B84919846771275",1,32221.3238167605,32221.3238167605,10.3803837426889
"603","22064153B85000886785239",1,56435.6383589414,56435.6383589414,10.9408561237272
"604","22064153B85067318536798",1,5243.99371628482,5243.99371628482,8.5648386466153
"605","22064153B8516585574683",1,65967.6639721393,65967.6639721393,11.0969199611328
"606","22064153B85291170334429",1,17452.396730249,17452.396730249,9.76723226663748
"607","22064153B85574659039588",1,140614.430610398,140614.430610398,11.8537768890123
"608","22064153B85586917882840",1,16338.1224019608,16338.1224019608,9.70125645373082
"609","22064153B85680479871483",1,31853.5690858135,31853.5690858135,10.3689047139314
"610","22064153B86120410024942",1,2062.42583231367,2062.42583231367,7.63163815747191
"611","22064153B86211377030233",1,87994.9248019013,87994.9248019013,11.3850344190915
"612","22064153B86297113496232",1,9815.12792009332,9815.12792009332,9.19168013974772
"613","22064153B86478142547352",1,3249.44605362131,3249.44605362131,8.08623981575678
"614","22064153B86498088606166",1,7436.67696886634,7436.67696886634,8.91417938408243
"615","22064153B86521976602525",1,56957.8551081025,56957.8551081025,10.9500668892691
"616","22064153B8666349443712",1,46753.1484728687,46753.1484728687,10.7526368794624
"617","22064153B86801747373252",1,22954.7645126094,22954.7645126094,10.0412807979772
"618","22064153B87212941126642",1,28212.4958075404,28212.4958075404,10.2475202725229
"619","22064153B87243453067492",1,63810.5732971121,63810.5732971121,11.063674181262
"620","22064153B87267410101558",1,44976.236436678,44976.236436678,10.7138895500846
"621","22064153B87296692178554",1,136116.774821712,136116.774821712,11.8212684346941
"622","22064153B87562970219481",1,3048.15392096726,3048.15392096726,8.02229141453651
"623","22064153B87600766129132",1,62958.7284435808,62958.7284435808,11.0502346866291
"624","22064153B87695161266591",1,13072.1753189458,13072.1753189458,9.47824122880191
"625","22064153B87911292599012",2,63203.2477250984,126406.495450197,11.7472581474299
"626","22064153B87940577626061",1,13059.3781384346,13059.3781384346,9.47726178595668
"627","22064153B87980745802810",1,17070.5057396105,17070.5057396105,9.74510744274331
"628","22064153B88065808639443",1,112959.349959153,112959.349959153,11.6347832980996
"629","22064153B8813975202654",1,1228.26177811263,1228.26177811263,7.11335526034748
"630","22064153B88729606439601",1,33500.6290348821,33500.6290348821,10.4193194947975
"631","22064153B88760930069413",1,41669.2114513497,41669.2114513497,10.6375178005837
"632","22064153B88862899919648",1,139115.310982313,139115.310982313,11.8430584436177
"633","22064153B89642323235755",1,12424.4858046833,12424.4858046833,9.42742446617958
"634","22064153B89665543421150",1,37776.9457159698,37776.9457159698,10.5394542938481
"635","22064153B90382038348999",1,1097432.97465265,1097432.97465265,13.908484351135
"636","22064153B9051879540232",1,41390.7733472997,41390.7733472997,10.6308132689678
"637","22064153B90780529710926",1,1025.94325513745,1025.94325513745,6.93336771731766
"638","22064153B9080529541811",1,59957.5802311832,59957.5802311832,11.0013925950177
"639","22064153B90906708968862",1,20769.5022588668,20769.5022588668,9.94124095215676
"640","22064153B90991559137685",1,28434.8743690599,28434.8743690599,10.2553716415514
"641","22064153B92054695753215",2,5828.70996877353,11657.4199375471,9.36369816076672
"642","22064153B92230134603738",1,1521.94198236495,1521.94198236495,7.32774241835535
"643","22064153B92427745486428",1,54934.8606301745,54934.8606301745,10.9139034101367
"644","22064153B92521276992791",2,26493.8087018593,52987.6174037186,10.8778135313455
"645","22064153B92728866184375",2,21187.7270372433,42375.4540744866,10.6543245602474
"646","22064153B92731111025148",1,164240.785417082,164240.785417082,12.0090888338117
"647","22064153B92754256682750",1,36434.6414281278,36434.6414281278,10.5032752886432
"648","22064153B92910812775945",1,33228.2708620925,33228.2708620925,10.4111563245476
"649","22064153B92948543202040",1,16851.1690022814,16851.1690022814,9.73217531036403
"650","22064153B93520564600239",1,17327.4090701034,17327.4090701034,9.76004486605674
"651","22064153B93521388220713",1,26478.9828895718,26478.9828895718,10.1841065987986
"652","22064153B93544053912338",2,40479.524640126,80959.049280252,11.3016987413725
"653","22064153B93627159122123",1,21412.0011401189,21412.0011401189,9.97170684476
"654","22064153B93831812640775",1,28427.1176350854,28427.1176350854,10.2550988148794
"655","22064153B94045297720108",1,17638.6320785457,17638.6320785457,9.77784677998619
"656","22064153B94127780812190",1,136922.746763922,136922.746763922,11.8271721535291
"657","22064153B94408757822764",1,73049.02131617,73049.02131617,11.1988860196376
"658","22064153B94443438334718",1,9340.71073985906,9340.71073985906,9.14213762467236
"659","22064153B9452209011947",1,35031.7046226377,35031.7046226377,10.4640087768014
"660","22064153B94530132332923",2,34922.5566249909,69845.1132499818,11.1540354016076
"661","22064153B94546008893",1,2543.03013365737,2543.03013365737,7.8411116150009
"662","22064153B94990135039499",1,16270.6358996099,16270.6358996099,9.6971172836294
"663","22064153B94993011750115",2,20522.3100324289,41044.6200648578,10.6224150481884
"664","22064153B95702189282228",1,16037.1131917793,16037.1131917793,9.6826608896481
"665","22064153B95834507403925",1,24104.8580557205,24104.8580557205,10.09016867824
"666","22064153B95884811797842",1,9547.06682072286,9547.06682072286,9.16398924710655
"667","22064153B96792865327572",1,21755.5014484773,21755.5014484773,9.98762194469274
"668","22064153B96898003018692",2,29623.9330093101,59247.8660186202,10.9894850417854
"669","22064153B9719288740137",1,13153.986232163,13153.986232163,9.48448012719532
"670","22064153B97344910702567",2,15320.2149378305,30640.429875661,10.3300756536406
"671","22064153B97991398929026",1,108833.709893267,108833.709893267,11.5975763989933
"672","22064153B98068681997593",1,33313.0609809039,33313.0609809039,10.4137048207185
"673","22064153B98138334835392",2,9325.74769083542,18651.4953816708,9.83368160318044
"674","22064153B98286353198048",1,21215.8440758569,21215.8440758569,9.96250354359286
"675","22064153B98524881457681",1,45016.1411029524,45016.1411029524,10.7147763956149
"676","22064153B98586949773081",1,8061.99365551459,8061.99365551459,8.99491615671508
"677","22064153B98863948412239",1,180198.77788268,180198.77788268,12.1018158421283
"678","22064153B98951544817880",1,54685.366831008,54685.366831008,10.9093514358205
"679","22064153B99607574658792",1,53846.9273309119,53846.9273309119,10.8939006211778
"680","22064153B99767339475906",1,16541.4158196215,16541.4158196215,9.71362256464951
"681","25037944B35622910690770",1,6962.05865174965,6962.05865174965,8.84823049289057
"682","25037944B73531494726593",1,4006.73929216992,4006.73929216992,8.29573304542235
"683","25037944B80645640934935",1,7019.90434297704,7019.90434297704,8.85650487057047
"684","2640588B11276327116073",2,3211870.62446237,6423741.24892474,15.6755112549875
"685","2640588B12869096786612",2,5044166.57870788,10088333.1574158,16.1268901812021
"686","2640588B14186532473464",1,307586.743233449,307586.743233449,12.6365124182644
"687","2640588B17055181338626",1,912099.64714647,912099.64714647,13.7235045253098
"688","2640588B20595662599865",2,2828362.99428368,5656725.98856736,15.5483558355646
"689","2640588B20861121251971",2,3327225.02408226,6654450.04816452,15.7107963690059
"690","2640588B22535822566030",1,288948.402168683,288948.402168683,12.5740034119458
"691","2640588B24165862747597",1,145715.540025043,145715.540025043,11.8894116441831
"692","2640588B29584406601254",2,3658981.08780022,7317962.17560044,15.805842455868
"693","2640588B33083527354868",1,1387655.55953998,1387655.55953998,14.1431262333021
"694","2640588B36229801410553",1,525000.430574618,525000.430574618,13.1711543617156
"695","2640588B36383122170471",1,227011.076046531,227011.076046531,12.3327540884297
"696","2640588B36426397400836",2,3292614.57637901,6585229.15275802,15.700339691758
"697","2640588B43067672764099",2,3869531.75686769,7739063.51373538,15.8617912451882
"698","2640588B43628149657030",2,3332974.56320323,6665949.12640646,15.7125229060185
"699","2640588B45258001695711",1,664876.388765131,664876.388765131,13.4073564208037
"700","2640588B46982966730152",2,2474412.80101397,4948825.60202794,15.4146608542806
"701","2640588B49362051778248",1,944981.548809761,944981.548809761,13.7589206812162
"702","2640588B50881283310688",1,838390.922681722,838390.922681722,13.6392397655362
"703","2640588B52568839586340",1,1912971.81864713,1912971.81864713,14.4641685168173
"704","2640588B57655195310467",1,2386755.29974264,2386755.29974264,14.6854453863428
"705","2640588B63294043497895",1,2941258.33921647,2941258.33921647,14.8943480542824
"706","2640588B64856500371355",2,2451774.12947483,4903548.25894966,15.4054696355015
"707","2640588B65314213268917",2,1581118.934017,3162237.868034,14.9667905210044
"708","2640588B70472166839855",2,3506161.05361473,7012322.10722946,15.7631794605383
"709","2640588B74898440822212",2,683264.39499713,1366528.78999426,14.1277843525471
"710","2640588B80128813909947",2,1396855.38130595,2793710.7626119,14.8428812925427
"711","2640588B8238689001419",1,874349.551477223,874349.551477223,13.6812355191631
"712","2640588B82697045094820",1,1426572.36873234,1426572.36873234,14.1707851800224
"713","2640588B82822310999177",1,279335.133512407,279335.133512407,12.5401675353305
"714","2640588B94420346402626",1,234160.353439919,234160.353439919,12.3637614307596
"715","2640588B97763445928490",1,878445.541035032,878445.541035032,13.6859091938341
"716","27666195B61672641857391",1,56018.5539458232,56018.5539458232,10.9334382353039
"717","27666195B63359869130293",1,7303.05559380703,7303.05559380703,8.89604811405273
"718","27666195B83736805727119",1,12285.5502970515,12285.5502970515,9.41617907817684
"719","3306468B10183104109049",1,22251.6175253083,22251.6175253083,10.0101699827187
"720","3306468B11652899938830",1,34092.854767773,34092.854767773,10.4368431037136
"721","3306468B11940370524112",1,16732.5968767002,16732.5968767002,9.7251140046906
"722","3306468B14471946980605",1,33060.9934525995,33060.9934525995,10.4061094209114
"723","3306468B15896052245603",1,14293.2262299705,14293.2262299705,9.5675410138095
"724","3306468B16106454484671",1,17446.7058131305,17446.7058131305,9.76690613119248
"725","3306468B1703224271200",1,20589.7167234116,20589.7167234116,9.93254704195787
"726","3306468B17793693444976",1,18294.6727425327,18294.6727425327,9.81436518948423
"727","3306468B23054065948148",1,15054.4810720756,15054.4810720756,9.61943097151245
"728","3306468B23578023399759",1,130653.047075407,130653.047075407,11.7803005931062
"729","3306468B24610118168871",1,143922.365872875,143922.365872875,11.8770293072947
"730","3306468B25553756069478",1,4494.1946918384,4494.1946918384,8.41054177442334
"731","3306468B25789433891427",1,20015.4049847215,20015.4049847215,9.9042575052825
"732","3306468B26306333639139",1,37707.2177646386,37707.2177646386,10.5376068077543
"733","3306468B2740041336238",1,65069.1635345626,65069.1635345626,11.0832060375511
"734","3306468B2817273614412",1,18222.8454130741,18222.8454130741,9.8104313283833
"735","3306468B28180088914928",1,6322.03863719404,6322.03863719404,8.75179700430292
"736","3306468B29569237091860",1,46926.4709318614,46926.4709318614,10.7563372074069
"737","3306468B29734552826956",1,18056.8791772629,18056.8791772629,9.80128200900796
"738","3306468B30631228592753",1,18278.1302612733,18278.1302612733,9.8134605564767
"739","3306468B30679779198976",1,244043.406019425,244043.406019425,12.4051013819764
"740","3306468B31162099816687",1,36375.0130312026,36375.0130312026,10.5016373627198
"741","3306468B31891639272972",1,17732.9197357003,17732.9197357003,9.78317806321484
"742","3306468B33320306044259",1,31798.1097694687,31798.1097694687,10.3671621257899
"743","3306468B34554561821271",1,15382.7340115097,15382.7340115097,9.64100099133883
"744","3306468B37182555728177",1,200962.297137912,200962.297137912,12.2108725930183
"745","3306468B37188297910356",1,32119.1669989184,32119.1669989184,10.3772082336932
"746","3306468B37411515289314",1,53998.6965522926,53998.6965522926,10.8967151873346
"747","3306468B38935954737927",1,16402.2481588248,16402.2481588248,9.70517368727246
"748","3306468B40985088538713",1,21936.6860512285,21936.6860512285,9.99591567644198
"749","3306468B41298949605028",1,25664.8640075583,25664.8640075583,10.1528781762295
"750","3306468B4250882356752",1,16953.4308847184,16953.4308847184,9.73822550440382
"751","3306468B42519572872146",1,9633.56148062021,9633.56148062021,9.17300826826134
"752","3306468B42523335746622",1,24378.9583088307,24378.9583088307,10.101475674839
"753","3306468B4333912279461",1,261407.310977876,261407.310977876,12.473835048327
"754","3306468B43421780768425",1,64212.1800000579,64212.1800000579,11.0699481913106
"755","3306468B44390196227357",1,153993.132809273,153993.132809273,11.9446632882539
"756","3306468B45575096497084",1,16547.9362177171,16547.9362177171,9.71401667319371
"757","3306468B48172399013768",1,27639.42395032,27639.42395032,10.2269984365038
"758","3306468B48570951315042",1,38474.4531152944,38474.4531152944,10.5577497445786
"759","3306468B49446780717545",1,6990.06732527107,6990.06732527107,8.85224546683685
"760","3306468B49798152350174",1,258937.844702159,258937.844702159,12.4643433300365
"761","3306468B50273300961313",1,9244.92694069787,9244.92694069787,9.1318302412154
"762","3306468B50398630049357",1,20355.2314352888,20355.2314352888,9.92109323082031
"763","3306468B51823501845904",1,65935.6812778615,65935.6812778615,11.0964350197563
"764","3306468B51834332245466",1,67384.2582882313,67384.2582882313,11.1181667130674
"765","3306468B52155686963809",1,18937.7783410704,18937.7783410704,9.84891406002202
"766","3306468B53789709824921",1,4162.47282686032,4162.47282686032,8.33386460618579
"767","3306468B54245916691578",1,9905.29776027653,9905.29776027653,9.20082502029379
"768","3306468B54253052941239",1,211949.306353268,211949.306353268,12.264102404085
"769","3306468B54711183761237",1,42944.6698828688,42944.6698828688,10.667667819196
"770","3306468B54911085338541",1,210515.760391756,210515.760391756,12.2573158005216
"771","3306468B55753848240652",1,130352.479496109,130352.479496109,11.7779974410151
"772","3306468B55760825381670",1,51891.5099982855,51891.5099982855,10.8569104719246
"773","3306468B56210487942158",1,22585.513116807,22585.513116807,10.0250639671933
"774","3306468B57439307714728",1,161079.035669483,161079.035669483,11.9896504282917
"775","3306468B57713364990292",1,42892.0238086523,42892.0238086523,10.6664411624236
"776","3306468B58364807671066",1,10759.6820041448,10759.6820041448,9.28356127976092
"777","3306468B60047889099268",1,222796.333033482,222796.333033482,12.3140133283427
"778","3306468B60341362842796",1,32172.8168769145,32172.8168769145,10.378877178629
"779","3306468B62426802090355",1,85865.4724973129,85865.4724973129,11.3605370771957
"780","3306468B63097535879723",1,1071322.00224082,1071322.00224082,13.8844039599291
"781","3306468B63590922856333",1,21562.7478376967,21562.7478376967,9.97872246762983
"782","3306468B64395738690475",1,38015.2473640916,38015.2473640916,10.5457426046542
"783","3306468B64693584443826",1,25394.2622802913,25394.2622802913,10.1422785330119
"784","3306468B64768612261884",1,11895.8618179449,11895.8618179449,9.38394587223064
"785","3306468B65787617435828",1,90399.7819182899,90399.7819182899,11.4119971339691
"786","3306468B67900396339745",1,76049.8415751302,76049.8415751302,11.239144214518
"787","3306468B69236034460520",1,92752.4119074299,92752.4119074299,11.4376889845243
"788","3306468B69906942456290",1,691607.854110503,691607.854110503,13.4467743891619
"789","3306468B70752003572919",1,31572.2423003387,31572.2423003387,10.3600336053313
"790","3306468B71353623072064",1,16646.0724211893,16646.0724211893,9.71992957696276
"791","3306468B71596371711370",1,98068.0961658682,98068.0961658682,11.4934173751855
"792","3306468B72129908795789",1,38081.3123876315,38081.3123876315,10.5474789522723
"793","3306468B72281596552802",1,72477.4261364011,72477.4261364011,11.1910304287232
"794","3306468B72856581619047",1,70793.0692986651,70793.0692986651,11.1675163836284
"795","3306468B72895662483472",1,34604.3737694134,34604.3737694134,10.4517353625774
"796","3306468B74800067614401",1,35762.9145953664,35762.9145953664,10.4846667303108
"797","3306468B76468188202077",1,44955.2157847624,44955.2157847624,10.7134220684243
"798","3306468B77556762591061",1,23900.9644293008,23900.9644293008,10.0816740897959
"799","3306468B7799388924344",1,774271.447098066,774271.447098066,13.5596777979336
"800","3306468B79017025460716",1,14020.980712395,14020.980712395,9.54831010909755
"801","3306468B80132338687245",1,21859.7217426395,21859.7217426395,9.99240103258453
"802","3306468B80209753736626",1,28233.0792133884,28233.0792133884,10.2482495912251
"803","3306468B81365020570437",1,567548.190415534,567548.190415534,13.2490809417642
"804","3306468B82844411676159",1,341989.497155726,341989.497155726,12.7425353055022
"805","3306468B82901312279704",1,7206.15519035753,7206.15519035753,8.88269082734557
"806","3306468B8616193891808",1,16658.6517782845,16658.6517782845,9.72068498677297
"807","3306468B87386677214515",1,23528.3833626095,23528.3833626095,10.0659627739896
"808","3306468B8786854663218",1,18148.2728410785,18148.2728410785,9.80633067489381
"809","3306468B87904766376188",1,263267.734302583,263267.734302583,12.4809267944986
"810","3306468B89107795210133",1,59877.5219032951,59877.5219032951,11.0000564532967
"811","3306468B8968248816263",1,27680.9151432867,27680.9151432867,10.22849847072
"812","3306468B8987969858006",1,50165.9186037582,50165.9186037582,10.8230911628388
"813","3306468B91060644356542",1,41088.5121423665,41088.5121423665,10.6234838514961
"814","3306468B91186516288237",1,21054.9773585434,21054.9773585434,9.95489226524724
"815","3306468B93342772649109",1,4856.04153285593,4856.04153285593,8.48797888559731
"816","3306468B93547885769442",1,37768.5862046986,37768.5862046986,10.5392329833061
"817","3306468B9406738878397",1,6777.50015406713,6777.50015406713,8.82136360410497
"818","3306468B94493131963400",1,54949.2386925933,54949.2386925933,10.9141651051879
"819","3306468B95520457943603",1,7718.0718192384,7718.0718192384,8.95131984747515
"820","3306468B95722442714869",1,38888.4393187594,38888.4393187594,10.5684522956878
"821","3306468B99813204721250",1,35894.2559540128,35894.2559540128,10.4883325603938
"822","3306468B99956465733744",1,1244569.03161471,1244569.03161471,14.0342998686084
"823","50627088B10783162199748",1,1755.84905788386,1755.84905788386,7.47070781257556
"824","50627088B10803570714070",1,18033.3824392988,18033.3824392988,9.79997989922923
"825","50627088B10874491578506",1,2566.75683146794,2566.75683146794,7.8503984477
"826","50627088B11055345087016",1,3258.52336013585,3258.52336013585,8.08902941473119
"827","50627088B11288267250354",1,2315.24684579093,2315.24684579093,7.74727158968726
"828","50627088B11523678727998",1,22970.4913127385,22970.4913127385,10.0419656847769
"829","50627088B11851722089063",1,4537.75449043648,4537.75449043648,8.42018756304695
"830","50627088B12343009678657",1,4374.81466858437,4374.81466858437,8.38361943642801
"831","50627088B12787486609303",1,45398.1068213953,45398.1068213953,10.7232256831907
"832","50627088B13357579545804",1,7174.56068818092,7174.56068818092,8.87829681062521
"833","50627088B13437276838139",1,4736.74510790337,4736.74510790337,8.4631054927159
"834","50627088B13748341386854",1,28212.6641927826,28212.6641927826,10.2475262409682
"835","50627088B14972424911021",1,1846.22187414652,1846.22187414652,7.52089659968569
"836","50627088B15303573205943",1,2673.28620544801,2673.28620544801,7.89106378315228
"837","50627088B1648916665378",1,4507.6638232123,4507.6638232123,8.413534299001
"838","50627088B1667917270930",1,7431.48709384208,7431.48709384208,8.91348126490468
"839","50627088B16887744460573",1,27588.3739257643,27588.3739257643,10.2251497283873
"840","50627088B17186904651787",1,5326.05609881654,5326.05609881654,8.5803662993294
"841","50627088B17469590564501",1,4060.99658860009,4060.99658860009,8.30918368764657
"842","50627088B1760637250233",1,5039.80816328407,5039.80816328407,8.52512329750054
"843","50627088B17922622757176",1,3439.07827669242,3439.07827669242,8.14295877164238
"844","50627088B1802746700322",1,2597.53903238412,2597.53903238412,7.86231974976486
"845","50627088B1841246118365",1,55855.4684790392,55855.4684790392,10.9305227133843
"846","50627088B18876706732637",1,5918.14456548002,5918.14456548002,8.68577826075913
"847","50627088B19376593923850",1,3417.85713895708,3417.85713895708,8.13676906612476
"848","50627088B196089850290",1,5778.49921905174,5778.49921905174,8.66189927726826
"849","50627088B20812688869072",1,4171.75844216792,4171.75844216792,8.33609291467641
"850","50627088B20857302677335",2,255120.717881027,510241.435762054,13.1426392961355
"851","50627088B20953920134317",1,2681.78837775767,2681.78837775767,7.89423915608929
"852","50627088B21125637021022",1,8575.29149672315,8575.29149672315,9.05664026524332
"853","50627088B21538362927498",2,37352.6941187964,74705.3882375928,11.2213075002142
"854","50627088B215944701539",1,10701.5250344705,10701.5250344705,9.27814153688008
"855","50627088B21610676051611",1,22917.912552936,22917.912552936,10.0396740913292
"856","50627088B21982561063626",1,5081.13317774689,5081.13317774689,8.53328958218251
"857","50627088B2240066816782",1,13987.3825133146,13987.3825133146,9.54591095317934
"858","50627088B22638065525590",1,23361.7379285819,23361.7379285819,10.0588548318024
"859","50627088B22717213197696",1,1390.81552752857,1390.81552752857,7.23764556452966
"860","50627088B22735583754735",1,5929.75444213583,5929.75444213583,8.68773808171377
"861","50627088B22821313944605",1,15157.2631942149,15157.2631942149,9.62623511481312
"862","50627088B23395103258553",1,4520.72662047103,4520.72662047103,8.41642801664768
"863","50627088B23410005526234",1,932.286873144985,932.286873144985,6.83764057112735
"864","50627088B23894321184997",1,3927.58292886456,3927.58292886456,8.275779484831
"865","50627088B24493610345769",1,56676.4347884831,56676.4347884831,10.9451137911291
"866","50627088B24717754515407",1,6086.5321962513,6086.5321962513,8.71383377261654
"867","50627088B24853536589407",1,2354.283529804,2354.283529804,7.7639917265332
"868","50627088B24953100637846",1,3392.40280926914,3392.40280926914,8.12929374259389
"869","50627088B25274478654542",1,3539.11815510336,3539.11815510336,8.17163286636722
"870","50627088B25351839597383",1,2984.80124683405,2984.80124683405,8.0012884396347
"871","50627088B25547762924420",1,3400.32184717378,3400.32184717378,8.13162536705765
"872","50627088B25746223253331",1,1705.2984258239,1705.2984258239,7.44149540421043
"873","50627088B25823982981856",1,4373.38121090146,4373.38121090146,8.38329172138471
"874","50627088B26414808863062",1,1965.43570617586,1965.43570617586,7.58346923314697
"875","50627088B26566065011472",1,2507.01477947816,2507.01477947816,7.82684799342538
"876","50627088B26863114972707",1,27090.8095731696,27090.8095731696,10.2069498192088
"877","50627088B2691831673313",1,3195.56451731119,3195.56451731119,8.06951903893853
"878","50627088B27678172888036",1,13839.5022123599,13839.5022123599,9.53528226120978
"879","50627088B27692597890470",1,25207.1647095134,25207.1647095134,10.1348835469596
"880","50627088B27978292872391",2,41483.4134818837,82966.8269637674,11.326196131752
"881","50627088B28012319931887",1,5306.15310775936,5306.15310775936,8.57662238987115
"882","50627088B28921038205871",1,112778.773885808,112778.773885808,11.6331834255678
"883","50627088B29735137627697",1,3110.00389825456,3110.00389825456,8.04237925863055
"884","50627088B30375363427606",1,15242.0673984511,15242.0673984511,9.63181447610653
"885","50627088B31059355925449",1,26198.3937422874,26198.3937422874,10.1734533803235
"886","50627088B31289978402863",1,3430.60196321037,3430.60196321037,8.14049102424
"887","50627088B31597135225135",1,30351.8505466267,30351.8505466267,10.3206127681585
"888","50627088B31711328181350",1,788.062907401789,788.062907401789,6.66957791839966
"889","50627088B31998279857894",1,1287.74565074041,1287.74565074041,7.1606484110301
"890","50627088B32470914546985",1,2478.10457885933,2478.10457885933,7.81524926422808
"891","50627088B32865736340777",1,9262.3145303413,9262.3145303413,9.13370924568903
"892","50627088B33548030742406",1,1496.92422034376,1496.92422034376,7.31116776212549
"893","50627088B33954526320841",1,26657.0110428876,26657.0110428876,10.1908074735273
"894","50627088B34708786687767",1,811.501725713387,811.501725713387,6.69888651352464
"895","50627088B34817087326537",1,2830.68258844044,2830.68258844044,7.94827315888266
"896","50627088B35092187555669",1,49152.4838456062,49152.4838456062,10.802682660323
"897","50627088B35228848025668",1,2961.72890217699,2961.72890217699,7.99352846537808
"898","50627088B3556575576263",1,12266.0741007704,12266.0741007704,9.41459252731968
"899","50627088B3574093962845",1,776.111865026299,776.111865026299,6.65429666575547
"900","50627088B35955945188177",1,6089.49179823207,6089.49179823207,8.71431990865575
"901","50627088B36429080609607",1,9837.17643966484,9837.17643966484,9.19392400168054
"902","50627088B3683914427881",2,122377.253966152,244754.507932304,12.4080109787412
"903","50627088B37506773175318",1,72350.0330258589,72350.0330258589,11.189271188533
"904","50627088B37536515094098",1,99595.4415364782,99595.4415364782,11.5088716748193
"905","50627088B37574101781202",1,7578.54961995612,7578.54961995612,8.9330771173143
"906","50627088B37596930660354",2,57855.7169116254,115711.433823251,11.6588547313177
"907","50627088B3793649992837",1,4955.96745499508,4955.96745499508,8.50834767593875
"908","50627088B38398266260275",1,2218.82459045841,2218.82459045841,7.70473287089342
"909","50627088B38419183941255",1,1981.44404894286,1981.44404894286,7.59158117551361
"910","50627088B38864018180233",1,13986.2173817988,13986.2173817988,9.54582765095718
"911","50627088B39496804164051",1,57650.2923247693,57650.2923247693,10.9621505963655
"912","50627088B40011540335784",1,2293.61154647999,2293.61154647999,7.73788294877344
"913","50627088B40141322880510",1,2869.0512089129,2869.0512089129,7.96173666486805
"914","50627088B40688642514204",1,1658.98668811588,1658.98668811588,7.41396226611719
"915","50627088B407128365288",1,2430.11971052192,2430.11971052192,7.79569579871045
"916","50627088B41033546830678",1,4381.65130203675,4381.65130203675,8.38518094191766
"917","50627088B41446302433754",1,3527.24239578119,3527.24239578119,8.16827165364182
"918","50627088B41464185473090",1,29585.7284836543,29585.7284836543,10.29504737822
"919","50627088B41598695930571",1,1751.37906712778,1751.37906712778,7.46815879493709
"920","50627088B41601938824535",1,13668.4547613877,13668.4547613877,9.52284588465913
"921","50627088B41619620230595",1,625330.495327905,625330.495327905,13.3460355814817
"922","50627088B42092688569481",1,15565.1264995234,15565.1264995234,9.65278821002054
"923","50627088B42113519243267",1,1081.41370811254,1081.41370811254,6.98602445313216
"924","50627088B42356664126835",1,30222.593658627,30222.593658627,10.3163450580416
"925","50627088B42650347331472",1,1427.55306236446,1427.55306236446,7.26371711237309
"926","50627088B4271549449183",1,12154.2954269634,12154.2954269634,9.405437919374
"927","50627088B42796639886072",1,87488.2824627043,87488.2824627043,11.3792601486664
"928","50627088B42859647725338",1,4373.22597320596,4373.22597320596,8.38325622471903
"929","50627088B43192699457410",1,1044.84912768256,1044.84912768256,6.95162777855239
"930","50627088B43254077601516",1,636.413857355714,636.413857355714,6.455849070827
"931","50627088B43651685111163",1,8471.89049445574,8471.89049445574,9.04450896161411
"932","50627088B43819232792449",1,6562.60942824911,6562.60942824911,8.78914358154167
"933","50627088B44043795414637",1,260527.504019404,260527.504019404,12.4704637162506
"934","50627088B44061639348759",1,2110.76130935103,2110.76130935103,7.65480397151277
"935","50627088B44222614313729",1,24891.4794026119,24891.4794026119,10.1222808312253
"936","50627088B44296897282663",1,3296.66798292126,3296.66798292126,8.1006675352169
"937","50627088B44383095655598",1,1902.19986314958,1902.19986314958,7.55076631810505
"938","50627088B44636472073228",1,4096.36497143444,4096.36497143444,8.3178552671039
"939","50627088B44987395526438",1,9885.19804345234,9885.19804345234,9.19879377014882
"940","50627088B45073633199756",1,10325.513002321,10325.513002321,9.24237310204977
"941","50627088B45157986380633",1,2332.44934541295,2332.44934541295,7.75467421562093
"942","50627088B45198070242199",2,56345.1425865035,112690.285173007,11.6323984955405
"943","50627088B45737045838114",1,7874.72908125545,7874.72908125545,8.9714140607218
"944","50627088B46127437383593",1,4530.96061752461,4530.96061752461,8.4186892528449
"945","50627088B4613944542165",1,2516.74495014122,2516.74495014122,7.83072165910756
"946","50627088B46254456023080",1,32444.3618253474,32444.3618253474,10.3872819574319
"947","50627088B46272999254732",1,3219.90237776041,3219.90237776041,8.07710632061316
"948","50627088B46665345239185",1,4464.35390937503,4464.35390937503,8.40387978169257
"949","50627088B47026157219910",1,4457.41587583583,4457.41587583583,8.40232447706023
"950","50627088B47039366190393",1,263588.595628085,263588.595628085,12.4821448167447
"951","50627088B47200776133604",1,14355.433853844,14355.433853844,9.57188381528508
"952","50627088B47723743355914",1,23186.9042050002,23186.9042050002,10.0513429243566
"953","50627088B48092332426149",1,56678.0729862729,56678.0729862729,10.9451426951016
"954","50627088B48372928795218",1,1440.69854371024,1440.69854371024,7.27288337474595
"955","50627088B48669608540498",1,6712.45598984165,6712.45598984165,8.81172018234746
"956","50627088B49891327076679",1,19677.8407282717,19677.8407282717,9.88724844549478
"957","50627088B50064037366577",1,39920.0476853366,39920.0476853366,10.5946339249471
"958","50627088B50606245291674",1,45284.8904919157,45284.8904919157,10.7207287126084
"959","50627088B50710705536412",1,3400.28253331468,3400.28253331468,8.13161380518553
"960","50627088B50879419202268",1,2887.54927332524,2887.54927332524,7.96816341903952
"961","50627088B50944578891285",1,880.643872194774,880.643872194774,6.7806533128787
"962","50627088B51147239881663",1,70827.3582468861,70827.3582468861,11.1680006209589
"963","50627088B51184351888865",1,1580.22343343902,1580.22343343902,7.36532152959206
"964","50627088B51283651622115",1,2200.85394810108,2200.85394810108,7.69660072226025
"965","50627088B52283797196470",1,7501.27341322431,7501.27341322431,8.92282807354189
"966","50627088B52540056379408",1,5071.64348273942,5071.64348273942,8.53142020238852
"967","50627088B52773743390897",1,11679.2147894132,11679.2147894132,9.36556602718858
"968","50627088B52914360802824",1,4453.01233528582,4453.01233528582,8.40133607542472
"969","50627088B53386333601556",1,3827.96924335128,3827.96924335128,8.25008971788834
"970","50627088B53659635813519",2,464111.237399712,928222.474799424,13.7410267188116
"971","50627088B53978228930209",1,2519.50391555558,2519.50391555558,7.8318173022197
"972","50627088B54034913428250",1,10988.7250820082,10988.7250820082,9.30462503357171
"973","50627088B54075186818998",1,2691.78372032702,2691.78372032702,7.89795934590519
"974","50627088B54513181179027",1,11697.3220776501,11697.3220776501,9.36711521233618
"975","50627088B54769814665330",1,3698.14690708706,3698.14690708706,8.2155871372497
"976","50627088B54996200211421",1,6514.29913581522,6514.29913581522,8.78175490676755
"977","50627088B55005263916135",1,9814.25015099069,9814.25015099069,9.19159070552316
"978","50627088B55125244226498",1,8193.43461492606,8193.43461492606,9.01108845583923
"979","50627088B55334990083111",1,1093.43042102233,1093.43042102233,6.99707520848316
"980","50627088B55356833838726",1,1617.31190681279,1617.31190681279,7.38852073325333
"981","50627088B55888965347329",1,6950.87263240281,6950.87263240281,8.84662248929612
"982","50627088B56104318486016",1,4654.949039985,4654.949039985,8.4456862422796
"983","50627088B56172328383937",1,34436.8612588478,34436.8612588478,10.4468828178858
"984","50627088B56439767998561",1,2975.1650187983,2975.1650187983,7.99805478494504
"985","50627088B57748910151999",1,3797.62204687275,3797.62204687275,8.24213037269549
"986","50627088B58222599296469",1,6616.41073744206,6616.41073744206,8.79730831721937
"987","50627088B5876126006722",1,1743.43009209074,1743.43009209074,7.46360976900597
"988","50627088B58864234392064",1,1903.76299180903,1903.76299180903,7.55158772851125
"989","50627088B59377752165188",1,13876.1179239114,13876.1179239114,9.53792450646167
"990","50627088B59545948667836",1,6121.74191779513,6121.74191779513,8.71960196209847
"991","50627088B59786847930457",1,4860.82287692037,4860.82287692037,8.48896301880092
"992","50627088B60022812235363",1,7419.26497925736,7419.26497925736,8.91183527185544
"993","50627088B60096120896365",1,1006.69185941691,1006.69185941691,6.9144248472985
"994","50627088B60700180885105",1,890.441498767585,890.441498767585,6.7917174057571
"995","50627088B6071095399846",1,34832.1385661695,34832.1385661695,10.4582957615948
"996","50627088B60730014826976",1,9822.13403081518,9822.13403081518,9.19239369248605
"997","50627088B60863102587946",2,57427.7241889413,114855.448377883,11.6514296460681
"998","50627088B60870916412077",1,4048.89303261519,4048.89303261519,8.30619879746022
"999","50627088B60883552057189",1,4209.47216227104,4209.47216227104,8.34509254168329
"1000","50627088B60937444103657",1,4791.87141047434,4791.87141047434,8.47467630522705
"1001","50627088B61133778664315",1,10573.6800432346,10573.6800432346,9.26612317751733
"1002","50627088B61176301842626",1,4963.46544406548,4963.46544406548,8.50985945399597
"1003","50627088B61246931399510",1,1860.32784316659,1860.32784316659,7.5285080109423
"1004","50627088B6141601826663",1,2130.84755093053,2130.84755093053,7.66427509079278
"1005","50627088B62006503401579",1,26745.6670401472,26745.6670401472,10.1941277593964
"1006","50627088B62304740302326",1,1381.75237273011,1381.75237273011,7.23110780790394
"1007","50627088B62386575329079",1,34855.6982168684,34855.6982168684,10.4589719097631
"1008","50627088B62885072459196",1,21568.8436208588,21568.8436208588,9.97900512741568
"1009","50627088B62999724223409",1,8933.49676145343,8933.49676145343,9.09756317185605
"1010","50627088B6300678420258",1,1677.94601829066,1677.94601829066,7.42532571624189
"1011","50627088B64335355179206",1,3494.84182748973,3494.84182748973,8.15904339684543
"1012","50627088B6565378180513",1,2095.97439383128,2095.97439383128,7.64777382868276
"1013","50627088B65889438571597",1,973.793229262054,973.793229262054,6.8811989908204
"1014","50627088B66033285847791",1,17138.2230058097,17138.2230058097,9.74906651150347
"1015","50627088B66246693607195",1,7296.24177986899,7296.24177986899,8.89511466989328
"1016","50627088B66942360920108",1,6035.39333087854,6035.39333087854,8.705396306367
"1017","50627088B67117262986487",1,1884.57762130058,1884.57762130058,7.54145900119328
"1018","50627088B67527227829858",1,3678.0748095878,3678.0748095878,8.21014474470396
"1019","50627088B67749224588844",1,1655.62674062938,1655.62674062938,7.41193491136856
"1020","50627088B68006893150413",1,14098.0056713739,14098.0056713739,9.5537886246159
"1021","50627088B68084107278536",1,3344.04159161441,3344.04159161441,8.11493541181098
"1022","50627088B68527106513110",2,30900.7954109832,61801.5908219664,11.0316843845702
"1023","50627088B68780091021819",1,3586.09922244591,3586.09922244591,8.18482032317602
"1024","50627088B69367718674541",1,2405.94214053865,2405.94214053865,7.78569684825654
"1025","50627088B69410007292717",1,3793.96878085285,3793.96878085285,8.24116792190361
"1026","50627088B69459727871118",1,13717.3077565626,13717.3077565626,9.52641365436892
"1027","50627088B69643884301220",1,3706.50564309485,3706.50564309485,8.21784483658175
"1028","50627088B69652036607409",1,3912.16912313095,3912.16912313095,8.27184726210443
"1029","50627088B70110967390572",2,50506.9430079163,101013.886015833,11.5230132716784
"1030","50627088B70171600185604",1,2180.22002584218,2180.22002584218,7.68718107997552
"1031","50627088B70630919067736",1,21461.426967164,21461.426967164,9.97401250825009
"1032","50627088B7077340988995",1,2962.36573319149,2962.36573319149,7.99374346228685
"1033","50627088B70833625521917",1,4117.84143628189,4117.84143628189,8.32308438181529
"1034","50627088B71365052188034",1,17146.5329068665,17146.5329068665,9.74955126929149
"1035","50627088B71726094382652",1,13574.2138520362,13574.2138520362,9.51592723167299
"1036","50627088B71945417585230",1,79673.0030201456,79673.0030201456,11.2856860749005
"1037","50627088B72339914666987",1,24523.0445439652,24523.0445439652,10.1073685480831
"1038","50627088B72532409428040",1,4155.5286372301,4155.5286372301,8.33219492837352
"1039","50627088B72536990045476",1,5527.05730425742,5527.05730425742,8.61741081983767
"1040","50627088B72731607601772",1,22103.2640141707,22103.2640141707,10.0034805695492
"1041","50627088B73050427186978",2,198508.448229487,397016.896458974,12.8917341191137
"1042","50627088B73961742428916",1,5080.96232130783,5080.96232130783,8.53325595596061
"1043","50627088B74291328650735",1,20325.4970585974,20325.4970585974,9.91963138964453
"1044","50627088B74406659640809",1,6621.95916830933,6621.95916830933,8.79814655202194
"1045","50627088B74520915461068",1,12206.0072884692,12206.0072884692,9.4096835102261
"1046","50627088B74559046187795",1,448439.815621146,448439.815621146,13.0135297611113
"1047","50627088B74733696146426",1,18038.1336129827,18038.1336129827,9.80024333000406
"1048","50627088B75205486816607",1,6544.18236885695,6544.18236885695,8.78633174599589
"1049","50627088B75217483521688",1,9305.49816374983,9305.49816374983,9.13836070485444
"1050","50627088B76854514222016",2,33235.0165368476,66470.0330736952,11.1045064946088
"1051","50627088B77614818839858",1,5188.44931479179,5188.44931479179,8.55419014823821
"1052","50627088B77696414551918",1,54318.3493426333,54318.3493426333,10.9026173741168
"1053","50627088B77948267896933",1,3229.57177987814,3229.57177987814,8.08010483153862
"1054","50627088B78022927430192",1,77172.168586053,77172.168586053,11.25379416047
"1055","50627088B78255939037142",2,14842.8464044078,29685.6928088156,10.2984204851158
"1056","50627088B78539610756075",1,11235.3471253082,11235.3471253082,9.32682008092079
"1057","50627088B78540984187626",1,5713.12634619015,5713.12634619015,8.65052167403919
"1058","50627088B78764005336655",1,12679.4261530576,12679.4261530576,9.44773597089912
"1059","50627088B78797893592894",1,855.752178960573,855.752178960573,6.75198082366539
"1060","50627088B78900582914746",1,7641.09161011182,7641.09161011182,8.94129575285875
"1061","50627088B78980153949014",1,2581.59442631051,2581.59442631051,7.85616248172958
"1062","50627088B79182667704581",1,5518.40867556121,5518.40867556121,8.61584481429667
"1063","50627088B79749806486423",1,2555.60299653158,2555.60299653158,7.84604348126294
"1064","50627088B79757190065545",1,6697.27070933733,6697.27070933733,8.80945536557141
"1065","50627088B79961961900141",1,10245.914716529,10245.914716529,9.23463434087764
"1066","50627088B80228149983097",1,3367.95037946569,3367.95037946569,8.12205964231595
"1067","50627088B8029202645332",1,2123.68572911639,2123.68572911639,7.66090840960479
"1068","50627088B80328221498252",1,36260.0012962794,36260.0012962794,10.4984705200584
"1069","50627088B81366253066727",1,6919.81266877763,6919.81266877763,8.8421439772594
"1070","50627088B81693783238627",1,6186.09481750152,6186.09481750152,8.73005928088402
"1071","50627088B81743896776092",1,53189.2125199703,53189.2125199703,10.8816108825877
"1072","50627088B82303244388896",1,4558.54969047172,4558.54969047172,8.42475980158455
"1073","50627088B82456148735878",1,6056.64592164474,6056.64592164474,8.70891144756127
"1074","50627088B82523169832508",2,90194.8368084453,180389.673616891,12.1028746433808
"1075","50627088B82719227645546",1,38779.1003589213,38779.1003589213,10.5656367299438
"1076","50627088B83504179997220",1,5004.92590667665,5004.92590667665,8.51817788777893
"1077","50627088B85456617713752",1,1011.70471053012,1011.70471053012,6.91939201925529
"1078","50627088B86222630376242",2,10030.236173783,20060.472347566,9.90650660797679
"1079","50627088B86226245749853",1,17676.2381140625,17676.2381140625,9.7799765371976
"1080","50627088B87097149335611",1,1507.12539190571,1507.12539190571,7.31795940147275
"1081","50627088B87126124877298",1,11537.4029277788,11537.4029277788,9.35334946514874
"1082","50627088B87489634133290",1,4047.04319860368,4047.04319860368,8.30574181904763
"1083","50627088B88102129443376",1,4974.01589727677,4974.01589727677,8.51198282043319
"1084","50627088B88558586177583",1,4111.87419810785,4111.87419810785,8.32163421282163
"1085","50627088B8871581884513",1,3853.63187474591,3853.63187474591,8.25677132670227
"1086","50627088B88904238458038",1,1774.99856784702,1774.99856784702,7.48155489506244
"1087","50627088B88987154065702",1,731.188509298116,731.188509298116,6.59467130516159
"1088","50627088B89208011470792",1,3542.5337524738,3542.5337524738,8.17259749938784
"1089","50627088B8941621819676",1,22467.5973747811,22467.5973747811,10.0198294335514
"1090","50627088B89424394811224",1,4597.78521126605,4597.78521126605,8.43332999071876
"1091","50627088B89463158641858",2,45355.9393186176,90711.8786372352,11.4154435937598
"1092","50627088B89503535126650",1,9645.69731939137,9645.69731939137,9.17426722126362
"1093","50627088B89558645189060",1,1993.97571583579,1993.97571583579,7.59788577182966
"1094","50627088B89681862537656",1,4711.26982353076,4711.26982353076,8.45771275227337
"1095","50627088B89719266159733",1,4547.2078583383,4547.2078583383,8.4222686660721
"1096","50627088B8986621841937",2,45948.0176582307,91896.0353164614,11.4284131661342
"1097","50627088B89957955277288",1,5356.42323851943,5356.42323851943,8.58605172507056
"1098","50627088B89985884049438",1,4708.36354350489,4708.36354350489,8.45709568364557
"1099","50627088B903406016502",1,3213.4369079141,3213.4369079141,8.07509633117037
"1100","50627088B91353096656527",1,1482.63258726651,1482.63258726651,7.3015745617912
"1101","50627088B91493319317799",1,1055.33678953608,1055.33678953608,6.9616152267543
"1102","50627088B91603185074528",1,2033.49479292822,2033.49479292822,7.61751116469892
"1103","50627088B91815790044654",1,22921.6408166798,22921.6408166798,10.0398367571267
"1104","50627088B9208224547873",1,14060.0146909138,14060.0146909138,9.55109021023707
"1105","50627088B92566493153794",1,27178.7017773189,27178.7017773189,10.2101889226689
"1106","50627088B92703262083917",2,64654.6994449904,129309.398889981,11.7699632526825
"1107","50627088B92995602725414",1,23936.0897920792,23936.0897920792,10.0831426321074
"1108","50627088B93834363846203",1,259543.610870052,259543.610870052,12.4666800247707
"1109","50627088B93976403698090",1,1005.7907110752,1005.7907110752,6.9135292883355
"1110","50627088B94115482977421",1,3808.76741177626,3808.76741177626,8.24506090180933
"1111","50627088B94233573248712",1,610.018902869932,610.018902869932,6.41348994499859
"1112","50627088B94442795805381",1,8720.10955682974,8720.10955682974,9.07338708068072
"1113","50627088B95051750999200",1,2295.95455394328,2295.95455394328,7.73890396366485
"1114","50627088B95758016663451",1,5014.81629546225,5014.81629546225,8.5201520687106
"1115","50627088B95823703816090",1,3457.60421742115,3457.60421742115,8.1483312055058
"1116","50627088B96030209859485",1,18633.982682178,18633.982682178,9.83274221864308
"1117","50627088B96439239090131",1,6318.39107741374,6318.39107741374,8.75121987837226
"1118","50627088B9683107212546",1,5381.88333199202,5381.88333199202,8.59079365360708
"1119","50627088B97007763045384",1,71959.211934329,71959.211934329,11.1838547365638
"1120","50627088B97238980475800",1,9640.35819017531,9640.35819017531,9.17371354357149
"1121","50627088B98366659289932",1,40636.3967648245,40636.3967648245,10.6124194160388
"1122","50627088B98907019686863",1,2526.79476019165,2526.79476019165,7.83470688532905
"1123","50627088B99049089169873",1,4839.98243643886,4839.98243643886,8.48466637086915
"1124","50627088B99446840906957",1,8364.70917820854,8364.70917820854,9.03177684631429
"1125","52423323B11153152222342",1,35648.8915014118,35648.8915014118,10.4814733314295
"1126","52423323B11408712561371",1,41221.5756142139,41221.5756142139,10.6267170782218
"1127","52423323B1142335795557",1,10554.0928332254,10554.0928332254,9.2642690099498
"1128","52423323B11454809492263",1,196016.821219205,196016.821219205,12.1859557570771
"1129","52423323B11777472364014",1,163590.255194664,163590.255194664,12.0051201365519
"1130","52423323B12098340912267",1,460875.500751998,460875.500751998,13.0408832220604
"1131","52423323B1226588316364",1,22044.1142228354,22044.1142228354,10.0008009165736
"1132","52423323B12833551098527",1,128608.577057312,128608.577057312,11.7645287841861
"1133","52423323B13112190165396",1,23216.7745355853,23216.7745355853,10.0526303367136
"1134","52423323B13440849980241",1,22487.1857619382,22487.1857619382,10.0207009042618
"1135","52423323B13528942112308",2,41667.8248588077,83335.6497176154,11.3306317044013
"1136","52423323B13826815912541",3,18735.4564072518,56206.3692217554,10.9367853608082
"1137","52423323B13977400518801",1,80776.5933795869,80776.5933795869,11.2994425166459
"1138","52423323B14263080963128",1,342026.144572628,342026.144572628,12.7426424592417
"1139","52423323B1474651347139",2,552221.815293309,1104443.63058662,13.9148522644029
"1140","52423323B15399017802977",2,44892.3619596964,89784.7239193928,11.4051701275634
"1141","52423323B15402942481985",1,32053.9909046888,32053.9909046888,10.3751769758038
"1142","52423323B15729403870987",1,135109.877836347,135109.877836347,11.8138436362744
"1143","52423323B15729416108881",1,329142.823046993,329142.823046993,12.7042470481527
"1144","52423323B16296289860077",1,68833.4421899746,68833.4421899746,11.1394449841663
"1145","52423323B16848468403028",1,42692.6609679796,42692.6609679796,10.6617823101584
"1146","52423323B17082300411624",1,29424.679330349,29424.679330349,10.289589034205
"1147","52423323B17101546722120",2,408581.962447321,817163.924894642,13.613594996182
"1148","52423323B18041062174834",1,20813.8083216902,20813.8083216902,9.94337190705048
"1149","52423323B18388852349045",2,433067.999639753,866135.999279506,13.6717972182625
"1150","52423323B18457012552494",2,544483.245939159,1088966.49187832,13.9007396318167
"1151","52423323B24006196223482",1,160499.501986634,160499.501986634,11.9860461186604
"1152","52423323B24171754221857",1,19475.9430043345,19475.9430043345,9.87693529084188
"1153","52423323B24644642941407",1,225351.359971984,225351.359971984,12.3254160630328
"1154","52423323B26167875661566",1,34237.9173622131,34237.9173622131,10.4410890037041
"1155","52423323B26821031365156",1,15541.8957299653,15541.8957299653,9.65129460682668
"1156","52423323B27040576130410",1,392644.188090582,392644.188090582,12.8806591069377
"1157","52423323B27439582532785",1,27026.1995680076,27026.1995680076,10.2045620288677
"1158","52423323B28131645769529",1,15378.3355084583,15378.3355084583,9.64071501278541
"1159","52423323B28169903287246",1,40669.58263731,40669.58263731,10.6132357366728
"1160","52423323B2908823577252",2,188023.840594249,376047.681188498,12.8374712260036
"1161","52423323B30468560709175",1,19729.4176998287,19729.4176998287,9.88986608514113
"1162","52423323B30660787387820",1,348987.886049624,348987.886049624,12.7627924901226
"1163","52423323B30804513522660",1,37938.6453039348,37938.6453039348,10.5437255365767
"1164","52423323B30821332153735",1,22680.7193989158,22680.7193989158,10.0292704768676
"1165","52423323B31237535640697",1,37130.9491374493,37130.9491374493,10.5222061093935
"1166","52423323B32135121114798",1,13262.1173333346,13262.1173333346,9.492666929223
"1167","52423323B32764376391113",1,44734.964213565,44734.964213565,10.7085106720164
"1168","52423323B3277020886605",1,31878.3313799798,31878.3313799798,10.3696817908813
"1169","52423323B32786783590075",1,17615.6552116405,17615.6552116405,9.77654328631636
"1170","52423323B33690071450754",1,24964.6451176032,24964.6451176032,10.1252159076365
"1171","52423323B34987104881159",1,93116.8068156871,93116.8068156871,11.4416099713087
"1172","52423323B35059140048006",1,427145.21322569,427145.21322569,12.9648793122093
"1173","52423323B36790328551153",2,30681.2735428422,61362.5470856844,11.0245549457025
"1174","52423323B3691200212151",1,10357.6149823695,10357.6149823695,9.24547727525315
"1175","52423323B3757307003168",1,29709.928616345,29709.928616345,10.2992365657727
"1176","52423323B37641528063122",1,39422.2840681076,39422.2840681076,10.5820865208878
"1177","52423323B39160011861592",1,176818.233272985,176818.233272985,12.0828775532403
"1178","52423323B39360840436508",1,18850.6519863009,18850.6519863009,9.84430278041068
"1179","52423323B40146913346839",1,41861.1303946972,41861.1303946972,10.6421129998088
"1180","52423323B40695299315200",1,41843.5075436342,41843.5075436342,10.6416919275299
"1181","52423323B41088190294642",1,32664.1729193591,32664.1729193591,10.3940341268673
"1182","52423323B41510935650721",2,370452.714452516,740905.428905032,13.5156282698243
"1183","52423323B42234793142601",1,47670.1007722914,47670.1007722914,10.7720596621528
"1184","52423323B42356104193293",1,204317.372974778,204317.372974778,12.2274298137776
"1185","52423323B42496570047924",1,152164.239544805,152164.239544805,11.9327157398043
"1186","52423323B42777689659233",1,44321.77368288,44321.77368288,10.699231340541
"1187","52423323B42791453202127",1,99494.5328007585,99494.5328007585,11.507857974911
"1188","52423323B43736341835391",1,20721.4004174193,20721.4004174193,9.93892228180276
"1189","52423323B44461654915973",2,586402.570136909,1172805.14027382,13.9749089930123
"1190","52423323B44939102873256",1,41075.8860710561,41075.8860710561,10.6231765147009
"1191","52423323B45396051816333",1,43745.1170834544,43745.1170834544,10.6861352760359
"1192","52423323B45505395463487",1,45990.2090365776,45990.2090365776,10.7361838057852
"1193","52423323B46245109709528",1,10439.2078331783,10439.2078331783,9.25332398050969
"1194","52423323B47137025507841",2,162900.808550922,325801.617101844,12.6940439386179
"1195","52423323B48021062516164",1,17188.9004596435,17188.9004596435,9.75201913237786
"1196","52423323B48942229676406",1,964151.287066063,964151.287066063,13.7790034980699
"1197","52423323B49272784755567",2,368257.827843321,736515.655686642,13.5096857715315
"1198","52423323B50185112630259",2,38915.6684500133,77831.3369000266,11.2622994169873
"1199","52423323B51190014897639",1,77740.9164024539,77740.9164024539,11.2611369923796
"1200","52423323B51460600730955",2,706354.56866477,1412709.13732954,14.1610197928689
"1201","52423323B51894454867093",2,626217.491188059,1252434.98237612,14.0406002003152
"1202","52423323B51950353714831",1,137678.245038855,137678.245038855,11.8326746841369
"1203","52423323B52221590077134",1,20379.8259218517,20379.8259218517,9.92230076512354
"1204","52423323B52623684418934",1,59856.5648035808,59856.5648035808,10.9997063925829
"1205","52423323B53542655119676",1,50138.4545341164,50138.4545341164,10.822543548224
"1206","52423323B53991752457296",1,30628.2762134941,30628.2762134941,10.3296789205251
"1207","52423323B54358685786571",1,30815.7686559234,30815.7686559234,10.3357818072982
"1208","52423323B55438776297696",1,92066.3521018028,92066.3521018028,11.430264814576
"1209","52423323B55479715593619",1,816731.607253523,816731.607253523,13.6130658097773
"1210","52423323B55997906288289",1,48929.5079115182,48929.5079115182,10.7981359272434
"1211","52423323B57121552581282",1,38280.9134165049,38280.9134165049,10.5527067067374
"1212","52423323B57626365826979",1,1973932.07791093,1973932.07791093,14.4955380900305
"1213","52423323B5772281676312",1,16302.0974801853,16302.0974801853,9.69904905828229
"1214","52423323B58777265344291",1,25679.0677170234,25679.0677170234,10.1534314532907
"1215","52423323B58883260045522",2,399066.292809632,798132.585619264,13.5900300100236
"1216","52423323B58893245125586",1,41677.6092921495,41677.6092921495,10.6377193161485
"1217","52423323B59284003127327",1,77162.3056199423,77162.3056199423,11.2536663475989
"1218","52423323B59988568496806",1,23805.0483270735,23805.0483270735,10.0776529517494
"1219","52423323B60260447284731",2,114641.388929473,229282.777858946,12.3427113585632
"1220","52423323B60583840273125",1,13197.4988958836,13197.4988958836,9.48778261303674
"1221","52423323B61278008297409",1,85294.796366848,85294.796366848,11.3538687277133
"1222","52423323B63410184829220",1,21061.445021172,21061.445021172,9.9551993978247
"1223","52423323B63484657830280",1,46381.6564575583,46381.6564575583,10.7446593250825
"1224","52423323B64112119736585",1,60482.0077792718,60482.0077792718,11.010101207711
"1225","52423323B64463590012985",1,24573.5725715673,24573.5725715673,10.1094268587533
"1226","52423323B65711938596700",1,35644.1847819295,35644.1847819295,10.4813412928155
"1227","52423323B66062574427882",1,64593.8910268491,64593.8910268491,11.0758751191512
"1228","52423323B66250868095677",1,48169.7477191538,48169.7477191538,10.7824864623084
"1229","52423323B67039522895977",1,139147.561464735,139147.561464735,11.8432902422926
"1230","52423323B67044193776379",1,114384.383815879,114384.383815879,11.6473198435042
"1231","52423323B67745221671047",1,52219.8076237796,52219.8076237796,10.8632171582896
"1232","52423323B67874562212910",1,42172.0623512897,42172.0623512897,10.6495132511955
"1233","52423323B69111161141403",1,22281.4941889523,22281.4941889523,10.0115117559286
"1234","52423323B70070544976743",3,1492445.03768853,4477335.11306559,15.3145385865696
"1235","52423323B72025487819763",1,65459.3014771052,65459.3014771052,11.0891838770099
"1236","52423323B72534166962454",2,112094.994813408,224189.989626816,12.3202491393228
"1237","52423323B72611764841085",1,28550.1446573194,28550.1446573194,10.2594172818776
"1238","52423323B72724897935672",1,21777.7995809242,21777.7995809242,9.98864636204082
"1239","52423323B74070322698639",1,22603.6071297526,22603.6071297526,10.0258647800356
"1240","52423323B74647916820461",1,280147.936463123,280147.936463123,12.5430730871377
"1241","52423323B74651487208839",2,1454914.08539666,2909828.17079332,14.8836045895669
"1242","52423323B77456184843444",1,38820.9813387423,38820.9813387423,10.5667161356086
"1243","52423323B77740585629691",1,126128.450483731,126128.450483731,11.7450561149327
"1244","52423323B77773616076355",1,41369.7730479559,41369.7730479559,10.6303057735317
"1245","52423323B78464360666079",1,72271.0094285459,72271.0094285459,11.1881783516424
"1246","52423323B78786867018867",1,51162.5866257772,51162.5866257772,10.842763813949
"1247","52423323B79106599781981",1,15711.3003553008,15711.3003553008,9.6621355002813
"1248","52423323B8015598177606",1,36285.6719839488,36285.6719839488,10.499178231148
"1249","52423323B8068619404186",1,25832.1847305298,25832.1847305298,10.1593764636409
"1250","52423323B81362152802157",1,36436.6470322427,36436.6470322427,10.5033303337552
"1251","52423323B8139894881456",1,32377.4430908042,32377.4430908042,10.3852172584189
"1252","52423323B83657020181819",1,41468.9665559183,41468.9665559183,10.6327006326482
"1253","52423323B84288855823535",1,16644.1767812101,16644.1767812101,9.71981569136402
"1254","52423323B84341860753916",1,29732.872823282,29732.872823282,10.3000085417738
"1255","52423323B8498333390768",1,37269.5755529522,37269.5755529522,10.5259326039714
"1256","52423323B8509439867450",1,34798.5371519251,34798.5371519251,10.4573306290148
"1257","52423323B85363344539389",1,61505.2972170576,61505.2972170576,11.026878583696
"1258","52423323B86132788198176",1,15710.6393549442,15710.6393549442,9.66209342774454
"1259","52423323B88446663762190",1,9215.06484945025,9215.06484945025,9.12859490745846
"1260","52423323B89464999427747",1,34109.0121001251,34109.0121001251,10.4373169128158
"1261","52423323B90119869144557",1,168485.505892575,168485.505892575,12.0346050066331
"1262","52423323B91072384884845",1,38515.1048805472,38515.1048805472,10.5588057778925
"1263","52423323B91102328415682",1,4738.19488499686,4738.19488499686,8.46341151620648
"1264","52423323B92182718553781",1,25927.6453560485,25927.6453560485,10.1630650666982
"1265","52423323B92327379026195",1,25008.7073999037,25008.7073999037,10.1269793392055
"1266","52423323B9429339455263",1,6913.72518420219,6913.72518420219,8.84126387196268
"1267","52423323B94618395838075",2,208643.098897676,417286.197795352,12.9415275910155
"1268","52423323B9469904891992",1,363816.236858476,363816.236858476,12.8044041753469
"1269","52423323B94983475607099",2,1394190.21775747,2788380.43551494,14.8409714961858
"1270","52423323B95417665649533",1,46816.4325429011,46816.4325429011,10.7539895429881
"1271","52423323B97274503585716",1,46360.6932453827,46360.6932453827,10.7442072508661
"1272","52423323B97779835384319",1,18269.6099691391,18269.6099691391,9.8129943009854
"1273","52423323B98554944088847",1,70157.4114281833,70157.4114281833,11.1584967311001
"1274","52423323B98587415300192",1,11934.0344524438,11934.0344524438,9.38714963499288
"1275","52423323B9967886911021",2,162677.712282154,325355.424564308,12.6926734777957
"1276","54806243B13253322740036",1,85399.605840866,85399.605840866,11.3550967643195
"1277","54806243B20325716676417",1,51519.6181895874,51519.6181895874,10.8497179498344
"1278","54806243B24177068581900",1,42145.0368021141,42145.0368021141,10.6488722056573
"1279","54806243B27710680023105",1,132999.585562875,132999.585562875,11.7981012911304
"1280","54806243B33031915083472",1,30709.5880888304,30709.5880888304,10.332330200412
"1281","54806243B33951699195054",1,56410.570530952,56410.570530952,10.9404118406866
"1282","54806243B35182777115371",1,29180.6900557664,29180.6900557664,10.2812624700414
"1283","54806243B4433821192490",1,103957.091306001,103957.091306001,11.5517335093913
"1284","54806243B48815004999342",1,72910.4012046768,72910.4012046768,11.196986585524
"1285","54806243B53165803906009",1,23073.5607709368,23073.5607709368,10.0464426856355
"1286","54806243B5714719739337",1,42666.3228046106,42666.3228046106,10.6611651949342
"1287","54806243B58304199894051",1,33469.5999334484,33469.5999334484,10.4183928411446
"1288","54806243B63439547813391",1,32288.1743666748,32288.1743666748,10.3824563234941
"1289","54806243B69269956902772",1,26118.7206754968,26118.7206754968,10.170407603458
"1290","54806243B71027577228634",1,43511.8229565113,43511.8229565113,10.6807879722517
"1291","54806243B74103700383879",1,76917.2291040954,76917.2291040954,11.2504851759662
"1292","54806243B75063146976266",1,69387.7173217641,69387.7173217641,11.1474651469952
"1293","54806243B80767168472934",1,57288.803988189,57288.803988189,10.9558604907349
"1294","54806243B822466577686",1,48268.4432699263,48268.4432699263,10.7845332776668
"1295","54806243B87203647312357",1,68332.2906794042,68332.2906794042,11.1321377109858
"1296","54806243B89644559951637",1,73809.0435417681,73809.0435417681,11.2092365442974
"1297","54806243B94049695907039",1,21372.8863427269,21372.8863427269,9.96987840436477
"1298","54806243B98474683656009",1,130234.386424145,130234.386424145,11.7770910785272
"1299","54806243B99533755262624",1,91959.152955546,91959.152955546,11.429099767825
"1300","54806243B99884801714166",1,93427.9002127653,93427.9002127653,11.4449452970912
"1301","65221844B12885462064369",2,8.73391934871674,17.4678386974335,2.86036140140582
"1302","65221844B53255720811613",1,114779.590779822,114779.590779822,11.6507689663992
"1303","65221844B91551715822340",1,144979.075774366,144979.075774366,11.8843447059854
"1304","65221844B93227578092779",1,111245.731018912,111245.731018912,11.6194968264285
"1305","7082276B29529138088476",1,4547.1173238032,4547.1173238032,8.422248755956
"1306","7082276B48431057450442",1,75267.9344419837,75267.9344419837,11.2288094856696
"1307","74100532B54294973205276",1,NA,NA,NA
"1308","74100532B93709990123087",1,8730.03197616363,8730.03197616363,9.07452431161773
"1309","75667366B10388242457894",1,188366.94311939,188366.94311939,12.1461471645796
"1310","75667366B10680094164751",1,28109.1599626948,28109.1599626948,10.2438507795229
"1311","75667366B12605402479047",1,27380.9265468351,27380.9265468351,10.2176019385487
"1312","75667366B19980502726207",1,47498.5300543645,47498.5300543645,10.76845404332
"1313","75667366B2002412802844",1,42745.9809482467,42745.9809482467,10.6630304570389
"1314","75667366B25903359168563",1,67438.7294414541,67438.7294414541,11.1189747526622
"1315","75667366B26845086877570",1,82767.0604756763,82767.0604756763,11.3237854408798
"1316","75667366B27255150678965",1,53967.7623597435,53967.7623597435,10.8961421539369
"1317","75667366B31265103522165",1,70565.8312536319,70565.8312536319,11.1643013297494
"1318","75667366B35074617847721",1,36131.2692662087,36131.2692662087,10.494913954059
"1319","75667366B37088337934130",1,433630.900067952,433630.900067952,12.9799489905628
"1320","75667366B38367821610265",1,25523.1185843483,25523.1185843483,10.1473399315738
"1321","75667366B40759243895064",1,106563.201359245,106563.201359245,11.5764935281086
"1322","75667366B41426179995922",1,23874.6551469408,23874.6551469408,10.0805727211374
"1323","75667366B41693677561366",1,20617.2258349423,20617.2258349423,9.93388221093229
"1324","75667366B44154135823395",1,33504.2673184663,33504.2673184663,10.4194280923415
"1325","75667366B44494476895893",1,74821.0290000252,74821.0290000252,11.2228542608151
"1326","75667366B45015819829333",1,76953.9139941559,76953.9139941559,11.2509620020951
"1327","75667366B46145165221806",1,102661.261117088,102661.261117088,11.5391901204445
"1328","75667366B47194088471769",1,21084.7199893628,21084.7199893628,9.95630388600535
"1329","75667366B49025507333210",1,31243.7166674586,31243.7166674586,10.3495735683066
"1330","75667366B497077547550",1,155312.205431479,155312.205431479,11.953192598653
"1331","75667366B52062801683075",1,17898.896594677,17898.896594677,9.79249434717338
"1332","75667366B53824695685103",1,95667.9266514715,95667.9266514715,11.4686383765598
"1333","75667366B55450845848024",1,40042.4817887017,40042.4817887017,10.5976962142431
"1334","75667366B60114686204489",1,19011.9618485371,19011.9618485371,9.85282363102755
"1335","75667366B6235496505331",1,31696.4459509931,31696.4459509931,10.3639598384694
"1336","75667366B65648600044594",1,214096.727362814,214096.727362814,12.2741831889066
"1337","75667366B66529798652377",1,179576.741072571,179576.741072571,12.0983579224136
"1338","75667366B68367745340454",1,27954.8552773744,27954.8552773744,10.238346176462
"1339","75667366B70751681444112",1,132724.196657218,132724.196657218,11.7960285447473
"1340","75667366B71613146081304",1,37219.2305179891,37219.2305179891,10.5245808560972
"1341","75667366B7302956753404",1,291187.500757489,291187.500757489,12.5817226711605
"1342","75667366B73876769816488",1,39448.7045986652,39448.7045986652,10.5827564891992
"1343","75667366B76262272549979",1,80686.7397907097,80686.7397907097,11.2983295258958
"1344","75667366B80263662304106",1,39790.2602503536,39790.2602503536,10.5913774439966
"1345","75667366B80682104725187",1,46802.3827680206,46802.3827680206,10.7536893944563
"1346","75667366B82556438360114",1,42876.7035411452,42876.7035411452,10.666083916417
"1347","75667366B82870270071557",1,43172.4136377139,43172.4136377139,10.6729569970564
"1348","75667366B8388196899019",1,28888.1565283866,28888.1565283866,10.2711869813996
"1349","75667366B86860977517537",1,65189.8636041159,65189.8636041159,11.0850592696341
"1350","75667366B89140663288606",1,130360.2178485,130360.2178485,11.77805680408
"1351","75667366B90563155997798",1,23297.7742854199,23297.7742854199,10.0561131107602
"1352","75667366B91463258125198",1,29031.898267505,29031.898267505,10.2761504447363
"1353","75667366B92506466281371",1,21983.0415068085,21983.0415068085,9.99802659449046
"1354","75667366B93291752136089",1,29485.6296638218,29485.6296638218,10.2916582936016
"1355","75667366B93303026760321",1,49320.3622797749,49320.3622797749,10.8060923027455
"1356","75667366B96454310315942",1,188803.494592482,188803.494592482,12.1484620420163
"1357","75667366B9750656068001",1,32599.0761561878,32599.0761561878,10.392039228186
"1358","75667366B98184381496608",1,86140.3364729134,86140.3364729134,11.3637330647174
"1359","76128533B25373378863054",1,5686475.24308326,5686475.24308326,15.5536011489672
"1360","76128533B2860535426345",1,12357410.137242,12357410.137242,16.3297664522163
"1361","76128533B43965372582859",1,519169.423936091,519169.423936091,13.1599855519139
"1362","76128533B67044589012853",1,339386.592575334,339386.592575334,12.7348951276883
"1363","76128533B67748245133340",1,470736.971182587,470736.971182587,13.0620547694133
"1364","76128533B88812350838807",1,5416286.59999998,5416286.59999998,15.5049210094563
"1365","76128533B94126463611805",1,566712.995217032,566712.995217032,13.2476082732818
"1366","76128533B97225684979956",1,1104166.41982434,1104166.41982434,13.9146012370532
"1367","77236927B19394632379581",1,8642.3002283363,8642.3002283363,9.06442405649666
"1368","77236927B24909731902413",1,5481.73132323712,5481.73132323712,8.60917626494243
"1369","77236927B40431360126678",1,5015.30684933178,5015.30684933178,8.52024988483166
"1370","77236927B47218530990891",1,1433.82975780353,1433.82975780353,7.2681042957044
"1371","77236927B67758893467366",1,8551.90804969058,8551.90804969058,9.05390970073999
"1372","77236927B7031422019545",1,5172.57143886007,5172.57143886007,8.55112522080708
"1373","78962969B10753248313683",1,53993.1022316101,53993.1022316101,10.8966115809358
"1374","78962969B14407217279101",1,22564.3873364738,22564.3873364738,10.0241281608388
"1375","78962969B182385267454",1,22293.2834734818,22293.2834734818,10.0120407225516
"1376","78962969B20953711752663",1,48458.523506145,48458.523506145,10.7884635256056
"1377","78962969B23558627244082",1,159125.022049255,159125.022049255,11.9774454744253
"1378","78962969B24763205139340",1,27826.4254870065,27826.4254870065,10.233741405272
"1379","78962969B30801427896168",1,25956.3125440615,25956.3125440615,10.1641701169716
"1380","78962969B36104557802135",1,22047.6934414392,22047.6934414392,10.000963269573
"1381","78962969B36497134874209",1,32198.5785737399,32198.5785737399,10.3796775868855
"1382","78962969B41182893355114",1,19235.0395366036,19235.0395366036,9.86448887063547
"1383","78962969B41263158681984",1,46687.0106749941,46687.0106749941,10.7512212609634
"1384","78962969B4168813310505",1,25491.9520980778,25491.9520980778,10.1461180773361
"1385","78962969B42152310983042",1,111968.186188672,111968.186188672,11.62597005804
"1386","78962969B49998456253138",1,70992.7460110067,70992.7460110067,11.1703329819448
"1387","78962969B51244182519846",1,39795.6001933908,39795.6001933908,10.5915116372569
"1388","78962969B53843894675562",1,101145.604627079,101145.604627079,11.5243163876436
"1389","78962969B53965297473531",1,16791.3260344013,16791.3260344013,9.72861772458264
"1390","78962969B56370266169267",1,58312.340352025,58312.340352025,10.9735690197857
"1391","78962969B62238671099261",1,25370.3717003152,25370.3717003152,10.1413373036612
"1392","78962969B6279300393113",1,15311.2476243746,15311.2476243746,9.63634297614633
"1393","78962969B6297471410312",1,42085.4787149351,42085.4787149351,10.6474580365349
"1394","78962969B64880163608761",1,27301.2472201726,27301.2472201726,10.2146876658501
"1395","78962969B66944967065262",1,25563.6417040598,25563.6417040598,10.1489263750273
"1396","78962969B68944208488638",1,93590.4441021882,93590.4441021882,11.4466835643285
"1397","78962969B71289419444255",1,48953.6257569836,48953.6257569836,10.7986287158383
"1398","78962969B71336956115942",1,21007.2998152521,21007.2998152521,9.95262526655321
"1399","78962969B75091114631629",1,69283.1555827594,69283.1555827594,11.145957090449
"1400","78962969B76550243021032",1,33313.7585794115,33313.7585794115,10.41372576119
"1401","78962969B82059554981356",1,21860.8661887641,21860.8661887641,9.99245338531715
"1402","78962969B84484798937019",1,50547.5387117029,50547.5387117029,10.8306695330892
"1403","78962969B95205724329229",1,20892.5563429248,20892.5563429248,9.94714821867343
"1404","78962969B95982372306195",1,74316.0091622654,74316.0091622654,11.216081674014
"1405","78962969B96705611164937",1,35799.297343108,35799.297343108,10.4856835449087
"1406","78962969B98641080977503",1,290963.123632995,290963.123632995,12.5809518152129
"1407","79315794B13403044609430",1,4640.59321838632,4640.59321838632,8.4425974858385
"1408","79315794B14554153149615",1,200060.073394208,200060.073394208,12.2063729674001
"1409","79315794B15002894177618",1,19029.4741633071,19029.4741633071,9.85374432792246
"1410","79315794B16218870700964",1,144281.024138935,144281.024138935,11.879518233266
"1411","79315794B16345419733055",1,307.722519321442,307.722519321442,5.72919846561507
"1412","79315794B19260773575494",1,0,0,0
"1413","79315794B20795097594485",1,65065.5780241818,65065.5780241818,11.0831509329673
"1414","79315794B23581403220274",1,255659.158090296,255659.158090296,12.4516004226332
"1415","79315794B23802298145360",1,12821.2047806257,12821.2047806257,9.458855702707
"1416","79315794B287645729491",1,4389.36444567841,4389.36444567841,8.38693972239458
"1417","79315794B29449237638687",1,31700.3668405651,31700.3668405651,10.364083532056
"1418","79315794B31995662922872",1,NA,NA,NA
"1419","79315794B40906067193470",1,9778.16916659534,9778.16916659534,9.1879075437248
"1420","79315794B45155466226613",1,22711.5178622233,22711.5178622233,10.0306274695999
"1421","79315794B45562191663104",1,37994.037519257,37994.037519257,10.5451845190093
"1422","79315794B47681423579390",1,11943.6219068706,11943.6219068706,9.38795268323159
"1423","79315794B48359666859160",1,4720.86378817976,4720.86378817976,8.45974706780634
"1424","79315794B51532332828438",1,23353.376195725,23353.376195725,10.0584968434681
"1425","79315794B51596434492977",1,92420.1162333236,92420.1162333236,11.4340999420876
"1426","79315794B52080177135978",1,15862.370380269,15862.370380269,9.67170494053261
"1427","79315794B55375051519151",1,7720.57195000548,7720.57195000548,8.9516437270628
"1428","79315794B57511949533028",1,13171.9246900541,13171.9246900541,9.4858429260531
"1429","79315794B59411245897989",1,6624.09833817516,6624.09833817516,8.7984695416939
"1430","79315794B60166083872241",1,53498.4552574984,53498.4552574984,10.8874080587756
"1431","79315794B62566819946411",1,6486.61705398503,6486.61705398503,8.77749641863334
"1432","79315794B63782301710302",1,9691.82706926465,9691.82706926465,9.17903823915081
"1433","79315794B64508526570153",1,96276.892777638,96276.892777638,11.4749836186055
"1434","79315794B65140783843548",1,5512.8837155151,5512.8837155151,8.61484312558927
"1435","79315794B65816888820880",1,114783.011840797,114783.011840797,11.6507987714365
"1436","79315794B67275787236305",1,26767.894082948,26767.894082948,10.1949584663654
"1437","79315794B6796894377003",1,67175.4909675214,67175.4909675214,11.1150637422403
"1438","79315794B68531510505764",1,87667.4438898927,87667.4438898927,11.3813058881167
"1439","79315794B69543299009522",1,4693.4879574687,4693.4879574687,8.45393128598462
"1440","79315794B7146540815247",1,14477.2901212287,14477.2901212287,9.58033650210166
"1441","79315794B72742203497130",1,37638.8610112587,37638.8610112587,10.5357923331793
"1442","79315794B75858091491233",1,73585.1432355488,73585.1432355488,11.2061984261282
"1443","79315794B77500170137701",1,583.865316036977,583.865316036977,6.36967033300625
"1444","79315794B78003288159238",1,1022.69784393739,1022.69784393739,6.93019935960342
"1445","79315794B8332040892436",1,24204.5702663372,24204.5702663372,10.094296748295
"1446","79315794B83892648288540",1,41176.9277324862,41176.9277324862,10.6256333719824
"1447","79315794B84342093482333",1,1749.40314651478,1749.40314651478,7.46702994960925
"1448","79315794B86177498250325",1,16169.1999071208,16169.1999071208,9.69086347126786
"1449","79315794B86595410574585",1,36989.9872816192,36989.9872816192,10.5184025409935
"1450","79315794B86841984687248",1,2281.5797807657,2281.5797807657,7.73262336831434
"1451","79315794B89727671560909",1,6128.5997461503,6128.5997461503,8.72072157643409
"1452","79315794B89800757890613",1,52900.6675209057,52900.6675209057,10.8761712363094
"1453","79315794B90706400022034",1,132790.569658851,132790.569658851,11.796528501898
"1454","79315794B91995103964553",1,209874.511753083,209874.511753083,12.2542650680071
"1455","79315794B93923145926056",1,47770.3776426421,47770.3776426421,10.774161011788
"1456","79315794B95271518401936",1,34266.917159542,34266.917159542,10.4419356534117
"1457","79315794B95898658703869",1,3471.04543803517,3471.04543803517,8.15221110653818
"1458","79315794B97564710343662",1,54136.0556881377,54136.0556881377,10.8992557065826
"1459","79315794B99064855901693",1,27975.2333870613,27975.2333870613,10.2390748758464
"1460","79324940B51603968819213",1,NA,NA,NA
"1461","79465075B26662084929959",1,25980.2758115905,25980.2758115905,10.1650929064727
"1462","79465075B81519160116587",1,26410.10973217,26410.10973217,10.1815021602303
"1463","811477B18636492208722",1,151109.158727078,151109.158727078,11.9257577601041
"1464","811477B34653806269140",1,136826.87978159,136826.87978159,11.8264717545005
"1465","811477B41230698537605",1,163321.566582818,163321.566582818,12.0034763374939
"1466","811477B46540851018078",1,107158.19499455,107158.19499455,11.5820614794942
"1467","811477B772229677818",1,422620.48346441,422620.48346441,12.9542298530898
"1468","81297802B1045120286230",1,195864.400042797,195864.400042797,12.185177862267
"1469","81297802B10780873415993",1,286829.167901296,286829.167901296,12.5666420837264
"1470","81297802B11022979046189",1,79802.4051488833,79802.4051488833,11.287308922694
"1471","81297802B11134761285152",1,129515.312475331,129515.312475331,11.7715543961843
"1472","81297802B11658146957456",1,70925.6708030064,70925.6708030064,11.1693877175528
"1473","81297802B12813150904873",1,89478.1867038962,89478.1867038962,11.4017501505786
"1474","81297802B15613357308975",1,186634.013863563,186634.013863563,12.136904833011
"1475","81297802B16541954250717",1,28673.8435826519,28673.8435826519,10.2637406127677
"1476","81297802B20367953633835",1,48695.9125956378,48695.9125956378,10.793350375274
"1477","81297802B20968372540645",1,146386.725203417,146386.725203417,11.8940072015581
"1478","81297802B21993860278161",1,83970.1731403176,83970.1731403176,11.3382169331061
"1479","81297802B23204917551818",1,132498.863071587,132498.863071587,11.7943293437798
"1480","81297802B2421652022296",1,52651.8890033196,52651.8890033196,10.8714573954241
"1481","81297802B27432396017289",1,113453.338925605,113453.338925605,11.6391469205868
"1482","81297802B31644345342604",1,180593.472478862,180593.472478862,12.1040037757839
"1483","81297802B31894177777214",1,94919.9503323924,94919.9503323924,11.460789187292
"1484","81297802B33972751107769",1,32272.8357814028,32272.8357814028,10.3819811578942
"1485","81297802B34920687321908",1,140256.287449992,140256.287449992,11.8512266526831
"1486","81297802B35670860897871",1,88744.1223220488,88744.1223220488,11.3935124777873
"1487","81297802B35959496403420",1,106906.504510312,106906.504510312,11.5797099418441
"1488","81297802B37110717960369",1,162253.073277679,162253.073277679,11.9969125760059
"1489","81297802B37970290892439",1,27071.8277106119,27071.8277106119,10.2062488982682
"1490","81297802B42791937018990",1,26838.0198812844,26838.0198812844,10.1975748134492
"1491","81297802B47304896634130",1,37921.2318686253,37921.2318686253,10.5432664418283
"1492","81297802B47494931699472",1,18265.3668308361,18265.3668308361,9.81276202284025
"1493","81297802B51785257245499",1,70162.0430977917,70162.0430977917,11.1585627471721
"1494","81297802B52627388081803",1,47444.4470268787,47444.4470268787,10.7673147693052
"1495","81297802B55643895945103",1,76254.0687899029,76254.0687899029,11.2418260542251
"1496","81297802B55656475848083",1,169353.587459219,169353.587459219,12.0397440417193
"1497","81297802B56181672233009",1,17847.672555608,17847.672555608,9.78962838966483
"1498","81297802B57271723433997",1,77443.3721724681,77443.3721724681,11.2573022666179
"1499","81297802B61067118889021",1,102034.353982429,102034.353982429,11.5330648393101
"1500","81297802B61752422174773",1,127493.376833725,127493.376833725,11.7558196958292
"1501","81297802B62948768430814",1,89534.306428662,89534.306428662,11.4023771428697
"1502","81297802B63810165613250",1,8679.0827891767,8679.0827891767,9.0686711326213
"1503","81297802B64444176527608",1,97416.4160001633,97416.4160001633,11.4867500175251
"1504","81297802B65636962466894",1,39220.8447220856,39220.8447220856,10.5769636375624
"1505","81297802B70720207353538",1,207145.452446524,207145.452446524,12.2411764943151
"1506","81297802B72056692107631",1,184366.74678295,184366.74678295,12.1246822418632
"1507","81297802B72423367852086",1,23135.3408056942,23135.3408056942,10.0491166324059
"1508","81297802B74996211829814",1,86249.4889182725,86249.4889182725,11.3649994092908
"1509","81297802B78342510004852",1,30350.7220383727,30350.7220383727,10.3205755865959
"1510","81297802B80628180194499",1,85721.1558633245,85721.1558633245,11.3588549336698
"1511","81297802B80912783182295",1,23211.4483926024,23211.4483926024,10.0524009011389
"1512","81297802B81560237884054",1,44162.9590127378,44162.9590127378,10.6956416853352
"1513","81297802B82760747397164",1,183920.080091012,183920.080091012,12.1222565949035
"1514","81297802B8357375846053",1,16937.1222499972,16937.1222499972,9.73726307479016
"1515","81297802B84418908504415",1,83995.0775660522,83995.0775660522,11.3385134757042
"1516","81297802B84719552891507",1,170976.275046242,170976.275046242,12.0492800834395
"1517","81297802B86066179794931",1,36371.0162451701,36371.0162451701,10.501527479443
"1518","81297802B86432819232797",1,114686.653234765,114686.653234765,11.6499589339647
"1519","81297802B88130440660417",1,330562.1073086,330562.1073086,12.7085498398586
"1520","81297802B89611140069217",1,82761.1173511223,82761.1173511223,11.3237136328694
"1521","81297802B89663618716792",1,15437.3943020606,15437.3943020606,9.64454804651681
"1522","81297802B9107629386142",1,23633.6967271,23633.6967271,10.0704288000569
"1523","81297802B92774803000720",1,29322.7226311866,29322.7226311866,10.2861180108704
"1524","81297802B94706269623038",1,44798.2847664387,44798.2847664387,10.7099251312067
"1525","81297802B96824977906351",1,84615.0076200265,84615.0076200265,11.3458669248975
"1526","81297802B973126409201",1,92702.7161659129,92702.7161659129,11.4371530517279
"1527","81297802B98438479076374",1,145635.701248473,145635.701248473,11.8888635855703
"1528","81297802B98842550999199",1,26130.6866797579,26130.6866797579,10.1708656375325
"1529","85939544B26201267157646",1,335021.289705151,335021.289705151,12.7219493601466
"1530","85939544B26264863650897",2,102533.62317138,205067.24634276,12.2310932352705
"1531","85939544B28799715012212",2,282538.893377964,565077.786755928,13.2447186763264
"1532","85939544B30642509050116",1,446584.656139183,446584.656139183,13.0093842607429
"1533","85939544B32350532447413",1,435847.539708357,435847.539708357,12.985047781611
"1534","85939544B33364168787730",1,282083.360004596,282083.360004596,12.5499579090915
"1535","85939544B36345946298130",1,226377.451933537,226377.451933537,12.3299590264182
"1536","85939544B37446089230364",1,71343.5852637595,71343.5852637595,11.1752627136602
"1537","85939544B53018455745149",1,213889.474548985,213889.474548985,12.2732146865152
"1538","85939544B62807674730552",2,146198.921211617,292397.842423234,12.585870627977
"1539","85939544B64339198961844",1,144613.979656652,144613.979656652,11.8818232621572
"1540","85939544B68532442394498",1,63020.5361079937,63020.5361079937,11.0512159222252
"1541","85939544B70859422468328",1,875945.027058197,875945.027058197,13.6830586134496
"1542","85939544B7087427782291",1,142788.291541101,142788.291541101,11.869118333517
"1543","85939544B76219123027909",1,314745.936502699,314745.936502699,12.6595210415856
"1544","85939544B78261911608408",1,111720.6382198,111720.6382198,11.6237567327155
"1545","85939544B80156310814638",1,149307.20808483,149307.20808483,11.9137612615637
"1546","85939544B80255250880532",1,291931.14472776,291931.14472776,12.584273247717
"1547","85939544B84793619782311",1,210184.333675301,210184.333675301,12.2557402040828
"1548","85939544B86182788788384",1,365373.390885313,365373.390885313,12.8086750983951
"1549","86173395B29974075887394",1,258.519999453388,258.519999453388,5.55497305828031
"1550","86173395B32206568144682",1,2047.62378406852,2047.62378406852,7.62443527009934
"1551","86173395B33619167853359",1,337.127104540579,337.127104540579,5.82046002405243
"1552","86173395B65522481744755",1,10393.3380579824,10393.3380579824,9.24892030852813
"1553","86173395B65596766403294",1,993.171067124456,993.171067124456,6.90090292224358
"1554","86173395B69111748421310",1,134.099442012832,134.099442012832,4.89858162930084
"1555","86173395B71884173217057",1,322.404321206082,322.404321206082,5.77580641378732
"1556","86173395B8049186625596",1,5043.18759753743,5043.18759753743,8.52579362097584
"1557","86173395B87338577523436",1,13835.0283754079,13835.0283754079,9.53495894320612
"1558","86173395B95713051783720",1,31977.988256609,31977.988256609,10.3728030781119
"1559","86173395B97599350653423",1,1090.08443964949,1090.08443964949,6.99401043979107
"1560","86173395B9994145648784",1,1300.45431369463,1300.45431369463,7.17046895447128
"1561","91817680B11201690622195",1,145154.057265454,145154.057265454,11.8855509212871
"1562","91817680B11476058556898",1,231966.868463452,231966.868463452,12.3543498321032
"1563","91817680B11624916188823",1,315901.96121279,315901.96121279,12.6631871951052
"1564","91817680B12008242239928",1,399932.072983743,399932.072983743,12.8990499941288
"1565","91817680B15590775835688",1,280123.582527723,280123.582527723,12.5429861509484
"1566","91817680B1574399427608",1,590525.78141857,590525.78141857,13.2887685739858
"1567","91817680B16002130574290",1,253169.100579339,253169.100579339,12.4418129261786
"1568","91817680B1708787718818",1,521598.665566755,521598.665566755,13.1646537312454
"1569","91817680B17319558643664",1,41282.012943909,41282.012943909,10.6281821621427
"1570","91817680B21680824294868",1,74615.3558744543,74615.3558744543,11.2201016078302
"1571","91817680B23901291202395",1,23982.6868520328,23982.6868520328,10.0850874678442
"1572","91817680B24548286345957",1,64170.6459911389,64170.6459911389,11.0693011575653
"1573","91817680B26152541530210",1,1082844.75052103,1082844.75052103,13.8951021643879
"1574","91817680B27152027053647",1,33168.6774453158,33168.6774453158,10.4093612591328
"1575","91817680B29624883381183",1,227427.16128151,227427.16128151,12.3345852959166
"1576","91817680B30315657457409",1,18843.2895248992,18843.2895248992,9.84391213612142
"1577","91817680B30389585516178",1,68640.4110679563,68640.4110679563,11.1366367228962
"1578","91817680B30407776748413",1,44313.2776870944,44313.2776870944,10.6990396331819
"1579","91817680B32751924176777",1,357648.660075708,357648.660075708,12.7873063870615
"1580","91817680B32757414449699",1,22511.0516729795,22511.0516729795,10.0217616530662
"1581","91817680B32789615967236",1,370381.628705711,370381.628705711,12.8222891819974
"1582","91817680B33034423068968",1,128605.827860599,128605.827860599,11.7645074074929
"1583","91817680B33489673734556",1,192582.196965766,192582.196965766,12.1682783387974
"1584","91817680B36456413113015",1,43929.7859734579,43929.7859734579,10.6903478649675
"1585","91817680B37138617445780",1,82277.3030219412,82277.3030219412,11.3178505651784
"1586","91817680B37299464646583",1,261331.653811959,261331.653811959,12.4735455839038
"1587","91817680B37660936440541",1,29919.0300358192,29919.0300358192,10.306250012974
"1588","91817680B37722151409475",1,301482.833293512,301482.833293512,12.6164683558617
"1589","91817680B39611758954351",1,55480.2851959447,55480.2851959447,10.9237830149337
"1590","91817680B40534015790157",1,36658.0221295574,36658.0221295574,10.5093875682077
"1591","91817680B44823551048989",1,214095.214758838,214095.214758838,12.2741761238321
"1592","91817680B44952414610796",1,111783.147467299,111783.147467299,11.6243160901236
"1593","91817680B46219646335198",1,20397.2503968697,20397.2503968697,9.92315538628089
"1594","91817680B48235767363306",1,94735.7008677322,94735.7008677322,11.4588461972312
"1595","91817680B48442195707238",1,553279.536311966,553279.536311966,13.2236186434055
"1596","91817680B48783047676904",1,37195.6624811268,37195.6624811268,10.5239474334932
"1597","91817680B49679347075852",1,299128.316104642,299128.316104642,12.6086279111656
"1598","91817680B50207003035",1,251117.54036635,251117.54036635,12.4336763968133
"1599","91817680B51132506733028",1,18243.3308799225,18243.3308799225,9.81155486098725
"1600","91817680B51485783996699",1,125152.44456139,125152.44456139,11.7372878297206
"1601","91817680B53198155341948",1,19865.9172349107,19865.9172349107,9.89676084059883
"1602","91817680B5353031397212",1,254789.579444966,254789.579444966,12.4481933048461
"1603","91817680B54012703126739",1,122006.711060432,122006.711060432,11.7118313308945
"1604","91817680B55707549130569",1,123378.381584627,123378.381584627,11.7230111853541
"1605","91817680B55822624410007",1,23631.3536140902,23631.3536140902,10.0703296522513
"1606","91817680B56099735913612",1,20812.3144583894,20812.3144583894,9.94330013177084
"1607","91817680B57927404517776",1,275533.122295666,275533.122295666,12.5264631264671
"1608","91817680B58127051569150",1,252710.481928879,252710.481928879,12.4399997722504
"1609","91817680B59018342058044",1,36423.8051192022,36423.8051192022,10.5029778266599
"1610","91817680B59476098361869",1,40642.889172845,40642.889172845,10.612579171577
"1611","91817680B60872934813823",1,55761.2747523705,55761.2747523705,10.9288349065858
"1612","91817680B63178832268751",1,177898.339955142,177898.339955142,12.0889675422734
"1613","91817680B63526671374694",1,70851.0444211187,70851.0444211187,11.1683349863104
"1614","91817680B65451529480853",1,296678.515143578,296678.515143578,12.6004043909289
"1615","91817680B65504384218086",1,137272.388761043,137272.388761043,11.8297224700105
"1616","91817680B67324121140218",1,32341.8457067,32341.8457067,10.3841172034475
"1617","91817680B68494559899558",1,163960.20958525,163960.20958525,12.0073790528881
"1618","91817680B72214553011774",1,166958.124221307,166958.124221307,12.0254983067892
"1619","91817680B75710427976091",1,497134.590585049,497134.590585049,13.1166160744236
"1620","91817680B75900877128055",1,107393.525524838,107393.525524838,11.5842551754859
"1621","91817680B78599330358722",1,50042.0717069165,50042.0717069165,10.8206193647414
"1622","91817680B8006777837161",1,366146.185897912,366146.185897912,12.8107879476602
"1623","91817680B84202113891253",1,645463.43949819,645463.43949819,13.3777238486225
"1624","91817680B85110926045998",1,262939.633798792,262939.633798792,12.4796797555319
"1625","91817680B85222249357664",1,14956.1493127526,14956.1493127526,9.61287781951552
"1626","91817680B85909931268472",1,29107.6952266941,29107.6952266941,10.2787578589811
"1627","91817680B86480113122364",1,23150.6220706291,23150.6220706291,10.0497769304548
"1628","91817680B86853073591153",1,431010.128625781,431010.128625781,12.9738868691016
"1629","91817680B87761816793360",1,283636.1567904,283636.1567904,12.5554475577224
"1630","91817680B88513858108060",1,92121.1625081417,92121.1625081417,11.4308599733528
"1631","91817680B88985387415210",1,32138.4824359522,32138.4824359522,10.3778094208759
"1632","91817680B8944082307158",1,234174.003553018,234174.003553018,12.3638197229301
"1633","91817680B89733153975870",1,42136.6926400363,42136.6926400363,10.6486741992291
"1634","91817680B90297389150949",1,203745.042821958,203745.042821958,12.224624701099
"1635","91817680B90592918780723",1,26475.5042925103,26475.5042925103,10.1839752181639
"1636","91817680B91067436457746",1,44001.0675302677,44001.0675302677,10.6919691746576
"1637","91817680B91211823266814",1,115251.565167442,115251.565167442,11.6548725413952
"1638","91817680B91736183236009",1,60624.5372775811,60624.5372775811,11.0124549956759
"1639","91817680B92610564128426",1,32147.3531521848,32147.3531521848,10.3780853981953
"1640","91817680B92973690121395",1,45395.1671287983,45395.1671287983,10.7231609274556
"1641","91817680B93090957259339",1,18548.915169305,18548.915169305,9.82816658488639
"1642","91817680B93885607227135",1,58536.6330681533,58536.6330681533,10.9774080435278
"1643","91817680B95262291256995",1,123410.030982746,123410.030982746,11.7232676755026
"1644","91817680B96924831002014",1,306008.393634372,306008.393634372,12.631367810736
"1645","91817680B97433571779884",1,53208.0244462004,53208.0244462004,10.8819644994101
"1646","91817680B98862203953263",1,7553.73560774054,7553.73560774054,8.92979750236077
"1647","91817680B99071511370380",1,126895.657371626,126895.657371626,11.7511204322472
"1648","DIS013",1,NA,NA,NA
"1649","DIS015",2,NA,NA,NA
"1650","DIS017",2,NA,NA,NA
