"","ADM2_id","total_exposure_days","total_population","total_person_day_exposure","log_total_person_day_exposure"
"1","10022922B11162683268422",1,175632.155977108,175632.155977108,12.0761470640172
"2","10022922B13687974105922",1,238333.846444953,238333.846444953,12.3814276859216
"3","10022922B15279482214677",1,219220.532108495,219220.532108495,12.2978334980476
"4","10022922B21478747844721",1,62198.9745064733,62198.9745064733,11.0380937915572
"5","10022922B21608854890468",1,97169.5527129729,97169.5527129729,11.4842126976838
"6","10022922B27026898293410",1,22998.2336288777,22998.2336288777,10.0431726932177
"7","10022922B29824664852903",2,133932.598072303,267865.196144606,12.4982391334859
"8","10022922B29889196912325",1,107796.89821466,107796.89821466,11.5880041635241
"9","10022922B29911348985828",1,260314.843493388,260314.843493388,12.4696471139184
"10","10022922B31790128040616",1,164007.935852552,164007.935852552,12.0076700949804
"11","10022922B32579750162608",1,195056.54784405,195056.54784405,12.1810447844511
"12","10022922B34339999190032",2,55064.0033703066,110128.006740613,11.6093986658452
"13","10022922B34392392155891",1,208278.735239988,208278.735239988,12.2466325348558
"14","10022922B38821373259374",1,19985.3149569537,19985.3149569537,9.90275303068868
"15","10022922B39439372576611",1,344085.538946595,344085.538946595,12.7486455651733
"16","10022922B39697778193382",1,43742.0464536151,43742.0464536151,10.686065079913
"17","10022922B40357207342555",1,172009.899879688,172009.899879688,12.0553073115793
"18","10022922B40533998311047",1,63408.3280573208,63408.3280573208,11.0573504891697
"19","10022922B47245353926014",1,106839.738305668,106839.738305668,11.5790852178168
"20","10022922B48021466276127",2,33914.7348977168,67829.4697954336,11.1247520372419
"21","10022922B50417492685621",1,70778.5397603758,70778.5397603758,11.1673111230053
"22","10022922B51504984909978",2,116383.754485607,232767.508971214,12.3577954188243
"23","10022922B52512193010711",1,272047.143215172,272047.143215172,12.5137306509039
"24","10022922B54557741887580",1,119807.276206754,119807.276206754,11.6936396991025
"25","10022922B54995100782210",1,100748.107584248,100748.107584248,11.5203786963496
"26","10022922B55197674782137",1,135712.762988265,135712.762988265,11.818295894372
"27","10022922B56468572037030",1,118565.752961062,118565.752961062,11.6832229629784
"28","10022922B59098628147577",1,24339.4797904627,24339.4797904627,10.0998549936945
"29","10022922B59412081262724",1,157560.995814505,157560.995814505,11.9675679372889
"30","10022922B6018255004858",1,172503.278955678,172503.278955678,12.0581715237116
"31","10022922B60996293868186",2,95727.8862346888,191455.772469378,12.1624121077665
"32","10022922B61824869015313",2,116837.203287995,233674.40657599,12.3616840005204
"33","10022922B67140219559440",1,54706.3439498666,54706.3439498666,10.9097349588309
"34","10022922B70120442307447",1,87266.3713860679,87266.3713860679,11.3767204601256
"35","10022922B70385192089273",1,57479.9565091425,57479.9565091425,10.9591915835668
"36","10022922B7074189327891",1,138819.641559926,138819.641559926,11.840930826841
"37","10022922B72540367204165",1,112629.509485972,112629.509485972,11.6318590339401
"38","10022922B72547257848133",1,112523.287281983,112523.287281983,11.6309154772675
"39","10022922B7387017022835",2,151470.707683496,302941.415366992,12.6212947171735
"40","10022922B7475622417535",1,243604.287030407,243604.287030407,12.40330041331
"41","10022922B77596397547877",1,135711.459859985,135711.459859985,11.8182862922203
"42","10022922B78580830473532",1,252311.872906725,252311.872906725,12.4384211922089
"43","10022922B79548799707119",1,197495.776606949,197495.776606949,12.1934724788261
"44","10022922B83460232588272",1,45811.9985127713,45811.9985127713,10.7323013120539
"45","10022922B85703559853082",1,92898.0406840278,92898.0406840278,11.4392578339878
"46","10022922B91378939255033",1,40401.6921540953,40401.6921540953,10.6066269480744
"47","10022922B91714644312966",2,110884.534616891,221769.069233782,12.3093918907644
"48","10022922B93003724204974",1,26183.5886309874,26183.5886309874,10.1728881053559
"49","10022922B96360954496738",2,108990.756964274,217981.513928548,12.2921655396827
"50","10022922B97539486376385",1,52837.7811537538,52837.7811537538,10.8749817659634
"51","14789045B1081275636897",1,17064.3379776582,17064.3379776582,9.74474606642821
"52","14789045B1558360713921",1,9545.38957074444,9545.38957074444,9.16381354944373
"53","14789045B56033797709996",1,13569.3850477639,13569.3850477639,9.51557143476182
"54","14789045B59370140697229",1,25900.8628213585,25900.8628213585,10.1620315606987
"55","14789045B64125639781639",1,5772.57649382033,5772.57649382033,8.66087379256057
"56","14789045B84584240899175",1,15465.4232800888,15465.4232800888,9.64636205494111
"57","14789045B92198168751109",1,26917.2242590859,26917.2242590859,10.2005216677101
"58","17275852B10267820559553",1,498291.150314986,498291.150314986,13.1189398243586
"59","17275852B1065790622928",1,568022.891924517,568022.891924517,13.2499169995752
"60","17275852B11168745431905",1,350912.789417559,350912.789417559,12.7682930083781
"61","17275852B12443275471591",1,819279.298077104,819279.298077104,13.6161803279931
"62","17275852B13001476141541",1,591426.098348334,591426.098348334,13.2902920152008
"63","17275852B14417300719855",1,304566.466961125,304566.466961125,12.6266446246145
"64","17275852B14815638988431",1,325696.400855596,325696.400855596,12.6937209407138
"65","17275852B15408627611583",1,645281.861358298,645281.861358298,13.3774424946776
"66","17275852B16105050053503",1,1233834.63511713,1233834.63511713,14.0256374672693
"67","17275852B16277870573564",1,409597.020326624,409597.020326624,12.9229290780878
"68","17275852B2067645637252",1,1050530.27154507,1050530.27154507,13.8648056151729
"69","17275852B21750823884811",1,219001.925874465,219001.925874465,12.2968358027073
"70","17275852B23032274093284",1,237870.974972883,237870.974972883,12.3794836836897
"71","17275852B23391188567726",1,1961818.12242389,1961818.12242389,14.4893822147208
"72","17275852B25584448604265",1,205325.650579787,205325.650579787,12.23235253714
"73","17275852B26033440645013",1,87398.2340048202,87398.2340048202,11.378230355545
"74","17275852B26344796891704",1,195781.810543733,195781.810543733,12.1847561066209
"75","17275852B26545854509310",1,1099226.61116476,1099226.61116476,13.9101174097321
"76","17275852B27557602684751",1,348017.007862795,348017.007862795,12.7600066307313
"77","17275852B28001364673929",1,1914606.33542491,1914606.33542491,14.465022590496
"78","17275852B29365851049062",1,1260393.12178873,1260393.12178873,14.046934231685
"79","17275852B31573882035564",1,513152.280489506,513152.280489506,13.1483279231632
"80","17275852B31753067259114",1,190007.533329175,190007.533329175,12.1548189994575
"81","17275852B31757639036873",1,254484.869932497,254484.869932497,12.4469966630385
"82","17275852B34420574294401",1,365743.092663819,365743.092663819,12.8096864333009
"83","17275852B34909453536373",1,730337.95458447,730337.95458447,13.5012626574812
"84","17275852B34982159967792",1,178651.571237522,178651.571237522,12.0931926584732
"85","17275852B35175722210772",1,52604.698755143,52604.698755143,10.8705607246818
"86","17275852B35691129963558",1,1822668.31417734,1822668.31417734,14.4158120920587
"87","17275852B37419515135684",1,433010.503928082,433010.503928082,12.9785172651848
"88","17275852B37463175613953",1,274299.71750595,274299.71750595,12.5219766470526
"89","17275852B37590867813392",1,427501.633329301,427501.633329301,12.965713388005
"90","17275852B37857453943231",1,238700.83189443,238700.83189443,12.3829662974253
"91","17275852B38667129164520",1,130166.240018658,130166.240018658,11.7765676818828
"92","17275852B3879764169207",1,1399953.74511493,1399953.74511493,14.1519497548361
"93","17275852B39002428158328",1,243691.760868127,243691.760868127,12.40365943054
"94","17275852B40414648244388",1,313911.399115874,313911.399115874,12.6568660566526
"95","17275852B40827597599959",1,351956.381727192,351956.381727192,12.7712625313543
"96","17275852B40934974334003",1,1015766.05368826,1015766.05368826,13.8311536184883
"97","17275852B41425356149959",1,530098.39787569,530098.39787569,13.1808179246655
"98","17275852B42230140857746",1,415609.975009189,415609.975009189,12.937502539385
"99","17275852B42869172782924",1,310561.736981173,310561.736981173,12.6461379914487
"100","17275852B43707425356039",1,797641.416663866,797641.416663866,13.5894144228913
"101","17275852B44248179758570",2,479175.494746079,958350.989492158,13.7729693671937
"102","17275852B44953136813001",1,433475.993012937,433475.993012937,12.9795916942296
"103","17275852B46208020456835",1,440207.678224824,440207.678224824,12.9950018905049
"104","17275852B46346395801730",1,255526.686679437,255526.686679437,12.4510821320147
"105","17275852B46630816811728",1,508961.532038535,508961.532038535,13.1401277171139
"106","17275852B4666557299379",1,675427.115225508,675427.115225508,13.4231005330414
"107","17275852B46998996515844",1,649729.361912186,649729.361912186,13.3843111888784
"108","17275852B47214038820512",1,1131230.89210424,1131230.89210424,13.938816882896
"109","17275852B47416526759176",1,141411.932656292,141411.932656292,11.8594324182496
"110","17275852B47804746725670",1,775346.301716658,775346.301716658,13.5610650494565
"111","17275852B47839165615513",1,18514.2826103099,18514.2826103099,9.82629774619197
"112","17275852B48501556095420",1,135829.511109289,135829.511109289,11.8191557835263
"113","17275852B49260746635311",1,506158.987492604,506158.987492604,13.1346061034485
"114","17275852B50034294804845",1,1343453.70645898,1343453.70645898,14.1107542490261
"115","17275852B50934595514046",1,301672.515913945,301672.515913945,12.617097323596
"116","17275852B50974554768856",1,338525.304733501,338525.304733501,12.7323541240308
"117","17275852B51230036148684",1,1401637.45247811,1401637.45247811,14.1531517200388
"118","17275852B52033797991024",1,150630.817267177,150630.817267177,11.9225872033422
"119","17275852B52554899928467",1,551846.003465576,551846.003465576,13.2210243071083
"120","17275852B53025585862768",1,196176.97401024,196176.97401024,12.1867724594415
"121","17275852B53059710714494",1,686030.551325588,686030.551325588,13.4386774411764
"122","17275852B5353146374567",1,311852.294551698,311852.294551698,12.650284939797
"123","17275852B54078553013960",1,523177.559005908,523177.559005908,13.167676186397
"124","17275852B54799230122335",1,182438.914946131,182438.914946131,12.114170683352
"125","17275852B57882995260260",1,369932.071983366,369932.071983366,12.8210746785317
"126","17275852B58186217435722",1,3043932.0825823,3043932.0825823,14.9286606858167
"127","17275852B59261423659404",1,635225.170876603,635225.170876603,13.3617348148248
"128","17275852B60010150977543",1,2692726.68619106,2692726.68619106,14.8060648761832
"129","17275852B60568982990722",1,751701.758014788,751701.758014788,13.5300949258814
"130","17275852B60612190497835",1,655686.374088013,655686.374088013,13.3934378653251
"131","17275852B60797773490242",1,128071.252467485,128071.252467485,11.7603420479263
"132","17275852B62019928411356",1,384382.653736981,384382.653736981,12.8593938295059
"133","17275852B62298947029961",1,933468.157727104,933468.157727104,13.7466621307524
"134","17275852B62466362466217",1,251883.241585072,251883.241585072,12.4367209320811
"135","17275852B6292026436391",1,107415.417826699,107415.417826699,11.5844590059373
"136","17275852B63293791576670",1,244866.815157296,244866.815157296,12.4084697301136
"137","17275852B63889031221729",1,927119.56522246,927119.56522246,13.7398378170532
"138","17275852B67769801833376",1,176736.248684426,176736.248684426,12.0824137797954
"139","17275852B67980375579506",1,888127.710299094,888127.710299094,13.6968708295379
"140","17275852B69233894766016",1,890783.265508091,890783.265508091,13.6998564282752
"141","17275852B6984922207713",1,508557.966205424,508557.966205424,13.1393344824781
"142","17275852B70258266780305",1,794449.27640854,794449.27640854,13.585404419508
"143","17275852B71369345081906",1,1006379.78893418,1006379.78893418,13.8218700821891
"144","17275852B71820490263286",1,1220998.10767247,1220998.10767247,14.0151792032738
"145","17275852B72769683371533",1,845127.147931883,845127.147931883,13.647242365945
"146","17275852B73340521246225",1,247544.14390681,247544.14390681,12.4193442043062
"147","17275852B75086699702795",1,929262.060881919,929262.060881919,13.7421460672326
"148","17275852B75960028918134",1,222979.14060141,222979.14060141,12.3148335061631
"149","17275852B75995678778305",1,1572055.46836393,1572055.46836393,14.2678945365676
"150","17275852B76985937823941",1,88325.4132319576,88325.4132319576,11.3887831507554
"151","17275852B77187634403002",1,329416.399731498,329416.399731498,12.7050778821636
"152","17275852B78001466735071",1,690962.548056511,690962.548056511,13.4458409016522
"153","17275852B78492057192398",1,338825.950027503,338825.950027503,12.7332418327687
"154","17275852B79983094228846",1,285881.081363752,285881.081363752,12.563331203906
"155","17275852B80322806028087",1,384621.351522619,384621.351522619,12.8600146267753
"156","17275852B8079983127742",1,621107.304805071,621107.304805071,13.3392591395555
"157","17275852B81259275775371",1,1839557.33001863,1839557.33001863,14.4250355191292
"158","17275852B82056417042325",1,295480.588613,295480.588613,12.5963584236977
"159","17275852B82537963815987",1,1111702.72953349,1111702.72953349,13.9214033884975
"160","17275852B8296297044700",1,144277.925080249,144277.925080249,11.8794967537126
"161","17275852B85014187933164",1,230228.22616736,230228.22616736,12.3468263835975
"162","17275852B85592550914884",1,107850.069196892,107850.069196892,11.5884972934202
"163","17275852B8583677209878",1,677479.38966312,677479.38966312,13.4261344101118
"164","17275852B8657294857468",1,210796.035381409,210796.035381409,12.2586462879839
"165","17275852B87114256965843",1,641261.419260112,641261.419260112,13.3711924831216
"166","17275852B87182296846240",1,470528.609239756,470528.609239756,13.0616120421946
"167","17275852B88564558630562",1,170794.350236532,170794.350236532,12.0482154815491
"168","17275852B89940388970234",1,185303.896216595,185303.896216595,12.1297524385856
"169","17275852B90238227594233",1,302679.754692983,302679.754692983,12.6204306103581
"170","17275852B90270417137698",1,504959.714323833,504959.714323833,13.1322339314592
"171","17275852B90429058486395",1,972423.632969284,972423.632969284,13.7875468248816
"172","17275852B90975196028640",1,567724.587971284,567724.587971284,13.2493916997786
"173","17275852B91401282439532",1,346494.654368271,346494.654368271,12.7556226699845
"174","17275852B92675490846952",1,229014.509256358,229014.509256358,12.3415406397273
"175","17275852B93231482572641",1,537009.077308222,537009.077308222,13.1937702770878
"176","17275852B93478142128701",1,664953.711071518,664953.711071518,13.407472709804
"177","17275852B94153665683486",1,367519.4567144,367519.4567144,12.8145315396741
"178","17275852B94225890778741",1,416545.567577949,416545.567577949,12.9397511405541
"179","17275852B95109993079714",1,398344.054204871,398344.054204871,12.8950713686393
"180","17275852B95816601250462",1,173399.364565915,173399.364565915,12.0633526787654
"181","17275852B96160830946824",2,580893.515810642,1161787.03162128,13.9654699221623
"182","17275852B96568921985306",1,109323.731542471,109323.731542471,11.6020687735838
"183","17275852B98251292892168",1,281388.43279259,281388.43279259,12.5474913168921
"184","17275852B98717202018932",1,360465.122079657,360465.122079657,12.7951504822879
"185","17275852B98893708532288",1,334456.633490445,334456.633490445,12.7202625043772
"186","17275852B99125708243995",1,446558.696319511,446558.696319511,13.0093261293811
"187","17275852B99819709984445",1,1892988.57582708,1892988.57582708,14.4536673952166
"188","22064153B10063200690088",4,4284.94894280721,17139.7957712288,9.74915827674991
"189","22064153B10066515375089",4,137013.824978904,548055.299915616,13.2141314730936
"190","22064153B10136144710667",1,280911.396546793,280911.396546793,12.5457945838136
"191","22064153B10198647455889",2,10291.2821528846,20582.5643057692,9.93219960346111
"192","22064153B10207741545348",4,215656.619527507,862626.478110028,13.6677370584239
"193","22064153B10383419065697",4,18928.3740333305,75713.496133322,11.2347117079908
"194","22064153B10436959918879",2,77208.0845496225,154416.169099245,11.9474066332352
"195","22064153B10464594987148",3,61276.9710146463,183830.913043939,12.1217716632488
"196","22064153B10472046376966",3,22485.6072681051,67456.8218043153,11.1192429952069
"197","22064153B10522198578948",1,6581.34855482527,6581.34855482527,8.79199495086232
"198","22064153B1052554637005",1,165565.540032384,165565.540032384,12.0171224076874
"199","22064153B10573216765784",3,43591.9549666779,130775.864900034,11.7812401818666
"200","22064153B10575542737184",1,29295.8756106588,29295.8756106588,10.2852020209556
"201","22064153B10622080660464",1,139010.140203632,139010.140203632,11.8423021605573
"202","22064153B10671989321165",1,2891.22959907131,2891.22959907131,7.96943715742782
"203","22064153B10908081440803",4,5319.15637724532,21276.6255089813,9.96536435517536
"204","22064153B11104866137473",1,11079.0423350124,11079.0423350124,9.31281052470774
"205","22064153B11163200356",2,5730.3238011693,11460.6476023386,9.34667449847478
"206","22064153B11166704859619",4,22042.3495765139,88169.3983060556,11.3870152238098
"207","22064153B11185752440330",3,4111.27950548558,12333.8385164567,9.42010186291317
"208","22064153B11283862904746",4,23568.525404328,94274.101617312,11.453961792697
"209","22064153B11294111383773",4,46468.9388196358,185875.755278543,12.1328337471223
"210","22064153B11326037690958",1,39079.8051628425,39079.8051628425,10.5733611205466
"211","22064153B11347435242213",2,NA,NA,NA
"212","22064153B11370403812277",4,430559.543499443,1722238.17399777,14.3591352668316
"213","22064153B11384904576552",2,142186.865372379,284373.730744758,12.5580446053623
"214","22064153B114806197531",2,39148.5353337401,78297.0706674802,11.2682654696249
"215","22064153B11481996196295",2,50068.2420076546,100136.484015309,11.5142893745756
"216","22064153B11493994144660",2,60277.4167062501,120554.8334125,11.6998599774758
"217","22064153B11629940757392",2,2652.60778171994,5305.21556343988,8.57644568423572
"218","22064153B11669654963101",2,15689.4022455639,31378.8044911278,10.3538879277642
"219","22064153B11731771091880",3,29811.3879409192,89434.1638227576,11.401258033831
"220","22064153B11798302769414",1,17785.7784839846,17785.7784839846,9.78615445536637
"221","22064153B11870363925687",1,7343.43411916702,7343.43411916702,8.90156187584122
"222","22064153B11880020551001",4,151159.65534043,604638.62136172,13.312386238483
"223","22064153B11925080577501",3,40800.4626129005,122401.387838701,11.7150609875476
"224","22064153B1199703569148",1,4883.2394254624,4883.2394254624,8.49356409531146
"225","22064153B12049663471572",2,137526.798589285,275053.59717857,12.5247212564896
"226","22064153B12127418038090",4,5665.11563406312,22660.4625362525,10.0283769463883
"227","22064153B12165260283396",4,4941.89816486554,19767.5926594622,9.89179914139898
"228","22064153B12172811493606",3,6077.24944833359,18231.7483450008,9.81091976790139
"229","22064153B12345861604897",4,78430.9957067088,313723.982826835,12.6562688427287
"230","22064153B1240967535924",5,4520.70363852231,22603.5181926116,10.0258608453842
"231","22064153B12662900476516",4,33398.8312316345,133595.324926538,11.8025705464076
"232","22064153B12861375372699",4,17398.1218365841,69592.4873463364,11.1504119000703
"233","22064153B12869480434443",4,22838.5778103341,91354.3112413364,11.4225007554526
"234","22064153B12892312696752",3,12267.3503628794,36802.0510886382,10.5133088587081
"235","22064153B12905305574663",1,19754.1273660234,19754.1273660234,9.89111772905402
"236","22064153B12953099652868",4,54228.3220308734,216913.288123494,12.2872529587627
"237","22064153B12979096179166",2,50843.7353097772,101687.470619554,11.5296593750326
"238","22064153B13026846490953",2,4054.59473479745,8109.1894695949,9.00075320001811
"239","22064153B13144997370504",4,276423.643503527,1105694.57401411,13.9159842692327
"240","22064153B1319937863397",1,65652.7992411796,65652.7992411796,11.0921355176822
"241","22064153B1320154413470",5,12939.258307099,64696.291535495,11.0774591610023
"242","22064153B13215881329963",5,7150.55184963783,35752.7592481891,10.4843827269113
"243","22064153B13237952508684",4,58971.7607333647,235887.042933459,12.3711083377892
"244","22064153B13335973696353",4,89893.1266619726,359572.50664789,12.7926711232838
"245","22064153B13347263805777",1,215825.363527446,215825.363527446,12.2822248574644
"246","22064153B13415196919485",3,23597.281356854,70791.844070562,11.1674990763027
"247","22064153B13433087472373",4,42831.4880353825,171325.95214153,12.0513231739552
"248","22064153B13436797224753",2,20049.7937850117,40099.5875700234,10.5991213282049
"249","22064153B1352051297857",4,122477.893194635,489911.57277854,13.101980190084
"250","22064153B13529558542609",2,270344.008258258,540688.016516516,13.2005977122181
"251","22064153B135965652539",4,45182.2454295775,180728.98171831,12.1047538495434
"252","22064153B13639223419847",5,35903.4964788448,179517.482394224,12.0980278771218
"253","22064153B13708684658213",2,21628.1852931911,43256.3705863822,10.6748997983079
"254","22064153B13741289865163",4,71326.7176613506,285306.870645402,12.5613206190897
"255","22064153B13756884324312",4,98803.948655532,395215.794622128,12.8871872102063
"256","22064153B13761046004779",1,3710.99527392723,3710.99527392723,8.219055387529
"257","22064153B13786864628755",2,31821.6902572878,63643.3805145756,11.0610506003775
"258","22064153B13823601910405",4,48665.2805912775,194661.12236511,12.1790154917355
"259","22064153B13899119854127",1,4741.95826281435,4741.95826281435,8.46420546498694
"260","22064153B13931010812226",2,30855.453914528,61710.907829056,11.0302159824216
"261","22064153B13974791812642",4,15905.6603780513,63622.6415122052,11.0607246845953
"262","22064153B13974843260526",4,21715.658485412,86862.633941648,11.3720832296176
"263","22064153B14001863011483",1,3136.48931399895,3136.48931399895,8.05085940054835
"264","22064153B14023525117600",1,209817.372320404,209817.372320404,12.2539927757127
"265","22064153B14063031562338",3,41516.0683589051,124548.205076715,11.7324481093196
"266","22064153B1409396634293",2,8816.4192203561,17632.8384407122,9.77751826304032
"267","22064153B14136631633740",2,32616.4984192789,65232.9968385578,11.0857207063771
"268","22064153B14146834260947",2,43101.1695261041,86202.3390522082,11.3644525914601
"269","22064153B14175701044712",2,15457.2813535143,30914.5627070286,10.338982636883
"270","22064153B14191280892347",2,NA,NA,NA
"271","22064153B1420949553929",2,NA,NA,NA
"272","22064153B14240371262690",1,95174.7720455884,95174.7720455884,11.4634701861397
"273","22064153B14260428934540",2,107071.434410657,214142.868821314,12.2743986825652
"274","22064153B1430516965980",3,30108.7442672522,90326.2328017566,11.4111832044337
"275","22064153B14321351977574",1,8220.21091591863,8220.21091591863,9.01435114659192
"276","22064153B14409781546574",4,103766.484892993,415065.939571972,12.9361926771259
"277","22064153B14538950261497",2,17639.6537011005,35279.307402201,10.4710518784711
"278","22064153B14602941038291",3,18686.0164809766,56058.0494429298,10.9341430300166
"279","22064153B14641047530321",1,4084.80097229762,4084.80097229762,8.3150282845154
"280","22064153B14902090044751",2,12634.265177303,25268.530354606,10.1373150409785
"281","22064153B1510965020390",5,14283.3816438028,71416.908219014,11.1762899300828
"282","22064153B15139247492815",2,3258.33491509004,6516.66983018008,8.78211876219491
"283","22064153B15197878860903",5,15626.3720944781,78131.8604723905,11.2661531972299
"284","22064153B15237000314247",5,3601.61853531614,18008.0926765807,9.79857652898496
"285","22064153B15248099417356",2,1759.43455768975,3518.8691153795,8.16589494293267
"286","22064153B15321782044758",3,1600.2558351219,4800.7675053657,8.47653108106502
"287","22064153B15329717394060",4,54640.1630245784,218560.652098314,12.2948188389725
"288","22064153B15331758585451",2,3212.54549118886,6425.09098237772,8.76796607034452
"289","22064153B15346425233004",2,51649.2517393648,103298.50347873,11.5453781678656
"290","22064153B15364293597369",4,65772.323228094,263089.292912376,12.4802487703142
"291","22064153B15406111844598",1,9083.01045006335,9083.01045006335,9.11416096400946
"292","22064153B15413497607030",4,10659.835849358,42639.343397432,10.6605326599743
"293","22064153B15500594562934",4,20619.4672915874,82477.8691663496,11.3202852838075
"294","22064153B15557239492888",2,18374.5645441007,36749.1290882014,10.5118698060799
"295","22064153B15570456578979",3,104867.932114221,314603.796342663,12.6590693367384
"296","22064153B15644746046041",5,93215.7173766579,466078.58688329,13.0521095402699
"297","22064153B15714680533513",2,154094.194895247,308188.389790494,12.6384665301349
"298","22064153B15735563052201",1,4153.48474757724,4153.48474757724,8.33170295908682
"299","22064153B1576921955547",1,163448.731620471,163448.731620471,12.0042546520762
"300","22064153B16137538167455",4,9100.2841433905,36401.136573562,10.5023552776858
"301","22064153B1618089964650",2,79827.1972816898,159654.39456338,11.9807667239988
"302","22064153B16264764307082",3,110044.271990683,330132.815972049,12.7072503251148
"303","22064153B16301749391427",2,105590.029503373,211180.059006746,12.2604664087749
"304","22064153B16354527619629",4,18100.6431610189,72402.5726440756,11.1899971115004
"305","22064153B16387988868573",2,52011.2432041292,104022.486408258,11.5523623702163
"306","22064153B16416910808927",1,142468.175177194,142468.175177194,11.8668739216587
"307","22064153B16459031557594",1,799922.721667969,799922.721667969,13.5922704040691
"308","22064153B16462866208111",5,87312.832008867,436564.160044335,12.9866906309615
"309","22064153B16472104191688",1,11497.0943481154,11497.0943481154,9.3498496170448
"310","22064153B16549607437005",2,76777.7563108374,153555.512621675,11.9418174263751
"311","22064153B16569113596510",3,5094.49208386228,15283.4762515868,9.63452754022165
"312","22064153B16625159005652",1,72324.7554402517,72324.7554402517,11.1889217484387
"313","22064153B1664466739684",2,30847.6821108,61695.3642216,11.029964072899
"314","22064153B1700256392599",1,6999.01122518579,6999.01122518579,8.85352416451534
"315","22064153B17016857460461",2,10663.7140362447,21327.4280724894,9.96774922625293
"316","22064153B17092575420538",2,40657.6767463446,81315.3534926892,11.3060901275546
"317","22064153B17110513567738",2,11496.6475590724,22993.2951181448,10.0429579358097
"318","22064153B17150931610065",1,87481.033388742,87481.033388742,11.3791772875781
"319","22064153B17160397070793",2,149665.15900749,299330.31801498,12.6093029851189
"320","22064153B17402484703457",4,6253.90315437885,25015.6126175154,10.127255413629
"321","22064153B17443115546549",2,102963.693025836,205927.386051672,12.235278890736
"322","22064153B17451481377922",4,51050.1044766156,204200.417906462,12.2268572312653
"323","22064153B1746305161850",4,30646.9070298643,122587.628119457,11.7165813848266
"324","22064153B17536493511153",2,203734.525266666,407469.050533332,12.9177202591673
"325","22064153B17547452708566",2,117295.24164591,234590.48329182,12.3655966487002
"326","22064153B17594552103117",2,59550.9177779008,119101.835555802,11.6877341671121
"327","22064153B17605300042191",4,51592.9272449368,206371.708979747,12.2374342342982
"328","22064153B17622592602982",1,4807.06221334294,4807.06221334294,8.47784141004922
"329","22064153B17640645318479",4,2675.86440192163,10703.4576076865,9.2783221091565
"330","22064153B17737822356535",5,16371.382301775,81856.911508875,11.3127280203935
"331","22064153B17786192900668",4,298275.203102095,1193100.81240838,13.9920662007859
"332","22064153B17824097613778",2,37134.0376971224,74268.0753942448,11.2154364666915
"333","22064153B17826218371858",5,287097.511021693,1435487.55510847,14.1770151091281
"334","22064153B17837685410242",2,3784.73607542628,7569.47215085256,8.93187861491874
"335","22064153B17910960265215",2,165519.857083297,331039.714166594,12.7099936295383
"336","22064153B17932497232001",1,67479.6107946003,67479.6107946003,11.1195807689284
"337","22064153B18010041411640",1,10237.8100680194,10237.8100680194,9.23384301517709
"338","22064153B18037782605293",3,50396.0512001302,151188.153600391,11.9262803904543
"339","22064153B18113845345170",1,177492.341121468,177492.341121468,12.0866827383552
"340","22064153B18197472399049",1,267895.765109863,267895.765109863,12.4983532476805
"341","22064153B18284871190784",2,12333.9969874246,24667.9939748492,10.1132618918617
"342","22064153B18309118681649",2,14338.6013534095,28677.202706819,10.263857755327
"343","22064153B18374709515284",2,49969.1721110135,99938.344222027,11.5123087170406
"344","22064153B18443780619579",3,13284.0084648729,39852.0253946187,10.5929285083877
"345","22064153B18476481818662",1,5541.82023229146,5541.82023229146,8.62007828756219
"346","22064153B18479522971761",1,832456.977493895,832456.977493895,13.6321368208153
"347","22064153B18486924389046",2,NA,NA,NA
"348","22064153B18510229019860",1,6617.57318126811,6617.57318126811,8.7974839927886
"349","22064153B18541020859979",4,39418.7974515046,157675.189806018,11.9682924353112
"350","22064153B18585174510843",1,46526.1918568497,46526.1918568497,10.7477706987395
"351","22064153B18725311091842",4,255577.700901736,1022310.80360694,13.8375761166311
"352","22064153B18822058190622",3,6636.20573730637,19908.6172119191,9.89890794270858
"353","22064153B18826680352976",4,33142.7095655063,132570.838262025,11.7948724099382
"354","22064153B18860011713755",2,99503.4362728078,199006.872545616,12.2010946385154
"355","22064153B18872085958488",5,8845.78988023477,44228.9494011738,10.6971348174981
"356","22064153B18932707643422",1,11981.7273642356,11981.7273642356,9.3911380486073
"357","22064153B18981391951778",1,11020.876544398,11020.876544398,9.30754662077761
"358","22064153B19003983421075",2,8064.29178236945,16128.5835647389,9.68834835354604
"359","22064153B19025451607548",4,64929.989353295,259719.95741318,12.4673592426504
"360","22064153B19116581600045",1,304119.879208619,304119.879208619,12.625177242159
"361","22064153B19125244688726",3,462100.509333925,1386301.52800178,14.1421499877417
"362","22064153B19140159564863",2,1737.42567168022,3474.85134336044,8.15330697819477
"363","22064153B19171708056014",6,30342.8940746934,182057.36444816,12.1120771056728
"364","22064153B19332172900276",3,56500.4367790332,169501.3103371,12.0406159363751
"365","22064153B19404158136768",3,11615.4840721093,34846.4522163279,10.4587066094665
"366","22064153B19491219462886",3,48999.5420037048,146998.626011114,11.898178518854
"367","22064153B19507094368728",1,7712.79937490808,7712.79937490808,8.95063648430413
"368","22064153B19608243669398",4,16107.2556472164,64429.0225888656,11.0733194718929
"369","22064153B19633670255011",1,242604.37915369,242604.37915369,12.3991873262512
"370","22064153B19687868642382",2,30117.0228451333,60234.0456902666,11.0059930144654
"371","22064153B19974298911936",2,34115.1863572967,68230.3727145934,11.130645092415
"372","22064153B20082507087369",3,17193.4912116568,51580.4736349704,10.8508984619246
"373","22064153B20086130003796",2,92404.8468007755,184809.693601551,12.1270818913679
"374","22064153B20100015994007",2,NA,NA,NA
"375","22064153B20112956451443",2,6265.65175987628,12531.3035197526,9.43598507438281
"376","22064153B20160481648260",1,1949591.42827931,1949591.42827931,14.4831303846274
"377","22064153B20300177961456",6,15222.7448211503,91336.4689269018,11.4223054274292
"378","22064153B20320475703168",1,21998.7562708388,21998.7562708388,9.9987411975987
"379","22064153B20439234355907",1,52100.5694118222,52100.5694118222,10.8609311568914
"380","22064153B20504043763502",2,236234.091435343,472468.182870686,13.0657256858088
"381","22064153B20548004874718",1,130355.775414565,130355.775414565,11.778022725358
"382","22064153B20561547586308",2,9787.4566857834,19574.9133715668,9.88200409538647
"383","22064153B20607189577313",4,10738.9768848417,42955.9075393668,10.667929462526
"384","22064153B20726542801588",4,9107.02171741221,36428.0868696488,10.5030953733793
"385","22064153B20764763312334",2,97353.5257423055,194707.051484611,12.1792514078827
"386","22064153B20820198931231",4,8065.84460812246,32263.3784324898,10.3816880713196
"387","22064153B20891786308722",3,33605.499183649,100816.497550947,11.5210572874076
"388","22064153B20929599780208",2,3935.54837778185,7871.0967555637,8.97095269073158
"389","22064153B20936499562813",5,58936.669869158,294683.34934579,12.593656666776
"390","22064153B20986912902018",1,57841.7451442626,57841.7451442626,10.9654660283046
"391","22064153B21018855363784",1,2347.10920931971,2347.10920931971,7.76093972622126
"392","22064153B21038809643944",3,13459.1817064569,40377.5451193707,10.6060290955505
"393","22064153B21124327630561",5,36587.9913145947,182939.956572973,12.1169132718263
"394","22064153B21146953182843",1,19108.3679792264,19108.3679792264,9.85788163218639
"395","22064153B21150807088610",2,40083.3771211795,80166.754242359,11.2918641722795
"396","22064153B21224542742547",1,19517.1834878516,19517.1834878516,9.8790505610243
"397","22064153B2132252923317",3,22500.5561864888,67501.6685594664,11.1199075959546
"398","22064153B21330820256622",4,16856.2013869216,67424.8055476864,11.1187682640243
"399","22064153B21418638291073",2,11614.9116953179,23229.8233906358,10.053192223094
"400","22064153B21463927954199",3,80141.277664298,240423.832992894,12.3901586156348
"401","22064153B21468669116940",4,71713.0122396104,286852.048958442,12.5667218529658
"402","22064153B21496575286327",2,35624.5543623346,71249.1087246692,11.1739375889252
"403","22064153B21529335846532",4,8191.8725968185,32767.490387274,10.3971921561321
"404","22064153B21553303139286",2,55603.6991635867,111207.398327173,11.6191521903047
"405","22064153B21572106271359",2,65921.536803025,131843.07360605,11.7893676580242
"406","22064153B21585833160132",1,224534.192605584,224534.192605584,12.3217832801599
"407","22064153B21627928533987",2,19397.3169528609,38794.6339057218,10.5660372146479
"408","22064153B21781575553931",3,86361.4033811655,259084.210143496,12.4649084235257
"409","22064153B21867415191580",3,134918.531120992,404755.593362976,12.9110386907476
"410","22064153B21881953859573",4,374059.202741619,1496236.81096648,14.2184637210896
"411","22064153B21914755064517",3,41578.3901673184,124735.170501955,11.7339481328159
"412","22064153B21930418676565",4,75786.5480705145,303146.192282058,12.6219704509132
"413","22064153B21986481545696",1,38151.6033052607,38151.6033052607,10.5493230621797
"414","22064153B22010426085653",4,2036.22217720262,8144.88870881048,9.00514585719945
"415","22064153B2210274470223",1,10668.7939128645,10668.7939128645,9.27507830256141
"416","22064153B22111041587368",4,10253.5693069785,41014.277227914,10.6216755101412
"417","22064153B22167023977783",4,71919.0298784547,287676.119513819,12.5695905412764
"418","22064153B22262945271660",1,NA,NA,NA
"419","22064153B22404901625877",2,45933.829751572,91867.659503144,11.4281043367588
"420","22064153B2252165856655",2,10832.1198166333,21664.2396332666,9.98341823700914
"421","22064153B22522574438890",2,62083.4749928137,124166.949985627,11.7293823098945
"422","22064153B22685350390729",1,253718.587766534,253718.587766534,12.4439810096222
"423","22064153B22770542866151",2,24989.4457406359,49978.8914812718,10.8193560248967
"424","22064153B22863459733327",2,43774.5442422889,87549.0884845778,11.37995492629
"425","22064153B22998678840309",5,10603.2268759369,53016.1343796845,10.8783515684654
"426","22064153B23017512967810",1,505712.56074576,505712.56074576,13.1337237250941
"427","22064153B23148495981135",2,1213940.93802269,2427881.87604538,14.7025297792554
"428","22064153B2319717856826",3,12451.8920293801,37355.6760881403,10.528240149246
"429","22064153B23217272115075",1,44436.385521174,44436.385521174,10.7018139065388
"430","22064153B23231745702149",3,29648.4174553781,88945.2523661343,11.3957763174833
"431","22064153B23299113779671",4,4864.90397398339,19459.6158959336,9.87609661741229
"432","22064153B23593154045809",2,36068.0042649183,72136.0085298366,11.1863086234263
"433","22064153B23604692839196",6,13578.0511123106,81468.3066738636,11.3079693484301
"434","22064153B23745136254640",2,195301.796291773,390603.592583546,12.8754484949849
"435","22064153B23836741146869",2,53911.0293391055,107822.058678211,11.5882375424814
"436","22064153B23867654552053",4,14257.9789353373,57031.9157413492,10.9513663154038
"437","22064153B23879423585908",2,16876.2836999706,33752.5673999412,10.4268117645168
"438","22064153B23991641947742",4,180400.028572557,721600.114290228,13.489226406115
"439","22064153B24090934315492",3,4548.25439614048,13644.7631884214,9.52111107780103
"440","22064153B24156704144787",2,7543.33514143002,15086.67028286,9.62156687021405
"441","22064153B24219941645935",2,5967.51587142766,11935.0317428553,9.38723319841374
"442","22064153B24250896793566",2,13076.2487085897,26152.4974171794,10.1716999684579
"443","22064153B24324307757053",4,192889.6323271,771558.5293084,13.556167812209
"444","22064153B24327518891099",1,131944.569110806,131944.569110806,11.7901371823941
"445","22064153B24349428503279",2,6878.04645714065,13756.0929142813,9.52923712598422
"446","22064153B24375638846800",1,239667.948781718,239667.948781718,12.3870096975968
"447","22064153B2439222401331",2,291355.76698301,582711.53396602,13.2754475469391
"448","22064153B2446826655857",2,83722.9795141698,167445.95902834,12.0284159455235
"449","22064153B24536315802693",4,242120.970163615,968483.88065446,13.7834871180711
"450","22064153B24782157370501",1,69828.8788552432,69828.8788552432,11.153802940366
"451","22064153B24827432296483",4,150445.061711016,601780.246844064,13.3076476191832
"452","22064153B24851023127688",4,65156.1261839972,260624.504735989,12.4708359712398
"453","22064153B2491065484587",2,446650.209762713,893300.419525426,13.7026782193254
"454","22064153B24965253967759",5,68217.8503567663,341089.251783832,12.7398994574554
"455","22064153B249766001509",2,72908.2526066888,145816.505213378,11.8901042966309
"456","22064153B24985865314901",4,1503234.18399038,6012936.73596152,15.6094238287559
"457","22064153B25042190901764",3,620892.740680421,1862678.22204126,14.4375259143445
"458","22064153B25240716524083",5,2463.23605130073,12316.1802565037,9.41866914489893
"459","22064153B25271963256644",6,25969.558789057,155817.352734342,11.9564397844859
"460","22064153B25274509403754",3,133018.207650342,399054.622951026,12.8968535861287
"461","22064153B25299017238233",2,NA,NA,NA
"462","22064153B25382009967091",2,30368.3352865144,60736.6705730288,11.0143029226922
"463","22064153B25426286383634",1,5414.40681341024,5414.40681341024,8.596818608358
"464","22064153B25439030249227",1,8019.22539949952,8019.22539949952,8.98959711259251
"465","22064153B25500969615439",6,6784.2615353439,40705.5692120634,10.6141201977468
"466","22064153B25557212584140",2,328001.212520039,656002.425040078,13.3939197646268
"467","22064153B25569633235651",2,95161.128536053,190322.257072106,12.1564740042597
"468","22064153B25624433633857",2,16717.5091056894,33435.0182113788,10.417359079168
"469","22064153B25668755078599",4,37104.5426127576,148418.17045103,11.9077890446123
"470","22064153B25692242595445",4,26714.9617817146,106859.847126858,11.579273414918
"471","22064153B25695185741229",2,10838.2205522944,21676.4411045888,9.98398128638616
"472","22064153B25852554340132",3,22037.0664670097,66111.1994010291,11.0990934426684
"473","22064153B25942497643845",6,6670.70092851185,40024.2055710711,10.5972396893499
"474","22064153B25968534985503",1,41493.4410579558,41493.4410579558,10.6332906469318
"475","22064153B26076067737587",5,29168.1005407059,145840.50270353,11.8902688562989
"476","22064153B26111310234357",2,31398.2271299303,62796.4542598606,11.0476538900321
"477","22064153B26168625636469",2,686.397438859546,1372.79487771909,7.22460399746151
"478","22064153B26204351532863",1,89498.0385281194,89498.0385281194,11.4019719881359
"479","22064153B2623770639583",5,28865.6849613062,144328.424806531,11.8798467094694
"480","22064153B26243303203029",4,9683.55907282223,38734.2362912889,10.5644791466276
"481","22064153B26347918722103",1,2356.90992323816,2356.90992323816,7.76510668550588
"482","22064153B26379129013913",1,367427.42592961,367427.42592961,12.8142810976695
"483","22064153B264024805379",1,52050.8266699769,52050.8266699769,10.8599759561452
"484","22064153B26413774655735",4,77078.1502315962,308312.600926385,12.638869485327
"485","22064153B26432964343600",1,74702.5714675307,74702.5714675307,11.2212697944579
"486","22064153B26463696706835",1,199030.113175855,199030.113175855,12.2012114147503
"487","22064153B26501737367812",2,3891.60415733028,7783.20831466056,8.95972391194369
"488","22064153B26513167275722",5,9428.39791141974,47141.9895570987,10.7609193808837
"489","22064153B26595791524723",2,197711.041921535,395422.08384307,12.8877090400636
"490","22064153B26624831097193",2,7778.00154221216,15556.0030844243,9.65220189355437
"491","22064153B26660671620175",1,687642.689419716,687642.689419716,13.4410246352346
"492","22064153B26661145575054",1,50995.6936781795,50995.6936781795,10.8394964704586
"493","22064153B26672672151559",3,4900.14771686994,14700.4431506098,9.59563291861243
"494","22064153B26690922833011",3,17603.4792996614,52810.4378989842,10.8744641376375
"495","22064153B26773121701856",5,35581.3192504138,177906.596252069,12.089013951393
"496","22064153B26843686140780",5,51537.578933436,257687.89466718,12.4595044210209
"497","22064153B26884354260890",5,99764.7758902816,498823.879451408,13.120008365442
"498","22064153B26987504968655",4,114584.757676601,458339.030706404,13.0353644309696
"499","22064153B27005462697609",3,64584.6355088299,193753.90652649,12.1743441097297
"500","22064153B2702411680064",4,129630.601553934,518522.406215736,13.1587385192489
"501","22064153B27046387100615",2,41458.7226463672,82917.4452927344,11.3256007567738
"502","22064153B2722132887235",5,6306.47587038389,31532.3793519194,10.3587702128038
"503","22064153B27247213696549",1,258470.153089007,258470.153089007,12.4625355043263
"504","22064153B27289126175617",4,8938.72395169643,35754.8958067857,10.4844424843903
"505","22064153B2734112781426",2,14694.4880592887,29388.9761185774,10.2883749210578
"506","22064153B27349531519985",4,119423.673358581,477694.693434324,13.0767270907426
"507","22064153B27367893757530",2,44550.7216199315,89101.443239863,11.397530811306
"508","22064153B27378883096087",1,569359.393378277,569359.393378277,13.2522671365277
"509","22064153B27631691114886",3,11438.6681753582,34316.0045260746,10.4433671285868
"510","22064153B27637415608592",3,7646.57965522125,22939.7389656637,10.0406260116153
"511","22064153B27657139570827",4,98006.6857999224,392026.74319969,12.8790853388937
"512","22064153B27741683898286",3,55640.0457633798,166920.137290139,12.0252707571958
"513","22064153B27762332852443",4,12140.9095566034,48563.6382264136,10.7906303452171
"514","22064153B27870068763569",4,15206.6743687325,60826.69747493,11.0157840747827
"515","22064153B27933078040866",2,84760.7951639115,169521.590327823,12.0407355742563
"516","22064153B27936475019673",1,5401.64002616641,5401.64002616641,8.5944578949916
"517","22064153B27979784056918",4,40923.9155278433,163695.662111373,12.0057642639939
"518","22064153B28035717704665",2,47966.0941113769,95932.1882227538,11.4713968481716
"519","22064153B28097279144094",3,172785.934292875,518357.802878625,13.1584210219391
"520","22064153B28150220320962",4,772.483428022286,3089.93371208914,8.03590491726335
"521","22064153B28200881155358",1,14139.8182894391,14139.8182894391,9.55675008855039
"522","22064153B28331596269752",2,202165.008743259,404330.017486518,12.9099866984491
"523","22064153B28337090831591",2,379829.776649526,759659.553299052,13.5406256557147
"524","22064153B28414045924235",2,3680.93696317068,7361.87392634136,8.90406978887266
"525","22064153B28508352708384",2,57840.3702523498,115680.7405047,11.6585894386921
"526","22064153B28562561290701",2,22381.7941550007,44763.5883100014,10.7091503269964
"527","22064153B28595577519901",2,29501.0242322652,59002.0484645304,10.9853274420229
"528","22064153B2860073541487",2,7388.56736241724,14777.1347248345,9.60083631406005
"529","22064153B28607831481816",2,4954.48570742496,9908.97141484992,9.20119582928836
"530","22064153B28818453738247",6,89009.3996401578,534056.397840947,13.1882567262999
"531","22064153B28841810223211",2,52749.1186620143,105498.237324029,11.5664495239296
"532","22064153B28864104730432",2,51239.0973740977,102478.194748195,11.5374053207655
"533","22064153B28866553828376",2,183151.740262246,366303.480524492,12.8112174505631
"534","22064153B29022768014976",2,29104.8312702214,58209.6625404428,10.9718066429709
"535","22064153B29029874333324",4,36501.4764197091,146005.905678836,11.8914023497274
"536","22064153B29148027628767",1,40559.3445205186,40559.3445205186,10.6105214773978
"537","22064153B29173837278044",2,31001.3675565474,62002.7351130948,11.0349337777815
"538","22064153B29179737200672",1,43546.2170773414,43546.2170773414,10.681578114612
"539","22064153B29189264860619",1,102526.660729398,102526.660729398,11.5378781484163
"540","22064153B29202371584226",1,216250.144967047,216250.144967047,12.2841910951617
"541","22064153B2920977635331",4,11006.6476401138,44026.5905604552,10.6925490612854
"542","22064153B29244799802442",1,3591.33599413845,3591.33599413845,8.18627955546827
"543","22064153B29354983880781",4,93061.1726155878,372244.690462351,12.8273066870795
"544","22064153B29481673904994",2,6373.7643750025,12747.528750005,9.45309270827135
"545","22064153B29529124372788",4,83707.905695955,334831.62278382,12.7213830658964
"546","22064153B29541790734430",4,121828.467935389,487313.871741556,13.0966636949595
"547","22064153B29546995606208",2,33975.4196451531,67950.8392903062,11.1265397710896
"548","22064153B29606246418188",4,78641.9387777269,314567.755110908,12.6589547694738
"549","22064153B29701758489760",4,57347.1730862727,229388.692345091,12.3431731901569
"550","22064153B298158602474",4,5513.59625407869,22054.3850163148,10.0012667280566
"551","22064153B29893282242980",3,11003.5008023252,33010.5024069756,10.4045810445732
"552","22064153B29987612249320",4,57211.7530692653,228847.012277061,12.34080899062
"553","22064153B30058273208400",4,69242.0265583753,276968.106233501,12.5316576385891
"554","22064153B30086215465497",2,70331.5724248745,140663.144849749,11.8541232674235
"555","22064153B30148969758509",1,12861.469517428,12861.469517428,9.46199126166978
"556","22064153B3017496076038",5,23322.4822136444,116612.411068222,11.6666109886425
"557","22064153B30238599380330",3,19136.8353751838,57410.5061255514,10.9579825991053
"558","22064153B30307372002457",1,11386.8464787004,11386.8464787004,9.34021415056467
"559","22064153B30363651690938",2,327094.100662651,654188.201325302,13.3911503586522
"560","22064153B30375928590829",4,27128.0704597072,108512.281838829,11.5946186422276
"561","22064153B30432270495602",3,24855.4950719461,74566.4852158383,11.2194464254031
"562","22064153B30545680019922",2,3244.68875054793,6489.37750109586,8.77792188847163
"563","22064153B30552357265418",4,373067.921261669,1492271.68504668,14.215810137704
"564","22064153B30560845546979",2,12297.299857747,24594.599715494,10.1102821740612
"565","22064153B30582374301374",4,45967.719064762,183870.876259048,12.121989030781
"566","22064153B3059978894084",2,9649.41820859,19298.83641718,9.86780008381022
"567","22064153B30625233243143",2,37081.7453033638,74163.4906067276,11.2140272677233
"568","22064153B30638579191520",6,12508.3637473439,75050.1824840634,11.2259122685585
"569","22064153B30746537151350",2,662.787442632263,1325.57488526453,7.18960151999483
"570","22064153B30747054135081",2,197483.418260046,394966.836520092,12.8865570821816
"571","22064153B30804489100956",1,9014.25941602169,9014.25941602169,9.10656298207119
"572","22064153B30862547223032",4,9494.55492627802,37978.2197051121,10.5447681087314
"573","22064153B31013073138008",1,20303.3605905575,20303.3605905575,9.91854169766148
"574","22064153B31019964907182",2,27601.5833079587,55203.1666159174,10.9187755968502
"575","22064153B31040829489801",3,94054.2434203561,282162.730261068,12.5502392411499
"576","22064153B31050453163422",2,3450.77080387834,6901.54160775668,8.83950008704451
"577","22064153B31135289991863",2,80434.6303296511,160869.260659302,11.9883472684846
"578","22064153B3116190270971",4,30953.5185096685,123814.074038674,11.7265363164438
"579","22064153B31188277470964",4,72580.2115679537,290320.846271815,12.5787419568449
"580","22064153B31214056666647",3,39964.7074139477,119894.122241843,11.6943643176442
"581","22064153B31303079621207",2,82273.4027001501,164546.8054003,12.010950340025
"582","22064153B31542603161121",2,22007.1608064634,44014.3216129268,10.6922703511425
"583","22064153B31654670628378",5,25956.6457884633,129783.228942316,11.7736208679883
"584","22064153B3166560830766",4,29510.2383919677,118040.953567871,11.6787869073695
"585","22064153B31740709740482",1,3011.20384961414,3011.20384961414,8.01009522782214
"586","22064153B31828477920697",2,69497.3977452182,138994.795490436,11.842191768897
"587","22064153B3183169293833",1,15461.9837877682,15461.9837877682,9.64613963135886
"588","22064153B31840797679086",5,5935.07738738024,29675.3869369012,10.2980732585471
"589","22064153B31946200806378",2,15092.7742070255,30185.548414051,10.3151185594952
"590","22064153B31988030206411",1,52923.000136584,52923.000136584,10.8765933085453
"591","22064153B32144271118289",5,5063.33979903159,25316.698995158,10.1392194963198
"592","22064153B3218902063243",1,4428.79559414781,4428.79559414781,8.3958829511643
"593","22064153B32207594646608",4,19178.4746577302,76713.8986309208,11.2478381786435
"594","22064153B32226323489400",2,285649.31290659,571298.62581318,13.2556673393415
"595","22064153B32275043868234",1,14968.2482744113,14968.2482744113,9.61368645482941
"596","22064153B32308822660767",2,7280.38670745782,14560.7734149156,9.5860864394962
"597","22064153B32423608968976",1,13734.7120364346,13734.7120364346,9.52768163263319
"598","22064153B32431944472623",3,1575.17476078221,4725.52428234663,8.46073379299912
"599","22064153B32453256362792",3,11995.8100846027,35987.4302538081,10.4909249968514
"600","22064153B32454677361309",4,63671.8604553491,254687.441821396,12.447792353986
"601","22064153B32459042913276",4,17625.3607307418,70501.4429229672,11.1633884555834
"602","22064153B32499931661973",2,158994.130733223,317988.261466446,12.6697697474535
"603","22064153B32509347712886",2,3685.16481642193,7370.32963284386,8.90521771048494
"604","22064153B32597994259777",4,57481.1875042335,229924.750016934,12.3455073605329
"605","22064153B3260295763556",2,44353.9842013656,88707.9684027312,11.3931049996937
"606","22064153B32622592109390",1,735219.281303845,735219.281303845,13.5079240756099
"607","22064153B32661608825034",1,511921.319483065,511921.319483065,13.1459262193281
"608","22064153B32663760346389",1,65644.7503064512,65644.7503064512,11.0920129116661
"609","22064153B32697897340727",1,50273.5170800004,50273.5170800004,10.8252337180348
"610","22064153B32748472503600",2,4946.52995504264,9893.05991008528,9.19958877111053
"611","22064153B3280524188858",2,84500.4197864847,169000.839572969,12.0376589617803
"612","22064153B32879665089708",3,20698.2422141799,62094.7266425397,11.0364163471265
"613","22064153B33022261417007",1,34680.6472080885,34680.6472080885,10.4539370930066
"614","22064153B33105120884830",1,19628.4542570237,19628.4542570237,9.88473554025887
"615","22064153B33141511613521",3,17037.4236030697,51112.2708092091,10.841779880617
"616","22064153B33206929848815",3,6678.61606119663,20035.8481835899,9.90527835726722
"617","22064153B33402705241691",4,42161.8916538714,168647.566615486,12.035566411779
"618","22064153B33436919021908",2,38942.142761797,77884.285523594,11.2629794852397
"619","22064153B33610753881119",2,28687.5133526388,57375.0267052776,10.9573644128142
"620","22064153B33692548967608",2,60321.833716811,120643.667433622,11.7005965825942
"621","22064153B33741042524217",1,44050.6409839329,44050.6409839329,10.6930951825396
"622","22064153B33757504335053",1,109924.654932311,109924.654932311,11.6075504549248
"623","22064153B33921572198120",4,404468.55201236,1617874.20804944,14.2966236282442
"624","22064153B3395766783425",3,6526.67489091992,19580.0246727598,9.8822651761838
"625","22064153B34040936998184",2,38166.9207484087,76333.8414968174,11.2428716510097
"626","22064153B3414994926035",4,16173.3837503599,64693.5350014396,11.0774165527984
"627","22064153B34173315549622",1,20417.6575751704,20417.6575751704,9.92415537285517
"628","22064153B34193146717315",4,67334.0414038129,269336.165615252,12.503715564678
"629","22064153B34267563622194",4,315085.801063282,1260343.20425313,14.0468946261657
"630","22064153B3427611435846",2,17403.3972368666,34806.7944737332,10.4575678902031
"631","22064153B34289782846164",3,482427.692726943,1447283.07818083,14.1851986175659
"632","22064153B34371075767186",5,46064.3377346391,230321.688673195,12.3472322571157
"633","22064153B34391184874660",3,644.16345999423,1932.49037998269,7.56656480243247
"634","22064153B34391741921391",2,35891.9987958159,71783.9975916318,11.1814168554277
"635","22064153B34425405263494",4,39326.4971217968,157305.988487187,11.965948158806
"636","22064153B34439901226362",1,647783.311322666,647783.311322666,13.3813115233046
"637","22064153B34443868046446",1,565372.075016119,565372.075016119,13.2452393332379
"638","22064153B34645070246824",1,129210.133177338,129210.133177338,11.7691952974203
"639","22064153B34770411990432",2,213086.237358551,426172.474717102,12.9625994135416
"640","22064153B34805483384531",4,48204.6263062095,192818.505224838,12.1695046380093
"641","22064153B34841335570745",3,110477.448500901,331432.345502703,12.711178981815
"642","22064153B34851227738598",1,24451.2424515414,24451.2424515414,10.1044363096259
"643","22064153B3490214986239",5,17982.1492913783,89910.7464568915,11.4065727512121
"644","22064153B34956601586296",4,4104.66400493653,16418.6560197461,9.70617352945834
"645","22064153B35070175546875",1,683826.631610526,683826.631610526,13.4354597019199
"646","22064153B35070439080278",4,17172.5344584519,68690.1378338076,11.1373609138125
"647","22064153B35076023646202",2,67084.0427130047,134168.085426009,11.8068486617205
"648","22064153B35105939301214",1,18606.8128710877,18606.8128710877,9.83128307602772
"649","22064153B35205149124459",3,35216.8773172985,105650.631951896,11.5678930045871
"650","22064153B35259922763541",5,1873.73904013723,9368.69520068615,9.14512911267422
"651","22064153B3528434639026",5,35389.1995970365,176945.997985183,12.0835998688758
"652","22064153B35296121445435",2,50583.2275198471,101166.455039694,11.5245225089468
"653","22064153B35365393419154",3,24225.8684493484,72677.6053480452,11.1937885740868
"654","22064153B35477366306356",3,11211.1805103996,33633.5415311988,10.4232791078784
"655","22064153B35633292127249",3,48769.8340842535,146309.502252761,11.8934795353622
"656","22064153B35670810334421",4,3102.6720037051,12410.6880148204,9.42631331701809
"657","22064153B3574187835078",2,37916.1744805745,75832.348961149,11.2362802478887
"658","22064153B3578653424495",1,269.641020987711,269.641020987711,5.59709152246268
"659","22064153B35820151330939",1,6016.86558327923,6016.86558327923,8.70232173547925
"660","22064153B35835491852984",1,9771.62134291361,9771.62134291361,9.18723768243669
"661","22064153B3601656726791",1,113460.94492062,113460.94492062,11.6392139590727
"662","22064153B36124177261104",4,98678.4256394793,394713.702557917,12.8859159774353
"663","22064153B36411435837789",3,760337.759134391,2281013.27740317,14.640130322119
"664","22064153B36448258784434",2,91004.581574486,182009.163148972,12.1118123117639
"665","22064153B36565486126282",1,6386.24053023353,6386.24053023353,8.76190103780712
"666","22064153B36635656677218",3,157956.861518109,473870.584554327,13.0686895350318
"667","22064153B36640851523102",4,81405.9864680922,325623.945872369,12.6934984542404
"668","22064153B36650271822952",2,6984.41183506456,13968.8236701291,9.5445832447063
"669","22064153B36671454737520",4,27806.3414137039,111225.365654816,11.6193137431925
"670","22064153B36820241418054",2,38591.1394807928,77182.2789615856,11.2539251625332
"671","22064153B36847259305466",4,93001.6125828119,372006.450331248,12.8266664727051
"672","22064153B36899747691995",5,12713.7855880763,63568.9279403815,11.0598800755501
"673","22064153B37072051859512",5,527115.712113469,2635578.56056735,14.7846132834339
"674","22064153B3707797018061",4,126647.131639973,506588.526559892,13.1354543683657
"675","22064153B37190858382718",6,433.611775811348,2601.67065486809,7.86390907722122
"676","22064153B37300460169028",2,30905.7514195483,61811.5028390966,11.0318447562082
"677","22064153B37304896497519",1,128659.443077516,128659.443077516,11.7649242163183
"678","22064153B37535549153017",2,7117.8933314671,14235.7866629342,9.5635142607728
"679","22064153B37672699687454",2,1190.53121123505,2381.0624224701,7.77530206305631
"680","22064153B37680671510355",1,6853.0834646844,6853.0834646844,8.83245397080312
"681","22064153B37690647476013",4,33239.0403659436,132956.161463774,11.7977747398152
"682","22064153B37696207348050",1,3564.13070464582,3564.13070464582,8.17867546150012
"683","22064153B37744123028030",3,24381.4422427195,73144.3267281585,11.200189846751
"684","22064153B37779301391418",1,13492.3644839231,13492.3644839231,9.50987921063455
"685","22064153B37844292168146",4,55296.6282186646,221186.512874658,12.3067615742337
"686","22064153B37976146363368",2,13607.8079437621,27215.6158875242,10.2115462010559
"687","22064153B37981872501912",2,36260.2359354073,72520.4718708146,11.1916241716156
"688","22064153B37982881195793",1,16938.3530941634,16938.3530941634,9.73733574353675
"689","22064153B37992746393477",1,186641.115516476,186641.115516476,12.1369428835124
"690","22064153B37993588390493",2,511020.808476776,1022041.61695355,13.8373127700063
"691","22064153B37996051653181",2,24438.2281425446,48876.4562850892,10.7970510929581
"692","22064153B38003203294123",4,62952.0061425563,251808.024570225,12.4364222689099
"693","22064153B38015411122524",6,15007.0170833611,90042.1025001666,11.4080326454829
"694","22064153B38031589003177",4,21574.639501718,86298.558006872,11.3655681678574
"695","22064153B3805543078066",1,387094.459305641,387094.459305641,12.8664240231222
"696","22064153B38153084112914",3,4756.45017908934,14269.350537268,9.56586919698022
"697","22064153B38160356889893",4,26222.0255004584,104888.102001834,11.5606493656621
"698","22064153B38167262052076",4,68292.0410964496,273168.164385798,12.5178428712863
"699","22064153B38229059765707",4,21196.4692693895,84785.877077558,11.3478842640133
"700","22064153B38234502302871",3,31948.9667383869,95846.9002151607,11.4705074079943
"701","22064153B38245769729166",2,82474.7827520595,164949.565504119,12.0133950425467
"702","22064153B3825663705425",2,109451.896954379,218903.793908758,12.2963876150591
"703","22064153B38263245523496",2,53039.2627226564,106078.525445313,11.5719349049207
"704","22064153B38280459687635",5,610.354756244624,3051.77378122312,8.02347826817069
"705","22064153B38373217054735",2,17527.3147488005,35054.629497601,10.4646629664111
"706","22064153B38394152838706",1,8522.730202982,8522.730202982,9.05049201485078
"707","22064153B38511485001637",1,97759.3264087298,97759.3264087298,11.4902638841273
"708","22064153B38516205558719",3,11827.7327465331,35483.1982395993,10.4768145744015
"709","22064153B38567420312382",1,2863.95617631945,2863.95617631945,7.95995922639903
"710","22064153B386757368004",3,56999.3936543228,170998.180962968,12.0494081977848
"711","22064153B38748946116024",1,7527.17964480712,7527.17964480712,8.92627570147048
"712","22064153B38779228393345",1,64310.5774340819,64310.5774340819,11.0714793980045
"713","22064153B38860399977783",2,63862.0847921932,127724.169584386,11.7576282925876
"714","22064153B38891781279307",2,20355.3415249265,40710.683049853,10.6142458197855
"715","22064153B38947998190164",4,843926.545335689,3375706.18134276,15.0321150993177
"716","22064153B39059468846862",4,36262.335121136,145049.340484544,11.8848292427246
"717","22064153B39171502191048",3,12363.4399600038,37090.3198800114,10.5211112948738
"718","22064153B39173666137461",5,9183.42772039281,45917.138601964,10.7345937163769
"719","22064153B39248770948024",1,32862.6269185104,32862.6269185104,10.4000913311383
"720","22064153B39270708607806",1,603719.265374467,603719.265374467,13.3108645764411
"721","22064153B3938039280311",4,2640866.11344026,10563464.453761,16.1729118557109
"722","22064153B39431527645490",2,13222.1187659992,26444.2375319984,10.1827935508666
"723","22064153B39627924903777",4,36642.7899221632,146571.159688653,11.895266321173
"724","22064153B3969862222627",2,12577.2685546736,25154.5371093472,10.1327935612195
"725","22064153B39757169885153",1,33767.0896139081,33767.0896139081,10.4272419270749
"726","22064153B3977265494534",2,3783.67825787008,7567.35651574016,8.93159908012678
"727","22064153B397815229123",2,833.163749650204,1666.32749930041,7.41837738161935
"728","22064153B39894202763699",2,17857.7919402362,35715.5838804724,10.4833423957817
"729","22064153B39921881538290",1,77681.4447103391,77681.4447103391,11.2603717010201
"730","22064153B39922172056835",4,407618.723349718,1630474.89339887,14.3043818759935
"731","22064153B39981249129264",2,32418.5667057625,64837.133411525,11.0796337646861
"732","22064153B40043226344788",2,7704.30736135382,15408.6147227076,9.64268202957564
"733","22064153B40136139146839",1,38290.3960573005,38290.3960573005,10.5529543880402
"734","22064153B40173018789364",1,90298.8339121988,90298.8339121988,11.4108798258355
"735","22064153B4024875933909",2,49143.8180893836,98287.6361787672,11.4956535218134
"736","22064153B40278985513053",1,8241.98033644587,8241.98033644587,9.01699592612133
"737","22064153B40400083075761",5,2698.95379527804,13494.7689763902,9.51005740610514
"738","22064153B40416571045397",4,93537.0543269498,374148.217307799,12.8324073008514
"739","22064153B4043295129009",4,15918.6978725376,63674.7914901504,11.0615440252471
"740","22064153B40478377839978",1,20364.6370995775,20364.6370995775,9.92155520011414
"741","22064153B40501348045878",1,162744.75023816,162744.75023816,11.9999383029494
"742","22064153B40508197079928",4,25570.1928532596,102280.771413038,11.5354769715456
"743","22064153B40607991311144",3,207995.465647204,623986.396941612,13.3438838473409
"744","22064153B40775689638766",2,43881.0016995317,87762.0033990634,11.3823839228456
"745","22064153B40828352777432",2,23541.8278656083,47083.6557312166,10.7596812077058
"746","22064153B40833492978159",2,15933.9445841857,31867.8891683714,10.3693541726597
"747","22064153B40974377910611",1,258979.114317046,258979.114317046,12.4645026977276
"748","22064153B41096346317753",4,15855.9405153809,63423.7620615236,11.05759386613
"749","22064153B41128081169981",5,9768.53941035116,48842.6970517558,10.7963601488899
"750","22064153B41154522842822",2,6517.0265626317,13034.0531252634,9.4753206827827
"751","22064153B41206405308946",4,66715.6702579019,266862.681031608,12.4944895018307
"752","22064153B41312501853097",2,NA,NA,NA
"753","22064153B41318657568048",5,11355.4622253135,56777.3111265675,10.94689207291
"754","22064153B41354551896797",2,28711.5760789049,57423.1521578098,10.9582028486819
"755","22064153B41514672574111",4,20138.4030790037,80553.6123160148,11.296678233236
"756","22064153B41525675673644",5,12067.8212363613,60339.1061818065,11.0077356995739
"757","22064153B41545162624275",2,56839.2812723469,113678.562544694,11.6411301179399
"758","22064153B41590295384233",4,115182.207741594,460728.830966376,13.0405649297481
"759","22064153B41643449660961",3,57630.9558872316,172892.867661695,12.0604274195868
"760","22064153B417111065512",2,52655.8259898933,105311.651979787,11.5646793470789
"761","22064153B41713963483520",2,1703.91966377169,3407.83932754338,8.13383374116392
"762","22064153B41720613650338",3,129463.109580167,388389.328740501,12.8697635401004
"763","22064153B41777541887282",2,14547.9305939111,29095.8611878222,10.2783512158217
"764","22064153B41932272876566",4,60666.0764443092,242664.305777237,12.3994343095234
"765","22064153B42062720942264",2,1364.70138348009,2729.40276696018,7.91183809756483
"766","22064153B4211596098450",1,67021.7909504673,67021.7909504673,11.1127730835613
"767","22064153B42217323909789",4,43722.6617505134,174890.647002054,12.0719161833164
"768","22064153B42280137563605",1,54701.6384397663,54701.6384397663,10.9096489411565
"769","22064153B42291200721989",2,90634.3283586253,181268.656717251,12.107735501032
"770","22064153B42302848095491",2,2423.91029933058,4847.82059866116,8.48628452183778
"771","22064153B42334403031986",1,18206.3641245295,18206.3641245295,9.80952648911402
"772","22064153B42347188648904",4,239085.802584108,956343.210336432,13.7708721342341
"773","22064153B42446330332241",2,NA,NA,NA
"774","22064153B42522506056838",1,7742.67975058878,7742.67975058878,8.95450312766941
"775","22064153B42694196636738",1,105577.58718669,105577.58718669,11.5672013851774
"776","22064153B4274209582436",5,40974.388996449,204871.944982245,12.2301404043169
"777","22064153B42815652831414",1,NA,NA,NA
"778","22064153B4286483496326",5,1408.14866807166,7040.7433403583,8.85946903169713
"779","22064153B42900229299916",2,125904.412976144,251808.825952288,12.4364254514169
"780","22064153B42900259009537",1,112241.767846803,112241.767846803,11.6284104652475
"781","22064153B42905790783951",2,24580.9484201871,49161.8968403742,10.8028741479717
"782","22064153B43125554844951",2,34373.2690206624,68746.5380413248,11.1381816584984
"783","22064153B43134754063243",2,122475.624289909,244951.248579818,12.4088144843381
"784","22064153B43162211082294",5,82401.8464785483,412009.232392741,12.9288010368008
"785","22064153B43185436543368",3,114990.276566121,344970.829698363,12.7512151408399
"786","22064153B43232659310460",5,30136.3921035578,150681.960517789,11.9229266728561
"787","22064153B43476181465127",5,16942.326369716,84711.63184858,11.3470082011827
"788","22064153B43689420545928",4,108634.1976808,434536.7907232,12.9820358938042
"789","22064153B43785762223582",4,40794.114565464,163176.458261856,12.0025874602605
"790","22064153B43898079170437",2,245029.861331499,490059.722662998,13.1022825456454
"791","22064153B43904559584393",4,75266.0926328223,301064.370531289,12.6150793764528
"792","22064153B43932991343110",3,5803.28779876615,17409.8633962985,9.76479218645336
"793","22064153B43979450317974",3,46205.6102931132,138616.83087934,11.8394687932812
"794","22064153B439820272378",4,59855.1957991145,239420.783196458,12.385977882024
"795","22064153B43988911271418",1,386126.473502521,386126.473502521,12.8639202463419
"796","22064153B44054908542385",4,23549.8437795242,94199.3751180968,11.4531688269766
"797","22064153B4409747403252",1,81927.1362296586,81927.1362296586,11.3135855486577
"798","22064153B44123473908200",2,81652.2432583175,163304.486516635,12.0033717526573
"799","22064153B44141300014270",2,13420.6390629435,26841.278125887,10.1976962101413
"800","22064153B44267984628031",4,28365.8124790647,113463.249916259,11.6392342741885
"801","22064153B44315864590380",4,56677.5791576167,226710.316630467,12.331428343314
"802","22064153B44317666842318",6,38286.1162353061,229716.697411837,12.344602078294
"803","22064153B44386378805197",1,13725.2691063325,13725.2691063325,9.52699387320428
"804","22064153B44494160491311",1,7747.39083108832,7747.39083108832,8.955111398706
"805","22064153B44499834230387",1,44199.8390966181,44199.8390966181,10.6964764277112
"806","22064153B44542304217365",3,123506.30686853,370518.92060559,12.8226597901757
"807","22064153B44542802774302",2,29655.4905322344,59310.9810644688,10.9905497459954
"808","22064153B44549146098758",1,32502.6597472674,32502.6597472674,10.3890772033467
"809","22064153B44553862516969",4,60189.8657809275,240759.46312371,12.3915536357361
"810","22064153B44560660851170",2,19690.514671622,39381.029343244,10.5810394905829
"811","22064153B4475386175158",4,4407.53138820499,17630.12555282,9.77736439691052
"812","22064153B44784100990401",6,60931.3013711977,365587.808227186,12.8092617707063
"813","22064153B44837767609725",4,53015.425688178,212061.702752712,12.2646325620274
"814","22064153B44894866493506",4,27804.5632703015,111218.253081206,11.6192497937418
"815","22064153B44963787773880",3,412564.30292826,1237692.90878478,14.0287596471627
"816","22064153B45001558648398",4,121919.202279607,487676.809118428,13.0974081890367
"817","22064153B45062448622882",1,4188.18369801786,4188.18369801786,8.34002243397448
"818","22064153B45091365620199",1,28689.247326431,28689.247326431,10.2642776739304
"819","22064153B45156088025009",2,54386.4046176693,108772.809235339,11.5970166670536
"820","22064153B45188135537989",5,8744.10215024292,43720.5107512146,10.6855726245465
"821","22064153B45193462412831",2,2351.48764059527,4702.97528119054,8.45595062596495
"822","22064153B45248140164067",3,46261.0861648993,138783.258494698,11.8406687037477
"823","22064153B45322323594402",2,59708.2799696019,119416.559939204,11.6903731632818
"824","22064153B45334934057774",1,5427.51257151758,5427.51257151758,8.59923621801279
"825","22064153B45421969822613",3,34977.5274893936,104932.582468181,11.5610733511917
"826","22064153B45509780052584",5,7836.55084361624,39182.7542180812,10.5759919855588
"827","22064153B45522508938079",1,21110.2897284748,21110.2897284748,9.95751586545092
"828","22064153B45672928552582",3,3944.48301291166,11833.449038735,9.37868546466886
"829","22064153B4579292300123",5,8187.12720511572,40935.6360255786,10.6197562591414
"830","22064153B45962078920290",4,27320.1265687085,109280.506274834,11.6016733076163
"831","22064153B4599338501443",2,106334.475604621,212668.951209242,12.2674920159643
"832","22064153B46015146665875",2,44037.0077419203,88074.0154838406,11.3859328249902
"833","22064153B46077925963614",1,3577448.30637867,3577448.30637867,15.0901603406588
"834","22064153B46078085963756",1,14625.7145043239,14625.7145043239,9.5905365259032
"835","22064153B46097580032507",4,51172.4812748482,204689.925099393,12.2292515525554
"836","22064153B46179239075141",3,267600.362194839,802801.086584517,13.5958622493968
"837","22064153B46237965810139",2,4955.5061819707,9911.0123639414,9.20140177790279
"838","22064153B46289487434006",1,32178.6848916248,32178.6848916248,10.3790595524529
"839","22064153B46426068444343",4,95337.8089118445,381351.235647378,12.8514761077796
"840","22064153B46444356983113",4,9044.35838654177,36177.4335461671,10.4961908207275
"841","22064153B46600625049869",1,82747.8734071622,82747.8734071622,11.323553593902
"842","22064153B46704511069895",6,1767.9872555093,10607.9235330558,9.26935650397732
"843","22064153B4671862991873",2,54700.2479984732,109400.495996946,11.6027707027527
"844","22064153B46722483166197",3,46790.5524008921,140371.657202676,11.8520488784192
"845","22064153B46764438077406",4,30102.2617955291,120409.047182116,11.6986499517424
"846","22064153B46807653083164",4,87980.4749334165,351921.899733666,12.7711645542055
"847","22064153B46974703546611",5,30561.3080535527,152806.540267764,11.936927957598
"848","22064153B4700189189865",2,17784.3211992812,35568.6423985624,10.479219697179
"849","22064153B47073397017975",4,40670.2769369307,162681.107747723,11.9995471693644
"850","22064153B47088094291136",3,39091.2835537734,117273.85066132,11.6722670827762
"851","22064153B47110066124982",2,22410.9473781806,44821.8947563612,10.7104520212575
"852","22064153B47141697781340",3,70601.5838476932,211804.75154308,12.2634201460011
"853","22064153B47270255422143",4,32438.2688916583,129753.075566633,11.7733885045363
"854","22064153B47306424439203",1,71230.3435403506,71230.3435403506,11.1736741799335
"855","22064153B47377223297779",2,47911.6512876248,95823.3025752496,11.4702611762933
"856","22064153B47469236554060",3,712592.518546772,2137777.55564032,14.5752773219552
"857","22064153B47508893912930",4,404898.015843804,1619592.06337522,14.2976848627671
"858","22064153B47665726673429",1,29081.2202517959,29081.2202517959,10.2778478926583
"859","22064153B47816981782477",1,6162.04715887921,6162.04715887921,8.72616433230474
"860","22064153B47905717209978",4,135416.501978586,541666.007914344,13.202404868919
"861","22064153B47985746370691",4,346945.420964445,1387781.68385778,14.1432171193909
"862","22064153B48033226915297",1,82583.5011842059,82583.5011842059,11.3215651960251
"863","22064153B48077040474563",5,9740.12889911222,48700.6444955611,10.7934475429782
"864","22064153B48078065447549",2,39072.8651979334,78145.7303958668,11.266330700907
"865","22064153B48099706637709",4,33490.0906180037,133960.362472015,11.8052992327272
"866","22064153B48122018052032",3,2191.10906551003,6573.32719653009,8.79077540589732
"867","22064153B48132801424008",1,17438.8786752991,17438.8786752991,9.76645739925478
"868","22064153B48186183517064",3,37311.510306088,111934.530918264,11.6256694339913
"869","22064153B48316736332912",1,5579.87649011377,5579.87649011377,8.62692192074217
"870","22064153B48335058983319",4,18104.3357681283,72417.3430725132,11.1902010948879
"871","22064153B48342484050891",4,27066.6900821181,108266.760328472,11.5923534637041
"872","22064153B48448071500223",2,54822.9830397508,109645.966079502,11.6050119641087
"873","22064153B48511498628223",1,24260.1759533398,24260.1759533398,10.0965914352887
"874","22064153B48657370827340",1,20193.0114130827,20193.0114130827,9.91309185387862
"875","22064153B48721476653165",3,38447.4832438206,115342.449731462,11.6556608061624
"876","22064153B48836747079697",6,33209.7956711723,199258.774027034,12.2023596309504
"877","22064153B48912941109892",1,6929.94155552943,6929.94155552943,8.84360665860285
"878","22064153B4914866611049",1,38869.9535428123,38869.9535428123,10.5679768286516
"879","22064153B49253931002117",1,16682.1280278831,16682.1280278831,9.72209324738445
"880","22064153B49276333720668",3,289.272654837018,867.817964511054,6.76598197436115
"881","22064153B49277227172137",3,77629.3606691802,232888.082007541,12.3583132824186
"882","22064153B49312445085348",2,101631.236356922,203262.472713844,12.222253391893
"883","22064153B49332133216628",4,106966.386959103,427865.547836412,12.9665642846423
"884","22064153B49406403757983",1,5027.36445791437,5027.36445791437,8.522651161147
"885","22064153B4943550686052",2,148195.610323147,296391.220646294,12.5994355520136
"886","22064153B49463322888334",1,2280.81189944107,2280.81189944107,7.73228675480735
"887","22064153B49505315187680",6,18883.3889806154,113300.333883692,11.6377973939111
"888","22064153B49587986424617",1,2054.6596551641,2054.6596551641,7.62786549528916
"889","22064153B49599067230525",4,3862.56708021164,15450.2683208466,9.64538164922017
"890","22064153B49774886462778",4,81829.2708574676,327317.08342987,12.6986846541466
"891","22064153B49787439421636",1,122958.699624772,122958.699624772,11.719603802561
"892","22064153B49815970658587",4,1530.47087719534,6121.88350878136,8.71962509102987
"893","22064153B4986899209326",2,11410.411671375,22820.82334275,10.0354287026403
"894","22064153B49930616683210",6,26804.9058195065,160829.434917039,11.9880996719415
"895","22064153B50045413715781",4,1062.23132583818,4248.92530335272,8.35442136014214
"896","22064153B50086663082830",3,21563.3414844697,64690.0244534091,11.0773622870471
"897","22064153B50127678643850",2,53168.9332835375,106337.866567075,11.5743767244824
"898","22064153B50130441477952",3,20415.8907326246,61247.6721978738,11.0226811227521
"899","22064153B50136100430042",4,141537.21329978,566148.85319912,13.246612314127
"900","22064153B50147384366789",2,39265.2573015005,78530.514603001,11.2712425492954
"901","22064153B5017288321656",2,15854.2851823068,31708.5703646136,10.3643422818303
"902","22064153B50299465118131",5,12065.8736777891,60329.3683889455,11.0075743021101
"903","22064153B50417144579003",4,117865.715927609,471462.863710436,13.0635956159398
"904","22064153B5049217711544",5,535.338307971052,2676.69153985526,7.892336810828
"905","22064153B5057335673555",3,40105.292520662,120315.877561986,11.6978758763127
"906","22064153B50767942422944",1,2559.81047742364,2559.81047742364,7.8476885024767
"907","22064153B51010300776987",2,177548.280903035,355096.56180607,12.7801450365584
"908","22064153B5111391554664",3,43928.206742641,131784.620227923,11.7889242040135
"909","22064153B51289193141424",3,10612.658471707,31837.975415121,10.3684150517281
"910","22064153B51420190401517",6,1915.80691529585,11494.8414917751,9.34965364778295
"911","22064153B51464692079899",2,NA,NA,NA
"912","22064153B5152282240918",1,6270.81098698023,6270.81098698023,8.74366096927874
"913","22064153B51590096369017",2,26748.8438378352,53497.6876756704,10.8873937109345
"914","22064153B51627476063203",1,159732.876565643,159732.876565643,11.9812581775472
"915","22064153B51662529993673",1,3753.56137675974,3753.56137675974,8.23046036875355
"916","22064153B51668010168839",2,295288.666416737,590577.332833474,13.2888558676595
"917","22064153B51715438268926",2,40527.8231559521,81055.6463119042,11.3028911892889
"918","22064153B51725743038941",1,65120.8170246522,65120.8170246522,11.0839995470451
"919","22064153B51825841674851",2,12423.9402488904,24847.8804977808,10.1205277360474
"920","22064153B51830778550704",4,95110.3471796393,380441.388718557,12.8490874068855
"921","22064153B51861353705431",2,128094.073856929,256188.147713858,12.453667405524
"922","22064153B519565970341",2,78584.8098736671,157169.619747334,11.9650808816956
"923","22064153B52034596955899",2,43851.0062520637,87702.0125041274,11.3817001256925
"924","22064153B52085994320923",1,109345.605118962,109345.605118962,11.6022688343412
"925","22064153B52179912270627",3,49149.6187122994,147448.856136898,11.9012366565795
"926","22064153B52241055716439",3,56530.2977387747,169590.893216324,12.0411443052398
"927","22064153B52253141451980",4,177180.487147213,708721.948588852,13.4712185545302
"928","22064153B52276107827551",1,20059.9920198877,20059.9920198877,9.90648266370367
"929","22064153B52291408422766",1,9857.7498813002,9857.7498813002,9.19601321478887
"930","22064153B52336142929997",2,16512.0462551912,33024.0925103824,10.4049926501449
"931","22064153B52472433648563",2,13130.8329844604,26261.6659689208,10.175865587159
"932","22064153B52477902075398",2,59978.7861792751,119957.57235855,11.6948933955671
"933","22064153B52523580672290",2,35408.3472476275,70816.694495255,11.1678500498414
"934","22064153B52526289873005",2,5870.34697104798,11740.693942096,9.3708162008427
"935","22064153B52612130244495",2,41787.0329772315,83574.065954463,11.3334885350902
"936","22064153B52612753206186",2,7446.92794484563,14893.8558896913,9.60870405049471
"937","22064153B52616425330151",1,2695.66864913585,2695.66864913585,7.8994015598556
"938","22064153B52629269001458",4,2522.22801054964,10088.9120421986,9.21919228218211
"939","22064153B52633464961485",2,213391.773047557,426783.546095114,12.9640322458745
"940","22064153B52648905753653",5,3367.84367662265,16839.2183831132,9.7314658724147
"941","22064153B5267804533831",1,10643.7777005545,10643.7777005545,9.27273074692594
"942","22064153B52725816904934",2,47782.0425751095,95564.085150219,11.4675523501097
"943","22064153B52753140489458",4,232300.185881718,929200.743526872,13.7420800800577
"944","22064153B52803081317924",4,28085.3264830323,112341.305932129,11.6292968908375
"945","22064153B52807334216940",2,42110.7866246427,84221.5732492854,11.3412063817752
"946","22064153B52841590037267",2,23860.3891672013,47720.7783344026,10.7731221865232
"947","22064153B52868042497281",2,98358.8387216554,196717.677443311,12.1895248704118
"948","22064153B52887999669387",1,305523.802037187,305523.802037187,12.6297829663008
"949","22064153B52893965353266",1,NA,NA,NA
"950","22064153B52899597387613",4,11634.4507918381,46537.8031673524,10.7480202326342
"951","22064153B52911851929609",1,111448.292818043,111448.292818043,11.6213160207787
"952","22064153B5295337142210",1,107181.691417849,107181.691417849,11.5822807240201
"953","22064153B53002187512045",4,20935.4744814923,83741.8979259692,11.3354947038251
"954","22064153B53034253556310",1,130422.550116352,130422.550116352,11.7785348438641
"955","22064153B53045263163046",2,19102.054512787,38204.109025574,10.5506983549244
"956","22064153B53107080731031",1,2594.89563123228,2594.89563123228,7.86130157561286
"957","22064153B53114788196581",1,178850.930397069,178850.930397069,12.0943079467819
"958","22064153B53167752375477",1,21769.5599005613,21769.5599005613,9.9882679381566
"959","22064153B53244281721356",1,257632.867479659,257632.867479659,12.459290856221
"960","22064153B53353386763224",1,541341.734367113,541341.734367113,13.2018060300663
"961","22064153B53393989117079",3,5449.14154094707,16347.4246228412,9.70182564849599
"962","22064153B53434069623251",2,66853.2070602881,133706.414120576,11.8034017359152
"963","22064153B53457987921416",1,5668.35026120205,5668.35026120205,8.64265339516133
"964","22064153B53472362936594",2,122538.233074635,245076.46614927,12.4093255475634
"965","22064153B53533855614877",4,157686.199002246,630744.796008984,13.3546566159881
"966","22064153B53754534753242",2,5535.56701917316,11071.1340383463,9.31209646294418
"967","22064153B53816838639023",4,58773.8612928978,235095.445171591,12.3677468603362
"968","22064153B53895089806566",1,1288.33374163387,1288.33374163387,7.16110498927487
"969","22064153B53997811528221",4,10193.8835641805,40775.534256722,10.6158375299594
"970","22064153B54176824211847",2,3991.14018033178,7982.28036066356,8.98497940910404
"971","22064153B54195115998574",4,13007.3796917181,52029.5187668724,10.8595665050944
"972","22064153B54201279846149",4,6442.01152753381,25768.0461101352,10.1568904804434
"973","22064153B54212638910625",1,55227.0399359293,55227.0399359293,10.9192079662377
"974","22064153B54270766590260",2,74992.4188836881,149984.837767376,11.9182894864185
"975","22064153B54270882779278",1,285122.901983273,285122.901983273,12.5606756013247
"976","22064153B54328590224994",6,5611.03864840242,33666.2318904145,10.4242505929258
"977","22064153B54478878575697",2,96095.0534150871,192190.106830174,12.1662403008854
"978","22064153B54491533323860",4,24856.8011659153,99427.2046636612,11.507181043968
"979","22064153B54492214323948",2,62741.685894395,125483.37178879,11.7399285330688
"980","22064153B54493928872719",4,52976.1370124542,211904.548049817,12.2638912072154
"981","22064153B54573279257236",4,11317.535400536,45270.141602144,10.7204029683717
"982","22064153B54635082172523",2,15042.9814234332,30085.9628468664,10.3118139913593
"983","22064153B54657262199971",4,32404.5148820424,129618.05952817,11.7723474014034
"984","22064153B54692117274500",3,2455.93421219066,7367.80263657198,8.90487479100906
"985","22064153B54693030859615",2,69805.3262430242,139610.652486048,11.8466127736058
"986","22064153B54713047474060",2,5920.27737861484,11840.5547572297,9.37928576183611
"987","22064153B54739000283393",2,12453.5885596279,24907.1771192558,10.1229112786414
"988","22064153B54812792902369",5,104460.689901985,522303.449509925,13.1660040188635
"989","22064153B54964059777248",1,21713.8268483204,21713.8268483204,9.98570451856457
"990","22064153B55014741833430",2,7558.92478211689,15117.8495642338,9.62363141503094
"991","22064153B55178851895716",2,15728.5853943704,31457.1707887408,10.3563822421405
"992","22064153B5520386080739",4,18379.108258322,73516.433033288,11.2052642388951
"993","22064153B55257853495027",1,3863.92933386088,3863.92933386088,8.25943990682689
"994","22064153B5531323380958",2,1448614.12870706,2897228.25741412,14.8792650646087
"995","22064153B55351511475413",2,66260.0375682009,132520.075136402,11.7944894233953
"996","22064153B55354042889172",2,3282.08298634963,6564.16597269926,8.7893807371888
"997","22064153B5541969291593",4,11238.1495262918,44952.5981051672,10.7133638381219
"998","22064153B55422469295161",2,NA,NA,NA
"999","22064153B55424285147191",2,8006.93591552913,16013.8718310583,9.6812106150448
"1000","22064153B55493173352162",5,17582.8525410939,87914.2627054695,11.384117331096
"1001","22064153B55567026325895",1,NA,NA,NA
"1002","22064153B55574544094548",3,55763.8423353799,167291.52700614,12.0274932401822
"1003","22064153B55696485794579",4,951.241962184115,3804.96784873646,8.24406282051934
"1004","22064153B55930097994120",5,80405.1741538658,402025.870769329,12.904271720678
"1005","22064153B55931345507884",3,87430.2451292056,262290.735387617,12.4772088445587
"1006","22064153B55971315986708",3,4563.72666015082,13691.1799804525,9.52450710744264
"1007","22064153B55990340820977",1,109314.152711419,109314.152711419,11.6019811507906
"1008","22064153B56001696915592",1,58259.6232832503,58259.6232832503,10.9726645643622
"1009","22064153B5606212103523",3,4459.3907715803,13378.1723147409,9.50137972605144
"1010","22064153B56106555282703",3,128474.565516771,385423.696550313,12.8620985186724
"1011","22064153B56211754183419",4,496362.459301341,1985449.83720536,14.5013560646689
"1012","22064153B56242014914717",3,56787.22510066,170361.67530198,12.0456789578816
"1013","22064153B56325145349456",1,43067.7492843563,43067.7492843563,10.6705297195282
"1014","22064153B56360165329958",3,45531.2418215243,136593.725464573,11.8247662914224
"1015","22064153B5639303990614",4,132.37488460674,529.49953842696,6.27193229332618
"1016","22064153B56407070841201",2,22191.5283555856,44383.0567111712,10.7006130699861
"1017","22064153B56453933156729",4,75143.8493773392,300575.397509357,12.6134539083386
"1018","22064153B56467377786107",3,11049.2749057951,33147.8247173853,10.4087323740759
"1019","22064153B56504445725691",1,130825.496860886,130825.496860886,11.7816196291379
"1020","22064153B56538880550239",2,4037.31432720444,8074.62865440888,8.99648215996331
"1021","22064153B56558553348528",4,9806.97301772512,39227.8920709005,10.5771433051803
"1022","22064153B56566020119712",1,3160.02722370497,3160.02722370497,8.05833592164036
"1023","22064153B56572969434164",1,40760.395263821,40760.395263821,10.6154661846356
"1024","22064153B56793380083143",1,65042.1580635919,65042.1580635919,11.0827909242308
"1025","22064153B56867511813359",2,73784.8286602756,147569.657320551,11.9020555963063
"1026","22064153B56887254979091",2,52632.7600717499,105265.5201435,11.5642412004692
"1027","22064153B56938477027476",5,9346.5095685737,46732.5478428685,10.7521961568461
"1028","22064153B56972160606638",4,2212.41607830775,8849.664313231,9.08813480657423
"1029","22064153B56990836800595",4,198322.150022154,793288.600088616,13.5839423689469
"1030","22064153B57190407441885",2,7355.94844556312,14711.8968911262,9.59641175777171
"1031","22064153B5719123813817",1,137140.334904711,137140.334904711,11.8287600228998
"1032","22064153B57337930374954",1,8721.13934911237,8721.13934911237,9.07350516766972
"1033","22064153B5740427837712",4,119310.964311642,477243.857246568,13.0757828703612
"1034","22064153B57425006507818",4,1483491.64842836,5933966.59371344,15.5962034501766
"1035","22064153B57460904263691",4,27076.9561379996,108307.824551998,11.5927326792435
"1036","22064153B57479664595133",4,74748.1332884493,298992.533153797,12.6081738793312
"1037","22064153B57554253448105",4,1549.24258402897,6196.97033611588,8.73181579613701
"1038","22064153B57637751083346",4,1684.25758784699,6737.03035138796,8.81537450612907
"1039","22064153B57653532760136",2,17856.5743149667,35713.1486299334,10.4832742089204
"1040","22064153B57655293715823",4,32789.6255894428,131158.502357771,11.7841618124562
"1041","22064153B57698371148493",5,6847.5808183235,34237.9040916175,10.4410886161046
"1042","22064153B57763514697313",1,30305.3403875387,30305.3403875387,10.319079226381
"1043","22064153B57801992155462",2,308523.139935183,617046.279870366,13.3326993079682
"1044","22064153B57880496845400",3,44319.7976593158,132959.392977947,11.7977990446302
"1045","22064153B57896694451609",1,46832.2780880029,46832.2780880029,10.7543279469052
"1046","22064153B57923514267215",4,5977.09806727253,23908.3922690901,10.0819848172502
"1047","22064153B58001177080426",2,6206.57259835664,12413.1451967133,9.42651128659676
"1048","22064153B58024320416573",1,4076.63265670175,4076.63265670175,8.31302659738675
"1049","22064153B58156912777265",3,24703.1915440661,74109.5746321983,11.2133000152474
"1050","22064153B58180962451731",2,158666.554922945,317333.10984589,12.667707320838
"1051","22064153B5819975327596",1,15832.4445225114,15832.4445225114,9.66981656435864
"1052","22064153B58215996136290",4,449705.373029757,1798821.49211903,14.4026422818388
"1053","22064153B58231040039933",4,25110.9987121364,100443.994848546,11.5173555859627
"1054","22064153B58264224873440",3,12210.1898576594,36630.5695729782,10.5086384050098
"1055","22064153B58298111838793",4,105215.937629865,420863.75051946,12.9500644273137
"1056","22064153B58377090478857",2,62671.4865379007,125342.973075801,11.7388090435851
"1057","22064153B58412342930538",4,120612.188841657,482448.755366628,13.0866299876268
"1058","22064153B58560058955462",5,56057.0583876113,280285.291938057,12.5435632632041
"1059","22064153B58604351029537",2,5598.05735469098,11196.114709382,9.32332209615109
"1060","22064153B58604359229112",1,13181.5825657665,13181.5825657665,9.48657587412343
"1061","22064153B58621167796121",4,33725.3509968367,134901.403987347,11.8122994497573
"1062","22064153B58761955320799",4,16108.1859412636,64432.7437650544,11.0733772264356
"1063","22064153B58787616490408",3,24832.5639672102,74497.6919016306,11.2185234227016
"1064","22064153B58836725591580",1,8588.42200167516,8588.42200167516,9.05817029631903
"1065","22064153B58928205078712",4,9675.3100939359,38701.2403757436,10.5636269295571
"1066","22064153B5894955463903",5,16414.5285435647,82072.6427178235,11.315360020883
"1067","22064153B59005328689415",2,268232.891159027,536465.782318054,13.1927580595558
"1068","22064153B59114684623120",1,92391.8211364013,92391.8211364013,11.4337937378722
"1069","22064153B59225820770411",5,13205.0158108114,66025.079054057,11.0977899344998
"1070","22064153B59358276614692",2,18042.8582685994,36085.7165371988,10.4936524022359
"1071","22064153B59364023659403",1,24648.0398497153,24648.0398497153,10.1124526570277
"1072","22064153B59487832348145",2,3300.5770259677,6601.1540519354,8.79499976908278
"1073","22064153B5950324807443",4,74641.0172792923,298564.069117169,12.606739825692
"1074","22064153B59618567090175",3,14456.3527036779,43369.0581110337,10.6775015190707
"1075","22064153B59694701296815",1,23988.6963063862,23988.6963063862,10.0853380111468
"1076","22064153B5983137694741",2,73871.0598530058,147742.119706012,11.9032235985229
"1077","22064153B59967033318464",2,835.562542011516,1671.12508402303,7.42125238158261
"1078","22064153B59992096453849",2,1305.0661119866,2610.1322239732,7.86715615955967
"1079","22064153B60097307902017",2,55976.0151558919,111952.030311784,11.6258257577426
"1080","22064153B60131456575281",2,13132.0457703816,26264.0915407632,10.1759579445836
"1081","22064153B60195592260119",2,24816.7451898277,49633.4903796554,10.812421094129
"1082","22064153B60289676551693",2,2453.31048567255,4906.6209713451,8.49834079066618
"1083","22064153B60305206630690",1,110710.660344132,110710.660344132,11.6146754134652
"1084","22064153B60310534251699",4,8922.36436811082,35689.4574724433,10.4826106152603
"1085","22064153B60374785593421",4,75587.4276983222,302349.710793289,12.6193396091713
"1086","22064153B60376459146870",2,1216.22572483382,2432.45144966764,7.79665485483431
"1087","22064153B60409495183126",4,76934.2816669201,307737.12666768,12.637001212685
"1088","22064153B60457138296150",4,129918.79498286,519675.17993144,13.160959241402
"1089","22064153B60503510934184",3,41589.0587031404,124767.176109421,11.73420468838
"1090","22064153B60540012238661",4,63232.220445249,252928.881780996,12.4408636285139
"1091","22064153B60548593458523",2,209423.026661634,418846.053323268,12.9452587168881
"1092","22064153B60558378980420",2,NA,NA,NA
"1093","22064153B60613345090189",5,15081.3727478819,75406.8637394095,11.2306535808796
"1094","22064153B60751840721116",3,29944.9671167674,89834.9013503022,11.4057288352451
"1095","22064153B60822658797930",1,17011.105227796,17011.105227796,9.74162165845818
"1096","22064153B60880441829581",3,14021.8829549129,42065.6488647387,10.6469867451539
"1097","22064153B60931052346072",3,20056.1570874556,60168.4712623668,11.0049037609175
"1098","22064153B61047916899475",2,11817.4827129517,23634.9654259034,10.0704824803916
"1099","22064153B61048147512310",5,48547.3295238643,242736.647619321,12.399732379983
"1100","22064153B61069370096712",3,188492.121225779,565476.363677337,13.2454237764541
"1101","22064153B61201437622994",4,22872.8186910881,91491.2747643524,11.4239988889501
"1102","22064153B61213319374873",1,5302.05541611353,5302.05541611353,8.5758498387207
"1103","22064153B61344255457770",5,31313.6614808773,156568.307404387,11.9612476627751
"1104","22064153B61345801484335",4,1733.15804949264,6932.63219797056,8.84399484661508
"1105","22064153B61355258928155",1,28764.4156494496,28764.4156494496,10.2668943344535
"1106","22064153B61399355999235",3,7290.11973766816,21870.3592130045,9.99288753845611
"1107","22064153B61406224805517",3,75439.8774779682,226319.632433905,12.3297035818751
"1108","22064153B61450639125107",5,34483.5097622813,172417.548811406,12.0576744232808
"1109","22064153B61527088541433",3,12125.1243710886,36375.3731132658,10.5016472618306
"1110","22064153B61544198291555",1,7616.91785140599,7616.91785140599,8.93812708541322
"1111","22064153B61546273634487",3,7149.63466341559,21448.9039902468,9.97342882702493
"1112","22064153B61546956948147",4,11023.6644882038,44094.6579528152,10.6940939192407
"1113","22064153B6160206498414",3,47435.8991701155,142307.697510347,11.8657468761522
"1114","22064153B61629539071583",6,5681.31452311413,34087.8871386848,10.4366973842932
"1115","22064153B61639073188138",2,22948.9990757492,45897.9981514984,10.7341767818404
"1116","22064153B61853178733261",1,34340.8730241978,34340.8730241978,10.4440915570811
"1117","22064153B61862032927901",2,53990.0541980074,107980.108396015,11.5897023076245
"1118","22064153B61865595964656",2,20141.9801415721,40283.9602831442,10.6037086608462
"1119","22064153B61872750237581",2,9341.84539865637,18683.6907973127,9.83540627242237
"1120","22064153B61907701410516",1,13215.1895769664,13215.1895769664,9.48912217252508
"1121","22064153B62115102055201",3,27678.4043293823,83035.2129881469,11.3270200496782
"1122","22064153B62146133591188",1,5188.17262178785,5188.17262178785,8.55413681816495
"1123","22064153B62217916410467",2,17305.9415668119,34611.8831336238,10.451952345251
"1124","22064153B62287563607588",1,14436.8105474777,14436.8105474777,9.57753651183662
"1125","22064153B62297132095458",2,51581.4293070906,103162.858614181,11.5440641701017
"1126","22064153B62305916302195",2,15622.3331250118,31244.6662500236,10.3496039605978
"1127","22064153B62482792519738",2,12216.0446116595,24432.089223319,10.1036526793558
"1128","22064153B62552817774637",6,425811.599298025,2554869.59578815,14.7535117414869
"1129","22064153B62612596246944",1,6498.15470479162,6498.15470479162,8.77927352400837
"1130","22064153B62672077731580",2,22562.4798649562,45124.9597299124,10.7171908032229
"1131","22064153B62697525642711",4,10615.2696940284,42461.0787761136,10.6563431418142
"1132","22064153B62717634643612",4,31246.697761975,124986.7910479,11.735963339084
"1133","22064153B62820046776985",2,11957.9965324483,23915.9930648966,10.0823026800232
"1134","22064153B62822681138687",3,48496.3680466732,145489.10414002,11.887856477154
"1135","22064153B62842482685868",1,16037.6522914271,16037.6522914271,9.68269450483685
"1136","22064153B62984102005508",4,15191.3826207769,60765.5304831076,11.0147779743434
"1137","22064153B63008455199942",5,4213.83839068354,21069.1919534177,9.9555671554894
"1138","22064153B63068612486986",3,21116.1955862167,63348.5867586501,11.056407877034
"1139","22064153B63121572566835",4,38879.779972418,155519.119889672,11.9545239605326
"1140","22064153B63261606012237",4,52280.2690288784,209121.076115514,12.2506686747683
"1141","22064153B63344692709050",1,253460.822511252,253460.822511252,12.4429645437632
"1142","22064153B63372535615325",1,109618.649926484,109618.649926484,11.6047628025827
"1143","22064153B63401696697477",6,51959.1853898268,311755.112338961,12.6499732622497
"1144","22064153B63454017875441",4,17150.3086767794,68601.2347071176,11.136065812198
"1145","22064153B6350784980137",1,633909.668572379,633909.668572379,13.3596617446759
"1146","22064153B6370182060344",1,94785.3784276274,94785.3784276274,11.459370440352
"1147","22064153B63784741567602",3,52979.6848159636,158939.054447891,11.9762761023629
"1148","22064153B63829453739833",2,NA,NA,NA
"1149","22064153B63835909795908",1,194629.251332719,194629.251332719,12.1788517526111
"1150","22064153B63840040249051",3,47412.5825858812,142237.747757644,11.8652552165226
"1151","22064153B63858884041047",2,331715.751768225,663431.50353645,13.4051808923634
"1152","22064153B63881976764969",2,58911.9337049235,117823.867409847,11.6769461392683
"1153","22064153B64007643487677",1,19416.9864974095,19416.9864974095,9.87390355459376
"1154","22064153B64016815172570",2,958049.963929141,1916099.92785828,14.4658023905675
"1155","22064153B64052053840652",6,4633.54006512581,27801.2403907549,10.2328359170558
"1156","22064153B64118294616923",1,50454.2873701527,50454.2873701527,10.828823004731
"1157","22064153B64140456382893",1,24668.541996706,24668.541996706,10.1132841075218
"1158","22064153B64153475656404",3,4618.89963129805,13856.6988938942,9.536524069332
"1159","22064153B6421292379130",2,67096.6303821525,134193.260764305,11.8070362844071
"1160","22064153B64219933693528",2,9544.10779979597,19088.2155995919,9.85682643930702
"1161","22064153B64323013606809",2,508.156862777906,1016.31372555581,6.92393736547003
"1162","22064153B64380847796562",4,45304.34873956,181217.39495824,12.1074526666492
"1163","22064153B64476610605868",1,116038.634442258,116038.634442258,11.6616784701745
"1164","22064153B64477662388202",2,15437.9789852728,30875.9579705456,10.337733100835
"1165","22064153B64690480836823",4,3197.45144288233,12789.8057715293,9.45640370849427
"1166","22064153B64872720029218",5,32531.6142214815,162658.071107408,11.9994055532182
"1167","22064153B64891765792099",2,35206.4620176125,70412.924035225,11.1621321053432
"1168","22064153B64923077378299",2,57436.2554529357,114872.510905871,11.6515781915745
"1169","22064153B64946776552870",1,55399.1907091738,55399.1907091738,10.922320264491
"1170","22064153B65021558399950",3,218484.966001098,655454.898003294,13.3930847743317
"1171","22064153B65021908380510",4,18893.1269922252,75572.5079689008,11.2328478448255
"1172","22064153B65083387274460",4,29967.5275759585,119870.110303834,11.6941640213962
"1173","22064153B6517008589479",2,314944.774169743,629889.548339486,13.3532997629013
"1174","22064153B6519636166728",2,81604.1561857299,163208.31237146,12.0027826538637
"1175","22064153B6523383930027",5,129903.126580545,649515.632902725,13.3839821839374
"1176","22064153B65236790677801",1,180765.487847189,180765.487847189,12.1049558229183
"1177","22064153B65355185007631",3,1224.57334919819,3673.72004759457,8.20896006461233
"1178","22064153B65367495834859",2,60173.9895263019,120347.979052604,11.6981426508193
"1179","22064153B65398665506308",2,144951.749130932,289903.498261864,12.57730338197
"1180","22064153B65405257462177",6,35044.3074475072,210265.844685043,12.2561279361612
"1181","22064153B65475311637837",2,22131.1438840139,44262.2877680278,10.6978883015604
"1182","22064153B65490065262091",2,15934.8660385695,31869.732077139,10.3694120006343
"1183","22064153B65569101114722",3,4845.2331765019,14535.6995295057,9.58436293907987
"1184","22064153B65650039026669",4,75456.5901421615,301826.360568646,12.6176071659968
"1185","22064153B65721710551900",2,87420.6150037345,174841.230007469,12.0716335839987
"1186","22064153B65726287039798",4,38795.9789429229,155183.915771692,11.952366245869
"1187","22064153B65800581846028",4,10124.8060238224,40499.2240952896,10.6090380947701
"1188","22064153B65854996769111",3,29247.7850728232,87743.3552184696,11.3821714144549
"1189","22064153B65910039566541",4,73617.4580553634,294469.832221454,12.5929318395481
"1190","22064153B66002224145568",2,53389.6048953592,106779.209790718,11.5785185216777
"1191","22064153B66021827430595",4,14141.3822029385,56565.528811754,10.9431550470617
"1192","22064153B66085531246479",2,6271.15162200635,12542.3032440127,9.43686246909266
"1193","22064153B6613288399563",4,230007.762457388,920031.049829552,13.7321626982704
"1194","22064153B66211916307671",1,10306.5420562605,10306.5420562605,9.24053412368789
"1195","22064153B66349136174891",2,58462.2749392828,116924.549878566,11.6692841329272
"1196","22064153B66358962164543",2,147303.40587187,294606.81174374,12.593396904752
"1197","22064153B66514919549994",2,70616.0458619385,141232.091723877,11.8581598567151
"1198","22064153B66521857707742",1,5852.63333779378,5852.63333779378,8.67464698215445
"1199","22064153B66589189313940",1,43530.8903583591,43530.8903583591,10.6812260882393
"1200","22064153B66595558459060",4,55911.2682721635,223645.073088654,12.3178155790572
"1201","22064153B66688444605380",4,9328.7689630849,37315.0758523396,10.5271527023207
"1202","22064153B6673459285220",4,46237.6730825471,184950.692330188,12.1278445405906
"1203","22064153B6679921489494",4,64062.7301617611,256250.920647044,12.4539124021973
"1204","22064153B66933042170680",1,6996.00506240409,6996.00506240409,8.85309455975231
"1205","22064153B670450203879",5,7579.56683507513,37897.8341753757,10.5426492436692
"1206","22064153B67052333434032",4,18804.514933766,75218.059735064,11.2281466371565
"1207","22064153B67053571560742",2,15519.7773338568,31039.5546677136,10.3430176271489
"1208","22064153B67091834306400",5,18081.8752612759,90409.3763063795,11.412103261205
"1209","22064153B67146630599686",4,229282.719645288,917130.878581152,13.7290054657885
"1210","22064153B67150935418865",2,12658.649447029,25317.298894058,10.1392431918178
"1211","22064153B67163681434847",1,414020.743007597,414020.743007597,12.9336713554354
"1212","22064153B67222319597553",4,3209.77072658704,12839.0829063482,9.46024914995384
"1213","22064153B67254026374340",1,4110.85683745271,4110.85683745271,8.32138676202799
"1214","22064153B67405412802810",1,70649.0698856855,70649.0698856855,11.165480222926
"1215","22064153B67448277745737",4,51784.0420728443,207136.168291377,12.2411316738129
"1216","22064153B67459914812798",2,71995.8533740215,143991.706748043,11.8775109848722
"1217","22064153B67469818844432",2,65667.6091719755,131335.218343951,11.7855082523817
"1218","22064153B67498585612009",1,5520.62691556546,5520.62691556546,8.61624670448278
"1219","22064153B67534038156395",2,18473.0910950465,36946.182190093,10.51721759736
"1220","22064153B67559782883122",2,NA,NA,NA
"1221","22064153B67581321748824",1,38147.1543106773,38147.1543106773,10.5492064418119
"1222","22064153B67645488485026",4,63681.6916064071,254726.766425628,12.4479467454563
"1223","22064153B67668331145865",4,31887.8096344284,127551.238537714,11.7562734337362
"1224","22064153B67705173205056",2,8065.06066860958,16130.1213372192,9.6884436935472
"1225","22064153B67847090482379",1,163913.545495219,163913.545495219,12.0070944061933
"1226","22064153B6795873571666",3,459241.741081676,1377725.22324503,14.1359443080926
"1227","22064153B68061345904698",1,341688.979138521,341688.979138521,12.7416561845499
"1228","22064153B68069187412847",3,25539.4955820679,76618.4867462037,11.2465936679448
"1229","22064153B68257517894213",2,120178.071968953,240356.143937906,12.3898770354581
"1230","22064153B6836068570250",1,46424.3427142923,46424.3427142923,10.7455792281087
"1231","22064153B68363974409505",2,31963.8057839308,63927.6115678616,11.0655066529481
"1232","22064153B68366677906",1,93931.116830313,93931.116830313,11.4503169929457
"1233","22064153B68471878713834",4,68897.7536795805,275591.014718322,12.5266732149716
"1234","22064153B68559217227558",1,64396.5977815232,64396.5977815232,11.0728160812175
"1235","22064153B68664170623687",5,6425.26431601393,32126.3215800696,10.3774309600306
"1236","22064153B68679560851725",2,11225.1311234548,22450.2622469096,10.019057574479
"1237","22064153B6874249672824",1,274750.920206086,274750.920206086,12.523620221509
"1238","22064153B68748424992772",1,18323.902063357,18323.902063357,9.81596161027269
"1239","22064153B68767322375554",3,12193.7776059521,36581.3328178563,10.5072933569797
"1240","22064153B68880016704101",1,27158.304221776,27158.304221776,10.2094381431172
"1241","22064153B68898090587743",1,13510.5546200929,13510.5546200929,9.51122648267215
"1242","22064153B68900591559433",1,136139.007840079,136139.007840079,11.821431759184
"1243","22064153B68903426629356",2,35357.0148174464,70714.0296348928,11.1663992711642
"1244","22064153B69011593937576",4,111055.869313333,444223.477253332,13.0040830419349
"1245","22064153B69045534590012",1,9534.26802533364,9534.26802533364,9.16264774794919
"1246","22064153B69084165037525",4,34465.9119095337,137863.647638135,11.8340204150925
"1247","22064153B6911401161143",1,2723.23404646967,2723.23404646967,7.90957544067666
"1248","22064153B69171179667980",4,136024.177198463,544096.708793852,13.2068822835564
"1249","22064153B69254860271730",4,72463.5684369274,289854.27374771,12.5771335713468
"1250","22064153B6927791471577",1,119339.838902693,119339.838902693,11.6897304911731
"1251","22064153B69278152819157",3,36516.482066577,109549.446199731,11.6041312897825
"1252","22064153B69287462629183",4,5388.43165400685,21553.7266160274,9.97830400939941
"1253","22064153B69435349130289",3,24445.2646284982,73335.7938854946,11.2028040890875
"1254","22064153B69533754697672",1,67783.9709796689,67783.9709796689,11.1240810297487
"1255","22064153B6965188213643",1,99453.3966894465,99453.3966894465,11.5074444384444
"1256","22064153B69679340357464",1,5813.89124047106,5813.89124047106,8.66800537445453
"1257","22064153B69680253088719",2,64503.2409941341,129006.481988268,11.7676179300525
"1258","22064153B69785759438689",1,142576.432536548,142576.432536548,11.8676335035741
"1259","22064153B69836136073733",2,109542.942164035,219085.88432807,12.2972190978033
"1260","22064153B69891847725817",2,4653.05083560227,9306.10167120454,9.13842555768389
"1261","22064153B70033185584566",1,11871.3327138169,11871.3327138169,9.38188175710723
"1262","22064153B70117244890923",4,89634.1880750223,358536.752300089,12.7897864506434
"1263","22064153B70218534764896",4,15799.6962852049,63198.7851408196,11.0540403574948
"1264","22064153B70222679052291",4,2801.21125992309,11204.8450396924,9.32410155657156
"1265","22064153B70283581599440",3,1204.74010632061,3614.22031896183,8.19263143192873
"1266","22064153B70291693279162",4,55470.0042219824,221880.01688793,12.3098920502821
"1267","22064153B70293086274273",5,19302.4226773519,96512.1133867595,11.4774238067731
"1268","22064153B70368764597874",1,2268.87468401656,2268.87468401656,7.72703925364536
"1269","22064153B70489840196790",3,10599.6919735192,31799.0759205576,10.3671925092441
"1270","22064153B70502530200246",5,89088.7505050924,445443.752525462,13.0068262609645
"1271","22064153B70592042041650",2,31588.8236881504,63177.6473763008,11.0537058368204
"1272","22064153B70779878748241",3,27003.4159339895,81010.2478019685,11.3023309417258
"1273","22064153B70786941107268",6,20151.4153298762,120908.491979257,11.7027892738323
"1274","22064153B70816441618955",2,28125.7744938897,56251.5489877794,10.937588857248
"1275","22064153B70852556389984",4,20807.1128125742,83228.4512502968,11.3293445304966
"1276","22064153B7091731953162",2,NA,NA,NA
"1277","22064153B71021754844770",3,38268.7862043674,114806.358613102,11.6510021499496
"1278","22064153B71067186574144",1,239902.582918825,239902.582918825,12.3879882154177
"1279","22064153B71078406395750",2,40290.0152318214,80580.0304636428,11.2970061367999
"1280","22064153B71166838437015",1,19935.6598365679,19935.6598365679,9.90026535866913
"1281","22064153B71223857958688",4,32471.1449371019,129884.579748408,11.774401486978
"1282","22064153B71281946459031",1,172485.903051049,172485.903051049,12.058070790671
"1283","22064153B71321460612085",5,5488.70103127937,27443.5051563969,10.2198848126176
"1284","22064153B71610558779774",1,2010.97871787664,2010.97871787664,7.60637680686068
"1285","22064153B71727675114303",4,58037.7272321535,232150.908928614,12.3551429087047
"1286","22064153B71803232115030",3,50959.0006470759,152877.001941228,11.9373889681857
"1287","22064153B71828449311091",1,14870.7330791292,14870.7330791292,9.60715033744073
"1288","22064153B71985542420847",2,335357.509354233,670715.018708466,13.4160996144247
"1289","22064153B72254874224731",5,12369.9750646667,61849.8753233335,11.0324653620277
"1290","22064153B72283298086503",1,18278.4938598551,18278.4938598551,9.81348044882675
"1291","22064153B72338395356904",1,1284.46903874047,1284.46903874047,7.15810071251516
"1292","22064153B72367314810159",3,51037.6673677914,153113.002103374,11.9389315036007
"1293","22064153B72557409137783",4,7055.52382724447,28222.0953089779,10.2478604717284
"1294","22064153B72578079325034",1,7650.3315954412,7650.3315954412,8.94250427169049
"1295","22064153B72795159098609",2,18911.7702277435,37823.540455487,10.5406869511437
"1296","22064153B72852152827794",2,15319.9075038382,30639.8150076764,10.3300555862278
"1297","22064153B7294445238824",4,2124.33742623232,8497.34970492928,9.04750959443878
"1298","22064153B73058523223682",3,14715.7992176078,44147.3976528234,10.695289260984
"1299","22064153B73079587251631",2,18339.6564063985,36679.312812797,10.5099681915383
"1300","22064153B73176772627279",4,1601.8773848361,6407.5095393444,8.76522594701502
"1301","22064153B73184835354841",2,1884.4605405993,3768.9210811986,8.23454405412475
"1302","22064153B7322851157107",3,27773.2911966402,83319.8735899206,11.3304423782101
"1303","22064153B73325412364778",1,224724.087568286,224724.087568286,12.3226286512188
"1304","22064153B73342944647376",2,16340.4395587158,32680.8791174316,10.3945454493903
"1305","22064153B73547165677482",3,11822.1725706166,35466.5177118498,10.4763443673589
"1306","22064153B735534792520",2,201388.532047112,402777.064094224,12.9061384970291
"1307","22064153B73554949432718",2,148355.421036593,296710.842073186,12.6005133478195
"1308","22064153B73558398041144",1,9317.31037873225,9317.31037873225,9.13962928005776
"1309","22064153B73592757308242",1,25002.3532457368,25002.3532457368,10.1267252292499
"1310","22064153B73719790331249",1,534621.718278477,534621.718278477,13.1893147071489
"1311","22064153B73742017137533",2,354640.728463287,709281.456926574,13.4720077040691
"1312","22064153B73781091699116",1,316576.871407932,316576.871407932,12.6653213707218
"1313","22064153B73925612476824",4,5151.73711278254,20606.9484511302,9.93338360135657
"1314","22064153B7401189811791",2,40325.2934950594,80650.5869901188,11.2978813617676
"1315","22064153B74315697961644",1,165986.244700964,165986.244700964,12.0196602006581
"1316","22064153B74370220833750",4,7570.22933246189,30280.9173298476,10.3182730020016
"1317","22064153B74407470913412",4,23757.4837781183,95029.9351124732,11.4619472273942
"1318","22064153B74511540229227",2,NA,NA,NA
"1319","22064153B74575036682421",4,70083.4446939206,280333.778775682,12.5437362392596
"1320","22064153B74601702876653",4,46178.9181749309,184715.672699724,12.1265730174857
"1321","22064153B74616285910388",1,4407.35371923832,4407.35371923832,8.39102972466586
"1322","22064153B7471955547521",4,291697.35448631,1166789.41794524,13.9697664476384
"1323","22064153B74721517788558",1,11605.2922218363,11605.2922218363,9.35921649907538
"1324","22064153B74767559861858",4,21981.3121232807,87925.2484931228,11.3842422835324
"1325","22064153B74794903489103",1,11173.8409920943,11173.8409920943,9.32133069974909
"1326","22064153B74828925689931",5,2013.31019345307,10066.5509672653,9.21697342131079
"1327","22064153B74936950050526",1,9760.6991850399,9760.6991850399,9.18611931465274
"1328","22064153B75099650397757",2,39955.3317451981,79910.6634903962,11.2886645833048
"1329","22064153B75135560754886",4,27226.1467435562,108904.586974225,11.5982274290094
"1330","22064153B75208844196005",1,9088.32344019435,9088.32344019435,9.11474573013775
"1331","22064153B75284693112718",3,3993.452200246,11980.356600738,9.39102363756516
"1332","22064153B75299838191887",1,381532.392907186,381532.392907186,12.8519510354263
"1333","22064153B75302360124634",3,4746.8947122061,14240.6841366183,9.56385822711377
"1334","22064153B75384634569664",4,1946.74127976668,7786.96511906672,8.9602064761868
"1335","22064153B7544432194221",2,23215.3118837711,46430.6237675422,10.7457145155036
"1336","22064153B75480988210132",4,126777.889972824,507111.559891296,13.1364862976016
"1337","22064153B75512617616301",3,19386.7651698037,58160.2955094111,10.9709581931679
"1338","22064153B75558973119201",4,359157.45104952,1436629.80419808,14.1778105147518
"1339","22064153B75602465401170",2,5105.26023566174,10210.5204713235,9.23117388648271
"1340","22064153B75651828357837",1,36604.3614936529,36604.3614936529,10.5079226787829
"1341","22064153B75857834624428",3,24771.0095394092,74313.0286182276,11.2160415668575
"1342","22064153B75871799756298",1,31845.4630919738,31845.4630919738,10.368650204762
"1343","22064153B75952557144029",2,28522.0302626568,57044.0605253136,10.9515792398847
"1344","22064153B76094051519887",2,14918.6284475185,29837.256895037,10.3035131229821
"1345","22064153B76164610245689",3,18836.1617629289,56508.4852887867,10.9421460879607
"1346","22064153B76299833153547",3,51693.576144084,155080.728432252,11.9517010889124
"1347","22064153B76361063206417",2,16453.6735808161,32907.3471616322,10.4014512298045
"1348","22064153B76371421200355",3,456517.163275586,1369551.48982676,14.1299938645154
"1349","22064153B76436938350922",2,32414.8255282638,64829.6510565276,11.0795183557163
"1350","22064153B76452428536918",2,32514.3866219002,65028.7732438004,11.0825851162196
"1351","22064153B76500099894487",1,1432.60244232677,1432.60244232677,7.26724795900004
"1352","22064153B76525796154688",4,1403.12129372735,5612.4851749094,8.63274889060549
"1353","22064153B76527177669413",3,19850.8548753839,59552.5646261517,10.9946146406261
"1354","22064153B76547591544799",1,11850.989141728,11850.989141728,9.38016661495547
"1355","22064153B76574269122529",2,10770.5669039776,21541.1338079552,9.97771958664891
"1356","22064153B76675545591158",4,91802.5125004281,367210.050001712,12.8136893066396
"1357","22064153B76687235436591",3,66502.4236336596,199507.270900979,12.2036059602669
"1358","22064153B76748152087135",4,11652.5082597184,46610.0330388736,10.7495710982031
"1359","22064153B76764932541801",3,3131.44071332319,9394.32213996957,9.14786075809708
"1360","22064153B7677868990473",1,120522.540825481,120522.540825481,11.6995920752115
"1361","22064153B76782638383014",2,5719.50807936679,11439.0161587336,9.34478526112487
"1362","22064153B76907902507642",1,8270.70407797187,8270.70407797187,9.02047492078705
"1363","22064153B76952907325958",5,43154.3749915406,215771.874957703,12.2819769941082
"1364","22064153B77017765880733",1,6993.84597006976,6993.84597006976,8.85278589422807
"1365","22064153B77062639046888",4,4229.22047445036,16916.8818978014,9.73606733117773
"1366","22064153B77103081434651",4,7201.88385081926,28807.535403277,10.2683922778478
"1367","22064153B77106068491412",1,325050.950135381,325050.950135381,12.6917372186721
"1368","22064153B77164119558950",4,4966.28221677232,19865.1288670893,9.89672115537033
"1369","22064153B77183996290647",1,25623.6598470388,25623.6598470388,10.1512714164209
"1370","22064153B77192546457633",2,16947.0796822578,33894.1593645156,10.4309979883926
"1371","22064153B77224046457748",3,42122.9316157619,126368.794847286,11.7469598540078
"1372","22064153B77422596340227",2,67848.5298436654,135697.059687331,11.8181801778456
"1373","22064153B77526521533443",2,21576.6074405867,43153.2148811734,10.6725121985143
"1374","22064153B7763811650899",1,92438.382995942,92438.382995942,11.4342975717639
"1375","22064153B77677863466257",3,24811.7815617458,74435.3446852374,11.2176861709881
"1376","22064153B7768413511618",3,11395.9098563388,34187.7295690164,10.4396220741404
"1377","22064153B7777757861783",3,15583.7797544268,46751.3392632804,10.7525981816494
"1378","22064153B77932337401071",4,3219.89056299768,12879.5622519907,9.4633970124341
"1379","22064153B77987793520078",3,3148.10238588022,9444.30715764066,9.15316742178077
"1380","22064153B78036214751158",3,10379.862048494,31139.586145482,10.3462351551739
"1381","22064153B78110489384423",4,5125.50900294384,20502.0360117754,9.92827947784241
"1382","22064153B78137445159293",4,19883.0812593439,79532.3250373756,11.283918822245
"1383","22064153B78193536381763",4,1177.27654040609,4709.10616162436,8.45725339439894
"1384","22064153B78228861031651",3,156447.40345258,469342.21035774,13.0590874409676
"1385","22064153B78285272623950",2,6596.14153401894,13192.2830680379,9.48738732156213
"1386","22064153B78317231790134",5,30663.7885547301,153318.942773651,11.9402756239166
"1387","22064153B78382308499165",2,44932.4562803162,89864.9125606324,11.4060628501776
"1388","22064153B7839934707198",2,81779.7344717817,163559.468943563,12.0049319276132
"1389","22064153B78492538655391",4,8605.81527294227,34423.2610917691,10.4464878093731
"1390","22064153B78523625366317",1,8248.91936714127,8248.91936714127,9.01783748494828
"1391","22064153B78612612069149",1,2477.1784394312,2477.1784394312,7.81487546542164
"1392","22064153B78624455134673",1,12625.156265654,12625.156265654,9.4434466315445
"1393","22064153B78632499037431",2,80670.2843273772,161340.568654754,11.9912727430587
"1394","22064153B78682541824565",3,10120.7330639213,30362.1991917639,10.3209536660325
"1395","22064153B78696629959853",3,60939.7852143755,182819.355643127,12.116253816659
"1396","22064153B78821925959794",5,4645.48137371371,23227.4068685685,10.0530881909743
"1397","22064153B78841847163237",3,9011.3979432307,27034.1938296921,10.2048577818669
"1398","22064153B78973888518782",2,19310.3212548543,38620.6425097086,10.5615421925533
"1399","22064153B78992229918305",4,9260.52648794824,37042.105951793,10.5198105432938
"1400","22064153B79045995074029",1,79674.0714094513,79674.0714094513,11.2856994844884
"1401","22064153B79102680587304",1,21840.6335784717,21840.6335784717,9.99152743944134
"1402","22064153B79170440452296",4,7805.70982622427,31222.8393048971,10.3489051349981
"1403","22064153B79178271585243",4,8406.99450223237,33627.9780089295,10.4231136783038
"1404","22064153B7929825119488",6,11039.9709567627,66239.8257405762,11.1010371583277
"1405","22064153B79313439986888",4,28000.3794115417,112001.517646167,11.6262677005976
"1406","22064153B79363581484531",2,7193.8106912664,14387.6213825328,9.5741234896606
"1407","22064153B79429110732098",1,47514.5527697486,47514.5527697486,10.7687913171997
"1408","22064153B79488910412367",2,NA,NA,NA
"1409","22064153B79571376643398",2,8341.73685964915,16683.4737192983,9.72217391078301
"1410","22064153B79593541155568",4,34776.2761000349,139105.10440014,11.8429850731415
"1411","22064153B79599851642878",4,66771.4083757855,267085.633503142,12.4953246106921
"1412","22064153B79630920379478",1,61774.8324029969,61774.8324029969,11.03125131783
"1413","22064153B79648133913977",1,26683.8136579266,26683.8136579266,10.1918124305164
"1414","22064153B79650181437953",1,5900.31534047395,5900.31534047395,8.6827610760035
"1415","22064153B79836169988029",1,78068.2541555925,78068.2541555925,11.2653387763126
"1416","22064153B79844191298444",3,21940.2194553619,65820.6583660857,11.0946890249706
"1417","22064153B79893946389771",1,8235.92564158389,8235.92564158389,9.01626103964455
"1418","22064153B79919938369804",1,78157.9100203606,78157.9100203606,11.2664865465992
"1419","22064153B80001974936700",2,29024.4159059216,58048.8318118432,10.9690398630966
"1420","22064153B80068225568868",3,6488.61646403652,19465.8493921096,9.87641689598484
"1421","22064153B80081213273756",5,4115.58417385292,20577.9208692646,9.93197397752378
"1422","22064153B80132847299853",4,43281.861695998,173127.446783992,12.0617832888722
"1423","22064153B80186148009906",1,16459.1262522435,16459.1262522435,9.70863538972633
"1424","22064153B80196181684705",4,465245.266775129,1860981.06710052,14.436614362064
"1425","22064153B80198673281235",6,50808.2644347705,304849.586608623,12.6275737752866
"1426","22064153B8024533352103",3,1450.05094211112,4350.15282633336,8.37796625595603
"1427","22064153B80333600461310",4,18662.3184198993,74649.2736795972,11.2205560732428
"1428","22064153B80439011945054",5,24667.7296285155,123338.648142577,11.7226890880717
"1429","22064153B8056767142775",2,25559.8991583603,51119.7983167206,10.8419271437526
"1430","22064153B80567954984898",2,63096.5839456927,126193.167891385,11.7455690904715
"1431","22064153B8060646611549",1,31332.5214784578,31332.5214784578,10.3524118619864
"1432","22064153B80619084323236",4,398223.690068934,1592894.76027574,14.2810635228528
"1433","22064153B80637713594426",4,23909.1282059648,95636.5128238592,11.4683099594255
"1434","22064153B80640640435871",5,1385.40627721136,6927.0313860568,8.84318662898633
"1435","22064153B80730466782396",5,2440.25470232888,12201.2735116444,9.40929561147385
"1436","22064153B80804439158864",2,6253.52191919246,12507.0438383849,9.4340472716507
"1437","22064153B8093767218470",4,3318.34360362869,13273.3744145148,9.49351538396147
"1438","22064153B80945575612703",2,9229.90553862087,18459.8110772417,9.82335127383555
"1439","22064153B81017994421279",2,5599.66294719028,11199.3258943806,9.32360886747008
"1440","22064153B81057246302511",4,12749.4298565189,50997.7194260756,10.8395361935708
"1441","22064153B81060108548609",2,105318.141225281,210636.282450562,12.257888145185
"1442","22064153B81121179767320",4,2199776.23865993,8799104.95463972,15.9901605645756
"1443","22064153B81163718541362",4,44565.9556816536,178263.822726614,12.0910198821233
"1444","22064153B81183812222249",2,NA,NA,NA
"1445","22064153B81263079942066",1,181113.599688414,181113.599688414,12.1068797359632
"1446","22064153B81276903927902",4,165190.132303387,660760.529213548,13.4011467675852
"1447","22064153B81529275129859",2,79089.1860050506,158178.372010101,11.971478612012
"1448","22064153B81541803695444",6,361282.20977648,2167693.25865888,14.5891741456732
"1449","22064153B81595625097237",1,15939.6823029529,15939.6823029529,9.67656702133962
"1450","22064153B81617663041940",1,91659.4819806164,91659.4819806164,11.4258357065156
"1451","22064153B81649499634622",2,4823.49375895535,9646.9875179107,9.17440097128672
"1452","22064153B81712763029694",2,13633.2464664877,27266.4929329754,10.2134138622512
"1453","22064153B81734370030591",1,5870.14370651552,5870.14370651552,8.6776343940413
"1454","22064153B81737939638777",6,4944.13634621624,29664.8180772974,10.2977170461035
"1455","22064153B81775396633762",3,10690.9802593088,32072.9407779264,10.3757679872024
"1456","22064153B81784837273555",6,6848.07452239438,41088.4471343663,10.6234822693494
"1457","22064153B81790310991737",2,5825.75259860174,11651.5051972035,9.36319065212475
"1458","22064153B81834015135830",1,5985.56164651642,5985.56164651642,8.69710545594779
"1459","22064153B81931446357320",1,47142.3540926466,47142.3540926466,10.7609271135684
"1460","22064153B81972245228619",5,13440.905109472,67204.52554736,11.1154958686985
"1461","22064153B81991171753056",4,6901.0233328027,27604.0933312108,10.2257193498104
"1462","22064153B82009101284809",1,168823.549770553,168823.549770553,12.0366093642717
"1463","22064153B82025029560168",2,19067.6909859706,38135.3819719412,10.5488977908571
"1464","22064153B82042887470941",3,57124.4569802694,171373.370940808,12.0515999110036
"1465","22064153B82071564709193",1,107749.068928604,107749.068928604,11.5875603668948
"1466","22064153B82107167810847",1,43888.7023836688,43888.7023836688,10.689412217052
"1467","22064153B82114813536666",2,44332.1705305135,88664.341061027,11.3926130701167
"1468","22064153B82157551102424",3,3758.86373523216,11276.5912056965,9.33048428130446
"1469","22064153B82247115875791",3,7187.37018264049,21562.1105479215,9.97869291206493
"1470","22064153B82319600160004",1,114450.327847987,114450.327847987,11.6478961899287
"1471","22064153B82400996798627",2,8433.6407847051,16867.2815694102,9.73313102262732
"1472","22064153B82448443514501",2,1557.01582621136,3114.03165242272,8.04367351689679
"1473","22064153B82506873251112",2,10594.0303127377,21188.0606254754,9.96119312397217
"1474","22064153B825337930111",1,40470.170846118,40470.170846118,10.6083204594107
"1475","22064153B8255256814498",2,17227.8336677122,34455.6673354244,10.4474287719225
"1476","22064153B82556228504312",1,54491.7105721308,54491.7105721308,10.9058038694891
"1477","22064153B82580623809132",1,93868.4300384655,93868.4300384655,11.4496494003426
"1478","22064153B82678654202342",3,10934.753616953,32804.260850859,10.398313689925
"1479","22064153B82755239799290",2,4084.71884316087,8169.43768632174,9.00815535884178
"1480","22064153B82909244627441",1,3115.86177362087,3115.86177362087,8.044261045808
"1481","22064153B82911662838779",5,5322.01892885507,26610.0946442753,10.1890459206838
"1482","22064153B82941082121734",1,6037.02731966655,6037.02731966655,8.70566700415749
"1483","22064153B82984715346186",1,27272.663516745,27272.663516745,10.2136401431179
"1484","22064153B83131458706543",3,126955.742177187,380867.226531561,12.8502061065794
"1485","22064153B83154102235567",1,3653.07973514875,3653.07973514875,8.20332585386305
"1486","22064153B83214926017368",1,5658.20118692281,5658.20118692281,8.64086130918671
"1487","22064153B83223852380108",4,18659.0138568739,74636.0554274956,11.2203789861544
"1488","22064153B83233320380459",2,NA,NA,NA
"1489","22064153B83234888303578",2,55198.0654065553,110396.130813111,11.6118303652283
"1490","22064153B8325167179900",2,5097.81925412779,10195.6385082556,9.22971531059675
"1491","22064153B833454751178",5,3316.94664396873,16584.7332198436,9.71623786562281
"1492","22064153B83500491832850",3,37542.6307084531,112627.892125359,11.6318446738294
"1493","22064153B83824745407144",1,7199.17056027389,7199.17056027389,8.88172109840616
"1494","22064153B83864123648968",4,25895.4261243285,103581.704497314,11.5481159956961
"1495","22064153B83906852735077",4,6550.76329017774,26203.053160711,10.1736312158113
"1496","22064153B84077021616612",1,172979.876157352,172979.876157352,12.060930543924
"1497","22064153B84142752258378",1,11627.6261527507,11627.6261527507,9.36113911055569
"1498","22064153B841709119109",4,13306.3408011255,53225.363204502,10.882290313684
"1499","22064153B84188692824025",2,12725.0050634683,25450.0101269366,10.1444714198936
"1500","22064153B84193742615733",4,9556.07999012677,38224.3199605071,10.551227240201
"1501","22064153B84219767946861",1,8431.11745211758,8431.11745211758,9.03968459880863
"1502","22064153B84222059971345",2,21673.4043287838,43346.8086575676,10.6769883614496
"1503","22064153B84245586977349",5,53351.2586469434,266756.293234717,12.4940907611433
"1504","22064153B8428470598874",2,6661.64216071416,13323.2843214283,9.49726848437863
"1505","22064153B84385819333701",2,15911.8585475305,31823.717095061,10.3679671113817
"1506","22064153B84489488181314",4,21931.4203036733,87725.6812146932,11.381969965764
"1507","22064153B84501483471932",1,54438.1918547926,54438.1918547926,10.9048212426722
"1508","22064153B84514279747404",1,4675.92251924927,4675.92251924927,8.45018175257642
"1509","22064153B84546796088042",2,17485.202826114,34970.405652228,10.4622574299967
"1510","22064153B84575638248633",4,85989.1695851159,343956.678340464,12.7482709933683
"1511","22064153B8461855353098",2,1149.6176617591,2299.2353235182,7.74033187860193
"1512","22064153B84652164446594",2,NA,NA,NA
"1513","22064153B84684358535824",1,54724.8020019134,54724.8020019134,10.910072304329
"1514","22064153B84687278012023",5,131182.33501802,655911.6750901,13.3937814172303
"1515","22064153B84799319927837",1,9519.70336938279,9519.70336938279,9.16111896862169
"1516","22064153B84897969743305",2,7647.54205621952,15295.084112439,9.63528675591209
"1517","22064153B8491587722438",1,21284.3851628361,21284.3851628361,9.96572899190829
"1518","22064153B84919846771275",2,33412.8081997212,66825.6163994424,11.109841765049
"1519","22064153B85000886785239",5,52396.5639749932,261982.819874966,12.4760342075969
"1520","22064153B85033318734621",4,9905.12532316778,39620.5012926711,10.5871019726882
"1521","22064153B85044874694323",2,14991.5641269539,29983.1282539078,10.3083901109064
"1522","22064153B85067318536798",2,5667.11461124479,11334.2292224896,9.33558256084918
"1523","22064153B8508267062616",4,109603.353812255,438413.41524902,12.9909176146245
"1524","22064153B85085416036137",1,6933.65081186969,6933.65081186969,8.84414176614647
"1525","22064153B8516585574683",2,66131.6577271779,132263.315454356,11.7925500286171
"1526","22064153B85234359484130",2,7594.57493062762,15189.1498612552,9.62833662702264
"1527","22064153B85239813190769",5,37590.0774751767,187950.387375884,12.1439333100484
"1528","22064153B85252336705750",1,38902.5555475847,38902.5555475847,10.5688152227594
"1529","22064153B85291170334429",5,18852.9670270001,94264.8351350005,11.4538634948867
"1530","22064153B85407616611924",5,3116.94023914176,15584.7011957088,9.65404501946126
"1531","22064153B85437171259684",4,348971.753181226,1395887.0127249,14.1490406225854
"1532","22064153B85574659039588",2,152107.575962494,304215.151924988,12.6254904666563
"1533","22064153B85586917882840",3,17352.4871075738,52057.4613227214,10.8601034129093
"1534","22064153B85623167351933",2,58568.1294024769,117136.258804954,11.6710931413239
"1535","22064153B8564356760578",1,25345.8927168401,25345.8927168401,10.1403719728878
"1536","22064153B85680479871483",2,32452.9723825106,64905.9447650212,11.080694497342
"1537","22064153B85719531819289",1,41147.1645356482,41147.1645356482,10.6249102981576
"1538","22064153B85881258684971",1,5292.66755078648,5292.66755078648,8.57407766066313
"1539","22064153B85897991709250",1,190207.598991497,190207.598991497,12.155871380932
"1540","22064153B85931137925845",4,99551.158805725,398204.6352229,12.8947213109837
"1541","22064153B85947434617393",2,342658.057408072,685316.114816144,13.437635492278
"1542","22064153B86012482981038",4,71766.278213151,287065.112852604,12.5674643430606
"1543","22064153B86120410024942",2,2028.65531253943,4057.31062507886,8.30827562549088
"1544","22064153B86211377030233",4,80927.5158475452,323710.063390181,12.6876035280631
"1545","22064153B86265185687144",1,45947.0134876116,45947.0134876116,10.7352441308427
"1546","22064153B86297113496232",3,10430.903874732,31292.711624196,10.3511404939562
"1547","22064153B86338272521773",4,28089.315369042,112357.261476168,11.6294389081565
"1548","22064153B86353051825362",2,55932.9891037159,111865.978207432,11.6250568106042
"1549","22064153B86372044923469",5,6299.72806088135,31498.6403044067,10.3576996589426
"1550","22064153B86390496434861",3,18579.2428437803,55737.7285313409,10.9284125490635
"1551","22064153B86478142547352",2,3515.58477345806,7031.16954691612,8.85810833610499
"1552","22064153B86498088606166",2,7699.32337088353,15398.6467417671,9.64203491062935
"1553","22064153B86521976602525",5,52218.285203716,261091.42601858,12.4726259162261
"1554","22064153B86629940764584",3,166200.659936526,498601.979809578,13.1195634208009
"1555","22064153B8665907160310",1,11818.6073082727,11818.6073082727,9.37743045899895
"1556","22064153B8666349443712",3,48377.4791916896,145132.437575069,11.8854019671276
"1557","22064153B86683000647841",4,12851.7703256629,51407.0813026516,10.8475312104881
"1558","22064153B86801747373252",2,25049.2711244077,50098.5422488154,10.8217471898196
"1559","22064153B86821614203557",3,8766.15040269813,26298.4512080944,10.1772653270057
"1560","22064153B86856131608768",1,99569.3305175448,99569.3305175448,11.5086094696229
"1561","22064153B86890605661062",6,29463.6550767022,176781.930460213,12.0826722206832
"1562","22064153B86912058833807",1,181166.611697157,181166.611697157,12.1071723934557
"1563","22064153B86938199510745",1,5010.57027683567,5010.57027683567,8.51930501531274
"1564","22064153B87057363105409",4,35653.7736582924,142615.09463317,11.8679046343278
"1565","22064153B87072224192540",2,76513.8041302166,153027.608260433,11.9383736302427
"1566","22064153B87137159672256",1,13650.9971010284,13650.9971010284,9.52156784563964
"1567","22064153B87212941126642",2,29357.9699201037,58715.9398402074,10.9804665164872
"1568","22064153B87243453067492",6,65693.1987266786,394159.192360072,12.8845101482003
"1569","22064153B87267410101558",4,47794.8501114116,191179.400445646,12.1609675355403
"1570","22064153B87269269919659",2,140504.317003829,281008.634007658,12.5461406738497
"1571","22064153B87296692178554",2,146337.593029974,292675.186059948,12.5868186930697
"1572","22064153B87472284700058",1,12104.5660842098,12104.5660842098,9.40133802273296
"1573","22064153B87559658215683",1,357725.409259659,357725.409259659,12.7875209578365
"1574","22064153B87562970219481",4,3174.54885438999,12698.19541756,9.44921516924499
"1575","22064153B87600766129132",4,63173.9628468754,252695.851387502,12.4399418760967
"1576","22064153B87658218657394",2,4308.13657749542,8616.27315499084,9.06140792155918
"1577","22064153B87695161266591",5,14021.3553472356,70106.776736178,11.1577747407636
"1578","22064153B87793948617144",1,13433.059332148,13433.059332148,9.50547406194807
"1579","22064153B87894076500012",1,1907.44969003877,1907.44969003877,7.55352238799494
"1580","22064153B87911292599012",2,61682.875627989,123365.751255978,11.7229088094353
"1581","22064153B87940577626061",2,13113.027180189,26226.054360378,10.1745086368559
"1582","22064153B87971980709236",4,40185.5848530059,160742.339412024,11.9875579856736
"1583","22064153B87980745802810",2,16594.1183953418,33188.2367906836,10.4099507785871
"1584","22064153B88045540539043",4,120696.014317458,482784.057269832,13.0873247462639
"1585","22064153B88065808639443",5,120215.147673686,601075.73836843,13.3064762261572
"1586","22064153B8813975202654",3,1269.24081619108,3807.72244857324,8.24478650685083
"1587","22064153B88194855037275",4,4366.46638210686,17465.8655284274,9.76800371389603
"1588","22064153B88328488927062",2,41834.5069063559,83669.0138127118,11.3346239825907
"1589","22064153B88431886542823",6,11635.1128743456,69810.6772460736,11.1535422461933
"1590","22064153B88432688459960",5,217090.869796992,1085454.34898496,13.8975092121282
"1591","22064153B88453450748284",2,33661.3914457085,67322.782891417,11.1172539857067
"1592","22064153B88498953220491",4,5858.09499014609,23432.3799605844,10.0618741038329
"1593","22064153B88515969469898",4,9632.18259173825,38528.730366953,10.5591594852723
"1594","22064153B88577614993358",2,219690.090338244,439380.180676488,12.9931203324909
"1595","22064153B88669235683638",3,389756.210180307,1169268.63054092,13.9718890092144
"1596","22064153B88729606439601",3,36978.3806987262,110935.142096179,11.6167010040817
"1597","22064153B88760930069413",3,44153.4263223892,132460.278967168,11.7940380980851
"1598","22064153B8877980294209",2,31614.770411754,63229.540823508,11.0545268890226
"1599","22064153B88833417807281",1,3355.81954980066,3355.81954980066,8.11845129671378
"1600","22064153B88862899919648",3,149427.527775618,448282.583326854,13.0131790789022
"1601","22064153B88871529927936",1,107975.918098279,107975.918098279,11.589663500671
"1602","22064153B88888028347521",4,321341.476338595,1285365.90535438,14.0665539870261
"1603","22064153B88900562252772",1,3488.5880569152,3488.5880569152,8.15725236511753
"1604","22064153B88946393629550",4,166636.797947417,666547.191789668,13.4098662214802
"1605","22064153B88983601589874",2,109872.568304802,219745.136609604,12.3002236838331
"1606","22064153B89149578572225",1,171493.459004732,171493.459004732,12.0523004049467
"1607","22064153B89218276356736",5,6335.23935290781,31676.196764539,10.3633207870972
"1608","22064153B89292621442465",2,13129.8927026894,26259.7854053788,10.1757939759033
"1609","22064153B89369754706736",5,80876.2914783845,404381.457391923,12.9101139129306
"1610","22064153B89417284310535",4,7107.78133459531,28431.1253383812,10.2552397866398
"1611","22064153B89569754189090",4,2583.18777121446,10332.7510848578,9.24307384658498
"1612","22064153B89642323235755",2,12215.4719558073,24430.9439116146,10.1036058009026
"1613","22064153B89665543421150",5,38560.9000435715,192804.500217857,12.1694320022651
"1614","22064153B89764256572964",1,7347.09634241593,7347.09634241593,8.9020604586983
"1615","22064153B89943083958801",4,353384.204209082,1413536.81683633,14.1616055023534
"1616","22064153B90058188171402",4,63715.2479141949,254860.99165678,12.448473544745
"1617","22064153B90109297711492",4,11328.2223599177,45312.8894396708,10.7213468060908
"1618","22064153B90377794213847",4,19603.3544457556,78413.4177830224,11.2697503368864
"1619","22064153B90382038348999",3,1161741.56014036,3485224.68042108,15.0640430708077
"1620","22064153B90465324055614",5,5689.08034643909,28445.4017321955,10.2557418002067
"1621","22064153B90488906209418",4,18519.2275291401,74076.9101165604,11.2128591583605
"1622","22064153B9051879540232",2,40564.9602382709,81129.9204765418,11.3038071051907
"1623","22064153B90614639681244",2,202634.487670959,405268.975341918,12.9123062622942
"1624","22064153B9064679601577",2,53337.1079517303,106674.215903461,11.5775347576984
"1625","22064153B90708225439476",1,3264.35946027234,3264.35946027234,8.09081883878018
"1626","22064153B90768154691941",1,1305294.87892825,1305294.87892825,14.0819395340782
"1627","22064153B90780529710926",2,1037.10360637438,2074.20721274876,7.63733429351376
"1628","22064153B90786052299666",3,63403.5326708161,190210.598012448,12.155887147901
"1629","22064153B90800139718357",6,17587.368354846,105524.210129076,11.5666956854682
"1630","22064153B9080529541811",2,60995.6887524756,121991.377504951,11.7117056450288
"1631","22064153B90835968382747",1,97663.4530195873,97663.4530195873,11.4892826945534
"1632","22064153B90906708968862",2,20606.6740567808,41213.3481135616,10.6265174662052
"1633","22064153B90991559137685",2,28889.5389178555,57779.077835711,10.9643820139709
"1634","22064153B9100475302827",3,92055.3281921877,276165.984576563,12.5287573573281
"1635","22064153B91116498936181",2,10978.1872999551,21956.3745999102,9.99681279091566
"1636","22064153B91227273559094",2,3225.57833818632,6451.15667637264,8.77201472338235
"1637","22064153B91306965514227",6,32435.7950077539,194614.770046523,12.1787773453735
"1638","22064153B91381447128129",2,6251.50171397359,12503.0034279472,9.43372416866494
"1639","22064153B91415931669835",4,96218.0865739062,384872.346295625,12.8606669902258
"1640","22064153B91429451718848",4,67409.6683392405,269638.673356962,12.5048380949025
"1641","22064153B91537954314769",2,54753.9145652478,109507.829130496,11.6037513245914
"1642","22064153B91607708689190",1,42182.5391844723,42182.5391844723,10.6497616509993
"1643","22064153B91609112527858",2,5707.90992607423,11415.8198521485,9.34275537873683
"1644","22064153B91617146751331",5,13291.2443626941,66456.2218134705,11.1042986912627
"1645","22064153B91785979325065",1,66549.8827492123,66549.8827492123,11.1057070619767
"1646","22064153B92028221048613",2,3611.01881080443,7222.03762160886,8.88489241112996
"1647","22064153B92040031890076",5,35566.8936493724,177834.468246862,12.0886084429297
"1648","22064153B92046986895255",5,48898.2646847392,244491.323423696,12.4069351002477
"1649","22064153B92054695753215",2,5407.41213971742,10814.8242794348,9.28867309039893
"1650","22064153B92149249453795",1,13349.5074008207,13349.5074008207,9.49923476433269
"1651","22064153B92230134603738",2,1526.44683946554,3052.89367893108,8.02384516701582
"1652","22064153B92307181763302",2,11172.8803455662,22345.7606911324,10.0143919038014
"1653","22064153B92335026142603",4,9791.45118807432,39165.8047522973,10.5755593173318
"1654","22064153B92410380662275",4,59139.2227585745,236556.891034298,12.3739440120419
"1655","22064153B92414295207402",1,12224.5481523589,12224.5481523589,9.41120135270776
"1656","22064153B92427745486428",2,60013.446024561,120026.892049122,11.6954710970668
"1657","22064153B92521276992791",3,28585.0748092222,85755.2244276666,11.3592522894424
"1658","22064153B92561466668703",5,9369.55283470437,46847.7641735218,10.7546585634439
"1659","22064153B92569175059493",4,508550.867845104,2034203.47138042,14.5256148856811
"1660","22064153B92578420514531",2,47502.3110456738,95004.6220913476,11.4616808229923
"1661","22064153B92728866184375",3,23215.9438663818,69647.8315991454,11.1512068459042
"1662","22064153B92731111025148",4,175196.949396009,700787.797584036,13.4599604063295
"1663","22064153B92754256682750",3,38866.5874611206,116599.762383362,11.6665025150179
"1664","22064153B92795949191763",1,5483.61330390412,5483.61330390412,8.60951952468473
"1665","22064153B92836462541903",4,180762.955023395,723051.82009358,13.4912361722842
"1666","22064153B92910812775945",3,32920.2708150592,98760.8124451776,11.5004561698852
"1667","22064153B92948543202040",2,17722.1205011757,35444.2410023514,10.4757160646687
"1668","22064153B93078615339227",3,28902.4604379836,86707.3813139508,11.3702942954072
"1669","22064153B93482560698592",2,166456.772675318,332913.545350636,12.7156381116829
"1670","22064153B93507806633963",2,12780.0574412281,25560.1148824562,10.1487884031002
"1671","22064153B93520564600239",2,16879.8731355884,33759.7462711768,10.4270244330175
"1672","22064153B93521388220713",2,27727.8598851553,55455.7197703106,10.9233401393128
"1673","22064153B93534284099822",1,22191.7714093392,22191.7714093392,10.007476841913
"1674","22064153B93544053912338",2,40731.2640245949,81462.5280491898,11.3078984149608
"1675","22064153B93596873224412",1,9399.16676619853,9399.16676619853,9.1483763224354
"1676","22064153B93622399148332",2,NA,NA,NA
"1677","22064153B93627159122123",5,22193.7176809503,110968.588404751,11.6170024529014
"1678","22064153B93672474053317",1,81644.4429477361,81644.4429477361,11.3101290366549
"1679","22064153B93732569204869",2,5596.82463173248,11193.649263465,9.32310186641308
"1680","22064153B93739941057241",1,4973.86532132663,4973.86532132663,8.51195254746413
"1681","22064153B93831812640775",3,29186.9223409243,87560.7670227729,11.3800883115661
"1682","22064153B93848225384544",5,1065.2616022058,5326.308011029,8.58041359628806
"1683","22064153B93879560819561",4,81872.7999855463,327491.199942185,12.6992164632909
"1684","22064153B94045297720108",3,19347.0506289973,58041.1518869919,10.9689075532345
"1685","22064153B94090813781135",1,76424.4654324295,76424.4654324295,11.2440581520657
"1686","22064153B94127780812190",2,134255.161435148,268510.322870296,12.5006446386363
"1687","22064153B94139662375640",2,26765.899833909,53531.799667818,10.8880311426209
"1688","22064153B94269242958702",4,1716.50843230805,6866.0337292322,8.83434188650662
"1689","22064153B94280751293225",1,32000.9914211187,32000.9914211187,10.3735221632119
"1690","22064153B94408757822764",5,72505.9742430824,362529.871215412,12.8008621532348
"1691","22064153B94443438334718",5,9952.2147899812,49761.073949906,10.8149883097747
"1692","22064153B9452209011947",4,36902.4496698635,147609.798679454,11.9023275756622
"1693","22064153B94530132332923",2,38439.3622065611,76878.7244131222,11.2499844515856
"1694","22064153B94546008893",5,2325.2022080696,11626.011040348,9.36100019788651
"1695","22064153B9474359651692",1,255925.309564376,255925.309564376,12.4526409213775
"1696","22064153B94848562576718",4,78578.0374145297,314312.149658119,12.6581418782845
"1697","22064153B94965101672522",1,3270.5191624243,3270.5191624243,8.0927040165568
"1698","22064153B94990135039499",3,16674.9394310992,50024.8182932976,10.8202745271274
"1699","22064153B94992731780423",1,2727.25529977902,2727.25529977902,7.91105099774448
"1700","22064153B94993011750115",3,21407.640693596,64222.922080788,11.0701154677106
"1701","22064153B95018112275614",1,805992.02972964,805992.02972964,13.599829132767
"1702","22064153B95037722693010",2,114106.939991638,228213.879983276,12.3380385383259
"1703","22064153B95388461124704",2,53042.8297952037,106085.659590407,11.5720021560931
"1704","22064153B95466714598134",1,3056.00185660534,3056.00185660534,8.02486275781415
"1705","22064153B95595404063006",1,28383.9580985549,28383.9580985549,10.2535794088735
"1706","22064153B95599373690567",2,36083.3122647413,72166.6245294826,11.1867329538693
"1707","22064153B95660884775900",4,57735.3080441561,230941.232176624,12.3499185509754
"1708","22064153B95692403593429",5,13405.6679902957,67028.3399514785,11.1128707932909
"1709","22064153B95702189282228",3,16415.4923405927,49246.4770217781,10.8045931114889
"1710","22064153B95784348499714",2,1264.18533950243,2528.37067900486,7.8353303738709
"1711","22064153B9578504350076",4,23656.9602064572,94627.8408258288,11.4577070122265
"1712","22064153B95834507403925",3,24615.2780126575,73845.8340379725,11.2097348752373
"1713","22064153B95884811797842",2,9993.97308546055,19987.9461709211,9.90288467939068
"1714","22064153B95911169565187",1,136963.048847837,136963.048847837,11.8274664519911
"1715","22064153B96013613733797",1,3443.68137356862,3443.68137356862,8.1442963448823
"1716","22064153B96059107516694",2,56784.393241865,113568.78648373,11.6401639806453
"1717","22064153B96065256406270",4,168626.390668959,674505.562675836,13.4217352017061
"1718","22064153B96177150781440",4,41975.1280287496,167900.512114998,12.0311268931801
"1719","22064153B96257795624750",1,19545.5160245552,19545.5160245552,9.88050117974884
"1720","22064153B96273885694547",2,1573.84205009516,3147.68410019032,8.05442225513421
"1721","22064153B96374809115220",1,85907.0053894832,85907.0053894832,11.3610206574932
"1722","22064153B96463446975181",4,697.701343927864,2790.80537571146,7.9340854982892
"1723","22064153B96659477590424",1,84377.7295962787,84377.7295962787,11.3430587784223
"1724","22064153B96670024597495",1,9312.64847129682,9312.64847129682,9.13912880578723
"1725","22064153B96726599318937",4,143181.719894951,572726.879579804,13.2581642321152
"1726","22064153B96792865327572",3,22935.0047368665,68805.0142105995,11.1390319022338
"1727","22064153B96832433526360",1,36651.6291671968,36651.6291671968,10.5092131583649
"1728","22064153B96844374642874",6,31556.7810367766,189340.68622066,12.1513032439536
"1729","22064153B96866391217201",2,568.013424180686,1136.02684836137,7.03529223312274
"1730","22064153B96898003018692",3,32170.8798438985,96512.6395316955,11.4774292583531
"1731","22064153B96958507513522",3,4680.93700922502,14042.8110276751,9.5498658731857
"1732","22064153B96973201528361",4,15314.5868322997,61258.3473291988,11.022855402047
"1733","22064153B96974896989466",2,3000.43276475463,6000.86552950926,8.69965899272466
"1734","22064153B9698947676101",4,37135.7523137885,148543.009255154,11.9086298199056
"1735","22064153B97059212130214",4,9107.27722233323,36429.1088893329,10.5031234288012
"1736","22064153B97070168127410",3,7239.89712609497,21719.6913782849,9.98597456484402
"1737","22064153B97121686045482",5,86136.1460120377,430680.730060189,12.9731223290619
"1738","22064153B9719288740137",3,13702.6659486217,41107.9978458651,10.6239579763431
"1739","22064153B97288898316307",1,8450.89053821691,8450.89053821691,9.04202710393627
"1740","22064153B97335356497134",4,40002.0460617729,160008.184247092,11.9829802444521
"1741","22064153B97344910702567",2,14984.4076182465,29968.815236493,10.3079126278808
"1742","22064153B9735702870104",4,7687.46360430769,30749.8544172308,10.3336405388245
"1743","22064153B97499384846726",3,10531.6697052432,31595.0091157296,10.3607544477256
"1744","22064153B97523791840920",3,21590.2957936661,64770.8873809983,11.0786115125771
"1745","22064153B97624241092160",1,20548.0394846078,20548.0394846078,9.93052081316443
"1746","22064153B9766515498802",1,11268.244455436,11268.244455436,9.32974382342157
"1747","22064153B97866090466841",2,102358.610333495,204717.22066699,12.2293848944763
"1748","22064153B97971723277655",1,43987.6412785971,43987.6412785971,10.6916639934143
"1749","22064153B97991398929026",5,108537.708268954,542688.54134477,13.2042908456675
"1750","22064153B98039049640163",1,28505.5552415363,28505.5552415363,10.2578542680178
"1751","22064153B98068681997593",2,34178.8126056377,68357.6252112754,11.1325083971772
"1752","22064153B98075085075201",6,21652.1201539159,129912.720923495,11.7746181264513
"1753","22064153B98075236396986",2,19658.937039882,39317.874079764,10.579434505652
"1754","22064153B98138334835392",2,9077.03104701515,18154.0620940303,9.80664962148561
"1755","22064153B98176626481319",4,13070.2800508133,52281.1202032532,10.8643905945027
"1756","22064153B98195258641844",4,4198.63001284629,16794.5200513852,9.72880792476311
"1757","22064153B98214763966062",5,42787.2663082663,213936.331541331,12.2734337335753
"1758","22064153B98286353198048",3,21910.2185067032,65730.6555201096,11.0933206941291
"1759","22064153B98370164064849",3,7441.3587393393,22324.0762180179,10.0134210260764
"1760","22064153B98376857578372",2,172077.125745098,344154.251490196,12.7488452413466
"1761","22064153B98470521776341",4,36906.9007456986,147627.602982794,11.9024481857425
"1762","22064153B98524881457681",2,46644.3586467143,93288.7172934286,11.443454450192
"1763","22064153B98586949773081",5,7396.98280148474,36984.9140074237,10.518265378953
"1764","22064153B98589137348385",3,13754.4340143298,41263.3020429894,10.6277288135488
"1765","22064153B98590992450461",1,750251.038218071,750251.038218071,13.5281631471311
"1766","22064153B9879709828283",1,2750.7228414186,2750.7228414186,7.91961900754618
"1767","22064153B98863948412239",3,190915.964855547,572747.894566641,13.2582009243014
"1768","22064153B98871481609914",4,25807.9287569246,103231.715027698,11.5447314009775
"1769","22064153B98906825445383",2,7197.15287062183,14394.3057412437,9.57458797272334
"1770","22064153B98951544817880",3,56317.53188,168952.59564,12.0373734553864
"1771","22064153B990494098117",4,291532.406225298,1166129.62490119,13.9692008102978
"1772","22064153B99270011132036",2,60628.5868436441,121257.173687288,11.7056689714808
"1773","22064153B99518107679078",6,4287.46093784765,25724.7656270859,10.1552094499547
"1774","22064153B99520360805383",5,43223.8706891749,216119.353445875,12.2835860963094
"1775","22064153B99534934631305",2,27111.4793656585,54222.958731317,10.9008596905663
"1776","22064153B99607574658792",2,56265.4404497525,112530.880899505,11.6309829598437
"1777","22064153B99641769976782",1,12926.748091567,12926.748091567,9.46705393909531
"1778","22064153B99649990741384",2,6324.97624910956,12649.9524982191,9.44540873906712
"1779","22064153B99767339475906",4,15079.7444897572,60318.9779590288,11.0074020588882
"1780","22064153B99823885045557",5,5636.03421649657,28180.1710824828,10.2463738564947
"1781","22064153B99847717856531",5,12657.7724452575,63288.8622262875,11.0554646404595
"1782","22064153B99857415229909",4,17043.5757870408,68174.3031481632,11.1298229861458
"1783","22064153B99919647628025",1,459986.134642301,459986.134642301,13.038951625929
"1784","22272344B26544115797749",1,249670.282431604,249670.282431604,12.427896456096
"1785","22272344B26975146783294",1,76820.3459700437,76820.3459700437,11.2492248055352
"1786","22272344B40586354952803",1,59694.3061975518,59694.3061975518,10.996991921257
"1787","22272344B56659955629338",1,117749.072356888,117749.072356888,11.6763111337745
"1788","22272344B90104046252093",1,49045.9041786941,49045.9041786941,10.8005119585241
"1789","22272344B98197828393532",1,161266.446871803,161266.446871803,11.990813225561
"1790","25037944B61185375235969",2,12755.7064322504,25511.4128645008,10.1468811943337
"1791","25037944B65347816419811",1,16761.969012242,16761.969012242,9.72686784996617
"1792","25037944B66848731281736",1,13290.1409847747,13290.1409847747,9.49477775998622
"1793","25037944B77099976714827",1,2437.14035147675,2437.14035147675,7.79858064387361
"1794","25037944B95548638033328",1,6718.24576970815,6718.24576970815,8.81258235326433
"1795","2640588B11393510524278",1,225656.85042472,225656.85042472,12.3267707634237
"1796","2640588B14186532473464",3,218969.959155441,656909.877466323,13.3953021152515
"1797","2640588B17162343229623",1,1970451.57560196,1970451.57560196,14.4937733006398
"1798","2640588B20595662599865",1,2016230.08772431,2016230.08772431,14.5167400324766
"1799","2640588B22535822566030",1,164130.583281725,164130.583281725,12.0084176294985
"1800","2640588B23016389281073",1,536909.105345061,536909.105345061,13.1935840953748
"1801","2640588B23864872837062",2,15220.4227576992,30440.8455153984,10.3235405880484
"1802","2640588B24165862747597",1,89656.541741248,89656.541741248,11.4037414461564
"1803","2640588B2684850326122",1,166167.641339661,166167.641339661,12.0207524453336
"1804","2640588B32523752073662",1,449436.210527285,449436.210527285,13.0157492107595
"1805","2640588B33083527354868",1,1027278.75101583,1027278.75101583,13.8424238746877
"1806","2640588B34459645926333",1,669604.59710871,669604.59710871,13.4144426635889
"1807","2640588B34650846802583",1,1634814.93047287,1634814.93047287,14.3070401635354
"1808","2640588B36229801410553",1,369376.794232189,369376.794232189,12.8195725246121
"1809","2640588B36383122170471",1,222512.33668051,222512.33668051,12.3127378248065
"1810","2640588B43628149657030",1,2449152.32004814,2449152.32004814,14.7112525308348
"1811","2640588B45258001695711",1,520438.391835438,520438.391835438,13.1624267966031
"1812","2640588B46982966730152",1,1733127.43563141,1733127.43563141,14.3654381006921
"1813","2640588B49362051778248",1,635158.850914314,635158.850914314,13.3616304055105
"1814","2640588B50881283310688",1,683840.572154637,683840.572154637,13.4354800877917
"1815","2640588B50983171828902",1,231597.146404635,231597.146404635,12.3527547033816
"1816","2640588B52568839586340",1,1325648.63389091,1325648.63389091,14.0974124326313
"1817","2640588B57655195310467",3,1551952.96390445,4655858.89171335,15.3536369611716
"1818","2640588B63294043497895",1,2066916.60670071,2066916.60670071,14.5415684927609
"1819","2640588B63893974857560",1,696214.297290555,696214.297290555,13.4534127903315
"1820","2640588B64856500371355",1,1760207.00970991,1760207.00970991,14.3809419792511
"1821","2640588B69318666079956",1,594583.019796718,594583.019796718,13.2956156317834
"1822","2640588B69436428808540",1,141656.768101244,141656.768101244,11.8611622845708
"1823","2640588B70472166839855",1,2664955.38821291,2664955.38821291,14.7956978755594
"1824","2640588B74898440822212",3,488352.402287276,1465057.20686183,14.1974048487234
"1825","2640588B80128813909947",1,1181735.7959156,1181735.7959156,13.9824949290492
"1826","2640588B8238689001419",1,663209.419148806,663209.419148806,13.404846085279
"1827","2640588B82697045094820",2,1109490.9443174,2218981.8886348,14.6125590399323
"1828","2640588B82822310999177",1,185895.534012459,185895.534012459,12.1329401498193
"1829","2640588B89959078713723",1,448308.448281334,448308.448281334,13.0132367751173
"1830","2640588B90196487973168",1,372130.24978183,372130.24978183,12.8269992057949
"1831","2640588B94420346402626",1,149160.50049602,149160.50049602,11.9127781897177
"1832","2640588B94499067384006",1,362385.811053817,362385.811053817,12.8004646996632
"1833","3306468B10183104109049",1,26678.6358946315,26678.6358946315,10.1916183703353
"1834","3306468B11652899938830",1,24089.8664400775,24089.8664400775,10.0895465513875
"1835","3306468B11940370524112",1,17760.5347756549,17760.5347756549,9.78473412733466
"1836","3306468B14471946980605",1,33623.0165054938,33623.0165054938,10.42296612648
"1837","3306468B15896052245603",1,11642.7193857009,11642.7193857009,9.36243631820065
"1838","3306468B16106454484671",1,19992.7942078367,19992.7942078367,9.90312719800807
"1839","3306468B1703224271200",1,19813.8855139063,19813.8855139063,9.89413825947582
"1840","3306468B17793693444976",1,13157.434718461,13157.434718461,9.48474225566981
"1841","3306468B23578023399759",1,103733.24333212,103733.24333212,11.5495779149969
"1842","3306468B24610118168871",1,109923.658781416,109923.658781416,11.6075413927593
"1843","3306468B25553756069478",1,3227.2161984725,3227.2161984725,8.07937518654546
"1844","3306468B25789433891427",1,19196.4557004775,19196.4557004775,9.86248094204193
"1845","3306468B26306333639139",1,42015.3810951346,42015.3810951346,10.6457910467754
"1846","3306468B2740041336238",1,51222.8501276541,51222.8501276541,10.8439410030249
"1847","3306468B2817273614412",1,16492.8695747886,16492.8695747886,9.71068341950375
"1848","3306468B28180088914928",1,9760.14233466522,9760.14233466522,9.1860622627706
"1849","3306468B29569237091860",1,22013.0932229173,22013.0932229173,9.99939270180725
"1850","3306468B29734552826956",1,17482.0963300291,17482.0963300291,9.76893256936602
"1851","3306468B30631228592753",1,19838.8994672062,19838.8994672062,9.89539990889741
"1852","3306468B30679779198976",1,170945.782939746,170945.782939746,12.0491017263791
"1853","3306468B31162099816687",1,32577.0447477487,32577.0447477487,10.3913631704835
"1854","3306468B31891639272972",1,17904.3707818978,17904.3707818978,9.79280013978196
"1855","3306468B33320306044259",1,26474.1299445706,26474.1299445706,10.1839233066461
"1856","3306468B34554561821271",1,14555.3831049613,14555.3831049613,9.58571617702613
"1857","3306468B37182555728177",1,119548.289571899,119548.289571899,11.6914756655645
"1858","3306468B37188297910356",1,35546.2381779801,35546.2381779801,10.478589611854
"1859","3306468B37411515289314",1,39692.7813054567,39692.7813054567,10.5889246190452
"1860","3306468B40985088538713",1,16024.5347951048,16024.5347951048,9.68187625142084
"1861","3306468B41298949605028",1,30194.3687136115,30194.3687136115,10.3154107195392
"1862","3306468B42519572872146",1,11979.5553999577,11979.5553999577,9.39095675912416
"1863","3306468B42523335746622",1,19253.2071858593,19253.2071858593,9.86543293289614
"1864","3306468B4333912279461",1,239982.825926333,239982.825926333,12.3883226411234
"1865","3306468B43421780768425",1,58553.4271923473,58553.4271923473,10.9776949017679
"1866","3306468B44390196227357",1,105378.238663804,105378.238663804,11.5653114294824
"1867","3306468B45575096497084",1,16962.8244103681,16962.8244103681,9.7387794291109
"1868","3306468B48172399013768",1,21676.6977957762,21676.6977957762,9.98399312825939
"1869","3306468B48570951315042",1,40220.1640099795,40220.1640099795,10.6021237411398
"1870","3306468B49446780717545",1,8025.25323993398,8025.25323993398,8.99034850387839
"1871","3306468B49798152350174",1,233476.913265198,233476.913265198,12.360838478677
"1872","3306468B50398630049357",1,22827.1282518201,22827.1282518201,10.0357049432553
"1873","3306468B51823501845904",1,69515.2202999366,69515.2202999366,11.1493010046979
"1874","3306468B51834332245466",1,54229.6952166918,54229.6952166918,10.9009839196219
"1875","3306468B52155686963809",1,20066.8151567346,20066.8151567346,9.9068227424387
"1876","3306468B53789709824921",1,4073.72119116795,4073.72119116795,8.31231215830546
"1877","3306468B54245916691578",1,9582.91918133642,9582.91918133642,9.16773754076301
"1878","3306468B54253052941239",1,183755.482776337,183755.482776337,12.1213612548685
"1879","3306468B54711183761237",1,40724.4718856887,40724.4718856887,10.61458446557
"1880","3306468B55753848240652",1,128509.307392596,128509.307392596,11.7637566117652
"1881","3306468B55760825381670",1,50108.3494321262,50108.3494321262,10.8219429285194
"1882","3306468B56210487942158",1,21796.8468139476,21796.8468139476,9.98952059675354
"1883","3306468B57439307714728",1,161101.765588163,161101.765588163,11.9897915286839
"1884","3306468B58364807671066",1,12439.1741366726,12439.1741366726,9.42860597636212
"1885","3306468B60047889099268",1,168376.361725094,168376.361725094,12.0339570011341
"1886","3306468B62426802090355",1,69480.0342451624,69480.0342451624,11.1487947132329
"1887","3306468B63097535879723",1,1023185.09677507,1023185.09677507,13.838430963831
"1888","3306468B63590922856333",1,24567.6984827172,24567.6984827172,10.1091877892807
"1889","3306468B64395738690475",1,37881.799303406,37881.799303406,10.5422260462618
"1890","3306468B64693584443826",1,28579.6004684573,28579.6004684573,10.260448471976
"1891","3306468B64768612261884",1,13912.4562891605,13912.4562891605,9.54053985373955
"1892","3306468B65787617435828",1,83476.0696502839,83476.0696502839,11.3323152787493
"1893","3306468B67900396339745",1,38700.6729789206,38700.6729789206,10.5636122685029
"1894","3306468B69236034460520",1,64137.0901029759,64137.0901029759,11.0687781043193
"1895","3306468B69906942456290",1,345237.890942691,345237.890942691,12.7519889973551
"1896","3306468B70752003572919",1,23723.5044943293,23723.5044943293,10.0742215864789
"1897","3306468B71353623072064",1,22500.8192623932,22500.8192623932,10.0213069991915
"1898","3306468B71596371711370",1,72955.5151413767,72955.5151413767,11.1976051527571
"1899","3306468B72129908795789",1,21222.0370988386,21222.0370988386,9.96279540656313
"1900","3306468B72281596552802",1,77062.2971922722,77062.2971922722,11.2523694281728
"1901","3306468B72856581619047",1,56158.843735983,56158.843735983,10.935939449741
"1902","3306468B72895662483472",1,35618.1293673745,35618.1293673745,10.4806100391079
"1903","3306468B74800067614401",1,30542.1568145515,30542.1568145515,10.3268631988903
"1904","3306468B76468188202077",1,31168.3088824553,31168.3088824553,10.3471571166362
"1905","3306468B77556762591061",1,22962.4424926952,22962.4424926952,10.0416152251194
"1906","3306468B7799388924344",1,742923.656583484,742923.656583484,13.5183485681966
"1907","3306468B79017025460716",1,13331.234534193,13331.234534193,9.4978650221022
"1908","3306468B80132338687245",1,20672.7426403078,20672.7426403078,9.93657133087453
"1909","3306468B80209753736626",1,28674.7500115665,28674.7500115665,10.2637722239671
"1910","3306468B81365020570437",1,378383.385885711,378383.385885711,12.8436632089743
"1911","3306468B82844411676159",1,212765.959720291,212765.959720291,12.2679480599336
"1912","3306468B8616193891808",1,15915.4201081498,15915.4201081498,9.67504373636119
"1913","3306468B87386677214515",1,20003.5387834921,20003.5387834921,9.90366447605884
"1914","3306468B8786854663218",1,16782.0446629026,16782.0446629026,9.72806482378403
"1915","3306468B87904766376188",1,165571.751237867,165571.751237867,12.0171599220697
"1916","3306468B89107795210133",1,60583.8248175024,60583.8248175024,11.0117832192257
"1917","3306468B8987969858006",1,51961.6935431971,51961.6935431971,10.8582620634635
"1918","3306468B91060644356542",1,30766.6306561728,30766.6306561728,10.3341859613836
"1919","3306468B91186516288237",1,24741.4815762602,24741.4815762602,10.1162365300168
"1920","3306468B93342772649109",1,5994.6733738381,5994.6733738381,8.69862658288113
"1921","3306468B93547885769442",1,43896.2823216716,43896.2823216716,10.6895849103217
"1922","3306468B9406738878397",1,4695.38341014072,4695.38341014072,8.45433505180983
"1923","3306468B94493131963400",1,38350.9080458599,38350.9080458599,10.5545334843732
"1924","3306468B95520457943603",1,8582.38383501765,8582.38383501765,9.05746699014181
"1925","3306468B95722442714869",1,27379.157222444,27379.157222444,10.217537317596
"1926","3306468B99813204721250",1,23220.8756286368,23220.8756286368,10.0528069646458
"1927","3306468B99956465733744",1,908336.18076971,908336.18076971,13.7193698321988
"1928","35162164B10073394870765",2,705.600067140117,1411.20013428023,7.25219578040575
"1929","35162164B10269713734613",2,248.60031226629,497.20062453258,6.20899361573508
"1930","35162164B103369510017",2,428.481362245239,856.962724490478,6.75339442230816
"1931","35162164B10401266625964",1,344.695217560798,344.695217560798,5.84266059921943
"1932","35162164B10440863111199",1,20044.6530873604,20044.6530873604,9.90571771823492
"1933","35162164B10462811723711",2,11334.7475119038,22669.4950238076,10.0287754681678
"1934","35162164B10475764562507",2,225.560864554405,451.12172910881,6.11173721241588
"1935","35162164B10488528933377",2,284.751384889536,569.502769779072,6.34476364640319
"1936","35162164B10585117065466",1,2677.64252483538,2677.64252483538,7.89269203146931
"1937","35162164B10617562274251",2,366.161286214206,732.322572428412,6.59622108961002
"1938","35162164B10651246481512",2,851.980264087148,1703.9605281743,7.440710542904
"1939","35162164B10819971000444",1,1190.04130985864,1190.04130985864,7.08174329966998
"1940","35162164B10830799365035",1,169.0990051644,169.0990051644,5.13048437276718
"1941","35162164B10877240154643",1,3857.61467451856,3857.61467451856,8.25780431147363
"1942","35162164B10896570080574",2,755.81517571187,1511.63035142374,7.32094405027861
"1943","35162164B11144501251238",2,1623.47198596722,3246.94397193444,8.08546951662118
"1944","35162164B11166913193037",2,398.262130468916,796.524260937832,6.68025758831853
"1945","35162164B11360557013319",1,NA,NA,NA
"1946","35162164B11505770337311",2,8724.20168606542,17448.4033721308,9.76700342614535
"1947","35162164B11517368414750",2,1633.04840714898,3266.09681429796,8.09135091617066
"1948","35162164B1168912161793",1,11132.1285708157,11132.1285708157,9.31759067223914
"1949","35162164B11758798186333",1,8569.74348869835,8569.74348869835,9.0559930798368
"1950","35162164B11946880099707",1,1551.13872524294,1551.13872524294,7.34674460162873
"1951","35162164B1222731303046",1,8250.14244258237,8250.14244258237,9.01798574494724
"1952","35162164B12544962881567",2,1860.19776519473,3720.39553038946,8.22158526698856
"1953","35162164B12647744596162",1,257.711792563975,257.711792563975,5.55184187743389
"1954","35162164B12761059225260",1,252.719658337444,252.719658337444,5.53228080455181
"1955","35162164B12787485199825",1,489.257140243635,489.257140243635,6.19288820043363
"1956","35162164B13018725482272",2,890.31416320546,1780.62832641092,7.48472157336467
"1957","35162164B1306870441904",2,864.090102518037,1728.18020503607,7.45482422924847
"1958","35162164B13080681802385",2,655.663971703321,1311.32794340664,7.17879560000807
"1959","35162164B13082338953427",1,13575.2954030449,13575.2954030449,9.51600690537899
"1960","35162164B130893387664",2,575.092959827527,1150.18591965505,7.04767887755549
"1961","35162164B13098404592902",1,1291.35518604243,1291.35518604243,7.16344747774916
"1962","35162164B13121035531136",2,324.033787579656,648.067575159312,6.47399497356848
"1963","35162164B13220887556117",1,1112.60619363049,1112.60619363049,7.01446046443362
"1964","35162164B13235352626667",1,461.583822325185,461.583822325185,6.13466366762389
"1965","35162164B13454318588319",1,1167.87352201563,1167.87352201563,7.0629398715793
"1966","35162164B13535955292285",1,1336.65339293963,1336.65339293963,7.19792430111409
"1967","35162164B13700806796370",1,285.170168550283,285.170168550283,5.65308608471831
"1968","35162164B13736079230506",1,9101.43541646243,9101.43541646243,9.11618741813839
"1969","35162164B13749762397036",2,1722.64982609998,3445.29965219996,8.14476616143573
"1970","35162164B13821553518661",1,1879.32834242904,1879.32834242904,7.53866972732437
"1971","35162164B14186353694037",2,1264.28086079303,2528.56172158606,7.83540593057847
"1972","35162164B14224251746015",1,350.844159630895,350.844159630895,5.8603421352177
"1973","35162164B14247469001779",2,428.187726175282,856.375452350564,6.75270889253844
"1974","35162164B1433837472990",2,2012.50521984393,4025.01043968786,8.30028278356057
"1975","35162164B14493742439580",1,862.989912235722,862.989912235722,6.76040300183286
"1976","35162164B14520492938636",1,13057.8609536912,13057.8609536912,9.47714560332805
"1977","35162164B14631898826694",2,336.387728880234,672.775457760468,6.51141163022954
"1978","35162164B14656063603224",1,8586.55491619145,8586.55491619145,9.0579528770468
"1979","35162164B14729572635571",1,NA,NA,NA
"1980","35162164B14734200252425",1,1265.78993548825,1265.78993548825,7.14345166120219
"1981","35162164B14875369166050",2,997.537055277132,1995.07411055426,7.59843647678149
"1982","35162164B15336588909365",1,169.592116444767,169.592116444767,5.13339623905081
"1983","35162164B15393502878039",1,NA,NA,NA
"1984","35162164B15608303769076",2,3277.68004936028,6555.36009872056,8.78803832965774
"1985","35162164B15658417820468",2,NA,NA,NA
"1986","35162164B15686644794557",2,261.078672755025,522.15734551005,6.25796897064246
"1987","35162164B15710553395599",1,5431.22019137323,5431.22019137323,8.59991910064388
"1988","35162164B15850560645002",2,607.028747847542,1214.05749569508,7.10172333103758
"1989","35162164B16069825451569",1,1039.161827687,1039.161827687,6.94616973227893
"1990","35162164B16447978201917",2,NA,NA,NA
"1991","35162164B16484391965954",2,2940.46418107057,5880.92836214114,8.67946991314807
"1992","35162164B16799942106005",1,5551.03268466187,5551.03268466187,8.62173925874018
"1993","35162164B1682453304038",2,1201.35733897144,2402.71467794288,7.78435449291607
"1994","35162164B16957839422128",1,570.221323861301,570.221323861301,6.34602457294049
"1995","35162164B17022445758631",1,697.848329352707,697.848329352707,6.54800178595982
"1996","35162164B17022796428589",1,NA,NA,NA
"1997","35162164B1707900630918",1,4588.26814955744,4588.26814955744,8.43125792239085
"1998","35162164B17354137205830",2,3710.8242546519,7421.6485093038,8.91215648255029
"1999","35162164B17395280980108",1,471.099046960562,471.099046960562,6.15506836269517
"2000","35162164B17395603055172",2,1106.0046327899,2212.0092655798,7.70165655141275
"2001","35162164B17645323328375",1,2185.5715530868,2185.5715530868,7.6896326536836
"2002","35162164B18081939382744",2,1173.79717814776,2347.59435629552,7.76114640464973
"2003","35162164B18107329513145",1,2798.8778845823,2798.8778845823,7.93697386033303
"2004","35162164B182364481574",1,5958.53611320928,5958.53611320928,8.69258011130116
"2005","35162164B18289340712836",2,25.2916585806161,50.5833171612322,3.9236218215594
"2006","35162164B18436063056106",1,NA,NA,NA
"2007","35162164B18462645016622",1,17450.3186700998,17450.3186700998,9.76711318936066
"2008","35162164B18672968966255",2,1743.01892145601,3486.03784291202,8.15652108170435
"2009","35162164B18988139724424",1,338.633792629466,338.633792629466,5.82491926575133
"2010","35162164B19002910433442",1,407.883546549037,407.883546549037,6.01098170853775
"2011","35162164B19134220719998",1,1017.01536114778,1017.01536114778,6.92462750030792
"2012","35162164B19135592413232",2,14090.0241809833,28180.0483619666,10.2463695016317
"2013","35162164B1914566735657",1,134.806370953701,134.806370953701,4.90383945962919
"2014","35162164B19220579289922",2,665.277795497298,1330.5555909946,7.19335187157767
"2015","35162164B19249083063273",2,14967.2962567659,29934.5925135318,10.306770030891
"2016","35162164B19382405183666",1,9746.40799786377,9746.40799786377,9.18465408563657
"2017","35162164B19425469833230",1,291.625394191399,291.625394191399,5.67547008204715
"2018","35162164B19854739890686",1,23471.997474293,23471.997474293,10.0635633927777
"2019","35162164B19864553701402",2,2033.39692593066,4066.79385186132,8.31061021661205
"2020","35162164B20234037216973",2,166.668077172279,333.336154344558,5.80915145331189
"2021","35162164B20237498885834",1,1184.87391438723,1184.87391438723,7.07739164654722
"2022","35162164B2046013509646",2,998.878769344509,1997.75753868902,7.59978059983725
"2023","35162164B20589291848800",1,516.744611489594,516.744611489594,6.24754877081442
"2024","35162164B20590940352842",1,NA,NA,NA
"2025","35162164B20665201677941",1,10802.4176919963,10802.4176919963,9.28752524842935
"2026","35162164B20700175666909",2,6350.57977675241,12701.1595535048,9.44944857170436
"2027","35162164B20735321288499",1,19352.7576605973,19352.7576605973,9.87059020306321
"2028","35162164B2079151775126",2,1097.8839793783,2195.7679587566,7.69428713163505
"2029","35162164B20802405808987",1,1421.61203879368,1421.61203879368,7.25954674528635
"2030","35162164B20853900805685",1,1727.43439214494,1727.43439214494,7.45439257642276
"2031","35162164B21011442617383",2,1416.05471530696,2832.10943061392,7.94877709482058
"2032","35162164B21667270736466",1,748.77824953302,748.77824953302,6.61844287764351
"2033","35162164B21733796859397",2,5412.39889010278,10824.7977802056,9.28959487188378
"2034","35162164B22116826076314",2,15632.5653289259,31265.1306578518,10.350258719038
"2035","35162164B22154659439015",1,NA,NA,NA
"2036","35162164B22388149113112",2,2976.68669224698,5953.37338449396,8.69171329325833
"2037","35162164B2242768806126",1,9375.71165709217,9375.71165709217,9.14587775804742
"2038","35162164B22512399474750",2,2618.63133383316,5237.26266766632,8.56355424915429
"2039","35162164B22514799027862",2,1191.4191637311,2382.8383274622,7.77604763067729
"2040","35162164B22597873563843",2,10096.4071685806,20192.8143371612,9.91308209422073
"2041","35162164B22602987441684",1,3478.60528276467,3478.60528276467,8.15438671161967
"2042","35162164B22687194999862",2,1757.70229583975,3515.4045916795,8.16490990193926
"2043","35162164B22901750711962",2,2202.97373889992,4405.94747779984,8.39071060668294
"2044","35162164B2290413152887",1,NA,NA,NA
"2045","35162164B23239115370775",2,566.230734627537,1132.46146925507,7.03214883404558
"2046","35162164B23239985864040",1,194.805099819079,194.805099819079,5.27199957063515
"2047","35162164B23385405996925",2,971.073386493858,1942.14677298772,7.57154922425888
"2048","35162164B23409895494057",2,1894.09800390576,3788.19600781152,8.23964519737369
"2049","35162164B23546425595788",2,2498.92500682966,4997.85001365932,8.51676310167277
"2050","35162164B23618117428445",1,910.688343652874,910.688343652874,6.81420073516483
"2051","35162164B23669787713896",1,15877.454842252,15877.454842252,9.67265544753843
"2052","35162164B23827394250317",2,1360.05020445001,2720.10040890002,7.90842407364547
"2053","35162164B23982900579398",2,1939.31578282897,3878.63156565794,8.26323768114442
"2054","35162164B2401593792892",2,137.043795270473,274.087590540946,5.61344772881048
"2055","35162164B241272526579",2,1746.53615166649,3493.07230333298,8.15853694408673
"2056","35162164B24217242873495",2,394.986081777334,789.972163554668,6.67199770883351
"2057","35162164B24828223630236",1,1046.11756198624,1046.11756198624,6.95284103026562
"2058","35162164B24977696654809",1,5969.66561539128,5969.66561539128,8.69444619399575
"2059","35162164B25229657984831",2,17090.3371830776,34180.6743661552,10.4394156863215
"2060","35162164B25602656335961",2,668.40792703738,1336.81585407476,7.19804583693165
"2061","35162164B25637967928692",1,1110.16955091481,1110.16955091481,7.01226803121341
"2062","35162164B25650133668867",1,131.540756687164,131.540756687164,4.87931674038185
"2063","35162164B25670326150951",2,1332.42898753013,2664.85797506026,7.88790604251953
"2064","35162164B25767436951669",2,1539.49757793808,3078.99515587616,8.03235857464498
"2065","35162164B25826046843734",2,8495.97462229596,16991.9492445919,9.74049493701931
"2066","35162164B25865282512198",1,1054.37763610132,1054.37763610132,6.96070595345248
"2067","35162164B26172432571373",1,5535.21445355493,5535.21445355493,8.61888558938854
"2068","35162164B26182668769136",1,667.994466518804,667.994466518804,6.50427988984785
"2069","35162164B26370017689795",1,1015.35508475874,1015.35508475874,6.92299366749785
"2070","35162164B26415064985128",1,1917.40041271126,1917.40041271126,7.55872559588813
"2071","35162164B26514463540699",2,NA,NA,NA
"2072","35162164B26726208247039",2,787.836317384243,1575.67263476849,7.3624375297857
"2073","35162164B26748692145835",1,193.75874820061,193.75874820061,5.26661381921728
"2074","35162164B26838097201620",2,10316.148984494,20632.297968988,9.93461298953658
"2075","35162164B26843037379141",2,1893.99547476875,3787.9909495375,8.23959106505747
"2076","35162164B26886781454226",2,700.740534026921,1401.48106805384,7.24528486216815
"2077","35162164B27091090727362",2,3622.25566119623,7244.51132239246,8.8879994021545
"2078","35162164B27165980360946",1,1021.61238657419,1021.61238657419,6.9291374293259
"2079","35162164B27338061419730",1,6514.80251704366,6514.80251704366,8.78183217705711
"2080","35162164B27449427829131",2,757.767979299024,1515.53595859805,7.32352442343382
"2081","35162164B27478954341503",2,846.845501767337,1693.69100353467,7.43466545215992
"2082","35162164B27536144892403",1,2337.86031825554,2337.86031825554,7.75699139613073
"2083","35162164B2754916840566",2,114.106264074843,228.212528149686,5.43027733578819
"2084","35162164B27662620318918",2,728.515264286693,1457.03052857339,7.28415575901165
"2085","35162164B2787680447386",1,2070.07877371874,2070.07877371874,7.63534194047193
"2086","35162164B27901886768337",1,2609.68132441402,2609.68132441402,7.86698339493652
"2087","35162164B28230343509230",1,NA,NA,NA
"2088","35162164B28347629707850",2,404.195251697063,808.390503394126,6.69504523805092
"2089","35162164B28437940927119",1,6086.72487095642,6086.72487095642,8.71386542802381
"2090","35162164B28497207695699",1,207.406962333292,207.406962333292,5.33468286482355
"2091","35162164B28686366216138",2,NA,NA,NA
"2092","35162164B28796349408819",1,1626.9836169802,1626.9836169802,7.39448303770319
"2093","35162164B28882572278634",2,262.248504628196,524.497009256392,6.26243972573505
"2094","35162164B29257726998169",1,1937.46036109392,1937.46036109392,7.56913330222798
"2095","35162164B29334565132125",2,1746.77117048332,3493.54234096664,8.15867149784654
"2096","35162164B2935679182415",1,3758.95913863701,3758.95913863701,8.23189737323029
"2097","35162164B2944080233928",1,10613.1049529772,10613.1049529772,9.26984483280905
"2098","35162164B29665566368909",1,2312.10209660468,2312.10209660468,7.74591238824836
"2099","35162164B29670244219059",1,0.749789494097233,0.749789494097233,-0.287962786385273
"2100","35162164B29739570351422",1,5489.67226345825,5489.67226345825,8.6106238357195
"2101","35162164B29744490152199",2,740.270436486006,1480.54087297201,7.30016275470667
"2102","35162164B29771918648995",1,734.339491496563,734.339491496563,6.59897144415885
"2103","35162164B29778711665887",1,19664.764439333,19664.764439333,9.88658370611799
"2104","35162164B29805961991353",2,1583.29880402072,3166.59760804144,8.06041298069581
"2105","35162164B29979050445990",1,9283.61061690545,9283.61061690545,9.13600582520773
"2106","35162164B30150096816100",1,16203.0866203119,16203.0866203119,9.69295703518956
"2107","35162164B30214649518021",1,1477.15767857735,1477.15767857735,7.29787503280991
"2108","35162164B30247748644856",2,552.208393646777,1104.41678729355,7.00707268031494
"2109","35162164B30305198666927",2,5780.4827121099,11560.9654242198,9.35538965294512
"2110","35162164B30310519653899",1,21113.1489866562,21113.1489866562,9.95765130009447
"2111","35162164B30603053665119",1,1680.11099267119,1680.11099267119,7.42661513728116
"2112","35162164B30621256255641",1,5584.3595538705,5584.3595538705,8.62772503238905
"2113","35162164B30744648886698",1,4564.22944421101,4564.22944421101,8.4260049823325
"2114","35162164B30898640235885",1,224.348983001888,224.348983001888,5.41320279932452
"2115","35162164B30968954703154",2,5398.31919023393,10796.6383804679,9.28699010359274
"2116","35162164B31027952362552",2,6045.01411537309,12090.0282307462,9.40013627865542
"2117","35162164B31029299854574",2,297.83637955362,595.67275910724,6.38969145437506
"2118","35162164B31036277734293",2,4195.56363004581,8391.12726009162,9.03493014801554
"2119","35162164B31209785534751",2,NA,NA,NA
"2120","35162164B31318535149924",2,165.912385357946,331.824770715892,5.80460703053302
"2121","35162164B31445567914923",1,11661.3522391601,11661.3522391601,9.36403542566391
"2122","35162164B31903053355242",1,6227.81660653687,6227.81660653687,8.73678108591417
"2123","35162164B31951026387591",2,1680.14680306582,3360.29360613164,8.11978363191687
"2124","35162164B32079497073653",2,638.010958526038,1276.02191705208,7.15150264013032
"2125","35162164B3217186539387",2,478.217523393214,956.435046786428,6.8632128793988
"2126","35162164B32207408635232",1,5702.32751020813,5702.32751020813,8.64862970560078
"2127","35162164B32476575049647",2,5956.84542162092,11913.6908432418,9.38544350882071
"2128","35162164B32503532025347",1,440.584849306434,440.584849306434,6.08810304727323
"2129","35162164B32511012519739",2,1549.43799457582,3098.87598915164,8.03879474057908
"2130","35162164B32586573829867",2,635.113385746766,1270.22677149353,7.14695072374378
"2131","35162164B32603147707699",2,3596.03657870606,7192.07315741212,8.88073474815369
"2132","35162164B32711720847006",1,NA,NA,NA
"2133","35162164B32881754588399",1,7819.21169096629,7819.21169096629,8.96433902167621
"2134","35162164B3291213961319",1,449.629644683525,449.629644683525,6.10842423208982
"2135","35162164B33008860234246",1,686.559706331745,686.559706331745,6.53169319350446
"2136","35162164B33097387261556",2,3141.42056846185,6282.8411369237,8.74557756749371
"2137","35162164B3312502369937",2,298.96469807338,597.92939614676,6.393472680336
"2138","35162164B33177484318806",2,77.809699195981,155.619398391962,5.04741327230265
"2139","35162164B3327858582551",1,455.112588923842,455.112588923842,6.12054483652497
"2140","35162164B33282887229490",2,586.088844984956,1172.17768996991,7.06661857124724
"2141","35162164B3332276953355",1,575.679893935278,575.679893935278,6.35555176651965
"2142","35162164B33418122090766",1,700.966236055143,700.966236055143,6.55245972047537
"2143","35162164B33499420983824",2,1065.60833380878,2131.21666761756,7.66444830108199
"2144","35162164B33687534617917",1,NA,NA,NA
"2145","35162164B34027282042904",1,742.66918882364,742.66918882364,6.6102507084554
"2146","35162164B34108970564975",2,5405.02279191797,10810.0455838359,9.28823112744545
"2147","35162164B3427671821915",2,876.250161562562,1752.50032312512,7.46879880328826
"2148","35162164B34336796208513",2,866.309842778087,1732.61968555617,7.45738981125007
"2149","35162164B34576871564652",2,308.411100572035,616.82220114407,6.4245808156741
"2150","35162164B34693817831811",1,NA,NA,NA
"2151","35162164B34736142106091",1,898.488453721285,898.488453721285,6.80071385552478
"2152","35162164B34799384969485",2,2336.72381118914,4673.44762237828,8.44965232719454
"2153","35162164B34840260601186",2,20825.4132293763,41650.8264587526,10.6370764903454
"2154","35162164B34996558503734",1,44.3645764978528,44.3645764978528,3.7924413243802
"2155","35162164B3499900463051",2,317.006140037239,634.012280074478,6.45206832345229
"2156","35162164B35015702019735",2,376.016214900494,752.032429800988,6.62277944775535
"2157","35162164B35054322137295",1,1480.21076975949,1480.21076975949,7.29993976861819
"2158","35162164B35115776141340",1,6722.66132876351,6722.66132876351,8.81323938618359
"2159","35162164B35138350065445",1,2579.35533359055,2579.35533359055,7.85529477599144
"2160","35162164B35235229853832",2,9850.14552210307,19700.2910442061,9.88838868843452
"2161","35162164B35335348273773",1,118.886977299362,118.886977299362,4.77817327120005
"2162","35162164B35433441802256",1,6437.78992658234,6437.78992658234,8.76994058109685
"2163","35162164B35435864807624",2,45.9661601603329,91.9323203206658,4.52105265763835
"2164","35162164B3547177020810",2,3195.09375349507,6390.18750699014,8.76251889075798
"2165","35162164B35604114195252",2,508.081468094021,1016.16293618804,6.92378898554431
"2166","35162164B35819168559936",2,694.130487778842,1388.26097555768,7.23580714612877
"2167","35162164B35846593220974",2,457.949110172674,915.898220345348,6.8199052453405
"2168","35162164B3595633868920",2,220.78516738078,441.57033476156,6.09033731598895
"2169","35162164B35966590555151",2,1940.1793354148,3880.3586708296,8.26368286928038
"2170","35162164B35990184487288",1,NA,NA,NA
"2171","35162164B36072688257457",1,12678.3040271127,12678.3040271127,9.44764746724065
"2172","35162164B36130278756514",1,1776.84463570376,1776.84463570376,7.48259439366482
"2173","35162164B36201030843686",1,288.977182441875,288.977182441875,5.66634773150712
"2174","35162164B36262795857615",2,484.890962825064,969.781925650128,6.87707122730447
"2175","35162164B36295319178856",2,2005.92439874043,4011.84879748086,8.29700746080455
"2176","35162164B3638695478709",2,2074.87324661708,4149.74649323416,8.33080252539125
"2177","35162164B3644248448752",1,6277.78669363403,6277.78669363403,8.74477276002219
"2178","35162164B36464745645155",1,1125.42153963785,1125.42153963785,7.02591294635561
"2179","35162164B36615656829014",1,4291.85173953164,4291.85173953164,8.36447355970839
"2180","35162164B36736631592146",2,347.923232379589,695.846464759178,6.54512903938903
"2181","35162164B36782193630345",2,619.715044862602,1239.4300897252,7.12240694788798
"2182","35162164B36860764345845",2,842.80317097418,1685.60634194836,7.42988062491074
"2183","35162164B36890645103450",2,1055.20604848581,2110.41209697162,7.65463851402188
"2184","35162164B37063972584076",1,617.964113515332,617.964113515332,6.42643038702622
"2185","35162164B37087641211860",2,NA,NA,NA
"2186","35162164B3709572728491",2,1051.45062895034,2102.90125790068,7.65107322162875
"2187","35162164B37105319510629",2,613.7999032588,1227.5998065176,7.11281616513527
"2188","35162164B37287460765736",2,3747.34254537563,7494.68509075126,8.92194939374357
"2189","35162164B37355742822958",2,1010.30893546866,2020.61787093732,7.61115862032615
"2190","35162164B37410879222528",1,4202.39809476033,4202.39809476033,8.34341061627022
"2191","35162164B37480487737261",2,3800.47513847728,7600.95027695456,8.93602855489941
"2192","35162164B37521844633919",1,7077.88053964233,7077.88053964233,8.86472978306339
"2193","35162164B37577453073889",1,25281.705239794,25281.705239794,10.1378363000916
"2194","35162164B37645034893203",2,1801.10707307591,3602.21414615182,8.18930397598198
"2195","35162164B37648994900725",2,297.439680689186,594.879361378372,6.38835863100233
"2196","35162164B37650855114133",1,459.817675940916,459.817675940916,6.1308300542629
"2197","35162164B37971320550046",1,3024.79965540625,3024.79965540625,8.0146001386539
"2198","35162164B38144883145872",1,892.666756240025,892.666756240025,6.79421333792657
"2199","35162164B38387632600591",1,1633.94619343233,1633.94619343233,7.39875334552179
"2200","35162164B38413956233352",2,5483.84295385222,10967.6859077044,9.30270858367897
"2201","35162164B38508894129969",2,1972.80471005526,3945.60942011052,8.28035870046477
"2202","35162164B38587864840285",2,2096.34316329127,4192.68632658254,8.34109693554405
"2203","35162164B38655040871087",1,4579.12375875139,4579.12375875139,8.42926293975449
"2204","35162164B38888452611030",2,1129.70696266204,2259.41392532408,7.72286073355793
"2205","35162164B38891145564470",1,2732.56881433842,2732.56881433842,7.912997403389
"2206","35162164B38966555912320",2,598.532131202757,1197.06426240551,7.08762739033707
"2207","35162164B38971200706697",2,1483.96201729766,2967.92403459532,7.99561800914682
"2208","35162164B39055849407196",2,3660.70858455989,7321.41716911978,8.89855919055561
"2209","35162164B39099588088418",2,576.268356760487,1152.53671352097,7.04972062991308
"2210","35162164B39157638140950",1,6916.4022923212,6916.4022923212,8.84165101346329
"2211","35162164B39169634152977",2,5734.22613082179,11468.4522616436,9.34735526306238
"2212","35162164B39311117722517",2,1082.89715171847,2165.79430343694,7.68054245695578
"2213","35162164B39353777100388",2,780.588492121451,1561.1769842429,7.35319529284761
"2214","35162164B3937621778129",2,2786.51573957314,5573.03147914628,8.62569443606359
"2215","35162164B39513571338002",1,6718.72912675986,6718.72912675986,8.81265429759044
"2216","35162164B39523888219750",2,2339.28858871402,4678.57717742804,8.45074932077057
"2217","35162164B39557523691136",2,163.669621443748,327.339242887496,5.79099707315118
"2218","35162164B39676460193401",1,665.012389340281,665.012389340281,6.4998056710692
"2219","35162164B39768025410051",1,5234.58757973959,5234.58757973959,8.56304333887163
"2220","35162164B39839791868318",2,434.067283172354,868.134566344708,6.76634673299543
"2221","35162164B39875970443562",1,13301.7288592783,13301.7288592783,9.49564929518137
"2222","35162164B39915546247391",1,1168.92917569555,1168.92917569555,7.06384337426078
"2223","35162164B39951318882667",1,1501.42010086824,1501.42010086824,7.31416667313256
"2224","35162164B4001885115008",1,7006.96127407461,7006.96127407461,8.85465940160695
"2225","35162164B40153831078788",1,580.177073061869,580.177073061869,6.36333335532893
"2226","35162164B40202387586398",2,971.601181929823,1943.20236385965,7.57209259416502
"2227","35162164B4025167017502",2,23.687949447155,47.37589889431,3.85811363724496
"2228","35162164B40364811374948",2,669.841262213647,1339.68252442729,7.20018794280531
"2229","35162164B40653151075906",2,3833.47069314687,7666.94138629374,8.94467303859603
"2230","35162164B40811293491230",1,412.247554695636,412.247554695636,6.02162402981662
"2231","35162164B41058885477695",2,1107.71367324168,2215.42734648336,7.70320059681967
"2232","35162164B41129284369230",1,388.131212107524,388.131212107524,5.96134345798967
"2233","35162164B41198917697525",2,4087.98484953148,8175.96969906296,9.00895460635332
"2234","35162164B41272201057348",1,1082.41624315085,1082.41624315085,6.98695108335046
"2235","35162164B41289654122948",2,7477.98824858224,14955.9764971645,9.61286626463044
"2236","35162164B41303054294604",2,3499.38349407008,6998.76698814016,8.85348926797077
"2237","35162164B41691661831409",2,1093.72749020493,2187.45498040986,7.69049403763593
"2238","35162164B41784667768364",2,7157.00231938448,14314.004638769,9.56899368237065
"2239","35162164B41788523288409",2,10479.8789290084,20959.7578580168,9.95035958579271
"2240","35162164B4192483471758",1,543.613971167482,543.613971167482,6.29823938313782
"2241","35162164B41932037702546",1,2824.93244414544,2824.93244414544,7.94623972971777
"2242","35162164B42075240589234",1,8912.38983779639,8912.38983779639,9.09519770423061
"2243","35162164B42122420865004",2,221.467540178198,442.935080356396,6.09342321383541
"2244","35162164B42240340469477",2,2189.31378178023,4378.62756356046,8.38449061261588
"2245","35162164B42411795193024",2,193.857683190081,387.715366380162,5.96027147860943
"2246","35162164B42502123725586",1,4109.65801570567,4109.65801570567,8.32109509617081
"2247","35162164B42587299910885",2,11559.5894590818,23119.1789181636,10.0484178082354
"2248","35162164B42794382244883",2,8092.31539580492,16184.6307916098,9.69181735433678
"2249","35162164B42948895051340",2,2002.51630391543,4005.03260783086,8.2953070012498
"2250","35162164B43001876870642",2,956.677598889902,1913.3551977798,7.55661362799126
"2251","35162164B43081801814917",2,2594.85713133717,5189.71426267434,8.55443391928293
"2252","35162164B43095609946318",2,831.302364808336,1662.60472961667,7.41614076580404
"2253","35162164B43104180618768",1,315.826686073273,315.826686073273,5.75519360133329
"2254","35162164B43329717977786",2,793.957843997616,1587.91568799523,7.37017754719559
"2255","35162164B43359933366516",2,1465.94540516736,2931.89081033472,7.98340282163598
"2256","35162164B4355148112138",1,1046.20232379293,1046.20232379293,6.9529220521087
"2257","35162164B4373871632357",1,6804.41857617187,6804.41857617187,8.8253274707552
"2258","35162164B4381355814899",2,2100.10881768382,4200.21763536764,8.34289162087363
"2259","35162164B43983765297672",1,5920.54797638702,5920.54797638702,8.6861842871732
"2260","35162164B44046782909904",1,448.459721619844,448.459721619844,6.10581887059829
"2261","35162164B44082529851006",1,471.282956459045,471.282956459045,6.15545867044754
"2262","35162164B44108052302901",2,6027.0592220439,12054.1184440878,9.39716166011781
"2263","35162164B44118594197771",1,619.586517607719,619.586517607719,6.42905234847336
"2264","35162164B44132025235652",2,12613.5610658247,25227.1221316494,10.1356749697962
"2265","35162164B44510857688037",2,359.89741693683,719.79483387366,6.57896621845004
"2266","35162164B44634444711623",2,1011.81889804596,2023.63779609192,7.61265205989305
"2267","35162164B44657175287617",1,532.446274026893,532.446274026893,6.27748199864724
"2268","35162164B44780300439373",2,75.8033167538047,151.606633507609,5.02128922889748
"2269","35162164B45098270678787",2,729.843530355196,1459.68706071039,7.28597734974867
"2270","35162164B45378325977411",1,3093.19130301058,3093.19130301058,8.03695862108298
"2271","35162164B45570204479435",2,1545.54230545844,3091.08461091688,8.03627731507254
"2272","35162164B45790961504178",2,805.535822571531,1611.07164514306,7.38465485465431
"2273","35162164B45791079749061",2,689.545165013574,1379.09033002715,7.22917937965609
"2274","35162164B45882638430456",1,1850.47991645338,1850.47991645338,7.52320029872942
"2275","35162164B46053571621586",2,3944.19140952101,7888.38281904202,8.97314642693065
"2276","35162164B46160238611369",2,1278.62432985371,2557.24865970742,7.84668721722218
"2277","35162164B4630365107743",1,2469.15421468024,2469.15421468024,7.81163094777543
"2278","35162164B464656830553",2,374.780541735835,749.56108347167,6.61948781318333
"2279","35162164B46618736388217",2,505.148440106988,1010.29688021398,6.91799950744909
"2280","35162164B4666434979378",1,6139.62527079773,6139.62527079773,8.72251898846403
"2281","35162164B46718052991793",2,700.284504978672,1400.56900995734,7.24463386871456
"2282","35162164B469584995552",2,831.274881235287,1662.54976247057,7.41610770439517
"2283","35162164B47227241958713",1,12702.838603391,12702.838603391,9.44958075954961
"2284","35162164B47289388802077",1,NA,NA,NA
"2285","35162164B4735329384018",2,32.738691883564,65.477383767128,4.18170479701822
"2286","35162164B47400970440910",1,1584.57014888895,1584.57014888895,7.36806845009101
"2287","35162164B47483648218814",1,827.76815256764,827.76815256764,6.71873310619915
"2288","35162164B47655084452397",1,14325.0547712169,14325.0547712169,9.56976536504627
"2289","35162164B47738675903000",1,NA,NA,NA
"2290","35162164B47850165060399",2,1620.16524931672,3240.33049863344,8.0834306093352
"2291","35162164B47977528408812",2,527.689105547536,1055.37821109507,6.96165447559555
"2292","35162164B47990147537025",2,6958.91450310341,13917.8290062068,9.54092595952726
"2293","35162164B48134009375448",1,2674.74109790611,2674.74109790611,7.89160786881656
"2294","35162164B48276520022709",1,8692.5187583462,8692.5187583462,9.07021802187177
"2295","35162164B48283661565489",2,1723.59161589305,3447.1832317861,8.1453127219901
"2296","35162164B4834326147555",2,499.367010400351,998.734020800702,6.9064884977542
"2297","35162164B48366708508024",2,33.4358608272076,66.8717216544152,4.2027761820245
"2298","35162164B48474720743291",2,497.746029856242,995.492059712484,6.90323714729211
"2299","35162164B48594737867341",1,18979.2793218769,18979.2793218769,9.85110310104666
"2300","35162164B48668524840804",1,NA,NA,NA
"2301","35162164B48798891823707",1,1885.53816018744,1885.53816018744,7.54196855525651
"2302","35162164B48833074214893",1,1043.82873883574,1043.82873883574,6.95065071172523
"2303","35162164B48871281697567",2,839.52517588301,1679.05035176602,7.42598364576785
"2304","35162164B48964158147247",1,NA,NA,NA
"2305","35162164B49055104405338",2,421.754552242614,843.509104485228,6.73757069562692
"2306","35162164B49086916119000",2,3215.8014120079,6431.6028240158,8.76897905895465
"2307","35162164B49139561829601",1,14913.4919988648,14913.4919988648,9.61002158549229
"2308","35162164B49212853106844",1,332.516629492164,332.516629492164,5.80668987235554
"2309","35162164B49319017371443",1,5392.49315636492,5392.49315636492,8.59276310916003
"2310","35162164B49407671778739",2,210.112583929539,420.225167859078,6.04079068156986
"2311","35162164B49669417208425",2,325.007657128017,650.015314256034,6.47699592300604
"2312","35162164B49699015358538",2,471.526627526365,943.05325505273,6.84912275511386
"2313","35162164B49792832455672",2,998.323044508204,1996.64608901641,7.59922409638648
"2314","35162164B49820869522821",2,258.132993638217,516.265987276434,6.24662211188569
"2315","35162164B49984893156433",2,1448.26049965268,2896.52099930536,7.97126564040004
"2316","35162164B50002705209243",1,428.225982566088,428.225982566088,6.05965105289035
"2317","35162164B50149511982959",2,438.234724606462,876.469449212924,6.77590184832077
"2318","35162164B50185526040521",1,12.0295727480948,12.0295727480948,2.4873680138193
"2319","35162164B50194612794123",2,7415.8184661389,14831.6369322778,9.60451780883004
"2320","35162164B50213628521675",2,4272.4884588915,8544.976917783,9.05309889429186
"2321","35162164B50505339448184",1,5884.26873102799,5884.26873102799,8.68003775216516
"2322","35162164B50611338864670",1,5863.71878254448,5863.71878254448,8.67653928582453
"2323","35162164B50635922990966",1,2044.13657049611,2044.13657049611,7.62273076440276
"2324","35162164B50812150666604",2,385.238175918795,770.47635183759,6.64700896231978
"2325","35162164B50966628744256",1,5909.39866165161,5909.39866165161,8.6842993559258
"2326","35162164B51027865452470",1,741.652388456203,741.652388456203,6.60888065422719
"2327","35162164B51145992961570",1,117.639494920969,117.639494920969,4.76762482024721
"2328","35162164B51236873924617",2,1897.86793768392,3795.73587536784,8.24163357758508
"2329","35162164B51283194093735",1,5165.49194259572,5165.49194259572,8.54975562243846
"2330","35162164B5152364964620",2,740.572542394549,1481.1450847891,7.3005707735406
"2331","35162164B51523673246105",2,916.279018266085,1832.55803653217,7.51346810394534
"2332","35162164B51703363318263",2,100.731520324312,201.463040648624,5.30560594346439
"2333","35162164B51705520873479",1,8281.61665427769,8281.61665427769,9.02179347642205
"2334","35162164B51772334527527",1,2773.15671675217,2773.15671675217,7.92774155925584
"2335","35162164B52032683058931",1,1381.98984146634,1381.98984146634,7.23127965369737
"2336","35162164B52048270525554",2,1144.26664758435,2288.5332951687,7.73566640889269
"2337","35162164B52095802244464",1,9231.52460545408,9231.52460545408,9.1303794932121
"2338","35162164B52339983377836",2,1060.43855234027,2120.87710468054,7.65958501072687
"2339","35162164B52508011667505",1,3130.44150425114,3130.44150425114,8.04892932925807
"2340","35162164B52602965230915",2,1103.82423000205,2207.6484600041,7.69968318276675
"2341","35162164B52706250089410",2,1927.59707486987,3855.19414973974,8.25717664782646
"2342","35162164B52838643588694",2,6567.77842001235,13135.5568400247,9.48307809482781
"2343","35162164B52848122873213",1,NA,NA,NA
"2344","35162164B52856134936661",1,9682.26736079264,9682.26736079264,9.17805138432955
"2345","35162164B52912630691789",2,482.154047125816,964.308094251632,6.87141084339549
"2346","35162164B52921582022619",1,1546.08215110474,1546.08215110474,7.34347936557825
"2347","35162164B53146220009550",2,1772.53131849885,3545.0626369977,8.17331110792091
"2348","35162164B53154080329110",1,NA,NA,NA
"2349","35162164B53369988821982",2,1049.19625692217,2098.39251384434,7.64892686099213
"2350","35162164B53623755674193",2,3866.71704996483,7733.43409992966,8.95330829906472
"2351","35162164B53729872192207",2,2084.07867460544,4168.15734921088,8.33522933445068
"2352","35162164B53813298320791",2,548.298223097999,1096.596446196,6.99996652221693
"2353","35162164B53957159908750",2,1573.06460859923,3146.12921719846,8.05392815626439
"2354","35162164B54094305142623",2,254.174403755233,508.348807510466,6.23116784091428
"2355","35162164B54144747776936",1,315.244683316723,315.244683316723,5.7533491097281
"2356","35162164B54306894687431",2,1353.0419305658,2706.0838611316,7.90325779906043
"2357","35162164B54504500114566",1,1278.17776223353,1278.17776223353,7.15319071934424
"2358","35162164B54573865984147",2,47.079124574814,94.158249149628,4.54497686836143
"2359","35162164B54684322655219",1,9790.22691319865,9790.22691319865,9.18913991331505
"2360","35162164B54710841907593",1,830.126691608213,830.126691608213,6.72157832963409
"2361","35162164B54859772673703",1,4428.4485384903,4428.4485384903,8.39580458465379
"2362","35162164B5486368161051",2,3577.5856204169,7155.1712408338,8.87559062473474
"2363","35162164B54904175819793",1,5420.59084400824,5420.59084400824,8.59796010030198
"2364","35162164B55045053102964",2,80.7049850468039,161.409970093608,5.08394752650302
"2365","35162164B55047607861786",1,17461.1468396901,17461.1468396901,9.76773351106755
"2366","35162164B55174178620740",2,771.95723880209,1543.91447760418,7.3420763388979
"2367","35162164B55209695103192",1,323.667658885747,323.667658885747,5.77971724517695
"2368","35162164B55355936251636",1,1367.648036355,1367.648036355,7.22084778171322
"2369","35162164B55494115928353",2,3674.40170316673,7348.80340633346,8.90229277709383
"2370","35162164B55508639359232",2,1049.33548705553,2098.67097411106,7.64905955389417
"2371","35162164B55527048225424",2,602.455065051045,1204.91013010209,7.09416026231533
"2372","35162164B55566355073112",2,115.482341258235,230.96468251647,5.44226480929391
"2373","35162164B55570147522340",2,2476.35678460403,4952.71356920806,8.50769090115792
"2374","35162164B55651843175504",2,943.355455696412,1886.71091139282,7.54259033352242
"2375","35162164B55653603648730",2,731.625875966612,1463.25175193322,7.28841646545968
"2376","35162164B55805795944357",2,379.307256763998,758.614513527996,6.63149376106229
"2377","35162164B55936134420227",1,5771.2965355835,5771.2965355835,8.66065203713433
"2378","35162164B55937002420663",1,1964.31799126989,1964.31799126989,7.58290038582362
"2379","35162164B56267554774687",1,668.484245489329,668.484245489329,6.50501282930742
"2380","35162164B56375608291865",2,3620.8728244817,7241.7456489634,8.88761756805228
"2381","35162164B56395579306206",2,1358.57014728716,2717.14029457432,7.90733524393217
"2382","35162164B56396362384048",2,57283.4802868397,114566.960573679,11.6489147395463
"2383","35162164B56440462518587",1,222.925474164993,222.925474164993,5.40683751903446
"2384","35162164B56488122937951",2,5305.92499637413,10611.8499927483,9.26972657953279
"2385","35162164B57006109689190",1,559.851322239145,559.851322239145,6.32767125247737
"2386","35162164B57140391494677",2,995.609891538546,1991.21978307709,7.59650268625769
"2387","35162164B57243276794912",1,24270.6246367231,24270.6246367231,10.0970220353785
"2388","35162164B57287087232463",1,1035.48850382186,1035.48850382186,6.94262857871883
"2389","35162164B5732093392977",2,1520.75788829128,3041.51577658256,8.0201112808532
"2390","35162164B57366882784799",2,591.133305824965,1182.26661164993,7.07518873230278
"2391","35162164B57515137909984",2,5902.46090009182,11804.9218001836,9.3762718252015
"2392","35162164B5760982623829",2,614.055927364573,1228.11185472915,7.11323319147191
"2393","35162164B5774991400225",1,3533.44836855924,3533.44836855924,8.17002954804148
"2394","35162164B57941425768227",1,1048.19162610085,1048.19162610085,6.95482169749896
"2395","35162164B57970494139144",2,1119.15003295127,2238.30006590254,7.7134719575887
"2396","35162164B58097277944417",1,1554.85659497429,1554.85659497429,7.34913859847915
"2397","35162164B5812724327715",2,65407.2548747613,130814.509749523,11.7815356426596
"2398","35162164B58227039352196",2,1926.07171978616,3852.14343957232,8.25638500991223
"2399","35162164B58259764346195",2,117.665666299164,235.331332598328,5.46099444708217
"2400","35162164B58310088088088",1,1702.22617399693,1702.22617399693,7.43969218749433
"2401","35162164B58341155442223",2,639.933630993076,1279.86726198615,7.15451164996296
"2402","35162164B586389844470",1,311.439190515503,311.439190515503,5.74120410413206
"2403","35162164B58929409429796",2,757.107584950455,1514.21516990091,7.3226525440452
"2404","35162164B59399831038543",2,583.78426631923,1167.56853263846,7.06267868815298
"2405","35162164B59555480017581",1,1255.63402162552,1255.63402162552,7.13539592051145
"2406","35162164B60113687786338",2,710.463260584675,1420.92652116935,7.2590644175197
"2407","35162164B60318395890345",1,30654.801577479,30654.801577479,10.3305445874138
"2408","35162164B60478226363731",2,2583.1471055308,5166.2942110616,8.54991092345912
"2409","35162164B60523300331136",2,298.702218675267,597.404437350534,6.39259433352566
"2410","35162164B60572790247888",2,3327.62128520252,6655.24257040504,8.80316017951206
"2411","35162164B60639371650725",2,222.354245847732,444.708491695464,6.09741899266931
"2412","35162164B60799927677467",1,1087.7451257689,1087.7451257689,6.99186214056928
"2413","35162164B60985093963323",2,1873.9324922674,3747.8649845348,8.22894161937296
"2414","35162164B61039198412665",2,470.275087659285,940.55017531857,6.84646499693907
"2415","35162164B61137004836092",2,5010.62262819595,10021.2452563919,9.21246264400212
"2416","35162164B61226104202809",1,28.5332601737976,28.5332601737976,3.35107043047388
"2417","35162164B6189191279068",1,1087.91806995289,1087.91806995289,6.99202112122832
"2418","35162164B61931844295180",2,481.081605680175,962.16321136035,6.86918409465409
"2419","35162164B62010559485680",2,403.573657887008,807.147315774016,6.69350619903772
"2420","35162164B62024364691699",1,NA,NA,NA
"2421","35162164B62151191241006",2,3720.197244296,7440.394488592,8.9146791490817
"2422","35162164B62328940615775",2,NA,NA,NA
"2423","35162164B62342793759497",1,3092.92112367576,3092.92112367576,8.03687127080017
"2424","35162164B62401168973782",1,12310.6304221527,12310.6304221527,9.41821843006482
"2425","35162164B62428051071911",2,17998.257766403,35996.515532806,10.4911774219983
"2426","35162164B62692741159025",2,536.721985077098,1073.4439701542,6.97862742234161
"2427","35162164B62789094619129",1,5630.72528581238,5630.72528581238,8.63599353802518
"2428","35162164B62900953125542",2,2865.10861733405,5730.2172346681,8.65350872079959
"2429","35162164B6296725203986",2,597.563352365639,1195.12670473128,7.08600748780876
"2430","35162164B63214843233933",2,1155.94823511745,2311.8964702349,7.74582344947948
"2431","35162164B6328683586484",2,579.463229555309,1158.92645911062,7.05524938930814
"2432","35162164B63355054805724",2,506.283669468686,1012.56733893737,6.92024430436163
"2433","35162164B63443536988454",2,715.208968915883,1430.41793783177,7.2657219447711
"2434","35162164B63456951667461",1,9450.06657906481,9450.06657906481,9.15377706586665
"2435","35162164B63728605531274",2,10876.6923733015,21753.384746603,9.98752464494268
"2436","35162164B63932580669884",2,6951.1225605359,13902.2451210718,9.53980562557748
"2437","35162164B6396716767482",1,11012.1730782839,11012.1730782839,9.30675658338235
"2438","35162164B63967587387605",2,2527.09948172148,5054.19896344296,8.52797465469264
"2439","35162164B64011842715923",2,552.047544111069,1104.09508822214,7.006781353764
"2440","35162164B64032004028006",1,6460.6046489563,6460.6046489563,8.77347819130619
"2441","35162164B64333696497287",1,1290.07238666141,1290.07238666141,7.16245360947242
"2442","35162164B64456112534270",1,18608.022821286,18608.022821286,9.83134810118106
"2443","35162164B64481090493590",1,1129.47030417083,1129.47030417083,7.02950404443436
"2444","35162164B64614498452260",2,465.791414669123,931.582829338246,6.83688510647305
"2445","35162164B64653334099040",2,694.246670778885,1388.49334155777,7.23597451131423
"2446","35162164B64679939862971",2,97.7500987555869,195.500197511174,5.27556138971224
"2447","35162164B64881067970982",2,2342.89549737786,4685.79099475572,8.45229001601493
"2448","35162164B65076936477061",1,5832.94300462651,5832.94300462651,8.67127695551209
"2449","35162164B65125805198712",2,447.362441264704,894.724882529408,6.7965162771978
"2450","35162164B65128475764544",2,271.78549776303,543.57099552606,6.29816032457325
"2451","35162164B65276003398937",1,5756.43206183066,5756.43206183066,8.65807312805166
"2452","35162164B65314498182346",1,1726.11422643915,1726.11422643915,7.45362804931404
"2453","35162164B65329015071825",2,4460.66662971303,8921.33325942606,9.09620068295027
"2454","35162164B65385180644380",1,437.192331942722,437.192331942722,6.08037321713376
"2455","35162164B65486523174635",1,NA,NA,NA
"2456","35162164B6558506114396",1,287.15144774463,287.15144774463,5.6600097690689
"2457","35162164B65691399727908",1,251.857059496701,251.857059496701,5.52886170235947
"2458","35162164B65765715361168",1,10051.9357385389,10051.9357385389,9.21552050574003
"2459","35162164B65820653235088",2,546.126380157635,1092.25276031527,6.99599759501102
"2460","35162164B65908868425620",1,243.632198620081,243.632198620081,5.49565970534432
"2461","35162164B65937431669133",1,10464.4937063147,10464.4937063147,9.25574325399784
"2462","35162164B65955038225271",1,4924.41109421956,4924.41109421956,8.5019599716788
"2463","35162164B66231377530280",2,1088.28172892305,2176.5634578461,7.685502516481
"2464","35162164B66239287050159",2,3441.92146660696,6883.84293321392,8.83693234086165
"2465","35162164B66386769962643",1,11421.6837563641,11421.6837563641,9.3432689116032
"2466","35162164B66396036790840",2,832.022329694822,1664.04465938964,7.41700645959651
"2467","35162164B66426333223872",2,907.085495275184,1814.17099055037,7.50338388783713
"2468","35162164B66483536565196",2,952.00984676379,1904.01969352758,7.5517225585371
"2469","35162164B67253441607804",2,2639.16695944864,5278.33391889728,8.5713657812419
"2470","35162164B67357398396511",2,15025.9016480257,30051.8032960514,10.3106779480148
"2471","35162164B67611771637099",2,1151.26042631669,2302.52085263338,7.74175982460675
"2472","35162164B67834793855572",1,1240.7430358634,1240.7430358634,7.12346570160747
"2473","35162164B67840176156165",1,479.617493310377,479.617493310377,6.17298889728045
"2474","35162164B67873210702282",1,362.856347757094,362.856347757094,5.89400701973426
"2475","35162164B67895796063130",2,791.224787828647,1582.44957565729,7.366729289787
"2476","35162164B67913939941732",1,2423.08513723649,2423.08513723649,7.79279685731706
"2477","35162164B68020695361946",1,16675.3345403317,16675.3345403317,9.72168593297129
"2478","35162164B6810731341858",1,2224.33514770871,2224.33514770871,7.70721333992917
"2479","35162164B68193657015740",2,1223.12692446264,2446.25384892528,7.80231309210722
"2480","35162164B68266542502187",2,3533.59813267918,7067.19626535836,8.86321911239498
"2481","35162164B68498720914772",2,993.207147638694,1986.41429527739,7.59408643074347
"2482","35162164B68519247506685",2,812.863853964478,1625.72770792896,7.39371081478624
"2483","35162164B68550082171779",2,1842.7475455526,3685.4950911052,8.21216014868033
"2484","35162164B68647324713377",2,12210.2666163856,24420.5332327712,10.1031795833301
"2485","35162164B68655707954868",1,5968.21932138061,5968.21932138061,8.69420389076944
"2486","35162164B688158722363",2,3586.84681232989,7173.69362465978,8.87817595083233
"2487","35162164B69010938957463",1,2495.79978044176,2495.79978044176,7.82236451010266
"2488","35162164B69017338902165",2,363.175772987813,726.351545975626,6.58803412073354
"2489","35162164B69149388198567",2,1973.66463872898,3947.32927745796,8.28079449692552
"2490","35162164B69315213162773",1,NA,NA,NA
"2491","35162164B69415913554299",1,9686.81647782439,9686.81647782439,9.17852111404453
"2492","35162164B69621988819609",1,2102.84731461018,2102.84731461018,7.65104756945789
"2493","35162164B69764209566342",1,437.442064685077,437.442064685077,6.08094427345193
"2494","35162164B69767329259242",1,5530.38684321035,5530.38684321035,8.618013045634
"2495","35162164B70002149136386",1,4784.32574262937,4784.32574262937,8.47310038332695
"2496","35162164B70010729273822",2,3905.60163809683,7811.20327619366,8.96331429962113
"2497","35162164B70039093596166",2,1881.43906567963,3762.87813135926,8.23293940403638
"2498","35162164B70126533167331",2,3363.19369296916,6726.38738593832,8.81379348593431
"2499","35162164B70690583888265",2,161.60470185595,323.2094037119,5.77830042186693
"2500","35162164B70983807913344",2,148.150078126967,296.300156253934,5.69137298192982
"2501","35162164B70989189372526",1,593.50913715487,593.50913715487,6.38605260930589
"2502","35162164B71008560556163",2,223.517772953436,447.035545906872,6.10263811249639
"2503","35162164B71180321026887",2,2494.5371516505,4989.074303301,8.51500566117587
"2504","35162164B71228624509443",1,3847.04255278485,3847.04255278485,8.2550599639817
"2505","35162164B7127592145054",2,476.494963470452,952.989926940904,6.85960433375669
"2506","35162164B71805351346614",1,844.35089830251,844.35089830251,6.73856816447586
"2507","35162164B7183290362481",2,330.030021170631,660.060042341262,6.49233080412699
"2508","35162164B7183991745981",1,2533.30089517231,2533.30089517231,7.83727843298709
"2509","35162164B71943949952285",2,1813.4535101173,3626.9070202346,8.19613550350755
"2510","35162164B71980128159858",2,381.74930091526,763.49860183052,6.63791129339377
"2511","35162164B7201362234672",1,1479.50398834294,1479.50398834294,7.29946216757366
"2512","35162164B72415884278967",1,713.708749981075,713.708749981075,6.5704749659286
"2513","35162164B72501764161352",1,5988.78786355418,5988.78786355418,8.6976443106243
"2514","35162164B72512269852971",1,18040.9987867582,18040.9987867582,9.80040215720366
"2515","35162164B72590752021291",2,642.999765720345,1285.99953144069,7.15929154044345
"2516","35162164B72617590649552",1,1114.6514568661,1114.6514568661,7.01629704028738
"2517","35162164B72746887370475",2,276.256460750002,552.512921500004,6.31447682044875
"2518","35162164B72879195732120",2,2313.42831148697,4626.85662297394,8.43963300138862
"2519","35162164B72910549593944",2,338.353879297923,676.707758595846,6.51723950851285
"2520","35162164B72966387621417",2,1329.89191423075,2659.7838284615,7.88600013097769
"2521","35162164B72968127914093",2,3957.09352371159,7914.18704742318,8.97641225667026
"2522","35162164B73119791157228",1,6954.98550756836,6954.98550756836,8.8472140206125
"2523","35162164B73190179505267",1,6727.57929935455,6727.57929935455,8.81397066987526
"2524","35162164B7327807293180",2,999.227854448363,1998.45570889673,7.60013001573253
"2525","35162164B73697792957212",1,751.982215518817,751.982215518817,6.62271267409414
"2526","35162164B73749532735960",2,NA,NA,NA
"2527","35162164B73997840305006",1,5643.4194200061,5643.4194200061,8.63824544092147
"2528","35162164B74015662320963",1,6344.62895982361,6344.62895982361,8.75536390086944
"2529","35162164B74045295228727",2,74.2991154060811,148.598230812162,5.00124622650728
"2530","35162164B74485762582225",2,11.0837843447924,22.1675686895848,3.098630350929
"2531","35162164B74535275196744",1,4234.8874243044,4234.8874243044,8.35111202451428
"2532","35162164B74561990131004",2,2302.00154926924,4604.00309853848,8.43468144285164
"2533","35162164B74733900924427",1,3484.57940041347,3484.57940041347,8.15610262736411
"2534","35162164B7477347872499",1,1599.77696082866,1599.77696082866,7.37761949902877
"2535","35162164B74806153768774",1,799.27926762408,799.27926762408,6.68371040612978
"2536","35162164B74837009973467",1,219.911106559962,219.911106559962,5.3932234036066
"2537","35162164B74947223762643",1,NA,NA,NA
"2538","35162164B75012255495996",1,474.575209929451,474.575209929451,6.16242010902904
"2539","35162164B75101619915753",1,NA,NA,NA
"2540","35162164B75354004802205",2,956.486635872304,1912.97327174461,7.55641399743706
"2541","35162164B75418708729676",2,2568.25589380311,5136.51178760622,8.54412948752494
"2542","35162164B75494899713606",1,669.070703582324,669.070703582324,6.50588974001824
"2543","35162164B75734537804589",2,666.810256195903,1333.62051239181,7.19565271253591
"2544","35162164B7581344953903",2,522.400012460426,1044.80002492085,6.95158078237444
"2545","35162164B76001906737626",2,22.0792463168353,44.1584926336706,3.78778526718496
"2546","35162164B76097011770940",2,NA,NA,NA
"2547","35162164B76141633592259",1,55.8534465521425,55.8534465521425,4.02273123448212
"2548","35162164B76299075946348",1,5701.16652325991,5701.16652325991,8.64842608608752
"2549","35162164B76427572399995",2,688.849144458767,1377.69828891753,7.22816947906498
"2550","35162164B76764344209894",2,439.869908340119,879.739816680238,6.779626200892
"2551","35162164B76905261736533",2,4481.50360530719,8963.00721061438,9.10086107584375
"2552","35162164B76933711191894",1,791.37496406284,791.37496406284,6.67377189345325
"2553","35162164B771777787969",2,190.961181096911,381.922362193822,5.94521734762015
"2554","35162164B77351699219617",1,289.709718161941,289.709718161941,5.66887944981826
"2555","35162164B77417429769300",1,20505.9817045055,20505.9817045055,9.92847191302763
"2556","35162164B77455172963326",1,1187.67463419412,1187.67463419412,7.07975258547048
"2557","35162164B77471538431519",1,341.21175770691,341.21175770691,5.83250327489165
"2558","35162164B77716442881052",1,1611.83699434398,1611.83699434398,7.38512979781958
"2559","35162164B77771311357485",1,2404.62035115528,2404.62035115528,7.78514731193146
"2560","35162164B77793812605243",1,11416.1753682404,11416.1753682404,9.3427865206575
"2561","35162164B77975290003350",2,1094.99285096964,2189.98570193928,7.69165029399438
"2562","35162164B78196937555517",2,1515.25256743349,3030.50513486698,8.01648459578587
"2563","35162164B78200354698048",1,219.78621300599,219.78621300599,5.39265531482474
"2564","35162164B78220788438035",2,1669.62795149349,3339.25590298698,8.11350327761398
"2565","35162164B78312843571031",2,5760.63296259599,11521.265925192,9.35194981755207
"2566","35162164B78675605051517",1,2060.50181238428,2060.50181238428,7.63070483036319
"2567","35162164B78704123867302",2,532.740095930994,1065.48019186199,6.97118086090316
"2568","35162164B78781462284724",1,278.479396464817,278.479396464817,5.62934407625298
"2569","35162164B7887157811958",1,87.248392752707,87.248392752707,4.46875913974045
"2570","35162164B78894493117330",1,1499.53226655027,1499.53226655027,7.3129085161638
"2571","35162164B79148347758299",2,268.364373831823,536.728747663646,6.28549284149647
"2572","35162164B79316798311168",1,154.773202412397,154.773202412397,5.04196083513916
"2573","35162164B79413675859532",1,5942.17391743469,5942.17391743469,8.68983032476869
"2574","35162164B79454937987859",1,55.5180292974412,55.5180292974412,4.01670782020548
"2575","35162164B7950150342067",2,253.624901359618,507.249802719236,6.22900358978369
"2576","35162164B79658494056814",2,431.251506051719,862.503012103438,6.75983864119326
"2577","35162164B7967123658868",1,2174.22254575328,2174.22254575328,7.68442642939385
"2578","35162164B7972342313960",2,198.665907108359,397.331814216718,5.9847717356698
"2579","35162164B79794886867745",2,272.014953374147,544.029906748294,6.29900422098508
"2580","35162164B79839429868607",1,325.477656310841,325.477656310841,5.78529381508618
"2581","35162164B79856958417190",2,7373.76487412996,14747.5297482599,9.59883087304827
"2582","35162164B79871706950018",2,5925.76405358584,11851.5281071717,9.3802120924411
"2583","35162164B79898656875181",2,5319.91660608155,10639.8332121631,9.27236008722419
"2584","35162164B80036140892395",2,2473.54509308996,4947.09018617992,8.5065548415406
"2585","35162164B80475473742606",2,554.679767354835,1109.35953470967,7.01153813202321
"2586","35162164B80562151711640",2,651.65544233577,1303.31088467154,7.17266314012578
"2587","35162164B80588060868180",1,1651.02391927539,1651.02391927539,7.40915093156527
"2588","35162164B8108508636873",2,455.200830234658,910.401660469316,6.81388588726025
"2589","35162164B81186004485323",1,8429.69029428826,8429.69029428826,9.03951531180243
"2590","35162164B81256238253343",1,434.705775731579,434.705775731579,6.07466942461359
"2591","35162164B81260181661363",1,21591.1182140648,21591.1182140648,9.98003731531561
"2592","35162164B8126032291410",2,NA,NA,NA
"2593","35162164B81331151620228",1,1664.56723372807,1664.56723372807,7.41732044894673
"2594","35162164B81334638416928",2,4756.7269394298,9513.4538788596,9.16046227350104
"2595","35162164B81478119519036",1,1872.54750283937,1872.54750283937,7.53505508374216
"2596","35162164B81504679646753",1,770.632961282387,770.632961282387,6.64721220480752
"2597","35162164B81544331747727",2,3213.66300148872,6427.32600297744,8.76831386805833
"2598","35162164B81808601681355",2,1257.73117311941,2515.46234623882,7.8302119011208
"2599","35162164B81949872862729",2,360.837627002083,721.675254004166,6.58157525101062
"2600","35162164B82075264350235",2,3537.16612921022,7074.33225842044,8.86422833762205
"2601","35162164B82157921225742",1,7561.25708839339,7561.25708839339,8.93079273688385
"2602","35162164B82209603617868",1,5953.54946139526,5953.54946139526,8.69174286880923
"2603","35162164B82314120989703",2,335.740851131238,671.481702262476,6.50948676654136
"2604","35162164B82503842404748",2,103.269092897892,206.538185795784,5.33048531441357
"2605","35162164B82842507514093",2,1915.21209554659,3830.42419109318,8.25073083089644
"2606","35162164B8288674907050",1,5219.08836830139,5219.08836830139,8.56007802353712
"2607","35162164B8322659721088",1,1164.41465769745,1164.41465769745,7.05997379998998
"2608","35162164B83428714797918",1,5727.89226788934,5727.89226788934,8.6531029004834
"2609","35162164B83508075470533",1,1459.37275759569,1459.37275759569,7.28576200430495
"2610","35162164B83544121757555",2,1065.01317628519,2130.02635257038,7.66388963072571
"2611","35162164B83694508708576",1,9208.08278582764,9208.08278582764,9.12783694100288
"2612","35162164B83697985197757",1,395.519659192711,395.519659192711,5.98020049315999
"2613","35162164B83752279361185",1,407.149215538606,407.149215538606,6.0091797411978
"2614","35162164B83790317969803",1,4060.22209411164,4060.22209411164,8.30899295408279
"2615","35162164B83791662867727",1,2104.96132064018,2104.96132064018,7.65205237095487
"2616","35162164B83840665506835",2,524.676888000168,1049.35377600034,6.95592980225534
"2617","35162164B84210175764285",1,1998.122974176,1998.122974176,7.5999635059511
"2618","35162164B84260366908441",2,1073.85220176683,2147.70440353366,7.67215483141673
"2619","35162164B84273758465737",2,157.640720036268,315.281440072536,5.75346570047507
"2620","35162164B8427556516221",2,966.489444627717,1932.97888925543,7.56681755791509
"2621","35162164B84385181551937",2,5548.87587307626,11097.7517461525,9.31449782139367
"2622","35162164B84386014824349",1,5664.14415219879,5664.14415219879,8.64191108564976
"2623","35162164B84406525891877",2,84.4604074855447,168.920814971089,5.12943005465208
"2624","35162164B84535321325965",1,1491.60123315545,1491.60123315545,7.30760547503766
"2625","35162164B84540905905219",1,2327.92804784495,2327.92804784495,7.75273390109059
"2626","35162164B84564227894690",2,9668.69923433158,19337.3984686632,9.86979624437824
"2627","35162164B84883073198144",1,562.370076849088,562.370076849088,6.33216013290935
"2628","35162164B84932287518076",1,1768.98591260035,1768.98591260035,7.47816173064608
"2629","35162164B84999792785249",1,1793.83270688724,1793.83270688724,7.49210978681417
"2630","35162164B85043288699007",2,5662.93424882427,11325.8684976485,9.33484463594491
"2631","35162164B85447112983414",2,12735.7349284444,25471.4698568888,10.1453142756483
"2632","35162164B85670822748309",1,1736.45360619463,1736.45360619463,7.45960015497991
"2633","35162164B85716408466784",2,3317.11492859545,6634.2298571909,8.79999786726233
"2634","35162164B85999917170291",1,4398.68536912365,4398.68536912365,8.38906099551817
"2635","35162164B86064916766341",1,23387.9537799802,23387.9537799802,10.0599763730656
"2636","35162164B86146780861409",1,9083.30397061324,9083.30397061324,9.11419327882502
"2637","35162164B86222512228272",2,951.995420302555,1903.99084060511,7.55170740473318
"2638","35162164B86319358416590",1,493.334974038541,493.334974038541,6.20118840383832
"2639","35162164B86369616224577",1,NA,NA,NA
"2640","35162164B86395405111301",1,1866.12832444631,1866.12832444631,7.53162114884249
"2641","35162164B86529685983259",2,0,0,0
"2642","35162164B86683666691782",2,678.382807354741,1356.76561470948,7.21285892178422
"2643","35162164B86825253629714",1,186.769786720425,186.769786720425,5.22987677138786
"2644","35162164B86902015023409",2,373.545565043092,747.091130086184,6.61618717245268
"2645","35162164B86995698526112",2,13013.3214152983,26026.6428305966,10.1668760165858
"2646","35162164B87237067995855",1,2183.01459579743,2183.01459579743,7.68846204264643
"2647","35162164B87426615399239",2,529.397253351472,1058.79450670294,6.96488628211031
"2648","35162164B87465584551900",1,1706.1076542941,1706.1076542941,7.44196982939838
"2649","35162164B87505352772757",2,667.308908856586,1334.61781771317,7.1964002509822
"2650","35162164B8753161454074",1,1732.29404193319,1732.29404193319,7.45720184488233
"2651","35162164B87941103289150",1,5658.52937234497,5658.52937234497,8.64091930922843
"2652","35162164B88081723771743",1,NA,NA,NA
"2653","35162164B88130973565417",2,1312.44004006458,2624.88008012916,7.87279049022187
"2654","35162164B88170081075241",1,646.638143045679,646.638143045679,6.4717868537242
"2655","35162164B88247729447591",1,427.250414838634,427.250414838634,6.05737029294581
"2656","35162164B88315297420476",1,318.556723769695,318.556723769695,5.76380055576305
"2657","35162164B88427883385320",1,4550.24464129662,4550.24464129662,8.42293627781752
"2658","35162164B88480680408023",2,3483.78967126009,6967.57934252018,8.84902314680762
"2659","35162164B88569778097944",2,1771.25766749015,3542.5153349803,8.1725923004137
"2660","35162164B88656538124428",2,600.089771107323,1200.17954221465,7.09022644309656
"2661","35162164B8865729404977",2,221.491265668333,442.982531336666,6.09353033661904
"2662","35162164B88924439668944",1,309.852097211361,309.852097211361,5.73609507785822
"2663","35162164B89182870898706",2,2626.69098820796,5253.38197641592,8.56662733417093
"2664","35162164B8946338387222",1,NA,NA,NA
"2665","35162164B89480386947841",2,5557.04428269303,11114.0885653861,9.31596882262097
"2666","35162164B89618160361249",1,38481.1115482923,38481.1115482923,10.5579227907526
"2667","35162164B89833620700240",1,5436.76956323242,5436.76956323242,8.60094033317479
"2668","35162164B89901853898241",2,892.944442460254,1785.88888492051,7.48767154501085
"2669","35162164B89920990843468",2,983.944803327248,1967.8896066545,7.58471698185924
"2670","35162164B90104213269537",1,7470.23807388127,7470.23807388127,8.91868214828584
"2671","35162164B90129304114534",1,1301.43708046865,1301.43708046865,7.17122437940789
"2672","35162164B90275404298477",2,919.337210388511,1838.67442077702,7.51680016748258
"2673","35162164B90437908780159",2,419.974952082232,839.949904164464,6.7333422521595
"2674","35162164B90496375174706",2,845.936695751652,1691.8733915033,7.43359170964971
"2675","35162164B90501646319876",2,202.870545109861,405.741090219722,6.00571524736056
"2676","35162164B90631715404715",1,5864.95257078934,5864.95257078934,8.67674967423294
"2677","35162164B90727917616152",1,1436.70910406375,1436.70910406375,7.2701104327849
"2678","35162164B90801381088985",2,3128.33314811187,6256.66629622374,8.74140278170473
"2679","35162164B90853337499161",2,1095.31067189431,2190.62134378862,7.69194050119497
"2680","35162164B90999728098455",2,1859.69483862536,3719.38967725072,8.22131486855183
"2681","35162164B91014165776113",1,10927.7786838188,10927.7786838188,9.29906332939272
"2682","35162164B91042411005085",2,992.880094114974,1985.76018822995,7.59375708617108
"2683","35162164B91305720017158",1,5593.66728833008,5593.66728833008,8.62939039547006
"2684","35162164B91625858594399",1,87.0552466535568,87.0552466535568,4.46654293612173
"2685","35162164B91682450620726",1,397.839347769692,397.839347769692,5.98604827497645
"2686","35162164B91850627235480",2,10170.0350099006,20340.0700198012,9.92034811206473
"2687","35162164B91948341108244",1,1040.04429864261,1040.04429864261,6.94701858607695
"2688","35162164B92047869357109",2,596.684439940203,1193.36887988041,7.08453557789227
"2689","35162164B92062232277676",1,NA,NA,NA
"2690","35162164B92137147076245",2,NA,NA,NA
"2691","35162164B92247679350017",2,2115.7615909377,4231.5231818754,8.35031729750125
"2692","35162164B92549367267608",2,1352.45901240826,2704.91802481652,7.90282688576279
"2693","35162164B92781238126857",1,6182.91648587036,6182.91648587036,8.72954536241096
"2694","35162164B93120993003597",2,10957.3466593343,21914.6933186686,9.99491261862625
"2695","35162164B93275351105411",2,223.33493628563,446.66987257126,6.10181978164943
"2696","35162164B93405453104311",1,1153.18457705872,1153.18457705872,7.05028259163624
"2697","35162164B93697216068198",1,783.019121679001,783.019121679001,6.66315711673859
"2698","35162164B9444925606644",2,1202.02374207966,2404.04748415932,7.78490904760617
"2699","35162164B94591120431982",2,1336.59787828378,2673.19575656756,7.89102994823762
"2700","35162164B94618775040480",1,14568.1753911921,14568.1753911921,9.58659466081823
"2701","35162164B9477131027693",1,81.2504027310461,81.2504027310461,4.39753577788736
"2702","35162164B94814409618708",1,6176.00565362069,6176.00565362069,8.72842700712205
"2703","35162164B94878294408370",1,312.948401134998,312.948401134998,5.74603832434663
"2704","35162164B94885023749257",2,2911.73159875675,5823.4631975135,8.66965041487193
"2705","35162164B94979885438142",1,452.938756815344,452.938756815344,6.1157569216753
"2706","35162164B95023156542012",2,191.609155566245,383.21831113249,5.94860482974756
"2707","35162164B95086429513149",1,7851.65951814069,7851.65951814069,8.96848019201867
"2708","35162164B95182825999511",2,710.439084643424,1420.87816928685,7.2590303885221
"2709","35162164B95235010398339",1,7351.09146922576,7351.09146922576,8.90260408039635
"2710","35162164B95277716885398",1,2152.38910061757,2152.38910061757,7.67433371377489
"2711","35162164B95336658593472",2,1272.58165353706,2545.16330707412,7.84195009473504
"2712","35162164B95338494684554",2,2123.85547624397,4247.71095248794,8.35413551740709
"2713","35162164B9540250970382",1,NA,NA,NA
"2714","35162164B95735814838892",1,4649.40817715843,4649.40817715843,8.44449521675204
"2715","35162164B95781779373245",2,576.582682029784,1153.16536405957,7.05026593067876
"2716","35162164B95822393911903",2,694.440047939584,1388.88009587917,7.23625301496713
"2717","35162164B95972022762023",2,14270.167511926,28540.335023852,10.2590736297094
"2718","35162164B95996470591729",1,8575.64083988644,8575.64083988644,9.05668100275618
"2719","35162164B96084595050032",1,5332.44586878847,5332.44586878847,8.5815652991057
"2720","35162164B96250965166702",2,915.589049951818,1831.17809990364,7.51271480914331
"2721","35162164B96295666653816",1,779.063556395918,779.063556395918,6.65809262970049
"2722","35162164B96310726996388",1,11146.8917945156,11146.8917945156,9.31891597520297
"2723","35162164B96342745207455",2,105.6444514388,211.2889028776,5.35322640491633
"2724","35162164B96460942686930",1,303.482672848158,303.482672848158,5.71532451775994
"2725","35162164B96583511443133",2,1189.82442485662,2379.64884971324,7.77470821364281
"2726","35162164B96611236567141",1,8468.78620294355,8468.78620294355,9.0441424719393
"2727","35162164B96640931331626",2,1839.27727378012,3678.55454756024,8.21027516801329
"2728","35162164B96692196397264",2,2075.69013153175,4151.3802630635,8.33119615143706
"2729","35162164B96711316915897",1,7388.6432297536,7388.6432297536,8.90769940165401
"2730","35162164B96714679751706",1,NA,NA,NA
"2731","35162164B96715375867031",2,602.736788343206,1205.47357668641,7.09462777841494
"2732","35162164B96970037909745",2,8373.86945618759,16747.7389123752,9.72601853783524
"2733","35162164B97038798352871",2,644.198620638281,1288.39724127656,7.1611542762537
"2734","35162164B97331945744119",2,751.964898624748,1503.9297972495,7.31583682605966
"2735","35162164B97452353995756",2,2077.99548900026,4155.99097800052,8.33230618137954
"2736","35162164B97490588079311",2,120.26280621177,240.52561242354,5.48282658043904
"2737","35162164B97516507779443",2,1825.02920530167,3650.05841060334,8.20249844935352
"2738","35162164B97541519725805",1,2651.85497686328,2651.85497686328,7.88301466536981
"2739","35162164B97593710454644",1,9634.59083087283,9634.59083087283,9.17311511299009
"2740","35162164B97601190647681",2,1061.95000213176,2123.90000426352,7.6610093022816
"2741","35162164B97773298225598",1,292.760936420441,292.760936420441,5.67935635932212
"2742","35162164B9815447309573",1,25707.2229256985,25707.2229256985,10.1545272790894
"2743","35162164B9855276322248",1,20717.8736817055,20717.8736817055,9.93875206956816
"2744","35162164B9857986666330",2,768.761919782042,1537.52383956408,7.337928504968
"2745","35162164B98657786354217",2,1058.17119970405,2116.3423994081,7.65744459435272
"2746","35162164B9883700660134",2,2736.59584994552,5473.19169989104,8.60761721700429
"2747","35162164B98907208586584",1,NA,NA,NA
"2748","35162164B98980028218745",1,1877.25762252097,1877.25762252097,7.5375672794437
"2749","35162164B99106227267700",1,23970.5287163869,23970.5287163869,10.0845803846064
"2750","35162164B99205050964205",2,226.602381612644,453.204763225288,6.11634403930446
"2751","35162164B99322895276990",1,155.487811208054,155.487811208054,5.04656734403294
"2752","35162164B99467656280123",1,307.170658617109,307.170658617109,5.72740348439783
"2753","35162164B99492645825608",2,418.412596669905,836.82519333981,6.72961519962109
"2754","35162164B99808802322822",2,296.039831996769,592.079663993538,6.38364119338726
"2755","50627088B16692163202625",1,14966.6455427005,14966.6455427005,9.61357937366038
"2756","50627088B28272611145429",1,45728.4709723682,45728.4709723682,10.7304763801073
"2757","50627088B85761395013038",1,720994.981138152,720994.981138152,13.4883874552694
"2758","50627088B90299742739886",1,70563.3895485631,70563.3895485631,11.1642667273467
"2759","51752279B16736708134398",1,2431.78647469739,2431.78647469739,7.79638144099859
"2760","51752279B19829880804306",1,963.481497694932,963.481497694932,6.87055328444734
"2761","51752279B21947974506929",1,1369.77565353771,1369.77565353771,7.22240224887079
"2762","51752279B25088829088610",1,3231.76587297638,3231.76587297638,8.0807839767251
"2763","51752279B69229599413395",1,1354.95709716696,1354.95709716696,7.21152507020512
"2764","51752279B71733643384678",1,954.127881935716,954.127881935716,6.86079771061528
"2765","51752279B84788888144500",1,2126.95654198371,2126.95654198371,7.66244738339006
"2766","51752279B92784884007303",1,1022.38696081683,1022.38696081683,6.92989533003728
"2767","51752279B95977436708349",1,1429.07391225067,1429.07391225067,7.26478189965083
"2768","52423323B10065184809144",1,1454.24562090039,1454.24562090039,7.2822425715437
"2769","52423323B10934602069357",1,134783.565901897,134783.565901897,11.8114255553538
"2770","52423323B11153152222342",1,40628.1659981221,40628.1659981221,10.6122168488569
"2771","52423323B11408712561371",1,45862.443934764,45862.443934764,10.7334018461992
"2772","52423323B1142335795557",1,11601.0107768297,11601.0107768297,9.35884750923194
"2773","52423323B11454809492263",2,139362.961215328,278725.922430656,12.5379842210954
"2774","52423323B11777472364014",1,208875.537414932,208875.537414932,12.2494938387965
"2775","52423323B12098340912267",1,346676.946958847,346676.946958847,12.7561486366987
"2776","52423323B1226588316364",1,25008.6851119373,25008.6851119373,10.1269784479969
"2777","52423323B12485828442436",1,17965.176601286,17965.176601286,9.79619052979632
"2778","52423323B12833551098527",3,88002.8342033871,264008.502610161,12.4837365884665
"2779","52423323B12905112958239",1,24823.1173798655,24823.1173798655,10.1195306503827
"2780","52423323B12945765623889",2,2316460.35937197,4632920.71874394,15.3486980519588
"2781","52423323B13112190165396",1,29175.0557219707,29175.0557219707,10.2810693670748
"2782","52423323B13440849980241",1,21202.6053366078,21202.6053366078,9.96187934634557
"2783","52423323B13528942112308",3,37102.829277703,111308.487833109,11.6200607952105
"2784","52423323B13549110095678",1,12342.6092737249,12342.6092737249,9.42081272354531
"2785","52423323B13826815912541",3,15439.0926455823,46317.2779367469,10.7432703440422
"2786","52423323B13977400518801",1,102592.75505043,102592.75505043,11.538522595682
"2787","52423323B1474651347139",3,389084.345340269,1167253.03602081,13.9701637138328
"2788","52423323B15178674781049",1,8713.9577319086,8713.9577319086,9.07268135606987
"2789","52423323B15399017802977",3,40968.9985414553,122906.995624366,11.7191832152065
"2790","52423323B15402942481985",1,34250.7165037155,34250.7165037155,10.4414627632881
"2791","52423323B15524353330478",2,14715.9955114783,29431.9910229566,10.2898374917749
"2792","52423323B15729403870987",1,148957.089146152,148957.089146152,11.9114135511421
"2793","52423323B15729416108881",1,430374.132325283,430374.132325283,12.9724101845488
"2794","52423323B16296289860077",1,55413.4742532278,55413.4742532278,10.9225780607301
"2795","52423323B16848468403028",1,45340.3039170821,45340.3039170821,10.7219516271066
"2796","52423323B17082300411624",1,33250.5785569668,33250.5785569668,10.4118274461421
"2797","52423323B17101546722120",3,285186.484095866,855559.452287598,13.6595108640992
"2798","52423323B17696390858849",2,15734.6135766628,31469.2271533256,10.3567654315531
"2799","52423323B1786789370049",1,49290.0825122658,49290.0825122658,10.8054781737144
"2800","52423323B18041062174834",1,26499.442582085,26499.442582085,10.1848789771148
"2801","52423323B18388852349045",2,342162.510925976,684325.021851952,13.4361882618894
"2802","52423323B18457012552494",3,415301.698479812,1245905.09543944,14.0353728080446
"2803","52423323B1848134729501",1,23948.277851399,23948.277851399,10.0836516942578
"2804","52423323B18524543454126",1,2473.19733161945,2473.19733161945,7.81326705876561
"2805","52423323B18579387327768",1,21413.966223495,21413.966223495,9.9717986154075
"2806","52423323B20033821816181",1,19759.9950754116,19759.9950754116,9.89141472208177
"2807","52423323B20904030146167",2,78388.4942798214,156776.988559643,11.9625796194937
"2808","52423323B21011437681534",1,21441.7032871965,21441.7032871965,9.97309305639471
"2809","52423323B21015613646613",1,448044.706492597,448044.706492597,13.0126482976964
"2810","52423323B21487028276872",1,9428.37723367868,9428.37723367868,9.15147927531312
"2811","52423323B22525297064489",1,39538.6294049374,39538.6294049374,10.5850334326169
"2812","52423323B23187437311114",1,15378.7746309628,15378.7746309628,9.6407435669963
"2813","52423323B24006196223482",1,198193.919068666,198193.919068666,12.1970012196236
"2814","52423323B24171754221857",2,16951.847475429,33903.694950858,10.4312792830295
"2815","52423323B24644642941407",2,179519.438728619,359038.877457238,12.7911859553598
"2816","52423323B25569178497638",1,72765.0749294365,72765.0749294365,11.1949913790925
"2817","52423323B26167875661566",1,39675.0009860992,39675.0009860992,10.588476570249
"2818","52423323B26821031365156",1,14413.0071839938,14413.0071839938,9.57588635452146
"2819","52423323B26987461690173",1,17276.3348806327,17276.3348806327,9.75709291804604
"2820","52423323B27040576130410",3,315937.434432063,947812.303296189,13.7619117693305
"2821","52423323B27439582532785",1,21329.3051106649,21329.3051106649,9.96783723290682
"2822","52423323B27952664457255",1,189903.36502648,189903.36502648,12.1542706166354
"2823","52423323B28131645769529",1,19024.5546195091,19024.5546195091,9.85348577218039
"2824","52423323B28169903287246",1,40126.7707133293,40126.7707133293,10.5997989893858
"2825","52423323B28526478136706",1,43326.0899915143,43326.0899915143,10.6765102727558
"2826","52423323B2908823577252",3,144397.333654558,433192.000963674,12.9789363289424
"2827","52423323B29403129163195",1,210383.494415188,210383.494415188,12.2566873081714
"2828","52423323B29714418212359",1,14275.0726687818,14275.0726687818,9.56627012514396
"2829","52423323B30388068130066",2,3718.30256770254,7436.60513540508,8.91416972468637
"2830","52423323B30468560709175",1,23305.7934415236,23305.7934415236,10.0564572542056
"2831","52423323B30660787387820",2,236802.925169456,473605.850338912,13.0681307153872
"2832","52423323B30804513522660",1,41031.948977989,41031.948977989,10.6221062855996
"2833","52423323B30821332153735",1,22113.1782372206,22113.1782372206,10.0039290101162
"2834","52423323B31237535640697",1,40906.5737836354,40906.5737836354,10.6190460573217
"2835","52423323B32098183633338",1,74217.4325532921,74217.4325532921,11.2147543416327
"2836","52423323B32135121114798",1,15442.1989310145,15442.1989310145,9.64485923125013
"2837","52423323B32649044831734",1,79347.4855059527,79347.4855059527,11.2815920368066
"2838","52423323B32764376391113",1,37707.7957194798,37707.7957194798,10.5376221350695
"2839","52423323B3277020886605",1,38157.5950642027,38157.5950642027,10.5494801011497
"2840","52423323B32786783590075",1,20528.0506889448,20528.0506889448,9.92954755611118
"2841","52423323B33049838557264",1,5716.59081080107,5716.59081080107,8.65112789459031
"2842","52423323B33166901073309",1,45343.1433864913,45343.1433864913,10.7220142508708
"2843","52423323B33690071450754",1,32536.2863102913,32536.2863102913,10.3901112473483
"2844","52423323B33793433125252",2,14278.5939032081,28557.1878064162,10.2596639454435
"2845","52423323B35059140048006",3,346071.930285329,1038215.79085599,13.8530142120997
"2846","52423323B35187147605368",2,20645.9667492754,41291.9334985508,10.6284224450676
"2847","52423323B35365477332818",1,40562.3096668489,40562.3096668489,10.6105945810927
"2848","52423323B35502407860174",2,40586.2912101975,81172.582420395,11.3043328142103
"2849","52423323B36348632800300",2,17632.8445962114,35265.6891924228,10.4706657926931
"2850","52423323B36790328551153",3,30003.1486412211,90009.4459236633,11.4076698985124
"2851","52423323B3691200212151",2,8454.39062147942,16908.7812429588,9.73558836614082
"2852","52423323B37020317002794",1,50963.4815139651,50963.4815139651,10.8388646064753
"2853","52423323B37211265449281",1,51538.6311107748,51538.6311107748,10.8500869241093
"2854","52423323B3757307003168",1,32706.2963333643,32706.2963333643,10.3953228867712
"2855","52423323B37641528063122",1,41967.4780359954,41967.4780359954,10.644650264839
"2856","52423323B3800654156797",1,39764.5686346812,39764.5686346812,10.5907315594682
"2857","52423323B38201258104652",1,13417.2403416762,13417.2403416762,9.50429575165029
"2858","52423323B38524451377565",1,37982.2008841092,37982.2008841092,10.5448729311894
"2859","52423323B38780973615632",2,159906.221346482,319812.442692964,12.675489986358
"2860","52423323B38935818871161",1,24029.7523573375,24029.7523573375,10.0870480231151
"2861","52423323B39160011861592",3,150974.552018783,452923.656056349,13.0234788605855
"2862","52423323B3928006362996",1,20685.3665034296,20685.3665034296,9.9371817970576
"2863","52423323B39360840436508",1,23959.6472016573,23959.6472016573,10.0841263276492
"2864","52423323B39402203079771",2,4090.55227615347,8181.10455230694,9.00958245132532
"2865","52423323B39779994842487",1,37641.8905855041,37641.8905855041,10.5358728205331
"2866","52423323B4006821929898",1,13435.83961548,13435.83961548,9.50568101373626
"2867","52423323B40146913346839",1,46809.2309702635,46809.2309702635,10.7538357054103
"2868","52423323B40695299315200",1,46194.8541318189,46194.8541318189,10.7406236884382
"2869","52423323B41088190294642",1,38144.8923407011,38144.8923407011,10.5491471441505
"2870","52423323B41510935650721",3,265666.03951451,796998.11854353,13.5886075970965
"2871","52423323B42234793142601",1,55248.2171345681,55248.2171345681,10.9195913498018
"2872","52423323B42356104193293",2,149333.147220504,298666.294441008,12.6070821569969
"2873","52423323B42496570047924",2,131131.424079334,262262.848158668,12.4771025170839
"2874","52423323B42777689659233",1,53372.6860701518,53372.6860701518,10.8850543972755
"2875","52423323B42791453202127",1,91688.701391027,91688.701391027,11.4261544379054
"2876","52423323B43736341835391",1,24019.8377996441,24019.8377996441,10.0866353428903
"2877","52423323B44157144266829",1,27589.2793110875,27589.2793110875,10.2251825454888
"2878","52423323B44461654915973",3,472713.154508461,1418139.46352538,14.1648563335125
"2879","52423323B44486980116087",2,44506.854491002,89013.708982004,11.396545670358
"2880","52423323B44939102873256",1,48171.6026795745,48171.6026795745,10.7825249703927
"2881","52423323B4514438281509",1,164518.881143635,164518.881143635,12.0107806215896
"2882","52423323B45396051816333",1,43589.970152624,43589.970152624,10.6825823605023
"2883","52423323B45505395463487",3,39730.5133423311,119191.540026993,11.6884870581668
"2884","52423323B45605902717918",2,12085.6566192211,24171.3132384422,10.0929218056283
"2885","52423323B46156622998042",2,37550.7999924015,75101.599984803,11.2265971422497
"2886","52423323B46245109709528",1,12147.0413488619,12147.0413488619,9.40484090873349
"2887","52423323B47128133018764",1,221985.665434424,221985.665434424,12.3103680886545
"2888","52423323B47137025507841",3,132871.792001907,398615.376005721,12.8957522610437
"2889","52423323B48021062516164",1,18450.5830307864,18450.5830307864,9.82285124955401
"2890","52423323B48942229676406",3,883536.539875463,2650609.61962639,14.7903002166481
"2891","52423323B49198903326940",1,44469.8076322703,44469.8076322703,10.7025657577088
"2892","52423323B49272784755567",3,237171.436736785,711514.310210355,13.4751508090439
"2893","52423323B49434157073126",1,10128.4533121467,10128.4533121467,9.22310390169066
"2894","52423323B49517709144014",2,144977.177761315,289954.35552263,12.5774787948253
"2895","52423323B49658569394047",1,67271.3821990367,67271.3821990367,11.1164901978434
"2896","52423323B50185112630259",3,36508.7292435573,109526.187730672,11.6039189570029
"2897","52423323B51150866941712",2,5186.20335685039,10372.4067137008,9.24690435854892
"2898","52423323B51190014897639",1,94234.2534954146,94234.2534954146,11.4535390196855
"2899","52423323B51460600730955",3,547859.344657716,1643578.03397315,14.3123861513202
"2900","52423323B51535248954707",1,50213.7928064647,50213.7928064647,10.8240450250419
"2901","52423323B51894454867093",3,514089.467512598,1542268.40253779,14.2487648792671
"2902","52423323B51950353714831",1,180901.687554449,180901.687554449,12.1057089999991
"2903","52423323B52221590077134",1,24857.4620452017,24857.4620452017,10.1209132699578
"2904","52423323B52623684418934",2,55796.9225174954,111593.845034991,11.6226211753922
"2905","52423323B52740470378798",2,16580.202309075,33160.40461815,10.4091118111697
"2906","52423323B5286931917033",2,67174.0743572132,134348.148714426,11.8081898343761
"2907","52423323B52993259514924",1,66611.8135381972,66611.8135381972,11.1066372212518
"2908","52423323B53542655119676",1,48499.1996720099,48499.1996720099,10.7893025751814
"2909","52423323B53549191673570",1,69740.4941739267,69740.4941739267,11.1525364061513
"2910","52423323B53991752457296",1,37090.4918220436,37090.4918220436,10.5211159306288
"2911","52423323B55438776297696",1,111153.085027504,111153.085027504,11.6186636745403
"2912","52423323B55479715593619",3,492656.984581136,1477970.95374341,14.2061807278908
"2913","52423323B55832283983627",1,12504.6593089691,12504.6593089691,9.43385659855587
"2914","52423323B55997906288289",1,51603.3512261003,51603.3512261003,10.851341895603
"2915","52423323B56584420152614",1,10720.8456954986,10720.8456954986,9.27994532101865
"2916","52423323B57121552581282",1,37643.9532193184,37643.9532193184,10.5359276152651
"2917","52423323B57218396029551",1,14945.0701773515,14945.0701773515,9.61213677041471
"2918","52423323B57345599867870",2,29981.298771999,59962.597543998,11.001476272559
"2919","52423323B57598865741188",2,11405.4621125679,22810.9242251358,10.0349948328765
"2920","52423323B57626365826979",3,1706434.22154534,5119302.66463602,15.4485287894266
"2921","52423323B5772281676312",1,18235.5852876186,18235.5852876186,9.81113019966317
"2922","52423323B5794774245983",2,15285.7583328552,30571.5166657104,10.3278240265332
"2923","52423323B58317366123226",1,13667.1497055923,13667.1497055923,9.52275040070537
"2924","52423323B58582315603742",1,15208.3568871989,15208.3568871989,9.62960035096281
"2925","52423323B5863423777851",1,26272.6721437986,26272.6721437986,10.1762845959611
"2926","52423323B58777265344291",2,22403.993416089,44807.986832178,10.7101416800175
"2927","52423323B58805530467838",1,160901.596500241,160901.596500241,11.9885482552447
"2928","52423323B58883260045522",3,240169.07909094,720507.23727282,13.4877107391635
"2929","52423323B58893245125586",1,43023.2465005636,43023.2465005636,10.6694958648875
"2930","52423323B59070607035282",2,25278.7053918964,50557.4107837928,10.8308648167458
"2931","52423323B59284003127327",2,66672.676996755,133345.35399351,11.8006976883096
"2932","52423323B59988568496806",1,27473.8282569189,27473.8282569189,10.2209891307525
"2933","52423323B60127042569296",1,225582.424265805,225582.424265805,12.326440888948
"2934","52423323B60260447284731",3,69573.268164351,208719.804493053,12.2487479831153
"2935","52423323B60397494558599",1,98535.5816023082,98535.5816023082,11.4981729964719
"2936","52423323B60501572550321",1,43536.8713724247,43536.8713724247,10.6813634758086
"2937","52423323B60515004813393",1,151564.628724905,151564.628724905,11.9287674052106
"2938","52423323B60583840273125",1,13684.1656811357,13684.1656811357,9.52399465367808
"2939","52423323B60640707975629",1,824433.982558582,824433.982558582,13.6224523481079
"2940","52423323B61278008297409",1,103772.456614047,103772.456614047,11.5499558639632
"2941","52423323B61850216097396",1,277771.50407932,277771.50407932,12.5345541269327
"2942","52423323B63410184829220",1,20272.5060877757,20272.5060877757,9.9170208671159
"2943","52423323B63484657830280",1,57986.3452668659,57986.3452668659,10.9679628353781
"2944","52423323B64112119736585",2,48357.0355932184,96714.0711864368,11.4795141846757
"2945","52423323B64374819566346",1,36756.056224072,36756.056224072,10.5120582862766
"2946","52423323B64463590012985",1,32064.1577343468,32064.1577343468,10.3754941037921
"2947","52423323B65063199058226",1,93465.2713514045,93465.2713514045,11.4453452168831
"2948","52423323B65626355292212",1,404799.280257423,404799.280257423,12.9111466189336
"2949","52423323B65711938596700",1,45303.6004415385,45303.6004415385,10.7211417882584
"2950","52423323B65809730100750",1,26982.3339292397,26982.3339292397,10.2029376319225
"2951","52423323B66062574427882",2,54365.2840643301,108730.56812866,11.5966282491107
"2952","52423323B66250868095677",1,55434.8903342242,55434.8903342242,10.9229644639277
"2953","52423323B66820493102445",1,20801.4786537475,20801.4786537475,9.94277935228517
"2954","52423323B67039522895977",1,126764.056320523,126764.056320523,11.750082813297
"2955","52423323B67044193776379",1,103959.004221691,103959.004221691,11.5517519102341
"2956","52423323B67769542433711",1,10759.7780975946,10759.7780975946,9.28357021060299
"2957","52423323B67874562212910",1,45481.1710770335,45481.1710770335,10.7250536968081
"2958","52423323B68047835703901",1,49991.5730238084,49991.5730238084,10.8196097306821
"2959","52423323B68249799438553",1,246897.868001357,246897.868001357,12.4167300402266
"2960","52423323B68632918387185",1,17766.7083525104,17766.7083525104,9.78508166777822
"2961","52423323B68904174883849",2,7587.04123275634,15174.0824655127,9.62734415054206
"2962","52423323B69111161141403",1,21892.2367196646,21892.2367196646,9.99388736527243
"2963","52423323B69510084173682",1,22966.9670794786,22966.9670794786,10.0418122486318
"2964","52423323B69937594660811",2,93433.6753273794,186867.350654759,12.1381542893382
"2965","52423323B70070544976743",3,1206707.79832419,3620123.39497257,15.10201867023
"2966","52423323B71262883524424",1,3915.7881307505,3915.7881307505,8.27277189870118
"2967","52423323B71362647483761",1,46509.6276251065,46509.6276251065,10.7474146158457
"2968","52423323B7185899041346",2,13770.1315098229,27540.2630196458,10.2234043226962
"2969","52423323B72025487819763",1,61367.0310940189,61367.0310940189,11.0246280170583
"2970","52423323B72534166962454",3,101070.476995842,303211.430987526,12.6221856331859
"2971","52423323B72611764841085",1,28917.7608544933,28917.7608544933,10.2722112477736
"2972","52423323B72724897935672",1,25418.5207719892,25418.5207719892,10.1432333515471
"2973","52423323B73218040263092",1,30763.9294720086,30763.9294720086,10.3340981616249
"2974","52423323B73642037306772",1,28624.931690877,28624.931690877,10.2620333545088
"2975","52423323B73777550823735",1,12221.8184603914,12221.8184603914,9.41097803183378
"2976","52423323B74070322698639",1,25190.3715231538,25190.3715231538,10.1342171180729
"2977","52423323B74369514091215",1,17756.3823975732,17756.3823975732,9.78450030196742
"2978","52423323B74647916820461",2,251683.911436586,503367.822873172,13.12907644004
"2979","52423323B74651487208839",3,1103314.29794579,3309942.89383737,15.0124414945873
"2980","52423323B7621511423784",2,60171.4055272751,120342.81105455,11.6980997077715
"2981","52423323B76675634203570",1,134584.371676078,134584.371676078,11.8099465800613
"2982","52423323B76793643920341",1,190426.26461761,190426.26461761,12.1570203362462
"2983","52423323B77456184843444",2,33784.6152418155,67569.230483631,11.1209079880491
"2984","52423323B7766336727769",1,26350.5115691035,26350.5115691035,10.1792429681683
"2985","52423323B77773616076355",1,40331.2761837919,40331.2761837919,10.6048825309024
"2986","52423323B7787272397887",2,20726.1816307733,41452.3632615466,10.632300173692
"2987","52423323B78464360666079",1,66157.3327538932,66157.3327538932,11.0997910137986
"2988","52423323B79106599781981",1,20622.4483209409,20622.4483209409,9.93413548577665
"2989","52423323B79437263897554",1,23510.523830355,23510.523830355,10.0652034224579
"2990","52423323B79545259368110",1,24633.116407574,24633.116407574,10.1118470120416
"2991","52423323B79791422709235",1,11233.9902012773,11233.9902012773,9.32669930085391
"2992","52423323B8015598177606",1,33020.219883481,33020.219883481,10.4048753765519
"2993","52423323B80267107041052",1,11859.4625401982,11859.4625401982,9.38088135450954
"2994","52423323B80488084984098",1,66729.3783308924,66729.3783308924,11.108400589668
"2995","52423323B80658823199099",2,60035.8765433455,120071.753086691,11.695844785457
"2996","52423323B8068619404186",1,28603.6256978035,28603.6256978035,10.2612887614234
"2997","52423323B81362152802157",2,36338.3830780194,72676.7661560388,11.1937770272445
"2998","52423323B81395860012193",1,8171.31426597651,8171.31426597651,9.00838503978529
"2999","52423323B8139894881456",1,39002.3257265717,39002.3257265717,10.5713765573484
"3000","52423323B82780636991471",1,20976.8879122354,20976.8879122354,9.95117653501966
"3001","52423323B83657020181819",1,45212.8677799954,45212.8677799954,10.7191370107033
"3002","52423323B84021637502917",1,17666.9694789589,17666.9694789589,9.77945204403768
"3003","52423323B84079682288186",2,15110.9630911248,30221.9261822496,10.3163229724537
"3004","52423323B84288855823535",1,16139.1400451168,16139.1400451168,9.68900265943276
"3005","52423323B84341860753916",1,34064.9604177356,34064.9604177356,10.4360245812442
"3006","52423323B84565222808084",2,975.152632892132,1950.30526578426,7.57574118586169
"3007","52423323B84884093129235",2,13336.1304568719,26672.2609137438,10.1913793872517
"3008","52423323B8509439867450",2,31180.5115654825,62361.023130965,11.0406957298839
"3009","52423323B86132788198176",1,16763.2170796156,16763.2170796156,9.72694230547379
"3010","52423323B87493021835120",1,6235.83961039484,6235.83961039484,8.73806850989739
"3011","52423323B88446663762190",1,11924.7906647205,11924.7906647205,9.38637476128133
"3012","52423323B88662766732523",1,45139.9197561133,45139.9197561133,10.717522272703
"3013","52423323B89355331485408",1,167046.038594673,167046.038594673,12.0260247336137
"3014","52423323B89464999427747",2,33886.4665197045,67772.933039409,11.1239181765121
"3015","52423323B90119869144557",2,109775.471108388,219550.942216776,12.2993395675624
"3016","52423323B90270003054506",1,135124.99139474,135124.99139474,11.8139554912578
"3017","52423323B90608613064350",2,100708.043271144,201416.086542288,12.2131281296731
"3018","52423323B91072384884845",1,45870.6574803412,45870.6574803412,10.7335809210473
"3019","52423323B91102328415682",1,5457.58206612021,5457.58206612021,8.6047611256212
"3020","52423323B91495403121400",1,43964.604774868,43964.604774868,10.6911401522326
"3021","52423323B92011906728955",1,174090.08842074,174090.08842074,12.0673281937551
"3022","52423323B92182718553781",1,27006.9719899416,27006.9719899416,10.2038503335026
"3023","52423323B92327379026195",1,24164.6185192522,24164.6185192522,10.0926447976556
"3024","52423323B92545989664473",1,228038.407939976,228038.407939976,12.3372693496266
"3025","52423323B92612294973993",1,170709.026908297,170709.026908297,12.0477157890967
"3026","52423323B9429339455263",1,7311.09168336391,7311.09168336391,8.89714788268301
"3027","52423323B94499029324325",1,20445.0266473412,20445.0266473412,9.92549493616503
"3028","52423323B94618395838075",3,153589.220166496,460767.660499488,13.0406492046933
"3029","52423323B9469904891992",3,284475.353316504,853426.059949512,13.6570141858875
"3030","52423323B94983475607099",3,974349.344933503,2923048.03480051,14.8881374773489
"3031","52423323B95364314409049",1,47944.8408265029,47944.8408265029,10.7778064796637
"3032","52423323B95617372231955",1,45494.4597902835,45494.4597902835,10.7253458346744
"3033","52423323B96529923169881",2,16221.586404912,32443.172809824,10.3872453089283
"3034","52423323B96631758595189",1,21039.3535138754,21039.3535138754,9.95414993985274
"3035","52423323B97123089850170",1,303713.206226027,303713.206226027,12.6238391345337
"3036","52423323B9721740762179",1,134255.877510729,134255.877510729,11.8075027917534
"3037","52423323B97274503585716",2,41439.8716692003,82879.7433384006,11.3251459607028
"3038","52423323B97779835384319",1,19484.2519801497,19484.2519801497,9.87736182751319
"3039","52423323B98554944088847",1,64482.198013401,64482.198013401,11.0741444648967
"3040","52423323B98587415300192",1,18685.3923450147,18685.3923450147,9.83549733955916
"3041","52423323B98740457076881",1,50376.8406367828,50376.8406367828,10.8272868372769
"3042","52423323B99063612255377",1,114905.067333706,114905.067333706,11.6518615649854
"3043","52423323B9967886911021",3,139240.187053277,417720.561159831,12.9425679739801
"3044","52511910B10215199478646",3,43421.3010421174,130263.903126352,11.7773176957721
"3045","52511910B10855589670933",3,23778.5656214118,71335.6968642354,11.1751521383977
"3046","52511910B1114695065436",3,205283.148733074,615849.446199222,13.330757807123
"3047","52511910B11437294536827",2,121042.509640263,242085.019280526,12.3970442627816
"3048","52511910B1170609292065",3,25769.6133948886,77308.8401846658,11.2555635900634
"3049","52511910B12239492719020",3,23524.9154963629,70574.7464890887,11.1644276610371
"3050","52511910B1281835166424",3,4278.22096886366,12834.662906591,9.45990482935232
"3051","52511910B1289591480139",3,8675.05984568241,26025.1795370472,10.1668197920971
"3052","52511910B13267113488931",3,14678.4152602687,44035.2457808061,10.6927456327116
"3053","52511910B1345857498627",3,2316.08502559783,6948.25507679349,8.8462458389487
"3054","52511910B14295991899678",1,30981.7529963914,30981.7529963914,10.341153697147
"3055","52511910B1435450581762",3,2742.01570563163,8226.04711689489,9.01506087657543
"3056","52511910B14571669428725",2,7486.38010200816,14972.7602040163,9.61398784278316
"3057","52511910B14763561478876",3,12634.4489353962,37903.3468061886,10.5427946934036
"3058","52511910B14816404731270",3,92785.075795527,278355.227386581,12.5366533733404
"3059","52511910B16211515353621",3,16089.2519623207,48267.7558869621,10.7845190367298
"3060","52511910B16992601244944",3,70392.2317282481,211176.695184744,12.2604504799566
"3061","52511910B1724778943765",3,5968.4484806665,17905.3454419995,9.79285457529303
"3062","52511910B17390178466990",2,9531.67630163064,19063.3526032613,9.85552305907802
"3063","52511910B17490321584859",2,145294.87409393,290589.74818786,12.5796677514088
"3064","52511910B17517272780410",2,272948.335393634,545896.670787268,13.2101849891751
"3065","52511910B1854707671717",3,165465.664683696,496396.994051088,13.1151312767968
"3066","52511910B19191805182315",2,125126.642397651,250253.284795302,12.4302288231465
"3067","52511910B19407638162060",3,2060.44168177149,6181.32504531447,8.72928793609643
"3068","52511910B2005519933546",3,46586.7901293037,139760.370387911,11.8476845949755
"3069","52511910B2055603825455",3,68248.7159938863,204746.147981659,12.229526188262
"3070","52511910B21260910933226",1,19849.4858423238,19849.4858423238,9.89593338362994
"3071","52511910B21407702399528",3,599651.696412096,1798955.08923629,14.4027165483277
"3072","52511910B21980317252116",3,2209.59577392158,6628.78732176474,8.79917715872246
"3073","52511910B22102802824180",3,11936.1093560353,35808.3280681059,10.4859357729359
"3074","52511910B22297779295169",3,17948.0898681513,53844.2696044539,10.8938512628916
"3075","52511910B22417450396653",2,9673.48578455904,19346.9715691181,9.87029117815335
"3076","52511910B23437445078556",3,76592.4132914065,229777.23987422,12.3448655962986
"3077","52511910B24095937104675",1,9560.01765316396,9560.01765316396,9.16534485260901
"3078","52511910B24217315836254",3,21098.4575361688,63295.3726085064,11.0555675029089
"3079","52511910B2433100174245",3,84297.9867253726,252893.960176118,12.4407255501116
"3080","52511910B24338772487994",3,7695.56714163818,23086.7014249145,10.0470120348422
"3081","52511910B24462040337349",1,40045.6795909418,40045.6795909418,10.5977760712953
"3082","52511910B24789968471650",3,320010.266196237,960030.798588711,13.7747206447926
"3083","52511910B24890266463781",2,110132.547752362,220265.095504724,12.3025870794962
"3084","52511910B24911018318465",1,80165.1793573596,80165.1793573596,11.2918445269729
"3085","52511910B26024129556324",3,101976.312828035,305928.938484105,12.6311081267895
"3086","52511910B26321075911025",3,118318.788295739,354956.364887217,12.7797501450921
"3087","52511910B26440140856632",3,95203.5177741989,285610.553322597,12.5623844601745
"3088","52511910B26517515062770",3,31238.7969695693,93716.3909087079,11.4480283825835
"3089","52511910B27389223998758",3,116938.542248271,350815.626744813,12.7680160845109
"3090","52511910B27691000187918",3,121395.009671734,364185.029015202,12.8054173389376
"3091","52511910B27876515321702",3,56329.6443162258,168988.932948677,12.0375885062502
"3092","52511910B28036042271757",3,177199.22118643,531597.66355929,13.1836422107011
"3093","52511910B28406755893597",2,6803.43173309503,13606.8634661901,9.51832961105439
"3094","52511910B28710323112279",2,8772.30319765974,17544.6063953195,9.77250185375709
"3095","52511910B29261340686380",1,7797.90574905364,7797.90574905364,8.96161048291572
"3096","52511910B29325635095698",3,330311.317238078,990933.951714234,13.8064031629722
"3097","52511910B29818712056723",3,30584.2039348919,91752.6118046757,11.4268512320476
"3098","52511910B30709967967550",3,114479.944478729,343439.833436187,12.7467672179117
"3099","52511910B30774246387934",3,24208.8299294602,72626.4897883806,11.1930850073811
"3100","52511910B30880402907345",3,44714.8913365631,134144.674009689,11.8066741533115
"3101","52511910B3088598520620",3,42582.1135688131,127746.340706439,11.7578018634791
"3102","52511910B30921209280056",1,5037.21614250278,5037.21614250278,8.52460885578446
"3103","52511910B3092467574862",2,35528.796699906,71057.593399812,11.1712460018444
"3104","52511910B31268860247424",2,107759.926264205,215519.85252841,12.2808083073845
"3105","52511910B32484376841800",1,4216.53505783728,4216.53505783728,8.34676899342037
"3106","52511910B33100646615087",3,59936.8904661791,179810.671398537,12.099659750752
"3107","52511910B33929030594907",2,105111.998885114,210223.997770228,12.255928897275
"3108","52511910B3516463668472",1,1890.13483007386,1890.13483007386,7.54440344417262
"3109","52511910B36399926613491",3,314844.83063385,944534.49190155,13.7584474839457
"3110","52511910B36549244443661",3,3423.72010742444,10271.1603222733,9.23709527826152
"3111","52511910B37647459697968",3,26591.9794871009,79775.9384613027,11.2869772149294
"3112","52511910B37723179298847",3,7225.94335498341,21677.8300649502,9.98404536128926
"3113","52511910B38062779232785",1,2655.27062575865,2655.27062575865,7.88430185908736
"3114","52511910B38320737099141",2,8964.47470571874,17928.9494114375,9.79417197098608
"3115","52511910B39021201460320",3,83441.0022457505,250323.006737251,12.4305073898448
"3116","52511910B39055948947966",1,3747.9426904844,3747.9426904844,8.22896235254888
"3117","52511910B39647585180353",3,75766.1157828833,227298.34734865,12.3340187390208
"3118","52511910B398222474379",3,2318.10111236584,6954.30333709752,8.84711593213667
"3119","52511910B3988585053627",2,1125.37587032438,2250.75174064876,7.71901954635217
"3120","52511910B4018321552262",2,19727.3927668628,39454.7855337256,10.5829106252218
"3121","52511910B4023851996912",2,11500.2791041245,23000.558208249,10.0432737645406
"3122","52511910B40704082736400",3,169221.695749148,507665.087247444,13.13757723207
"3123","52511910B40907976300093",3,113286.47423442,339859.42270326,12.7362873484556
"3124","52511910B40932238962124",1,1912.96827148212,1912.96827148212,7.55641138356414
"3125","52511910B41832053670190",3,82871.0051570653,248613.015471196,12.4236528117615
"3126","52511910B41918855057041",1,51915.062161426,51915.062161426,10.8573642421061
"3127","52511910B42807411813200",3,10194.4896811285,30583.4690433855,10.3282149146248
"3128","52511910B43288181316884",1,55238.6367888326,55238.6367888326,10.9194179292468
"3129","52511910B43880613502989",2,26638.6278599386,53277.2557198772,10.8832647971287
"3130","52511910B46327040282414",3,158690.322132439,476070.966397317,13.0733222111709
"3131","52511910B46580896438278",2,20882.1296704615,41764.259340923,10.6397962130671
"3132","52511910B47108576517123",2,29512.1382633452,59024.2765266904,10.9857041048128
"3133","52511910B47117449404442",3,14041.0967901783,42123.2903705349,10.6483560821554
"3134","52511910B47244734334087",2,5970.08120711995,11940.1624142399,9.38766298938673
"3135","52511910B47715712995546",3,152414.566539424,457243.699618272,13.0329717873026
"3136","52511910B47928826922149",2,1414.38727847018,2828.77455694036,7.9475988781086
"3137","52511910B48556697809502",3,35942.7282366004,107828.184709801,11.5882943569927
"3138","52511910B48822656668811",3,5608.35082413664,16825.0524724099,9.73062427322485
"3139","52511910B49041277824691",3,2659.21885572814,7977.65656718442,8.98439998405626
"3140","52511910B49246730473855",3,52947.4586694915,158842.376008475,11.9756676436354
"3141","52511910B49284203349487",2,25595.1468580256,51190.2937160512,10.8433052171975
"3142","52511910B49336497562900",3,129553.464266968,388660.392800904,12.8704612150725
"3143","52511910B49397347460294",2,19301.6600125413,38603.3200250826,10.5610935627667
"3144","52511910B4946947315760",1,90099.1073870503,90099.1073870503,11.4086655366334
"3145","52511910B49492134849249",3,66351.4714628849,199054.414388655,12.2013335054679
"3146","52511910B49637011657057",3,40910.9983019703,122732.994905911,11.7177665016886
"3147","52511910B4969786063416",2,11044.524878005,22089.04975601,10.0028372785586
"3148","52511910B50474008293669",3,236011.651177647,708034.953532941,13.470248740854
"3149","52511910B50770239456778",3,36364.1736422655,109092.520926797,11.599951617013
"3150","52511910B5173446134858",3,31278.5812469181,93835.7437407543,11.4493011257424
"3151","52511910B52234359951443",1,44222.086887251,44222.086887251,10.6969796465871
"3152","52511910B52477730632252",1,25158.9504937519,25158.9504937519,10.1329689966595
"3153","52511910B53055897182204",1,14521.8686833042,14521.8686833042,9.58341097729527
"3154","52511910B53218930904512",3,3974.3364707223,11923.0094121669,9.38622537621846
"3155","52511910B53442502489936",3,165161.869938643,495485.609815929,13.1132935905866
"3156","52511910B53728166380969",3,19974.3826492567,59923.1479477701,11.0008181526551
"3157","52511910B54429610497624",2,163033.452412163,326066.904824326,12.6948578688146
"3158","52511910B54544949915679",1,120781.153166675,120781.153166675,11.7017355354788
"3159","52511910B54921877123299",3,21689.2533897161,65067.7601691483,11.0831844700301
"3160","52511910B55503333028627",1,31288.3474702293,31288.3474702293,10.3510010219167
"3161","52511910B55567443002533",2,6298.90023413722,12597.8004682744,9.44127751169118
"3162","52511910B56209015841977",2,144738.748888817,289477.497777634,12.5758328450904
"3163","52511910B56958480946992",2,79824.834793963,159649.669587926,11.9807371285381
"3164","52511910B57035161982504",3,178851.679489136,536555.038467408,13.1929244238012
"3165","52511910B57239711193520",3,50187.4932596139,150562.479778842,11.9221334250531
"3166","52511910B57344020400583",3,316842.101437958,950526.304313874,13.7647711147138
"3167","52511910B57972476709593",1,15165.9318892865,15165.9318892865,9.62680686823711
"3168","52511910B58011485138839",3,3997.97893242341,11993.9367972702,9.39215653418566
"3169","52511910B5845387986633",2,7471.31342773914,14942.6268554783,9.61197327023763
"3170","52511910B58943778362560",2,13437.2334497338,26874.4668994676,10.1989319289343
"3171","52511910B59360103371589",2,8598.68098738811,17197.3619747762,9.7525112774791
"3172","52511910B59553354826271",2,10300.3930752543,20600.7861505086,9.93308451669555
"3173","52511910B59824272814460",1,66831.8404631311,66831.8404631311,11.1099348996012
"3174","52511910B60889717547120",3,195626.704068715,586880.112206145,13.2825758398011
"3175","52511910B61439489120441",1,58919.1656707927,58919.1656707927,10.9839217101028
"3176","52511910B6162382764157",3,251645.363891897,754936.091675691,13.5343883778613
"3177","52511910B61790844495814",1,24375.8664586201,24375.8664586201,10.1013488422546
"3178","52511910B62200479590982",3,6660.61672694839,19981.8501808452,9.90257964955918
"3179","52511910B62500214534323",1,108.932905986786,108.932905986786,4.69073215130012
"3180","52511910B62556379472396",3,5991.20526780896,17973.6158034269,9.79666017286062
"3181","52511910B62562257240113",2,113593.058095045,227186.11619009,12.3335248556437
"3182","52511910B62922031863482",3,5896.44026663986,17689.3207999196,9.78071639183899
"3183","52511910B63167976390159",3,16352.9874954678,49058.9624864034,10.8007781697373
"3184","52511910B63672424305930",3,18389.760400783,55169.281202349,10.9181615774042
"3185","52511910B6389603869041",3,482684.899579223,1448054.69873767,14.1857316265856
"3186","52511910B648094459248",1,52209.273736577,52209.273736577,10.8630154158803
"3187","52511910B65736953470193",2,14575.1049781508,29150.2099563016,10.2802173943703
"3188","52511910B67044835484249",3,30961.7664852389,92885.2994557167,11.4391206717608
"3189","52511910B67072521171420",2,3951.67764769207,7903.35529538414,8.97504266922141
"3190","52511910B68305869820707",1,39239.0289151816,39239.0289151816,10.5774271660535
"3191","52511910B68505135665197",3,395106.596505817,1185319.78951745,13.9855231607162
"3192","52511910B68559401871490",3,137040.711782786,411122.135348358,12.9266456156309
"3193","52511910B68602378722707",3,81699.0463659956,245097.139097987,12.4094098970612
"3194","52511910B70290379794397",3,60382.1469325426,181146.440797628,12.1070610483114
"3195","52511910B70456030054544",2,1407.60217130373,2815.20434260746,7.94279012856354
"3196","52511910B70473175587181",1,4546.14840715912,4546.14840715912,8.42203564953716
"3197","52511910B70638918104863",3,29082.2855541997,87246.8566625991,11.376496812626
"3198","52511910B71032150875325",3,12654.272964889,37962.818894667,10.5443625095734
"3199","52511910B72557613719767",3,291337.97677043,874013.93031129,13.6808515930819
"3200","52511910B75183314272458",3,36485.568361441,109456.705084323,11.6032843626947
"3201","52511910B75402986028359",3,78232.2489239145,234696.746771744,12.3660495205234
"3202","52511910B76288634877329",3,50993.9905013402,152981.971504021,11.9380753601246
"3203","52511910B76622709081814",3,1952.80150713474,5858.40452140422,8.67563257952797
"3204","52511910B76643025216805",1,228546.655161302,228546.655161302,12.3394956486115
"3205","52511910B77222989775801",3,5305.01450022475,15915.0435006743,9.67502007302532
"3206","52511910B77517078586613",3,86001.6735080969,258005.020524291,12.4607343231109
"3207","52511910B7774942695724",3,22430.1572486517,67290.4717459551,11.1167739267976
"3208","52511910B7838707993704",1,22612.6090932446,22612.6090932446,10.0262629541582
"3209","52511910B78526013910080",1,8082.40572746509,8082.40572746509,8.99744484574748
"3210","52511910B79023193352255",1,34846.3057949926,34846.3057949926,10.4587024075568
"3211","52511910B79239618011253",3,184834.367073141,554503.101219423,13.2258276785782
"3212","52511910B79351211043156",3,85351.9697343147,256055.909202944,12.4531510949409
"3213","52511910B79904820365756",3,33705.8355047346,101117.506514204,11.5240385503959
"3214","52511910B80020209032330",1,46065.8259214739,46065.8259214739,10.7378266508618
"3215","52511910B80553421723016",3,85684.6156398077,257053.846919423,12.4570408630181
"3216","52511910B80611967822771",3,31512.1072302623,94536.3216907869,11.4567393961521
"3217","52511910B81807770672257",3,444773.189663131,1334319.56898939,14.1039320337321
"3218","52511910B81868017791126",2,13664.925198334,27329.850396668,10.2157348049469
"3219","52511910B82181877276071",1,23690.6305261225,23690.6305261225,10.0728349125066
"3220","52511910B82353065981408",1,9440.78720705357,9440.78720705357,9.15279464624046
"3221","52511910B82760897224923",3,25444.225909104,76332.677727312,11.2428564051062
"3222","52511910B83254623159264",3,75180.147997307,225540.443991921,12.3262547743572
"3223","52511910B84130893113897",3,184539.096423109,553617.289269327,13.2242289134145
"3224","52511910B84254778922177",2,2960.30936229413,5920.61872458826,8.68619623670537
"3225","52511910B8433520860340",3,12533.5777859311,37600.7333577933,10.5347788333844
"3226","52511910B8555120582575",3,81391.8249684738,244175.474905421,12.4056424052525
"3227","52511910B85663060935330",3,42730.5643196979,128191.692959094,11.7612820238583
"3228","52511910B85672644454395",3,200629.946638052,601889.839914156,13.3078297173704
"3229","52511910B8569683364670",3,119022.286687585,357066.860062755,12.7856783263154
"3230","52511910B85706759339541",3,32161.1541648493,96483.4624945479,11.4771268995275
"3231","52511910B8640641883305",2,12801.3793372871,25602.7586745742,10.1504553853874
"3232","52511910B86664130512952",2,4218.84216606038,8437.68433212076,9.04046318171202
"3233","52511910B86675185737242",3,138917.039369037,416751.118107111,12.9402444835299
"3234","52511910B86901151057582",1,35243.1744138311,35243.1744138311,10.4700271558408
"3235","52511910B87526029786391",3,12257.1585825392,36771.4757476176,10.5124777080458
"3236","52511910B88737921309662",2,249679.520836371,499359.041672742,13.1210806383918
"3237","52511910B89393531563013",3,117968.274100816,353904.822302448,12.7767832924132
"3238","52511910B89557374460695",1,2402.75299874335,2402.75299874335,7.78437044174896
"3239","52511910B9049907467318",2,2727.71510422471,5455.43020844942,8.60436676013447
"3240","52511910B90712224530022",2,81652.7129828555,163305.425965711,12.0033775053858
"3241","52511910B90991611037176",3,2969.77584445947,8909.32753337841,9.09485404437064
"3242","52511910B92065650444302",3,76982.9187040655,230948.756112196,12.3499511298828
"3243","52511910B92188863099631",2,60478.7143834503,120957.428766901,11.7031939343
"3244","52511910B92709587856848",1,43331.9233620671,43331.9233620671,10.6766449024418
"3245","52511910B92990516943265",3,64196.5379999655,192589.613999897,12.168316851658
"3246","52511910B93844416805291",1,34156.2620448009,34156.2620448009,10.4387012169972
"3247","52511910B94458762678017",3,35772.8765496405,107318.629648922,11.5835575356258
"3248","52511910B94675128167590",3,205096.993364127,615290.980092381,13.3298505732556
"3249","52511910B95362195406961",3,105729.290653887,317187.871961661,12.6672495333387
"3250","52511910B954183777842",3,131073.559434832,393220.678304496,12.88212625566
"3251","52511910B95850947838113",1,38604.9093068501,38604.9093068501,10.561134731481
"3252","52511910B95876228816034",3,17300.7835335598,51902.3506006794,10.8571193590856
"3253","52511910B95956240331763",3,72240.8818134595,216722.645440379,12.2863736834046
"3254","52511910B96063333949316",3,27062.210688404,81186.632065212,11.304505882858
"3255","52511910B96194264601254",3,278460.768006875,835382.304020625,13.6356447481786
"3256","52511910B96314718972571",3,7806.90413270518,23420.7123981155,10.0613760550544
"3257","52511910B96811995525646",2,6933.42726217929,13866.8545243586,9.53725670491919
"3258","52511910B97040583536387",3,260256.452474269,780769.357422807,13.5680350682069
"3259","52511910B97060806511909",2,15212.1585914304,30424.3171828608,10.3229974749699
"3260","52511910B97228601381981",3,90416.7110595856,271250.133178757,12.5107966748183
"3261","52511910B97596648855860",2,13676.2692839172,27352.5385678344,10.2165646213795
"3262","52511910B98030585757527",3,203945.944914565,611837.834743695,13.3242225504731
"3263","52511910B98629971413037",3,144780.029286578,434340.087859734,12.9815831187985
"3264","52511910B98838605252897",3,127351.002887269,382053.008661807,12.853314644092
"3265","52511910B98966812491458",2,10975.6908812198,21951.3817624396,9.99658536697485
"3266","52511910B99182661436347",1,13011.7286727217,13011.7286727217,9.47360643529481
"3267","56859067B10014476741522",1,3251.03252681857,3251.03252681857,8.08672792542721
"3268","56859067B10266050970053",1,4658.85427691122,4658.85427691122,8.44652483356658
"3269","56859067B10907533932914",1,10301.2945981392,10301.2945981392,9.24002485545924
"3270","56859067B11495971220999",1,20933.9302524662,20933.9302524662,9.94912657862683
"3271","56859067B11809989426200",1,23572.8798211637,23572.8798211637,10.0678521701027
"3272","56859067B11854924468229",1,338599.820007075,338599.820007075,12.7325742171012
"3273","56859067B12075513743626",1,9210.40964822918,9210.40964822918,9.1280896068953
"3274","56859067B13504623121185",1,12170.7406002057,12170.7406002057,9.4067900387073
"3275","56859067B13644599317912",1,6581.10950718681,6581.10950718681,8.79195862821842
"3276","56859067B13821039974926",1,1436358.44720726,1436358.44720726,14.1776216124885
"3277","56859067B1386586306999",1,170598.508404363,170598.508404363,12.047068170768
"3278","56859067B14282985236519",1,6778.92194260372,6778.92194260372,8.82157336277605
"3279","56859067B14701683367947",1,2844.20085742787,2844.20085742787,7.95303741340394
"3280","56859067B15190363364633",1,4001.64619791431,4001.64619791431,8.29446110491735
"3281","56859067B15267966296227",1,2454.24781017736,2454.24781017736,7.80557560231487
"3282","56859067B1562580013950",1,12366.8191015495,12366.8191015495,9.4227722861223
"3283","56859067B15712827414216",1,3080.80678221913,3080.80678221913,8.03294678394567
"3284","56859067B15820019194660",1,20319.3850684256,20319.3850684256,9.91933063885387
"3285","56859067B16850363929127",1,19008.6713664086,19008.6713664086,9.8526505417411
"3286","56859067B1705009335858",1,403603.240722053,403603.240722053,12.9081875969686
"3287","56859067B17204755964943",1,4981.4003009519,4981.4003009519,8.51346631542373
"3288","56859067B17300048958719",1,3103.76577735426,3103.76577735426,8.0403714201294
"3289","56859067B17616703483984",1,4731.2448599987,4731.2448599987,8.46194363079123
"3290","56859067B17697347991096",1,10634.123619571,10634.123619571,9.27182331893286
"3291","56859067B18650701449826",1,3973.18367724655,3973.18367724655,8.28732298611937
"3292","56859067B19034795725068",1,37993.1926395487,37993.1926395487,10.5451622815963
"3293","56859067B20212770642910",1,3424.32336808511,3424.32336808511,8.13865917441595
"3294","56859067B20346666539380",1,2107.8777336567,2107.8777336567,7.6534369068675
"3295","56859067B21055614470548",1,2192.26391305119,2192.26391305119,7.69269003911039
"3296","56859067B21132471416897",1,4177.89933322467,4177.89933322467,8.33756384733717
"3297","56859067B22440893254940",1,9430.81539922969,9430.81539922969,9.15173784052448
"3298","56859067B23369075727093",1,5996.8304647628,5996.8304647628,8.69898635276103
"3299","56859067B23509848673749",1,96890.8097194073,96890.8097194073,11.481339950444
"3300","56859067B24014053449372",1,184610.069631706,184610.069631706,12.1260011479473
"3301","56859067B24346229110666",1,17550.006682807,17550.006682807,9.77280960968066
"3302","56859067B24348409477030",1,6859.6675975007,6859.6675975007,8.83341426437112
"3303","56859067B2457247934767",1,21723.3932684091,21723.3932684091,9.98614498967288
"3304","56859067B2511379563152",1,40002.4891011099,40002.4891011099,10.5966969586878
"3305","56859067B25207266953620",1,10311.2815294035,10311.2815294035,9.24099386893761
"3306","56859067B25320929028049",1,5566.74659189104,5566.74659189104,8.6245660674584
"3307","56859067B25456576181088",1,1206.28334825826,1206.28334825826,7.09529929849551
"3308","56859067B25915712564646",1,3267.36395407304,3267.36395407304,8.09173880854069
"3309","56859067B26103840950670",1,4463.89755630343,4463.89755630343,8.40377755494106
"3310","56859067B26450975803868",1,56394.0764003444,56394.0764003444,10.9401194036076
"3311","56859067B27170583635487",1,13131.9972906486,13131.9972906486,9.48280707230473
"3312","56859067B27526397401778",1,11271.6139272865,11271.6139272865,9.33004280239636
"3313","56859067B2834526967114",1,33982.899016506,33982.899016506,10.4336127069636
"3314","56859067B28853350190882",1,13691.656754553,13691.656754553,9.52454193028479
"3315","56859067B29143197602699",1,9454.55198734909,9454.55198734909,9.15425159629452
"3316","56859067B29265026194414",1,3533.64265030562,3533.64265030562,8.17008453013975
"3317","56859067B29922311879883",1,2261.58226291042,2261.58226291042,7.72381996363127
"3318","56859067B30250296279332",1,11783.8665670834,11783.8665670834,9.37448663485054
"3319","56859067B32149650362848",1,3045.43426724866,3045.43426724866,8.02139878647725
"3320","56859067B33750848824651",1,7593.62944573703,7593.62944573703,8.93506494393844
"3321","56859067B33945949443498",1,130568.440165353,130568.440165353,11.7796528139828
"3322","56859067B34596545395874",1,29635.1590077779,29635.1590077779,10.2967167397475
"3323","56859067B3523783610798",1,4910.6440783861,4910.6440783861,8.49916038904635
"3324","56859067B3541578386981",1,10114.840657575,10114.840657575,9.22175899639571
"3325","56859067B35823111888461",1,8451.79551149159,8451.79551149159,9.0421341843462
"3326","56859067B3611473740931",1,6791.42158079538,6791.42158079538,8.82341556252657
"3327","56859067B36754154474179",1,1831.37238596848,1831.37238596848,7.5128209024604
"3328","56859067B37980844021564",1,244589.657424263,244589.657424263,12.4073372177119
"3329","56859067B38102631450434",1,3298.12154720411,3298.12154720411,8.10110835726277
"3330","56859067B38630420748916",1,31457.4908252119,31457.4908252119,10.3563924158095
"3331","56859067B39388374799288",1,2722.13827870401,2722.13827870401,7.9091729823267
"3332","56859067B39393866453324",1,25305.8629231203,25305.8629231203,10.1387913839607
"3333","56859067B41490189665798",1,10561.6425142097,10561.6425142097,9.26498408628333
"3334","56859067B42300918373881",1,16096.8405238786,16096.8405238786,9.68637829096194
"3335","56859067B4369152609379",1,16496.7027232236,16496.7027232236,9.71091580496286
"3336","56859067B43704849668699",1,3482.00239053633,3482.00239053633,8.15536280686906
"3337","56859067B43932485433682",1,7347.46156803403,7347.46156803403,8.90211016766136
"3338","56859067B45014114874295",1,2597.47542708226,2597.47542708226,7.86229526271006
"3339","56859067B46589048309453",1,61585.6372225734,61585.6372225734,11.0281839603639
"3340","56859067B47058469819557",1,29546.1150576182,29546.1150576182,10.2937075440599
"3341","56859067B47618181554929",1,2824.31984050917,2824.31984050917,7.9460228501706
"3342","56859067B47796147191103",1,16598.9873788083,16598.9873788083,9.71709697120737
"3343","56859067B48200522919953",1,18740.3136065269,18740.3136065269,9.83843229025895
"3344","56859067B49166380308461",1,2115.88399792842,2115.88399792842,7.65722797008056
"3345","56859067B49185000150445",1,11096.0437295067,11096.0437295067,9.31434390300229
"3346","56859067B49954070433936",1,6407.83303518689,6407.83303518689,8.76527643272629
"3347","56859067B50326719422970",1,20198.7033163127,20198.7033163127,9.91337368906714
"3348","56859067B50584819679722",1,13564.3388360358,13564.3388360358,9.51519948347288
"3349","56859067B50689624337337",1,37111.9988260734,37111.9988260734,10.5216956147996
"3350","56859067B51048892739897",1,10192.6045230927,10192.6045230927,9.22941768954323
"3351","56859067B51555505580585",1,6784.05904335595,6784.05904335595,8.82233088075874
"3352","56859067B51661934602442",1,1793.58794611885,1793.58794611885,7.49197333179958
"3353","56859067B52054946990631",1,114671.644480769,114671.644480769,11.6498280579147
"3354","56859067B52187416246307",1,5021.80868437792,5021.80868437792,8.52154544348768
"3355","56859067B52517514114560",1,21433.0771606154,21433.0771606154,9.97269066941535
"3356","56859067B53198529950841",1,18433.8444414979,18433.8444414979,9.82194362584478
"3357","56859067B53774247031455",1,2019.08405785747,2019.08405785747,7.61039925085752
"3358","56859067B54299641019683",1,108459.621685922,108459.621685922,11.5941332323374
"3359","56859067B54481618407288",1,11132.0765807478,11132.0765807478,9.31758600195627
"3360","56859067B54992205336034",1,3324.59078892821,3324.59078892821,8.10910187451706
"3361","56859067B55318119978612",1,5264.81308396183,5264.81308396183,8.5688009223162
"3362","56859067B5615097343728",1,3450.00098065654,3450.00098065654,8.14612979427364
"3363","56859067B56487205832332",1,3340.69387729633,3340.69387729633,8.11393381208769
"3364","56859067B56805786967083",1,29227.7303549886,29227.7303549886,10.2828732072968
"3365","56859067B57024538505568",1,45221.9481337827,45221.9481337827,10.7193378261464
"3366","56859067B57132169155590",1,20969.4546368105,20969.4546368105,9.95082211672948
"3367","56859067B57975111280948",1,60968.5260679409,60968.5260679409,11.0181130438998
"3368","56859067B58015021495227",1,9343.52373920802,9343.52373920802,9.14243873407809
"3369","56859067B58292211876940",1,25520.5112235099,25520.5112235099,10.1472377695273
"3370","56859067B60801601029552",1,5782.2525070733,5782.2525070733,8.66254859285644
"3371","56859067B60832354753392",1,7034.83443709897,7034.83443709897,8.85862943509941
"3372","56859067B60834920358023",1,16846.3230400111,16846.3230400111,9.73188769475764
"3373","56859067B62277062400963",1,14031.1247422669,14031.1247422669,9.54903333683034
"3374","56859067B6248133710185",1,15805.3699134473,15805.3699134473,9.66810502921274
"3375","56859067B62664054326026",1,5679.47915195184,5679.47915195184,8.6446148089106
"3376","56859067B62749816333800",1,14820.8763894298,14820.8763894298,9.60379203269069
"3377","56859067B63225010311185",1,18383.1243489312,18383.1243489312,9.81918836780375
"3378","56859067B63306994549847",1,7700.88919752015,7700.88919752015,8.94909108137187
"3379","56859067B63492372460068",1,5718.73624928222,5718.73624928222,8.65150312452384
"3380","56859067B63554103523917",1,3004.9946374644,3004.9946374644,8.00803106243008
"3381","56859067B63561064901677",1,2956.90235581691,2956.90235581691,7.99189749793997
"3382","56859067B64093274156036",1,27589.357149787,27589.357149787,10.2251853668234
"3383","56859067B6468412631318",1,46973.8967303043,46973.8967303043,10.7573473376898
"3384","56859067B65605113855989",1,21481.3267160993,21481.3267160993,9.97493931189694
"3385","56859067B65739017746258",1,4893.8338296651,4893.8338296651,8.49573128953674
"3386","56859067B66345802606616",1,48640.8687947009,48640.8687947009,10.7922193782137
"3387","56859067B66528087986219",1,15651.0109476314,15651.0109476314,9.65829079117472
"3388","56859067B67009186036385",1,4499.05181011228,4499.05181011228,8.41162194469224
"3389","56859067B67423545174",1,14572.3259575918,14572.3259575918,9.58687952663972
"3390","56859067B6752568486207",1,3261.56750643922,3261.56750643922,8.08996318899504
"3391","56859067B6764264702080",1,5310.66662498831,5310.66662498831,8.57747264778538
"3392","56859067B70095049374994",1,8126.2440505755,8126.2440505755,9.00285410939418
"3393","56859067B70229317935644",1,3039.58496395821,3039.58496395821,8.01947626006613
"3394","56859067B70278380109864",1,7195.53617674732,7195.53617674732,8.88121613728813
"3395","56859067B70457248873437",1,5570.15745760656,5570.15745760656,8.62517860139189
"3396","56859067B71322436842638",1,10242.0457291403,10242.0457291403,9.23425665687684
"3397","56859067B71530862715351",1,99765.0908237406,99765.0908237406,11.510573609763
"3398","56859067B73471401384793",1,3884.67285863649,3884.67285863649,8.26479405298503
"3399","56859067B74012880326604",1,3830.07739323417,3830.07739323417,8.25064028908128
"3400","56859067B74226062291931",1,21684.5515803039,21684.5515803039,9.98435537725944
"3401","56859067B74945803904377",1,55691.004226444,55691.004226444,10.9275739088586
"3402","56859067B75170256943646",1,10542.3565372753,10542.3565372753,9.26315637749163
"3403","56859067B75265848961106",1,2179.78290817905,2179.78290817905,7.68698056742027
"3404","56859067B76617068555003",1,59495.0126626671,59495.0126626671,10.993647767225
"3405","56859067B76792516798439",1,257644.049555133,257644.049555133,12.4593342584194
"3406","56859067B77617457657504",1,7478.43258261488,7478.43258261488,8.91977850123156
"3407","56859067B77647106940694",1,3476.85576250305,3476.85576250305,8.15388364782933
"3408","56859067B77707117894632",1,9849.39947637843,9849.39947637843,9.19516576544245
"3409","56859067B78422822608746",1,4257.61051924102,4257.61051924102,8.35646337091772
"3410","56859067B78691306233134",1,162698.578070933,162698.578070933,11.9996545535926
"3411","56859067B78866840167821",1,6971.10732163091,6971.10732163091,8.84952936081057
"3412","56859067B79381959059514",1,19403.7214919398,19403.7214919398,9.87322015613593
"3413","56859067B79456883934450",1,73034.2375732115,73034.2375732115,11.1986836180329
"3414","56859067B79685081913464",1,66955.1343760634,66955.1343760634,11.1117780378885
"3415","56859067B79923254105734",1,2452.90469824714,2452.90469824714,7.80502819240191
"3416","56859067B79934571610065",1,4827.1939154929,4827.1939154929,8.48202060794098
"3417","56859067B80537926238149",1,5327.84098567789,5327.84098567789,8.58070136674443
"3418","56859067B80668799138797",1,19808.9557863107,19808.9557863107,9.89388942686012
"3419","56859067B8429255067191",1,3163.97055128262,3163.97055128262,8.05958302141143
"3420","56859067B84759679452911",1,25472.1991535925,25472.1991535925,10.1453429071434
"3421","56859067B85496542343557",1,2454.51703647762,2454.51703647762,7.80568529438973
"3422","56859067B87271678481012",1,2493.4357124865,2493.4357124865,7.82141684261511
"3423","56859067B87802320520562",1,2790.81940620575,2790.81940620575,7.93409052567633
"3424","56859067B87870608767085",1,36250.9383178948,36250.9383178948,10.4982205445794
"3425","56859067B88467476938960",1,3040.70350434907,3040.70350434907,8.01984418353204
"3426","56859067B89103119002015",1,6261.59638308597,6261.59638308597,8.7421904448563
"3427","56859067B89266600210620",1,8121.99174155861,8121.99174155861,9.00233069144674
"3428","56859067B89739893768390",1,7017.36217664992,7017.36217664992,8.85614266809304
"3429","56859067B89984831429306",1,12368.7111306039,12368.7111306039,9.42292526679749
"3430","56859067B90274299514744",1,35973.3622272938,35973.3622272938,10.4905340054182
"3431","56859067B90452711270544",1,22077.7946025084,22077.7946025084,10.0023276132697
"3432","56859067B90736341852605",1,241772.137335831,241772.137335831,12.3957509803158
"3433","56859067B90836934538092",1,4214.29045126448,4214.29045126448,8.34623651730083
"3434","56859067B90842299420584",1,8681.45106552398,8681.45106552398,9.06894396712994
"3435","56859067B91421795940540",1,39905.3258008623,39905.3258008623,10.5942650726888
"3436","56859067B92701465953780",1,205877.666639573,205877.666639573,12.235037420108
"3437","56859067B93916704191286",1,3358.15496897093,3358.15496897093,8.11914698575994
"3438","56859067B94110743139040",1,2354.14812385513,2354.14812385513,7.76393421016305
"3439","56859067B94572130749254",1,6191.51752686367,6191.51752686367,8.73093549344557
"3440","56859067B95150069695364",1,41755.3456566581,41755.3456566581,10.6395827617631
"3441","56859067B96100556004213",1,24474.5818510688,24474.5818510688,10.105390382516
"3442","56859067B96169030602258",1,3302.20424127913,3302.20424127913,8.10234547637675
"3443","56859067B97443140399595",1,15005.9837137913,15005.9837137913,9.61620431479196
"3444","56859067B97850438953486",1,3378.90600052976,3378.90600052976,8.1253072676028
"3445","56859067B99383778089329",1,7555.33443152058,7555.33443152058,8.93000913997736
"3446","60261553B1263911264167",1,691114.991401253,691114.991401253,13.4460615019311
"3447","60261553B24389889044331",1,1194660.15596932,1194660.15596932,13.9933723145915
"3448","60261553B50567728635340",1,672970.429910963,672970.429910963,13.4194566699364
"3449","60261553B51345078390617",1,469404.50104519,469404.50104519,13.0592201512862
"3450","60261553B62690814577767",1,818681.947177632,818681.947177632,13.6154509445261
"3451","60261553B63127450973926",1,106602.267140897,106602.267140897,11.576860058226
"3452","60261553B78069071602625",1,569074.93204142,569074.93204142,13.2517673951962
"3453","60261553B95135707926293",1,992582.297757149,992582.297757149,13.8080652077604
"3454","60261553B96709228149477",1,443834.225139248,443834.225139248,13.0032064048921
"3455","65221844B21568199301359",1,366697.175031195,366697.175031195,12.8122916502697
"3456","65221844B3325932502431",1,142020.385211042,142020.385211042,11.8637258841042
"3457","65221844B53255720811613",1,124800.552203835,124800.552203835,11.7344721596179
"3458","65221844B64352145242214",1,84045.3277788849,84045.3277788849,11.3391115487002
"3459","65221844B660734165567",1,115327.102381974,115327.102381974,11.6555277383225
"3460","65221844B91551715822340",1,133642.489478064,133642.489478064,11.8029235245377
"3461","65221844B93227578092779",1,105737.10635289,105737.10635289,11.568711163734
"3462","65221844B93866494923153",1,63335.6045984886,63335.6045984886,11.0562029239129
"3463","75667366B10388242457894",1,193895.950794457,193895.950794457,12.1750769580548
"3464","75667366B10680094164751",2,28664.7302333202,57329.4604666404,10.9565699148454
"3465","75667366B12605402479047",1,25752.1258725362,25752.1258725362,10.1562724608409
"3466","75667366B18879934460880",1,57620.1301259944,57620.1301259944,10.9616272669837
"3467","75667366B19980502726207",1,44716.3517941105,44716.3517941105,10.7080945256576
"3468","75667366B2002412802844",1,37409.852626837,37409.852626837,10.5296893879288
"3469","75667366B23380456359307",1,72883.9136533494,72883.9136533494,11.1966232304557
"3470","75667366B25903359168563",1,69836.7414468691,69836.7414468691,11.1539155320205
"3471","75667366B26845086877570",1,87078.4045056379,87078.4045056379,11.3745641930129
"3472","75667366B27255150678965",1,48548.9645949177,48548.9645949177,10.7903281469198
"3473","75667366B29476094069096",1,19277.5780986915,19277.5780986915,9.86669794298624
"3474","75667366B3039479778897",1,31205.8393014569,31205.8393014569,10.3483605133838
"3475","75667366B31265103522165",1,75194.3199577062,75194.3199577062,11.2278309746079
"3476","75667366B35074617847721",2,36107.9920956514,72215.9841913028,11.1874166880695
"3477","75667366B37088337934130",1,456584.923376062,456584.923376062,13.0315299932074
"3478","75667366B38367821610265",1,26240.8319212613,26240.8319212613,10.1750719468718
"3479","75667366B39781215847289",1,28395.4373522451,28395.4373522451,10.2539837546316
"3480","75667366B40759243895064",1,113827.58051637,113827.58051637,11.6424401308563
"3481","75667366B41426179995922",1,21985.6231178755,21985.6231178755,9.99814402407774
"3482","75667366B41693677561366",1,19416.6987048301,19416.6987048301,9.87388873279264
"3483","75667366B44154135823395",1,34624.34182356,34624.34182356,10.4523122346031
"3484","75667366B44494476895893",1,78764.1696975053,78764.1696975053,11.2742134731687
"3485","75667366B44844501353027",1,70215.2498312768,70215.2498312768,11.1593208004858
"3486","75667366B45015819829333",1,75699.9127957035,75699.9127957035,11.2345322874527
"3487","75667366B45419331747538",1,40375.7643164624,40375.7643164624,10.6059849907845
"3488","75667366B46102635862321",1,105401.010271254,105401.010271254,11.5655275001597
"3489","75667366B46145165221806",1,95295.5641459395,95295.5641459395,11.4647385423464
"3490","75667366B47194088471769",1,22677.7869430721,22677.7869430721,10.0291411756147
"3491","75667366B49025507333210",1,29148.2507085186,29148.2507085186,10.2801501799786
"3492","75667366B497077547550",1,148354.7687883,148354.7687883,11.9073617707251
"3493","75667366B52062801683075",1,18717.4066328703,18717.4066328703,9.83720920586589
"3494","75667366B53824695685103",1,98250.1743971384,98250.1743971384,11.4952723047644
"3495","75667366B55450845848024",1,37934.3059468504,37934.3059468504,10.5436111517527
"3496","75667366B60114686204489",1,18564.7047869813,18564.7047869813,9.82901746489473
"3497","75667366B6235496505331",2,33784.4019042453,67568.8038084906,11.1209016733925
"3498","75667366B62455388286151",1,63348.4522584162,63348.4522584162,11.0564057538552
"3499","75667366B62928460103923",1,40017.6247544166,40017.6247544166,10.5970752549125
"3500","75667366B65149533303144",1,32509.86039247,32509.86039247,10.3892987189937
"3501","75667366B65648600044594",2,217891.732189886,435783.464379772,12.9849007576332
"3502","75667366B66529798652377",1,158040.846198236,158040.846198236,11.9706087988405
"3503","75667366B68367745340454",1,27330.8131380559,27330.8131380559,10.2157700310611
"3504","75667366B69202185225589",1,8575.85373924275,8575.85373924275,9.05670582850596
"3505","75667366B70751681444112",1,121170.344063089,121170.344063089,11.7049526367288
"3506","75667366B71613146081304",1,39486.3692269392,39486.3692269392,10.5837108084721
"3507","75667366B7302956753404",1,281520.308061298,281520.308061298,12.5479598662734
"3508","75667366B73876769816488",1,41528.2832512405,41528.2832512405,10.634129998213
"3509","75667366B76262272549979",1,80528.4989433343,80528.4989433343,11.2963664248957
"3510","75667366B80263662304106",1,41761.427989021,41761.427989021,10.6397284171113
"3511","75667366B80682104725187",1,53616.8891651993,53616.8891651993,10.8896193937921
"3512","75667366B82556438360114",1,40416.927280766,40416.927280766,10.6070039682947
"3513","75667366B82870270071557",1,42664.65217282,42664.65217282,10.6611260384195
"3514","75667366B8388196899019",1,28820.6531783452,28820.6531783452,10.2688475333614
"3515","75667366B86860977517537",1,72262.298359363,72262.298359363,11.1880578109957
"3516","75667366B89140663288606",1,135287.048262124,135287.048262124,11.8151540835024
"3517","75667366B90563155997798",1,25292.8606676891,25292.8606676891,10.1382774478455
"3518","75667366B91463258125198",1,27912.2234017823,27912.2234017823,10.2368199866244
"3519","75667366B92506466281371",2,22282.892273119,44565.784546238,10.7047216809479
"3520","75667366B93291752136089",1,27690.5594885615,27690.5594885615,10.2288468213983
"3521","75667366B93303026760321",1,54132.9231895839,54132.9231895839,10.8991978414658
"3522","75667366B96454310315942",1,194210.72322862,194210.72322862,12.1766990507641
"3523","75667366B96937661980351",1,38278.7097855431,38278.7097855431,10.552649140337
"3524","75667366B9750656068001",1,29008.0777333141,29008.0777333141,10.2753296127109
"3525","75667366B98184381496608",1,81935.2940193055,81935.2940193055,11.3136851174197
"3526","77236927B10986826820410",1,1079.88499327828,1079.88499327828,6.98460982674275
"3527","77236927B11071622458470",1,2042.17821846458,2042.17821846458,7.62177227134356
"3528","77236927B11778048532769",1,1013.27169376002,1013.27169376002,6.92093967535573
"3529","77236927B15473640252363",1,953.213168310613,953.213168310613,6.85983855997454
"3530","77236927B16584952276885",1,2422.98734740628,2422.98734740628,7.79275649893177
"3531","77236927B16755152791685",1,2437.68825459314,2437.68825459314,7.79880543254331
"3532","77236927B17135940935596",1,4192.48172903561,4192.48172903561,8.34104813567609
"3533","77236927B19394632379581",1,6893.11388568905,6893.11388568905,8.83827820468287
"3534","77236927B20475273490027",1,1330.62691967663,1330.62691967663,7.19340547833464
"3535","77236927B21234024058134",1,1187.19748491447,1187.19748491447,7.07935075390891
"3536","77236927B23242879306276",1,3441.81551845006,3441.81551845006,8.14375437813872
"3537","77236927B24909731902413",1,4358.73469486946,4358.73469486946,8.37993708662596
"3538","77236927B26807877785061",1,3393.21269940002,3393.21269940002,8.12953245052944
"3539","77236927B27410418950848",1,5119.87679800016,5119.87679800016,8.54088565485344
"3540","77236927B2761964185252",1,2824.87275508329,2824.87275508329,7.94621860011771
"3541","77236927B27814537301823",1,3409.5357956338,3409.5357956338,8.13433143069832
"3542","77236927B32680405740537",1,NA,NA,NA
"3543","77236927B36499931511312",1,2952.00495069986,2952.00495069986,7.9902398627853
"3544","77236927B38715927177991",1,3103.86342332701,3103.86342332701,8.04040288011826
"3545","77236927B39670792397739",1,33997.9376017189,33997.9376017189,10.4340551429855
"3546","77236927B40431360126678",1,4000.12152484351,4000.12152484351,8.2940800208514
"3547","77236927B4251587034950",1,2357.5137093524,2357.5137093524,7.76536282969851
"3548","77236927B45015777626882",1,1639.63102388255,1639.63102388255,7.40222651006775
"3549","77236927B47218530990891",1,1139.49440841968,1139.49440841968,7.03833994162647
"3550","77236927B51416444743643",1,2065.0466212496,2065.0466212496,7.6329080820166
"3551","77236927B5490091431503",1,4715.02141192172,4715.02141192172,8.45850873629197
"3552","77236927B59461179812420",1,2666.27416185486,2666.27416185486,7.88843733185603
"3553","77236927B63418931336998",1,526.328369977653,526.328369977653,6.26592529548161
"3554","77236927B64905396997634",1,5578.96754400633,5578.96754400633,8.62675901029972
"3555","77236927B6539808470139",1,5669.1550877864,5669.1550877864,8.64279537111828
"3556","77236927B67175476765241",1,835.491487250924,835.491487250924,6.72802015917555
"3557","77236927B67571127096265",1,1365.85333159246,1365.85333159246,7.21953466364314
"3558","77236927B67758893467366",1,6815.77012663927,6815.77012663927,8.82699434238868
"3559","77236927B68296465422624",1,1204.23654904418,1204.23654904418,7.093601075877
"3560","77236927B69269343415786",1,2921.8139428129,2921.8139428129,7.97995991568131
"3561","77236927B70121045858985",1,2831.59597338623,2831.59597338623,7.94859577987128
"3562","77236927B7031422019545",1,4121.51013257346,4121.51013257346,8.32397491221768
"3563","77236927B71259350499613",1,967.886388287023,967.886388287023,6.87511471291639
"3564","77236927B73444068942664",1,2572.43200437828,2572.43200437828,7.85260703563032
"3565","77236927B73770222811595",1,1544.92980164478,1544.92980164478,7.34273375247099
"3566","77236927B78933945874407",1,1861.24621292096,1861.24621292096,7.52900154929955
"3567","77236927B797015037992",1,634.435188911736,634.435188911736,6.4527351368021
"3568","77236927B80852571944001",1,2294.18034493901,2294.18034493901,7.73813091052732
"3569","77236927B82266009819224",1,844.931453382678,844.931453382678,6.73925550380956
"3570","77236927B82748520253825",1,1941.68185095083,1941.68185095083,7.5713098099674
"3571","77236927B83961897513760",1,800.443472292751,800.443472292751,6.685165914444
"3572","77236927B84597259035429",1,6871.85337946128,6871.85337946128,8.83518912750244
"3573","77236927B85216783558225",1,10550.3613663634,10550.3613663634,9.26391539105347
"3574","77236927B86135291775280",1,406.478300194144,406.478300194144,6.00753054550677
"3575","77236927B86395134968187",1,1149.52031787844,1149.52031787844,7.04710001945237
"3576","77236927B86415153324425",1,4263.82903366749,4263.82903366749,8.3579228697481
"3577","77236927B87876939805141",1,1612.05645284043,1612.05645284043,7.38526594282585
"3578","77236927B87914906430322",1,2764.00907075495,2764.00907075495,7.92443746663143
"3579","77236927B89058038610930",1,569.50057977131,569.50057977131,6.34475980092238
"3580","77236927B93199120734028",1,3198.27662029685,3198.27662029685,8.07036738755713
"3581","77236927B97442931027551",1,1407.00395081364,1407.00395081364,7.24921786508034
"3582","77236927B97444346691075",1,328.310672059804,328.310672059804,5.79396033101485
"3583","79324940B26279629748947",2,328.590852505803,657.181705011606,6.48796054799658
"3584","79324940B30441549583849",2,983.169531205326,1966.33906241065,7.58392874891471
"3585","79324940B51603968819213",1,NA,NA,NA
"3586","79324940B58732194011753",3,NA,NA,NA
"3587","79324940B66206681775054",2,1121.52736805961,2243.05473611922,7.71559393730726
"3588","79324940B71932148328417",2,2597.28963400819,5194.57926801638,8.55537091238383
"3589","79324940B76926879567495",2,820.999690180235,1641.99938036047,7.40366991264353
"3590","79324940B77190916627334",3,NA,NA,NA
"3591","79324940B88858920972167",2,531.916339193627,1063.83267838725,6.96963340038055
"3592","79324940B90066431308454",2,300.281296906427,600.562593812854,6.39786687224579
"3593","81297802B1045120286230",1,118458.777190227,118458.777190227,11.6823203072235
"3594","81297802B11658146957456",1,69110.5289100016,69110.5289100016,11.1434623702178
"3595","81297802B12572198720361",1,96288.8679324423,96288.8679324423,11.4751079933103
"3596","81297802B14138193507010",1,182557.210111852,182557.210111852,12.114818882945
"3597","81297802B15377501666570",1,61801.7985856151,61801.7985856151,11.0316877463494
"3598","81297802B17102674968438",1,24841.0311374444,24841.0311374444,10.1202520463551
"3599","81297802B1803091954954",1,37154.6124289138,37154.6124289138,10.5228431993412
"3600","81297802B20968372540645",1,143917.093575738,143917.093575738,11.8769926736994
"3601","81297802B21786246689715",1,57381.8500864791,57381.8500864791,10.9574833317217
"3602","81297802B21955309192571",1,28762.2554075449,28762.2554075449,10.2668192304411
"3603","81297802B23204917551818",1,129301.450134205,129301.450134205,11.7699017799655
"3604","81297802B2421652022296",1,51630.8790170964,51630.8790170964,10.8518752030454
"3605","81297802B2573632778711",1,45763.0989058342,45763.0989058342,10.731233344605
"3606","81297802B26419635481013",1,185403.194053912,185403.194053912,12.1302881598722
"3607","81297802B28811761284346",1,44255.0013688239,44255.0013688239,10.6977236693334
"3608","81297802B3478153063518",1,120806.048792182,120806.048792182,11.7019416360122
"3609","81297802B35293124334630",1,53878.9144804746,53878.9144804746,10.8944944833368
"3610","81297802B36312306774318",1,87560.388656666,87560.388656666,11.3800839903737
"3611","81297802B37970290892439",1,17706.2968407916,17706.2968407916,9.78167560901361
"3612","81297802B44208556699353",1,53618.1648852566,53618.1648852566,10.8896431867592
"3613","81297802B45106503001809",1,161953.339907405,161953.339907405,11.9950635474643
"3614","81297802B45369844815447",1,38873.9343453529,38873.9343453529,10.5680792367676
"3615","81297802B47177978604160",1,109300.646915784,109300.646915784,11.6018575928643
"3616","81297802B49219208970184",1,108851.730960521,108851.730960521,11.5977419687918
"3617","81297802B49611781778497",1,19641.3248593914,19641.3248593914,9.88539103683248
"3618","81297802B50675624734559",1,85805.8369556067,85805.8369556067,11.3598423129478
"3619","81297802B51008955299030",1,63193.7437760894,63193.7437760894,11.0539605843504
"3620","81297802B52627388081803",1,32219.031519935,32219.031519935,10.3803125979283
"3621","81297802B55656475848083",1,162928.217323976,162928.217323976,12.0010649982757
"3622","81297802B56181672233009",1,18056.5884722413,18056.5884722413,9.80126590947278
"3623","81297802B61161719512326",1,23891.3831458585,23891.3831458585,10.08127313508
"3624","81297802B61701358015931",1,52045.1414975747,52045.1414975747,10.8598667267003
"3625","81297802B6190272756602",1,294983.970591495,294983.970591495,12.5946762968677
"3626","81297802B62904822955283",1,50983.3272224374,50983.3272224374,10.8392539410503
"3627","81297802B636661033486",1,124290.754434634,124290.754434634,11.7303788936755
"3628","81297802B6416238429405",1,72319.3554824928,72319.3554824928,11.1888470830033
"3629","81297802B64656263356693",1,83719.1122317757,83719.1122317757,11.3352225724877
"3630","81297802B65581648571900",1,94199.9197508816,94199.9197508816,11.4531746086626
"3631","81297802B6947069841891",1,54586.0576534919,54586.0576534919,10.9075337747929
"3632","81297802B71017047307278",1,169700.868185244,169700.868185244,12.0417925672095
"3633","81297802B73536270925214",1,46946.0042430935,46946.0042430935,10.7567533743713
"3634","81297802B75835306112543",1,165930.880200697,165930.880200697,12.0193265962935
"3635","81297802B76302638024773",1,37490.305911895,37490.305911895,10.5318376695232
"3636","81297802B78420794750623",1,56022.2206735003,56022.2206735003,10.933503688755
"3637","81297802B78907971348627",1,40714.9042851593,40714.9042851593,10.6143495030489
"3638","81297802B8571934498047",1,43622.1446090874,43622.1446090874,10.6833202042758
"3639","81297802B87471755079038",1,54203.5023913972,54203.5023913972,10.9005008051074
"3640","81297802B87599740731463",1,206882.700602576,206882.700602576,12.2399072478772
"3641","81297802B89663618716792",1,15422.1676143292,15422.1676143292,9.64356120885474
"3642","81297802B9030212335391",1,111173.940657319,111173.940657319,11.6188512867283
"3643","81297802B91685830390053",1,31340.2346998099,31340.2346998099,10.3526580047081
"3644","81297802B92234400822922",1,186152.032383289,186152.032383289,12.1343189972283
"3645","81297802B94904539855050",1,51160.2274823228,51160.2274823228,10.8427177021708
"3646","81297802B95398881806036",1,96196.0467125345,96196.0467125345,11.4741435413451
"3647","81297802B973126409201",1,90461.949894945,90461.949894945,11.4126845981272
"3648","86173395B10183828018242",1,31.7619582283497,31.7619582283497,3.45826929154212
"3649","86173395B2607926408865",2,2211.67711491487,4423.35422982974,8.3946535627984
"3650","86173395B2854433088661",1,7240.89947587127,7240.89947587127,8.88750071466178
"3651","86173395B29974075887394",1,285.189350946091,285.189350946091,5.65315334894433
"3652","86173395B32206568144682",2,1624.5353913539,3249.0707827078,8.08612432142988
"3653","86173395B33619167853359",2,297.288303616013,594.576607232026,6.38784956776523
"3654","86173395B49833060083827",1,2481.20611924919,2481.20611924919,7.81650005934177
"3655","86173395B5227574641069",1,287.997658734135,287.997658734135,5.66295235070754
"3656","86173395B52487001010255",1,358.80077238328,358.80077238328,5.88276728286705
"3657","86173395B54100841330838",1,476.837684537463,476.837684537463,6.16717614899006
"3658","86173395B62367841899466",1,1311.66097080199,1311.66097080199,7.17904952971043
"3659","86173395B65522481744755",2,8304.68553977378,16609.3710795476,9.71772233792586
"3660","86173395B65596766403294",2,983.187840715259,1966.37568143052,7.5839473716841
"3661","86173395B69111748421310",2,147.718233423933,295.436466847866,5.68845381152298
"3662","86173395B69626346529227",1,234462.714323914,234462.714323914,12.3650518534756
"3663","86173395B71884173217057",2,303.840333857246,607.680667714492,6.40964952641625
"3664","86173395B80196731911279",1,3286.95870265519,3286.95870265519,8.09771800974446
"3665","86173395B8049186625596",2,4130.22805955561,8260.45611911122,9.01923508522183
"3666","86173395B80651222663477",1,699.514695650775,699.514695650775,6.55038680267796
"3667","86173395B80884224234425",1,946.911905858733,946.911905858733,6.85320606442264
"3668","86173395B82868545095992",2,622.278108286735,1244.55621657347,7.12653429280307
"3669","86173395B84342245076332",2,2398.69205498933,4797.38410997866,8.47582607125421
"3670","86173395B87338577523436",2,13251.9917976473,26503.9835952946,10.1850503250275
"3671","86173395B87539988418274",1,3345.28452119092,3345.28452119092,8.11530702759704
"3672","86173395B89769104432743",2,4040.60049843587,8081.20099687174,8.99729577869627
"3673","86173395B93497811769454",1,919.507091594998,919.507091594998,6.82383775646162
"3674","86173395B95713051783720",2,35687.4616902533,71374.9233805066,11.1757018734797
"3675","86173395B97599350653423",2,1007.76513315794,2015.53026631588,7.60863759922238
"3676","86173395B9994145648784",2,1242.27209555697,2484.54419111394,7.81784449760745
"3677","86288312B1227555163680",1,2953.88926613182,2953.88926613182,7.99087797631281
"3678","86288312B12375056094040",1,7218.3264292532,7218.3264292532,8.88437840851558
"3679","86288312B13820537707867",1,18120.6228634709,18120.6228634709,9.80480595336992
"3680","86288312B18115078768764",1,3680.21281060781,3680.21281060781,8.21072585846046
"3681","86288312B18361683612622",1,945.105359978822,945.105359978822,6.85129641332005
"3682","86288312B18564926842494",1,4548.1625825127,4548.1625825127,8.42247860236532
"3683","86288312B25157872919585",1,1303.28583623343,1303.28583623343,7.1726439208596
"3684","86288312B27071382350329",1,3247.50013491906,3247.50013491906,8.08564079009027
"3685","86288312B29042304945393",1,3394.58618865818,3394.58618865818,8.12993714409787
"3686","86288312B29222354807484",1,11599.9574285983,11599.9574285983,9.3587567071393
"3687","86288312B29366905893457",1,2295.91650357012,2295.91650357012,7.73888739073731
"3688","86288312B39553824960786",1,3303.63311288093,3303.63311288093,8.10277808515819
"3689","86288312B40278854732862",1,344.973643751442,344.973643751442,5.84346801918976
"3690","86288312B41208068814146",1,551.715473585104,551.715473585104,6.31303246698513
"3691","86288312B41504021313270",1,2987.59974607561,2987.59974607561,8.00222558349014
"3692","86288312B43880270832618",1,1311.73327722641,1311.73327722641,7.1791046540399
"3693","86288312B44051007085093",1,3745.82559450268,3745.82559450268,8.22839732412592
"3694","86288312B4648926178288",1,6768.93128619256,6768.93128619256,8.82009849320765
"3695","86288312B46732094957179",1,23603.8303396258,23603.8303396258,10.0691642803706
"3696","86288312B47983318016023",1,648.397041243375,648.397041243375,6.47450322668543
"3697","86288312B48706769721538",1,4690.50336344242,4690.50336344242,8.4532951826412
"3698","86288312B52502401984724",1,3462.97330655778,3462.97330655778,8.14988283618842
"3699","86288312B63087388072573",1,2109.44634003749,2109.44634003749,7.65418079395121
"3700","86288312B63643757450384",1,3191.98448410259,3191.98448410259,8.06839809768777
"3701","86288312B65221364882540",1,6852.26087735254,6852.26087735254,8.83233393188803
"3702","86288312B66000336849668",1,2933.4736987863,2933.4736987863,7.98394256251229
"3703","86288312B66077972443640",1,926.969101728822,926.969101728822,6.83192023354198
"3704","86288312B69677732452167",1,1033.71023579411,1033.71023579411,6.94090977961897
"3705","86288312B70767973443782",1,806.333255643413,806.333255643413,6.69249712559228
"3706","86288312B71092976212534",1,4334.94408507449,4334.94408507449,8.37446399064806
"3707","86288312B7521239931161",1,1911.79201179211,1911.79201179211,7.55579630725087
"3708","86288312B77000887435239",1,2336.0259924358,2336.0259924358,7.7562064707851
"3709","86288312B80275455305326",1,4893.90282297947,4893.90282297947,8.49574538744656
"3710","86288312B80976394887598",1,1066.18981439581,1066.18981439581,6.97184665115958
"3711","86288312B82574062898212",1,19157.5265798834,19157.5265798834,9.86045095028368
"3712","86288312B88311782618273",1,19356.1935894375,19356.1935894375,9.87076772938404
"3713","86288312B89960362745418",1,12816.7386150062,12816.7386150062,9.4585072999045
"3714","86288312B90203417254551",1,7432.87694467869,7432.87694467869,8.91366826931833
"3715","86288312B92736978662870",1,3589.47610114509,3589.47610114509,8.18576153800443
"3716","86288312B93862258107530",1,2479.86166326323,2479.86166326323,7.81595805666097
"3717","86288312B9709733023788",1,2344.44897470782,2344.44897470782,7.7598056744659
"3718","86288312B97318118947912",1,4091.67139179782,4091.67139179782,8.31670881881215
"3719","91817680B11476058556898",1,224294.205390409,224294.205390409,12.3207138859811
"3720","91817680B11624916188823",1,223931.484353679,223931.484353679,12.3190954106273
"3721","91817680B12008242239928",1,412437.351382321,412437.351382321,12.9298395977858
"3722","91817680B15590775835688",1,299833.348503219,299833.348503219,12.610982094299
"3723","91817680B1708787718818",1,393194.77116462,393194.77116462,12.8820603690096
"3724","91817680B24548286345957",1,77141.9166889292,77141.9166889292,11.2534020783414
"3725","91817680B26152541530210",1,1092622.65798261,1092622.65798261,13.9040914724027
"3726","91817680B32751924176777",1,378349.213221718,378349.213221718,12.8435728926219
"3727","91817680B33034423068968",1,130236.595466018,130236.595466018,11.7771080404311
"3728","91817680B37722151409475",1,289132.72186177,289132.72186177,12.5746411068702
"3729","91817680B44823551048989",1,192934.784024152,192934.784024152,12.1701075041731
"3730","91817680B48442195707238",1,541109.991805581,541109.991805581,13.2013778491886
"3731","91817680B50207003035",1,279959.891287208,279959.891287208,12.542401626488
"3732","91817680B5353031397212",1,269575.177778777,269575.177778777,12.504602583228
"3733","91817680B54012703126739",1,93382.0428240478,93382.0428240478,11.4444543447479
"3734","91817680B55707549130569",1,121949.471624482,121949.471624482,11.7113620709121
"3735","91817680B57927404517776",1,282637.007418144,282637.007418144,12.551918694014
"3736","91817680B58127051569150",1,182617.269865759,182617.269865759,12.1151478202489
"3737","91817680B63178832268751",1,130418.763210043,130418.763210043,11.7785058077711
"3738","91817680B63526671374694",1,85068.8901499426,85068.8901499426,11.3512166795694
"3739","91817680B65451529480853",1,293532.023893629,293532.023893629,12.5897420226683
"3740","91817680B65504384218086",1,166533.4291277,166533.4291277,12.0229513437917
"3741","91817680B8006777837161",1,346534.745614291,346534.745614291,12.7557383685279
"3742","91817680B85909931268472",1,33659.6096575043,33659.6096575043,10.4240538710496
"3743","91817680B87761816793360",1,308715.577525408,308715.577525408,12.6401756709126
"3744","91817680B90297389150949",1,210939.47332741,210939.47332741,12.2593265150389
"3745","91817680B91211823266814",1,123501.815271991,123501.815271991,11.7240111335008
"3746","91817680B95262291256995",1,109977.305006131,109977.305006131,11.608029305362
"3747","92452058B1998456811231",1,25334.9157431991,25334.9157431991,10.1399387921969
"3748","92452058B26998381958141",1,19638.8960530689,19638.8960530689,9.88526737121812
"3749","92452058B71215590710272",1,26496.6906954898,26496.6906954898,10.1847751247608
"3750","92452058B72866558471416",1,47954.024596033,47954.024596033,10.7779980099705
"3751","92452058B72966397381157",1,57242.6830157059,57242.6830157059,10.9550551056625
"3752","92452058B84467790604965",1,53306.5889319728,53306.5889319728,10.8838152222505
"3753","92452058B94720386415889",1,40642.8681205314,40642.8681205314,10.6125786535941
"3754","92452058B95168979191",1,101208.482961331,101208.482961331,11.5249378560511
"3755","93511190B20758743929628",1,11847.112978154,11847.112978154,9.37983948634501
"3756","93511190B21658762393869",1,8068.65252795255,8068.65252795255,8.9957417743302
"3757","93511190B28979172348328",1,11164.6820574136,11164.6820574136,9.32051068714811
"3758","93511190B48408833278115",1,28597.5230463145,28597.5230463145,10.2610753862851
"3759","93511190B55681603978518",1,3559.6567387889,3559.6567387889,8.1774193975087
"3760","93511190B76376744251170",1,4932.04489902392,4932.04489902392,8.50350896785673
"3761","93511190B82420517640996",1,40099.7774093667,40099.7774093667,10.5991260623906
"3762","94954027B50419639501702",1,12952.1298336539,12952.1298336539,9.46901551952387
"3763","94954027B73683206567439",1,7897.07394672097,7897.07394672097,8.97424758335408
"3764","94954027B8071677306874",1,42621.3752576106,42621.3752576106,10.6601111730253
"3765","DIS013",1,NA,NA,NA
"3766","DIS017",4,NA,NA,NA
"3767","DIS018",1,NA,NA,NA
