"","ADM2_id","total_exposure_days","total_population","total_person_day_exposure","log_total_person_day_exposure"
"1","16705992B31973889793084",1,1248191.76801388,1248191.76801388,14.0372064763745
"2","16705992B37732832620169",1,1642854.31580959,1642854.31580959,14.3119457234651
"3","16705992B49808088196813",1,1431090.96848523,1431090.96848523,14.173947626389
"4","16705992B83268326466345",1,1060340.01778545,1060340.01778545,13.8741001861478
"5","16705992B96773862439533",1,2066561.87124788,2066561.87124788,14.5413968526008
"6","17275852B12443275471591",1,719472.700124954,719472.700124954,13.4862738617474
"7","17275852B15154532755577",1,524103.678162026,524103.678162026,13.1694448028195
"8","17275852B16277870573564",1,223713.107187422,223713.107187422,12.3181197384637
"9","17275852B23391188567726",1,987750.979002439,987750.979002439,13.8031858994171
"10","17275852B26033440645013",1,91309.3855609722,91309.3855609722,11.422008860434
"11","17275852B26545854509310",1,575506.010652188,575506.010652188,13.2630049513158
"12","17275852B28001364673929",1,708208.390166274,708208.390166274,13.4704936657604
"13","17275852B29365851049062",1,992925.334715693,992925.334715693,13.8084107485746
"14","17275852B31753067259114",1,155190.879392505,155190.879392505,11.9524111182035
"15","17275852B37463175613953",1,241088.347506604,241088.347506604,12.3929187324605
"16","17275852B38667129164520",1,107664.615747905,107664.615747905,11.5867762645742
"17","17275852B3879764169207",1,812856.469599508,812856.469599508,13.6083098287861
"18","17275852B40414648244388",1,244762.468620456,244762.468620456,12.4080435034075
"19","17275852B40934974334003",1,663041.05487812,663041.05487812,13.4045921901439
"20","17275852B42279115337630",1,613250.078706994,613250.078706994,13.3265280904648
"21","17275852B43707425356039",1,666597.294087067,666597.294087067,13.4099413855722
"22","17275852B44248179758570",1,524851.136933329,524851.136933329,13.1708699526678
"23","17275852B46998996515844",1,382137.73683758,382137.73683758,12.8535363902375
"24","17275852B47532353262214",1,758509.408300538,758509.408300538,13.5391104815178
"25","17275852B47804746725670",1,393850.582455208,393850.582455208,12.8837268840061
"26","17275852B49260746635311",1,340879.886703173,340879.886703173,12.739285455808
"27","17275852B50589627480209",2,421452.325770421,842904.651540842,13.644609124467
"28","17275852B50974554768856",1,300125.755847935,300125.755847935,12.6119568519641
"29","17275852B53008264931106",1,176468.602072019,176468.602072019,12.0808982475876
"30","17275852B54078553013960",1,348959.092275435,348959.092275435,12.762709980204
"31","17275852B57618783853866",1,542475.311780589,542475.311780589,13.2038978551227
"32","17275852B59692497706789",1,557049.747998192,557049.747998192,13.230409829101
"33","17275852B60568982990722",1,643872.803819434,643872.803819434,13.3752564759817
"34","17275852B62298947029961",1,539520.859780878,539520.859780878,13.1984367279577
"35","17275852B69233894766016",1,706846.84901704,706846.84901704,13.4685693005036
"36","17275852B71290929913135",1,257782.373713952,257782.373713952,12.4598709952101
"37","17275852B71820490263286",1,505674.936310649,505674.936310649,13.1336493234721
"38","17275852B72819681774342",1,281098.841584753,281098.841584753,12.5464616358785
"39","17275852B75685650180995",1,508807.417030797,508807.417030797,13.1398248683994
"40","17275852B77187634403002",1,291383.11567577,291383.11567577,12.5823942289773
"41","17275852B7795452989931",1,448157.344092902,448157.344092902,13.0128996642288
"42","17275852B80309702523612",2,137507.574339995,275015.14867999,12.5245814612406
"43","17275852B80322806028087",1,381536.190950122,381536.190950122,12.8519609900831
"44","17275852B82537963815987",1,710452.744654414,710452.744654414,13.4736577143207
"45","17275852B82708605205805",1,5286189.9804795,5286189.9804795,15.4806083138107
"46","17275852B85583949591367",1,223037.403082225,223037.403082225,12.3150947632038
"47","17275852B8657294857468",1,171480.274641153,171480.274641153,12.0522235223035
"48","17275852B87182296846240",1,310310.228515535,310310.228515535,12.6453278132046
"49","17275852B88042861362346",1,177735.988484765,177735.988484765,12.0880545174685
"50","17275852B90270417137698",1,214355.495483217,214355.495483217,12.2753911095945
"51","17275852B90975196028640",1,443100.828156945,443100.828156945,13.0015526261927
"52","17275852B93478142128701",1,366512.15265662,366512.15265662,12.8117869584402
"53","17275852B93743910489906",1,336124.80897281,336124.80897281,12.7252378252491
"54","17275852B97102685179742",1,376322.912043991,376322.912043991,12.8382028624345
"55","17275852B97964298438185",1,423695.031696578,423695.031696578,12.9567692105525
"56","17275852B98251292892168",1,277429.709836286,277429.709836286,12.533322882196
"57","17275852B98379602519550",1,563721.733386269,563721.733386269,13.2423160282072
"58","17275852B98717202018932",1,315841.882662017,315841.882662017,12.6629969960188
"59","22064153B10066515375089",1,137572.619766879,137572.619766879,11.8319072004291
"60","22064153B10207741545348",1,126206.936110501,126206.936110501,11.7456781888349
"61","22064153B10383419065697",1,20819.4035825057,20819.4035825057,9.94364069538524
"62","22064153B10908081440803",1,6860.51538253526,6860.51538253526,8.83353784654737
"63","22064153B11166704859619",1,24271.422213502,24271.422213502,10.0970548966536
"64","22064153B11283862904746",1,27421.7248619295,27421.7248619295,10.2190908563869
"65","22064153B11294111383773",1,50250.3994941694,50250.3994941694,10.8247737760224
"66","22064153B11731771091880",1,35507.8490198686,35507.8490198686,10.4775090501759
"67","22064153B11925080577501",1,43634.512131552,43634.512131552,10.6836036788669
"68","22064153B12172811493606",1,6862.08986713384,6862.08986713384,8.83376731967974
"69","22064153B12345861604897",1,77903.6893573992,77903.6893573992,11.2632285909094
"70","22064153B1240967535924",1,5210.29377428223,5210.29377428223,8.55839151977622
"71","22064153B12662900476516",1,32597.729717128,32597.729717128,10.3919979243509
"72","22064153B12861375372699",1,17835.2313730053,17835.2313730053,9.78893107068363
"73","22064153B12869480434443",1,23161.7400874608,23161.7400874608,10.0502570621746
"74","22064153B12953099652868",1,58222.0460491325,58222.0460491325,10.9720193600887
"75","22064153B13144997370504",1,178574.399328104,178574.399328104,12.0927605963222
"76","22064153B13335973696353",1,100918.7870515,100918.7870515,11.5220713837717
"77","22064153B13433087472373",1,49279.5479723003,49279.5479723003,10.8052644255253
"78","22064153B1352051297857",1,126105.369974169,126105.369974169,11.7448731060912
"79","22064153B13529558542609",1,312594.771379846,312594.771379846,12.6526629705975
"80","22064153B13639223419847",1,38525.5074839724,38525.5074839724,10.5590758329496
"81","22064153B13708684658213",1,24390.9938994642,24390.9938994642,10.1019692406652
"82","22064153B13741289865163",1,64996.6481171629,64996.6481171629,11.0820909801199
"83","22064153B13786864628755",1,35801.50321823,35801.50321823,10.4857451608433
"84","22064153B13823601910405",1,47854.8380830295,47854.8380830295,10.7759275011331
"85","22064153B13974843260526",1,23184.7250373245,23184.7250373245,10.051248937248
"86","22064153B14063031562338",1,45035.7668919676,45035.7668919676,10.715212272872
"87","22064153B14136631633740",1,30067.05112497,30067.05112497,10.3111852041624
"88","22064153B14409781546574",1,107707.272532219,107707.272532219,11.5871723866978
"89","22064153B1510965020390",1,16092.9868105118,16092.9868105118,9.68613885423895
"90","22064153B15197878860903",1,14862.8679660744,14862.8679660744,9.60662129871271
"91","22064153B15237000314247",1,4091.82090140837,4091.82090140837,8.3167453581294
"92","22064153B15329717394060",1,58685.1592037612,58685.1592037612,10.9799421493833
"93","22064153B15364293597369",1,73560.9201959564,73560.9201959564,11.2058691881011
"94","22064153B15500594562934",1,23160.2463190279,23160.2463190279,10.050192567167
"95","22064153B15557239492888",1,16769.9205386145,16769.9205386145,9.72734211650039
"96","22064153B15570456578979",1,106845.199918021,106845.199918021,11.579136336182
"97","22064153B15644746046041",1,95150.7237387513,95150.7237387513,11.4632174789881
"98","22064153B16137538167455",1,10704.1969185327,10704.1969185327,9.2783911789227
"99","22064153B16301749391427",1,99834.5725261478,99834.5725261478,11.5112698204083
"100","22064153B16354527619629",1,16366.6047948298,16366.6047948298,9.70299824475073
"101","22064153B16387988868573",1,60401.3317030588,60401.3317030588,11.0087664317437
"102","22064153B16462866208111",1,98234.476739041,98234.476739041,11.4951125196816
"103","22064153B16569113596510",1,6936.31638070255,6936.31638070255,8.84452613170822
"104","22064153B1664466739684",1,33547.2487161663,33547.2487161663,10.4207101335578
"105","22064153B17016857460461",1,11666.0766298597,11666.0766298597,9.36444047594105
"106","22064153B17092575420538",1,33886.5768927163,33886.5768927163,10.4307742530882
"107","22064153B17451481377922",1,53628.1362603374,53628.1362603374,10.8898291395614
"108","22064153B1746305161850",1,33866.8667535011,33866.8667535011,10.4301924335168
"109","22064153B17536493511153",1,97264.855497208,97264.855497208,11.4851930055701
"110","22064153B17594552103117",1,54922.2056440456,54922.2056440456,10.9136730201105
"111","22064153B17605300042191",1,47285.9536493434,47285.9536493434,10.7639685673618
"112","22064153B17640645318479",1,3129.98298326026,3129.98298326026,8.04878284686136
"113","22064153B17737822356535",1,18269.5853831595,18269.5853831595,9.81299295525354
"114","22064153B17786192900668",1,286493.226672288,286493.226672288,12.565470173225
"115","22064153B17826218371858",1,227474.572600271,227474.572600271,12.3347937423365
"116","22064153B18037782605293",1,55023.5454077173,55023.5454077173,10.9155164709288
"117","22064153B18374709515284",1,45821.9262073425,45821.9262073425,10.7325179936953
"118","22064153B18541020859979",1,40117.2204212432,40117.2204212432,10.5995609580517
"119","22064153B18725311091842",1,269144.05268093,269144.05268093,12.5030020270737
"120","22064153B19125244688726",1,389391.543332122,389391.543332122,12.8723406545096
"121","22064153B19171708056014",1,36957.0103811157,36957.0103811157,10.5175106345272
"122","22064153B19332172900276",1,63217.2432537789,63217.2432537789,11.0543323792159
"123","22064153B19974298911936",1,37044.4891448107,37044.4891448107,10.5198748786304
"124","22064153B20082507087369",1,17962.9928382697,17962.9928382697,9.79606896707531
"125","22064153B20086130003796",1,85430.6988047914,85430.6988047914,11.3554607859646
"126","22064153B20300177961456",1,17754.5943375751,17754.5943375751,9.78439959733105
"127","22064153B20607189577313",1,11447.4546690206,11447.4546690206,9.3455226846213
"128","22064153B20726542801588",1,9839.22426072401,9839.22426072401,9.19413215164636
"129","22064153B20820198931231",1,9851.47985207128,9851.47985207128,9.19537696167038
"130","22064153B20936499562813",1,65327.0526543567,65327.0526543567,11.087161512082
"131","22064153B21038809643944",1,16050.2911317531,16050.2911317531,9.68348226744369
"132","22064153B21124327630561",1,42661.4935218231,42661.4935218231,10.6610520013005
"133","22064153B21150807088610",1,37242.3280285897,37242.3280285897,10.5252012436312
"134","22064153B21330820256622",1,17370.0527559348,17370.0527559348,9.76250289641734
"135","22064153B21468669116940",1,78913.2233436231,78913.2233436231,11.2761040890349
"136","22064153B21781575553931",1,101475.04520007,101475.04520007,11.5275681871376
"137","22064153B21867415191580",1,146477.568661984,146477.568661984,11.8946275807807
"138","22064153B21881953859573",1,412425.308479526,412425.308479526,12.929810398009
"139","22064153B22111041587368",1,11705.4575415145,11705.4575415145,9.36781046856852
"140","22064153B22167023977783",1,79385.7618392579,79385.7618392579,11.2820743092314
"141","22064153B22404901625877",1,50342.016939936,50342.016939936,10.8265953342342
"142","22064153B2252165856655",1,10910.5992999161,10910.5992999161,9.29749000856649
"143","22064153B22998678840309",1,12619.3045964977,12619.3045964977,9.44298303128835
"144","22064153B23231745702149",1,30056.6416794572,30056.6416794572,10.3108389364888
"145","22064153B23299113779671",1,4819.25307301316,4819.25307301316,8.48037423093131
"146","22064153B23593154045809",1,33785.5211985462,33785.5211985462,10.4277876227889
"147","22064153B23604692839196",1,16300.8191133355,16300.8191133355,9.69897063788412
"148","22064153B23867654552053",1,14643.4350809587,14643.4350809587,9.59174739666993
"149","22064153B23879423585908",1,14326.5758168507,14326.5758168507,9.56987154019959
"150","22064153B23991641947742",1,191578.628548863,191578.628548863,12.1630535962771
"151","22064153B24324307757053",1,196459.262975271,196459.262975271,12.1882103756962
"152","22064153B24827432296483",1,137973.40675275,137973.40675275,11.8348162408792
"153","22064153B24851023127688",1,68911.7012886211,68911.7012886211,11.1405812726058
"154","22064153B2491065484587",1,373264.713638688,373264.713638688,12.8300431349559
"155","22064153B24965253967759",1,72286.4179727436,72286.4179727436,11.1883915339677
"156","22064153B24985865314901",1,1603541.3583151,1603541.3583151,14.2877250903085
"157","22064153B25240716524083",1,2994.25281030444,2994.25281030444,8.00445000039424
"158","22064153B25271963256644",1,28333.8417756894,28333.8417756894,10.2518121916677
"159","22064153B25500969615439",1,8192.25613131662,8192.25613131662,9.01094461282038
"160","22064153B25569633235651",1,86329.6194454354,86329.6194454354,11.3659280330817
"161","22064153B25668755078599",1,40150.2610581446,40150.2610581446,10.6003842214246
"162","22064153B25692242595445",1,24057.8152100674,24057.8152100674,10.0882151795065
"163","22064153B25942497643845",1,8049.92262599786,8049.92262599786,8.99341775868913
"164","22064153B26076067737587",1,37110.5199760453,37110.5199760453,10.5216557657066
"165","22064153B2623770639583",1,35042.3581347698,35042.3581347698,10.4643128411526
"166","22064153B26243303203029",1,10390.978408206,10390.978408206,9.24869324791824
"167","22064153B26413774655735",1,84832.7835915023,84832.7835915023,11.3484373460263
"168","22064153B26513167275722",1,8686.99546650596,8686.99546650596,9.06958241238871
"169","22064153B26690922833011",1,17817.6332586188,17817.6332586188,9.78794387843428
"170","22064153B26773121701856",1,39603.3285292544,39603.3285292544,10.5866684474793
"171","22064153B26843686140780",1,54713.7569341154,54713.7569341154,10.9098704546712
"172","22064153B26987504968655",1,133202.403475177,133202.403475177,11.7996250810336
"173","22064153B2702411680064",1,135876.563912627,135876.563912627,11.8195021342938
"174","22064153B27289126175617",1,10611.2518779241,10611.2518779241,9.26967021502699
"175","22064153B27657139570827",1,105675.725939031,105675.725939031,11.5681304949551
"176","22064153B27933078040866",1,90249.7507794406,90249.7507794406,11.4103361147447
"177","22064153B27979784056918",1,47155.9662580574,47155.9662580574,10.7612158178731
"178","22064153B28150220320962",1,880.989119208666,880.989119208666,6.78104527535896
"179","22064153B28508352708384",1,53853.1086082772,53853.1086082772,10.8940154080916
"180","22064153B28595577519901",1,34314.5801538681,34314.5801538681,10.4433256202065
"181","22064153B28818453738247",1,102394.01113342,102394.01113342,11.536583504852
"182","22064153B29022768014976",1,32928.7506570548,32928.7506570548,10.4021014352961
"183","22064153B29173837278044",1,28706.1195403572,28706.1195403572,10.2648656034213
"184","22064153B2920977635331",1,12311.2295786729,12311.2295786729,9.41826709872919
"185","22064153B29354983880781",1,99821.7476657763,99821.7476657763,11.5111413510428
"186","22064153B29529124372788",1,88148.65728472,88148.65728472,11.3867799555457
"187","22064153B29541790734430",1,135296.754789661,135296.754789661,11.8152258285768
"188","22064153B29701758489760",1,64176.4816845266,64176.4816845266,11.0693920936618
"189","22064153B30058273208400",1,78445.7754231061,78445.7754231061,11.2701629061453
"190","22064153B30086215465497",1,70469.7523454918,70469.7523454918,11.1629388519895
"191","22064153B3017496076038",1,24707.8243793264,24707.8243793264,10.1148752489439
"192","22064153B30238599380330",1,20470.5268274851,20470.5268274851,9.92674141488913
"193","22064153B30375928590829",1,29010.9625090635,29010.9625090635,10.2754290550919
"194","22064153B30545680019922",1,2999.86738826232,2999.86738826232,8.00632336276066
"195","22064153B30552357265418",1,341924.935982565,341924.935982565,12.7423465065232
"196","22064153B30582374301374",1,50402.0556949602,50402.0556949602,10.8277872408261
"197","22064153B3059978894084",1,8992.97811100761,8992.97811100761,9.10419934190817
"198","22064153B30638579191520",1,15319.7573588186,15319.7573588186,9.63689860497194
"199","22064153B3116190270971",1,34669.2963152839,34669.2963152839,10.4536097418271
"200","22064153B31188277470964",1,73120.7157143885,73120.7157143885,11.1998669942966
"201","22064153B31542603161121",1,20240.1594783225,20240.1594783225,9.91542400273412
"202","22064153B31654670628378",1,29723.7296482859,29723.7296482859,10.2997009838345
"203","22064153B3166560830766",1,32452.955664535,32452.955664535,10.3875468016372
"204","22064153B31840797679086",1,6958.04518630942,6958.04518630942,8.84765384984277
"205","22064153B32207594646608",1,22439.8467709761,22439.8467709761,10.0185935312254
"206","22064153B32308822660767",1,8511.21329030498,8511.21329030498,9.04913978370871
"207","22064153B32459042913276",1,18992.5040215434,18992.5040215434,9.85179965512112
"208","22064153B32748472503600",1,4541.47164935637,4541.47164935637,8.42100639035015
"209","22064153B33402705241691",1,44998.6940810831,44998.6940810831,10.714388747911
"210","22064153B33436919021908",1,36728.273638133,36728.273638133,10.511302136297
"211","22064153B33692548967608",1,68566.1014268906,68566.1014268906,11.1355535432864
"212","22064153B33921572198120",1,420518.211981092,420518.211981092,12.9492430677571
"213","22064153B3414994926035",1,16107.969014611,16107.969014611,9.687069398367
"214","22064153B34193146717315",1,76855.7506479285,76855.7506479285,11.2496855756783
"215","22064153B34267563622194",1,339054.602551581,339054.602551581,12.733916442866
"216","22064153B34371075767186",1,54009.2828571869,54009.2828571869,10.8969112155352
"217","22064153B34391741921391",1,31731.2971345162,31731.2971345162,10.3650587641235
"218","22064153B34425405263494",1,39163.5356571463,39163.5356571463,10.5755013800342
"219","22064153B34805483384531",1,43295.9262674907,43295.9262674907,10.6758138279824
"220","22064153B3490214986239",1,19486.8448356299,19486.8448356299,9.87749489307695
"221","22064153B34956601586296",1,4530.8733097862,4530.8733097862,8.41866998351397
"222","22064153B35259922763541",1,2203.63722397813,2203.63722397813,7.69786455780392
"223","22064153B3528434639026",1,42724.5757975977,42724.5757975977,10.6625295792651
"224","22064153B35296121445435",1,46316.1810798722,46316.1810798722,10.7432466623858
"225","22064153B35670810334421",1,3508.80718900247,3508.80718900247,8.16303142651084
"226","22064153B36635656677218",1,157486.102258246,157486.102258246,11.9670924937243
"227","22064153B36640851523102",1,87484.5562275308,87484.5562275308,11.3792175565109
"228","22064153B36820241418054",1,44813.6651890829,44813.6651890829,10.710268398434
"229","22064153B36847259305466",1,97460.4072538919,97460.4072538919,11.4872014950661
"230","22064153B37072051859512",1,563365.557902088,563365.557902088,13.2416839999716
"231","22064153B3707797018061",1,132115.978388564,132115.978388564,11.79143543996
"232","22064153B37190858382718",1,525.174580905793,525.174580905793,6.26373074237275
"233","22064153B37690647476013",1,37516.5219195487,37516.5219195487,10.5325366994509
"234","22064153B37844292168146",1,61520.4969303094,61520.4969303094,11.0271256816877
"235","22064153B38003203294123",1,66862.4625504538,66862.4625504538,11.1103929907414
"236","22064153B38015411122524",1,18199.0801028746,18199.0801028746,9.80912632798941
"237","22064153B38031589003177",1,22486.0852268471,22486.0852268471,10.0206519625208
"238","22064153B38167262052076",1,74234.4067086077,74234.4067086077,11.2149830239511
"239","22064153B38229059765707",1,21156.0591583915,21156.0591583915,9.95968162847575
"240","22064153B3825663705425",1,118794.24936082,118794.24936082,11.6851482786854
"241","22064153B38263245523496",1,49220.5587335401,49220.5587335401,10.8040666756388
"242","22064153B38280459687635",1,516.130496652549,516.130496652549,6.24635963399706
"243","22064153B38947998190164",1,878069.134832831,878069.134832831,13.6854806107848
"244","22064153B39059468846862",1,41028.4214342544,41028.4214342544,10.6220203112439
"245","22064153B3938039280311",1,2762060.08342124,2762060.08342124,14.8314873663068
"246","22064153B39627924903777",1,33908.4558710266,33908.4558710266,10.4314196979881
"247","22064153B39922172056835",1,416416.015785244,416416.015785244,12.9394400774839
"248","22064153B4024875933909",1,53311.5380885003,53311.5380885003,10.8839080611826
"249","22064153B40400083075761",1,3130.38016276147,3130.38016276147,8.04890973391007
"250","22064153B40416571045397",1,103504.846078811,103504.846078811,11.5473737126089
"251","22064153B4043295129009",1,18011.0553228744,18011.0553228744,9.79874103294826
"252","22064153B40508197079928",1,28453.7222367666,28453.7222367666,10.2560342653292
"253","22064153B40828352777432",1,21716.6857757932,21716.6857757932,9.98583617381357
"254","22064153B40833492978159",1,17023.4409986474,17023.4409986474,9.74234655552656
"255","22064153B41096346317753",1,16985.6507980909,16985.6507980909,9.74012419590956
"256","22064153B41154522842822",1,7580.32414264467,7580.32414264467,8.93331124060399
"257","22064153B41206405308946",1,75904.823454699,75904.823454699,11.2372355114923
"258","22064153B41318657568048",1,12794.6724354561,12794.6724354561,9.4567841472858
"259","22064153B41525675673644",1,13914.3229848076,13914.3229848076,9.54067401915133
"260","22064153B41590295384233",1,120253.628344851,120253.628344851,11.6973583608588
"261","22064153B41643449660961",1,61515.0967717182,61515.0967717182,11.0270378996332
"262","22064153B417111065512",1,49032.2693809804,49032.2693809804,10.8002339191336
"263","22064153B41932272876566",1,63366.6707828041,63366.6707828041,11.0566933047659
"264","22064153B42217323909789",1,39790.5653908232,39790.5653908232,10.5913851126898
"265","22064153B42347188648904",1,247859.797875094,247859.797875094,12.4206185341384
"266","22064153B4274209582436",1,48144.70264258,48144.70264258,10.7819663933666
"267","22064153B4286483496326",1,1723.62597282003,1723.62597282003,7.45218547456527
"268","22064153B43125554844951",1,34224.1539429872,34224.1539429872,10.4406869294124
"269","22064153B43162211082294",1,99075.7401739588,99075.7401739588,11.5036398888756
"270","22064153B43185436543368",1,111651.374908043,111651.374908043,11.6231365716398
"271","22064153B43476181465127",1,19727.6306313091,19727.6306313091,9.88977550216057
"272","22064153B43689420545928",1,108488.586824451,108488.586824451,11.5944002558717
"273","22064153B43898079170437",1,147086.856302422,147086.856302422,11.8987785504725
"274","22064153B43904559584393",1,80453.9387963073,80453.9387963073,11.2954401107784
"275","22064153B44054908542385",1,25517.8463695491,25517.8463695491,10.1471333439897
"276","22064153B44267984628031",1,26946.8034727245,26946.8034727245,10.2016199597561
"277","22064153B44315864590380",1,55707.1761197798,55707.1761197798,10.9278642528014
"278","22064153B44317666842318",1,46239.6816310007,46239.6816310007,10.7415936181798
"279","22064153B44553862516969",1,58062.054723582,58062.054723582,10.9692676266111
"280","22064153B4475386175158",1,4733.61359463976,4733.61359463976,8.46244416330355
"281","22064153B44784100990401",1,67550.0823377055,67550.0823377055,11.1206245623026
"282","22064153B44894866493506",1,32723.7956588297,32723.7956588297,10.3958577882317
"283","22064153B45001558648398",1,127384.014839735,127384.014839735,11.7549615420323
"284","22064153B45322323594402",1,52368.2018918628,52368.2018918628,10.866054851986
"285","22064153B45509780052584",1,8324.59096341552,8324.59096341552,9.02696918011789
"286","22064153B4579292300123",1,9356.25879470109,9356.25879470109,9.14380078814891
"287","22064153B45962078920290",1,28193.8266410421,28193.8266410421,10.2468583195229
"288","22064153B46015146665875",1,47792.1746448187,47792.1746448187,10.7746171947181
"289","22064153B46097580032507",1,50943.2690903408,50943.2690903408,10.8384679217853
"290","22064153B46179239075141",1,179583.240504966,179583.240504966,12.0983941148221
"291","22064153B46237965810139",1,5342.44164702538,5342.44164702538,8.5834380647238
"292","22064153B46426068444343",1,99795.5209026931,99795.5209026931,11.5108785805578
"293","22064153B46444356983113",1,10184.5583035372,10184.5583035372,9.22862796037022
"294","22064153B46704511069895",1,2137.10129686077,2137.10129686077,7.66720565562801
"295","22064153B46764438077406",1,29675.6800708995,29675.6800708995,10.298083136516
"296","22064153B46807653083164",1,88085.1591504067,88085.1591504067,11.3860593431418
"297","22064153B46974703546611",1,34722.4789769807,34722.4789769807,10.4551425653321
"298","22064153B47073397017975",1,36745.2315303878,36745.2315303878,10.511763741947
"299","22064153B47270255422143",1,32796.9681520643,32796.9681520643,10.3980913557116
"300","22064153B47469236554060",1,431721.053329924,431721.053329924,12.9755349487814
"301","22064153B47508893912930",1,421621.721782567,421621.721782567,12.9518637971367
"302","22064153B47905717209978",1,141957.245498446,141957.245498446,11.8632812032082
"303","22064153B47985746370691",1,360658.662962725,360658.662962725,12.7956872580585
"304","22064153B48077040474563",1,11433.5234898435,11433.5234898435,9.34430497611235
"305","22064153B48078065447549",1,36703.3323019577,36703.3323019577,10.5106228283392
"306","22064153B48099706637709",1,32780.6376489428,32780.6376489428,10.3975933044864
"307","22064153B48335058983319",1,20110.1725282629,20110.1725282629,9.90898106195729
"308","22064153B48342484050891",1,22717.0791511069,22717.0791511069,10.0308723060807
"309","22064153B48836747079697",1,38843.10526797,38843.10526797,10.5672858694661
"310","22064153B49312445085348",1,96168.439344641,96168.439344641,11.4738565094854
"311","22064153B49332133216628",1,110453.681338512,110453.681338512,11.6123515386551
"312","22064153B49505315187680",1,20929.287356218,20929.287356218,9.9489047659458
"313","22064153B49599067230525",1,4503.63636895053,4503.63636895053,8.41264043142495
"314","22064153B49774886462778",1,74689.5591932772,74689.5591932772,11.2210955915165
"315","22064153B49930616683210",1,31992.6559736725,31992.6559736725,10.3732616546198
"316","22064153B50045413715781",1,1173.51017316971,1173.51017316971,7.06775468433719
"317","22064153B50136100430042",1,151572.630387132,151572.630387132,11.9288201975479
"318","22064153B50299465118131",1,12895.4985290192,12895.4985290192,9.46463357821329
"319","22064153B50417144579003",1,118476.098256931,118476.098256931,11.6824665167395
"320","22064153B5049217711544",1,591.678108750077,591.678108750077,6.38296275178694
"321","22064153B5111391554664",1,47721.6033779786,47721.6033779786,10.7731394753536
"322","22064153B51590096369017",1,28594.7364076053,28594.7364076053,10.2609779381781
"323","22064153B51668010168839",1,274643.134455346,274643.134455346,12.5232278410265
"324","22064153B52179912270627",1,46062.814778937,46062.814778937,10.7377612826437
"325","22064153B52523580672290",1,38452.7530740212,38452.7530740212,10.5571855737755
"326","22064153B52526289873005",1,6347.15027968433,6347.15027968433,8.7557612163043
"327","22064153B52648905753653",1,2969.3885868704,2969.3885868704,7.99611134759745
"328","22064153B52753140489458",1,243585.033957159,243585.033957159,12.4032213759731
"329","22064153B52803081317924",1,31013.3786899992,31013.3786899992,10.3421739610126
"330","22064153B52868042497281",1,89315.3152262328,89315.3152262328,11.3999282552529
"331","22064153B53002187512045",1,22479.1133452187,22479.1133452187,10.0203418612911
"332","22064153B53533855614877",1,161057.673245986,161057.673245986,11.9895177987407
"333","22064153B53997811528221",1,9242.71370558698,9242.71370558698,9.13159081259779
"334","22064153B54195115998574",1,13830.5997752672,13830.5997752672,9.53463879141673
"335","22064153B54201279846149",1,6232.59312575257,6232.59312575257,8.73754775724398
"336","22064153B54328590224994",1,6777.04821183599,6777.04821183599,8.82129691914888
"337","22064153B54491533323860",1,22865.5425113295,22865.5425113295,10.0373863625253
"338","22064153B54493928872719",1,55897.2076782128,55897.2076782128,10.9312697058063
"339","22064153B54573279257236",1,13006.8430719259,13006.8430719259,9.47323088809713
"340","22064153B54657262199971",1,32945.3176048298,32945.3176048298,10.4026044237577
"341","22064153B54739000283393",1,14570.5087294397,14570.5087294397,9.58675481480754
"342","22064153B54812792902369",1,115543.057893576,115543.057893576,11.6573985350883
"343","22064153B5520386080739",1,21230.8305475579,21230.8305475579,9.96320967534319
"344","22064153B5531323380958",1,1357325.52027872,1357325.52027872,14.1210267923481
"345","22064153B5541969291593",1,11848.0568088276,11848.0568088276,9.37991915073928
"346","22064153B55424285147191",1,9354.51376330002,9354.51376330002,9.14361426122698
"347","22064153B55930097994120",1,92490.5343106871,92490.5343106871,11.4348615864879
"348","22064153B56211754183419",1,377103.339151926,377103.339151926,12.8402745380254
"349","22064153B56360165329958",1,53793.8309665683,53793.8309665683,10.8929140735263
"350","22064153B5639303990614",1,163.528750775066,163.528750775066,5.09698882059732
"351","22064153B56538880550239",1,4717.87835785805,4717.87835785805,8.45911447707019
"352","22064153B56558553348528",1,10615.375147187,10615.375147187,9.27005871474575
"353","22064153B56972160606638",1,2454.54752842033,2454.54752842033,7.80569771709972
"354","22064153B56990836800595",1,212408.330678685,212408.330678685,12.2662657892318
"355","22064153B5740427837712",1,109782.673867709,109782.673867709,11.6062579984087
"356","22064153B57425006507818",1,1592507.97619327,1592507.97619327,14.2808206750145
"357","22064153B57460904263691",1,28227.255027923,28227.255027923,10.248043280527
"358","22064153B57554253448105",1,1544.6767293091,1544.6767293091,7.34256993074566
"359","22064153B57637751083346",1,1861.40734656155,1861.40734656155,7.52908811853739
"360","22064153B57655293715823",1,34987.8402188172,34987.8402188172,10.4627558577869
"361","22064153B57923514267215",1,7063.30778913358,7063.30778913358,8.86266874613657
"362","22064153B58215996136290",1,480193.449242593,480193.449242593,13.081944320949
"363","22064153B58231040039933",1,28235.849066505,28235.849066505,10.2483476930734
"364","22064153B58298111838793",1,106447.654178503,106447.654178503,11.5754086332399
"365","22064153B58560058955462",1,59924.6319442755,59924.6319442755,11.0008429173442
"366","22064153B58761955320799",1,17277.2189576173,17277.2189576173,9.75714408945312
"367","22064153B5894955463903",1,19473.8680302098,19473.8680302098,9.87682874479857
"368","22064153B59225820770411",1,14659.5504978983,14659.5504978983,9.5928473131628
"369","22064153B59487832348145",1,3856.25596804249,3856.25596804249,8.25745203528102
"370","22064153B5950324807443",1,82628.2981283402,82628.2981283402,11.3221074931905
"371","22064153B60131456575281",1,14229.8903671143,14229.8903671143,9.56309998670526
"372","22064153B60195592260119",1,24226.6555762516,24226.6555762516,10.0952087760647
"373","22064153B60310534251699",1,9888.18911370675,9888.18911370675,9.19909630509172
"374","22064153B60409495183126",1,82258.1996398998,82258.1996398998,11.3176183553292
"375","22064153B60457138296150",1,140160.21880638,140160.21880638,11.8505414672876
"376","22064153B60540012238661",1,58227.0623465508,58227.0623465508,10.9721055144181
"377","22064153B60613345090189",1,16301.5021008617,16301.5021008617,9.69901253597609
"378","22064153B61344255457770",1,33396.0733188157,33396.0733188157,10.4161936067485
"379","22064153B61345801484335",1,1908.11473985875,1908.11473985875,7.55387098639444
"380","22064153B61450639125107",1,36594.6844002684,36594.6844002684,10.5076582738765
"381","22064153B61546956948147",1,11054.8669018403,11054.8669018403,9.31062605358454
"382","22064153B61629539071583",1,6796.73495168784,6796.73495168784,8.82419762168972
"383","22064153B61639073188138",1,21633.7074550445,21633.7074550445,9.98200790763622
"384","22064153B61862032927901",1,60886.627530214,60886.627530214,11.0167688488019
"385","22064153B62552817774637",1,266125.890001888,266125.890001888,12.4917247464904
"386","22064153B62672077731580",1,20172.1158154157,20172.1158154157,9.91205652457492
"387","22064153B62697525642711",1,11439.5075313837,11439.5075313837,9.34482821605123
"388","22064153B62717634643612",1,35346.0525187075,35346.0525187075,10.4729419965945
"389","22064153B62984102005508",1,17891.1163752399,17891.1163752399,9.79205957674923
"390","22064153B63008455199942",1,5098.51032658663,5098.51032658663,8.53670368321885
"391","22064153B63121572566835",1,40125.411134906,40125.411134906,10.5997651067326
"392","22064153B63401696697477",1,58020.2278130847,58020.2278130847,10.9685469841255
"393","22064153B63454017875441",1,18736.8667798156,18736.8667798156,9.83824834756713
"394","22064153B64016815172570",1,896789.778655495,896789.778655495,13.706576753101
"395","22064153B64052053840652",1,5611.02941332696,5611.02941332696,8.6324894778201
"396","22064153B6421292379130",1,62843.9945403494,62843.9945403494,11.0484106571912
"397","22064153B64219933693528",1,11558.9431860686,11558.9431860686,9.35521471815706
"398","22064153B64380847796562",1,46393.7651848463,46393.7651848463,10.7449203581695
"399","22064153B64690480836823",1,3418.38783578508,3418.38783578508,8.13692432587072
"400","22064153B64872720029218",1,32703.7263087111,32703.7263087111,10.3952443047879
"401","22064153B65021908380510",1,20390.5808760629,20390.5808760629,9.92282835144437
"402","22064153B65083387274460",1,28619.7797972793,28619.7797972793,10.2618533590654
"403","22064153B6523383930027",1,143333.155593719,143333.155593719,11.872926958957
"404","22064153B65405257462177",1,39231.4763931244,39231.4763931244,10.5772346727836
"405","22064153B65490065262091",1,14725.9070543892,14725.9070543892,9.59736360624157
"406","22064153B65650039026669",1,69282.9370741762,69282.9370741762,11.1459539365954
"407","22064153B65726287039798",1,44802.1123549009,44802.1123549009,10.7100105680706
"408","22064153B65800581846028",1,11680.9990840577,11680.9990840577,9.36571879074269
"409","22064153B65910039566541",1,76094.620236585,76094.620236585,11.2397328480077
"410","22064153B66021827430595",1,16529.0590128522,16529.0590128522,9.71287526317247
"411","22064153B6613288399563",1,243036.887030792,243036.887030792,12.4009685092831
"412","22064153B66514919549994",1,65422.5191235609,65422.5191235609,11.0886218072841
"413","22064153B66595558459060",1,64900.062503899,64900.062503899,11.0806038657718
"414","22064153B66688444605380",1,9668.7114210525,9668.7114210525,9.17665032424774
"415","22064153B6673459285220",1,42429.7790368915,42429.7790368915,10.6556057304734
"416","22064153B6679921489494",1,59687.720185534,59687.720185534,10.9968815861886
"417","22064153B670450203879",1,8892.88153159035,8892.88153159035,9.09300640777603
"418","22064153B67052333434032",1,19190.8909001897,19190.8909001897,9.86219101315548
"419","22064153B67091834306400",1,17024.4399673992,17024.4399673992,9.74240523575709
"420","22064153B67146630599686",1,242390.324288425,242390.324288425,12.3983046160787
"421","22064153B67448277745737",1,55868.6414733463,55868.6414733463,10.9307585263055
"422","22064153B67668331145865",1,33093.7953125219,33093.7953125219,10.4071010909998
"423","22064153B6795873571666",1,242723.201910356,242723.201910356,12.3996769862816
"424","22064153B68363974409505",1,29663.3792092356,29663.3792092356,10.2976685407341
"425","22064153B68471878713834",1,80580.2542726223,80580.2542726223,11.2970089142705
"426","22064153B68664170623687",1,7666.19181213492,7666.19181213492,8.94457526677735
"427","22064153B68679560851725",1,10466.439681101,10466.439681101,9.25592919647407
"428","22064153B69011593937576",1,111324.338687513,111324.338687513,11.6202031897951
"429","22064153B69084165037525",1,40500.5285623251,40500.5285623251,10.6090703039311
"430","22064153B69171179667980",1,124216.05839229,124216.05839229,11.7297777347476
"431","22064153B69254860271730",1,66592.9552828587,66592.9552828587,11.1063540744001
"432","22064153B69435349130289",1,27782.30226449,27782.30226449,10.232154487766
"433","22064153B70117244890923",1,98926.954076989,98926.954076989,11.5021370191744
"434","22064153B70218534764896",1,18649.8143107638,18649.8143107638,9.83359146849499
"435","22064153B70291693279162",1,64405.5084524515,64405.5084524515,11.0729544434105
"436","22064153B70293086274273",1,20558.0304290459,20558.0304290459,9.93100691872772
"437","22064153B70502530200246",1,95976.8223339927,95976.8223339927,11.4718620072792
"438","22064153B70786941107268",1,24300.5603248507,24300.5603248507,10.0982546876986
"439","22064153B70816441618955",1,26557.0873697129,26557.0873697129,10.1870519352921
"440","22064153B70852556389984",1,23371.0136689275,23371.0136689275,10.0592518013859
"441","22064153B71223857958688",1,32538.5244781737,32538.5244781737,10.3901800348824
"442","22064153B71727675114303",1,60230.1942402,60230.1942402,11.0059290710068
"443","22064153B72254874224731",1,14699.7420450345,14699.7420450345,9.59558522465602
"444","22064153B72795159098609",1,21948.7004398903,21948.7004398903,9.99646321127864
"445","22064153B7294445238824",1,2353.5058748396,2353.5058748396,7.76366135705206
"446","22064153B73058523223682",1,15994.8469102241,15994.8469102241,9.68002188123585
"447","22064153B73079587251631",1,16673.9571119421,16673.9571119421,9.72160332681552
"448","22064153B73176772627279",1,1768.49199034634,1768.49199034634,7.47788247956903
"449","22064153B73925612476824",1,4466.72128871366,4466.72128871366,8.40440992601261
"450","22064153B74407470913412",1,25610.2132926396,25610.2132926396,10.1507465076493
"451","22064153B74575036682421",1,71112.8450573604,71112.8450573604,11.1720232613215
"452","22064153B74601702876653",1,46364.6150345256,46364.6150345256,10.7442918402672
"453","22064153B7471955547521",1,266157.475722722,266157.475722722,12.4918434265879
"454","22064153B74767559861858",1,24265.7318878946,24265.7318878946,10.0968204236715
"455","22064153B74828925689931",1,2337.1168866517,2337.1168866517,7.75667334897134
"456","22064153B75135560754886",1,28459.1145037487,28459.1145037487,10.2562237574475
"457","22064153B75384634569664",1,2141.30690040316,2141.30690040316,7.66917162273683
"458","22064153B75480988210132",1,132302.389312935,132302.389312935,11.7928454097505
"459","22064153B75857834624428",1,25878.6943083108,25878.6943083108,10.1611752955767
"460","22064153B76094051519887",1,16215.6715348481,16215.6715348481,9.69373343230558
"461","22064153B76371421200355",1,244847.17116795,244847.17116795,12.408389503737
"462","22064153B76525796154688",2,1395.38782650804,2790.77565301608,7.934074848011
"463","22064153B76675545591158",1,100454.137322681,100454.137322681,11.5174565572762
"464","22064153B76748152087135",1,12264.6913574875,12264.6913574875,9.41447979188248
"465","22064153B76952907325958",1,49877.3379277834,49877.3379277834,10.8173220288386
"466","22064153B77062639046888",1,4085.66653432764,4085.66653432764,8.31524016028201
"467","22064153B77422596340227",1,62970.2470732902,62970.2470732902,11.0504176251418
"468","22064153B7777757861783",1,16855.8814308914,16855.8814308914,9.73245492122171
"469","22064153B77932337401071",1,3546.3966670571,3546.3966670571,8.1736873436202
"470","22064153B78137445159293",1,18097.9382200265,18097.9382200265,9.80355330026985
"471","22064153B78193536381763",2,1164.57732890248,2329.15465780496,7.75326067292004
"472","22064153B78228861031651",1,186309.611589128,186309.611589128,12.1351651472563
"473","22064153B78317231790134",1,34269.9882072044,34269.9882072044,10.4420252707543
"474","22064153B78492538655391",1,9388.68473166045,9388.68473166045,9.14726049121575
"475","22064153B78696629959853",1,58683.5834052643,58683.5834052643,10.9799152972851
"476","22064153B78821925959794",1,5658.90554043268,5658.90554043268,8.64098578508462
"477","22064153B78992229918305",1,9999.92612975243,9999.92612975243,9.21033298492414
"478","22064153B79170440452296",1,8696.39610589358,8696.39610589358,9.07066397811941
"479","22064153B7929825119488",1,12409.3980185225,12409.3980185225,9.42620936924794
"480","22064153B79313439986888",1,31741.3144720502,31741.3144720502,10.3653744069611
"481","22064153B79593541155568",1,38415.4249332398,38415.4249332398,10.5562143488894
"482","22064153B79599851642878",1,69259.3837249619,69259.3837249619,11.1456139199232
"483","22064153B80081213273756",1,4811.20582268971,4811.20582268971,8.47870302247
"484","22064153B80132847299853",1,40615.1198267239,40615.1198267239,10.6118956857878
"485","22064153B80196181684705",1,495309.467881271,495309.467881271,13.1129380338414
"486","22064153B80198673281235",1,60410.3991231748,60410.3991231748,11.0089165400167
"487","22064153B80333600461310",1,21789.9238011653,21789.9238011653,9.98920293096905
"488","22064153B80439011945054",1,24538.8831772906,24538.8831772906,10.1080142069314
"489","22064153B80637713594426",1,25610.9795560226,25610.9795560226,10.1507764274282
"490","22064153B80730466782396",1,2807.67695224601,2807.67695224601,7.94011271303103
"491","22064153B80804439158864",1,7089.2052917748,7089.2052917748,8.86632852463655
"492","22064153B8093767218470",1,3865.93099883435,3865.93099883435,8.25995781140267
"493","22064153B81057246302511",1,14840.4688058975,14840.4688058975,9.6051131069163
"494","22064153B81121179767320",1,2025452.13795873,2025452.13795873,14.5213035116043
"495","22064153B81163718541362",2,44344.5649567319,88689.1299134638,11.392892611898
"496","22064153B81541803695444",1,296555.67553743,296555.67553743,12.5999902556352
"497","22064153B81712763029694",1,12598.1316889603,12598.1316889603,9.44130380329126
"498","22064153B81737939638777",1,5986.16661262504,5986.16661262504,8.69720652174147
"499","22064153B81775396633762",1,11509.1712739562,11509.1712739562,9.35089949859868
"500","22064153B81784837273555",1,8282.14889728281,8282.14889728281,9.02185774236491
"501","22064153B81972245228619",1,15765.9409835567,15765.9409835567,9.66560725833977
"502","22064153B81991171753056",1,7703.26509981146,7703.26509981146,8.94939955689923
"503","22064153B82247115875791",1,7820.00798435572,7820.00798435572,8.96444085455619
"504","22064153B82400996798627",1,8334.38905411222,8334.38905411222,9.02814549365164
"505","22064153B8255256814498",1,15894.9024567716,15894.9024567716,9.67375373660205
"506","22064153B82911662838779",1,5418.94062923685,5418.94062923685,8.59765561946935
"507","22064153B83131458706543",1,142749.908452945,142749.908452945,11.8688494862077
"508","22064153B83223852380108",1,20986.4931211084,20986.4931211084,9.95163432506442
"509","22064153B83234888303578",1,51158.2871532574,51158.2871532574,10.842679774938
"510","22064153B83864123648968",1,29329.8769401962,29329.8769401962,10.2863619662653
"511","22064153B83906852735077",1,6866.15251840217,6866.15251840217,8.83435918734537
"512","22064153B841709119109",1,12746.5867024299,12746.5867024299,9.45301880513261
"513","22064153B84193742615733",1,10781.5408132892,10781.5408132892,9.28559076683622
"514","22064153B84245586977349",1,58627.2963713787,58627.2963713787,10.9789556754954
"515","22064153B84385819333701",1,18883.583210991,18883.583210991,9.84604821040963
"516","22064153B84489488181314",1,21882.0045960493,21882.0045960493,9.99341987007461
"517","22064153B84575638248633",1,92152.2996838657,92152.2996838657,11.4311979186614
"518","22064153B85000886785239",1,53474.1625237876,53474.1625237876,10.8869538727487
"519","22064153B8508267062616",1,115129.921114721,115129.921114721,11.6538165184831
"520","22064153B8516585574683",1,70969.0523732793,70969.0523732793,11.1699991789328
"521","22064153B85239813190769",1,40239.0344289133,40239.0344289133,10.6025928091804
"522","22064153B85291170334429",1,19953.0096171176,19953.0096171176,9.90113526894097
"523","22064153B85437171259684",1,409684.441805074,409684.441805074,12.9231424882107
"524","22064153B85586917882840",1,19923.8735751809,19923.8735751809,9.89967396881974
"525","22064153B85931137925845",1,91813.5371624728,91813.5371624728,11.4275150293804
"526","22064153B86012482981038",1,75422.2625045988,75422.2625045988,11.2308577690975
"527","22064153B86211377030233",1,82329.9400878846,82329.9400878846,11.3184901125852
"528","22064153B86297113496232",1,10594.834881866,10594.834881866,9.26812188604731
"529","22064153B86338272521773",1,26091.5627098594,26091.5627098594,10.169367273227
"530","22064153B86372044923469",1,7392.97930020316,7392.97930020316,8.90828608563477
"531","22064153B86683000647841",1,13864.0032285592,13864.0032285592,9.53705106426899
"532","22064153B86890605661062",1,32270.9162126454,32270.9162126454,10.3819216767299
"533","22064153B87057363105409",1,38117.030430081,38117.030430081,10.5484164541587
"534","22064153B87212941126642",1,28730.5450042805,28730.5450042805,10.2657161216605
"535","22064153B87243453067492",1,73470.7056426317,73470.7056426317,11.2046420430684
"536","22064153B87267410101558",1,54841.2003326703,54841.2003326703,10.912197021341
"537","22064153B87600766129132",1,68665.1630033897,68665.1630033897,11.136997260855
"538","22064153B87911292599012",1,55248.135355306,55248.135355306,10.9195898695853
"539","22064153B87940577626061",1,14221.6213650268,14221.6213650268,9.56251871690152
"540","22064153B87980745802810",1,15271.9639810376,15271.9639810376,9.63377400690605
"541","22064153B88045540539043",1,120179.844151229,120179.844151229,11.6967446010925
"542","22064153B88065808639443",1,138506.986108198,138506.986108198,11.8386760445518
"543","22064153B88194855037275",1,4475.22169492867,4475.22169492867,8.40631117024804
"544","22064153B88431886542823",1,13742.7387262277,13742.7387262277,9.5282658709667
"545","22064153B88432688459960",1,135548.94939562,135548.94939562,11.8170881042189
"546","22064153B88498953220491",1,6974.54207234062,6974.54207234062,8.85002195182331
"547","22064153B88729606439601",1,42743.1781971452,42743.1781971452,10.6629648872958
"548","22064153B88760930069413",1,43950.5141105401,43950.5141105401,10.6908196006681
"549","22064153B88888028347521",1,318802.793501666,318802.793501666,12.6723279884121
"550","22064153B88946393629550",1,175265.148637581,175265.148637581,12.0740552413185
"551","22064153B89369754706736",1,86757.4779635303,86757.4779635303,11.3708718954027
"552","22064153B89417284310535",1,8209.74779772965,8209.74779772965,9.01307748306229
"553","22064153B89642323235755",1,11563.4488990487,11563.4488990487,9.35560444539813
"554","22064153B89665543421150",1,42678.1322115829,42678.1322115829,10.6614419418429
"555","22064153B89943083958801",1,367009.189631753,367009.189631753,12.8131421665918
"556","22064153B90058188171402",1,58374.174335578,58374.174335578,10.9746288507269
"557","22064153B90109297711492",1,12872.3959039723,12872.3959039723,9.462840445189
"558","22064153B90377794213847",1,20336.4409580393,20336.4409580393,9.92016967681134
"559","22064153B90465324055614",1,6020.75706110079,6020.75706110079,8.70296828805397
"560","22064153B90488906209418",1,20181.0114452038,20181.0114452038,9.91249741382124
"561","22064153B9051879540232",1,37775.2267673502,37775.2267673502,10.5394087902295
"562","22064153B90780529710926",1,1136.21368046519,1136.21368046519,7.03545668059374
"563","22064153B90800139718357",1,21002.4092870743,21002.4092870743,9.95239243808073
"564","22064153B90906708968862",1,22204.7334648511,22204.7334648511,10.0080607642698
"565","22064153B91306965514227",1,38376.5328568918,38376.5328568918,10.5552014282453
"566","22064153B91415931669835",1,87057.3730828637,87057.3730828637,11.3743226410106
"567","22064153B91429451718848",1,79156.1636224759,79156.1636224759,11.2791779349554
"568","22064153B91617146751331",1,15633.9033088131,15633.9033088131,9.65719712408756
"569","22064153B92040031890076",1,39216.9732448495,39216.9732448495,10.5768649230051
"570","22064153B92046986895255",1,51807.234266473,51807.234266473,10.8552850761503
"571","22064153B92054695753215",1,5143.36562432506,5143.36562432506,8.54546293489202
"572","22064153B92230134603738",1,1658.34002482132,1658.34002482132,7.41357239598458
"573","22064153B92335026142603",1,9426.14220909571,9426.14220909571,9.15124219426736
"574","22064153B92410380662275",1,59652.4755051415,59652.4755051415,10.9962909271702
"575","22064153B92521276992791",1,31958.4522591245,31958.4522591245,10.3721919712709
"576","22064153B92561466668703",1,10867.3881607284,10867.3881607284,9.29352167164168
"577","22064153B92569175059493",1,529363.727122414,529363.727122414,13.1794310494697
"578","22064153B92728866184375",1,27661.6134930083,27661.6134930083,10.227800936598
"579","22064153B92731111025148",1,202175.708098059,202175.708098059,12.2168924403596
"580","22064153B92836462541903",1,187218.405571826,187218.405571826,12.1400311585548
"581","22064153B92948543202040",1,17583.7237537723,17583.7237537723,9.77472896642971
"582","22064153B93520564600239",1,14830.1845850978,14830.1845850978,9.60441988179072
"583","22064153B93521388220713",1,31187.546840324,31187.546840324,10.3477741543869
"584","22064153B93544053912338",1,38870.7193614564,38870.7193614564,10.5679965305301
"585","22064153B93627159122123",1,24860.0688143925,24860.0688143925,10.1210181331378
"586","22064153B93848225384544",1,1287.8117852711,1287.8117852711,7.16069976653845
"587","22064153B93879560819561",1,88373.2107748763,88373.2107748763,11.3893241571651
"588","22064153B94045297720108",1,22819.0866903216,22819.0866903216,10.0353526002804
"589","22064153B94127780812190",1,124547.551711974,124547.551711974,11.7324428634275
"590","22064153B94269242958702",1,1842.34661885146,1842.34661885146,7.51879537438474
"591","22064153B94408757822764",1,77944.9162261237,77944.9162261237,11.2637576539643
"592","22064153B94443438334718",1,11470.7522253155,11470.7522253155,9.34755578995344
"593","22064153B9452209011947",1,41444.464267904,41444.464267904,10.6321095996037
"594","22064153B94530132332923",2,45730.7616854483,91461.5233708966,11.423673653217
"595","22064153B94848562576718",1,70852.841920848,70852.841920848,11.1683603561118
"596","22064153B94993011750115",1,24129.5741248805,24129.5741248805,10.0911935092665
"597","22064153B95660884775900",1,67355.839232166,67355.839232166,11.1177448778897
"598","22064153B95692403593429",1,14412.0942187385,14412.0942187385,9.57582300936663
"599","22064153B9578504350076",1,25708.9309243062,25708.9309243062,10.1545937172992
"600","22064153B95884811797842",1,11377.7468398928,11377.7468398928,9.33941469509758
"601","22064153B96065256406270",1,182060.277363773,182060.277363773,12.1120931055326
"602","22064153B96177150781440",1,43531.5836913381,43531.5836913381,10.6812420154912
"603","22064153B96463446975181",1,770.846591936549,770.846591936549,6.64748938092066
"604","22064153B96726599318937",1,145904.299387895,145904.299387895,11.8907062021226
"605","22064153B96844374642874",1,37119.8448129224,37119.8448129224,10.521907006205
"606","22064153B96898003018692",1,37801.188121091,37801.188121091,10.5400958128886
"607","22064153B96973201528361",1,15409.1572116609,15409.1572116609,9.64271723581667
"608","22064153B97121686045482",1,91816.9261614842,91816.9261614842,11.4275519404566
"609","22064153B97344910702567",1,12421.2354349941,12421.2354349941,9.42716282195711
"610","22064153B9735702870104",1,7852.01534197635,7852.01534197635,8.96852550928853
"611","22064153B97991398929026",1,116834.290240749,116834.290240749,11.6685118871182
"612","22064153B98075085075201",1,26367.8899602077,26367.8899602077,10.1799022594681
"613","22064153B98138334835392",1,8454.95831919354,8454.95831919354,9.04250833159771
"614","22064153B98214763966062",1,45377.1058584652,45377.1058584652,10.7227629805942
"615","22064153B98470521776341",1,34418.3682829183,34418.3682829183,10.4463456625674
"616","22064153B98863948412239",1,193120.526357418,193120.526357418,12.1710697618735
"617","22064153B98871481609914",1,26252.3869862129,26252.3869862129,10.1755121966937
"618","22064153B990494098117",1,313155.002660021,313155.002660021,12.6544535631094
"619","22064153B99518107679078",1,5173.58567926426,5173.58567926426,8.55132128208778
"620","22064153B99520360805383",1,45855.6227354364,45855.6227354364,10.7332531034359
"621","22064153B99767339475906",1,14219.7593058385,14219.7593058385,9.56238777676099
"622","22064153B99823885045557",1,6720.74045765639,6720.74045765639,8.81295361459829
"623","22064153B99847717856531",1,13395.0151610338,13395.0151610338,9.50263791382083
"624","22064153B99857415229909",1,18343.9238522533,18343.9238522533,9.81705367343085
"625","25037944B47305351718046",1,5235.12370889445,5235.12370889445,8.56314575414184
"626","25037944B61185375235969",1,6918.06511641166,6918.06511641166,8.8418914020593
"627","25037944B62285809064209",1,1430.16089296781,1430.16089296781,7.26554222948979
"628","25037944B95548638033328",1,2627.55893189831,2627.55893189831,7.87381053138571
"629","2640588B11276327116073",2,1649820.6615515,3299641.323103,15.0093243305607
"630","2640588B12869096786612",2,3472434.06474612,6944868.12949224,15.7535135461562
"631","2640588B14186532473464",2,129112.126428602,258224.252857204,12.4615836834916
"632","2640588B17055181338626",3,432391.538343167,1297174.6150295,14.0756990841747
"633","2640588B20595662599865",2,1296949.6376801,2593899.2753602,14.7686728132512
"634","2640588B20861121251971",2,2550105.08252669,5100210.16505338,15.4447923056795
"635","2640588B23016389281073",3,320993.272763714,962979.818291142,13.7777877334383
"636","2640588B23864872837062",2,9789.25902083857,19578.5180416771,9.88218822586957
"637","2640588B24165862747597",1,46145.5723545089,46145.5723545089,10.7395562950144
"638","2640588B24635602844812",2,66996.3081717549,133992.61634351,11.8055399755008
"639","2640588B2684850326122",1,98905.3316615793,98905.3316615793,11.5019184257794
"640","2640588B29584406601254",2,1288489.74517253,2576979.49034506,14.7621285308698
"641","2640588B33083527354868",1,631099.367731429,631099.367731429,13.3552186057202
"642","2640588B34650846802583",1,1056846.35261193,1056846.35261193,13.870799892519
"643","2640588B36229801410553",1,216153.215013907,216153.215013907,12.2837427639796
"644","2640588B36383122170471",3,180453.023862498,541359.071587494,13.2018380559414
"645","2640588B36426397400836",2,1261818.50978656,2523637.01957312,14.7412116807218
"646","2640588B43067672764099",2,1167494.06631457,2334988.13262914,14.6635173666864
"647","2640588B43628149657030",1,1491463.03295238,1491463.03295238,14.2152680974822
"648","2640588B45258001695711",1,336500.823103448,336500.823103448,12.7263558741366
"649","2640588B46982966730152",1,1010768.91564532,1010768.91564532,13.8262219017927
"650","2640588B49362051778248",1,354434.027296213,354434.027296213,12.7782775069195
"651","2640588B50881283310688",1,461158.09258395,461158.09258395,13.0414961972119
"652","2640588B50983171828902",3,165618.925452918,496856.776358754,13.1160570872074
"653","2640588B52568839586340",1,762575.833766346,762575.833766346,13.5444572366383
"654","2640588B57655195310467",3,839465.67397821,2518397.02193463,14.7391331546817
"655","2640588B63294043497895",3,1247210.41567333,3741631.24701999,15.1350322366044
"656","2640588B63893974857560",3,393346.380346493,1180039.14103948,13.9810581662642
"657","2640588B64856500371355",3,1048629.93789802,3145889.81369406,14.9616073377321
"658","2640588B65314213268917",2,1571070.92257291,3142141.84514582,14.9604152416373
"659","2640588B67488359993346",3,348410.281561309,1045230.84468393,13.8597483229891
"660","2640588B69436428808540",1,93098.6111939151,93098.6111939151,11.4414145457953
"661","2640588B70472166839855",3,1638104.61930958,4914313.85792874,15.407662700176
"662","2640588B74898440822212",2,289261.723796183,578523.447592366,13.2682343565012
"663","2640588B80128813909947",1,852202.860536065,852202.860536065,13.6555798766911
"664","2640588B8238689001419",3,416966.083882092,1250898.25164628,14.0393724525252
"665","2640588B82697045094820",3,712550.212658194,2137650.63797458,14.5752179512161
"666","2640588B82822310999177",1,103219.199057729,103219.199057729,11.5446101521079
"667","2640588B89959078713723",3,247719.306527607,743157.919582821,13.5186638442959
"668","2640588B90196487973168",3,205688.865500215,617066.596500645,13.3327322330445
"669","2640588B94420346402626",1,79418.2901756142,79418.2901756142,11.2824839755642
"670","2640588B94499067384006",3,214771.11785821,644313.35357463,13.3759404606215
"671","2640588B97763445928490",3,433971.824557331,1301915.47367199,14.0793471792684
"672","3306468B10183104109049",1,26145.3812600519,26145.3812600519,10.1714278290384
"673","3306468B11586418732368",1,7158.19453781948,7158.19453781948,8.87601306863471
"674","3306468B11652899938830",1,16512.0677778984,16512.0677778984,9.711846773039
"675","3306468B11940370524112",1,14766.7854910118,14766.7854910118,9.60013571412812
"676","3306468B14471946980605",1,27566.4265227076,27566.4265227076,10.2243538809166
"677","3306468B15896052245603",1,9733.67190620266,9733.67190620266,9.18334648386712
"678","3306468B16106454484671",1,21394.5965429056,21394.5965429056,9.97089367113189
"679","3306468B1703224271200",1,14558.370017432,14558.370017432,9.58592136613168
"680","3306468B17512962237330",1,12718.4600258199,12718.4600258199,9.45080976241237
"681","3306468B17793693444976",1,8176.62053464499,8176.62053464499,9.00903420665799
"682","3306468B17851422898431",1,13406.4197465127,13406.4197465127,9.50348895677481
"683","3306468B18266835565764",1,5208.55939562234,5208.55939562234,8.55805858895406
"684","3306468B1836648434057",1,10610.5298364009,10610.5298364009,9.26960216781651
"685","3306468B18666570412255",1,3148.9663070218,3148.9663070218,8.05482952146354
"686","3306468B19325324705004",1,4542.09922867829,4542.09922867829,8.42114456933974
"687","3306468B23054065948148",1,6778.77714797953,6778.77714797953,8.82155200301239
"688","3306468B23311881925490",1,12659.7290012711,12659.7290012711,9.4461812895663
"689","3306468B23578023399759",1,70154.4668552006,70154.4668552006,11.1584547592725
"690","3306468B24610118168871",1,64585.9728214644,64585.9728214644,11.075752527206
"691","3306468B24687357743066",1,1436.20832221404,1436.20832221404,7.26976181026606
"692","3306468B24836928118485",1,18967.8529291272,18967.8529291272,9.85050087408418
"693","3306468B25553756069478",1,2204.63163722026,2204.63163722026,7.69831571597522
"694","3306468B25789433891427",1,15456.9974861445,15456.9974861445,9.6458170915169
"695","3306468B26306333639139",1,39152.2330235343,39152.2330235343,10.5752127374305
"696","3306468B2740041336238",1,35854.3910429517,35854.3910429517,10.4872213222916
"697","3306468B2817273614412",1,13086.806811937,13086.806811937,9.479359888117
"698","3306468B29569237091860",1,10826.5622418668,10826.5622418668,9.28975786041322
"699","3306468B30549660873689",1,14915.2750406842,14915.2750406842,9.61014113732084
"700","3306468B30631228592753",1,19337.7548058101,19337.7548058101,9.86981467156556
"701","3306468B30679779198976",1,102266.82456575,102266.82456575,11.5353406037996
"702","3306468B31162099816687",1,23981.2568412332,23981.2568412332,10.0850278392695
"703","3306468B31402927654959",1,16782.1571325908,16782.1571325908,9.72807152554855
"704","3306468B31891639272972",1,15489.1278630502,15489.1278630502,9.64789362860118
"705","3306468B32455006078349",1,8958.47939823633,8958.47939823633,9.10035578154833
"706","3306468B33115506281893",1,7605.7577219159,7605.7577219159,8.93666083443313
"707","3306468B33320306044259",1,23656.9748855656,23656.9748855656,10.0714132716049
"708","3306468B33433581758578",1,68254.5580592766,68254.5580592766,11.1309994955685
"709","3306468B34554561821271",1,11362.1264669154,11362.1264669154,9.3380408637465
"710","3306468B37182555728177",1,60527.757888554,60527.757888554,11.010857346874
"711","3306468B37188297910356",1,34780.7714106389,34780.7714106389,10.4568199673817
"712","3306468B37411515289314",1,25976.5634007939,25976.5634007939,10.1649500028297
"713","3306468B38935954737927",1,24962.3933380542,24962.3933380542,10.1251257048278
"714","3306468B41168482841480",1,27173.9271773158,27173.9271773158,10.2100132329145
"715","3306468B41298949605028",1,29848.776792379,29848.776792379,10.3038991395013
"716","3306468B4250882356752",1,15218.5299015065,15218.5299015065,9.63026903683641
"717","3306468B42519572872146",1,12175.8631426665,12175.8631426665,9.40721084011275
"718","3306468B42523335746622",1,12879.5608843905,12879.5608843905,9.46339690625035
"719","3306468B4333912279461",1,183275.78004961,183275.78004961,12.118747292253
"720","3306468B44390196227357",1,67287.5755157197,67287.5755157197,11.1167308851531
"721","3306468B44690790041357",1,5668.76778926683,5668.76778926683,8.64272705198718
"722","3306468B45575096497084",1,14458.1323101237,14458.1323101237,9.57901232486183
"723","3306468B48172399013768",1,17255.4212751701,17255.4212751701,9.75588164990635
"724","3306468B48518895695140",1,6851.61374079429,6851.61374079429,8.83223948610875
"725","3306468B48518984773258",1,10042.9385237596,10042.9385237596,9.21462503207216
"726","3306468B48570951315042",1,36095.5177058218,36095.5177058218,10.4939239733384
"727","3306468B49446780717545",1,7339.3016501158,7339.3016501158,8.90099897404618
"728","3306468B49798152350174",1,189048.701042103,189048.701042103,12.1497599383201
"729","3306468B50273300961313",1,8880.31912160143,8880.31912160143,9.09159277245777
"730","3306468B51834332245466",1,39627.7740307554,39627.7740307554,10.5872855158145
"731","3306468B52155686963809",1,17282.9860604208,17282.9860604208,9.75747783185158
"732","3306468B53490324555446",1,5438.84381271365,5438.84381271365,8.60132178283371
"733","3306468B53759087220335",1,2591.23563035144,2591.23563035144,7.85989011828413
"734","3306468B53789709824921",1,3241.21626272368,3241.21626272368,8.08370392807481
"735","3306468B54245916691578",1,7549.39070336699,7549.39070336699,8.92922213744573
"736","3306468B54253052941239",1,139438.659598693,139438.659598693,11.8453800674017
"737","3306468B54711183761237",1,31481.2666708145,31481.2666708145,10.3571479390412
"738","3306468B54911085338541",1,82467.7631269323,82467.7631269323,11.3201627459835
"739","3306468B5550416760665",1,8991.96187849702,8991.96187849702,9.1040863326335
"740","3306468B55528819950271",1,131024.800973181,131024.800973181,11.7831419046704
"741","3306468B55753848240652",1,106570.236320316,106570.236320316,11.5765595427251
"742","3306468B55760825381670",1,42960.8659413835,42960.8659413835,10.6680448859019
"743","3306468B56210487942158",1,17188.1405867744,17188.1405867744,9.75197492421764
"744","3306468B57328361484840",1,11035.3782066825,11035.3782066825,9.30886159147756
"745","3306468B57439307714728",1,132702.235382887,132702.235382887,11.7958630655657
"746","3306468B5748672743725",1,12477.8205792163,12477.8205792163,9.43170799359767
"747","3306468B57701305571020",1,19097.7366445331,19097.7366445331,9.85732510672678
"748","3306468B57713364990292",1,34655.5326564467,34655.5326564467,10.4532126644965
"749","3306468B58364807671066",1,12185.2851174256,12185.2851174256,9.40798436483566
"750","3306468B58611223630856",1,48592.7367787512,48592.7367787512,10.7912293497231
"751","3306468B59626233413170",1,15666.5894942186,15666.5894942186,9.65928566611101
"752","3306468B60047889099268",1,113456.046311545,113456.046311545,11.6391707837332
"753","3306468B60341362842796",1,39173.4492281805,39173.4492281805,10.5757544806891
"754","3306468B61523317388818",1,6979.14346156417,6979.14346156417,8.85068147498358
"755","3306468B62036034532374",1,3673.46500783664,3673.46500783664,8.20889063944987
"756","3306468B62426802090355",1,49185.6627760572,49185.6627760572,10.8033574530224
"757","3306468B62510937127431",1,23928.8435982761,23928.8435982761,10.0828398553836
"758","3306468B63097535879723",1,880325.127717086,880325.127717086,13.6880465815345
"759","3306468B63590922856333",1,23164.3154976791,23164.3154976791,10.0503682484256
"760","3306468B64395738690475",1,29185.6571200015,29185.6571200015,10.2814326730603
"761","3306468B64768612261884",1,13390.9140619144,13390.9140619144,9.50233170087467
"762","3306468B65787617435828",1,65182.3260583961,65182.3260583961,11.0849436384439
"763","3306468B66406658248209",1,11595.6952353683,11595.6952353683,9.35838920782038
"764","3306468B66909438647260",1,76251.6378202802,76251.6378202802,11.2417941738492
"765","3306468B67030502759571",1,10620.2941397452,10620.2941397452,9.27052199118688
"766","3306468B67891946517614",1,7328.97586687353,7328.97586687353,8.89959106709379
"767","3306468B67900396339745",1,19270.9218492707,19270.9218492707,9.86635259883557
"768","3306468B683162392169",1,10754.3991487623,10754.3991487623,9.28307017298753
"769","3306468B69236034460520",1,42547.2710604132,42547.2710604132,10.6583709970544
"770","3306468B69873779257439",1,29865.8672977134,29865.8672977134,10.3044715453512
"771","3306468B69906942456290",1,166254.203870044,166254.203870044,12.0212732446348
"772","3306468B70810914734022",1,6903.74220492265,6903.74220492265,8.83981889210705
"773","3306468B70878351440693",1,26633.1937093279,26633.1937093279,10.1899136006192
"774","3306468B71353623072064",1,24705.0079546663,24705.0079546663,10.1147612532659
"775","3306468B71596371711370",1,49226.5028083137,49226.5028083137,10.8041874324128
"776","3306468B71944669665179",1,9435.24808753961,9435.24808753961,9.15220775184378
"777","3306468B72281596552802",1,68816.1335682162,68816.1335682162,11.1391934959687
"778","3306468B72856581619047",1,41322.8142806049,41322.8142806049,10.629170030319
"779","3306468B72895662483472",1,29626.1903388849,29626.1903388849,10.2964140578458
"780","3306468B73916150464178",1,10637.1625006144,10637.1625006144,9.27210904505651
"781","3306468B74633928052065",1,7846.46397501928,7846.46397501928,8.96781826025168
"782","3306468B74800067614401",1,23125.594818051,23125.594818051,10.0486952839115
"783","3306468B75896846080251",1,12940.564869742,12940.564869742,9.4681222200961
"784","3306468B76468188202077",1,22125.8605905875,22125.8605905875,10.0045023658694
"785","3306468B77556762591061",1,19045.5438491604,19045.5438491604,9.85458843451236
"786","3306468B7799388924344",1,570077.194338839,570077.194338839,13.2535270593057
"787","3306468B79017025460716",1,10528.305899912,10528.305899912,9.26182270898569
"788","3306468B80057745223349",1,45098.5356417647,45098.5356417647,10.7166050558232
"789","3306468B80072272336201",1,12271.3453493183,12271.3453493183,9.41502217711555
"790","3306468B80132338687245",1,15703.5416187291,15703.5416187291,9.66164154670764
"791","3306468B80209753736626",1,25242.8828427357,25242.8828427357,10.1362995273569
"792","3306468B80571164490310",1,6798.39513355814,6798.39513355814,8.82444185353865
"793","3306468B81365020570437",1,224496.309035367,224496.309035367,12.3216145452069
"794","3306468B82844411676159",1,112610.213547023,112610.213547023,11.6316876970308
"795","3306468B82901312279704",1,8954.93803467862,8954.93803467862,9.09996039483699
"796","3306468B84487207746542",1,20511.2791888407,20511.2791888407,9.92873021815329
"797","3306468B8616193891808",1,12102.5009526118,12102.5009526118,9.40116740052583
"798","3306468B8700472779567",1,9556.38992789511,9556.38992789511,9.16496531212296
"799","3306468B87386677214515",1,16535.1431063564,16535.1431063564,9.71324328013238
"800","3306468B8786854663218",1,14048.592423187,14048.592423187,9.55027748634014
"801","3306468B88446063992156",1,6221.01323681047,6221.01323681047,8.73568807227525
"802","3306468B89107795210133",1,49665.0126950796,49665.0126950796,10.8130559942636
"803","3306468B8968248816263",1,32380.9877519003,32380.9877519003,10.3853267317664
"804","3306468B8987969858006",1,46377.4297094229,46377.4297094229,10.7445681911933
"805","3306468B91060644356542",1,21719.6211992167,21719.6211992167,9.9859713337124
"806","3306468B91186516288237",1,22909.0178306726,22909.0178306726,10.0392859037591
"807","3306468B93342772649109",1,5480.6765566839,5480.6765566839,8.60898383157048
"808","3306468B93547885769442",1,42460.3087265775,42460.3087265775,10.6563250062289
"809","3306468B9406738878397",1,3068.29813600126,3068.29813600126,8.0288783337767
"810","3306468B94493131963400",1,22096.7199598028,22096.7199598028,10.0031844583823
"811","3306468B95520457943603",1,7095.46832310665,7095.46832310665,8.86721159490083
"812","3306468B95722442714869",1,20752.6046879089,20752.6046879089,9.94042704490911
"813","3306468B96171292047706",1,6558.78738263896,6558.78738263896,8.78856101464375
"814","3306468B97025454858192",1,10379.05955019,10379.05955019,9.24754555051411
"815","3306468B99813204721250",1,14902.1625071715,14902.1625071715,9.60926161611202
"816","3306468B99956465733744",1,527942.164554649,527942.164554649,13.1767420198605
"817","50627088B11139990760987",1,43162.9380082785,43162.9380082785,10.6727374895362
"818","50627088B12343009678657",1,2631.22514956877,2631.22514956877,7.87520485304168
"819","50627088B15474935979053",1,4524.00166786094,4524.00166786094,8.41715220590547
"820","50627088B196089850290",1,3747.2776082073,3747.2776082073,8.22878488417508
"821","50627088B20699508066130",1,4586.83012373615,4586.83012373615,8.4309444596267
"822","50627088B20857302677335",1,97637.5208368311,97637.5208368311,11.4890171333287
"823","50627088B21346817666237",1,12254.783276267,12254.783276267,9.4136716112907
"824","50627088B22076648186197",1,6248.27622447769,6248.27622447769,8.74006090060594
"825","50627088B26698937893318",1,12405.9097504966,12405.9097504966,9.42592823084084
"826","50627088B33659977018142",1,11750.0509874499,11750.0509874499,9.37161285892033
"827","50627088B34623658197151",1,16420.093971478,16420.093971478,9.70626110597896
"828","50627088B35146246473930",1,30910.7656500466,30910.7656500466,10.3388598051218
"829","50627088B36966342842371",1,1437.35434735862,1437.35434735862,7.27055944396131
"830","50627088B37392390891999",1,66526.3091463847,66526.3091463847,11.1053527746659
"831","50627088B38864018180233",1,6993.57357218851,6993.57357218851,8.85274694524531
"832","50627088B38886465943482",1,3920.31065226109,3920.31065226109,8.27392617767034
"833","50627088B41221510425691",1,15528.4457811223,15528.4457811223,9.65042883264918
"834","50627088B43158791534375",1,8941.79354671798,8941.79354671798,9.09849146848422
"835","50627088B45338905854221",1,9998.20921545877,9998.20921545877,9.2101612774856
"836","50627088B45390656969896",1,16950.336127002,16950.336127002,9.73804294311357
"837","50627088B46510877270516",1,17422.8920745376,17422.8920745376,9.76554025697897
"838","50627088B47907092422730",1,73490.1361630008,73490.1361630008,11.2049064743311
"839","50627088B48425886869278",1,5390.96992510417,5390.96992510417,8.59248059671308
"840","50627088B49259449060306",1,60908.1203586309,60908.1203586309,11.0171217840313
"841","50627088B5887634213656",1,10799.50422202,10799.50422202,9.28725550669011
"842","50627088B60937444103657",1,3649.47226200791,3649.47226200791,8.20233785037175
"843","50627088B61483456633974",1,21170.155611074,21170.155611074,9.96034771464861
"844","50627088B62386575329079",1,15566.7702766696,15566.7702766696,9.65289381085557
"845","50627088B62561393474891",1,4521.77005747558,4521.77005747558,8.41665880180499
"846","50627088B63268830739579",1,7905.63232800881,7905.63232800881,8.97533073733743
"847","50627088B63985202353030",1,4023.19463260029,4023.19463260029,8.29983155074479
"848","50627088B67615476566962",1,9186.8049314558,9186.8049314558,9.12552348694011
"849","50627088B6848821284294",1,14410.2301665941,14410.2301665941,9.57569366156511
"850","50627088B68671951504705",1,3440.67352097534,3440.67352097534,8.14342252218409
"851","50627088B69459727871118",1,6378.72526392824,6378.72526392824,8.76072355448365
"852","50627088B73050427186978",1,42424.1974347288,42424.1974347288,10.6554741726513
"853","50627088B74426866843112",1,19266.6460474477,19266.6460474477,9.86613069579011
"854","50627088B76976596426354",1,13691.8579591451,13691.8579591451,9.52455662559284
"855","50627088B77985545046422",1,78777.4126204408,78777.4126204408,11.2743815928838
"856","50627088B81723111751248",1,1658.08604182562,1658.08604182562,7.41341922929785
"857","50627088B84573477365023",1,6953.86590596111,6953.86590596111,8.84705302937371
"858","50627088B85781169785703",1,16290.7487331023,16290.7487331023,9.69835266328399
"859","50627088B86222630376242",1,4339.66411242625,4339.66411242625,8.37555223064925
"860","50627088B86434321142038",1,5140.75422314165,5140.75422314165,8.54495508370431
"861","50627088B86514421558272",1,10197.046294215,10197.046294215,9.22985337833774
"862","50627088B87770668885129",1,5361.48351617522,5361.48351617522,8.58699599117543
"863","50627088B89309847194921",1,10434.8084287136,10434.8084287136,9.2529024608103
"864","50627088B89415204754484",1,11098.5183999189,11098.5183999189,9.31456690090673
"865","50627088B91562920030226",1,45063.0577522665,45063.0577522665,10.7158180712548
"866","50627088B95272323140110",1,6318.4689906704,6318.4689906704,8.7512322094824
"867","50627088B95926354203018",1,4811.60123253191,4811.60123253191,8.47878520427832
"868","50627088B9683107212546",1,2940.19902297998,2940.19902297998,7.98623255293268
"869","50627088B97474247637158",1,2758.38675050809,2758.38675050809,7.92240127713275
"870","50627088B99358381769751",1,3814.63071382525,3814.63071382525,8.24659914056022
"871","52423323B12945765623889",1,1672544.22948174,1672544.22948174,14.3298565157659
"872","52423323B15193843372165",1,35009.6868183183,35009.6868183183,10.4633800684165
"873","52423323B15615503962810",1,15411.8380598777,15411.8380598777,9.64289119828608
"874","52423323B30055377123023",1,85850.0317768154,85850.0317768154,11.360357236469
"875","52423323B33049838557264",1,2832.99094858162,2832.99094858162,7.94908830483128
"876","52423323B38827881811881",1,20713.7896409822,20713.7896409822,9.93855492369426
"877","52423323B49434157073126",1,4048.99392491095,4048.99392491095,8.30622371563858
"878","52423323B61382457071366",1,245734.10891421,245734.10891421,12.4120053722938
"879","52423323B64374819566346",1,21109.9446666539,21109.9446666539,9.95749951964774
"880","52423323B64688263814776",1,66915.7471201249,66915.7471201249,11.1111896013796
"881","52423323B83657020181819",1,38017.8013761954,38017.8013761954,10.545809786285
"882","52423323B84565222808084",1,987.439410877228,987.439410877228,6.89511513881922
"883","52423323B93715825211285",2,606.507795524597,1213.01559104919,7.10086476215839
"884","52423323B96895412793722",1,45694.2498752145,45694.2498752145,10.7297277456664
"885","52511910B10215199478646",1,44485.2712834862,44485.2712834862,10.702913430974
"886","52511910B10855589670933",1,17209.1696315839,17209.1696315839,9.75319763885991
"887","52511910B1170609292065",2,27977.8926669093,55955.7853338186,10.93231711025
"888","52511910B12166681712059",1,6785.53448127572,6785.53448127572,8.82254834312015
"889","52511910B12217989868885",1,35808.0934593237,35808.0934593237,10.4859292211206
"890","52511910B12239492719020",2,24149.4441525555,48298.888305111,10.7851638229185
"891","52511910B12240276172675",1,40260.2479611945,40260.2479611945,10.6031198581712
"892","52511910B1240337598967",1,31817.4401617328,31817.4401617328,10.3677698511929
"893","52511910B1281835166424",2,4604.16896689648,9208.33793379296,9.12786464974925
"894","52511910B1289591480139",1,8681.5621191182,8681.5621191182,9.06895675910251
"895","52511910B132067886793",1,24825.0354079558,24825.0354079558,10.1196079152147
"896","52511910B13267113488931",1,14927.176194527,14927.176194527,9.61093873631028
"897","52511910B1345857498627",1,2324.18937881468,2324.18937881468,7.75112660295417
"898","52511910B13500089926277",1,23685.880343957,23685.880343957,10.0726343835063
"899","52511910B1376149917055",1,32353.6018237386,32353.6018237386,10.3844806329504
"900","52511910B14295991899678",1,31642.7365994218,31642.7365994218,10.3622639099057
"901","52511910B1429973809191",1,19851.5908358989,19851.5908358989,9.89603942577051
"902","52511910B1435450581762",1,1898.90671202016,1898.90671202016,7.54903358481371
"903","52511910B14571669428725",1,7605.52586818726,7605.52586818726,8.93663034999343
"904","52511910B14763561478876",1,12462.4630257707,12462.4630257707,9.43047644742683
"905","52511910B14816404731270",1,103649.821879937,103649.821879937,11.5487733993862
"906","52511910B14944460308189",1,18453.5382484053,18453.5382484053,9.82301140606352
"907","52511910B14985671444346",1,132884.544312996,132884.544312996,11.7972359423252
"908","52511910B15112316927565",1,36746.2219987131,36746.2219987131,10.5117906966003
"909","52511910B15727969780764",1,75587.216033414,75587.216033414,11.2330424477815
"910","52511910B16211515353621",1,20819.4496331897,20819.4496331897,9.94364290729457
"911","52511910B16548233454257",1,3715.32085098445,3715.32085098445,8.22022031977094
"912","52511910B16992601244944",1,47664.8950092064,47664.8950092064,10.7719504522442
"913","52511910B1724778943765",1,5223.23224220619,5223.23224220619,8.56087169273708
"914","52511910B17356876538254",1,44726.4629931996,44726.4629931996,10.7083206187016
"915","52511910B17390178466990",1,10825.1615963553,10825.1615963553,9.28962848082904
"916","52511910B17799667237096",1,13027.3785147129,13027.3785147129,9.47480846144439
"917","52511910B18270670997793",1,26739.0465061539,26739.0465061539,10.1938801920603
"918","52511910B19330386236783",1,39432.5724719956,39432.5724719956,10.5823474662347
"919","52511910B19407638162060",2,1919.10680977541,3838.21361955082,8.2527623340992
"920","52511910B19586040436612",1,17429.6915392572,17429.6915392572,9.76593044124084
"921","52511910B2005519933546",2,51404.2268117827,102808.453623565,11.5406228623145
"922","52511910B2055603825455",1,39473.5544450769,39473.5544450769,10.5833862189493
"923","52511910B21046020325533",1,16830.1098059653,16830.1098059653,9.73092481158218
"924","52511910B21407702399528",1,427802.930512884,427802.930512884,12.9664179258007
"925","52511910B21548483035565",1,9099.22586699216,9099.22586699216,9.11594461932502
"926","52511910B21980317252116",1,1756.28356618644,1756.28356618644,7.47095524531874
"927","52511910B22102802824180",1,9532.41910273077,9532.41910273077,9.16245380522634
"928","52511910B2226983620167",1,86854.7229001161,86854.7229001161,11.3719921501575
"929","52511910B22297779295169",1,12463.8697124887,12463.8697124887,9.43058931495005
"930","52511910B22417450396653",1,10496.1585036257,10496.1585036257,9.25876461240614
"931","52511910B24217315836254",1,21567.7747160944,21567.7747160944,9.97895556837254
"932","52511910B2433100174245",1,85012.7592815211,85012.7592815211,11.3505566334016
"933","52511910B24338772487994",2,6693.7017456301,13387.4034912602,9.50206950586057
"934","52511910B24425392494170",1,27486.8736328033,27486.8736328033,10.2214638472565
"935","52511910B24462040337349",1,41798.0561303857,41798.0561303857,10.6406051133737
"936","52511910B24789968471650",1,221193.875369402,221193.875369402,12.3067948600436
"937","52511910B25870488928169",1,1431.46877115466,1431.46877115466,7.26645630883018
"938","52511910B26024129556324",1,101128.684064562,101128.684064562,11.5241490844963
"939","52511910B26321075911025",1,95872.388804309,95872.388804309,11.4707733028808
"940","52511910B26426295483490",1,45778.092632107,45778.092632107,10.7315609288576
"941","52511910B26440140856632",1,95826.5674447444,95826.5674447444,11.4702952474825
"942","52511910B26517515062770",1,33328.8317042305,33328.8317042305,10.4141781183091
"943","52511910B26605642536320",1,15924.1594823627,15924.1594823627,9.67559269929002
"944","52511910B27035674370402",1,27638.8201519999,27638.8201519999,10.2269765907187
"945","52511910B27389223998758",1,95547.6843148331,95547.6843148331,11.4673807140512
"946","52511910B27691000187918",1,118657.395552455,118657.395552455,11.683995590747
"947","52511910B27783301561641",1,1064.73480907115,1064.73480907115,6.9704810415695
"948","52511910B28036042271757",1,164561.007876717,164561.007876717,12.0110366489843
"949","52511910B28406755893597",1,6837.74838812487,6837.74838812487,8.83021377340129
"950","52511910B28476693424992",1,67181.0621124336,67181.0621124336,11.1151466729912
"951","52511910B29325635095698",1,229782.422989848,229782.422989848,12.3448881531766
"952","52511910B29818712056723",1,30631.0654942493,30631.0654942493,10.3297699851914
"953","52511910B30663215399885",1,72623.3909256112,72623.3909256112,11.1930423379791
"954","52511910B30709967967550",1,124400.616453926,124400.616453926,11.7312624146923
"955","52511910B30715783231624",1,32018.9306219593,32018.9306219593,10.3740825888025
"956","52511910B30774246387934",2,25994.2769412047,51988.5538824094,10.8587788556881
"957","52511910B30880402907345",1,41959.1469336898,41959.1469336898,10.6444517318386
"958","52511910B3088598520620",1,42541.9831468027,42541.9831468027,10.6582467060692
"959","52511910B30977236715140",1,85199.6977115614,85199.6977115614,11.3527531648247
"960","52511910B31003231188752",1,25135.9314849949,25135.9314849949,10.1320536347197
"961","52511910B3118715998086",1,4735.5000149977,4735.5000149977,8.46284259983323
"962","52511910B31717620625581",1,25448.4071806847,25448.4071806847,10.1444084337994
"963","52511910B3173449865557",1,33920.3519852075,33920.3519852075,10.4317704667744
"964","52511910B31970606922462",1,28555.8786896872,28555.8786896872,10.2596181024584
"965","52511910B32484376841800",1,4534.33564850672,4534.33564850672,8.41943385755257
"966","52511910B32855735947523",1,27654.7809744628,27654.7809744628,10.227553902472
"967","52511910B33100646615087",2,47041.9031772622,94083.8063545244,11.4519412210143
"968","52511910B33929030594907",2,110720.433934711,221440.867869422,12.3079108706118
"969","52511910B34768840903386",1,81277.2550081491,81277.2550081491,11.3056214901966
"970","52511910B35262105049161",1,48169.6818718711,48169.6818718711,10.7824850953233
"971","52511910B3549258104854",1,17807.8448551276,17807.8448551276,9.78739436138885
"972","52511910B3606287647189",1,13972.9447967036,13972.9447967036,9.54487822436081
"973","52511910B36399926613491",1,178337.221195137,178337.221195137,12.0914315380666
"974","52511910B36549244443661",1,3369.30070694768,3369.30070694768,8.12246049645742
"975","52511910B37391519791178",1,35392.6858759411,35392.6858759411,10.4742604641003
"976","52511910B37639564414460",1,40248.783026442,40248.783026442,10.6028350470217
"977","52511910B37723179298847",1,6410.51933056808,6410.51933056808,8.76569556544224
"978","52511910B38320737099141",1,9746.23559595029,9746.23559595029,9.18463639671586
"979","52511910B38482668702502",1,224282.267820901,224282.267820901,12.3206606617475
"980","52511910B39021201460320",1,61159.0239433523,61159.0239433523,11.0212327008469
"981","52511910B39055948947966",1,5119.43095607448,5119.43095607448,8.54079857046519
"982","52511910B398222474379",2,2245.29968580484,4490.59937160968,8.40974146216349
"983","52511910B3988585053627",1,1174.95241440236,1174.95241440236,7.06898292737721
"984","52511910B39925062868722",1,29148.558870103,29148.558870103,10.2801607521381
"985","52511910B4023851996912",1,12859.5963762943,12859.5963762943,9.46184561131883
"986","52511910B40379944508344",1,25271.381290482,25271.381290482,10.1374278601659
"987","52511910B40704082736400",1,93634.5131740783,93634.5131740783,11.4471543249936
"988","52511910B40762326804108",1,17577.190951481,17577.190951481,9.77435737186675
"989","52511910B40907976300093",1,116210.421835325,116210.421835325,11.6631578081503
"990","52511910B40932238962124",1,2052.9308533065,2052.9308533065,7.62702373564632
"991","52511910B41349980343036",1,38866.8995015108,38866.8995015108,10.5678982548174
"992","52511910B41569626445575",1,43953.7467837762,43953.7467837762,10.6908931505326
"993","52511910B41832053670190",1,56211.2569392814,56211.2569392814,10.9368723172348
"994","52511910B41847670787440",1,1469.74180614632,1469.74180614632,7.29284202226857
"995","52511910B41918855057041",1,64078.1870052086,64078.1870052086,11.0678592886642
"996","52511910B42295955196197",1,25165.032464139,25165.032464139,10.1332107092609
"997","52511910B42739382471676",1,51854.3103663702,51854.3103663702,10.8561933416657
"998","52511910B42807411813200",1,10394.0626434147,10394.0626434147,9.24899002243253
"999","52511910B43288181316884",1,57877.8294339534,57877.8294339534,10.9660896789011
"1000","52511910B43412485397625",1,50552.1575423228,50552.1575423228,10.8307609048894
"1001","52511910B43880613502989",1,29032.205562751,29032.205562751,10.2761610294255
"1002","52511910B44183742195819",1,159711.964487379,159711.964487379,11.9811272499152
"1003","52511910B44653158831279",1,70947.306952807,70947.306952807,11.1696927248954
"1004","52511910B45067846009416",1,265817.112625042,265817.112625042,12.4905638047729
"1005","52511910B45111644423638",1,153075.561884425,153075.561884425,11.9386869469873
"1006","52511910B45186727587827",1,128940.679151639,128940.679151639,11.767107726042
"1007","52511910B45758904415578",1,47462.3359032101,47462.3359032101,10.7676917471353
"1008","52511910B46327040282414",1,154020.228185133,154020.228185133,11.9448392246214
"1009","52511910B46580896438278",2,22941.9140042367,45883.8280084734,10.7338680029954
"1010","52511910B46875128491",1,138883.944999237,138883.944999237,11.8413939353032
"1011","52511910B47006759189229",1,45285.7234690788,45285.7234690788,10.7207471065913
"1012","52511910B47108576517123",1,33904.3328474842,33904.3328474842,10.4312980978114
"1013","52511910B47117449404442",1,9677.1010530485,9677.1010530485,9.17751765742728
"1014","52511910B47244734334087",1,7090.4063421184,7090.4063421184,8.86649792988932
"1015","52511910B47715712995546",1,82911.3540327114,82911.3540327114,11.3255272923327
"1016","52511910B47928826922149",1,1520.05505332293,1520.05505332293,7.32650183247582
"1017","52511910B48556697809502",1,27299.7397275909,27299.7397275909,10.2146324473397
"1018","52511910B4874504546565",1,195921.659930747,195921.659930747,12.1854701640827
"1019","52511910B48822656668811",1,5080.59163226597,5080.59163226597,8.53318299683572
"1020","52511910B49041277824691",1,1824.96717359986,1824.96717359986,7.50931727878625
"1021","52511910B49192689587509",1,8205.73943398127,8205.73943398127,9.01258911938823
"1022","52511910B49246730473855",1,51443.9880961131,51443.9880961131,10.8482488849909
"1023","52511910B49284203349487",2,29346.275201738,58692.550403476,10.9800680881113
"1024","52511910B49336497562900",1,87352.4510929282,87352.4510929282,11.377706375763
"1025","52511910B49397347460294",1,19906.7357578564,19906.7357578564,9.89881343373534
"1026","52511910B4946947315760",1,89009.4774067464,89009.4774067464,11.3964981307611
"1027","52511910B49637011657057",1,38635.7663450387,38635.7663450387,10.5619337156838
"1028","52511910B4969786063416",1,12058.2893613243,12058.2893613243,9.3975076162174
"1029","52511910B49699122775209",1,12883.7362201761,12883.7362201761,9.46372103679973
"1030","52511910B49735999236113",1,8048.43060092599,8048.43060092599,8.99323239499943
"1031","52511910B50234287801955",1,28862.170966041,28862.170966041,10.2702870535472
"1032","52511910B50474008293669",1,133157.74413444,133157.74413444,11.7992897505304
"1033","52511910B50770239456778",1,25760.5653089248,25760.5653089248,10.1566001251997
"1034","52511910B51634678228857",1,155933.106276443,155933.106276443,11.9571823883479
"1035","52511910B51671938708352",1,5435.67959300449,5435.67959300449,8.60073983184967
"1036","52511910B5173446134858",1,29422.8959761419,29422.8959761419,10.2895284249378
"1037","52511910B52040400722593",1,37345.4810965006,37345.4810965006,10.5279671951958
"1038","52511910B52167757698823",1,38048.443142273,38048.443142273,10.5466154463495
"1039","52511910B52234359951443",1,38311.0198249174,38311.0198249174,10.5534928576723
"1040","52511910B52477730632252",1,30405.7231315625,30405.7231315625,10.3223861305821
"1041","52511910B53055897182204",1,14899.5929483867,14899.5929483867,9.60908917266016
"1042","52511910B53218930904512",1,3049.23912430818,3049.23912430818,8.02264737103934
"1043","52511910B53442502489936",1,160777.561751539,160777.561751539,11.9877770846441
"1044","52511910B53659520741831",1,62815.5859224071,62815.5859224071,11.0479585051417
"1045","52511910B53728166380969",1,20433.3418786033,20433.3418786033,9.92492325145855
"1046","52511910B54123288304078",1,22814.0864088061,22814.0864088061,10.0351334491149
"1047","52511910B54132966107148",1,54028.0158487246,54028.0158487246,10.8972580030234
"1048","52511910B54492038659997",1,26331.6342472594,26331.6342472594,10.1785263184434
"1049","52511910B54544949915679",1,111054.497930249,111054.497930249,11.6177763321516
"1050","52511910B54921877123299",1,14670.7517421049,14670.7517421049,9.59361111332139
"1051","52511910B55440888068193",1,5667.78564098705,5667.78564098705,8.64255378093293
"1052","52511910B55503333028627",1,37080.0819359385,37080.0819359385,10.5208352293844
"1053","52511910B55551570232595",1,63068.3221991927,63068.3221991927,11.051973897103
"1054","52511910B55567443002533",1,6532.27596016766,6532.27596016766,8.78451070062105
"1055","52511910B55591891530874",1,16101.9788709555,16101.9788709555,9.68669745465906
"1056","52511910B558444185686",1,66851.6560944597,66851.6560944597,11.1102313555136
"1057","52511910B56958480946992",2,72910.1191684519,145820.238336904,11.8901298978187
"1058","52511910B57035161982504",1,138577.777696402,138577.777696402,11.8391870188023
"1059","52511910B57239711193520",1,37703.3629791249,37703.3629791249,10.537504573148
"1060","52511910B57344020400583",1,316119.044212416,316119.044212416,12.6638741438183
"1061","52511910B57885575775117",1,151646.126772481,151646.126772481,11.92930497222
"1062","52511910B58011485138839",2,4067.05806103563,8134.11612207126,9.00382236249894
"1063","52511910B58943778362560",1,14485.9869812161,14485.9869812161,9.58093704603998
"1064","52511910B59176200579981",1,30613.0061748736,30613.0061748736,10.3291802360318
"1065","52511910B59203276225690",1,5391.73626136772,5391.73626136772,8.59262273844477
"1066","52511910B59245920767717",1,12192.3051185743,12192.3051185743,9.40856030374306
"1067","52511910B59360103371589",1,8886.41821738923,8886.41821738923,9.09227934714068
"1068","52511910B59671861776280",1,11186.6628292903,11186.6628292903,9.32247752888171
"1069","52511910B59824272814460",1,69517.448212571,69517.448212571,11.1493330534625
"1070","52511910B60061263127196",1,35425.0786947114,35425.0786947114,10.475175286002
"1071","52511910B60889717547120",1,192567.532316279,192567.532316279,12.1682021884154
"1072","52511910B61192023784720",1,19433.8994543365,19433.8994543365,9.87477421468715
"1073","52511910B61439489120441",1,44515.8460935477,44515.8460935477,10.7036004967585
"1074","52511910B6162382764157",1,147416.854498281,147416.854498281,11.9010195975076
"1075","52511910B61676244874246",1,25951.0640216882,25951.0640216882,10.163967890516
"1076","52511910B61790844495814",1,29277.1901965901,29277.1901965901,10.2845640002393
"1077","52511910B62200479590982",1,5826.33509508485,5826.33509508485,8.67014345304433
"1078","52511910B62556379472396",1,4073.16590703511,4073.16590703511,8.31217584019352
"1079","52511910B62922031863482",1,4217.84993552285,4217.84993552285,8.34708078324198
"1080","52511910B63672424305930",1,17467.0703567701,17467.0703567701,9.76807269340277
"1081","52511910B63745543652662",1,57073.5104353122,57073.5104353122,10.9520953726836
"1082","52511910B6389603869041",1,344120.226643678,344120.226643678,12.7487463713532
"1083","52511910B648094459248",1,57006.976851151,57006.976851151,10.9509289402237
"1084","52511910B65003852157868",1,12318.4780789402,12318.4780789402,9.41885569690318
"1085","52511910B65196754917234",1,73991.8903346577,73991.8903346577,11.2117107761087
"1086","52511910B65674101735888",1,31765.1479949931,31765.1479949931,10.3661249927483
"1087","52511910B65736953470193",1,15937.0644404557,15937.0644404557,9.67640277230102
"1088","52511910B66300742055958",1,9218.13495011484,9218.13495011484,9.12892801302086
"1089","52511910B66393591343605",1,23071.6480701841,23071.6480701841,10.0463597864222
"1090","52511910B66692058551395",1,100967.443155215,100967.443155215,11.5225533988612
"1091","52511910B67044835484249",2,32509.8777786885,65019.755557377,11.0824464343519
"1092","52511910B67072521171420",1,3939.70337414515,3939.70337414515,8.2788607137079
"1093","52511910B67244265985329",1,61223.1227895277,61223.1227895277,11.0222802205014
"1094","52511910B67503722299641",1,124439.007469738,124439.007469738,11.7315709750053
"1095","52511910B67569609565838",1,86060.5549794622,86060.5549794622,11.3628064551222
"1096","52511910B67622492960002",1,24109.8727602003,24109.8727602003,10.0903766936914
"1097","52511910B68145786967648",1,77851.5712632771,77851.5712632771,11.2625593602733
"1098","52511910B68305869820707",1,41341.5899637006,41341.5899637006,10.6296242931566
"1099","52511910B68505135665197",1,278049.759570752,278049.759570752,12.5355553679174
"1100","52511910B68559401871490",1,102737.908958954,102737.908958954,11.5399364510689
"1101","52511910B68600157990452",1,10000.8557672772,10000.8557672772,9.21042594504242
"1102","52511910B68602378722707",1,79159.2461519835,79159.2461519835,11.2792168765785
"1103","52511910B69050472249631",1,17475.9422939089,17475.9422939089,9.76858048804647
"1104","52511910B69477070610060",1,3997.43257807617,3997.43257807617,8.29340757854366
"1105","52511910B70153095650041",1,4438.76308212836,4438.76308212836,8.39813103150801
"1106","52511910B70290379794397",1,37764.1865604601,37764.1865604601,10.539116487007
"1107","52511910B70456030054544",1,1559.82827552746,1559.82827552746,7.35233101439427
"1108","52511910B70473175587181",1,5384.18452277446,5384.18452277446,8.59122114316938
"1109","52511910B70638918104863",1,18173.4495774131,18173.4495774131,9.80771699353128
"1110","52511910B71032150875325",1,12864.3459111039,12864.3459111039,9.46221488091293
"1111","52511910B71538284073489",1,3686.47668954673,3686.47668954673,8.2124264542161
"1112","52511910B71690687423925",1,22559.1412924452,22559.1412924452,10.0238956416094
"1113","52511910B72557613719767",1,296446.631885695,296446.631885695,12.599622487579
"1114","52511910B73336698759549",1,31498.9931932948,31498.9931932948,10.3577108621853
"1115","52511910B75183314272458",1,26831.7341492505,26831.7341492505,10.1973405760402
"1116","52511910B75402986028359",1,54970.5188702184,54970.5188702184,10.9145522999628
"1117","52511910B76288634877329",2,55111.5001249348,110223.00024987,11.6102608676245
"1118","52511910B76622709081814",1,2031.33261986925,2031.33261986925,7.61644731964804
"1119","52511910B76864499188928",1,5034.69687412492,5034.69687412492,8.52410859959157
"1120","52511910B77222989775801",2,3669.80149609019,7339.60299218038,8.90104003188693
"1121","52511910B77517078586613",1,70971.4891700163,70971.4891700163,11.1700335143906
"1122","52511910B77588417233313",1,33027.9281479206,33027.9281479206,10.4051087900451
"1123","52511910B7774942695724",2,23567.4316646616,47134.8633293232,10.7607682042678
"1124","52511910B78140930961679",1,2883.40285456405,2883.40285456405,7.96672642237664
"1125","52511910B78362812420952",1,242413.538544769,242413.538544769,12.3984003837
"1126","52511910B78382154896940",1,2191.86716916209,2191.86716916209,7.69250904822178
"1127","52511910B7838707993704",1,23887.4440050133,23887.4440050133,10.0811082444333
"1128","52511910B78624558885304",1,74085.7087883518,74085.7087883518,11.2129779288287
"1129","52511910B79023193352255",1,36103.9778590807,36103.9778590807,10.4941583282527
"1130","52511910B79239618011253",1,111586.349732208,111586.349732208,11.6225540072208
"1131","52511910B79904820365756",1,29852.6466308142,29852.6466308142,10.3040287792392
"1132","52511910B79940153361499",1,15940.9224736763,15940.9224736763,9.67664482229307
"1133","52511910B80613047181881",1,13953.0273260125,13953.0273260125,9.54345177632306
"1134","52511910B80624224978544",1,13055.0680637665,13055.0680637665,9.47693169473638
"1135","52511910B81270804246754",1,31463.5737167558,31463.5737167558,10.3565857657347
"1136","52511910B81672195550340",1,103702.409071009,103702.409071009,11.549280625105
"1137","52511910B81807770672257",1,342497.274203241,342497.274203241,12.7440189781221
"1138","52511910B81868017791126",1,14985.8880636936,14985.8880636936,9.6148642415045
"1139","52511910B82181877276071",1,30201.0208293377,30201.0208293377,10.3156310050876
"1140","52511910B82353065981408",1,11429.3058505094,11429.3058505094,9.34393602445557
"1141","52511910B82588790657213",1,15027.6763376215,15027.6763376215,9.61764886917297
"1142","52511910B82760897224923",1,21455.9590037943,21455.9590037943,9.97375769480908
"1143","52511910B83187520966287",1,78791.6593974179,78791.6593974179,11.2745624250335
"1144","52511910B83254623159264",1,64714.4361742045,64714.4361742045,11.0777395803949
"1145","52511910B83654747413473",1,71295.086932916,71295.086932916,11.1745826970565
"1146","52511910B8366046265197",1,1208.97161728856,1208.97161728856,7.0975253741511
"1147","52511910B83755823779571",1,27844.1853552437,27844.1853552437,10.2343794391851
"1148","52511910B84130893113897",1,153613.205520144,153613.205520144,11.9421930694386
"1149","52511910B84254778922177",1,3251.98772586414,3251.98772586414,8.08702169632606
"1150","52511910B8433520860340",1,9758.35004403498,9758.35004403498,9.18587861225082
"1151","52511910B8555120582575",2,85704.1492577545,171408.298515509,12.0518037000503
"1152","52511910B85663060935330",1,43291.8734349874,43291.8734349874,10.6757202158911
"1153","52511910B85672644454395",1,191773.26759093,191773.26759093,12.1640690552366
"1154","52511910B8569683364670",1,88408.53079292,88408.53079292,11.3897237461521
"1155","52511910B85706759339541",1,27802.8047808723,27802.8047808723,10.2328921859878
"1156","52511910B86399036189677",1,26656.974029361,26656.974029361,10.1908060850163
"1157","52511910B8640641883305",1,14134.0520933706,14134.0520933706,9.55634220692185
"1158","52511910B86463604693023",1,24394.0290411796,24394.0290411796,10.1020936699075
"1159","52511910B86635109020715",1,9919.57879597554,9919.57879597554,9.20226573929435
"1160","52511910B86664130512952",1,4901.09738027044,4901.09738027044,8.49721441418174
"1161","52511910B86675185737242",1,97832.2981879851,97832.2981879851,11.4910100488242
"1162","52511910B86901151057582",1,37104.3272451027,37104.3272451027,10.5214888791282
"1163","52511910B8694284014765",1,29280.4181237148,29280.4181237148,10.2846742481548
"1164","52511910B87526029786391",1,10295.3255786171,10295.3255786171,9.23944524388821
"1165","52511910B87738681480797",1,2307.07618284243,2307.07618284243,7.74373628010032
"1166","52511910B89393531563013",1,107836.666631052,107836.666631052,11.588373015348
"1167","52511910B89557374460695",1,2325.95993869279,2325.95993869279,7.75188810966837
"1168","52511910B90052363141845",1,8535.9589021542,8535.9589021542,9.05204297832077
"1169","52511910B9027234137610",1,28565.1777253653,28565.1777253653,10.2599436929269
"1170","52511910B9049907467318",1,2820.20029356612,2820.20029356612,7.9445631874972
"1171","52511910B90712224530022",1,89241.3208333093,89241.3208333093,11.3990994493481
"1172","52511910B90795941917739",1,10351.7546936968,10351.7546936968,9.24491131994685
"1173","52511910B90991611037176",1,2121.16085518773,2121.16085518773,7.65971879100432
"1174","52511910B91175598455743",1,21769.5041148692,21769.5041148692,9.98826537559843
"1175","52511910B91354507826004",1,183411.702793132,183411.702793132,12.1194886469821
"1176","52511910B92065650444302",2,66437.8805101825,132875.761020365,11.7971698429683
"1177","52511910B92709587856848",1,41984.5942439393,41984.5942439393,10.6450580262608
"1178","52511910B93540688501820",1,59672.4795473668,59672.4795473668,10.9966262139911
"1179","52511910B93844416805291",1,33640.36722327,33640.36722327,10.4234820302957
"1180","52511910B93975188491166",1,8320.70173355154,8320.70173355154,9.02650187323353
"1181","52511910B94067910328765",1,35834.7827643063,35834.7827643063,10.4866742863002
"1182","52511910B94409074074623",1,10774.7677469567,10774.7677469567,9.28496235993284
"1183","52511910B94458762678017",1,28029.8236869076,28029.8236869076,10.2410243539823
"1184","52511910B94488542881377",1,35795.9712182969,35795.9712182969,10.4855906302544
"1185","52511910B94627775761425",1,46894.1106402015,46894.1106402015,10.7556473738459
"1186","52511910B94675128167590",1,147195.834603154,147195.834603154,11.8995191873436
"1187","52511910B95098417504855",1,24956.3635238087,24956.3635238087,10.1248841197141
"1188","52511910B95362195406961",1,55862.4174246429,55862.4174246429,10.9306471150512
"1189","52511910B95398494564210",1,26140.1490354617,26140.1490354617,10.1712276885951
"1190","52511910B954183777842",1,95577.3284062527,95577.3284062527,11.4676909203526
"1191","52511910B95850947838113",1,42341.759458051,42341.759458051,10.6535290992825
"1192","52511910B95876228816034",1,17983.6813392309,17983.6813392309,9.79722003341004
"1193","52511910B96063333949316",1,27828.6861207845,27828.6861207845,10.2338226425102
"1194","52511910B96194264601254",1,150974.254046325,150974.254046325,11.9248645982553
"1195","52511910B96314718972571",1,5981.4676810097,5981.4676810097,8.69642124843824
"1196","52511910B9639721186799",1,19468.3822117484,19468.3822117484,9.87654700358107
"1197","52511910B96811995525646",1,7924.13822149275,7924.13822149275,8.97766885106519
"1198","52511910B97040583536387",1,263344.789101456,263344.789101456,12.4812194377458
"1199","52511910B97060806511909",2,14859.4569707245,29718.913941449,10.2995389551441
"1200","52511910B97228601381981",1,93944.4489272327,93944.4489272327,11.450458917702
"1201","52511910B97258167764484",1,132791.315694935,132791.315694935,11.7965341200228
"1202","52511910B97596648855860",1,15015.9978270369,15015.9978270369,9.61687143355648
"1203","52511910B98030585757527",1,202997.141037402,202997.141037402,12.2209471743652
"1204","52511910B98629971413037",1,82218.6452327991,82218.6452327991,11.3171373829724
"1205","52511910B98838605252897",1,68296.9199281569,68296.9199281569,11.1316199483218
"1206","52511910B98966812491458",1,11555.9462768247,11555.9462768247,9.35495541263318
"1207","52511910B99182661436347",1,16370.3127079689,16370.3127079689,9.70322477268541
"1208","52511910B99479800826846",1,30922.6383369542,30922.6383369542,10.3392438269057
"1209","52511910B99923381863543",1,241885.862695274,241885.862695274,12.3962212521258
"1210","54806243B13600000049447",1,24957.2484297316,24957.2484297316,10.1249195772131
"1211","54806243B15908522447592",1,32042.9908219076,32042.9908219076,10.3748337433273
"1212","54806243B24736520064001",1,4840.36520807033,4840.36520807033,8.48474545307688
"1213","54806243B26229872021267",1,12114.3949485814,12114.3949485814,9.40214968966598
"1214","54806243B64426060368946",1,45610.4271708338,45610.4271708338,10.7278916353894
"1215","54806243B65715905336268",1,6142.82091319145,6142.82091319145,8.72303934775044
"1216","54806243B82377713639337",1,24267.1687799532,24267.1687799532,10.0968796367842
"1217","54806243B83345748269493",2,30522.7570439997,61045.5140879994,11.0193749975271
"1218","54806243B86213796006306",1,12327.7049716811,12327.7049716811,9.41960444514976
"1219","54806243B87134843513913",1,11701.64450377,11701.64450377,9.36748466678657
"1220","54806243B9713261683611",1,32702.791383927,32702.791383927,10.3952157166649
"1221","54806243B98354561881715",1,16377.2389580572,16377.2389580572,9.70364778141976
"1222","57096268B10864130869566",1,42674.9036713175,42674.9036713175,10.6613662903975
"1223","57096268B12667844160065",1,104878.426381324,104878.426381324,11.5605571143331
"1224","57096268B13273891480647",1,37795.9248497633,37795.9248497633,10.5399565675886
"1225","57096268B14042132739921",1,67179.136459379,67179.136459379,11.1151180089512
"1226","57096268B18861401200296",1,128379.251271697,128379.251271697,11.762744062723
"1227","57096268B27125670128287",1,68057.9146373295,68057.9146373295,11.1281143075227
"1228","57096268B35473133047669",1,130501.302066242,130501.302066242,11.7791384832142
"1229","57096268B36101678820445",1,110369.521327508,110369.521327508,11.6115892997774
"1230","57096268B37402539332126",1,236462.334030827,236462.334030827,12.37354421009
"1231","57096268B37864859171197",1,193586.834520673,193586.834520673,12.1734814480034
"1232","57096268B40761153029526",1,70116.1714877332,70116.1714877332,11.1579087381112
"1233","57096268B46256442272467",1,98945.7463216014,98945.7463216014,11.502326961947
"1234","57096268B47073695413304",1,71242.0937467202,71242.0937467202,11.1738391270155
"1235","57096268B54986286323173",1,245179.454401521,245179.454401521,12.4097456883489
"1236","57096268B55617934237810",1,44853.742626451,44853.742626451,10.7111623116409
"1237","57096268B6056210372718",1,80139.4449019259,80139.4449019259,11.2915234575618
"1238","57096268B61339172511637",1,162479.296710955,162479.296710955,11.9983058677796
"1239","57096268B62174897776861",1,204650.586985262,204650.586985262,12.2290593501562
"1240","57096268B62997609407208",1,206530.602213598,206530.602213598,12.2382038751424
"1241","57096268B67842804061774",1,354111.212542232,354111.212542232,12.7773663025019
"1242","57096268B76360272208873",1,72219.4724238489,72219.4724238489,11.1874649896794
"1243","57096268B78477673147329",1,84369.3229659736,84369.3229659736,11.342959142545
"1244","57096268B82804707709843",1,1515421.05089534,1515421.05089534,14.2312038796957
"1245","57096268B86585772768605",1,160948.116849199,160948.116849199,11.9888373364361
"1246","57096268B90141402454331",1,75713.3355281794,75713.3355281794,11.2347095867664
"1247","57096268B94684972969241",1,98568.5649583763,98568.5649583763,11.4985076759492
"1248","57096268B99356291190440",1,144687.20436568,144687.20436568,11.8823294799996
"1249","75667366B10388242457894",1,182256.865284054,182256.865284054,12.1131723187584
"1250","75667366B10680094164751",1,28386.6841784519,28386.6841784519,10.2536754472409
"1251","75667366B19980502726207",1,39183.360594065,39183.360594065,10.5760074610225
"1252","75667366B27255150678965",1,40851.069351352,40851.069351352,10.6176882774572
"1253","75667366B31265103522165",1,70599.8196055606,70599.8196055606,11.164782868316
"1254","75667366B35074617847721",1,33994.1827106632,33994.1827106632,10.4339446922144
"1255","75667366B37088337934130",1,437230.534285627,437230.534285627,12.9882158733893
"1256","75667366B40759243895064",1,110053.181100516,110053.181100516,11.6087189924934
"1257","75667366B41426179995922",1,19289.2959431138,19289.2959431138,9.86730560669112
"1258","75667366B41693677561366",1,16888.6063194614,16888.6063194614,9.7343944912677
"1259","75667366B44154135823395",1,32732.6075958346,32732.6075958346,10.396127034222
"1260","75667366B44494476895893",1,75708.014147995,75708.014147995,11.2346393010346
"1261","75667366B45015819829333",1,68088.9649838165,68088.9649838165,11.1285704376538
"1262","75667366B47194088471769",1,22011.2051107651,22011.2051107651,9.999306925896
"1263","75667366B49025507333210",1,25480.8859168718,25480.8859168718,10.1456838781897
"1264","75667366B497077547550",1,131737.957783408,131737.957783408,11.7885700602027
"1265","75667366B53824695685103",1,89380.0703773791,89380.0703773791,11.4006530098823
"1266","75667366B55450845848024",1,34276.5962377375,34276.5962377375,10.4422180748337
"1267","75667366B6235496505331",1,32621.6487266268,32621.6487266268,10.3927314183259
"1268","75667366B65648600044594",1,205445.109393997,205445.109393997,12.2329341696671
"1269","75667366B68367745340454",1,24845.2640504894,24845.2640504894,10.1204224318926
"1270","75667366B70751681444112",1,107772.261849002,107772.261849002,11.5877755931131
"1271","75667366B71613146081304",1,38466.422859321,38466.422859321,10.557541006222
"1272","75667366B7302956753404",1,250015.485879515,250015.485879515,12.429278138444
"1273","75667366B73876769816488",1,39347.7680807844,39347.7680807844,10.5801945325618
"1274","75667366B76262272549979",1,75018.5429059545,75018.5429059545,11.225490600706
"1275","75667366B80263662304106",1,39865.4143820433,39865.4143820433,10.5932644195155
"1276","75667366B80682104725187",1,54159.324722683,54159.324722683,10.8996854393157
"1277","75667366B82556438360114",1,35558.9138281356,35558.9138281356,10.4789461443957
"1278","75667366B82870270071557",1,39614.960396383,39614.960396383,10.5869621136862
"1279","75667366B8388196899019",1,26071.9268154594,26071.9268154594,10.1686144134967
"1280","75667366B86860977517537",1,72629.1149800303,72629.1149800303,11.1931211532035
"1281","75667366B89140663288606",1,129751.644721364,129751.644721364,11.7733774770277
"1282","75667366B91463258125198",1,24872.9900019316,24872.9900019316,10.1215377548195
"1283","75667366B92506466281371",1,20013.046934225,20013.046934225,9.90413968656175
"1284","75667366B93303026760321",1,52860.1528100252,52860.1528100252,10.8754050789983
"1285","75667366B96454310315942",1,182091.287840386,182091.287840386,12.1122634218495
"1286","75667366B9750656068001",1,24031.6956718407,24031.6956718407,10.0871288910283
"1287","75667366B98184381496608",1,72431.9550574123,72431.9550574123,11.1904028491958
"1288","76128533B19792346411952",1,3475886.21894063,3475886.21894063,15.0613600315004
"1289","76128533B4481773749911",1,3690988.09199511,3690988.09199511,15.1214047557797
"1290","76128533B55622097933343",1,2360816.12252797,2360816.12252797,14.6745179318522
"1291","76128533B72541188260561",1,4063693.62897252,4063693.62897252,15.217602878827
"1292","77236927B10986826820410",1,691.403195960179,691.403195960179,6.53872314992431
"1293","77236927B11778048532769",1,644.528063024864,644.528063024864,6.46851836375072
"1294","77236927B15473640252363",1,747.749050866693,747.749050866693,6.61706742819022
"1295","77236927B16584952276885",1,1552.38680635019,1552.38680635019,7.34754890058604
"1296","77236927B16755152791685",1,1257.26545577891,1257.26545577891,7.13669436829837
"1297","77236927B17135940935596",1,2111.12763135235,2111.12763135235,7.65497750615917
"1298","77236927B21234024058134",1,619.333197662197,619.333197662197,6.42864341164569
"1299","77236927B23242879306276",1,2691.15868645708,2691.15868645708,7.89772711831459
"1300","77236927B27410418950848",1,4015.12612511669,4015.12612511669,8.2978240393661
"1301","77236927B2761964185252",1,2188.10843644334,2188.10843644334,7.69079272193145
"1302","77236927B27814537301823",1,1768.57920219999,1768.57920219999,7.47793179260172
"1303","77236927B32680405740537",1,NA,NA,NA
"1304","77236927B36499931511312",1,1549.77338298881,1549.77338298881,7.34586399470102
"1305","77236927B39670792397739",1,17045.7645725267,17045.7645725267,9.74365703968373
"1306","77236927B51416444743643",1,1316.35925521486,1316.35925521486,7.18262506491504
"1307","77236927B5490091431503",1,3679.25761808066,3679.25761808066,8.21046627659468
"1308","77236927B59461179812420",1,1391.83548490785,1391.83548490785,7.23837864778042
"1309","77236927B64905396997634",1,3620.50131726778,3620.50131726778,8.19436778066468
"1310","77236927B6539808470139",1,4383.12982921506,4383.12982921506,8.385518321065
"1311","77236927B67571127096265",1,904.752251556918,904.752251556918,6.80766115103641
"1312","77236927B70121045858985",1,1861.09358836431,1861.09358836431,7.52891954466543
"1313","77236927B73770222811595",1,799.537543959748,799.537543959748,6.6840334904707
"1314","77236927B78933945874407",1,1466.4438443615,1466.4438443615,7.2905955953976
"1315","77236927B83961897513760",1,409.068450983182,409.068450983182,6.01388250385645
"1316","77236927B84597259035429",1,4407.11565703881,4407.11565703881,8.39097570843654
"1317","77236927B85216783558225",1,6740.4513128685,6740.4513128685,8.81588216203085
"1318","77236927B87876939805141",1,1260.63729670912,1260.63729670912,7.13937266311533
"1319","77236927B89058038610930",1,446.290983645231,446.290983645231,6.10097116897816
"1320","77236927B93199120734028",1,1661.02671236804,1661.02671236804,7.41519119158394
"1321","77969171B58043664047812",1,1141.04764359257,1141.04764359257,7.03970210498731
"1322","77969171B95504405890016",1,91.3182424436659,91.3182424436659,4.5143505753492
"1323","79324940B20321408060420",1,1575.19445308471,1575.19445308471,7.3621340059149
"1324","79324940B26279629748947",1,213.277114313327,213.277114313327,5.36259232630008
"1325","79324940B30441549583849",1,836.216927621998,836.216927621998,6.7288880622263
"1326","79324940B39467357025683",1,13710.3547789781,13710.3547789781,9.52590664960872
"1327","79324940B54997452530027",1,5507.2420611719,5507.2420611719,8.61381924347569
"1328","79324940B58732194011753",1,NA,NA,NA
"1329","79324940B58883222100719",1,2234.20037556153,2234.20037556153,7.71163866923338
"1330","79324940B66206681775054",1,588.166186030366,588.166186030366,6.37700953726983
"1331","79324940B71932148328417",1,1868.58340442513,1868.58340442513,7.53293588503136
"1332","79324940B76926879567495",1,597.798879023843,597.798879023843,6.39325437467886
"1333","79324940B77190916627334",1,NA,NA,NA
"1334","79324940B78067123130515",1,888.951785655781,888.951785655781,6.79004299968522
"1335","79324940B79401034886578",1,2870.26809996273,2870.26809996273,7.96216071901195
"1336","79324940B88858920972167",1,345.855053468168,345.855053468168,5.84601976667374
"1337","79324940B90066431308454",1,414.237195953533,414.237195953533,6.02643874684535
"1338","81297802B10780873415993",1,142120.907915809,142120.907915809,11.8644334384892
"1339","81297802B12079916150099",2,31256.0053780441,62512.0107560882,11.0431139893592
"1340","81297802B12421029194754",1,107870.303819507,107870.303819507,11.5886848938994
"1341","81297802B12468750690576",2,154308.441129392,308616.882258784,12.6398559233734
"1342","81297802B12813150904873",1,69459.0459401203,69459.0459401203,11.1484925908182
"1343","81297802B12977108616150",1,46643.6906816462,46643.6906816462,10.7502929491468
"1344","81297802B13550924224659",2,41905.6374704791,83811.2749409582,11.3363228232545
"1345","81297802B14659466260998",2,62968.2992485532,125936.598497106,11.7435338727619
"1346","81297802B16083563480391",2,95763.043317449,191526.086634898,12.1627793009619
"1347","81297802B18152468964479",1,67276.7445920663,67276.7445920663,11.1165699075081
"1348","81297802B18173194226488",1,143278.517653142,143278.517653142,11.8725456908767
"1349","81297802B19242536298701",2,87074.3656631482,174148.731326296,12.0676649908196
"1350","81297802B2130126961507",1,150504.279615268,150504.279615268,11.9217467987486
"1351","81297802B21993860278161",1,66778.6453256427,66778.6453256427,11.1091386276621
"1352","81297802B23145234920875",1,110244.152250555,110244.152250555,11.6104527510911
"1353","81297802B23970425053168",1,82100.4554087795,82100.4554087795,11.3156988424261
"1354","81297802B24299836434530",2,105104.681659644,210209.363319288,12.255859281244
"1355","81297802B26083936626584",1,59444.036547285,59444.036547285,10.992790586697
"1356","81297802B2701886719052",1,57943.2642913546,57943.2642913546,10.9672196089037
"1357","81297802B27308287932068",1,53311.1210904723,53311.1210904723,10.8839002392425
"1358","81297802B27432396017289",1,80638.752723538,80638.752723538,11.2977346159675
"1359","81297802B28811761284346",1,34084.2697133155,34084.2697133155,10.4365912581109
"1360","81297802B29351066345319",1,56498.0956336024,56498.0956336024,10.9419622109665
"1361","81297802B31644345342604",1,73859.9330593906,73859.9330593906,11.2099257820887
"1362","81297802B31894177777214",1,64334.2210844104,64334.2210844104,11.0718469783632
"1363","81297802B32908759949092",1,80459.7490104978,80459.7490104978,11.2955123260669
"1364","81297802B35670860897871",1,71282.9548900013,71282.9548900013,11.1744125159712
"1365","81297802B36488646512837",1,88051.1629854013,88051.1629854013,11.3856733220756
"1366","81297802B37103290877054",1,51575.9781380884,51575.9781380884,10.8508113031128
"1367","81297802B37110717960369",1,58262.1349377751,58262.1349377751,10.9727076748433
"1368","81297802B40676303665635",1,200370.673440577,200370.673440577,12.2079242973672
"1369","81297802B4221517004962",1,212833.599935624,212833.599935624,12.2682659184199
"1370","81297802B44635779635670",2,112572.244310101,225144.488620202,12.3244976467279
"1371","81297802B45106503001809",1,121549.345159587,121549.345159587,11.7080755923138
"1372","81297802B45644811289425",1,81401.3758939125,81401.3758939125,11.3071474547214
"1373","81297802B46228878369339",2,82388.2010219447,164776.402043889,12.0123446947234
"1374","81297802B46675680885513",1,67216.6600288875,67216.6600288875,11.1156764128814
"1375","81297802B47177978604160",1,85243.1074034195,85243.1074034195,11.3532625403043
"1376","81297802B50427055609681",2,123692.294199732,247384.588399464,12.4186994427377
"1377","81297802B51561347842325",1,89086.4700094844,89086.4700094844,11.3973627501829
"1378","81297802B52387636717940",2,80432.5827100312,160865.165420062,11.9883218112198
"1379","81297802B5241398972305",1,275297.548360706,275297.548360706,12.525607785754
"1380","81297802B53129181429645",2,87130.8216265075,174261.643253015,12.068313145633
"1381","81297802B5400707592531",1,85695.6380658154,85695.6380658154,11.3585572055754
"1382","81297802B54877143810300",2,122733.648750807,245467.297501614,12.410919009611
"1383","81297802B55071935880129",2,71386.3727518763,142772.745503753,11.8690094528551
"1384","81297802B57234015442712",1,165032.790325901,165032.790325901,12.0138994623866
"1385","81297802B57271723433997",1,59517.6099861625,59517.6099861625,10.9940275138984
"1386","81297802B57556187754980",2,36419.2625085727,72838.5250171454,11.1960002840092
"1387","81297802B58839501230111",1,164783.654682309,164783.654682309,12.0123887087856
"1388","81297802B61067118889021",1,69295.5422100573,69295.5422100573,11.1461358571358
"1389","81297802B61701358015931",1,39702.8657819918,39702.8657819918,10.5891786500144
"1390","81297802B61752422174773",1,98899.0965694054,98899.0965694054,11.5018553827805
"1391","81297802B61927033163821",2,59113.0014821493,118226.002964299,11.6803533509973
"1392","81297802B63375818356773",1,154559.8179907,154559.8179907,11.9483364718492
"1393","81297802B64444176527608",1,54160.7967542206,54160.7967542206,10.8997126185972
"1394","81297802B64936965881183",1,237543.422059244,237543.422059244,12.3781057154686
"1395","81297802B66096195927531",1,96938.141799515,96938.141799515,11.4818283406528
"1396","81297802B66107700635107",2,28139.7739532217,56279.5479064434,10.9380864782615
"1397","81297802B72882386082996",1,72884.7003255407,72884.7003255407,11.1966340238929
"1398","81297802B74996211829814",1,66157.7191867694,66157.7191867694,11.0997968549009
"1399","81297802B75629290490646",1,202886.033289627,202886.033289627,12.2203996880066
"1400","81297802B78420794750623",1,43045.5432820271,43045.5432820271,10.6700139802699
"1401","81297802B80628180194499",1,65549.3378379978,65549.3378379978,11.0905583875084
"1402","81297802B81560237884054",1,34696.737917882,34696.737917882,10.4544009533857
"1403","81297802B84418908504415",1,65766.9921502867,65766.9921502867,11.093873352397
"1404","81297802B84719552891507",1,76039.6538240414,76039.6538240414,11.2390102440413
"1405","81297802B85029486143959",1,43487.9237502028,43487.9237502028,10.6802385635967
"1406","81297802B85505749224324",1,66142.0185590089,66142.0185590089,11.0995595055592
"1407","81297802B86066179794931",1,28180.1600006492,28180.1600006492,10.2463734632453
"1408","81297802B88130440660417",1,340666.818344582,340666.818344582,12.7386602063161
"1409","81297802B91620400281223",1,193132.190696502,193132.190696502,12.1711301593209
"1410","81297802B92253150972948",2,88649.9291483894,177299.858296779,12.0855976928334
"1411","81297802B92574261409002",1,175344.600616734,175344.600616734,12.0745084630596
"1412","81297802B92774803000720",1,22082.7690744851,22082.7690744851,10.0025529035098
"1413","81297802B93916372624290",2,115648.365652488,231296.731304976,12.3514567162778
"1414","81297802B95398881806036",1,74897.0160818112,74897.0160818112,11.2238693300176
"1415","81297802B96353597468260",1,69617.137800767,69617.137800767,11.1507660487818
"1416","81297802B96824977906351",1,40083.3341323533,40083.3341323533,10.5987159192339
"1417","81297802B97142358911210",1,177509.001806834,177509.001806834,12.0867766010164
"1418","81297802B97652803071493",1,190717.944220197,190717.944220197,12.1585508837542
"1419","81297802B98540731986743",1,61650.6584548054,61650.6584548054,11.0292391890676
"1420","81297802B99684516055458",2,129711.399671758,259422.799343516,12.466214439614
"1421","81297802B9978574523269",2,284602.243211813,569204.486423626,13.2519950271478
"1422","86173395B32206568144682",1,1092.57174745884,1092.57174745884,6.99628959754459
"1423","86173395B33619167853359",1,162.51549261624,162.51549261624,5.09077333640216
"1424","86173395B65522481744755",1,5085.4305629917,5085.4305629917,8.5341349780528
"1425","86173395B71884173217057",1,221.410918984089,221.410918984089,5.4000203369631
"1426","86173395B8049186625596",1,2467.11262342243,2467.11262342243,7.81080376746238
"1427","86173395B82868545095992",1,477.495659251124,477.495659251124,6.1685550693059
"1428","86173395B97599350653423",1,779.317927766763,779.317927766763,6.65841908554675
"1429","86173395B9994145648784",1,1054.80185898012,1054.80185898012,6.96110821687815
"1430","91817680B11201690622195",1,167394.586059387,167394.586059387,12.0281090951727
"1431","91817680B11339106619066",1,101637.528059425,101637.528059425,11.5291681165896
"1432","91817680B11377751855609",1,153078.642854685,153078.642854685,11.9387070739051
"1433","91817680B11476058556898",2,227417.930555406,454835.861110812,13.0276918880376
"1434","91817680B11624916188823",2,153267.88995814,306535.77991628,12.6330897646293
"1435","91817680B12008242239928",2,416516.080312763,833032.160625526,13.6328275285976
"1436","91817680B14892127844453",1,161217.804686179,161217.804686179,11.9905115538622
"1437","91817680B15226656503507",1,77299.2778571595,77299.2778571595,11.2554398924511
"1438","91817680B15590775835688",2,310552.814594385,621105.62918877,13.3392564417631
"1439","91817680B1574399427608",1,527266.602987112,527266.602987112,13.1754615876264
"1440","91817680B16002130574290",1,333566.500878006,333566.500878006,12.7175975273922
"1441","91817680B16014600177045",1,220602.679608726,220602.679608726,12.3041185326395
"1442","91817680B16538338684661",1,180387.69948205,180387.69948205,12.1028636995967
"1443","91817680B1659695850463",1,69062.11387774,69062.11387774,11.142761579768
"1444","91817680B1708787718818",2,221200.760293496,442401.520586992,12.9999731663159
"1445","91817680B17319558643664",1,59592.496947455,59592.496947455,10.9952849549852
"1446","91817680B20286966250971",1,69331.5952535556,69331.5952535556,11.1466560012428
"1447","91817680B21216327036282",1,118240.26442327,118240.26442327,11.6804739725062
"1448","91817680B21539665501577",1,147873.101634853,147873.101634853,11.9041097635642
"1449","91817680B21680824294868",1,123219.306630894,123219.306630894,11.7217210274702
"1450","91817680B23901291202395",1,39425.0139940437,39425.0139940437,10.5821557667847
"1451","91817680B24548286345957",2,89261.9657831033,178523.931566207,12.0924779416141
"1452","91817680B26152541530210",2,1048669.00193186,2097338.00386372,14.5561794813796
"1453","91817680B26607970527366",1,208874.788237728,208874.788237728,12.2494902520742
"1454","91817680B27152027053647",1,78606.9878930718,78606.9878930718,11.2722158789575
"1455","91817680B29564477042831",1,216387.594721364,216387.594721364,12.2848264986244
"1456","91817680B29624883381183",1,319052.925826109,319052.925826109,12.6731122796858
"1457","91817680B30301323398004",1,100656.661782906,100656.661782906,11.5194706164872
"1458","91817680B30315657457409",1,40921.7145453191,40921.7145453191,10.6194161191223
"1459","91817680B30389585516178",2,50742.5811240668,101485.162248134,11.5276678820305
"1460","91817680B30407776748413",1,64959.7056735094,64959.7056735094,11.0815224439372
"1461","91817680B32751924176777",2,396889.624968208,793779.249936416,13.5845606788237
"1462","91817680B32757414449699",1,41185.4933905521,41185.4933905521,10.625841371164
"1463","91817680B32789615967236",1,371530.532801665,371530.532801665,12.8253863276541
"1464","91817680B33034423068968",2,162379.326547771,324758.653095542,12.6908375795837
"1465","91817680B33489673734556",1,131396.550540906,131396.550540906,11.7859751330968
"1466","91817680B35472999009946",1,27699.1253028662,27699.1253028662,10.229156114163
"1467","91817680B35509676151777",1,102280.35943728,102280.35943728,11.5354729436469
"1468","91817680B35753357340942",1,130694.713612224,130694.713612224,11.7806194520631
"1469","91817680B36456413113015",1,66280.8730352876,66280.8730352876,11.1016566433802
"1470","91817680B36624004409046",1,47759.627895587,47759.627895587,10.7739359569052
"1471","91817680B37138617445780",1,115769.999874183,115769.999874183,11.659360742113
"1472","91817680B37299464646583",1,226228.75405082,226228.75405082,12.3293019524051
"1473","91817680B37660936440541",1,60835.1249916514,60835.1249916514,11.0159226148204
"1474","91817680B37722151409475",2,271265.965537314,542531.931074628,13.2040022217884
"1475","91817680B39611758954351",1,77547.8267070459,77547.8267070459,11.2586501438025
"1476","91817680B40148089014896",1,82270.3084518404,82270.3084518404,11.3177655494186
"1477","91817680B40505476377979",1,139620.689533879,139620.689533879,11.8466846641591
"1478","91817680B40534015790157",1,64307.4633791282,64307.4633791282,11.071430974705
"1479","91817680B40614027699537",1,62905.0996207345,62905.0996207345,11.0493825144535
"1480","91817680B41858032192319",1,162823.577045693,162823.577045693,12.0004225442129
"1481","91817680B41990583973423",1,278291.905561135,278291.905561135,12.5364258617914
"1482","91817680B43065782555772",1,124197.00391307,124197.00391307,11.7296243251074
"1483","91817680B44245642839981",1,89286.6033191847,89286.6033191847,11.3996067367885
"1484","91817680B4431337162748",1,76919.0532457228,76919.0532457228,11.250508891329
"1485","91817680B44823551048989",2,121678.169331486,243356.338662972,12.4022820624382
"1486","91817680B44911241756091",1,79120.0932061689,79120.0932061689,11.2787221443314
"1487","91817680B44952414610796",1,102295.777714965,102295.777714965,11.5356236775294
"1488","91817680B46219646335198",1,40578.4629669929,40578.4629669929,10.6109927360482
"1489","91817680B46467557111645",1,76400.2050437169,76400.2050437169,11.2437406589693
"1490","91817680B46750425552975",1,44165.2774353894,44165.2774353894,10.6956941809525
"1491","91817680B47987210748527",1,50664.2717012111,50664.2717012111,10.832976240988
"1492","91817680B48235767363306",1,140721.639205899,140721.639205899,11.8545390280495
"1493","91817680B48442195707238",2,566501.241420394,1133002.48284079,13.9403817313941
"1494","91817680B48783047676904",1,78804.9445037105,78804.9445037105,11.2747310213864
"1495","91817680B49679347075852",1,243224.173936439,243224.173936439,12.4017388235441
"1496","91817680B50207003035",2,302870.028494785,605740.05698957,13.3142062241645
"1497","91817680B50780672353800",1,184107.529467097,184107.529467097,12.1232752651741
"1498","91817680B51132506733028",1,42827.0385183538,42827.0385183538,10.6649249231885
"1499","91817680B51344731064077",1,208073.761659748,208073.761659748,12.2456479191836
"1500","91817680B51485783996699",1,184292.70427598,184292.70427598,12.1242805567429
"1501","91817680B53198155341948",1,34462.2252218644,34462.2252218644,10.44761908205
"1502","91817680B5353031397212",2,332175.090649616,664350.181299232,13.4065646709166
"1503","91817680B53543824194985",1,85465.1782964701,85465.1782964701,11.355864300581
"1504","91817680B54012703126739",2,67871.2961823154,135742.592364631,11.8185156680909
"1505","91817680B55707549130569",2,119405.955401353,238811.910802706,12.38343153699
"1506","91817680B55715776787208",1,61699.4216892485,61699.4216892485,11.0300298369038
"1507","91817680B55822624410007",1,54609.7596425254,54609.7596425254,10.9079678937911
"1508","91817680B56099735913612",1,46621.0741408065,46621.0741408065,10.7498079526677
"1509","91817680B56582975498752",1,409843.387074757,409843.387074757,12.923530382962
"1510","91817680B57044302860475",1,378304.366792565,378304.366792565,12.8434543537545
"1511","91817680B57927404517776",2,203604.908240626,407209.816481252,12.9170838512001
"1512","91817680B58127051569150",2,153197.936359077,306395.872718154,12.6326332465168
"1513","91817680B58418421780923",1,49477.7038301357,49477.7038301357,10.8092774194097
"1514","91817680B59018342058044",2,63451.7460149809,126903.492029962,11.7511821712905
"1515","91817680B59476098361869",1,49382.6726700522,49382.6726700522,10.8073548859799
"1516","91817680B60221740281290",1,74037.6846948132,74037.6846948132,11.2123294951938
"1517","91817680B60872934813823",1,93295.4999656521,93295.4999656521,11.4435271537928
"1518","91817680B6202152929023",1,166251.426302399,166251.426302399,12.0212565377438
"1519","91817680B63178832268751",2,72762.4316390998,145524.8632782,11.8881022326322
"1520","91817680B63526671374694",2,93822.6553730019,187645.310746004,12.1423088148878
"1521","91817680B64740203795166",1,107212.495431707,107212.495431707,11.582568082689
"1522","91817680B65451529480853",2,219793.707281189,439587.414562378,12.9935918718078
"1523","91817680B65504384218086",2,201348.562334943,402697.124669886,12.9059400066846
"1524","91817680B6691327376510",1,66216.0632700583,66216.0632700583,11.1006783600749
"1525","91817680B67324121140218",1,72975.2489473564,72975.2489473564,11.1978756071225
"1526","91817680B68494559899558",1,133286.65495756,133286.65495756,11.8002573883087
"1527","91817680B68842805087026",1,63353.3586170708,63353.3586170708,11.056483201188
"1528","91817680B70392770223342",1,20683.9860049069,20683.9860049069,9.93711505690144
"1529","91817680B72214553011774",1,183708.546244997,183708.546244997,12.1211057929572
"1530","91817680B73468302874709",1,79689.1375765782,79689.1375765782,11.2858885641043
"1531","91817680B73468767289539",1,160097.521141277,160097.521141277,11.9835384156749
"1532","91817680B74553451927555",1,44556.9105463194,44556.9105463194,10.7045225397541
"1533","91817680B7472001038353",1,547816.372872454,547816.372872454,13.2136954237771
"1534","91817680B75298348451478",1,31099.0914939153,31099.0914939153,10.3449338853263
"1535","91817680B75354784424725",1,70969.2186662901,70969.2186662901,11.1700015221064
"1536","91817680B75376031789242",1,90156.0037025647,90156.0037025647,11.4092968232256
"1537","91817680B75710427976091",1,415101.206004395,415101.206004395,12.9362776393715
"1538","91817680B75900877128055",1,115029.495653716,115029.495653716,11.6529438584044
"1539","91817680B78599330358722",1,114535.229282407,114535.229282407,11.6486377339752
"1540","91817680B7861346133014",1,48184.2603375775,48184.2603375775,10.782787697697
"1541","91817680B7912985797785",1,58971.4647846325,58971.4647846325,10.9848089581745
"1542","91817680B79863718076959",1,56884.2543725685,56884.2543725685,10.9487738572597
"1543","91817680B8006777837161",2,320765.609564514,641531.219129028,13.3716131276823
"1544","91817680B81929081090334",1,94086.0046033522,94086.0046033522,11.4519645855362
"1545","91817680B84202113891253",1,586781.768329124,586781.768329124,13.2824082551179
"1546","91817680B8449507929864",1,143332.473357971,143332.473357971,11.8729221991555
"1547","91817680B85110926045998",2,155087.074263452,310174.148526904,12.6448891881696
"1548","91817680B85222249357664",1,33960.9817279285,33960.9817279285,10.4329675483681
"1549","91817680B85909931268472",2,38355.333118392,76710.666236784,11.2477960420516
"1550","91817680B86480113122364",1,42129.760886497,42129.760886497,10.6485096793457
"1551","91817680B86853073591153",1,256351.796204863,256351.796204863,12.4543059840329
"1552","91817680B87543439372548",1,250007.164197086,250007.164197086,12.4292448532221
"1553","91817680B87761816793360",2,329604.756172287,659209.512344574,13.3987966876077
"1554","91817680B87996420220515",1,250397.778460354,250397.778460354,12.4308060462053
"1555","91817680B88513858108060",2,100939.267378005,201878.53475601,12.2154214824331
"1556","91817680B88731995383072",1,100778.598584063,100778.598584063,11.520681296443
"1557","91817680B88957070935676",1,477662.426366742,477662.426366742,13.076659540992
"1558","91817680B88985387415210",1,45353.9442747231,45353.9442747231,10.7222524258456
"1559","91817680B8944082307158",1,368504.787312367,368504.787312367,12.8172089818768
"1560","91817680B89733153975870",1,34032.9008943611,34032.9008943611,10.4350830090678
"1561","91817680B90297389150949",2,215911.657262448,431823.314524896,12.97577178941
"1562","91817680B90442190394967",1,130606.543710992,130606.543710992,11.7799445995539
"1563","91817680B90592918780723",1,37848.2155176927,37848.2155176927,10.5413391115902
"1564","91817680B91067436457746",1,67699.3727130395,67699.3727130395,11.1228321931712
"1565","91817680B91211823266814",2,154162.91760161,308325.83520322,12.6389124092709
"1566","91817680B915295689263",1,76380.7129973745,76380.7129973745,11.243485495606
"1567","91817680B91736183236009",1,77224.8999357801,77224.8999357801,11.2544772220369
"1568","91817680B92610564128426",1,43968.5455655574,43968.5455655574,10.6912297837464
"1569","91817680B92973690121395",1,68030.023302591,68030.023302591,11.1277044058731
"1570","91817680B93090957259339",1,29988.5641374073,29988.5641374073,10.3085713925511
"1571","91817680B93219729656421",1,49175.0476597123,49175.0476597123,10.8031416124426
"1572","91817680B93885607227135",1,127648.907529256,127648.907529256,11.7570388643036
"1573","91817680B94972366910411",1,59213.3970877589,59213.3970877589,10.9889030974277
"1574","91817680B95262291256995",2,113712.315744658,227424.631489316,12.3345741723276
"1575","91817680B96924831002014",1,278783.323884206,278783.323884206,12.5381901421779
"1576","91817680B97433571779884",2,55863.8241504906,111727.648300981,11.6238194772664
"1577","91817680B98862203953263",1,9327.65364863497,9327.65364863497,9.14073877760879
"1578","91817680B99071511370380",1,151030.155725061,151030.155725061,11.9252348026468
"1579","91817680B99242230797556",1,250396.903121056,250396.903121056,12.4308025504042
"1580","94954027B24043744256815",1,6759.90286843082,6759.90286843082,8.81876380035846
"1581","94954027B50419639501702",1,12544.2876033203,12544.2876033203,9.43702066988797
"1582","94954027B75488374461778",1,3965.77581759086,3965.77581759086,8.28545678140817
"1583","94954027B8071677306874",1,41903.0886823265,41903.0886823265,10.643114818762
"1584","94954027B88448576527444",1,28444.3233033658,28444.3233033658,10.2557038872504
"1585","DIS013",1,NA,NA,NA
"1586","DIS015",3,NA,NA,NA
"1587","DIS017",1,NA,NA,NA
