"","ADM2_id","total_exposure_days","total_population","total_person_day_exposure","log_total_person_day_exposure"
"1","10022922B10293113814705",1,164219.999875667,164219.999875667,12.0089622705057
"2","10022922B21608854890468",1,107979.836422328,107979.836422328,11.5896997888825
"3","10022922B22775533170221",1,147951.408235097,147951.408235097,11.9046391761007
"4","10022922B29824664852903",1,154995.300844934,154995.300844934,11.9511500783124
"5","10022922B34339999190032",1,56013.5697227588,56013.5697227588,10.9333492568412
"6","10022922B36331574429859",1,25576.001163227,25576.001163227,10.1494097362209
"7","10022922B51504984909978",1,128787.350426819,128787.350426819,11.7659178768575
"8","10022922B52521872200932",1,182376.597599053,182376.597599053,12.1138290457541
"9","10022922B54557741887580",1,124650.384947587,124650.384947587,11.7332681771747
"10","10022922B54995100782210",1,111114.950923833,111114.950923833,11.6183205383454
"11","10022922B55197674782137",1,154667.98982066,154667.98982066,11.9490360973786
"12","10022922B60996293868186",1,105772.476306454,105772.476306454,11.5690456162297
"13","10022922B63491232053463",1,191628.867914013,191628.867914013,12.1633158007793
"14","10022922B63714971659336",1,79869.7121155009,79869.7121155009,11.2881519874915
"15","10022922B66036521727834",1,52836.7707287374,52836.7707287374,10.8749626426267
"16","10022922B7387017022835",1,162575.055949562,162575.055949562,11.9988950568835
"17","10022922B75767771564463",1,349125.772859294,349125.772859294,12.7631875169487
"18","10022922B77517626674469",1,37987.6584365925,37987.6584365925,10.5450166079723
"19","10022922B9355726550011",1,270065.695310778,270065.695310778,12.5064205243498
"20","10022922B95964642483948",1,88888.9602671137,88888.9602671137,11.3951432323186
"21","14151628B95966095088914",1,41586.3373273637,41586.3373273637,10.6355269626739
"22","17275852B10267820559553",1,491861.669469376,491861.669469376,13.1059527963266
"23","17275852B1065790622928",2,580442.395669913,1160884.79133983,13.9646930234907
"24","17275852B10675763964956",1,748019.993487633,748019.993487633,13.5251849858609
"25","17275852B11168745431905",2,346692.210326105,693384.42065221,13.4493398439279
"26","17275852B11386974868733",1,780579.457965439,780579.457965439,13.5677918176835
"27","17275852B12443275471591",1,847613.408112222,847613.408112222,13.650179924166
"28","17275852B13001476141541",1,604662.155161439,604662.155161439,13.312425159817
"29","17275852B14417300719855",1,300571.671227492,300571.671227492,12.6134415110999
"30","17275852B15408627611583",2,712210.581555749,1424421.1631115,14.1692760878375
"31","17275852B15586652060579",1,320853.350104142,320853.350104142,12.6787394444648
"32","17275852B15928071016890",1,233027.358522161,233027.358522161,12.3589111442049
"33","17275852B1643752484532",1,929066.347572637,929066.347572637,13.7419354335156
"34","17275852B17785585955827",1,638734.088117217,638734.088117217,13.3672435092187
"35","17275852B18090329850308",1,271054.863793507,271054.863793507,12.5100765287943
"36","17275852B18639822721943",1,579376.547770816,579376.547770816,13.2697078867478
"37","17275852B19931241701115",1,1040917.2313117,1040917.2313117,13.8556128356097
"38","17275852B2067645637252",1,1078950.14688025,1078950.14688025,13.8914990400962
"39","17275852B21494165623103",1,280563.189982286,280563.189982286,12.5445542548032
"40","17275852B21750823884811",1,217733.547355175,217733.547355175,12.2910273343638
"41","17275852B23032274093284",1,237795.609318458,237795.609318458,12.3791667993108
"42","17275852B23042571236095",1,323198.030981409,323198.030981409,12.68602051335
"43","17275852B23091947477547",1,484112.917785229,484112.917785229,13.0900734596974
"44","17275852B23391188567726",1,2002011.83017324,2002011.83017324,14.5096631480173
"45","17275852B23708909449715",1,365716.495040582,365716.495040582,12.8096137085088
"46","17275852B24333220567136",1,411486.163069807,411486.163069807,12.9275306729441
"47","17275852B25101176936396",1,815631.492624431,815631.492624431,13.6117179297673
"48","17275852B25527504348841",1,209098.067555881,209098.067555881,12.2505586436518
"49","17275852B26008312470627",1,140372.861308827,140372.861308827,11.8520574563687
"50","17275852B26033440645013",1,86585.594755387,86585.594755387,11.3688887383976
"51","17275852B26344796891704",1,194840.061686753,194840.061686753,12.1799343045225
"52","17275852B26690160376255",1,1202322.41173842,1202322.41173842,13.9997655875099
"53","17275852B282910546940",1,917390.940309057,917390.940309057,13.7292889856976
"54","17275852B29365851049062",1,1305484.05509263,1305484.05509263,14.0820844534065
"55","17275852B30120943168727",1,512295.351812114,512295.351812114,13.1466565967105
"56","17275852B30419994709301",1,1573470.95752888,1573470.95752888,14.2687945380737
"57","17275852B31510326051494",1,829022.844063208,829022.844063208,13.6280029899057
"58","17275852B31573882035564",1,522873.868518014,522873.868518014,13.1670955447795
"59","17275852B31753067259114",1,197140.521164902,197140.521164902,12.1916720588443
"60","17275852B32842515207648",1,302126.659284717,302126.659284717,12.6186016100378
"61","17275852B34420574294401",1,363443.087987723,363443.087987723,12.8033779969516
"62","17275852B34450056986470",1,567457.458764297,567457.458764297,13.248921062998
"63","17275852B34909453536373",1,744483.007831495,744483.007831495,13.520445307248
"64","17275852B34914005005648",1,1052379.22534258,1052379.22534258,13.866564087686
"65","17275852B34982159967792",1,176319.391741392,176319.391741392,12.0800523551982
"66","17275852B35175722210772",1,52819.9018588954,52819.9018588954,10.8746433278202
"67","17275852B35197276805075",1,121241.259430658,121241.259430658,11.7055377190315
"68","17275852B35416849225692",1,1310079.27878387,1310079.27878387,14.0855982115018
"69","17275852B35691129963558",2,2027605.72172336,4055211.44344672,15.2155133880555
"70","17275852B35957304691865",1,203955.813198387,203955.813198387,12.2256586473961
"71","17275852B36427803126994",1,1970505.84673294,1970505.84673294,14.4938008427445
"72","17275852B37419515135684",1,442207.393793139,442207.393793139,12.9995342677386
"73","17275852B37590867813392",2,419976.082854058,839952.165708116,13.6411002236125
"74","17275852B37857453943231",1,243805.6955917,243805.6955917,12.4041268574943
"75","17275852B38338809131920",1,1214425.88054758,1214425.88054758,14.0097819967828
"76","17275852B38392968045125",1,285958.655224023,285958.655224023,12.5636025171981
"77","17275852B3879764169207",1,1452221.95412273,1452221.95412273,14.1886053236509
"78","17275852B39002428158328",1,240611.476881043,240611.476881043,12.39093878247
"79","17275852B39380894050966",1,1633777.29935004,1633777.29935004,14.3064052534061
"80","17275852B39422876200918",1,184501.386039249,184501.386039249,12.1254122548424
"81","17275852B39849449809026",1,202269.061880968,202269.061880968,12.217354079582
"82","17275852B40827597599959",2,359574.618051948,719149.236103896,13.4858241758106
"83","17275852B40934974334003",1,1037588.97410139,1037588.97410139,13.85241028558
"84","17275852B42230140857746",2,424600.459801511,849200.919603022,13.6520510917158
"85","17275852B42704411692482",1,995501.811758476,995501.811758476,13.811002222433
"86","17275852B43446340592902",1,423421.748989465,423421.748989465,12.9561240038399
"87","17275852B43707425356039",1,829530.184940709,829530.184940709,13.6286147772703
"88","17275852B44248179758570",2,472887.627749785,945775.25549957,13.7597602463413
"89","17275852B44589121739824",1,197276.719472062,197276.719472062,12.1923626894687
"90","17275852B44953136813001",1,443850.657895483,443850.657895483,13.0032434287427
"91","17275852B45805035523406",1,810373.368816882,810373.368816882,13.6052503696008
"92","17275852B46208020456835",1,449974.597359004,449974.597359004,13.0169464098398
"93","17275852B46346395801730",1,259938.973866459,259938.973866459,12.4682021665493
"94","17275852B46630816811728",1,509085.470745756,509085.470745756,13.1403712003863
"95","17275852B4666557299379",1,668845.820098038,668845.820098038,13.413308849318
"96","17275852B47214038820512",1,1154063.566498,1154063.566498,13.9587998081536
"97","17275852B47416526759176",1,140801.669590329,140801.669590329,11.8551075805216
"98","17275852B47611300766307",1,625581.285074809,625581.285074809,13.346436552604
"99","17275852B47839165615513",1,19092.6930886216,19092.6930886216,9.85706098003452
"100","17275852B48217934131504",1,297629.228944563,297629.228944563,12.6036037926578
"101","17275852B48501556095420",2,136240.590632642,272481.181265284,12.5153248311238
"102","17275852B49260746635311",1,517144.711007656,517144.711007656,13.1560780195616
"103","17275852B50034294804845",1,1373784.90875459,1373784.90875459,14.1330801956634
"104","17275852B50191422864704",1,785417.368000799,785417.368000799,13.5739705344553
"105","17275852B50435667373766",1,473904.714754047,473904.714754047,13.0687615567436
"106","17275852B50805542405305",1,268407.326137465,268407.326137465,12.5002609793013
"107","17275852B50934595514046",1,301556.62432203,301556.62432203,12.6167130862121
"108","17275852B51230036148684",2,1413979.61450496,2827959.22900992,14.8550658889958
"109","17275852B51390796967225",1,345520.297678154,345520.297678154,12.7528066691709
"110","17275852B52186187686392",1,254169.590818521,254169.590818521,12.4457570035892
"111","17275852B52554899928467",1,557102.429601293,557102.429601293,13.2305043971577
"112","17275852B53025585862768",1,200197.948757951,200197.948757951,12.2070618998465
"113","17275852B53915190353866",1,1278979.02518986,1278979.02518986,14.0615726810441
"114","17275852B54078553013960",1,517917.698157335,517917.698157335,13.1575716247521
"115","17275852B54799230122335",1,180099.631753403,180099.631753403,12.1012654864835
"116","17275852B57882995260260",1,376836.873216748,376836.873216748,12.839567675752
"117","17275852B58186217435722",1,3129488.78694076,3129488.78694076,14.9563802223211
"118","17275852B58489467965072",1,132223.477086113,132223.477086113,11.7922487782737
"119","17275852B59014028549632",1,1130328.11872316,1130328.11872316,13.9380185190906
"120","17275852B59209488526743",1,156052.471689817,156052.471689817,11.9579475866624
"121","17275852B59616994343756",1,165778.951044942,165778.951044942,12.0184105597334
"122","17275852B60010150977543",2,2749926.85917814,5499853.71835628,15.5202320531865
"123","17275852B60036374298215",1,1375179.3682137,1375179.3682137,14.134094730185
"124","17275852B60568982990722",1,776620.87839729,776620.87839729,13.5627075802826
"125","17275852B60612190497835",2,669384.650900504,1338769.30180101,14.1072613184187
"126","17275852B60797773490242",1,126419.074956975,126419.074956975,11.7473576587789
"127","17275852B61603419379796",1,114113.111252358,114113.111252358,11.6449454394357
"128","17275852B62019928411356",1,382061.001686961,382061.001686961,12.8533355651196
"129","17275852B62298947029961",1,954221.293414732,954221.293414732,13.7686508872781
"130","17275852B6292026436391",1,106900.901649615,106900.901649615,11.5796575314922
"131","17275852B63293791576670",1,242337.131960291,242337.131960291,12.3980851429391
"132","17275852B63421671919236",1,104221.431466463,104221.431466463,11.5542730634146
"133","17275852B63877453406832",1,323689.158776558,323689.158776558,12.6875389477766
"134","17275852B63889031221729",1,947444.248196503,947444.248196503,13.761523373254
"135","17275852B64087191598728",1,359429.534521113,359429.534521113,12.7922734272538
"136","17275852B66252943806207",1,1492524.98023682,1492524.98023682,14.2159798612859
"137","17275852B66356980534214",1,867025.681231828,867025.681231828,13.6728238761219
"138","17275852B66433667475820",1,798544.549227534,798544.549227534,13.5905460362237
"139","17275852B67003966243436",1,1140938.2657231,1140938.2657231,13.9473615219669
"140","17275852B67626464932783",1,302629.377801197,302629.377801197,12.6202641602281
"141","17275852B67769801833376",1,179961.66863123,179961.66863123,12.1004991551461
"142","17275852B67980375579506",1,907149.471505115,907149.471505115,13.7180625132099
"143","17275852B69224732604429",1,154171.631076805,154171.631076805,11.9458217483273
"144","17275852B69233894766016",1,927428.143155066,927428.143155066,13.7401705967752
"145","17275852B69618555412569",1,1324527.96859386,1324527.96859386,14.0965667038125
"146","17275852B6984922207713",2,513394.202270376,1026788.40454075,13.8419464351035
"147","17275852B70258266780305",2,802057.69101649,1604115.38203298,14.2880829987572
"148","17275852B70748117167042",1,525720.6979044,525720.6979044,13.1725253581162
"149","17275852B71369345081906",1,1037324.20843259,1037324.20843259,13.8521550790755
"150","17275852B72762706296361",2,112906.237214646,225812.474429292,12.3274601746513
"151","17275852B72769683371533",1,860604.120849096,860604.120849096,13.6653898877195
"152","17275852B73340521246225",1,246355.52400989,246355.52400989,12.4145309911422
"153","17275852B74040811495822",1,681681.897738673,681681.897738673,13.4323184024122
"154","17275852B75086699702795",1,948599.81452534,948599.81452534,13.762742296901
"155","17275852B75763620561947",1,871646.695670048,871646.695670048,13.6781394552734
"156","17275852B75995678778305",1,1605417.9743525,1605417.9743525,14.2888947008001
"157","17275852B7651699454151",1,289470.648963782,289470.648963782,12.5758091855834
"158","17275852B76985937823941",2,89632.8054496851,179265.61089937,12.0966238447639
"159","17275852B77187634403002",1,336631.01737352,336631.01737352,12.7267427055532
"160","17275852B78001466735071",1,705203.704879813,705203.704879813,13.4662419831503
"161","17275852B78567156775151",1,1951814.24031513,1951814.24031513,14.4842698776538
"162","17275852B79100708815365",1,310546.164848439,310546.164848439,12.646087848365
"163","17275852B79983094228846",1,283436.540300848,283436.540300848,12.5547435333572
"164","17275852B80322806028087",1,383374.081438693,383374.081438693,12.8567665054272
"165","17275852B8079983127742",1,622098.381880985,622098.381880985,13.3408535294404
"166","17275852B81051002573718",1,659949.29752899,659949.29752899,13.3999182891259
"167","17275852B81133861819543",1,284829.60854723,284829.60854723,12.5596464157118
"168","17275852B81259275775371",1,1881051.83562858,1881051.83562858,14.4473416653881
"169","17275852B81783797021346",1,544491.557423658,544491.557423658,13.2076077160442
"170","17275852B82056417042325",1,304791.122878205,304791.122878205,12.6273819779552
"171","17275852B82537963815987",1,1152546.80106155,1152546.80106155,13.9574846613248
"172","17275852B8296297044700",2,145684.364063307,291368.728126614,12.5823448510154
"173","17275852B85014187933164",1,228239.044621099,228239.044621099,12.3381488000264
"174","17275852B85592550914884",1,107396.378889426,107396.378889426,11.5842817443751
"175","17275852B86000242921086",1,691432.876650811,691432.876650811,13.4465213561792
"176","17275852B8657294857468",1,218606.114831317,218606.114831317,12.2950268270292
"177","17275852B86987062890699",1,1340034.04886923,1340034.04886923,14.1082055812082
"178","17275852B87182296846240",1,468346.493724017,468346.493724017,13.0569636721654
"179","17275852B88564558630562",2,174460.084594728,348920.169189456,12.7625984334417
"180","17275852B88707811573248",1,137818.087000329,137818.087000329,11.8336898843935
"181","17275852B89533026423026",1,532226.414784196,532226.414784196,13.1848242694849
"182","17275852B89940388970234",1,184397.87996025,184397.87996025,12.1248510930768
"183","17275852B90238227594233",1,308399.652994809,308399.652994809,12.6391517954917
"184","17275852B90429058486395",1,993459.358140253,993459.358140253,13.8089484323771
"185","17275852B90470795224142",1,959326.373626792,959326.373626792,13.7739866230027
"186","17275852B92675490846952",1,233411.889443923,233411.889443923,12.3605599377425
"187","17275852B93478142128701",1,686363.394799726,686363.394799726,13.4391624964794
"188","17275852B93697739867414",1,433783.628382246,433783.628382246,12.9803011366495
"189","17275852B94153665683486",2,363945.152534285,727890.30506857,13.4979056359746
"190","17275852B94225890778741",1,412558.384447387,412558.384447387,12.9301330127956
"191","17275852B94869101817355",1,1526754.01991051,1526754.01991051,14.2386544840673
"192","17275852B95277244028777",1,1399648.88953192,1399648.88953192,14.1517319699401
"193","17275852B95583475247133",1,1531921.99277119,1531921.99277119,14.2420337094296
"194","17275852B95816601250462",1,177025.31352573,177025.31352573,12.0840480156001
"195","17275852B96160830946824",2,572488.627295986,1144977.25459197,13.950895329788
"196","17275852B96228664587587",1,159247.257038231,159247.257038231,11.9782133490363
"197","17275852B96568921985306",2,107982.52016555,215965.0403311,12.2828718232481
"198","17275852B98251292892168",1,280262.139955242,280262.139955242,12.5434806583021
"199","17275852B98893708532288",2,337545.999089417,675091.998178834,13.4226042541658
"200","17275852B99125708243995",1,450990.52046018,450990.52046018,13.0192015993286
"201","17275852B99819709984445",2,1934342.5881241,3868685.1762482,15.1684252595391
"202","22064153B10198647455889",2,10239.8917289755,20479.783457951,9.92719350575531
"203","22064153B10464594987148",2,60928.9912379269,121857.982475854,11.7106115675835
"204","22064153B10472046376966",2,22317.7955818939,44635.5911637878,10.7062868279256
"205","22064153B11731771091880",2,29408.7388295416,58817.4776590832,10.98219432882
"206","22064153B12172811493606",1,6033.10395651849,6033.10395651849,8.70501690960649
"207","22064153B12662900476516",1,33604.8270896417,33604.8270896417,10.4224249990149
"208","22064153B13026846490953",1,3996.5614381812,3996.5614381812,8.29318962994458
"209","22064153B1320154413470",1,12789.4524846089,12789.4524846089,9.45637608557285
"210","22064153B13215881329963",1,7067.12360421307,7067.12360421307,8.86320883087511
"211","22064153B13415196919485",2,23459.0005831851,46918.0011663702,10.7561567009727
"212","22064153B13529558542609",1,267295.407598904,267295.407598904,12.4961097212795
"213","22064153B13708684658213",2,21450.4871259392,42900.9742518784,10.6666498144922
"214","22064153B13786864628755",2,31567.9866158632,63135.9732317264,11.0530459848443
"215","22064153B1409396634293",1,8690.3217283166,8690.3217283166,9.06996524039535
"216","22064153B14136631633740",1,32894.5504845827,32894.5504845827,10.4010622842674
"217","22064153B1430516965980",2,29764.0582321565,59528.116464313,10.9942040255379
"218","22064153B15197878860903",1,15786.6711333715,15786.6711333715,9.66692126383134
"219","22064153B15321782044758",2,1591.34255794815,3182.6851158963,8.06548049555731
"220","22064153B15557239492888",1,18555.6606633117,18555.6606633117,9.82853017853648
"221","22064153B16264764307082",2,108726.058899924,217452.117799848,12.2897339572281
"222","22064153B16301749391427",2,106294.037057369,212588.074114738,12.2671116479014
"223","22064153B16387988868573",1,51405.4563039163,51405.4563039163,10.847499599582
"224","22064153B16569113596510",2,5083.93200642781,10167.8640128556,9.22698743874913
"225","22064153B17092575420538",1,41178.6617947801,41178.6617947801,10.6256754835695
"226","22064153B17402484703457",1,6202.20487322186,6202.20487322186,8.73266013252691
"227","22064153B17594552103117",2,59907.5143642502,119815.0287285,11.6937044052805
"228","22064153B17786192900668",2,301504.049912851,603008.099825702,13.3096859081659
"229","22064153B18037782605293",1,49699.2527808886,49699.2527808886,10.8137451773819
"230","22064153B18374709515284",1,50409.6234719259,50409.6234719259,10.8279373777357
"231","22064153B18443780619579",2,13134.1027977738,26268.2055955476,10.1761145741246
"232","22064153B18822058190622",2,6600.43910406097,13200.8782081219,9.48803863727971
"233","22064153B18872085958488",1,8917.07772052774,8917.07772052774,9.09572356209193
"234","22064153B19125244688726",2,454850.665275707,909701.330551414,13.7208716164357
"235","22064153B19332172900276",2,56094.2396582968,112188.479316594,11.627935586911
"236","22064153B19404158136768",2,11528.6209667097,23057.2419334194,10.0457351827419
"237","22064153B20086130003796",1,93133.4922480876,93133.4922480876,11.4417891434499
"238","22064153B20891786308722",1,33374.5619601447,33374.5619601447,10.4155492708267
"239","22064153B21038809643944",1,13241.2446609991,13241.2446609991,9.49109183270089
"240","22064153B21150807088610",1,40389.5718337896,40389.5718337896,10.6063269077038
"241","22064153B2132252923317",1,22337.9504706539,22337.9504706539,10.0140423258297
"242","22064153B21463927954199",2,79211.4018727258,158422.803745452,11.9730227110402
"243","22064153B21529335846532",1,8097.47004680253,8097.47004680253,8.99930695197134
"244","22064153B21781575553931",2,85170.46564881,170340.93129762,12.0455571859668
"245","22064153B21914755064517",1,41116.5249816798,41116.5249816798,10.6241653873575
"246","22064153B22404901625877",2,45606.4191132312,91212.8382264624,11.4209509361823
"247","22064153B2319717856826",2,12376.5181256341,24753.0362512682,10.1167034372916
"248","22064153B23299113779671",1,4903.93490308868,4903.93490308868,8.49779320328012
"249","22064153B23593154045809",1,36257.6650516857,36257.6650516857,10.4984060876322
"250","22064153B23879423585908",1,17095.0021046448,17095.0021046448,9.74654142518804
"251","22064153B24090934315492",2,4516.79229702256,9033.58459404512,9.1087045326518
"252","22064153B25042190901764",2,614621.432533996,1229242.86506799,14.0219089809604
"253","22064153B25274509403754",2,132086.118628484,264172.237256968,12.4843565832512
"254","22064153B25569633235651",2,96061.8213723799,192123.64274476,12.1658944163775
"255","22064153B26513167275722",3,9817.4075017293,29452.2225051879,10.2905246533014
"256","22064153B26672672151559",2,4867.89040659469,9735.78081318938,9.18356312138902
"257","22064153B26884354260890",1,100642.902818056,100642.902818056,11.5193339150999
"258","22064153B27005462697609",2,64094.2005456531,128188.401091306,11.7612563442688
"259","22064153B27631691114886",1,11354.9167785602,11354.9167785602,9.33740612545602
"260","22064153B27637415608592",2,7601.26844401339,15202.5368880268,9.6292175934361
"261","22064153B27870068763569",1,15024.5635835645,15024.5635835645,9.61744171296256
"262","22064153B28097279144094",1,171504.898166985,171504.898166985,12.0523671059207
"263","22064153B28331596269752",1,200793.4946672,200793.4946672,12.2100322691992
"264","22064153B28508352708384",2,58228.7293211753,116457.458642351,11.6652813234318
"265","22064153B28595577519901",1,29143.4019831966,29143.4019831966,10.2799838190981
"266","22064153B28866553828376",1,181502.032997249,181502.032997249,12.1090221337111
"267","22064153B29022768014976",2,28861.8929394907,57723.7858789814,10.9634246011558
"268","22064153B29173837278044",1,31245.944951343,31245.944951343,10.3496448851878
"269","22064153B29893282242980",2,10929.5104754128,21859.0209508256,9.99236897348261
"270","22064153B30086215465497",2,70128.7324997835,140257.464999567,11.8512350483468
"271","22064153B30432270495602",2,24578.115204759,49156.230409518,10.8027588807057
"272","22064153B30545680019922",1,3270.14892963516,3270.14892963516,8.09259080708513
"273","22064153B3059978894084",1,9709.39229539095,9709.39229539095,9.1808489738882
"274","22064153B31019964907182",1,27787.3685988932,27787.3685988932,10.2323368294765
"275","22064153B31214056666647",2,39767.4030420811,79534.8060841622,11.2839500172099
"276","22064153B31542603161121",1,22194.4231894479,22194.4231894479,10.0075963286199
"277","22064153B31654670628378",1,25677.3261584113,25677.3261584113,10.1533636308257
"278","22064153B32144271118289",1,5100.97859466303,5100.97859466303,8.53718768161203
"279","22064153B32431944472623",2,1563.03548932941,3126.07097865882,8.04753221662858
"280","22064153B32453256362792",2,11854.9723164587,23709.9446329174,10.0736498438782
"281","22064153B32748472503600",1,4997.14623229363,4997.14623229363,8.51662227493316
"282","22064153B32879665089708",1,20541.6709744572,20541.6709744572,9.93021083238674
"283","22064153B33141511613521",2,16921.2870574144,33842.5741148288,10.4294748780503
"284","22064153B33206929848815",2,6628.56905400401,13257.138108008,9.49229141148676
"285","22064153B33436919021908",1,39188.9017223977,39188.9017223977,10.5761488663661
"286","22064153B33692548967608",1,59591.4565550392,59591.4565550392,10.9952674963864
"287","22064153B3414994926035",2,16257.5770742148,32515.1541484296,10.3894615411325
"288","22064153B34289782846164",2,479720.82983694,959441.65967388,13.7741067897401
"289","22064153B34391741921391",1,36223.9250487863,36223.9250487863,10.497475092457
"290","22064153B34841335570745",1,109277.882718794,109277.882718794,11.6016492997889
"291","22064153B35070439080278",1,16920.5634633078,16920.5634633078,9.73628493421966
"292","22064153B35296121445435",2,51065.4472750264,102130.894550053,11.534010549469
"293","22064153B35477366306356",2,11168.4478097179,22336.8956194358,10.0139951023332
"294","22064153B35633292127249",2,48675.685189523,97351.370379046,11.4860820875276
"295","22064153B3574187835078",1,37387.5445128062,37387.5445128062,10.5290928935174
"296","22064153B36411435837789",2,756066.674240638,1512133.34848128,14.2290320252728
"297","22064153B36820241418054",1,38141.579704578,38141.579704578,10.549060296875
"298","22064153B36899747691995",1,12837.4659731825,12837.4659731825,9.46012320365355
"299","22064153B37300460169028",2,31122.1065048084,62244.2130096168,11.0388208463046
"300","22064153B37535549153017",1,7014.6083639881,7014.6083639881,8.85575016260862
"301","22064153B38003203294123",1,63146.5875999022,63146.5875999022,11.0532140898958
"302","22064153B38263245523496",1,53426.5227277246,53426.5227277246,10.8860625819379
"303","22064153B38280459687635",3,627.153808470096,1881.46142541029,7.53980410778255
"304","22064153B38516205558719",2,11744.3983789815,23488.796757963,10.0642788527549
"305","22064153B39171502191048",2,12281.1004830253,24562.2009660506,10.1089639941274
"306","22064153B39173666137461",1,9272.83051053259,9272.83051053259,9.13484395289487
"307","22064153B40828352777432",1,23754.4320682797,23754.4320682797,10.0755244054539
"308","22064153B41154522842822",2,6450.35791254683,12900.7158250937,9.46503807912757
"309","22064153B41514672574111",1,20003.1391813098,20003.1391813098,9.90364449928483
"310","22064153B417111065512",2,53038.1734014796,106076.346802959,11.5719143666947
"311","22064153B41720613650338",1,128894.745290202,128894.745290202,11.7667514223105
"312","22064153B42217323909789",1,44192.6085670131,44192.6085670131,10.6963128270911
"313","22064153B42900229299916",1,124346.81886324,124346.81886324,11.7308298667832
"314","22064153B43125554844951",2,34330.1891043245,68660.378208649,11.1369275754243
"315","22064153B43185436543368",2,113836.471197885,227672.94239577,12.3356654149329
"316","22064153B43898079170437",2,243660.913526606,487321.827053212,13.0966800196471
"317","22064153B43979450317974",1,45524.8432547033,45524.8432547033,10.7260134615301
"318","22064153B44123473908200",1,81288.242531473,81288.242531473,11.3057566667686
"319","22064153B44267984628031",1,28635.7619406629,28635.7619406629,10.2624116331928
"320","22064153B44542304217365",2,122984.176061301,245968.352122602,12.4129581567303
"321","22064153B44560660851170",1,19833.7337447211,19833.7337447211,9.89513949147129
"322","22064153B44963787773880",1,409842.278032797,409842.278032797,12.9235276769443
"323","22064153B45248140164067",1,45786.2553985269,45786.2553985269,10.7317392245943
"324","22064153B45322323594402",1,60215.2068035701,60215.2068035701,11.0056802041082
"325","22064153B45421969822613",2,34807.8491500521,69615.6983001042,11.1507453711787
"326","22064153B46179239075141",2,264540.632946667,529081.265893334,13.1788973207684
"327","22064153B46764438077406",2,30392.5472680019,60785.0945360038,11.0150998822409
"328","22064153B47088094291136",2,38647.3668264645,77294.733652929,11.2553811035733
"329","22064153B47141697781340",2,70154.5837730602,140309.16754612,11.8516036064086
"330","22064153B48078065447549",1,39284.724426208,39284.724426208,10.5785910308522
"331","22064153B48099706637709",1,33697.6108410039,33697.6108410039,10.4251822189016
"332","22064153B48122018052032",2,2177.95391034676,4355.90782069352,8.37928832237199
"333","22064153B48342484050891",1,27201.8849740976,27201.8849740976,10.2110415504012
"334","22064153B48721476653165",2,37989.7306852978,75979.4613705956,11.2382183376219
"335","22064153B49276333720668",1,285.485888013554,285.485888013554,5.65419259885008
"336","22064153B49277227172137",1,77233.3630510001,77233.3630510001,11.25458680653
"337","22064153B49312445085348",1,102226.023734763,102226.023734763,11.5349415597072
"338","22064153B49815970658587",1,1542.97098915095,1542.97098915095,7.34146505059921
"339","22064153B50130441477952",2,20161.3716236487,40322.7432472974,10.6046709373182
"340","22064153B51289193141424",2,10609.9257222195,21219.851444439,9.96269241141015
"341","22064153B51420190401517",1,1893.71953764833,1893.71953764833,7.54629818339805
"342","22064153B51668010168839",2,297451.063653227,594902.127306454,13.2961521790756
"343","22064153B51861353705431",2,127855.206157554,255710.412315108,12.4518008812758
"344","22064153B52241055716439",2,56182.5631300172,112365.126260034,11.6295089037093
"345","22064153B52648905753653",3,3529.06320641043,10587.1896192313,9.26740002275551
"346","22064153B52868042497281",1,99367.1064319076,99367.1064319076,11.50657641667
"347","22064153B53393989117079",1,5418.05166090248,5418.05166090248,8.59749155764987
"348","22064153B53816838639023",1,58355.4381865999,58355.4381865999,10.9743078327995
"349","22064153B54328590224994",1,5518.67530309038,5518.67530309038,8.61589312914681
"350","22064153B5531323380958",1,1458578.46506442,1458578.46506442,14.19297286531
"351","22064153B55493173352162",1,17373.7627536349,17373.7627536349,9.76271645947366
"352","22064153B55931345507884",2,86885.7209497446,173771.441899489,12.0654961624288
"353","22064153B55971315986708",2,4539.51236099442,9079.02472198884,9.11372205635393
"354","22064153B5606212103523",2,4455.93896152626,8911.87792305252,9.09514026403156
"355","22064153B56106555282703",2,127008.988207902,254017.976415804,12.4451603167869
"356","22064153B56360165329958",2,44907.8093307862,89815.6186615724,11.4055141663557
"357","22064153B56467377786107",2,10979.3588081314,21958.7176162628,9.99691949757329
"358","22064153B57554253448105",3,1561.39071717411,4684.17215152233,8.45194447714264
"359","22064153B58264224873440",2,12133.4881784461,24266.9763568922,10.0968717073951
"360","22064153B58298111838793",2,105932.65287452,211865.30574904,12.2637060014933
"361","22064153B58604351029537",2,5665.72537538176,11331.4507507635,9.33533739090561
"362","22064153B58621167796121",1,33292.3921518636,33292.3921518636,10.4130841859587
"363","22064153B58787616490408",2,24544.2844890381,49088.5689780762,10.8013814756408
"364","22064153B59487832348145",1,3264.00415012346,3264.00415012346,8.09070998756709
"365","22064153B60195592260119",2,24988.8802234875,49977.760446975,10.8193333944009
"366","22064153B60880441829581",2,13922.590680761,27845.181361522,10.2344152092553
"367","22064153B60931052346072",2,19953.8973626463,39907.7947252926,10.594326940322
"368","22064153B61399355999235",2,7235.33113061938,14470.6622612388,9.57987858645926
"369","22064153B61546273634487",1,7122.51811867881,7122.51811867881,8.87101661023388
"370","22064153B61639073188138",1,23108.2991937856,23108.2991937856,10.0479471044452
"371","22064153B61862032927901",2,53554.3362947248,107108.67258945,11.5815992297162
"372","22064153B62115102055201",2,27533.0660551376,55066.1321102752,10.9162901439133
"373","22064153B62297132095458",1,50841.5765186835,50841.5765186835,10.8364697342381
"374","22064153B62672077731580",1,22902.1889638376,22902.1889638376,10.0389877729146
"375","22064153B62822681138687",2,48184.9442199535,96369.888439907,11.475949071222
"376","22064153B63068612486986",1,20912.6062568118,20912.6062568118,9.94810742630126
"377","22064153B63784741567602",2,52190.5481037274,104381.096207455,11.5558038672256
"378","22064153B63840040249051",2,46864.4941126766,93728.9882253532,11.4481627931165
"379","22064153B64016815172570",1,964964.404603819,964964.404603819,13.7798464932199
"380","22064153B6421292379130",2,67548.7841073694,135097.568214739,11.8137525238954
"381","22064153B64219933693528",2,9349.36710965392,18698.7342193078,9.83621111174462
"382","22064153B65083387274460",1,30234.5985199833,30234.5985199833,10.316742193968
"383","22064153B65355185007631",1,1232.25242654722,1232.25242654722,7.11659901478397
"384","22064153B65490065262091",1,16062.0320093434,16062.0320093434,9.68421350560805
"385","22064153B65569101114722",2,4820.6255731716,9641.2511463432,9.17380616614805
"386","22064153B65854996769111",2,29066.5434073404,58133.0868146808,10.9704902612068
"387","22064153B66514919549994",2,71162.8785188803,142325.757037761,11.865873772883
"388","22064153B67091834306400",1,18271.789687861,18271.789687861,9.81311360231184
"389","22064153B67459914812798",2,71630.2166881988,143260.433376398,11.8724194652679
"390","22064153B68069187412847",2,25306.8820703156,50613.7641406312,10.8319788368748
"391","22064153B68363974409505",2,32210.5192245829,64421.0384491658,11.0731955427361
"392","22064153B68679560851725",1,11307.8430356895,11307.8430356895,9.33325183789732
"393","22064153B69278152819157",2,36389.374740422,72778.749480844,11.1951792888372
"394","22064153B69435349130289",1,24067.6733734064,24067.6733734064,10.0886248652579
"395","22064153B70283581599440",2,1197.73767998266,2395.47535996532,7.78133697030297
"396","22064153B70489840196790",2,10530.6526464529,21061.3052929058,9.95519276348743
"397","22064153B70816441618955",1,28323.1766282396,28323.1766282396,10.2514357105934
"398","22064153B71021754844770",2,38065.7141817659,76131.4283635318,11.2402164462881
"399","22064153B71321460612085",1,5533.66147072896,5533.66147072896,8.6186049858572
"400","22064153B71803232115030",2,50383.3348113174,100766.669622635,11.5205629214342
"401","22064153B72367314810159",2,50327.7658459465,100655.531691893,11.5194593892387
"402","22064153B72557409137783",1,6988.23194132033,6988.23194132033,8.85198286207696
"403","22064153B73079587251631",2,18552.5187166264,37105.0374332528,10.5215080192503
"404","22064153B7322851157107",1,27679.0126787389,27679.0126787389,10.2284297399747
"405","22064153B73547165677482",1,11668.7185354772,11668.7185354772,9.36466691080881
"406","22064153B75284693112718",2,3969.04177090181,7938.08354180362,8.97942715757632
"407","22064153B75302360124634",2,4717.09909956614,9434.19819913228,9.1520964726475
"408","22064153B7544432194221",1,23093.9543600243,23093.9543600243,10.04732614624
"409","22064153B75512617616301",2,19273.8210175959,38547.6420351918,10.5596502107184
"410","22064153B76164610245689",1,18702.7953864234,18702.7953864234,9.83642827757577
"411","22064153B76299833153547",1,51158.3081925882,51158.3081925882,10.8426801861974
"412","22064153B76748152087135",1,11749.6510587594,11749.6510587594,9.37157882200448
"413","22064153B76764932541801",2,3110.54101246202,6221.08202492404,8.73569912959512
"414","22064153B77103081434651",1,7105.71857157842,7105.71857157842,8.8686551714593
"415","22064153B77224046457748",2,41903.2922711553,83806.5845423106,11.3362668578739
"416","22064153B77422596340227",1,68333.5602373263,68333.5602373263,11.1321562899932
"417","22064153B77677863466257",2,24681.7314102476,49363.4628204952,10.8069658105046
"418","22064153B77987793520078",2,3124.35431196649,6248.70862393298,8.74013010121084
"419","22064153B78193536381763",2,1186.56953118754,2373.13906237508,7.77196885664671
"420","22064153B78228861031651",2,154085.666360782,308171.332721564,12.6384111823621
"421","22064153B78682541824565",2,10091.3158662674,20182.6317325348,9.91257769831512
"422","22064153B78841847163237",1,8953.1299430182,8953.1299430182,9.09975846443682
"423","22064153B79178271585243",1,8321.13929517117,8321.13929517117,9.02655445895634
"424","22064153B79844191298444",1,21643.1298844624,21643.1298844624,9.9824433567192
"425","22064153B80068225568868",2,6447.63218909416,12895.2643781883,9.46461542048514
"426","22064153B8024533352103",1,1468.47602260345,1468.47602260345,7.29198042269022
"427","22064153B80640640435871",1,1369.99052037534,1369.99052037534,7.22255909936417
"428","22064153B80804439158864",2,6199.02676722328,12398.0535344466,9.42529476624307
"429","22064153B80945575612703",1,9311.78880073954,9311.78880073954,9.13903648938106
"430","22064153B81163718541362",3,44931.4680738268,134794.40422148,11.8115059648886
"431","22064153B81712763029694",1,13735.6169788206,13735.6169788206,9.52774751771129
"432","22064153B82042887470941",2,56481.075831615,112962.15166323,11.6348081005558
"433","22064153B82157551102424",2,3731.49491640416,7462.98983280832,8.91771139478399
"434","22064153B82400996798627",2,8402.18869058666,16804.3773811733,9.72939468985508
"435","22064153B8255256814498",2,17361.7630384996,34723.5260769992,10.4551727211349
"436","22064153B82678654202342",2,10868.7665502025,21737.533100405,9.98679568139421
"437","22064153B82911662838779",2,5337.33110901669,10674.6622180334,9.2756281952574
"438","22064153B83131458706543",1,125965.614979254,125965.614979254,11.7437642517004
"439","22064153B83234888303578",1,55512.2843057014,55512.2843057014,10.9243596140842
"440","22064153B83500491832850",2,37322.2833660435,74644.566732087,11.2204930170913
"441","22064153B84385819333701",2,15675.2535562179,31350.5071124358,10.3529857217655
"442","22064153B84546796088042",2,17392.2956352837,34784.5912705674,10.4569297881253
"443","22064153B84687278012023",1,132798.232141205,132798.232141205,11.7965862037461
"444","22064153B85000886785239",1,52700.829735602,52700.829735602,10.8723864789141
"445","22064153B85586917882840",2,17182.0232003932,34364.0464007864,10.4447661340302
"446","22064153B85680479871483",2,32281.7048759249,64563.4097518498,11.0754031167885
"447","22064153B86120410024942",2,2044.71310542953,4089.42621085906,8.31615994845168
"448","22064153B86211377030233",2,81531.9354651318,163063.870930264,12.0018972492352
"449","22064153B86498088606166",1,7669.00716187689,7669.00716187689,8.94494244163806
"450","22064153B86521976602525",1,52650.8036810633,52650.8036810633,10.8714367820432
"451","22064153B8666349443712",2,48028.9518090301,96057.9036180602,11.4727064513086
"452","22064153B86801747373252",1,24700.009607105,24700.009607105,10.1145589115676
"453","22064153B87212941126642",2,29377.5815224278,58755.1630448556,10.9811343097596
"454","22064153B87296692178554",1,144565.346080492,144565.346080492,11.8814869063234
"455","22064153B87911292599012",2,62245.714416488,124491.428832976,11.7319921478019
"456","22064153B87980745802810",2,16736.1350162299,33472.2700324598,10.4184726148054
"457","22064153B8813975202654",2,1260.29836288432,2520.59672576864,7.83225094841367
"458","22064153B88729606439601",2,36383.8932854111,72767.7865708222,11.1950286440972
"459","22064153B88862899919648",1,147644.204768333,147644.204768333,11.9025606366106
"460","22064153B89218276356736",1,6263.54088478898,6263.54088478898,8.74250094072985
"461","22064153B89642323235755",1,12301.6933768575,12301.6933768575,9.41749220479971
"462","22064153B9051879540232",2,40881.811296246,81763.622592492,11.3115877120941
"463","22064153B9080529541811",2,60688.1121072271,121376.224214454,11.7066502917587
"464","22064153B90991559137685",2,28754.4376947793,57508.8753895586,10.959694569475
"465","22064153B92054695753215",1,5489.7271274945,5489.7271274945,8.6106338297154
"466","22064153B92427745486428",1,59162.3042126477,59162.3042126477,10.988039864894
"467","22064153B92521276992791",1,28239.1411821036,28239.1411821036,10.2484642797461
"468","22064153B92728866184375",1,22876.8771468766,22876.8771468766,10.0378819478425
"469","22064153B92754256682750",2,38444.5478300748,76889.0956601496,11.2501193464816
"470","22064153B92948543202040",2,17706.1782439576,35412.3564879152,10.4748160915479
"471","22064153B93520564600239",2,17054.9266980156,34109.8533960312,10.4373415774272
"472","22064153B93521388220713",2,27479.4625052375,54958.925010475,10.9143413672158
"473","22064153B93544053912338",1,40865.159222107,40865.159222107,10.6180331262379
"474","22064153B93831812640775",2,29005.7629564463,58011.5259128926,10.9683969924219
"475","22064153B94045297720108",2,19070.0206398763,38140.0412797526,10.5490199614756
"476","22064153B94127780812190",1,135287.074389563,135287.074389563,11.8151542766283
"477","22064153B94530132332923",1,37860.5445645461,37860.5445645461,10.5416648082982
"478","22064153B94546008893",1,2342.90024223469,2342.90024223469,7.75914486066355
"479","22064153B94990135039499",2,16581.9710609933,33163.9421219866,10.4092184840285
"480","22064153B94993011750115",2,21232.1455928567,42464.2911857134,10.6564187943455
"481","22064153B95692403593429",3,13685.7007243664,41057.1021730992,10.6227191126586
"482","22064153B95702189282228",2,16324.6042275103,32649.2084550206,10.3935758910729
"483","22064153B95834507403925",1,24494.3975092533,24494.3975092533,10.1061996972914
"484","22064153B95884811797842",2,9908.82807099599,19817.656141992,9.8943285436757
"485","22064153B96898003018692",1,31776.5894528795,31776.5894528795,10.3664851169271
"486","22064153B97344910702567",1,15082.3223974283,15082.3223974283,9.62127863483888
"487","22064153B98068681997593",1,33962.6628611071,33962.6628611071,10.4330170490446
"488","22064153B98138334835392",1,9138.42052936742,9138.42052936742,9.12024284091194
"489","22064153B98286353198048",2,21758.8600200398,43517.7200400796,10.6809234913725
"490","22064153B98586949773081",1,7453.66329172418,7453.66329172418,8.91646090753037
"491","22064153B98951544817880",2,55971.6794053618,111943.358810724,11.625748297451
"492","22064153B99767339475906",1,15210.5503632506,15210.5503632506,9.62974456890183
"493","2272694B11703437565908",1,15594.2712572277,15594.2712572277,9.65465889869246
"494","2272694B14276851137333",1,1378.36939960213,1378.36939960213,7.22865648502688
"495","2272694B19826937126659",1,3619.25165366084,3619.25165366084,8.1940225579411
"496","2272694B2981277827282",1,4590.72233904226,4590.72233904226,8.43179266301322
"497","2272694B40640066990777",1,5687.64019509681,5687.64019509681,8.64605071264276
"498","2272694B4115863363061",1,2910.19067952357,2910.19067952357,7.9759738836283
"499","2272694B4202330031635",1,10917.0470985123,10917.0470985123,9.29808080050677
"500","2272694B7809713979732",1,44344.0138074505,44344.0138074505,10.6997330024709
"501","2272694B90158079900101",1,32564.7626759385,32564.7626759385,10.3909860832505
"502","2272694B91442542352830",1,5234.57544337409,5234.57544337409,8.56304102037388
"503","2272694B99472059069113",1,6057.89851625444,6057.89851625444,8.70911823942548
"504","25037944B15390433377666",1,29217.7333619684,29217.7333619684,10.2825311108369
"505","25037944B17459590153092",1,12158.3251913344,12158.3251913344,9.40576941505859
"506","25037944B28082311396997",1,5702.35151546927,5702.35151546927,8.64863391532226
"507","25037944B30530613092043",1,488.48266625689,488.48266625689,6.19130398724405
"508","25037944B33150906552836",1,332.792201662906,332.792201662906,5.80751827616922
"509","25037944B34353436415485",1,132836.519420515,132836.519420515,11.7968744738565
"510","25037944B36323732446250",1,2198.28351671395,2198.28351671395,7.69543211514115
"511","25037944B5517287997374",1,635.293745429978,635.293745429978,6.45408748315867
"512","25037944B55743987265110",1,19408.0370944209,19408.0370944209,9.87344254247739
"513","25037944B5935933559707",1,23314.0123068342,23314.0123068342,10.0568098453528
"514","25037944B65347816419811",2,18584.7095959268,37169.4191918536,10.5232416374456
"515","25037944B68165922230856",1,2255.96449613126,2255.96449613126,7.72133287496364
"516","25037944B73642390976852",1,1154.97798458886,1154.97798458886,7.0518365618122
"517","25037944B75577230273205",1,941.568562623061,941.568562623061,6.84754716819994
"518","25037944B77099976714827",1,2448.27912939147,2448.27912939147,7.80314066057627
"519","25037944B87513158470011",1,16822.6463875144,16822.6463875144,9.73048125691282
"520","25037944B93362533996498",1,11001.0518060652,11001.0518060652,9.30574616594253
"521","25037944B95548638033328",1,7603.51582747279,7603.51582747279,8.93636602818192
"522","2640588B11276327116073",2,2575260.6251275,5150521.250255,15.4546084811599
"523","2640588B11393510524278",2,231443.180741695,462886.36148339,13.0452368633824
"524","2640588B12869096786612",2,4405607.02292238,8811214.04584476,15.991535791579
"525","2640588B14186532473464",2,230410.767862879,460821.535725758,13.0407661227877
"526","2640588B17055181338626",2,697977.533887693,1395955.06777539,14.1490893753791
"527","2640588B17162343229623",1,2069289.81158036,2069289.81158036,14.542716020181
"528","2640588B20595662599865",2,2109291.60922021,4218583.21844042,15.2550098994148
"529","2640588B20861121251971",3,3017613.10638633,9052839.31915899,16.0185890033946
"530","2640588B21218366338371",1,485905.285812643,485905.285812643,13.0937689987309
"531","2640588B22535822566030",2,177471.647102514,354943.294205028,12.7797133210649
"532","2640588B23016389281073",3,563942.697816607,1691828.09344982,14.3413202143708
"533","2640588B24165862747597",1,96108.8807461182,96108.8807461182,11.4732370021988
"534","2640588B24635602844812",3,134715.774634365,404147.323903095,12.9095347535963
"535","2640588B2684850326122",2,174753.886588988,349507.773177976,12.7642810812613
"536","2640588B29584406601254",3,2528043.66272064,7584130.98816192,15.8415685944137
"537","2640588B32523752073662",1,472519.334181061,472519.334181061,13.0658339439805
"538","2640588B34459645926333",1,691426.395479746,691426.395479746,13.4465119825991
"539","2640588B34650846802583",1,1701278.54554097,1701278.54554097,14.3468906119641
"540","2640588B36229801410553",2,389303.729717855,778607.45943571,13.5652622946876
"541","2640588B36383122170471",3,224837.991039122,674513.973117366,13.4217476706754
"542","2640588B36426397400836",2,2369749.27816823,4739498.55633646,15.3714418982727
"543","2640588B43067672764099",3,2729266.87994435,8187800.63983305,15.9181558776204
"544","2640588B43628149657030",3,2567644.34226575,7702933.02679725,15.8571117268662
"545","2640588B45258001695711",1,541430.962482858,541430.962482858,13.2019708441888
"546","2640588B46982966730152",3,1827592.22589302,5482776.67767906,15.5171222236058
"547","2640588B49362051778248",2,672092.567852864,1344185.13570573,14.1112985403597
"548","2640588B50881283310688",2,707642.999437659,1415285.99887532,14.1628421879826
"549","2640588B50983171828902",4,238218.639334068,952874.557336272,13.7672385447345
"550","2640588B52568839586340",2,1400147.57416234,2800295.14832468,14.8452353797061
"551","2640588B57655195310467",3,1652825.52377999,4958476.57133997,15.4166091086481
"552","2640588B63294043497895",3,2173113.67300355,6519341.01901065,15.690283858091
"553","2640588B63893974857560",4,737139.968151906,2948559.87260762,14.8968274303409
"554","2640588B64856500371355",3,1850549.89304387,5551649.67913161,15.5296056810389
"555","2640588B65314213268917",2,1629139.79397645,3258279.5879529,14.9967098802856
"556","2640588B67488359993346",4,714575.12971428,2858300.51885712,14.865737781999
"557","2640588B69318666079956",2,619342.745469644,1238685.49093929,14.0295612873384
"558","2640588B69436428808540",2,147144.851297863,294289.702595726,12.5923199441284
"559","2640588B70472166839855",2,2781128.84632208,5562257.69264416,15.5315146436349
"560","2640588B74898440822212",2,513564.039080725,1027128.07816145,13.8422771921003
"561","2640588B80128813909947",3,1216329.34850141,3648988.04550423,15.1099604393113
"562","2640588B8238689001419",3,692677.567553813,2078032.70266144,14.5469321880831
"563","2640588B82697045094820",3,1155079.00186725,3465237.00560175,15.058291588152
"564","2640588B82822310999177",3,197343.437369967,592030.312109901,13.2913131154437
"565","2640588B89959078713723",4,476153.223285825,1904612.8931433,14.4597893401948
"566","2640588B90196487973168",3,396020.00882643,1188060.02647929,13.9878323049677
"567","2640588B94420346402626",2,159235.685996284,318471.371992568,12.6712878661008
"568","2640588B94499067384006",3,381470.498023673,1144411.49407102,13.9504010838607
"569","2640588B97763445928490",3,709212.232439004,2127636.69731701,14.5705223899235
"570","50627088B11139990760987",1,55027.6397986546,55027.6397986546,10.9155908797765
"571","50627088B11523678727998",1,19780.5712098302,19780.5712098302,9.89245548291091
"572","50627088B17645051575060",1,22071.7930772732,22071.7930772732,10.0020557409562
"573","50627088B19134439985606",1,230672.200057762,230672.200057762,12.3487529343337
"574","50627088B20699508066130",1,5274.17939545726,5274.17939545726,8.57057838140058
"575","50627088B20857302677335",2,223972.608197085,447945.21639417,13.0124262190853
"576","50627088B21176552123181",1,66304.2893974757,66304.2893974757,11.1020098708757
"577","50627088B21538362927498",1,28723.8537642686,28723.8537642686,10.2654831981529
"578","50627088B26941201425875",1,24897.0030478269,24897.0030478269,10.122502715684
"579","50627088B29884383288787",1,45401.0755400661,45401.0755400661,10.7232910740587
"580","50627088B34623658197151",1,32357.5183565795,32357.5183565795,10.3846016796217
"581","50627088B3683914427881",1,87926.683709182,87926.683709182,11.3842586065382
"582","50627088B37392390891999",1,102742.665888306,102742.665888306,11.5399827515949
"583","50627088B37596930660354",1,48185.4608644521,48185.4608644521,10.7828126127193
"584","50627088B38309476572974",1,45888.1152966456,45888.1152966456,10.7339614365225
"585","50627088B38864018180233",1,13996.9889577796,13996.9889577796,9.54659751102126
"586","50627088B38874433306118",1,167860.415265053,167860.415265053,12.0308880515111
"587","50627088B41221510425691",1,21304.2678025214,21304.2678025214,9.96666269794243
"588","50627088B43158791534375",1,11086.0362468883,11086.0362468883,9.31344159958367
"589","50627088B44837755081847",1,42578.9988154936,42578.9988154936,10.6591164251483
"590","50627088B45198070242199",1,48238.2380677406,48238.2380677406,10.7839073064335
"591","50627088B45390656969896",1,26209.7288145307,26209.7288145307,10.1738859496226
"592","50627088B45533435131247",1,26193.0380581343,26193.0380581343,10.1732489314666
"593","50627088B47907092422730",1,129809.51419625,129809.51419625,11.7738233794584
"594","50627088B49259449060306",1,113345.339562921,113345.339562921,11.6381945396332
"595","50627088B50408193042815",1,18033.9209979968,18033.9209979968,9.80000976332478
"596","50627088B50606245291674",1,46141.6955331937,46141.6955331937,10.7394722786294
"597","50627088B53299694063482",1,43269.2815923382,43269.2815923382,10.675198230177
"598","50627088B53659635813519",1,408609.530136667,408609.530136667,12.9205152849719
"599","50627088B56377483842725",1,4436.60072732349,4436.60072732349,8.39764376024925
"600","50627088B56392169999769",1,13456.3354613025,13456.3354613025,9.50720531214146
"601","50627088B58275904386471",1,138009.918700246,138009.918700246,11.8350808361959
"602","50627088B5887634213656",1,18193.0378557565,18193.0378557565,9.80879426448156
"603","50627088B60863102587946",1,38833.7140260329,38833.7140260329,10.5670440665172
"604","50627088B62386575329079",2,32970.4846958892,65940.9693917784,11.0965152176365
"605","50627088B63268830739579",1,12158.3476592924,12158.3476592924,9.40577126300531
"606","50627088B64168457575480",1,190811.152152941,190811.152152941,12.1590394857271
"607","50627088B67136120570022",1,18317.0735884978,18317.0735884978,9.81558888684943
"608","50627088B67615476566962",1,21084.4728971101,21084.4728971101,9.9562921669168
"609","50627088B68116165686784",1,108408.235897599,108408.235897599,11.5936593420167
"610","50627088B68322081472397",1,820363.640484636,820363.640484636,13.617502984945
"611","50627088B6848821284294",1,19750.51530722,19750.51530722,9.8909348614937
"612","50627088B68527106513110",1,21785.2986304183,21785.2986304183,9.98899064653279
"613","50627088B68671951504705",1,5068.54713698656,5068.54713698656,8.53080949476669
"614","50627088B70110967390572",1,38020.5860354923,38020.5860354923,10.5458830297977
"615","50627088B73050427186978",2,95641.1828383938,191282.365676788,12.1615059696675
"616","50627088B76672031961414",1,8250.46139249744,8250.46139249744,9.01802440412823
"617","50627088B76854514222016",1,27944.0371876176,27944.0371876176,10.2379591172766
"618","50627088B76976596426354",1,16921.6690058136,16921.6690058136,9.73635026930104
"619","50627088B77735288165812",1,4243.65047585778,4243.65047585778,8.35317913909864
"620","50627088B77985545046422",1,134360.209513374,134360.209513374,11.8082796030684
"621","50627088B78255939037142",1,11010.1203661165,11010.1203661165,9.30657016209262
"622","50627088B82523169832508",1,63481.4997293275,63481.4997293275,11.058503799587
"623","50627088B8261006945538",1,78189.8889448378,78189.8889448378,11.2668956207932
"624","50627088B84859418801228",1,11668.20447867,11668.20447867,9.36462285557437
"625","50627088B86222630376242",2,9417.85415991189,18835.7083198238,9.84350972599316
"626","50627088B87770668885129",1,7689.49583502059,7689.49583502059,8.94761049923481
"627","50627088B89463158641858",1,34106.4974943738,34106.4974943738,10.4372431874777
"628","50627088B8986621841937",1,35165.9201045189,35165.9201045189,10.4678327137494
"629","50627088B91393089235413",1,32191.5453974929,32191.5453974929,10.3794591317609
"630","50627088B92703262083917",1,51805.5905823479,51805.5905823479,10.8552533487241
"631","50627088B92995602725414",1,22987.1939574232,22987.1939574232,10.0426925553894
"632","52423323B10302998803932",1,36419.6944296989,36419.6944296989,10.5028649630679
"633","52423323B10442929932087",1,30916.3140745838,30916.3140745838,10.3390392871409
"634","52423323B10584672826222",1,34015.3130902671,34015.3130902671,10.4345660872133
"635","52423323B12414310346130",1,90533.404937182,90533.404937182,11.4134741769097
"636","52423323B12833551098527",1,95004.4656526928,95004.4656526928,11.4616791763483
"637","52423323B12945765623889",1,2366249.04590201,2366249.04590201,14.6768165782946
"638","52423323B13758082224669",1,11449.0175051662,11449.0175051662,9.34565919789165
"639","52423323B13977309866060",1,11014.7598421581,11014.7598421581,9.30699145619877
"640","52423323B1471868518532",1,29173.2751202782,29173.2751202782,10.2810083335656
"641","52423323B21015613646613",1,451189.368109545,451189.368109545,13.0196424153014
"642","52423323B21555121079401",1,23879.6718909133,23879.6718909133,10.0807828275006
"643","52423323B24644642941407",1,188278.862757622,188278.862757622,12.1456794553312
"644","52423323B25569178497638",1,77000.9529096069,77000.9529096069,11.2515730762087
"645","52423323B26821031365156",1,14438.0065031963,14438.0065031963,9.57761934912124
"646","52423323B27383971458976",1,19370.1119926453,19370.1119926453,9.87148653814196
"647","52423323B28238125667725",1,22071.0642654604,22071.0642654604,10.0020227203564
"648","52423323B29460047799431",1,7744.9287550736,7744.9287550736,8.9547935539802
"649","52423323B30629094750441",1,119382.079182667,119382.079182667,11.6900843780785
"650","52423323B30660787387820",1,251684.66409879,251684.66409879,12.4359322499814
"651","52423323B30823129244387",1,313560.166659964,313560.166659964,12.6557465398115
"652","52423323B31228113371343",1,4995.89566459656,4995.89566459656,8.51637198723968
"653","52423323B32700923685802",1,10107.0704303503,10107.0704303503,9.22099050052276
"654","52423323B33050228676147",1,34757.8479042032,34757.8479042032,10.456160664465
"655","52423323B33793433125252",1,14370.4044429995,14370.4044429995,9.57292612363174
"656","52423323B34545641874308",1,8946.28473600082,8946.28473600082,9.09899361178953
"657","52423323B35502407860174",1,41923.3271566133,41923.3271566133,10.6435976850394
"658","52423323B35608412080263",1,12113.7305316553,12113.7305316553,9.40209484291964
"659","52423323B36348632800300",1,18592.0766855864,18592.0766855864,9.83049078429817
"660","52423323B3691200212151",1,8823.68156509979,8823.68156509979,9.08519447291814
"661","52423323B3800654156797",1,40904.9556283944,40904.9556283944,10.6190064991995
"662","52423323B3829311906310",1,46854.9575716021,46854.9575716021,10.754812100032
"663","52423323B38780973615632",1,165586.915365962,165586.915365962,12.017251504321
"664","52423323B39569682722717",1,55450.2713069916,55450.2713069916,10.9232418855888
"665","52423323B40320593937866",1,160024.606731704,160024.606731704,11.9830828744643
"666","52423323B40358920448273",1,8966.36191312913,8966.36191312913,9.10123528896087
"667","52423323B40435366156553",1,9105.46922585964,9105.46922585964,9.11663052579919
"668","52423323B42496570047924",1,133493.186168843,133493.186168843,11.8018057155861
"669","52423323B44486980116087",1,45123.257289827,45123.257289827,10.7171530752734
"670","52423323B45605902717918",2,12131.0312910984,24262.0625821968,10.0966691987603
"671","52423323B46156622998042",1,38800.5532413686,38800.5532413686,10.5661897843079
"672","52423323B46696554081250",1,6898.47853157211,6898.47853157211,8.83905616360035
"673","52423323B47128133018764",1,226521.587942294,226521.587942294,12.3305955303669
"674","52423323B47137025507841",1,137971.39194409,137971.39194409,11.8348016378958
"675","52423323B47905601981877",1,9545.82527966802,9545.82527966802,9.16385919440945
"676","52423323B49915090646837",1,19451.5924231707,19451.5924231707,9.8756842183518
"677","52423323B51150866941712",1,5199.80822428261,5199.80822428261,8.55637702394379
"678","52423323B51899565145561",1,54780.0829247533,54780.0829247533,10.9110819565938
"679","52423323B52623684418934",1,56545.7078604177,56545.7078604177,10.9428045787595
"680","52423323B53512454602615",1,23037.7885606477,23037.7885606477,10.0448911275924
"681","52423323B54139086125962",1,95621.4849430349,95621.4849430349,11.4681528116876
"682","52423323B54982247892787",1,98720.3543937925,98720.3543937925,11.5000464290213
"683","52423323B55573357858971",1,15711.6948064718,15711.6948064718,9.66216060617391
"684","52423323B55756815925715",1,13349.3293300629,13349.3293300629,9.49922142511798
"685","52423323B57598865741188",1,11808.3148212135,11808.3148212135,9.37655920817297
"686","52423323B57744592027693",1,134308.157551523,134308.157551523,11.8078921219289
"687","52423323B57942162225750",1,95726.3152811792,95726.3152811792,11.4692485164567
"688","52423323B5794774245983",1,15585.06321562,15585.06321562,9.65406824837672
"689","52423323B58883260045522",1,258129.03097856,258129.03097856,12.4612148589573
"690","52423323B59070607035282",1,25102.4303115764,25102.4303115764,10.130719945595
"691","52423323B59284003127327",1,67706.1719485443,67706.1719485443,11.1229326208978
"692","52423323B60127042569296",1,227400.687957043,227400.687957043,12.3344688856108
"693","52423323B61032845323419",1,169685.765550206,169685.765550206,12.0417035676229
"694","52423323B61620821136351",1,622472.941190591,622472.941190591,13.3414554384093
"695","52423323B62704656861756",1,60540.6717522537,60540.6717522537,11.011070678521
"696","52423323B62898369623051",1,239575.559457761,239575.559457761,12.3866241344185
"697","52423323B63410184829220",1,20141.8197860717,20141.8197860717,9.91055351899657
"698","52423323B63738133159827",1,21367.2659469672,21367.2659469672,9.96961540128729
"699","52423323B63825786634762",1,12168.4823393435,12168.4823393435,9.40660447313898
"700","52423323B64112119736585",1,50704.7472306687,50704.7472306687,10.8337748189369
"701","52423323B65063199058226",1,92919.1876471743,92919.1876471743,11.4394854443491
"702","52423323B66062574427882",2,56347.0570357788,112694.114071558,11.6324324721472
"703","52423323B66089118468318",1,813244.251383688,813244.251383688,13.6087867756155
"704","52423323B67039522895977",2,129118.835448642,258237.670897284,12.461635644883
"705","52423323B67044193776379",1,104604.089330993,104604.089330993,11.5579379247913
"706","52423323B67559228618519",1,526341.436432858,526341.436432858,13.1737053998271
"707","52423323B68904174883849",1,8183.78872835978,8183.78872835978,9.00991049209294
"708","52423323B69501139245181",1,850323.046141663,850323.046141663,13.6533716105485
"709","52423323B69617253106645",1,20779.494256115,20779.494256115,9.94172192634525
"710","52423323B69820682895113",1,16330.5501003418,16330.5501003418,9.70079287188469
"711","52423323B69937594660811",2,95878.8240709577,191757.648141915,12.1639876044415
"712","52423323B70191096340294",1,56037.2350184568,56037.2350184568,10.9337716598057
"713","52423323B72025487819763",1,62113.973091951,62113.973091951,11.0367262521429
"714","52423323B72181240507499",1,11114.6515607104,11114.6515607104,9.31601947734285
"715","52423323B72880351816690",1,9426.84665623176,9426.84665623176,9.15131692481978
"716","52423323B734450842646",1,15329.0081946842,15329.0081946842,9.63750227275297
"717","52423323B73755605771607",1,11327.9555130634,11327.9555130634,9.33502888875978
"718","52423323B74434071620295",1,98681.0647205188,98681.0647205188,11.4996483602134
"719","52423323B7621511423784",1,61638.4739500855,61638.4739500855,11.0290415316663
"720","52423323B7774526001257",1,55234.596193657,55234.596193657,10.9193447785828
"721","52423323B7787272397887",1,21051.2272831204,21051.2272831204,9.95471414064708
"722","52423323B79488300167847",1,308685.774283582,308685.774283582,12.6400791267708
"723","52423323B8015598177606",2,33642.5699368783,67285.1398737566,11.1166946869987
"724","52423323B80552302614844",1,26274.2963033362,26274.2963033362,10.1763464134012
"725","52423323B80658823199099",2,60140.2810960247,120280.562192049,11.6975823111192
"726","52423323B81347355959648",1,8205.28656702934,8205.28656702934,9.01253392881671
"727","52423323B81362152802157",1,35826.8202430237,35826.8202430237,10.4864520607015
"728","52423323B81794137886783",1,18164.6602283039,18164.6602283039,9.80723323973519
"729","52423323B84079682288186",2,15242.2327031334,30484.4654062668,10.3249725019004
"730","52423323B84884093129235",1,13250.2969781985,13250.2969781985,9.49177524461213
"731","52423323B8509439867450",2,31471.8445116925,62943.689023385,11.0499957806483
"732","52423323B87493021835120",1,6274.70451087654,6274.70451087654,8.74428167299107
"733","52423323B89095979768241",1,16640.2533813654,16640.2533813654,9.71957994150478
"734","52423323B89464999427747",1,33439.9892270265,33439.9892270265,10.4175077450403
"735","52423323B90517976526133",1,46101.3375199848,46101.3375199848,10.7385972420126
"736","52423323B93110691068578",1,74200.7646346032,74200.7646346032,11.2145297341509
"737","52423323B94499029324325",1,20693.915712497,20693.915712497,9.93759500911596
"738","52423323B96446812738870",1,7700.00815723301,7700.00815723301,8.94897666722212
"739","52423323B96529923169881",1,16759.8743838284,16759.8743838284,9.72674287900968
"740","52423323B9721740762179",1,132888.472081262,132888.472081262,11.7972654996393
"741","52423323B97218068880690",1,25149.7262054898,25149.7262054898,10.132602289007
"742","52511910B10215199478646",1,43485.7132765898,43485.7132765898,10.6801877327085
"743","52511910B10855589670933",2,23980.0557943564,47960.1115887128,10.7781249358425
"744","52511910B1114695065436",1,209612.045916284,209612.045916284,12.2530137007523
"745","52511910B11437294536827",2,119582.825945736,239165.651891472,12.3849116949763
"746","52511910B1170609292065",2,25536.974564878,51073.949129756,10.8410298444327
"747","52511910B12166681712059",2,6767.5166030766,13535.0332061532,9.5130366553999
"748","52511910B12217989868885",2,30661.4892144878,61322.9784289756,11.0239099037073
"749","52511910B12240276172675",2,38819.2628273957,77638.5256547914,11.2598190475971
"750","52511910B1240337598967",1,26374.6172142204,26374.6172142204,10.1801573574681
"751","52511910B1281835166424",1,4244.70368361991,4244.70368361991,8.35342729268595
"752","52511910B132067886793",2,20914.8504118775,41829.700823755,10.6413619122174
"753","52511910B13267113488931",1,14672.5699405676,14672.5699405676,9.59373503920031
"754","52511910B13500089926277",2,23136.0858710175,46272.171742035,10.7422960170873
"755","52511910B1376149917055",2,25920.1195456023,51840.2390912046,10.8559219431144
"756","52511910B14295991899678",2,30762.1255937564,61524.2511875128,11.0271867043199
"757","52511910B1429973809191",2,16688.9809371247,33377.9618742494,10.4156511370608
"758","52511910B1435450581762",1,2792.46613077352,2792.46613077352,7.93468040223006
"759","52511910B14571669428725",2,7461.49071322187,14922.9814264437,9.61065768130453
"760","52511910B14763561478876",1,12642.0674818733,12642.0674818733,9.44478522092919
"761","52511910B14816404731270",1,91894.2365171124,91894.2365171124,11.4283935916558
"762","52511910B14944460308189",2,18790.1082231421,37580.2164462842,10.5342330325646
"763","52511910B14985671444346",1,137512.423735069,137512.423735069,11.8314695464439
"764","52511910B15112316927565",2,38185.4336145529,76370.8672291058,11.2433565834433
"765","52511910B15727969780764",2,75085.0909222846,150170.181844569,11.9195244755983
"766","52511910B16211515353621",1,15746.2442236832,15746.2442236832,9.66435715382883
"767","52511910B16548233454257",1,3890.76772439146,3890.76772439146,8.26636177559526
"768","52511910B16992601244944",1,71866.973566306,71866.973566306,11.1825720997429
"769","52511910B1724778943765",1,6049.15401793175,6049.15401793175,8.7076737095007
"770","52511910B17356876538254",1,49608.5206097182,49608.5206097182,10.8119178844457
"771","52511910B17390178466990",2,9380.92930238607,18761.8586047721,9.83958129040188
"772","52511910B17490321584859",1,147793.751287991,147793.751287991,11.9035730084428
"773","52511910B17517272780410",1,276388.808987617,276388.808987617,12.5295638815886
"774","52511910B17799667237096",2,11048.7150796209,22097.4301592418,10.0032165983573
"775","52511910B18270670997793",2,23485.6487292912,46971.2974585824,10.7572920017731
"776","52511910B1854707671717",1,169201.62046598,169201.62046598,12.0388463033305
"777","52511910B19191805182315",1,127498.4048955,127498.4048955,11.7558591328788
"778","52511910B19330386236783",2,40095.2846199342,80190.5692398684,11.292161196415
"779","52511910B19407638162060",1,2053.86710643093,2053.86710643093,7.6274796885078
"780","52511910B19586040436612",2,14199.8747047564,28399.7494095128,10.2541356005017
"781","52511910B2005519933546",1,46063.568156888,46063.568156888,10.7377776379575
"782","52511910B2055603825455",1,70838.8738417874,70838.8738417874,11.1681631945624
"783","52511910B21046020325533",2,15412.6278292894,30825.2556585788,10.3360896218693
"784","52511910B21260910933226",2,19879.1271379593,39758.2542759186,10.5905727532653
"785","52511910B21407702399528",2,609596.382872425,1219192.76574485,14.0136995302887
"786","52511910B21548483035565",2,9032.83823001536,18065.6764600307,9.8017690887722
"787","52511910B22102802824180",1,12338.9375700652,12338.9375700652,9.42051519732379
"788","52511910B2226983620167",2,91607.8727320853,183215.745464171,12.1184196743858
"789","52511910B22297779295169",2,18315.1688441719,36630.3376883438,10.5086320746314
"790","52511910B22417450396653",2,9595.15128957702,19190.302579154,9.86216035642064
"791","52511910B23437445078556",1,78412.5160103298,78412.5160103298,11.2697388365858
"792","52511910B24095937104675",2,9583.85861018912,19167.7172203782,9.86098274811323
"793","52511910B24217315836254",1,21012.5432868462,21012.5432868462,9.95287483776692
"794","52511910B2433100174245",2,84294.6373009248,168589.27460185,12.0352207080653
"795","52511910B24338772487994",2,7831.35080411284,15662.7016082257,9.65903747115504
"796","52511910B24425392494170",2,27725.9969977574,55451.9939955148,10.9232729523757
"797","52511910B24462040337349",2,39825.2152342945,79650.430468589,11.2854027198256
"798","52511910B24789968471650",1,325572.909315938,325572.909315938,12.6933417073024
"799","52511910B24890266463781",2,109570.226364445,219140.45272889,12.2974681398918
"800","52511910B24911018318465",1,80031.8252469622,80031.8252469622,11.2901796501354
"801","52511910B25870488928169",1,1542.43917320304,1542.43917320304,7.34112032109798
"802","52511910B26024129556324",2,102044.013295738,204088.026591476,12.2263066826551
"803","52511910B26321075911025",2,117977.992080364,235955.984160728,12.3714005588195
"804","52511910B26426295483490",2,40094.8186155202,80189.6372310404,11.292149573923
"805","52511910B26605642536320",2,15690.5963502049,31381.1927004098,10.3539640338633
"806","52511910B27035674370402",2,28139.7989153928,56279.5978307856,10.938087365339
"807","52511910B27691000187918",2,121823.619256187,243647.238512374,12.4034767143776
"808","52511910B27783301561641",2,1212.93915739848,2425.87831479696,7.79394892946486
"809","52511910B27876515321702",1,57434.8407322991,57434.8407322991,10.9584063795679
"810","52511910B28406755893597",2,6798.94021951102,13597.880439022,9.51766920950635
"811","52511910B28476693424992",2,67766.8684698462,135533.736939692,11.816975869416
"812","52511910B28710323112279",2,8737.435305371,17474.870610742,9.76851916282521
"813","52511910B29261340686380",2,7881.84225185928,15763.6845037186,9.66546412439466
"814","52511910B29325635095698",2,336237.216140002,672474.432280004,13.4187193708209
"815","52511910B30663215399885",2,73632.6894834495,147265.378966899,11.8999915372616
"816","52511910B30709967967550",2,113759.632788795,227519.26557759,12.3349901976452
"817","52511910B30715783231624",2,32642.2040930772,65284.4081861544,11.0865085147196
"818","52511910B30774246387934",1,24017.5891103264,24017.5891103264,10.0865417205019
"819","52511910B30880402907345",1,44596.4776010033,44596.4776010033,10.7054101573333
"820","52511910B3088598520620",2,42512.7936024484,85025.5872048968,11.3507075161132
"821","52511910B30921209280056",2,5051.760574283,10103.521148566,9.22063927064342
"822","52511910B3092467574862",1,36099.3678694559,36099.3678694559,10.4940306336263
"823","52511910B30977236715140",2,111067.512541995,222135.02508399,12.311040697062
"824","52511910B31003231188752",2,21537.6086636385,43075.217327277,10.6707031067061
"825","52511910B3118715998086",2,4683.50180391388,9367.00360782776,9.14494853837269
"826","52511910B31268860247424",1,109699.952220195,109699.952220195,11.6055042107135
"827","52511910B31717620625581",2,24240.6999923629,48481.3999847258,10.788935497899
"828","52511910B3173449865557",2,27341.1285308065,54682.257061613,10.9092945676307
"829","52511910B31970606922462",2,28194.2358172917,56388.4716345834,10.9400200129507
"830","52511910B32484376841800",1,4153.83765904479,4153.83765904479,8.33178792303801
"831","52511910B32855735947523",2,23070.302173509,46140.604347018,10.7394486297568
"832","52511910B33100646615087",2,60477.389767256,120954.779534512,11.7031720318718
"833","52511910B33929030594907",2,104054.191543132,208108.383086264,12.2458142955024
"834","52511910B34768840903386",2,86023.5381751646,172047.076350329,12.0555234180579
"835","52511910B3516463668472",2,1819.62748050189,3639.25496100378,8.19953425863785
"836","52511910B35262105049161",1,43215.4135099952,43215.4135099952,10.6739525048091
"837","52511910B3549258104854",2,17437.4904732546,34874.9809465092,10.4595249727869
"838","52511910B3606287647189",1,17683.012905102,17683.012905102,9.78035973485746
"839","52511910B36399926613491",1,326650.320369295,326650.320369295,12.6966455210408
"840","52511910B36549244443661",1,3421.902589209,3421.902589209,8.13795198800635
"841","52511910B37391519791178",2,35460.336765612,70920.673531224,11.1693172571992
"842","52511910B37639564414460",1,41226.5314444273,41226.5314444273,10.6268372951775
"843","52511910B37647459697968",1,27053.5549774408,27053.5549774408,10.2055736980957
"844","52511910B38062779232785",2,2556.48002017432,5112.96004034864,8.53953377974507
"845","52511910B38320737099141",2,8883.59280449517,17767.1856089903,9.78510852982044
"846","52511910B38482668702502",2,227226.961974611,454453.923949222,13.0268518100112
"847","52511910B39055948947966",2,3611.02486347222,7222.04972694444,8.88489408729479
"848","52511910B39647585180353",1,76774.1046670213,76774.1046670213,11.2486226834634
"849","52511910B398222474379",2,2310.99407048926,4621.98814097852,8.438580225054
"850","52511910B3988585053627",2,1137.37209560969,2274.74419121938,7.72962288164276
"851","52511910B39925062868722",1,29069.6562285141,29069.6562285141,10.2774501678385
"852","52511910B4018321552262",1,19824.2688663372,19824.2688663372,9.89466216644529
"853","52511910B4023851996912",2,11413.0478890639,22826.0957781278,10.0356597121149
"854","52511910B40379944508344",2,18946.860962522,37893.721925044,10.5425407289336
"855","52511910B40704082736400",1,176133.31182452,176133.31182452,12.0789964408455
"856","52511910B40762326804108",2,16491.8410023595,32983.682004719,10.4037682334453
"857","52511910B40907976300093",2,113332.842982716,226665.685965432,12.3312314618517
"858","52511910B40932238962124",2,1902.45491026998,3804.90982053996,8.24404756976262
"859","52511910B41349980343036",2,40097.931480046,80195.862960092,11.2922272084854
"860","52511910B41569626445575",2,43007.2660203116,86014.5320406232,11.3622715381772
"861","52511910B41832053670190",2,84628.9006701562,169257.801340312,12.0391782833035
"862","52511910B41847670787440",2,1241.55807461353,2483.11614922706,7.81726956219385
"863","52511910B41918855057041",2,50566.2746039549,101132.54920791,11.5241873038158
"864","52511910B42295955196197",1,26875.146655866,26875.146655866,10.1989572223775
"865","52511910B42739382471676",1,62400.0127877693,62400.0127877693,11.0413207592897
"866","52511910B43288181316884",2,55102.2926397145,110204.585279429,11.6100937835416
"867","52511910B43412485397625",2,49598.5161915756,99197.0323831512,11.5048633773331
"868","52511910B43880613502989",2,26358.1884755688,52716.3769511376,10.8726814443403
"869","52511910B44183742195819",1,195976.209510502,195976.209510502,12.185748550797
"870","52511910B44653158831279",2,71157.2749804737,142314.549960947,11.8657950273467
"871","52511910B45067846009416",1,320983.294015042,320983.294015042,12.679144357191
"872","52511910B45111644423638",2,206071.469924688,412142.939849376,12.9291255095434
"873","52511910B45186727587827",2,143915.882306371,287831.764612742,12.5701314377854
"874","52511910B45758904415578",2,46138.0807954521,92276.1615909042,11.4325411161788
"875","52511910B46327040282414",2,159501.589593255,319003.17918651,12.6729563478192
"876","52511910B46580896438278",2,20670.9064033125,41341.812806625,10.6296296834264
"877","52511910B46875128491",1,148779.981645664,148779.981645664,11.9102238603797
"878","52511910B47006759189229",2,44948.4415867068,89896.8831734136,11.40641854993
"879","52511910B47117449404442",2,14285.2896299869,28570.5792599738,10.2601327701321
"880","52511910B47244734334087",1,5868.38586388635,5868.38586388635,8.67733489440947
"881","52511910B47715712995546",1,158786.695033118,158786.695033118,11.9753170398589
"882","52511910B47928826922149",1,1406.59859397204,1406.59859397204,7.2489297242801
"883","52511910B4802898208422",1,22910.5902425022,22910.5902425022,10.039354538647
"884","52511910B48556697809502",1,36883.069648365,36883.069648365,10.5155079076224
"885","52511910B4874504546565",1,238931.505296073,238931.505296073,12.3839322011199
"886","52511910B48822656668811",1,5696.58891344075,5696.58891344075,8.64762283844974
"887","52511910B49041277824691",2,2710.17033108639,5420.34066217278,8.59791394525794
"888","52511910B49192689587509",1,8393.62059880353,8393.62059880353,9.03522724377786
"889","52511910B49246730473855",2,52900.2710951928,105800.542190386,11.569310923066
"890","52511910B49284203349487",1,25281.4774405338,25281.4774405338,10.1378272896122
"891","52511910B49336497562900",2,132333.131839694,264666.263679388,12.486224928938
"892","52511910B49397347460294",2,19252.2451928629,38504.4903857258,10.5585301468702
"893","52511910B4946947315760",2,89535.5484063984,179071.096812797,12.0955381948626
"894","52511910B49492134849249",1,67464.5328623701,67464.5328623701,11.1193572996931
"895","52511910B49637011657057",1,41600.1176868408,41600.1176868408,10.6358582752559
"896","52511910B4969786063416",2,10933.3188678706,21866.6377357412,9.99271736320258
"897","52511910B49699122775209",2,12940.3631860911,25880.7263721822,10.1612538151523
"898","52511910B49735999236113",2,8075.6512433428,16151.3024866856,9.6897559747292
"899","52511910B50234287801955",1,24661.309332213,24661.309332213,10.1129908706946
"900","52511910B50474008293669",1,245320.57662754,245320.57662754,12.4103211102489
"901","52511910B50770239456778",1,37623.6735905549,37623.6735905549,10.5353887480226
"902","52511910B51634678228857",2,162037.93601988,324075.87203976,12.6887329403225
"903","52511910B51671938708352",2,5486.28051556181,10972.5610311236,9.30315298373636
"904","52511910B5173446134858",1,31731.429371021,31731.429371021,10.365062931499
"905","52511910B52040400722593",2,40222.0118975534,80444.0237951068,11.2953168649516
"906","52511910B52167757698823",2,31198.2679251426,62396.5358502852,11.0412650375967
"907","52511910B52234359951443",2,44176.0371953467,88352.0743906934,11.3890849567104
"908","52511910B52477730632252",2,24523.3451492695,49046.690298539,10.8005279866423
"909","52511910B53055897182204",2,14457.4967998516,28914.9935997032,10.2721155492436
"910","52511910B53442502489936",2,165957.225619994,331914.451239988,12.7126325377062
"911","52511910B53659520741831",1,55554.6751238972,55554.6751238972,10.9251229521727
"912","52511910B53728166380969",1,19957.2211617478,19957.2211617478,9.90134631982009
"913","52511910B54123288304078",2,24220.255999272,48440.511998544,10.7880917673582
"914","52511910B54132966107148",2,54705.4732510217,109410.946502043,11.6028662233981
"915","52511910B54429610497624",1,163448.777439541,163448.777439541,12.004254932403
"916","52511910B54492038659997",2,26181.1891832376,52362.3783664752,10.8659436423397
"917","52511910B54544949915679",2,117874.37623339,235748.75246678,12.3705219087183
"918","52511910B54921877123299",2,22096.0234321562,44192.0468643124,10.696300116679
"919","52511910B55440888068193",2,4565.61884768414,9131.23769536828,9.11945652796828
"920","52511910B55503333028627",2,30644.0910682452,61288.1821364904,11.0233423160055
"921","52511910B55551570232595",2,53062.7246054241,106125.449210848,11.5723771564513
"922","52511910B55567443002533",2,6278.8659631795,12557.731926359,9.43809184460427
"923","52511910B55591891530874",2,11216.7690653462,22433.5381306924,10.0183123560772
"924","52511910B558444185686",2,73648.4161763938,147296.832352788,11.9002050974862
"925","52511910B56209015841977",1,145321.849923441,145321.849923441,11.886706216253
"926","52511910B56958480946992",2,79029.3569773865,158058.713954773,11.9707218502889
"927","52511910B57035161982504",1,180440.016441219,180440.016441219,12.1031536826397
"928","52511910B57239711193520",1,52076.5964775763,52076.5964775763,10.8604709229339
"929","52511910B57344020400583",2,317963.608972116,635927.217944232,13.3628393985792
"930","52511910B57885575775117",1,181318.765938675,181318.765938675,12.1080118990459
"931","52511910B57972476709593",2,15222.4791823856,30444.9583647712,10.3236756884862
"932","52511910B58011485138839",1,3987.03408822623,3987.03408822623,8.29080289718835
"933","52511910B5845387986633",1,7596.04983435345,7596.04983435345,8.93538363251538
"934","52511910B58943778362560",2,13344.9512710339,26689.9025420678,10.1920405909145
"935","52511910B59176200579981",2,24565.2862506464,49130.5725012928,10.8022367778791
"936","52511910B59203276225690",2,5346.07889180615,10692.1577836123,9.27726583431531
"937","52511910B59245920767717",1,10501.729363497,10501.729363497,9.25929522386927
"938","52511910B59360103371589",2,8548.57650526197,17097.1530105239,9.74666723801702
"939","52511910B59553354826271",2,10159.9550140896,20319.9100281792,9.91935647393553
"940","52511910B59671861776280",2,10087.4624759608,20174.9249519216,9.91219577327604
"941","52511910B59824272814460",1,66352.7062039083,66352.7062039083,11.1027398257245
"942","52511910B60061263127196",2,28156.4510586839,56312.9021173678,10.9386789551442
"943","52511910B60889717547120",2,196516.294061132,393032.588122264,12.8816478088443
"944","52511910B61192023784720",2,15405.3245657672,30810.6491315344,10.3356156602274
"945","52511910B61439489120441",1,59768.1522568017,59768.1522568017,10.9982282271159
"946","52511910B6162382764157",1,260275.459895988,260275.459895988,12.4694958103032
"947","52511910B61676244874246",2,20648.384254489,41296.768508978,10.6285395315532
"948","52511910B61790844495814",2,23838.2929452807,47676.5858905614,10.7721956945312
"949","52511910B62556379472396",2,6116.99206125288,12233.9841225058,9.41197294198458
"950","52511910B62562257240113",1,114945.391333045,114945.391333045,11.6522124365911
"951","52511910B62922031863482",2,5976.10173590439,11952.2034718088,9.38867093130808
"952","52511910B63167976390159",1,16651.6517802037,16651.6517802037,9.72026469650624
"953","52511910B63745543652662",2,52297.3664047628,104594.732809526,11.5578484737956
"954","52511910B6389603869041",2,490605.470552829,981210.941105658,13.7965427420439
"955","52511910B648094459248",2,51673.135740316,103346.271480632,11.5458404878325
"956","52511910B65003852157868",2,12280.4631691562,24560.9263383124,10.1089120989078
"957","52511910B65196754917234",1,63394.2228164477,63394.2228164477,11.0571280135044
"958","52511910B65674101735888",2,26995.3039064308,53990.6078128616,10.8965653810275
"959","52511910B65736953470193",2,14436.8259987693,28873.6519975386,10.2706847626664
"960","52511910B66300742055958",2,9287.46127121594,18574.9225424319,9.82956769958706
"961","52511910B66393591343605",2,23682.6864888416,47365.3729776832,10.7656467128207
"962","52511910B66525116512935",1,27289.9252763587,27289.9252763587,10.2142728755659
"963","52511910B66692058551395",2,79866.1007149074,159732.201429815,11.9812539508828
"964","52511910B67044835484249",1,30840.1760742163,30840.1760742163,10.3365735369417
"965","52511910B67072521171420",2,3951.92275100481,7903.84550200962,8.97510469242614
"966","52511910B67244265985329",2,45877.5977779208,91755.1955558416,11.4268793916252
"967","52511910B67503722299641",2,123741.369457336,247482.738914672,12.4190961167999
"968","52511910B67569609565838",1,86555.3945401683,86555.3945401683,11.3685398872601
"969","52511910B67622492960002",2,23710.7361880485,47421.472376097,10.7668304088231
"970","52511910B68145786967648",2,75365.5616266923,150731.123253385,11.9232528878659
"971","52511910B68305869820707",2,39006.5595471511,78013.1190943022,11.2646322850455
"972","52511910B68505135665197",2,401906.164810875,803812.32962175,13.5971211000457
"973","52511910B68559401871490",2,139143.45378643,278286.90757286,12.5364079021129
"974","52511910B68600157990452",1,11960.058850174,11960.058850174,9.38932794807563
"975","52511910B69050472249631",2,16592.5351749705,33185.070349941,10.4098553655097
"976","52511910B69477070610060",2,4064.41942471716,8128.83884943432,9.00317336939388
"977","52511910B70153095650041",2,3694.67312338506,7389.34624677012,8.90779454545123
"978","52511910B70290379794397",2,61695.352060837,123390.704121674,11.7231110563491
"979","52511910B70456030054544",2,1403.16451638167,2806.32903276334,7.93963251421679
"980","52511910B70473175587181",2,4456.53397086384,8913.06794172768,9.09527378686927
"981","52511910B71032150875325",1,12617.2677177289,12617.2677177289,9.44282160851287
"982","52511910B71538284073489",2,3696.64387309306,7393.28774618612,8.908327806237
"983","52511910B71690687423925",2,17782.0826240613,35564.1652481226,10.4790938157301
"984","52511910B72557613719767",2,292211.132327082,584422.264654164,13.278379056446
"985","52511910B73336698759549",2,32821.6728315369,65643.3456630738,11.0919915137874
"986","52511910B75183314272458",1,37987.687845451,37987.687845451,10.5450173821408
"987","52511910B75402986028359",2,79636.683343216,159273.366686432,11.9783772922558
"988","52511910B76288634877329",1,50623.7905642839,50623.7905642839,10.8321769140352
"989","52511910B76622709081814",2,1948.10121899599,3896.20243799198,8.26775762388275
"990","52511910B76643025216805",1,227235.732169033,227235.732169033,12.333743225334
"991","52511910B76864499188928",2,4583.01631389837,9166.03262779674,9.12325982471763
"992","52511910B77222989775801",2,5401.8864518552,10803.7729037104,9.28765069504242
"993","52511910B77517078586613",1,88397.1061372096,88397.1061372096,11.3895945120855
"994","52511910B77588417233313",2,32189.3376882025,64378.675376405,11.072537729562
"995","52511910B7774942695724",1,22293.4176558831,22293.4176558831,10.0120467414943
"996","52511910B78140930961679",2,2620.34318047246,5240.68636094492,8.56420775365047
"997","52511910B78362812420952",1,205541.91262732,205541.91262732,12.2334052465134
"998","52511910B78382154896940",2,1751.22447595764,3502.44895191528,8.16121770334843
"999","52511910B7838707993704",1,22577.9952362426,22577.9952362426,10.0247310488304
"1000","52511910B78526013910080",2,7777.12591017061,15554.2518203412,9.65208930919334
"1001","52511910B78624558885304",2,63883.115187347,127766.230374694,11.7579575479389
"1002","52511910B79023193352255",1,34594.0171259396,34594.0171259396,10.4514360306589
"1003","52511910B79239618011253",2,190757.872243348,381515.744486696,12.8519073988071
"1004","52511910B79351211043156",1,86379.1634992939,86379.1634992939,11.366501762505
"1005","52511910B79904820365756",1,34245.1359439401,34245.1359439401,10.4412998173698
"1006","52511910B79940153361499",2,16103.3554953684,32206.7109907368,10.3799301256783
"1007","52511910B80020209032330",1,46008.3002586501,46008.3002586501,10.7365770995993
"1008","52511910B80553421723016",1,87376.2906148001,87376.2906148001,11.3779792504119
"1009","52511910B80611967822771",1,31545.3682063713,31545.3682063713,10.3591820491531
"1010","52511910B80613047181881",2,14231.8692689453,28463.7385378906,10.2563862241513
"1011","52511910B80624224978544",1,13756.8989642488,13756.8989642488,9.52929572011832
"1012","52511910B81270804246754",2,32373.270651039,64746.541302078,11.078235561951
"1013","52511910B81672195550340",2,105660.736747046,211321.473494092,12.2611358240634
"1014","52511910B81807770672257",2,451121.554470385,902243.10894077,13.7126392848375
"1015","52511910B81868017791126",2,13507.1510439758,27014.3020879516,10.2041217117024
"1016","52511910B82181877276071",2,23011.5602876035,46023.120575207,10.7368991703997
"1017","52511910B82353065981408",2,9277.03406203408,18554.0681240682,9.82844434987125
"1018","52511910B82588790657213",2,11857.0496938176,23714.0993876352,10.0738250611046
"1019","52511910B82760897224923",1,26191.6150139059,26191.6150139059,10.173194600889
"1020","52511910B83187520966287",2,78639.5461820136,157279.092364027,11.9657771645354
"1021","52511910B83254623159264",1,77443.6645452232,77443.6645452232,11.257306041921
"1022","52511910B83654747413473",1,72450.2685900728,72450.2685900728,11.1906556549893
"1023","52511910B8366046265197",2,1226.04523435193,2452.09046870386,7.80469619225795
"1024","52511910B83755823779571",2,27635.1759960577,55270.3519921154,10.9199919133997
"1025","52511910B84130893113897",2,185045.170066917,370090.340133834,12.8215024173415
"1026","52511910B84254778922177",2,2946.94361626088,5893.88723252176,8.68167103052583
"1027","52511910B8433520860340",1,12963.9326233174,12963.9326233174,9.46992636703391
"1028","52511910B8555120582575",1,80891.6969833504,80891.6969833504,11.3008664646935
"1029","52511910B85663060935330",2,42630.1523932992,85260.3047865984,11.3534642651028
"1030","52511910B85672644454395",2,201800.702532169,403601.405064338,12.9081830487844
"1031","52511910B85706759339541",2,32747.5124862256,65495.0249724512,11.0897294641196
"1032","52511910B86399036189677",2,22173.4204306641,44346.8408613282,10.6997967532125
"1033","52511910B8640641883305",2,12660.7926539655,25321.585307931,10.1394124851959
"1034","52511910B86463604693023",2,23586.7397869406,47173.4795738812,10.7615871402289
"1035","52511910B86635109020715",2,9406.48247553571,18812.9649510714,9.84230153619294
"1036","52511910B86664130512952",1,4138.04318014677,4138.04318014677,8.32797829327926
"1037","52511910B86675185737242",2,141153.792788127,282307.585576254,12.5507524845014
"1038","52511910B86901151057582",2,35190.1115076436,70380.2230152872,11.1616675796015
"1039","52511910B8694284014765",2,23471.277663185,46942.55532637,10.756679906065
"1040","52511910B87526029786391",1,12503.2570290814,12503.2570290814,9.43374445167644
"1041","52511910B87738681480797",2,2272.68744864226,4545.37489728452,8.42186548886098
"1042","52511910B88737921309662",1,254809.06507228,254809.06507228,12.448269779254
"1043","52511910B89393531563013",1,119889.561966361,119889.561966361,11.6943262810655
"1044","52511910B89557374460695",2,2415.62688130316,4831.25376260632,8.48286129114139
"1045","52511910B90052363141845",2,8622.55454412078,17245.1090882416,9.75528385114053
"1046","52511910B9027234137610",2,22304.8458490183,44609.6916980366,10.7057064170479
"1047","52511910B9049907467318",1,2722.21937869222,2722.21937869222,7.90920277463401
"1048","52511910B90712224530022",2,80740.8506866281,161481.701373256,11.9921471110351
"1049","52511910B90795941917739",1,8518.15178640755,8518.15178640755,9.04995466981342
"1050","52511910B90991611037176",2,3013.91518107775,6027.8303621555,8.704142417704
"1051","52511910B91175598455743",2,17638.5578110536,35277.1156221072,10.4709897500355
"1052","52511910B91354507826004",2,187611.794734492,375223.589468984,12.8352773658569
"1053","52511910B92065650444302",2,77119.0897214924,154238.179442985,11.9462533063708
"1054","52511910B92188863099631",1,61961.2419579439,61961.2419579439,11.0342643388416
"1055","52511910B92709587856848",2,43248.0643527918,86496.1287055836,11.3678549370697
"1056","52511910B92990516943265",1,65388.6714178368,65388.6714178368,11.0881043025302
"1057","52511910B93540688501820",2,46492.1154912052,92984.2309824104,11.4401851984297
"1058","52511910B93844416805291",2,34146.7049864812,68293.4099729624,11.1315685544171
"1059","52511910B93975188491166",2,8114.70080393949,16229.401607879,9.69457979032056
"1060","52511910B94067910328765",2,30922.9379602477,61845.8759204954,11.0324006968666
"1061","52511910B94409074074623",2,11271.3588766484,22542.7177532968,10.0231673550057
"1062","52511910B94458762678017",2,36054.1106095669,72108.2212191338,11.1859233420034
"1063","52511910B94488542881377",1,39571.1896964671,39571.1896964671,10.5858565995446
"1064","52511910B94627775761425",2,36953.4845643828,73906.9691287656,11.2105624073446
"1065","52511910B94675128167590",2,208409.126177401,416818.252354802,12.9404055601007
"1066","52511910B95098417504855",2,25249.8341866196,50499.6683732392,10.8297220483753
"1067","52511910B95362195406961",1,110215.047104999,110215.047104999,11.6101887099823
"1068","52511910B95398494564210",2,22714.5585348749,45429.1170697498,10.7239085236042
"1069","52511910B954183777842",1,136214.221172245,136214.221172245,11.8219840811399
"1070","52511910B95850947838113",2,38321.2878459111,76642.5756918222,11.2469080197499
"1071","52511910B95876228816034",2,17267.2076489022,34534.4152978044,10.4497116506661
"1072","52511910B95956240331763",1,73385.0020129336,73385.0020129336,11.2034748614751
"1073","52511910B96063333949316",1,26998.789907933,26998.789907933,10.2035473257574
"1074","52511910B96194264601254",1,289810.215841412,289810.215841412,12.576981559598
"1075","52511910B9639721186799",2,18688.488657313,37376.977314626,10.5288102140327
"1076","52511910B96811995525646",1,6828.14378219381,6828.14378219381,8.82880814142458
"1077","52511910B97040583536387",2,260715.254200823,521430.508401646,13.1643312912393
"1078","52511910B97060806511909",2,15291.1470711938,30582.2941423876,10.3281764976759
"1079","52511910B97228601381981",2,90334.0053100283,180668.010620057,12.1044164305824
"1080","52511910B97258167764484",1,161887.357637767,161887.357637767,11.9946560491416
"1081","52511910B97596648855860",2,13519.0281520785,27038.056304157,10.2050006453305
"1082","52511910B98030585757527",2,204724.763609576,409449.527219152,12.9225689200247
"1083","52511910B98629971413037",1,149526.176347781,149526.176347781,11.9152267491133
"1084","52511910B98838605252897",1,132516.546068266,132516.546068266,11.794462792599
"1085","52511910B98966812491458",2,10939.394374865,21878.78874973,9.99327289621609
"1086","52511910B99182661436347",2,12675.6188032332,25351.2376064664,10.1405828285955
"1087","52511910B99479800826846",2,23727.2479016669,47454.4958033338,10.767526547776
"1088","52511910B99923381863543",1,294970.482100365,294970.482100365,12.5946305696388
"1089","54806243B13253322740036",1,65497.48672674,65497.48672674,11.089767050303
"1090","54806243B20325716676417",1,31677.6396722767,31677.6396722767,10.3633663378584
"1091","54806243B29706107619641",1,57923.8968536444,57923.8968536444,10.9668853047281
"1092","54806243B32788033784925",1,52717.5735333497,52717.5735333497,10.8727041425737
"1093","54806243B33031915083472",1,23305.161326156,23305.161326156,10.0564301311667
"1094","54806243B33951699195054",1,40722.7541240203,40722.7541240203,10.6145422845959
"1095","54806243B34270486399712",1,11562.3706042522,11562.3706042522,9.35551119077447
"1096","54806243B35182777115371",1,23348.9061369272,23348.9061369272,10.0583054156154
"1097","54806243B4321376255205",1,30107.2869929402,30107.2869929402,10.3125225142259
"1098","54806243B43927962205569",1,32959.8905384734,32959.8905384734,10.4030466629764
"1099","54806243B53165803906009",1,19298.8633165633,19298.8633165633,9.86780147764371
"1100","54806243B5714719739337",1,33768.0978669997,33768.0978669997,10.4272717856754
"1101","54806243B58304199894051",1,23393.4583255766,23393.4583255766,10.0602117035259
"1102","54806243B60589909949594",1,82571.9724474911,82571.9724474911,11.3214255853118
"1103","54806243B63439547813391",1,24294.9426122494,24294.9426122494,10.0980234847154
"1104","54806243B67434402908614",1,90378.3446862805,90378.3446862805,11.4117599677531
"1105","54806243B69269956902772",1,18153.0002187657,18153.0002187657,9.80659112734165
"1106","54806243B71027577228634",1,28288.9242851736,28288.9242851736,10.2502256390118
"1107","54806243B74103700383879",1,56622.0640578464,56622.0640578464,10.9441540125731
"1108","54806243B75063146976266",1,59098.342923569,59098.342923569,10.9869581644828
"1109","54806243B81764189920693",1,53291.0204178037,53291.0204178037,10.8835231234994
"1110","54806243B822466577686",1,35202.6701206056,35202.6701206056,10.4688772144083
"1111","54806243B87203647312357",1,54872.4604706391,54872.4604706391,10.9127668708672
"1112","54806243B89644559951637",1,53324.8357945303,53324.8357945303,10.8841574640011
"1113","54806243B94049695907039",1,14596.9505358085,14596.9505358085,9.58856791847022
"1114","54806243B98474683656009",1,91789.8018413076,91789.8018413076,11.4272564793842
"1115","54806243B99533755262624",1,65042.809285779,65042.809285779,11.0828009364897
"1116","54806243B99884801714166",1,66778.8419318549,66778.8419318549,11.1091415718057
"1117","57096268B177802279293",1,69017.4258010904,69017.4258010904,11.1421142995364
"1118","57096268B71612732443021",1,46287.1352646943,46287.1352646943,10.7426193454111
"1119","5873133B10619392934553",1,16444.4647448055,16444.4647448055,9.70774420989069
"1120","5873133B10835743668931",1,16301.0066779209,16301.0066779209,9.69898214426947
"1121","5873133B11463526340126",1,35774.8477697201,35774.8477697201,10.4850003492016
"1122","5873133B11513938910004",1,35444.4940660129,35444.4940660129,10.4757232044113
"1123","5873133B11959666540716",1,25228.8842330178,25228.8842330178,10.1357448168371
"1124","5873133B12097804140145",2,16246.5140777183,32493.0281554366,10.3887808270112
"1125","5873133B14255448334282",1,34228.0111919533,34228.0111919533,10.4407996285203
"1126","5873133B14454086811136",1,25205.6426871837,25205.6426871837,10.1348231645921
"1127","5873133B15646893795596",1,21442.394531864,21442.394531864,9.97312529420326
"1128","5873133B16730843557945",1,23332.7970255664,23332.7970255664,10.0576152474807
"1129","5873133B16918470579073",1,22450.7807122736,22450.7807122736,10.0190806681681
"1130","5873133B16930759140678",1,24789.9597286197,24789.9597286197,10.1181940005269
"1131","5873133B17042866960097",1,26752.6047251058,26752.6047251058,10.1943871204849
"1132","5873133B18707060070656",2,17125.0491335321,34250.0982670642,10.4414447127976
"1133","5873133B19257398273373",1,10098.0709979722,10098.0709979722,9.2200996942886
"1134","5873133B19400646094396",1,18010.0617112145,18010.0617112145,9.79868586466133
"1135","5873133B2000011981509",1,45441.0476417636,45441.0476417636,10.7241711086258
"1136","5873133B22694450243518",1,21343.1221894282,21343.1221894282,9.96848482106247
"1137","5873133B2483267720769",1,17796.8258381694,17796.8258381694,9.78677539668027
"1138","5873133B25090004397750",1,23290.3502363989,23290.3502363989,10.0557944008245
"1139","5873133B25639176820798",1,24558.7544723396,24558.7544723396,10.1088236673081
"1140","5873133B25756375031462",1,32908.0531763516,32908.0531763516,10.4014726841971
"1141","5873133B26556088806881",1,22268.2360513626,22268.2360513626,10.0109165497216
"1142","5873133B28056966648510",1,14038.5043195822,14038.5043195822,9.5495591419608
"1143","5873133B29107056882514",1,22016.2167902102,22016.2167902102,9.99953458762364
"1144","5873133B31018509161138",1,29228.0980745432,29228.0980745432,10.2828857884051
"1145","5873133B31102930937386",1,24623.7168556079,24623.7168556079,10.1114653572962
"1146","5873133B31894390357020",1,34508.5803097315,34508.5803097315,10.4489632767275
"1147","5873133B32019280992122",1,21378.4260427257,21378.4260427257,9.97013756366168
"1148","5873133B32465812463029",1,22113.7412470849,22113.7412470849,10.0039544701695
"1149","5873133B33035753150692",1,26920.7927389806,26920.7927389806,10.2006542312813
"1150","5873133B33667997151224",1,9286.87886248462,9286.87886248462,9.13635780791842
"1151","5873133B34299058506876",1,21150.3337951742,21150.3337951742,9.95941096662762
"1152","5873133B36266904868513",1,26237.93113451,26237.93113451,10.1749613959905
"1153","5873133B36799193613940",1,21109.4544405513,21109.4544405513,9.95747629685855
"1154","5873133B37999422461820",2,28077.6257701749,56155.2515403498,10.9358754827807
"1155","5873133B39771401556272",1,31230.5369306951,31230.5369306951,10.349151642915
"1156","5873133B40533987579120",2,24009.6903125817,48019.3806251634,10.7793599714239
"1157","5873133B40874438019884",1,15555.4773464779,15555.4773464779,9.65216809651616
"1158","5873133B42625878328180",1,18669.1997211055,18669.1997211055,9.83463037118779
"1159","5873133B44543417312152",1,40977.2703468834,40977.2703468834,10.6207728101767
"1160","5873133B45829912982707",2,25323.3112431509,50646.6224863018,10.8326278240635
"1161","5873133B46430887417549",1,26726.5502357041,26726.5502357041,10.1934127411596
"1162","5873133B47178775343132",1,16386.6730950875,16386.6730950875,9.7042236673076
"1163","5873133B47279722730616",1,26014.6634696691,26014.6634696691,10.1664156376296
"1164","5873133B47425584420404",1,23955.8166091601,23955.8166091601,10.0839664380353
"1165","5873133B47562740874876",1,12915.4905093745,12915.4905093745,9.46618268462866
"1166","5873133B47700529765173",1,22021.6520104843,22021.6520104843,9.99978143064533
"1167","5873133B47724630895547",1,27048.0358267816,27048.0358267816,10.2053696689499
"1168","5873133B47995310482599",1,19336.5255089283,19336.5255089283,9.86975109976165
"1169","5873133B48901885331675",1,20597.0319535061,20597.0319535061,9.93290226447027
"1170","5873133B49467827523795",1,30318.2263016399,30318.2263016399,10.3195043387589
"1171","5873133B49845781008100",1,22157.5690125884,22157.5690125884,10.0059344332456
"1172","5873133B49983124461260",1,19260.5651770936,19260.5651770936,9.86581502952664
"1173","5873133B50268153868150",1,29040.5414509499,29040.5414509499,10.2764481137701
"1174","5873133B51577512339475",1,20716.7906012739,20716.7906012739,9.93869979061523
"1175","5873133B51648159491846",1,15517.8236069277,15517.8236069277,9.64974455239146
"1176","5873133B52619752343390",1,39277.2675743248,39277.2675743248,10.578401197277
"1177","5873133B53714472852508",1,29019.7207467705,29019.7207467705,10.2757309036066
"1178","5873133B54360294204800",1,25587.2128308448,25587.2128308448,10.1498480068814
"1179","5873133B57214711560854",1,29028.4749352408,29028.4749352408,10.2760325215444
"1180","5873133B57447435904726",1,19233.0583883528,19233.0583883528,9.86438586849295
"1181","5873133B60046508730190",1,9591.15544017426,9591.15544017426,9.16859664447539
"1182","5873133B62819927990234",1,15302.7284779818,15302.7284779818,9.63578642337552
"1183","5873133B63179188649411",1,29820.1958747084,29820.1958747084,10.3029411568655
"1184","5873133B63636578816304",1,16742.934835616,16742.934835616,9.72573164741146
"1185","5873133B63806445794843",2,23650.1356529449,47300.2713058898,10.7642713103175
"1186","5873133B64230948512776",2,17911.3557507557,35822.7115015114,10.4863373707261
"1187","5873133B64283034933999",1,21408.4259822106,21408.4259822106,9.97153986100216
"1188","5873133B64566250281518",1,9013.21221707303,9013.21221707303,9.10644680394359
"1189","5873133B65409503618015",1,30224.7805478223,30224.7805478223,10.3164174148387
"1190","5873133B65696194477644",1,21138.9920582604,21138.9920582604,9.95887457892426
"1191","5873133B65979893592853",1,25619.3382219795,25619.3382219795,10.1511027445933
"1192","5873133B66186119395880",2,13169.1266470105,26338.253294021,10.1787776592799
"1193","5873133B68451217430396",1,20902.5648565521,20902.5648565521,9.94762715083256
"1194","5873133B68826952408481",1,14866.3277426744,14866.3277426744,9.60685405150222
"1195","5873133B69138340953371",1,31347.3794417593,31347.3794417593,10.3528859521927
"1196","5873133B69148251137192",1,20327.6108138641,20327.6108138641,9.91973537949324
"1197","5873133B69749427395931",2,25665.0269532812,51330.0539065624,10.8460317057498
"1198","5873133B7020974913459",1,22590.7735013819,22590.7735013819,10.0252968497515
"1199","5873133B70404185317284",1,18894.3884560755,18894.3884560755,9.84662024987615
"1200","5873133B70608760855162",1,26213.4462941853,26213.4462941853,10.1740277754335
"1201","5873133B70886709487680",1,19068.1105937896,19068.1105937896,9.85577261627589
"1202","5873133B71141720266314",1,30958.8687626143,30958.8687626143,10.3404147883609
"1203","5873133B71721430029846",1,36804.7193226069,36804.7193226069,10.5133813583968
"1204","5873133B72256716491480",1,18278.2148790474,18278.2148790474,9.81346518592058
"1205","5873133B72319523044240",2,9933.73357188337,19867.4671437667,9.89683885604509
"1206","5873133B73905952621151",1,13657.515655468,13657.515655468,9.52204524656012
"1207","5873133B74097350408695",1,29780.269485513,29780.269485513,10.3016013554084
"1208","5873133B74444247037328",1,33760.0302741204,33760.0302741204,10.4270328454548
"1209","5873133B76630404476162",1,15682.0770132655,15682.0770132655,9.66027374771271
"1210","5873133B76837533212426",1,18174.3010792619,18174.3010792619,9.80776384660106
"1211","5873133B77849268115801",1,22351.0176155586,22351.0176155586,10.0146271299027
"1212","5873133B77871835478253",1,23118.2039405753,23118.2039405753,10.0483756355376
"1213","5873133B78981384303410",1,22527.391185279,22527.391185279,10.0224872337914
"1214","5873133B79086862800883",1,18530.1774968672,18530.1774968672,9.82715589812544
"1215","5873133B79217415432935",2,27982.7054304513,55965.4108609026,10.9324891156866
"1216","5873133B82984950591493",1,19659.7959113608,19659.7959113608,9.88633101273989
"1217","5873133B83238014482062",1,14033.9938988514,14033.9938988514,9.54923780107161
"1218","5873133B83670029874089",1,13730.1469655358,13730.1469655358,9.52734920267675
"1219","5873133B84872998039455",1,20887.4909149897,20887.4909149897,9.94690573795393
"1220","5873133B88406731709637",1,10979.7218296998,10979.7218296998,9.30380538047118
"1221","5873133B8866665595403",1,23083.8077285527,23083.8077285527,10.0468866865877
"1222","5873133B89616968350212",2,17690.676961415,35381.35392283,10.4739402350096
"1223","5873133B90074174000916",1,27065.0264894326,27065.0264894326,10.2059976379645
"1224","5873133B90266849375515",1,13055.7008333545,13055.7008333545,9.47698016282942
"1225","5873133B90521383760938",1,19935.7121192335,19935.7121192335,9.9002679812358
"1226","5873133B90689891107780",1,17957.9931100319,17957.9931100319,9.79579059340944
"1227","5873133B9082097592121",1,30860.4377336063,30860.4377336063,10.3372303103145
"1228","5873133B92234253465118",1,22217.1637714437,22217.1637714437,10.0086204119972
"1229","5873133B92286849050160",1,13312.6852199053,13312.6852199053,9.49647263558732
"1230","5873133B93482869611851",1,32693.0526918043,32693.0526918043,10.3949178784053
"1231","5873133B94480778200635",1,24575.53723181,24575.53723181,10.1095068056843
"1232","5873133B95001946419270",1,34393.1536855022,34393.1536855022,10.4456128027839
"1233","5873133B95060557510976",1,21573.1815358021,21573.1815358021,9.97920622668917
"1234","5873133B95472927677681",1,23961.5925921491,23961.5925921491,10.084207518808
"1235","5873133B96049761393494",2,26066.3358978015,52132.671795603,10.8615471290021
"1236","5873133B96567236235028",1,22178.8019599384,22178.8019599384,10.0068922450153
"1237","5873133B97089647818716",1,25999.5455187469,25999.5455187469,10.1658343368026
"1238","5873133B97398643420992",1,23835.1910295553,23835.1910295553,10.0789183822724
"1239","5873133B98086602368419",1,21587.4052008943,21587.4052008943,9.97986533105649
"1240","5873133B98241361012994",1,20186.0535272739,20186.0535272739,9.91274722549815
"1241","5873133B98662462343086",2,17140.9096061988,34281.8192123976,10.4423704405101
"1242","5873133B98830441057243",1,26751.0035928141,26751.0035928141,10.1943272691088
"1243","5873133B99301396189175",1,18267.444790707,18267.444790707,9.81287578139213
"1244","5873133B99485387457029",1,29331.157177462,29331.157177462,10.2864056149083
"1245","60261553B3473904040713",1,585887.76025695,585887.76025695,13.2808835148162
"1246","60261553B36650423786052",1,1485652.45080871,1485652.45080871,14.2113645945422
"1247","60261553B45059924625882",1,922164.801128221,922164.801128221,13.7344792296553
"1248","60261553B46892654123535",1,301125.323577828,301125.323577828,12.6152818144797
"1249","60261553B48695999525720",1,1071313.59850795,1071313.59850795,13.8843961156341
"1250","60261553B730883612766",1,833032.693367294,833032.693367294,13.6328281681187
"1251","60261553B8294566306540",1,735225.259113178,735225.259113178,13.507932206225
"1252","60261553B84336516867138",1,968760.72683604,968760.72683604,13.7837729324514
"1253","65221844B83452679821580",1,275.385491728783,275.385491728783,5.6181719041835
"1254","75667366B33792308655913",1,51668.600516596,51668.600516596,10.8526055358863
"1255","75667366B3386148809140",1,33805.3552996608,33805.3552996608,10.4283745097391
"1256","75667366B38833271967671",1,95097.0619482251,95097.0619482251,11.4626533537158
"1257","75667366B47389896256",1,217446.62707173,217446.62707173,12.2897087066235
"1258","75667366B65325522017421",1,20580.2893020368,20580.2893020368,9.93208906672543
"1259","75667366B68502135113248",1,49886.2555374155,49886.2555374155,10.8175008036671
"1260","75667366B7115870770167",1,35740.1774926875,35740.1774926875,10.4840307549207
"1261","75667366B7171439243991",1,14730.0689830134,14730.0689830134,9.59764619261023
"1262","75667366B7803341445428",1,19978.113351539,19978.113351539,9.90239262089415
"1263","75667366B79962068280443",1,47144.5510958258,47144.5510958258,10.7609737160775
"1264","75667366B81437275330712",1,53570.887162774,53570.887162774,10.8887610495513
"1265","75667366B92264993742233",1,40044.9229138449,40044.9229138449,10.5977571757677
"1266","75667366B93428692702847",1,72977.1500435586,72977.1500435586,11.1979016580298
"1267","75667366B94668251008376",1,74676.5111627087,74676.5111627087,11.2209208794073
"1268","75667366B9514275444181",1,102044.400554497,102044.400554497,11.5331632971049
"1269","76128533B72541188260561",1,4929097.35433523,4929097.35433523,15.4106664368285
"1270","76128533B95075104846315",1,3493746.19374251,3493746.19374251,15.0664851264374
"1271","78962969B19002153549753",1,84168.595428734,84168.595428734,11.3405771547518
"1272","78962969B36497134874209",1,34185.6163423182,34185.6163423182,10.4395602597983
"1273","78962969B41182893355114",1,26368.7305283573,26368.7305283573,10.1799341374361
"1274","78962969B4168813310505",1,27724.665489358,27724.665489358,10.2300777468386
"1275","78962969B43112408779315",1,158363.1620123,158363.1620123,11.9726461682618
"1276","78962969B44207183673479",1,167230.206896804,167230.206896804,12.0271266265735
"1277","78962969B51055039755646",1,51722.9267097104,51722.9267097104,10.8536564188662
"1278","78962969B51244182519846",1,43072.5066981416,43072.5066981416,10.6706401769151
"1279","78962969B53843894675562",1,111294.731158514,111294.731158514,11.6199371970462
"1280","78962969B56370266169267",1,63322.1548380594,63322.1548380594,11.0559905443391
"1281","78962969B61476236421292",1,22117.575381848,22117.575381848,10.0041278375962
"1282","78962969B62238671099261",1,26949.5934669374,26949.5934669374,10.2017234915086
"1283","78962969B64880163608761",1,29879.173514367,29879.173514367,10.3049169787025
"1284","78962969B76459956154531",1,138008.919274275,138008.919274275,11.835073594473
"1285","78962969B76550243021032",1,35445.2944054309,35445.2944054309,10.4757457842338
"1286","78962969B96035855988054",1,85674.994101293,85674.994101293,11.358316277893
"1287","78962969B98641080977503",1,232008.064177766,232008.064177766,12.3545274094313
"1288","78962969B9944592698324",1,45540.5601536486,45540.5601536486,10.7263586397979
"1289","811477B14604882174662",2,39066.7444367404,78133.4888734808,11.2661740387164
"1290","811477B25825438233887",2,251014.75283919,502029.50567838,13.1264141731984
"1291","811477B772229677818",1,383720.364998786,383720.364998786,12.8576693501427
"1292","81297802B1021983329449",1,143421.451041244,143421.451041244,11.8735427848114
"1293","81297802B1045120286230",1,119794.244529587,119794.244529587,11.6935309211854
"1294","81297802B10780873415993",1,215673.728805289,215673.728805289,12.2815220298984
"1295","81297802B11022979046189",1,78140.9235905778,78140.9235905778,11.2662691882292
"1296","81297802B11134761285152",1,126019.972500719,126019.972500719,11.7441956852824
"1297","81297802B11658146957456",1,69379.8286044354,69379.8286044354,11.147351450132
"1298","81297802B12004492777163",1,158830.880683671,158830.880683671,11.9755952716333
"1299","81297802B12813150904873",1,85544.091019948,85544.091019948,11.3567872064492
"1300","81297802B13885304658875",1,111343.359892392,111343.359892392,11.6203740381494
"1301","81297802B14105634475822",1,66651.2841397664,66651.2841397664,11.1072295923345
"1302","81297802B14177599577280",1,139906.749237806,139906.749237806,11.8487314027909
"1303","81297802B1495670326955",1,120675.616760398,120675.616760398,11.7008613714367
"1304","81297802B15585210216113",1,148046.033665695,148046.033665695,11.9052785426656
"1305","81297802B15613357308975",1,183871.245742598,183871.245742598,12.1219910402519
"1306","81297802B16541954250717",1,20673.4839611582,20673.4839611582,9.93660719005257
"1307","81297802B17569327634169",1,191079.447220364,191079.447220364,12.1604445745772
"1308","81297802B17596796998347",1,145650.833449196,145650.833449196,11.8889674846451
"1309","81297802B1803091954954",1,39569.1335887263,39569.1335887263,10.5858046384796
"1310","81297802B19779239086561",1,208325.372166837,208325.372166837,12.2468564257211
"1311","81297802B1985987011497",1,133973.269980104,133973.269980104,11.8053955812743
"1312","81297802B20367953633835",1,34808.9451856716,34808.9451856716,10.4576296782973
"1313","81297802B20675443699466",1,92282.9409199415,92282.9409199415,11.4326145813068
"1314","81297802B2084996388105",1,116212.117154189,116212.117154189,11.6631723963987
"1315","81297802B21171501026834",1,68197.3588700994,68197.3588700994,11.1301611168368
"1316","81297802B21182108853425",1,163707.963280833,163707.963280833,12.0058394077523
"1317","81297802B21221579574343",1,171354.651162281,171354.651162281,12.0514906711554
"1318","81297802B21993860278161",1,80891.1034329189,80891.1034329189,11.3008591270726
"1319","81297802B23204917551818",1,129926.73326741,129926.73326741,11.7747259803103
"1320","81297802B24233120148790",1,152092.338534958,152092.338534958,11.9322431057424
"1321","81297802B2434648618604",1,201359.387176024,201359.387176024,12.21284658638
"1322","81297802B24499966976565",1,139820.767579659,139820.767579659,11.848116649821
"1323","81297802B25768458282790",1,45888.9752038075,45888.9752038075,10.7339801755598
"1324","81297802B27432396017289",1,109681.625182501,109681.625182501,11.6053371316182
"1325","81297802B29563104023098",1,122194.87016529,122194.87016529,11.713372345831
"1326","81297802B29627750987730",1,76296.3592827641,76296.3592827641,11.2423805003119
"1327","81297802B29776873812270",1,160403.315897671,160403.315897671,11.9854466468796
"1328","81297802B31644345342604",1,131874.027317717,131874.027317717,11.7896024073954
"1329","81297802B31894177777214",1,88434.6225849646,88434.6225849646,11.3900188301486
"1330","81297802B31922203315935",1,174149.391581889,174149.391581889,12.067668782144
"1331","81297802B32262425524101",1,198812.327229984,198812.327229984,12.2001165794813
"1332","81297802B33413589576034",1,130401.967822539,130401.967822539,11.7783770190245
"1333","81297802B334334492772",1,145970.48024656,145970.48024656,11.8911596901552
"1334","81297802B33814118608654",1,103850.859231814,103850.859231814,11.5507111030477
"1335","81297802B33972751107769",1,31477.9337934461,31477.9337934461,10.357042064845
"1336","81297802B34545275526363",1,184801.739200843,184801.739200843,12.1270388494054
"1337","81297802B34920687321908",1,136665.284712313,136665.284712313,11.8252900381001
"1338","81297802B35379290873600",1,224740.072438036,224740.072438036,12.3226997797811
"1339","81297802B35670860897871",1,86492.99094042,86492.99094042,11.3678186600464
"1340","81297802B35680204276393",1,145292.075318612,145292.075318612,11.8865013079376
"1341","81297802B35959496403420",1,103253.940801379,103253.940801379,11.5449466776628
"1342","81297802B36147607104720",1,82581.0752560495,82581.0752560495,11.3215358201358
"1343","81297802B36271966780528",1,133249.221772347,133249.221772347,11.7999765016534
"1344","81297802B36990393529741",1,169414.072439869,169414.072439869,12.040101130004
"1345","81297802B37110717960369",1,115529.475457314,115529.475457314,11.6572809751509
"1346","81297802B3720110239063",1,174470.59514533,174470.59514533,12.0695114972295
"1347","81297802B37514703849012",1,170960.109251368,170960.109251368,12.0491855290392
"1348","81297802B37641712637141",1,229146.719913849,229146.719913849,12.3421177756906
"1349","81297802B37875930391216",1,65188.2086489848,65188.2086489848,11.0850338826177
"1350","81297802B37970290892439",1,18891.1213988348,18891.1213988348,9.84644732341511
"1351","81297802B39135443664879",1,287959.06460997,287959.06460997,12.5705736122448
"1352","81297802B41374649859024",1,51586.481809014,51586.481809014,10.8510149367013
"1353","81297802B41485876419304",1,125534.672912858,125534.672912858,11.7403372775863
"1354","81297802B42527210401893",1,503310.938241621,503310.938241621,13.1289634255734
"1355","81297802B42791937018990",1,22499.4770921705,22499.4770921705,10.0212473475745
"1356","81297802B4427483692725",1,144768.877803894,144768.877803894,11.8828938035389
"1357","81297802B44556348511886",1,170205.694930611,170205.694930611,12.0447629547885
"1358","81297802B46621499872955",1,102498.109596079,102498.109596079,11.5375996344254
"1359","81297802B46768613136824",1,95871.8463520114,95871.8463520114,11.4707676447988
"1360","81297802B47304896634130",1,37075.5269385491,37075.5269385491,10.5207123796779
"1361","81297802B47494931699472",1,17986.01526126,17986.01526126,9.79734980498183
"1362","81297802B48166206611574",1,170492.79757724,170492.79757724,12.0464483318647
"1363","81297802B50864428315087",1,141697.168190348,141697.168190348,11.8614474409367
"1364","81297802B51499597672373",1,132453.30105812,132453.30105812,11.7939854174408
"1365","81297802B51785257245499",1,68230.991180915,68230.991180915,11.1306541567583
"1366","81297802B52248438909521",1,122815.878682344,122815.878682344,11.7184415915668
"1367","81297802B52284124086366",1,385110.683646262,385110.683646262,12.8612860619429
"1368","81297802B52504001228047",1,93173.2521278822,93173.2521278822,11.4422159651469
"1369","81297802B52627388081803",1,34247.4838178113,34247.4838178113,10.4413683758183
"1370","81297802B53183498164333",1,96220.0176083127,96220.0176083127,11.474392698254
"1371","81297802B53741861263416",1,105798.772096293,105798.772096293,11.5692941924438
"1372","81297802B54398389952996",1,233768.146163313,233768.146163313,12.362085074783
"1373","81297802B5473399388769",1,113832.7350479,113832.7350479,11.6424854135093
"1374","81297802B55022771369511",1,147761.35569765,147761.35569765,11.9033537898287
"1375","81297802B55643895945103",1,73583.7836334081,73583.7836334081,11.2061799493727
"1376","81297802B55656475848083",1,163688.371452674,163688.371452674,12.0057197251163
"1377","81297802B56109009945364",1,223878.644020945,223878.644020945,12.3188594162644
"1378","81297802B56181672233009",1,18117.9976943086,18117.9976943086,9.80466107096952
"1379","81297802B56186863938752",1,214109.583485111,214109.583485111,12.2742432353
"1380","81297802B56348725354679",1,283146.212051516,283146.212051516,12.5537186935662
"1381","81297802B56564979250046",1,155139.205465646,155139.205465646,11.9520780926294
"1382","81297802B56741553336234",1,94233.7779870082,94233.7779870082,11.4535339736477
"1383","81297802B57271723433997",1,74337.0819665363,74337.0819665363,11.2163651905457
"1384","81297802B59459676884366",1,153155.57230298,153155.57230298,11.9392094962087
"1385","81297802B60662496728573",1,78663.306043771,78663.306043771,11.2729320746445
"1386","81297802B61067118889021",1,92135.4108950814,92135.4108950814,11.4310146314658
"1387","81297802B61199528191319",1,122485.067106985,122485.067106985,11.7157444003689
"1388","81297802B61752422174773",1,125410.181562455,125410.181562455,11.7393450965681
"1389","81297802B62462651678890",1,87907.9743799618,87907.9743799618,11.3840458006046
"1390","81297802B62740202990840",1,105112.175363937,105112.175363937,11.5627833956734
"1391","81297802B6284379291034",1,150466.867921026,150466.867921026,11.9214981922311
"1392","81297802B62948768430814",1,87818.9336446607,87818.9336446607,11.3830324015307
"1393","81297802B63663693246644",1,121156.352599705,121156.352599705,11.7048371606909
"1394","81297802B63810165613250",1,12215.3967400179,12215.3967400179,9.41045246290388
"1395","81297802B64444176527608",1,85679.8805012348,85679.8805012348,11.3583733104105
"1396","81297802B65507223487475",1,109232.854424474,109232.854424474,11.6012371617352
"1397","81297802B65636962466894",1,38227.8113081705,38227.8113081705,10.5513185744152
"1398","81297802B65836895267297",1,102537.150393097,102537.150393097,11.5379804547535
"1399","81297802B6615511759285",1,156837.926232589,156837.926232589,11.9629682341344
"1400","81297802B66163336026361",1,141372.781049946,141372.781049946,11.8591555178041
"1401","81297802B66449035371360",1,89425.8339286219,89425.8339286219,11.4011648895366
"1402","81297802B66468397901634",1,138416.444841232,138416.444841232,11.8380221362142
"1403","81297802B67867529169474",1,55699.7973656175,55699.7973656175,10.9277317879486
"1404","81297802B68049284687871",1,95101.6374437753,95101.6374437753,11.4627014665112
"1405","81297802B69586170313052",1,204808.93480915,204808.93480915,12.2298327981937
"1406","81297802B70172971551103",1,181361.185768327,181361.185768327,12.1082458233621
"1407","81297802B70720207353538",1,201317.803456474,201317.803456474,12.2126400501238
"1408","81297802B72040378952039",1,101239.79493015,101239.79493015,11.5252471890757
"1409","81297802B72056692107631",1,180525.390793277,180525.390793277,12.1036267160769
"1410","81297802B72151759297882",1,393395.702645098,393395.702645098,12.8825712612503
"1411","81297802B72423367852086",1,22464.1441198341,22464.1441198341,10.0196757223959
"1412","81297802B72603937188235",1,184235.926581595,184235.926581595,12.1239724249449
"1413","81297802B72962934651760",1,131234.144653423,131234.144653423,11.7847383705161
"1414","81297802B7308282486980",1,109858.433544637,109858.433544637,11.6069478481443
"1415","81297802B73162737965460",1,140344.670879167,140344.670879167,11.8518566108459
"1416","81297802B74217032443586",1,106725.713361825,106725.713361825,11.5780173957156
"1417","81297802B74288530741739",1,88958.4090146514,88958.4090146514,11.3959242250467
"1418","81297802B74412015974526",1,378719.765452224,378719.765452224,12.8445518054305
"1419","81297802B74996211829814",1,83289.6895099795,83289.6895099795,11.3300800451037
"1420","81297802B76466747653960",1,165741.211006516,165741.211006516,12.0181828810405
"1421","81297802B76509043653809",1,132760.647705224,132760.647705224,11.7963031445899
"1422","81297802B7702852417854",1,60353.1924357247,60353.1924357247,11.007969123813
"1423","81297802B77796697839152",1,134853.492213755,134853.492213755,11.8119442252571
"1424","81297802B78342510004852",1,29847.7821578187,29847.7821578187,10.3038658164898
"1425","81297802B79980761269040",1,61004.3022264926,61004.3022264926,11.0186996689716
"1426","81297802B80223312825495",1,103210.722390132,103210.722390132,11.5445280257616
"1427","81297802B80628180194499",1,83011.0916851987,83011.0916851987,11.3267295126118
"1428","81297802B80912783182295",1,22664.9741162831,22664.9741162831,10.0285760213616
"1429","81297802B80984092880643",1,104931.811162114,104931.811162114,11.5610660006731
"1430","81297802B81116648730753",1,104777.006193497,104777.006193497,11.5595896202453
"1431","81297802B81408558281677",1,97892.8413750921,97892.8413750921,11.491628704038
"1432","81297802B81560237884054",1,42997.6090675978,42997.6090675978,10.6688997900507
"1433","81297802B8258305147124",1,171313.424262886,171313.424262886,12.0512500482171
"1434","81297802B82760747397164",1,172888.586958939,172888.586958939,12.0604026600013
"1435","81297802B83209776142835",1,118549.723255033,118549.723255033,11.6830877570752
"1436","81297802B83257848753409",1,58249.7740326109,58249.7740326109,10.9724954921519
"1437","81297802B8357375846053",1,16486.5397609687,16486.5397609687,9.71029955490307
"1438","81297802B83890760772965",1,168633.941896669,168633.941896669,12.0354856204016
"1439","81297802B84259990428862",1,269150.043617019,269150.043617019,12.5030242860438
"1440","81297802B84719552891507",1,122929.516822151,122929.516822151,11.7193664361416
"1441","81297802B84889732636102",1,115132.300437559,115132.300437559,11.6538371846855
"1442","81297802B85161602276488",1,104257.171843662,104257.171843662,11.5546159319582
"1443","81297802B85563269288439",1,143564.035247194,143564.035247194,11.8745364533034
"1444","81297802B86066179794931",1,35193.4177061624,35193.4177061624,10.468614347116
"1445","81297802B86432819232797",1,81695.2446709257,81695.2446709257,11.3107510743919
"1446","81297802B86807381296423",1,168550.111254988,168550.111254988,12.0349883807331
"1447","81297802B88130440660417",1,339821.575154113,339821.575154113,12.7361759798892
"1448","81297802B88406709239333",1,118912.252236261,118912.252236261,11.6861411239323
"1449","81297802B89611140069217",1,80876.7812867416,80876.7812867416,11.3006820567445
"1450","81297802B89663618716792",1,15436.0779654119,15436.0779654119,9.64446277352658
"1451","81297802B90196015208533",1,140492.122052049,140492.122052049,11.85290669538
"1452","81297802B90328181900706",1,97592.4135610679,97592.4135610679,11.488555039473
"1453","81297802B90799057915407",1,10495.484696027,10495.484696027,9.25870041470684
"1454","81297802B9107629386142",1,23107.1044537436,23107.1044537436,10.0478954013355
"1455","81297802B92774803000720",1,28641.3132342245,28641.3132342245,10.2626054731737
"1456","81297802B92843974613199",1,93178.1764068101,93178.1764068101,11.442268814529
"1457","81297802B9286931688743",1,100881.97180363,100881.97180363,11.521706516479
"1458","81297802B92984212454641",1,87745.0613643937,87745.0613643937,11.3821908589966
"1459","81297802B93335721036450",1,175795.611572021,175795.611572021,12.0770773013052
"1460","81297802B93683261125538",1,454013.476903172,454013.476903172,13.0258821613916
"1461","81297802B93911642889100",1,86849.8613580239,86849.8613580239,11.3719361753297
"1462","81297802B9398077823445",1,102653.764645766,102653.764645766,11.5391170963558
"1463","81297802B94036559538482",1,97789.3823857235,97789.3823857235,11.4905712855662
"1464","81297802B94482771357603",1,48085.3306913634,48085.3306913634,10.7807324343479
"1465","81297802B94706269623038",1,43567.3750611862,43567.3750611862,10.6820638708239
"1466","81297802B95643835690721",1,119102.019051044,119102.019051044,11.6877357077693
"1467","81297802B95868582932177",1,124765.688481869,124765.688481869,11.7341927650804
"1468","81297802B96051805348654",1,199241.668591775,199241.668591775,12.2022737819352
"1469","81297802B9638596310151",1,78093.0323928285,78093.0323928285,11.2656561179277
"1470","81297802B96824977906351",1,63120.908890991,63120.908890991,11.0528073548298
"1471","81297802B97138813252769",1,336339.922347153,336339.922347153,12.7258776012007
"1472","81297802B97193335039618",1,243329.704603063,243329.704603063,12.4021726117551
"1473","81297802B973126409201",1,90802.427383233,90802.427383233,11.4164412975276
"1474","81297802B97779454887068",1,161309.19366023,161309.19366023,11.9910782597626
"1475","81297802B98438479076374",1,141661.156136309,141661.156136309,11.8611932606206
"1476","81297802B98842550999199",1,25445.1537720684,25445.1537720684,10.1442805823165
"1477","9080712B49734305235119",2,143219.073995191,286438.147990382,12.565277903489
"1478","9080712B62714260736365",1,109521.218009631,109521.218009631,11.6038735812448
"1479","91817680B26607970527366",1,213308.041157192,213308.041157192,12.2704926025636
"1480","91817680B36456413113015",1,46739.2139498915,46739.2139498915,10.752338790448
"1481","91817680B37660936440541",1,37359.4424993884,37359.4424993884,10.5283409698382
"1482","91817680B40505476377979",1,88434.7511097288,88434.7511097288,11.3900202834784
"1483","91817680B60872934813823",1,64762.6907423531,64762.6907423531,11.078484956378
"1484","91817680B67324121140218",1,42032.2899856793,42032.2899856793,10.646193411066
"1485","91817680B68494559899558",1,172700.037449966,172700.037449966,12.0593114809846
"1486","91817680B75710427976091",1,509852.587398918,509852.587398918,13.1418769186033
"1487","91817680B87996420220515",1,327415.816119316,327415.816119316,12.6989862509971
"1488","91817680B89733153975870",1,43892.400394143,43892.400394143,10.689496472327
"1489","91817680B93885607227135",1,76504.7600742846,76504.7600742846,11.2451082410721
"1490","93216281B51396366921995",1,1119884.09211951,1119884.09211951,13.9287357487369
"1491","DIS015",3,NA,NA,NA
"1492","DIS017",2,NA,NA,NA
