"","ADM2_id","total_exposure_days","total_population","total_person_day_exposure","log_total_person_day_exposure"
"1","10022922B10629043557873",1,143114.009298421,143114.009298421,11.871396859414
"2","10022922B11162683268422",1,190381.25584458,190381.25584458,12.1567839502988
"3","10022922B12403701465046",1,307519.886425594,307519.886425594,12.6362950354404
"4","10022922B13687813160362",1,237323.682977591,237323.682977591,12.377180239288
"5","10022922B15279482214677",1,261658.501480598,261658.501480598,12.4747955030768
"6","10022922B21478747844721",1,68681.7266585995,68681.7266585995,11.1372384553273
"7","10022922B23434626058692",1,190155.268997806,190155.268997806,12.1555962226638
"8","10022922B29889196912325",1,99806.8821356342,99806.8821356342,11.5109924191969
"9","10022922B29911348985828",1,452413.972712167,452413.972712167,13.0223529084946
"10","10022922B31790128040616",1,195831.628742097,195831.628742097,12.1850105319988
"11","10022922B34392392155891",1,191307.894635462,191307.894635462,12.1616394229274
"12","10022922B36331574429859",1,56211.5255798438,56211.5255798438,10.9368770963473
"13","10022922B39439372576611",1,345577.973515012,345577.973515012,12.7529735798387
"14","10022922B39697778193382",1,50981.3458239764,50981.3458239764,10.8392150766396
"15","10022922B42807663031303",1,222200.754285485,222200.754285485,12.311336550806
"16","10022922B47245353926014",1,93117.8657425178,93117.8657425178,11.4416213432709
"17","10022922B52512193010711",1,392151.083635716,392151.083635716,12.8794024619564
"18","10022922B6018255004858",1,329905.41637677,329905.41637677,12.7065612753201
"19","10022922B72540367204165",1,108267.281064019,108267.281064019,11.5923582734378
"20","10022922B7475622417535",1,233564.802088976,233564.802088976,12.3612148425945
"21","10022922B75767771564463",1,586706.526716583,586706.526716583,13.2822800193051
"22","10022922B79548799707119",1,257438.728974612,257438.728974612,12.4585370250427
"23","10022922B81120329184352",1,179659.115272572,179659.115272572,12.0988165303169
"24","10022922B85703559853082",1,124438.539517702,124438.539517702,11.7315672145051
"25","14151628B53702400461405",1,56421.4817335324,56421.4817335324,10.9406052467693
"26","14151628B61046117406534",1,9443.18180837304,9443.18180837304,9.15304825832066
"27","14151628B95966095088914",1,44137.0837906689,44137.0837906689,10.6950556103574
"28","15242507B10596271459975",1,18917.7090880406,18917.7090880406,9.84785375113298
"29","15242507B399982580631",1,52490.1438062996,52490.1438062996,10.868380693932
"30","15242507B46563890594581",1,18715.6639104586,18715.6639104586,9.83711609448669
"31","15242507B66245697923351",1,45222.1299682686,45222.1299682686,10.7193418470727
"32","15242507B7547411227389",1,18101.7971117693,18101.7971117693,9.80376650026825
"33","16705992B23463827258150",2,522881.763452296,1045763.52690459,13.8602578243435
"34","16705992B34517682786426",2,2609466.51698236,5218933.03396472,15.4678035393428
"35","16705992B37732832620169",1,1858497.28859456,1858497.28859456,14.435278809797
"36","16705992B94200136889214",1,8687708.76060048,8687708.76060048,15.9774197985636
"37","17275852B10013747765987",2,1431122.35891862,2862244.71783724,14.8671167413261
"38","17275852B10267820559553",1,425584.478234082,425584.478234082,12.9612187460299
"39","17275852B1065790622928",1,616595.618308736,616595.618308736,13.3319686881954
"40","17275852B11085886687529",1,326726.779114722,326726.779114722,12.6968795627476
"41","17275852B11168745431905",1,330532.278531484,330532.278531484,12.7084595992582
"42","17275852B12258272370747",2,667354.976117236,1334709.95223447,14.1042245619674
"43","17275852B13001476141541",1,651648.228388359,651648.228388359,13.3872601683
"44","17275852B14417300719855",1,286358.868906086,286358.868906086,12.5650010896004
"45","17275852B14815638988431",1,314590.939170231,314590.939170231,12.6590284680798
"46","17275852B15408627611583",1,935524.512121345,935524.512121345,13.7488626265137
"47","17275852B15995572811192",1,312197.010772054,312197.010772054,12.6513897122965
"48","17275852B16105050053503",1,1818676.27250252,1818676.27250252,14.4136194716246
"49","17275852B1643752484532",1,1040026.00612436,1040026.00612436,13.8547562766937
"50","17275852B16521843045020",1,1597695.41872632,1597695.41872632,14.2840727855936
"51","17275852B17785585955827",2,695884.45392662,1391768.90785324,14.1460860916213
"52","17275852B19231985776314",1,562621.466091781,562621.466091781,13.2403623294678
"53","17275852B19868960828514",1,839022.992057702,839022.992057702,13.6399933891951
"54","17275852B2033650787942",1,301859.866144567,301859.866144567,12.6177181692778
"55","17275852B2067645637252",1,1255651.58929805,1255651.58929805,14.0431651904729
"56","17275852B21494165623103",1,266174.400499422,266174.400499422,12.4919070139005
"57","17275852B21750823884811",1,213695.497642961,213695.497642961,12.2723073724983
"58","17275852B21842931785294",2,2357820.00620907,4715640.01241814,15.3663952044812
"59","17275852B2295538790743",1,1482428.0655233,1482428.0655233,14.2091918862642
"60","17275852B24445486288332",1,310629.767762118,310629.767762118,12.6463570246476
"61","17275852B25965384817686",1,2346064.65991718,2346064.65991718,14.6682498695878
"62","17275852B26690160376255",1,1220685.42982505,1220685.42982505,14.0149230866688
"63","17275852B27877276340012",2,4088551.28476938,8177102.56953876,15.9168484367292
"64","17275852B282910546940",2,987865.916789484,1975731.83357897,14.4964494363287
"65","17275852B30419994709301",1,1639716.94314585,1639716.94314585,14.3100341892613
"66","17275852B30975390905787",1,112347.772844457,112347.772844457,11.6293544540477
"67","17275852B31573882035564",1,570588.947572149,570588.947572149,13.2544243477389
"68","17275852B31711539663260",2,3979725.41239528,7959450.82479056,15.88987056358
"69","17275852B31967187012085",1,307200.170675052,307200.170675052,12.6352548358384
"70","17275852B32842515207648",1,286101.757295876,286101.757295876,12.5641028212629
"71","17275852B33382458843189",2,8145336.31011792,16290672.6202358,16.6061032701025
"72","17275852B34195804181253",1,3560753.54594095,3560753.54594095,15.0854827506374
"73","17275852B34420574294401",1,352764.030741127,352764.030741127,12.7735546442355
"74","17275852B34909453536373",1,804067.569003688,804067.569003688,13.5974385856792
"75","17275852B34966799109471",2,NA,NA,NA
"76","17275852B35175722210772",1,52045.5014187257,52045.5014187257,10.8598736422336
"77","17275852B35416849225692",2,1677064.20148832,3354128.40297664,15.0257025041676
"78","17275852B35691129963558",1,2349203.96582312,2349203.96582312,14.6695870907881
"79","17275852B35957304691865",1,193654.056442441,193654.056442441,12.1738286320121
"80","17275852B36427803126994",1,2279841.57318728,2279841.57318728,14.6396165130722
"81","17275852B36456254412660",2,1047168.13595774,2094336.27191548,14.554747245827
"82","17275852B37590867813392",1,475806.945105721,475806.945105721,13.0727674734358
"83","17275852B37857453943231",1,261289.250224457,261289.250224457,12.4733833110699
"84","17275852B37976290279083",2,2015135.21765422,4030270.43530844,15.209344037207
"85","17275852B38338809131920",1,1500809.13182808,1500809.13182808,14.2215149418558
"86","17275852B38552083710936",1,699225.037390829,699225.037390829,13.4577279113077
"87","17275852B38988280096574",1,10540257.8046726,10540257.8046726,16.1707125604247
"88","17275852B39002428158328",1,228644.654090529,228644.654090529,12.3399243484959
"89","17275852B39380894050966",1,1892038.56412984,1892038.56412984,14.4531654111187
"90","17275852B40485497211548",1,750997.803417328,750997.803417328,13.5291580058649
"91","17275852B41676374519260",1,1671747.11047245,1671747.11047245,14.32937981147
"92","17275852B42230140857746",1,456423.225440601,456423.225440601,13.0311757840202
"93","17275852B42704411692482",2,1148202.10617441,2296404.21234882,14.6468550716011
"94","17275852B44304898110438",1,886442.983443224,886442.983443224,13.6949720859511
"95","17275852B44953136813001",1,509848.769360798,509848.769360798,13.1418694300615
"96","17275852B45423289887647",1,507145.90998676,507145.90998676,13.1365540320704
"97","17275852B45805035523406",1,846701.133844916,846701.133844916,13.6491030587637
"98","17275852B46208020456835",1,480565.430549591,480565.430549591,13.0827186699213
"99","17275852B46346395801730",1,350060.618429111,350060.618429111,12.7658616139807
"100","17275852B46978756476047",1,217396.97799237,217396.97799237,12.2894803528936
"101","17275852B47086513907411",1,568548.12168227,568548.12168227,13.250841235349
"102","17275852B47214038820512",1,1231374.51712387,1231374.51712387,14.0236415970141
"103","17275852B47416526759176",1,131263.240410611,131263.240410611,11.7849600546848
"104","17275852B47587357578303",1,502333.051454275,502333.051454275,13.1270186278009
"105","17275852B47611300766307",1,643836.622499256,643836.622499256,13.3752002811299
"106","17275852B48501556095420",1,137273.186449162,137273.186449162,11.829728280981
"107","17275852B50034294804845",1,1481844.63281612,1481844.63281612,14.208798243186
"108","17275852B50435667373766",1,422562.92977087,422562.92977087,12.9540936608912
"109","17275852B50490784073671",1,1096293.84837974,1096293.84837974,13.9074458203906
"110","17275852B51230036148684",1,1589248.64634953,1589248.64634953,14.278771913044
"111","17275852B52033797991024",1,158919.436561652,158919.436561652,11.976152664501
"112","17275852B52216203262250",1,581988.3917406,581988.3917406,13.2742057810518
"113","17275852B53025585862768",1,212877.937361331,212877.937361331,12.2684742163963
"114","17275852B53915190353866",1,1316338.5704216,1316338.5704216,14.0903646301354
"115","17275852B54799230122335",1,170701.304232334,170701.304232334,12.0476705492474
"116","17275852B56120808638546",2,498899.160630366,997798.321260732,13.813306451967
"117","17275852B56364962136156",2,7695060.35004782,15390120.7000956,16.5492363485456
"118","17275852B57882995260260",1,406779.026044076,406779.026044076,12.9160253834303
"119","17275852B58186217435722",1,3680213.58698068,3680213.58698068,15.1184813484013
"120","17275852B59014028549632",2,1283621.37925918,2567242.75851836,14.7583430243412
"121","17275852B59261423659404",1,642740.813364471,642740.813364471,13.3734968323219
"122","17275852B59747399545028",1,928217.388480492,928217.388480492,13.7410212391631
"123","17275852B60010150977543",1,2977455.34776075,2977455.34776075,14.9065795835452
"124","17275852B60182527489554",2,555331.603533164,1110663.20706633,13.9204678787096
"125","17275852B60612190497835",1,717933.005728042,717933.005728042,13.4841315368916
"126","17275852B60797773490242",1,119156.155357109,119156.155357109,11.6881901417642
"127","17275852B62019928411356",1,358145.481505494,358145.481505494,12.7886945557561
"128","17275852B63293791576670",1,233140.08022318,233140.08022318,12.3593947545725
"129","17275852B63889031221729",1,1018952.60296392,1018952.60296392,13.8342857978394
"130","17275852B64916188375107",2,1161976.59849134,2323953.19698268,14.6587802577592
"131","17275852B66204891178522",2,3575529.36026401,7151058.72052802,15.7827709765096
"132","17275852B66252943806207",2,1799289.82136741,3598579.64273482,15.0960497818887
"133","17275852B66356980534214",1,1006471.61555724,1006471.61555724,13.8219613225289
"134","17275852B67003966243436",1,1171019.95407406,1171019.95407406,13.9733856826346
"135","17275852B67769801833376",1,194299.036238438,194299.036238438,12.1771536751805
"136","17275852B68859127780148",2,1385569.768313,2771139.536626,14.8347691786314
"137","17275852B6984922207713",1,527433.37637607,527433.37637607,13.1757778356469
"138","17275852B70258266780305",1,832384.009694886,832384.009694886,13.6320491634359
"139","17275852B71635948673445",1,555322.554892961,555322.554892961,13.2273044038962
"140","17275852B71641756163868",1,393981.943305422,393981.943305422,12.8840603580558
"141","17275852B72762706296361",1,107242.777242074,107242.777242074,11.5828504894602
"142","17275852B72769683371533",1,1069350.65013561,1069350.65013561,13.8825621531864
"143","17275852B7296923051238",2,2247203.94776375,4494407.8955275,15.3183444920784
"144","17275852B74040811495822",2,702462.390202934,1404924.78040587,14.1554943222391
"145","17275852B75086699702795",1,1015797.43457255,1015797.43457255,13.8311845118219
"146","17275852B75763620561947",2,993628.658962696,1987257.31792539,14.5022660138668
"147","17275852B76985937823941",1,88998.4395845729,88998.4395845729,11.396374115803
"148","17275852B78973254528560",1,610963.574422968,610963.574422968,13.3227926200476
"149","17275852B81259275775371",1,2524324.95341975,2524324.95341975,14.7414842397682
"150","17275852B8296297044700",1,149775.735626834,149775.735626834,11.9168943584863
"151","17275852B8306530590796",1,222164.776144089,222164.776144089,12.3111746204176
"152","17275852B83740928033028",1,344246.384136822,344246.384136822,12.749112912939
"153","17275852B84693836922329",1,641845.117960798,641845.117960798,13.3721023042846
"154","17275852B8583677209878",2,989029.898841743,1978059.79768349,14.4976270220948
"155","17275852B86000242921086",1,819352.78663454,819352.78663454,13.6162700229993
"156","17275852B86267588373141",1,591745.591047724,591745.591047724,13.2908320766475
"157","17275852B87114256965843",1,910606.383526992,910606.383526992,13.7218660121009
"158","17275852B8790559451208",1,1049161.25619419,1049161.25619419,13.8635015992955
"159","17275852B87965925400106",1,97165.020637501,97165.020637501,11.4841660556952
"160","17275852B88564558630562",1,188364.458474842,188364.458474842,12.1461339740436
"161","17275852B88884426413746",1,1703045.1832495,1703045.1832495,14.3479284908545
"162","17275852B89468905887192",1,1158937.95735787,1158937.95735787,13.9630145897052
"163","17275852B90337226463204",1,590310.857368621,590310.857368621,13.288404554027
"164","17275852B90429058486395",1,1064768.3472854,1064768.3472854,13.87826781918
"165","17275852B90470795224142",1,1100366.79231345,1100366.79231345,13.911154129745
"166","17275852B91401282439532",1,334650.053782704,334650.053782704,12.7208406492421
"167","17275852B92305935351425",2,637929.740977761,1275859.48195552,14.0591306129635
"168","17275852B92675490846952",1,248112.650679185,248112.650679185,12.4216381586225
"169","17275852B93697739867414",2,625993.936219489,1251987.87243898,14.0402431440449
"170","17275852B95277244028777",2,1611184.15474171,3222368.30948342,14.9856271470127
"171","17275852B95583475247133",2,1741590.82864819,3483181.65729638,15.0634567033991
"172","17275852B96568921985306",1,102449.836065186,102449.836065186,11.5371285535212
"173","17275852B98893708532288",1,344306.917248434,344306.917248434,12.7492887398841
"174","17275852B99125708243995",1,464780.987691064,464780.987691064,13.0493215794041
"175","17275852B99819709984445",1,2082428.87503272,2082428.87503272,14.5490454987941
"176","18249212B1074587975674",1,44171.201363867,44171.201363867,10.6958283028593
"177","18249212B15509533795694",1,8608.14572755858,8608.14572755858,9.06046421157502
"178","18249212B3001356606985",1,26427.3354994941,26427.3354994941,10.1821541890276
"179","18249212B32162439805208",1,6536.75518295519,6536.75518295519,8.78519617193318
"180","18249212B34902747010981",1,84347.4160021869,84347.4160021869,11.3426994532688
"181","18249212B50725355749374",1,45454.9045097208,45454.9045097208,10.7244760037886
"182","18249212B61473051882148",1,19829.396923503,19829.396923503,9.89492080872173
"183","18249212B6474479975640",1,19161.0783245059,19161.0783245059,9.86063632992584
"184","18249212B80874946619424",1,8457.2149051227,8457.2149051227,9.0427751909673
"185","18249212B83249722744294",1,6287.24197643347,6287.24197643347,8.74627777602056
"186","18249212B83355432632114",1,9949.94665309776,9949.94665309776,9.20532246864055
"187","22064153B10066515375089",1,149054.057667952,149054.057667952,11.9120643222711
"188","22064153B10207741545348",1,192462.103065171,192462.103065171,12.1676545461352
"189","22064153B10383419065697",1,18947.4559613585,18947.4559613585,9.84942495143799
"190","22064153B10908081440803",1,4865.57762149639,4865.57762149639,8.48994071758179
"191","22064153B11283862904746",1,19974.1325237634,19974.1325237634,9.9021933415945
"192","22064153B11294111383773",1,42405.0349662639,42405.0349662639,10.6550223833743
"193","22064153B11731771091880",1,27165.0981908303,27165.0981908303,10.2096882735872
"194","22064153B11880020551001",1,163074.427551196,163074.427551196,12.0019619863175
"195","22064153B11925080577501",1,41396.9559004031,41396.9559004031,10.6309626281342
"196","22064153B12172811493606",1,5880.61898299927,5880.61898299927,8.67941730456982
"197","22064153B12345861604897",1,85379.5359478182,85379.5359478182,11.354861725158
"198","22064153B12662900476516",2,36038.9590057025,72077.918011405,11.1855030074506
"199","22064153B12861375372699",1,16646.6167350683,16646.6167350683,9.71996227566586
"200","22064153B12953099652868",1,53524.5089031289,53524.5089031289,10.8878949383225
"201","22064153B1320154413470",1,12071.8132748157,12071.8132748157,9.39862853270179
"202","22064153B13215881329963",1,6674.18164890333,6674.18164890333,8.8060018763373
"203","22064153B13237952508684",1,64701.508364027,64701.508364027,11.077539793417
"204","22064153B13335973696353",1,86013.9669494446,86013.9669494446,11.362264968438
"205","22064153B13415196919485",1,22962.3056059249,22962.3056059249,10.0416092637684
"206","22064153B1352051297857",1,116214.523965282,116214.523965282,11.6631931066846
"207","22064153B13639223419847",1,32940.7122710027,32940.7122710027,10.4024646267827
"208","22064153B13708684658213",1,20726.089735735,20726.089735735,9.93914855935628
"209","22064153B13741289865163",1,77369.4660599708,77369.4660599708,11.2563474863948
"210","22064153B13786864628755",1,30546.0303127383,30546.0303127383,10.3269900154935
"211","22064153B13823601910405",1,46194.9555695297,46194.9555695297,10.7406258843018
"212","22064153B13974843260526",1,20350.2018487897,20350.2018487897,9.92084610968099
"213","22064153B14409781546574",1,99180.8821295561,99180.8821295561,11.5047005542318
"214","22064153B1510965020390",1,13784.822851819,13784.822851819,9.53132347258236
"215","22064153B15197878860903",2,17324.4980046795,34648.996009359,10.4530240289994
"216","22064153B15237000314247",1,3149.38678227245,3149.38678227245,8.05496304057411
"217","22064153B15329717394060",1,49994.5778299556,49994.5778299556,10.819669835129
"218","22064153B15364293597369",1,58269.832172661,58269.832172661,10.9728397799658
"219","22064153B15500594562934",1,18819.3654009347,18819.3654009347,9.84264169317313
"220","22064153B15644746046041",1,93979.867575815,93979.867575815,11.4508358635881
"221","22064153B16137538167455",1,7547.44429669007,7547.44429669007,8.92896428118808
"222","22064153B16264764307082",1,102436.317890018,102436.317890018,11.5369965956028
"223","22064153B16354527619629",1,19550.1329303162,19550.1329303162,9.88073736489506
"224","22064153B16569113596510",1,5092.35788792195,5092.35788792195,8.53549624155978
"225","22064153B1664466739684",1,30712.0006336674,30712.0006336674,10.3324087573132
"226","22064153B17016857460461",1,10518.2886828822,10518.2886828822,9.26087080032923
"227","22064153B17451481377922",1,48124.920684905,48124.920684905,10.7815554234829
"228","22064153B17536493511153",1,185757.490282797,185757.490282797,12.1321972863043
"229","22064153B17605300042191",1,55990.9009378627,55990.9009378627,10.932944473263
"230","22064153B17640645318479",1,2253.95153889076,2253.95153889076,7.72044019432013
"231","22064153B17737822356535",1,15845.0734040384,15845.0734040384,9.6706139047453
"232","22064153B17786192900668",2,312568.340986001,625136.681972002,13.3457255959643
"233","22064153B17826218371858",1,252086.860484487,252086.860484487,12.4375289915658
"234","22064153B18037782605293",1,45765.3203780704,45765.3203780704,10.7312818862985
"235","22064153B18443780619579",1,12528.9153628553,12528.9153628553,9.43579448092345
"236","22064153B18541020859979",1,38437.5724929624,38437.5724929624,10.5567907105429
"237","22064153B18725311091842",1,240246.48019081,240246.48019081,12.3894206761146
"238","22064153B18872085958488",2,9633.75616182069,19267.5123236414,9.86617565725964
"239","22064153B19025451607548",1,70203.7779766411,70203.7779766411,11.1591574058969
"240","22064153B19125244688726",1,404573.751712072,404573.751712072,12.9105893269501
"241","22064153B19332172900276",1,54493.7307880983,54493.7307880983,10.9058409426237
"242","22064153B19491219462886",1,49333.3335731783,49333.3335731783,10.8063552689399
"243","22064153B20082507087369",1,17434.127611525,17434.127611525,9.76618492123757
"244","22064153B20300177961456",1,14049.6804029969,14049.6804029969,9.55035492738551
"245","22064153B20607189577313",1,9977.61521863512,9977.61521863512,9.20809938470238
"246","22064153B20726542801588",1,8431.49402177928,8431.49402177928,9.03972926207592
"247","22064153B20936499562813",1,52265.9806938289,52265.9806938289,10.8641009736639
"248","22064153B21038809643944",1,12142.9000226933,12142.9000226933,9.40449991769153
"249","22064153B21124327630561",1,33761.4488787754,33761.4488787754,10.4270748648143
"250","22064153B21330820256622",1,16038.7808727527,16038.7808727527,9.68276487309259
"251","22064153B21468669116940",1,66799.3007645667,66799.3007645667,11.1094478918736
"252","22064153B21781575553931",1,79121.8166349027,79121.8166349027,11.2787439265348
"253","22064153B21867415191580",1,130723.524520846,130723.524520846,11.7808398720991
"254","22064153B21881953859573",1,332611.051876803,332611.051876803,12.7147290739225
"255","22064153B21930418676565",1,82743.3194791355,82743.3194791355,11.3234985586104
"256","22064153B22111041587368",1,8580.88504416935,8580.88504416935,9.0572923391633
"257","22064153B22167023977783",1,64084.0169634542,64084.0169634542,11.0679502664731
"258","22064153B22404901625877",1,44277.1251791753,44277.1251791753,10.6982234610287
"259","22064153B22998678840309",1,9546.8353264231,9546.8353264231,9.16396499912434
"260","22064153B23299113779671",2,5292.9539917674,10585.9079835348,9.26727896010118
"261","22064153B23991641947742",1,167703.311736616,167703.311736616,12.0299516955985
"262","22064153B24324307757053",1,184217.173555402,184217.173555402,12.1238706316572
"263","22064153B24851023127688",1,60127.2367897333,60127.2367897333,11.0042182090401
"264","22064153B24965253967759",1,63379.015084319,63379.015084319,11.0568880932744
"265","22064153B24985865314901",1,1401532.27638054,1401532.27638054,14.1530766792045
"266","22064153B25042190901764",1,553037.380523651,553037.380523651,13.2231808741036
"267","22064153B25240716524083",1,2180.40395772347,2180.40395772347,7.68726544032491
"268","22064153B25271963256644",1,25146.0678358453,25146.0678358453,10.1324568148289
"269","22064153B25692242595445",1,29142.4142200745,29142.4142200745,10.2799499253248
"270","22064153B26076067737587",1,23506.9314095389,23506.9314095389,10.0650506102394
"271","22064153B26243303203029",1,8892.23403033854,8892.23403033854,9.09293359393911
"272","22064153B26413774655735",1,68658.3949080596,68658.3949080596,11.1368986893434
"273","22064153B26513167275722",1,11385.6881973007,11385.6881973007,9.3401124243917
"274","22064153B26773121701856",1,31659.3485745778,31659.3485745778,10.3627887575625
"275","22064153B26843686140780",1,47817.8519283324,47817.8519283324,10.7751543200605
"276","22064153B26884354260890",2,109124.797842939,218249.595685878,12.2933946211727
"277","22064153B2702411680064",1,122408.199570735,122408.199570735,11.7151166367736
"278","22064153B2722132887235",1,5918.1050890181,5918.1050890181,8.68577159032498
"279","22064153B27289126175617",1,7396.54278645932,7396.54278645932,8.90876797900552
"280","22064153B27657139570827",1,89614.829763712,89614.829763712,11.4032760960233
"281","22064153B27933078040866",1,86093.1598640603,86093.1598640603,11.3631852431724
"282","22064153B28150220320962",1,668.457657530024,668.457657530024,6.50497305501468
"283","22064153B29022768014976",1,27812.4511632307,27812.4511632307,10.2332390829783
"284","22064153B2920977635331",1,10169.8985982518,10169.8985982518,9.22718751831952
"285","22064153B29354983880781",1,85439.5279838466,85439.5279838466,11.3555641296451
"286","22064153B29529124372788",1,79384.8245038374,79384.8245038374,11.2820625018124
"287","22064153B29541790734430",1,109214.125137195,109214.125137195,11.601065685001
"288","22064153B29701758489760",1,54186.1389414096,54186.1389414096,10.9001804156325
"289","22064153B30058273208400",1,66163.457408079,66163.457408079,11.0998835866163
"290","22064153B3017496076038",1,21711.0272859548,21711.0272859548,9.98557558031364
"291","22064153B30238599380330",1,19439.1175806166,19439.1175806166,9.87504268504059
"292","22064153B30375928590829",1,25082.9145662879,25082.9145662879,10.1299421987719
"293","22064153B30432270495602",1,23241.2375942298,23241.2375942298,10.0536834623117
"294","22064153B30582374301374",1,41201.1638156153,41201.1638156153,10.6262217828905
"295","22064153B3116190270971",1,29833.8185375565,29833.8185375565,10.3033978792913
"296","22064153B31188277470964",1,79245.1206933442,79245.1206933442,11.2803011213059
"297","22064153B3166560830766",1,26352.709567828,26352.709567828,10.1793263785815
"298","22064153B31840797679086",1,5472.91517746372,5472.91517746372,8.60756669266162
"299","22064153B32144271118289",2,5501.88521749808,11003.7704349962,9.30599325986721
"300","22064153B32207594646608",1,16395.1441102709,16395.1441102709,9.7047404791316
"301","22064153B32454677361309",1,68621.1573630766,68621.1573630766,11.1363561825348
"302","22064153B32459042913276",1,16141.9016255383,16141.9016255383,9.68917375554895
"303","22064153B33402705241691",1,38767.4722783976,38767.4722783976,10.5653368306648
"304","22064153B33921572198120",1,382246.160983024,382246.160983024,12.853820080531
"305","22064153B34193146717315",1,64248.0849231375,64248.0849231375,11.0705071956695
"306","22064153B34267563622194",1,288070.796096215,288070.796096215,12.5709615486879
"307","22064153B34371075767186",1,42497.7292326865,42497.7292326865,10.6572059236659
"308","22064153B34425405263494",1,42716.0340926964,42716.0340926964,10.6623296344159
"309","22064153B34805483384531",1,52114.284689727,52114.284689727,10.8611943684672
"310","22064153B3490214986239",1,16088.1426622186,16088.1426622186,9.68583779902994
"311","22064153B34956601586296",1,3653.23157200196,3653.23157200196,8.20336741706693
"312","22064153B35259922763541",1,1723.85132910514,1723.85132910514,7.4523162114872
"313","22064153B36640851523102",1,74463.63731389,74463.63731389,11.2180661954666
"314","22064153B36847259305466",1,88013.8714926642,88013.8714926642,11.3852497116364
"315","22064153B36899747691995",2,13940.1674917459,27880.3349834918,10.2356768799921
"316","22064153B37072051859512",1,535334.668285256,535334.668285256,13.1906473785012
"317","22064153B3707797018061",1,119039.835537106,119039.835537106,11.6872134684892
"318","22064153B37690647476013",1,29367.1096562826,29367.1096562826,10.2876306079193
"319","22064153B37844292168146",1,52329.1941580486,52329.1941580486,10.865309700013
"320","22064153B38003203294123",2,66305.385559107,132610.771118214,11.7951735835874
"321","22064153B38167262052076",1,62569.2534295107,62569.2534295107,11.044029277157
"322","22064153B38229059765707",1,23121.6289174446,23121.6289174446,10.0485237752113
"323","22064153B38280459687635",1,738.183179185777,738.183179185777,6.60419200408023
"324","22064153B38947998190164",1,799107.438426756,799107.438426756,13.5912506818247
"325","22064153B39173666137461",2,10086.1778256277,20172.3556512554,9.91206841397791
"326","22064153B3938039280311",1,2496521.80088329,2496521.80088329,14.7304090414636
"327","22064153B39627924903777",1,39446.6376890319,39446.6376890319,10.5827040929594
"328","22064153B40400083075761",1,2494.39055779135,2494.39055779135,7.82179971293368
"329","22064153B4043295129009",1,15230.772000137,15230.772000137,9.6310731340423
"330","22064153B40508197079928",1,22162.1855723413,22162.1855723413,10.0061427629086
"331","22064153B40833492978159",1,16151.7928222461,16151.7928222461,9.68978633315497
"332","22064153B41096346317753",1,14590.6863958031,14590.6863958031,9.58813868604443
"333","22064153B41154522842822",1,6121.82154055171,6121.82154055171,8.71961496856622
"334","22064153B41206405308946",1,57261.351380304,57261.351380304,10.9553811791473
"335","22064153B41318657568048",1,10968.2043176167,10968.2043176167,9.30275584958949
"336","22064153B41590295384233",1,109251.533006279,109251.533006279,11.6014081449535
"337","22064153B41643449660961",1,53108.0448119875,53108.0448119875,10.8800836988052
"338","22064153B41932272876566",1,57878.9594155614,57878.9594155614,10.9661092022763
"339","22064153B42217323909789",2,48249.2793585715,96498.558717143,11.4772833516419
"340","22064153B42347188648904",1,226890.818553298,226890.818553298,12.3322242052216
"341","22064153B4274209582436",1,37737.9691006743,37737.9691006743,10.5384220045619
"342","22064153B4286483496326",1,1263.96825690291,1263.96825690291,7.14201146118174
"343","22064153B43162211082294",1,75355.0671520606,75355.0671520606,11.2299664499961
"344","22064153B43476181465127",1,15933.419043611,15933.419043611,9.6761740091031
"345","22064153B43689420545928",1,117777.209051343,117777.209051343,11.676550059931
"346","22064153B43785762223582",1,43730.7069391702,43730.7069391702,10.6858058102761
"347","22064153B43898079170437",1,235494.796135199,235494.796135199,12.369444095104
"348","22064153B43904559584393",1,69094.5890784334,69094.5890784334,11.143231701023
"349","22064153B44054908542385",1,21444.7845123371,21444.7845123371,9.97323674851332
"350","22064153B44267984628031",2,31072.472435049,62144.944870098,11.037224756062
"351","22064153B44315864590380",1,61681.8474955568,61681.8474955568,11.0297449606997
"352","22064153B44553862516969",1,64831.5605008658,64831.5605008658,11.079547808539
"353","22064153B4475386175158",1,4044.52729511335,4044.52729511335,8.3051199611343
"354","22064153B44894866493506",1,23364.8243830329,23364.8243830329,10.0589869388654
"355","22064153B45509780052584",1,7174.84213147984,7174.84213147984,8.87833603780456
"356","22064153B4579292300123",1,7190.64266078585,7190.64266078585,8.88053582930567
"357","22064153B46015146665875",1,43909.5406216414,43909.5406216414,10.6898869016846
"358","22064153B46097580032507",1,55703.1434060913,55703.1434060913,10.9277918589027
"359","22064153B46179239075141",1,242939.572946793,242939.572946793,12.4005680203981
"360","22064153B46426068444343",1,90424.4640704384,90424.4640704384,11.4122701300174
"361","22064153B46444356983113",1,7693.2033992821,7693.2033992821,8.94809254263653
"362","22064153B46807653083164",1,95732.2080920661,95732.2080920661,11.4693100735061
"363","22064153B47073397017975",1,43763.6126496285,43763.6126496285,10.686557989667
"364","22064153B47088094291136",1,36539.3169096936,36539.3169096936,10.5061441354413
"365","22064153B47270255422143",1,31816.9559564652,31816.9559564652,10.3677546328425
"366","22064153B47508893912930",1,382887.672928398,382887.672928398,12.8554969429759
"367","22064153B47905717209978",1,127802.17636527,127802.17636527,11.7582388502428
"368","22064153B47985746370691",1,327943.597655984,327943.597655984,12.7005969142138
"369","22064153B48077040474563",1,8974.42936005909,8974.42936005909,9.10213463028321
"370","22064153B48099706637709",2,36111.8510188805,72223.702037761,11.1875235540793
"371","22064153B48186183517064",1,40388.8581185189,40388.8581185189,10.6063092367668
"372","22064153B48335058983319",1,16188.731163043,16188.731163043,9.69207067195395
"373","22064153B48342484050891",2,29227.5571827714,58455.1143655428,10.9760144629105
"374","22064153B48721476653165",1,36258.701317889,36258.701317889,10.4984346678343
"375","22064153B48836747079697",1,30635.5826888563,30635.5826888563,10.329917445343
"376","22064153B49276333720668",1,268.459258313291,268.459258313291,5.59269916430998
"377","22064153B49332133216628",1,101214.605139818,101214.605139818,11.5249983449859
"378","22064153B49599067230525",1,3272.7195736245,3272.7195736245,8.09337659213348
"379","22064153B49774886462778",1,88677.6894472034,88677.6894472034,11.3927636084427
"380","22064153B49815970658587",1,1666.99213855238,1666.99213855238,7.41877616681429
"381","22064153B50045413715781",1,946.015866927906,946.015866927906,6.85225934156228
"382","22064153B50130441477952",1,19009.0940069587,19009.0940069587,9.85267277558604
"383","22064153B50136100430042",1,129941.74268922,129941.74268922,11.7748414958362
"384","22064153B50299465118131",1,12197.49968044,12197.49968044,9.40898626549118
"385","22064153B50417144579003",1,114839.579000253,114839.579000253,11.6512914682604
"386","22064153B5049217711544",1,477.043587563016,477.043587563016,6.1676078652524
"387","22064153B51420190401517",1,1789.22205162597,1789.22205162597,7.48953619633517
"388","22064153B51590096369017",1,27126.7395834911,27126.7395834911,10.2082752208967
"389","22064153B52253141451980",1,191581.496325238,191581.496325238,12.1630685653523
"390","22064153B52526289873005",1,5868.97791183532,5868.97791183532,8.67743577702004
"391","22064153B52648905753653",1,4337.45993047781,4337.45993047781,8.37504418628226
"392","22064153B52753140489458",1,219440.736011173,219440.736011173,12.2988374796488
"393","22064153B52803081317924",1,25142.876441015,25142.876441015,10.132329892505
"394","22064153B53002187512045",1,19172.7298824449,19172.7298824449,9.86124422978463
"395","22064153B53533855614877",1,152562.386997298,152562.386997298,11.9353288864373
"396","22064153B54195115998574",1,12265.4136824579,12265.4136824579,9.41453868481991
"397","22064153B54201279846149",1,7100.04052498291,7100.04052498291,8.86785577075719
"398","22064153B54491533323860",1,26862.3324331193,26862.3324331193,10.1984803029832
"399","22064153B54493928872719",1,48532.8479810292,48532.8479810292,10.7899961256357
"400","22064153B54657262199971",1,31580.8592596622,31580.8592596622,10.3603064964218
"401","22064153B54739000283393",1,11537.3091095027,11537.3091095027,9.35334133345237
"402","22064153B5541969291593",1,10592.5822079806,10592.5822079806,9.26790924343171
"403","22064153B55424285147191",1,7409.6206809537,7409.6206809537,8.91053452682518
"404","22064153B55931345507884",1,85220.7443146518,85220.7443146518,11.353000161053
"405","22064153B56360165329958",1,41670.3747949189,41670.3747949189,10.6375457187346
"406","22064153B5639303990614",1,103.708571629288,103.708571629288,4.64158476976828
"407","22064153B56538880550239",1,3741.7487108553,3741.7487108553,8.22730835087931
"408","22064153B56558553348528",1,8920.72463731667,8920.72463731667,9.09613245964182
"409","22064153B56938477027476",1,8772.11452268997,8772.11452268997,9.07933316493477
"410","22064153B56972160606638",1,1969.59643674677,1969.59643674677,7.58558394630323
"411","22064153B56990836800595",1,181692.323564271,181692.323564271,12.1100700056342
"412","22064153B5740427837712",1,128599.999699866,128599.999699866,11.7644620884518
"413","22064153B57425006507818",1,1363050.39722258,1363050.39722258,14.1252356852134
"414","22064153B57479664595133",1,80839.6608821306,80839.6608821306,11.3002229765821
"415","22064153B57637751083346",1,1499.52011576605,1499.52011576605,7.31290041308144
"416","22064153B57655293715823",1,33268.1845350822,33268.1845350822,10.4123567998976
"417","22064153B57698371148493",1,6322.18985796489,6322.18985796489,8.75182092363828
"418","22064153B57923514267215",1,5056.56519332691,5056.56519332691,8.52844271623388
"419","22064153B58215996136290",1,417042.172608734,417042.172608734,12.9409426290216
"420","22064153B58231040039933",1,22167.5628416891,22167.5628416891,10.006385366107
"421","22064153B58298111838793",2,113789.147102766,227578.294205532,12.335249608521
"422","22064153B58560058955462",1,56745.5911051929,56745.5911051929,10.9463332425493
"423","22064153B58604351029537",1,6105.81932340088,6105.81932340088,8.71699758284735
"424","22064153B58761955320799",1,14751.6341309809,14751.6341309809,9.59910914417245
"425","22064153B5950324807443",1,70037.3287770157,70037.3287770157,11.1567836471376
"426","22064153B60310534251699",1,7924.68172406774,7924.68172406774,8.97773743693809
"427","22064153B60409495183126",1,71187.3906682088,71187.3906682088,11.1730709843599
"428","22064153B60457138296150",1,118513.515256496,118513.515256496,11.6827822858512
"429","22064153B60540012238661",1,68217.9758613017,68217.9758613017,11.1304633847805
"430","22064153B61048147512310",1,45271.7999662311,45271.7999662311,10.720439600325
"431","22064153B61344255457770",1,31797.3251621807,31797.3251621807,10.3671374508336
"432","22064153B61406224805517",1,81742.5823171713,81742.5823171713,11.3113303484613
"433","22064153B61450639125107",1,34857.8966295906,34857.8966295906,10.4590349796056
"434","22064153B61546956948147",1,10706.7890975811,10706.7890975811,9.27863331434412
"435","22064153B61862032927901",1,51892.562427793,51892.562427793,10.8569307530618
"436","22064153B62552817774637",1,403129.915474314,403129.915474314,12.9070141598825
"437","22064153B62697525642711",1,9693.96492947845,9693.96492947845,9.1792587986433
"438","22064153B62717634643612",1,28616.2274775991,28616.2274775991,10.2617292302223
"439","22064153B62984102005508",1,13838.2863231605,13838.2863231605,9.53519440092437
"440","22064153B63121572566835",1,36784.8752008268,36784.8752008268,10.5128420396958
"441","22064153B63401696697477",1,50355.6244202255,50355.6244202255,10.8268655983673
"442","22064153B63454017875441",1,15838.9547152654,15838.9547152654,9.67022767299308
"443","22064153B63784741567602",1,48218.8692055059,48218.8692055059,10.7835057007241
"444","22064153B63840040249051",1,44248.3600132508,44248.3600132508,10.6975735879018
"445","22064153B64219933693528",1,8416.41385799601,8416.41385799601,9.03793910891054
"446","22064153B64380847796562",1,43337.8700121593,43337.8700121593,10.676782127878
"447","22064153B64690480836823",1,2958.56664586497,2958.56664586497,7.99246018877361
"448","22064153B64872720029218",1,31148.5944225718,31148.5944225718,10.3465244003266
"449","22064153B65021908380510",1,17241.0971219145,17241.0971219145,9.75505118035496
"450","22064153B65083387274460",2,32728.4962505707,65456.9925011414,11.0891486029292
"451","22064153B6523383930027",1,115501.300854104,115501.300854104,11.6570370716867
"452","22064153B65355185007631",1,1321.11646202508,1321.11646202508,7.18623246265375
"453","22064153B65405257462177",1,33845.4911745809,33845.4911745809,10.4295610693084
"454","22064153B65800581846028",1,8625.26374894233,8625.26374894233,9.06245082101953
"455","22064153B65910039566541",1,70195.5311007091,70195.5311007091,11.1590399284535
"456","22064153B66021827430595",1,11778.0831298569,11778.0831298569,9.37399572154184
"457","22064153B6613288399563",1,213583.170344782,213583.170344782,12.2717815924434
"458","22064153B66595558459060",1,47642.4581290379,47642.4581290379,10.7714796201448
"459","22064153B66688444605380",1,8894.05216333787,8894.05216333787,9.09313803605658
"460","22064153B6673459285220",1,50276.0088041138,50276.0088041138,10.8252832801604
"461","22064153B6679921489494",1,68095.7667631368,68095.7667631368,11.128670328137
"462","22064153B670450203879",1,6406.28766353123,6406.28766353123,8.7650352344889
"463","22064153B67052333434032",1,18176.1622390296,18176.1622390296,9.80786624748399
"464","22064153B67091834306400",2,19914.0026129998,39828.0052259996,10.5923255927222
"465","22064153B67146630599686",1,233859.092170108,233859.092170108,12.3624740427493
"466","22064153B67668331145865",1,29871.1464422579,29871.1464422579,10.3046482915335
"467","22064153B68069187412847",1,24192.7518844669,24192.7518844669,10.0938083583767
"468","22064153B68471878713834",1,57925.0778595932,57925.0778595932,10.9669056934446
"469","22064153B68664170623687",1,5747.46394493418,5747.46394493418,8.65651398344396
"470","22064153B69011593937576",1,120367.374201437,120367.374201437,11.6983037967422
"471","22064153B69084165037525",1,28957.4405977307,28957.4405977307,10.273582465444
"472","22064153B69171179667980",1,147792.234826771,147792.234826771,11.9035627477316
"473","22064153B69254860271730",1,78587.1434069874,78587.1434069874,11.2719633951526
"474","22064153B69435349130289",1,22054.5878732581,22054.5878732581,10.0012759260465
"475","22064153B70117244890923",1,79764.4230312701,79764.4230312701,11.2868328573518
"476","22064153B70218534764896",1,13112.1307580112,13112.1307580112,9.4812930927665
"477","22064153B70291693279162",1,46719.6324806222,46719.6324806222,10.7519197510461
"478","22064153B70293086274273",1,17910.7230726335,17910.7230726335,9.79315486680449
"479","22064153B70502530200246",1,81724.6888180488,81724.6888180488,11.3111114239137
"480","22064153B71321460612085",2,5987.95079354,11975.90158708,9.39065170855401
"481","22064153B71803232115030",1,47656.2091070281,47656.2091070281,10.7717682071415
"482","22064153B72254874224731",1,11132.3993863778,11132.3993863778,9.31761499932684
"483","22064153B72367314810159",1,46634.2883473285,46634.2883473285,10.7500913509894
"484","22064153B72557409137783",1,6631.61301614307,6631.61301614307,8.79960334410889
"485","22064153B72795159098609",1,17487.2326887775,17487.2326887775,9.76922633301145
"486","22064153B7294445238824",1,1891.70583809862,1891.70583809862,7.54523426083201
"487","22064153B73176772627279",1,1426.99782542243,1426.99782542243,7.26332809359511
"488","22064153B73925612476824",1,5617.99141558579,5617.99141558579,8.6337294796434
"489","22064153B74370220833750",1,7189.83848518112,7189.83848518112,8.8804239866493
"490","22064153B74407470913412",1,21055.3559016461,21055.3559016461,9.95491024387972
"491","22064153B74601702876653",1,50254.1618868718,50254.1618868718,10.824848646111
"492","22064153B74828925689931",1,1837.46836936268,1837.46836936268,7.51614401698655
"493","22064153B75135560754886",1,25757.0224918363,25757.0224918363,10.1564625870406
"494","22064153B75384634569664",1,1734.92333700084,1734.92333700084,7.45871850523806
"495","22064153B75480988210132",1,119359.965865969,119359.965865969,11.6898991294621
"496","22064153B75558973119201",1,387687.978033692,387687.978033692,12.8679561147534
"497","22064153B76675545591158",1,87831.5666838624,87831.5666838624,11.3831762444369
"498","22064153B76687235436591",1,70172.6030586877,70172.6030586877,11.1587132440196
"499","22064153B76748152087135",2,12749.9470516768,25499.8941033536,10.1464295783282
"500","22064153B76952907325958",1,39793.4484524894,39793.4484524894,10.591457565976
"501","22064153B77062639046888",1,4168.55016298243,4168.55016298243,8.33532357159917
"502","22064153B77103081434651",1,6684.36548187073,6684.36548187073,8.8075265683327
"503","22064153B7777757861783",1,15596.0919945525,15596.0919945525,9.65477564868425
"504","22064153B77932337401071",1,2972.67684025474,2972.67684025474,7.99721811889114
"505","22064153B78228861031651",1,142213.744369613,142213.744369613,11.8650864468817
"506","22064153B78317231790134",1,28279.1815672442,28279.1815672442,10.2498811792538
"507","22064153B78492538655391",1,7710.1082986223,7710.1082986223,8.95028751297264
"508","22064153B78696629959853",1,59479.3494480913,59479.3494480913,10.9933844631923
"509","22064153B78992229918305",1,8462.1408015019,8462.1408015019,9.04335747041148
"510","22064153B79170440452296",1,7013.28334499597,7013.28334499597,8.85556125054349
"511","22064153B79593541155568",1,30977.6458034083,30977.6458034083,10.3410211202315
"512","22064153B79599851642878",1,63236.3116507183,63236.3116507183,11.0546339665789
"513","22064153B80081213273756",1,3456.50579708349,3456.50579708349,8.14801347253811
"514","22064153B80196181684705",1,432032.264230939,432032.264230939,12.9762555501572
"515","22064153B80333600461310",1,15666.4691367546,15666.4691367546,9.65927798365234
"516","22064153B80439011945054",1,23939.5324145688,23939.5324145688,10.083286447366
"517","22064153B80637713594426",1,21968.9827078389,21968.9827078389,9.99738686061243
"518","22064153B80640640435871",1,1296.769929421,1296.769929421,7.16763178185912
"519","22064153B80730466782396",1,2217.34060754666,2217.34060754666,7.70406383225267
"520","22064153B80804439158864",1,5971.13886218315,5971.13886218315,8.69469295237826
"521","22064153B8093767218470",1,2843.04373353554,2843.04373353554,7.95263049441539
"522","22064153B81057246302511",1,10788.5546308064,10788.5546308064,9.28624109476663
"523","22064153B81121179767320",1,2373335.36440761,2373335.36440761,14.6798068505094
"524","22064153B81163718541362",1,48488.6076133219,48488.6076133219,10.7890841547628
"525","22064153B81276903927902",1,177984.503661419,177984.503661419,12.0894517674025
"526","22064153B81972245228619",1,12503.1950006684,12503.1950006684,9.43373949068374
"527","22064153B81991171753056",1,6147.14769376334,6147.14769376334,8.72374346358491
"528","22064153B82042887470941",1,53419.0426381339,53419.0426381339,10.8859225650907
"529","22064153B82911662838779",1,5622.09504143086,5622.09504143086,8.6344596565941
"530","22064153B83131458706543",1,121898.382117384,121898.382117384,11.7109430431695
"531","22064153B83223852380108",1,16126.4337361734,16126.4337361734,9.68821505158259
"532","22064153B833454751178",2,3620.31054745263,7240.62109490526,8.88746226828943
"533","22064153B841709119109",1,15058.9414728975,15058.9414728975,9.61972721155941
"534","22064153B84193742615733",1,9122.16833541559,9122.16833541559,9.11846281088515
"535","22064153B84385819333701",1,14464.7523170174,14464.7523170174,9.57947009434745
"536","22064153B84489488181314",1,23746.3170255116,23746.3170255116,10.0751827248277
"537","22064153B84575638248633",1,81456.6132317956,81456.6132317956,11.3078258044947
"538","22064153B84687278012023",2,149542.792333823,299085.584667646,12.6084850477617
"539","22064153B85000886785239",2,56435.6383589414,112871.276717883,11.6340033042872
"540","22064153B8508267062616",1,102013.883873771,102013.883873771,11.5328641994129
"541","22064153B85239813190769",1,34757.4407824487,34757.4407824487,10.4561489513078
"542","22064153B85291170334429",1,17452.396730249,17452.396730249,9.76723226663748
"543","22064153B85437171259684",1,294390.141666987,294390.141666987,12.5926611790907
"544","22064153B85586917882840",1,16338.1224019608,16338.1224019608,9.70125645373082
"545","22064153B85623167351933",1,35929.5606050734,35929.5606050734,10.4893156508392
"546","22064153B85947434617393",1,370076.502957425,370076.502957425,12.8214650279973
"547","22064153B86012482981038",1,67535.881803596,67535.881803596,11.1204143178963
"548","22064153B86211377030233",2,87994.9248019013,175989.849603803,12.0781815996515
"549","22064153B86338272521773",1,30221.7289665671,30221.7289665671,10.3163164468495
"550","22064153B86372044923469",1,5801.45974410302,5801.45974410302,8.66586484488617
"551","22064153B86521976602525",2,56957.8551081025,113915.710216205,11.643214069829
"552","22064153B86683000647841",1,11753.1014929988,11753.1014929988,9.37187244159279
"553","22064153B86890605661062",1,28620.4685940527,28620.4685940527,10.2618774259342
"554","22064153B87057363105409",1,32686.8372832598,32686.8372832598,10.3947277462847
"555","22064153B87695161266591",1,13072.1753189458,13072.1753189458,9.47824122880191
"556","22064153B87971980709236",1,43446.4296137817,43446.4296137817,10.6792839550222
"557","22064153B88045540539043",1,131385.17487818,131385.17487818,11.7858885543005
"558","22064153B88194855037275",1,4667.7067675265,4667.7067675265,8.44842317385118
"559","22064153B88431886542823",1,10696.560125211,10696.560125211,9.27767748513792
"560","22064153B88432688459960",1,218706.678772519,218706.678772519,12.2954867447103
"561","22064153B88498953220491",1,4846.92009974038,4846.92009974038,8.48609875123259
"562","22064153B88729606439601",1,33500.6290348821,33500.6290348821,10.4193194947975
"563","22064153B88888028347521",1,349440.731342846,349440.731342846,12.7640892449961
"564","22064153B88946393629550",1,155410.562799545,155410.562799545,11.9538256862888
"565","22064153B89218276356736",1,5923.79874152218,5923.79874152218,8.68673320140109
"566","22064153B89369754706736",1,74196.471627499,74196.471627499,11.2144718758348
"567","22064153B89417284310535",1,5983.16590757341,5983.16590757341,8.69670512283565
"568","22064153B89943083958801",1,333975.350500615,333975.350500615,12.7188224683391
"569","22064153B90109297711492",1,10856.6741079364,10856.6741079364,9.2925352950121
"570","22064153B90377794213847",1,18476.3162590774,18476.3162590774,9.82424498869548
"571","22064153B90465324055614",1,5338.49544447442,5338.49544447442,8.58269914028361
"572","22064153B90488906209418",1,16646.2825159988,16646.2825159988,9.71994219816723
"573","22064153B90906708968862",1,20769.5022588668,20769.5022588668,9.94124095215676
"574","22064153B91415931669835",1,104399.782100008,104399.782100008,11.5559828672638
"575","22064153B91429451718848",1,56529.145045324,56529.145045324,10.9425116256442
"576","22064153B91617146751331",1,12270.3825220931,12270.3825220931,9.41494371261373
"577","22064153B92040031890076",1,31792.511914324,31792.511914324,10.3669860666475
"578","22064153B92046986895255",1,45415.676567269,45415.676567269,10.723612623266
"579","22064153B92230134603738",1,1521.94198236495,1521.94198236495,7.32774241835535
"580","22064153B92335026142603",1,10973.4438786341,10973.4438786341,9.30323344006676
"581","22064153B92521276992791",1,26493.8087018593,26493.8087018593,10.1846663507856
"582","22064153B92561466668703",1,8763.13872199378,8763.13872199378,9.07830942135321
"583","22064153B92569175059493",1,481179.501251971,481179.501251971,13.0839956629483
"584","22064153B92728866184375",1,21187.7270372433,21187.7270372433,9.9611773796875
"585","22064153B92754256682750",1,36434.6414281278,36434.6414281278,10.5032752886432
"586","22064153B92836462541903",1,170989.853126051,170989.853126051,12.0493594952801
"587","22064153B93521388220713",1,26478.9828895718,26478.9828895718,10.1841065987986
"588","22064153B93627159122123",1,21412.0011401189,21412.0011401189,9.97170684476
"589","22064153B93848225384544",1,952.685051235758,952.685051235758,6.85928436764364
"590","22064153B93879560819561",1,74774.4654700128,74774.4654700128,11.2222317349606
"591","22064153B94045297720108",1,17638.6320785457,17638.6320785457,9.77784677998619
"592","22064153B94269242958702",1,1569.53003251515,1569.53003251515,7.35853151118345
"593","22064153B94530132332923",1,34922.5566249909,34922.5566249909,10.4608882210476
"594","22064153B94546008893",2,2543.03013365737,5086.06026731474,8.53425879556084
"595","22064153B94848562576718",1,85161.3106991135,85161.3106991135,11.3523025099072
"596","22064153B94993011750115",1,20522.3100324289,20522.3100324289,9.92926786762842
"597","22064153B95660884775900",1,51890.5671200268,51890.5671200268,10.856892301576
"598","22064153B95692403593429",1,15463.840770795,15463.840770795,9.64625972406815
"599","22064153B9578504350076",1,20989.7318855994,20989.7318855994,9.9517886392981
"600","22064153B95884811797842",1,9547.06682072286,9547.06682072286,9.16398924710655
"601","22064153B96065256406270",1,153526.729533615,153526.729533615,11.9416299646193
"602","22064153B96177150781440",1,37122.431111467,37122.431111467,10.5219766780602
"603","22064153B96463446975181",1,621.154058257816,621.154058257816,6.43157913209695
"604","22064153B96844374642874",1,29072.5160846612,29072.5160846612,10.2775485424274
"605","22064153B96898003018692",1,29623.9330093101,29623.9330093101,10.2963378612254
"606","22064153B96973201528361",1,15271.2863858454,15271.2863858454,9.63372963735244
"607","22064153B97121686045482",1,87477.7606362259,87477.7606362259,11.3791398758831
"608","22064153B9735702870104",1,7448.81876232857,7448.81876232857,8.91581074341023
"609","22064153B98214763966062",1,39698.3380129664,39698.3380129664,10.5890646021457
"610","22064153B98376857578372",1,185544.940847377,185544.940847377,12.1310524004063
"611","22064153B98586949773081",2,8061.99365551459,16123.9873110292,9.68806333727502
"612","22064153B990494098117",1,267294.552994389,267294.552994389,12.4961065240458
"613","22064153B99520360805383",1,40165.7717232922,40165.7717232922,10.6007704622486
"614","22064153B99767339475906",2,16541.4158196215,33082.831639243,10.4067697452095
"615","22064153B99823885045557",1,4933.01073570932,4933.01073570932,8.50370477753571
"616","22064153B99847717856531",1,11816.8487943808,11816.8487943808,9.37728165595597
"617","22064153B99857415229909",1,15581.1021368778,15581.1021368778,9.65381405741555
"618","25037944B25466476596436",1,1148.87562374861,1148.87562374861,7.04653902459934
"619","25037944B61185375235969",1,21379.4064364,21379.4064364,9.9701834216305
"620","25037944B81164112312357",1,1.30178005695343,1.30178005695343,0.263732602445494
"621","25037944B93362533996498",1,12291.6723680887,12291.6723680887,9.41667726881841
"622","2640588B11393510524278",1,259981.650223304,259981.650223304,12.4683663314428
"623","2640588B22535822566030",1,288948.402168683,288948.402168683,12.5740034119458
"624","2640588B23864872837062",3,19624.6673333612,58874.0020000836,10.9831548800087
"625","2640588B24165862747597",1,145715.540025043,145715.540025043,11.8894116441831
"626","2640588B33083527354868",2,1387655.55953998,2775311.11907996,14.836273413862
"627","2640588B45258001695711",1,664876.388765131,664876.388765131,13.4073564208037
"628","2640588B52568839586340",1,1912971.81864713,1912971.81864713,14.4641685168173
"629","2640588B82822310999177",1,279335.133512407,279335.133512407,12.5401675353305
"630","2640588B94420346402626",1,234160.353439919,234160.353439919,12.3637614307596
"631","3306468B10183104109049",1,22251.6175253083,22251.6175253083,10.0101699827187
"632","3306468B17851422898431",1,21969.626958926,21969.626958926,9.99741618566809
"633","3306468B18266835565764",1,6946.79802100375,6946.79802100375,8.84603611599409
"634","3306468B18666570412255",1,4326.59833436236,4326.59833436236,8.37253690817458
"635","3306468B23311881925490",1,13360.0954833049,13360.0954833049,9.50002759401906
"636","3306468B24687357743066",1,4436.56441791233,4436.56441791233,8.39763557615473
"637","3306468B30631228592753",1,18278.1302612733,18278.1302612733,9.8134605564767
"638","3306468B31402927654959",1,10426.3849710736,10426.3849710736,9.25209488878541
"639","3306468B32455006078349",1,17291.6774822185,17291.6774822185,9.75798059434239
"640","3306468B33115506281893",1,7926.22992097117,7926.22992097117,8.9779327817792
"641","3306468B33433581758578",1,81350.2852851794,81350.2852851794,11.3065196195271
"642","3306468B42519572872146",1,9633.56148062021,9633.56148062021,9.17300826826134
"643","3306468B4333912279461",1,261407.310977876,261407.310977876,12.473835048327
"644","3306468B48518895695140",1,15412.7951329109,15412.7951329109,9.64295329622103
"645","3306468B48518984773258",1,15038.5363426412,15038.5363426412,9.61837127512463
"646","3306468B51834332245466",1,67384.2582882313,67384.2582882313,11.1181667130674
"647","3306468B53490324555446",1,4691.79456858691,4691.79456858691,8.45357042547873
"648","3306468B5550416760665",1,9935.58585603148,9935.58585603148,9.20387812214832
"649","3306468B55753848240652",1,130352.479496109,130352.479496109,11.7779974410151
"650","3306468B57328361484840",1,18651.999387952,18651.999387952,9.83370862511414
"651","3306468B57701305571020",1,27043.3220427606,27043.3220427606,10.2051953792216
"652","3306468B57713364990292",1,42892.0238086523,42892.0238086523,10.6664411624236
"653","3306468B59626233413170",1,18114.2620276937,18114.2620276937,9.80445486430966
"654","3306468B60047889099268",1,222796.333033482,222796.333033482,12.3140133283427
"655","3306468B62510937127431",1,21280.9616339295,21280.9616339295,9.96556813199892
"656","3306468B66909438647260",1,88913.4620786931,88913.4620786931,11.3954188394943
"657","3306468B683162392169",1,9009.16571223378,9009.16571223378,9.10599775055861
"658","3306468B70810914734022",1,11017.0274886307,11017.0274886307,9.3071973084473
"659","3306468B71944669665179",1,12606.1533221096,12606.1533221096,9.44194033262876
"660","3306468B76468188202077",1,44955.2157847624,44955.2157847624,10.7134220684243
"661","3306468B80057745223349",1,41117.2585531598,41117.2585531598,10.6241832284795
"662","3306468B80209753736626",1,28233.0792133884,28233.0792133884,10.2482495912251
"663","3306468B82901312279704",1,7206.15519035753,7206.15519035753,8.88269082734557
"664","3306468B89107795210133",1,59877.5219032951,59877.5219032951,11.0000564532967
"665","3306468B93547885769442",1,37768.5862046986,37768.5862046986,10.5392329833061
"666","3306468B9406738878397",1,6777.50015406713,6777.50015406713,8.82136360410497
"667","3306468B97025454858192",1,7744.86334715273,7744.86334715273,8.95478510868663
"668","3306468B99813204721250",1,35894.2559540128,35894.2559540128,10.4883325603938
"669","50627088B10803570714070",1,18033.3824392988,18033.3824392988,9.79997989922923
"670","50627088B1101262479506",1,6002.03011970287,6002.03011970287,8.69985304426544
"671","50627088B11139990760987",2,69983.3933856292,139966.786771258,11.8491604360981
"672","50627088B11442495571788",1,3151.78876869334,3151.78876869334,8.0557254337237
"673","50627088B12076447392742",1,10289.5368630084,10289.5368630084,9.23888281936119
"674","50627088B12095165689012",1,31531.3011660489,31531.3011660489,10.3587360192439
"675","50627088B12343009678657",1,4374.81466858437,4374.81466858437,8.38361943642801
"676","50627088B12818336981253",1,50012.037175118,50012.037175118,10.8200189989386
"677","50627088B13074792660902",1,31617.1688163942,31617.1688163942,10.3614555690063
"678","50627088B14065346793117",1,3528.97674543291,3528.97674543291,8.16876323409077
"679","50627088B14254391912134",1,59558.9201971938,59558.9201971938,10.9947213569693
"680","50627088B14404540858707",1,65946.3275735582,65946.3275735582,11.0965964715845
"681","50627088B14856852442900",1,17885.4598507981,17885.4598507981,9.79174336289728
"682","50627088B14900923212728",1,17220.4603383986,17220.4603383986,9.75385351040017
"683","50627088B15187841007732",1,35356.4839095008,35356.4839095008,10.4732370748589
"684","50627088B15392276223600",1,52083.2474421677,52083.2474421677,10.8605986298188
"685","50627088B15428140679131",1,72649.5650366703,72649.5650366703,11.1934026818734
"686","50627088B15474935979053",2,7111.79324908089,14223.5864981618,9.56265688661696
"687","50627088B15747692686260",2,48352.7269614662,96705.4539229324,11.4794250802949
"688","50627088B16557920765065",1,104582.875106046,104582.875106046,11.5577350992943
"689","50627088B16620739147386",1,4336.4210061479,4336.4210061479,8.37480463391983
"690","50627088B1685589835575",1,3850.44823524926,3850.44823524926,8.25594484524506
"691","50627088B16887744460573",1,27588.3739257643,27588.3739257643,10.2251497283873
"692","50627088B17242073021011",1,62979.3685059828,62979.3685059828,11.050562467707
"693","50627088B17251995909944",1,41597.1834878472,41597.1834878472,10.6357877393382
"694","50627088B17645051575060",1,26310.7005654438,26310.7005654438,10.1777310010247
"695","50627088B17706394506285",1,15596.7560292225,15596.7560292225,9.65481822476897
"696","50627088B1865759391292",1,7548.70200409924,7548.70200409924,8.92913090747628
"697","50627088B19134439985606",1,377787.860724516,377787.860724516,12.8420881020471
"698","50627088B19235204085767",1,49794.6795783563,49794.6795783563,10.8156634215294
"699","50627088B19487455211640",1,22523.7040283385,22523.7040283385,10.0223235460084
"700","50627088B196089850290",1,5778.49921905174,5778.49921905174,8.66189927726826
"701","50627088B19885629704089",1,21815.7560177802,21815.7560177802,9.99038774082612
"702","50627088B20342766547871",1,56617.0551792198,56617.0551792198,10.9440655470558
"703","50627088B20699508066130",1,5989.47441272773,5989.47441272773,8.69775894314084
"704","50627088B20857302677335",1,255120.717881027,255120.717881027,12.4494921155755
"705","50627088B20877208708559",1,37299.5532150175,37299.5532150175,10.5267366274105
"706","50627088B21045528675432",1,153138.988545192,153138.988545192,11.9391012098731
"707","50627088B21346817666237",2,23099.3712020328,46198.7424040656,10.7407078560081
"708","50627088B21458033761284",1,18061.7823740194,18061.7823740194,9.80155351390743
"709","50627088B21593643205085",2,73179.8021362333,146359.604272467,11.8938219153338
"710","50627088B22076648186197",1,8071.12836770839,8071.12836770839,8.99604857400627
"711","50627088B22182253639987",1,33939.410166791,33939.410166791,10.4323321599333
"712","50627088B2236724736063",1,165216.534852239,165216.534852239,12.0150122249649
"713","50627088B22623641614442",1,34102.2142454535,34102.2142454535,10.4371175950478
"714","50627088B22644840277804",1,4427.34810531156,4427.34810531156,8.39555606196777
"715","50627088B24263329941793",1,8953.60972623581,8953.60972623581,9.09981205132383
"716","50627088B24291579486400",1,7897.69968902398,7897.69968902398,8.97432681744983
"717","50627088B24566890251598",2,45264.2392309911,90528.4784619822,11.4134197593248
"718","50627088B24932390354910",1,17650.4679368237,17650.4679368237,9.77851757401135
"719","50627088B25488559154572",1,178981.567902269,178981.567902269,12.0950381069078
"720","50627088B26698937893318",2,22681.358154009,45362.716308018,10.7224458199424
"721","50627088B26783383987854",1,14910.582946013,14910.582946013,9.60982650464794
"722","50627088B26941201425875",2,29124.7523127138,58249.5046254276,10.9724908671073
"723","50627088B27024757468193",1,8031.8515664801,8031.8515664801,8.99117036149184
"724","50627088B27678172888036",1,13839.5022123599,13839.5022123599,9.53528226120978
"725","50627088B27776159649356",1,26649.8540833162,26649.8540833162,10.1905389542813
"726","50627088B28012319931887",1,5306.15310775936,5306.15310775936,8.57662238987115
"727","50627088B28272611145429",1,59535.923870896,59535.923870896,10.9943351718785
"728","50627088B28397416808425",1,27802.2592830511,27802.2592830511,10.2328725655511
"729","50627088B28606708050164",1,50043.9157994548,50043.9157994548,10.8206562149056
"730","50627088B29347766451470",1,92438.6089440447,92438.6089440447,11.4343000160713
"731","50627088B29884383288787",3,52680.9745884621,158042.923765386,11.9706219445148
"732","50627088B30233935700687",1,15197.9812315242,15197.9812315242,9.62891788429833
"733","50627088B30385640574129",1,3589.47345225696,3589.47345225696,8.18576080004462
"734","50627088B30927628561887",1,15093.7566855196,15093.7566855196,9.62203647276786
"735","50627088B31443203772787",1,32771.5244775163,32771.5244775163,10.3973152611331
"736","50627088B31771995002719",2,41337.4980583091,82674.9961166182,11.3226724908783
"737","50627088B31834230260216",1,34089.2673122213,34089.2673122213,10.436737872153
"738","50627088B31942029589440",1,16800.4977367767,16800.4977367767,9.72916379214156
"739","50627088B32586146432484",1,1291181.28608449,1291181.28608449,14.0710680829638
"740","50627088B32610413083762",1,4922.11900691223,4922.11900691223,8.50149440922681
"741","50627088B33234056869880",1,15152.0678701281,15152.0678701281,9.62589229470094
"742","50627088B33659977018142",1,20401.0409381613,20401.0409381613,9.92334120491096
"743","50627088B33975592508393",1,12698.0511808025,12698.0511808025,9.44920381034146
"744","50627088B34623658197151",2,48638.6033254785,97277.206650957,11.4853199822622
"745","50627088B35146246473930",1,40337.9655277709,40337.9655277709,10.6050483771122
"746","50627088B35314322738338",1,23453.589696906,23453.589696906,10.0627788409184
"747","50627088B35926432685545",1,17148.6030111962,17148.6030111962,9.74967199220317
"748","50627088B36255961277224",1,19151.8438525588,19151.8438525588,9.86015427470263
"749","50627088B36429080609607",1,9837.17643966484,9837.17643966484,9.19392400168054
"750","50627088B36685248092481",1,30008.3048656966,30008.3048656966,10.3092294511908
"751","50627088B3683914427881",1,122377.253966152,122377.253966152,11.7148637981813
"752","50627088B36966342842371",2,2477.04866853945,4954.0973370789,8.50797025803531
"753","50627088B3724997365997",1,24972.3382329617,24972.3382329617,10.1255240205782
"754","50627088B37392390891999",1,151952.87754721,151952.87754721,11.9313257356267
"755","50627088B3793649992837",1,4955.96745499508,4955.96745499508,8.50834767593875
"756","50627088B3794294637731",1,14770.5820064336,14770.5820064336,9.60039277938237
"757","50627088B37947281282101",1,42287.3870429544,42287.3870429544,10.6522441419167
"758","50627088B38123449736232",1,7849.98699219063,7849.98699219063,8.9682671537293
"759","50627088B38776032465791",1,37716.6978069794,37716.6978069794,10.5378581880312
"760","50627088B38864018180233",1,13986.2173817988,13986.2173817988,9.54582765095718
"761","50627088B38874433306118",1,220205.579508624,220205.579508624,12.3023168413177
"762","50627088B38886465943482",1,6656.65265416309,6656.65265416309,8.80337203270645
"763","50627088B39288283772272",1,23219.3528309185,23219.3528309185,10.0527413836713
"764","50627088B3947327185408",1,30187.0950986439,30187.0950986439,10.3151697974236
"765","50627088B39496804164051",1,57650.2923247693,57650.2923247693,10.9621505963655
"766","50627088B39502815405022",1,2775.03167972773,2775.03167972773,7.92841744223347
"767","50627088B39564204032097",1,49213.8181165869,49213.8181165869,10.8039297190759
"768","50627088B40008618856447",1,538484.147595292,538484.147595292,13.1965133370678
"769","50627088B40188913949986",1,5660.33190796783,5660.33190796783,8.64123781046163
"770","50627088B40756247802692",1,45366.0662266839,45366.0662266839,10.7225196646161
"771","50627088B41221510425691",1,28871.7075875536,28871.7075875536,10.2706174183811
"772","50627088B42339229292955",1,30377.7887590119,30377.7887590119,10.3214669874248
"773","50627088B4235190972494",1,13094.493661091,13094.493661091,9.47994708961089
"774","50627088B4261822840541",1,38747.5325544865,38747.5325544865,10.5648223567408
"775","50627088B43040746826510",1,26488.5512482021,26488.5512482021,10.1844678902534
"776","50627088B43158791534375",2,13804.4301884824,27608.8603769648,10.2258920283376
"777","50627088B43524321041523",1,52222.1767990823,52222.1767990823,10.8632625265448
"778","50627088B43766130092771",1,119172.467039724,119172.467039724,11.6883270257227
"779","50627088B44241590316005",1,20894.8580480333,20894.8580480333,9.94725838127355
"780","50627088B44268197461016",1,65152.74792742,65152.74792742,11.084489760135
"781","50627088B44969093243070",1,584613.105096049,584613.105096049,13.2787055486096
"782","50627088B45338905854221",1,14414.6057430132,14414.6057430132,9.57599725923112
"783","50627088B45390656969896",1,38938.1437166116,38938.1437166116,10.569729607441
"784","50627088B45724771957529",1,11216.926940294,11216.926940294,9.32517925032224
"785","50627088B45891459057999",1,11052.9831907921,11052.9831907921,9.3104556425274
"786","50627088B46127437383593",1,4530.96061752461,4530.96061752461,8.4186892528449
"787","50627088B46165454846438",1,2870.2516503061,2870.2516503061,7.96215498794322
"788","50627088B4619703066828",1,37022.5441633147,37022.5441633147,10.5192823077886
"789","50627088B46510877270516",2,29124.7752420998,58249.5504841996,10.9724916543887
"790","50627088B46561394419129",1,23700.8775521125,23700.8775521125,10.073267353953
"791","50627088B46995962784697",1,44711.197117155,44711.197117155,10.707979244024
"792","50627088B47037600563215",1,27550.7041923431,27550.7041923431,10.223783374775
"793","50627088B47723743355914",1,23186.9042050002,23186.9042050002,10.0513429243566
"794","50627088B47757986918048",1,39963.4891248941,39963.4891248941,10.5957215443885
"795","50627088B47907092422730",2,157218.434082046,314436.868164092,12.6585385978151
"796","50627088B48425886869278",2,8150.44108527184,16300.8821705437,9.69897450622262
"797","50627088B48437195320512",1,39630.0170768346,39630.0170768346,10.5873421170911
"798","50627088B48455449727603",1,66364.5642222096,66364.5642222096,11.102918521659
"799","50627088B48570898025332",1,23264.363995988,23264.363995988,10.0546780265308
"800","50627088B48919250536034",1,1375.8716340387,1375.8716340387,7.22684272492552
"801","50627088B49217098257647",1,64226.3332726373,64226.3332726373,11.0701685811653
"802","50627088B49259449060306",2,150977.351612187,301954.703224374,12.6180322957842
"803","50627088B49891327076679",1,19677.8407282717,19677.8407282717,9.88724844549478
"804","50627088B4993254330501",1,5009.69312221667,5009.69312221667,8.5191299391523
"805","50627088B51111814916404",1,31672.0176400345,31672.0176400345,10.3631888457457
"806","50627088B51379954961865",1,470131.113406067,470131.113406067,13.0607668994766
"807","50627088B52611553865920",1,11538.1221586931,11538.1221586931,9.35341180227102
"808","50627088B53912122145635",1,25504.1346517152,25504.1346517152,10.1465958612072
"809","50627088B53940802277719",1,4443.9713003373,4443.9713003373,8.39930369266875
"810","50627088B53955228547607",1,7808.79310744202,7808.79310744202,8.96300569919491
"811","50627088B54268846240144",1,22468.771749811,22468.771749811,10.0198817019057
"812","50627088B54593739216200",1,21121.6085559316,21121.6085559316,9.95805189760612
"813","50627088B5493322532646",1,36308.0805220218,36308.0805220218,10.4997955993928
"814","50627088B55233525258016",1,9706.79689732929,9706.79689732929,9.18058163017297
"815","50627088B56335708263076",2,32369.425822536,64738.851645072,11.0781167893722
"816","50627088B56819749517987",1,14862.8609160936,14862.8609160936,9.60662082437744
"817","50627088B5705266503054",1,16505.1852346698,16505.1852346698,9.71142986716705
"818","50627088B57230775493206",1,23519.3269688667,23519.3269688667,10.0655777863339
"819","50627088B57245332476204",1,72479.4420302589,72479.4420302589,11.1910582424292
"820","50627088B58115544909485",1,69570.1228735849,69570.1228735849,11.1500904851025
"821","50627088B58147412700600",1,22305.4764329986,22305.4764329986,10.0125875072535
"822","50627088B58610897814329",1,41374.4313136205,41374.4313136205,10.630418367899
"823","50627088B58634544896561",1,80425.6126569019,80425.6126569019,11.2950879698202
"824","50627088B58875742455013",2,100266.535606158,200533.071212316,12.2087344558294
"825","50627088B5887634213656",2,22892.2650627428,45784.5301254856,10.7317015428592
"826","50627088B58931459809132",1,18909.4882490336,18909.4882490336,9.84741909883436
"827","50627088B59132907340697",1,5719.94482363943,5719.94482363943,8.65171443811044
"828","50627088B59284126208067",1,14020.7319558723,14020.7319558723,9.54829236720527
"829","50627088B59379966693787",1,1877.4110319536,1877.4110319536,7.53764899607269
"830","50627088B59976990100146",1,9912.92314004383,9912.92314004383,9.2015945525522
"831","50627088B6071095399846",1,34832.1385661695,34832.1385661695,10.4582957615948
"832","50627088B60863102587946",1,57427.7241889413,57427.7241889413,10.9582824655081
"833","50627088B60937444103657",1,4791.87141047434,4791.87141047434,8.47467630522705
"834","50627088B61116384552584",1,112101.63180245,112101.63180245,11.627161165622
"835","50627088B61483456633974",1,30992.3408251855,30992.3408251855,10.3414953827851
"836","50627088B61911650212714",1,22943.1197636108,22943.1197636108,10.0407733781067
"837","50627088B62189506174219",1,146282.385051232,146282.385051232,11.8932941768285
"838","50627088B62290449256091",1,3106.23872547166,3106.23872547166,8.04116786021152
"839","50627088B62341505788280",1,6817.54059013386,6817.54059013386,8.82725406851703
"840","50627088B62386575329079",1,34855.6982168684,34855.6982168684,10.4589719097631
"841","50627088B62549344911498",1,80615.9749856849,80615.9749856849,11.2974521096705
"842","50627088B62561393474891",2,6655.12631819394,13310.2526363879,9.49628989215477
"843","50627088B62604007520144",1,9741.8725364458,9741.8725364458,9.18418863036032
"844","50627088B62788345344248",1,10200.6493465229,10200.6493465229,9.23020665866987
"845","50627088B62824552173050",1,12142.8728717881,12142.8728717881,9.40449768174003
"846","50627088B63268830739579",1,18436.6060809495,18436.6060809495,9.82209342816169
"847","50627088B63332967359881",1,27973.6715680853,27973.6715680853,10.2390190456571
"848","50627088B63447135743237",1,7392.63851909138,7392.63851909138,8.90823998933821
"849","50627088B63985202353030",1,6805.74719820227,6805.74719820227,8.82552271041012
"850","50627088B64168457575480",1,425455.815502151,425455.815502151,12.9609163802456
"851","50627088B64189905632307",1,6260.04973369847,6260.04973369847,8.74194340874285
"852","50627088B6449807032479",1,19724.8593441508,19724.8593441508,9.88963501484712
"853","50627088B64619334383932",1,124398.027592898,124398.027592898,11.731241603799
"854","50627088B65029652077397",1,18363.7720622306,18363.7720622306,9.81813509308508
"855","50627088B6511660519549",1,39915.0965132484,39915.0965132484,10.5945098900464
"856","50627088B6540775027935",1,22600.3174587545,22600.3174587545,10.0257192320093
"857","50627088B65473420567883",1,23964.5877023452,23964.5877023452,10.0843325072874
"858","50627088B65715606255874",1,40797.5411189333,40797.5411189333,10.6163770918833
"859","50627088B6632860871958",1,855890.124142158,855890.124142158,13.6598972872381
"860","50627088B66496365235965",1,64205.075505241,64205.075505241,11.0698375442672
"861","50627088B66940099023343",1,18783.5387580207,18783.5387580207,9.8407361672806
"862","50627088B67136120570022",1,20139.9715843478,20139.9715843478,9.91046175536529
"863","50627088B67615476566962",2,23999.4503492848,47998.9006985696,10.7789333875146
"864","50627088B67795620919369",1,94425.7240208002,94425.7240208002,11.4555688152325
"865","50627088B67806345736570",1,40102.2741515666,40102.2741515666,10.5991883236957
"866","50627088B68006893150413",1,14098.0056713739,14098.0056713739,9.5537886246159
"867","50627088B68116165686784",3,146902.98441879,440708.95325637,12.9961399666128
"868","50627088B6848821284294",2,26966.2367235713,53932.4734471426,10.8954880513096
"869","50627088B68671951504705",1,7272.28280926849,7272.28280926849,8.89182552526455
"870","50627088B69009115313413",1,25362.6224014652,25362.6224014652,10.1410318102029
"871","50627088B69459727871118",1,13717.3077565626,13717.3077565626,9.52641365436892
"872","50627088B69518747505267",1,24571.6393617908,24571.6393617908,10.109348185381
"873","50627088B69658113715616",2,17524.195758522,35048.391517044,10.4644850003125
"874","50627088B69738836017174",1,24398.0165926888,24398.0165926888,10.1022571207924
"875","50627088B697962436466",1,8896.7587169567,8896.7587169567,9.09344230028128
"876","50627088B69956454145836",1,75316.264628863,75316.264628863,11.2294513881911
"877","50627088B70229616994198",1,41154.9994111635,41154.9994111635,10.625100691099
"878","50627088B70831883496545",1,48815.2579988989,48815.2579988989,10.7957982068839
"879","50627088B70833625521917",1,4117.84143628189,4117.84143628189,8.32308438181529
"880","50627088B70849430665629",1,284121.456345012,284121.456345012,12.5571570889082
"881","50627088B71389499937182",1,8222.24241726875,8222.24241726875,9.01459825100138
"882","50627088B71683874346404",1,21785.5036855305,21785.5036855305,9.98900005903388
"883","50627088B71737846515518",1,3940.76637740381,3940.76637740381,8.27913049540839
"884","50627088B73039114437677",1,3379.05821840111,3379.05821840111,8.12535231604237
"885","50627088B73050427186978",1,198508.448229487,198508.448229487,12.1985869385538
"886","50627088B73068630585578",1,25263.43164526,25263.43164526,10.1371132396171
"887","50627088B73077765096958",1,1770.64861328457,1770.64861328457,7.47910120662551
"888","50627088B73152877685889",1,6343.62795024879,6343.62795024879,8.75520611566947
"889","50627088B73770248415585",3,74032.961351465,222098.884054395,12.3108779853512
"890","50627088B73948471129715",1,18123.3221296376,18123.3221296376,9.80495490327988
"891","50627088B74284506358028",1,27888.4125387619,27888.4125387619,10.2359665603484
"892","50627088B74426866843112",1,31994.6757985802,31994.6757985802,10.3733247866446
"893","50627088B74435017119016",1,34557.66137798,34557.66137798,10.4503845521672
"894","50627088B74559046187795",1,448439.815621146,448439.815621146,13.0135297611113
"895","50627088B76307625874886",1,10188.0532367435,10188.0532367435,9.22897106152184
"896","50627088B76756657646765",1,27218.3551160047,27218.3551160047,10.2116468451365
"897","50627088B76976596426354",2,20849.2740212915,41698.548042583,10.638221588058
"898","50627088B77464015235470",1,15690.7673157086,15690.7673157086,9.66082774929282
"899","50627088B77500385000794",1,10285.7992536405,10285.7992536405,9.23851950967936
"900","50627088B77985545046422",2,192737.425455587,385474.850911174,12.862231232273
"901","50627088B78900582914746",1,7641.09161011182,7641.09161011182,8.94129575285875
"902","50627088B79504464197086",1,15932.2803474008,15932.2803474008,9.67610254064438
"903","50627088B79623688791809",1,12739.9839105385,12739.9839105385,9.45250066621629
"904","50627088B80711859528483",1,10589.8414880645,10589.8414880645,9.26765047040642
"905","50627088B81148704477128",1,15901.8410451251,15901.8410451251,9.67419017050687
"906","50627088B81366253066727",1,6919.81266877763,6919.81266877763,8.8421439772594
"907","50627088B81723111751248",1,2601.38789860003,2601.38789860003,7.86380038873908
"908","50627088B81925526964077",1,12758.5449342975,12758.5449342975,9.45395651703422
"909","50627088B82139506900234",1,1419081.67269114,1419081.67269114,14.1655205109983
"910","50627088B82523169832508",1,90194.8368084453,90194.8368084453,11.4097274628208
"911","50627088B83816556516",1,9762.55788865607,9762.55788865607,9.18630972382624
"912","50627088B83838982860206",1,21434.8336549728,21434.8336549728,9.97277261856216
"913","50627088B84369404768705",1,1139.47609227031,1139.47609227031,7.03832386757078
"914","50627088B84554678203253",1,75852.0966790613,75852.0966790613,11.2365406268345
"915","50627088B84573477365023",2,11741.1816683352,23482.3633366704,10.064004922057
"916","50627088B84805364121856",1,41387.8316182083,41387.8316182083,10.6307421943443
"917","50627088B84888194044649",1,49272.1803220438,49272.1803220438,10.8051149070867
"918","50627088B85040406712653",1,4851.36400578272,4851.36400578272,8.48701518269717
"919","50627088B85246056724718",1,7344.24816291463,7344.24816291463,8.90167272297596
"920","50627088B85348734298248",1,17064.6472787053,17064.6472787053,9.74476419184535
"921","50627088B85628138735153",1,29205.0908129557,29205.0908129557,10.2820983159699
"922","50627088B85707069751061",2,42945.3094867161,85890.6189734322,11.3608298933175
"923","50627088B85761395013038",1,833319.94158061,833319.94158061,13.6331729309379
"924","50627088B85781169785703",2,29674.0531211683,59348.1062423366,10.9911754912278
"925","50627088B85830591431491",1,23621.7605000692,23621.7605000692,10.0699236212697
"926","50627088B86222630376242",1,10030.236173783,10030.236173783,9.21335942741685
"927","50627088B86434321142038",1,8068.47909457251,8068.47909457251,8.99572027938499
"928","50627088B86514421558272",2,19333.8970021266,38667.7940042532,10.5627623362778
"929","50627088B86535145989584",1,22567.1150231417,22567.1150231417,10.0242490381209
"930","50627088B86600240710870",1,10722.4197519177,10722.4197519177,9.28009213227981
"931","50627088B87569802470546",1,77923.9734745587,77923.9734745587,11.2634889312996
"932","50627088B87770668885129",2,10609.9469907544,21219.8939815088,9.96269441599662
"933","50627088B8833204369872",1,22362.2242657846,22362.2242657846,10.0151283975357
"934","50627088B88355080019146",1,106993.035298409,106993.035298409,11.5805190206565
"935","50627088B88478312202037",1,17242.8282990143,17242.8282990143,9.75515158522941
"936","50627088B8879527191332",1,10722.4763989854,10722.4763989854,9.28009741531474
"937","50627088B89189510958197",1,23803.0181877727,23803.0181877727,10.0775676662316
"938","50627088B89309847194921",2,15007.4377904687,30014.8755809374,10.3094483904479
"939","50627088B89415204754484",2,16410.333604804,32820.667209608,10.3988136937978
"940","50627088B90299742739886",2,78619.8557243559,157239.711448712,11.9655267444331
"941","50627088B9042251287678",1,6975.5865360104,6975.5865360104,8.85017169433839
"942","50627088B90552262632794",1,67579.0407938751,67579.0407938751,11.1210531665285
"943","50627088B90633980293506",1,26488.2471702118,26488.2471702118,10.1844564105869
"944","50627088B91024651909161",1,56781.827600357,56781.827600357,10.9469716169052
"945","50627088B9136156022716",1,20386.3478062535,20386.3478062535,9.92262073061753
"946","50627088B91414263136066",1,28345.6899017347,28345.6899017347,10.2522302659131
"947","50627088B91562920030226",1,68932.9447788139,68932.9447788139,11.1408894962614
"948","50627088B91833762276728",1,8270.7248406963,8270.7248406963,9.02047743117772
"949","50627088B93334545972331",1,82216.0837012983,82216.0837012983,11.3171062273702
"950","50627088B93704766177629",1,16976.0329104214,16976.0329104214,9.73955779949594
"951","50627088B93952904425300",1,29091.8298591695,29091.8298591695,10.2782126528856
"952","50627088B94686315759105",1,12438.0191658933,12438.0191658933,9.42851312257705
"953","50627088B9468705483198",1,88989.5056682365,88989.5056682365,11.3962737279219
"954","50627088B95140334910762",1,17231.4222697498,17231.4222697498,9.75448987224116
"955","50627088B95272323140110",2,8440.7928448636,16881.5856897272,9.73397870270284
"956","50627088B95412074222990",1,30434.144780008,30434.144780008,10.3233204406485
"957","50627088B95926354203018",2,6604.15061425325,13208.3012285065,9.48860079185917
"958","50627088B95956729809463",1,30607.1730052806,30607.1730052806,10.3289896724076
"959","50627088B9683107212546",1,5381.88333199202,5381.88333199202,8.59079365360708
"960","50627088B96947768971669",1,45746.301401025,45746.301401025,10.7308662237422
"961","50627088B96984621240614",1,48796.0553738052,48796.0553738052,10.7954047560701
"962","50627088B96990632863849",1,5255.60630438153,5255.60630438153,8.567050653322
"963","50627088B972054417519",1,15655.8185959009,15655.8185959009,9.6585979221348
"964","50627088B97222259694583",1,62196.1412570623,62196.1412570623,11.038048239135
"965","50627088B97238980475800",1,9640.35819017531,9640.35819017531,9.17371354357149
"966","50627088B97349809534472",1,8480.95332015563,8480.95332015563,9.04557814229699
"967","50627088B97404190214599",1,37451.9817921536,37451.9817921536,10.5308149058938
"968","50627088B97427908684721",1,3383.88436654675,3383.88436654675,8.12677954950007
"969","50627088B97474247637158",2,5116.07952270175,10232.1590454035,9.23329088705925
"970","50627088B97712252064596",1,20249.4253368454,20249.4253368454,9.91588169370462
"971","50627088B97864813450570",1,18985.4064090139,18985.4064090139,9.85142587928502
"972","50627088B97959743507654",1,13804.6114049208,13804.6114049208,9.53275797510322
"973","50627088B99010084174784",1,11655.691003603,11655.691003603,9.36354983788081
"974","50627088B99350928846043",1,16899.8594483231,16899.8594483231,9.73506058420931
"975","50627088B99358381769751",1,7245.88014538203,7245.88014538203,8.88818833052082
"976","50627088B99446840906957",1,8364.70917820854,8364.70917820854,9.03177684631429
"977","50627088B99461969651852",1,18717.9361461095,18717.9361461095,9.8372374953485
"978","52423323B10770912620871",1,10020.4045291673,10020.4045291673,9.21237874599631
"979","52423323B11217217149990",1,16544.4286536257,16544.4286536257,9.71380468688701
"980","52423323B11454809492263",1,196016.821219205,196016.821219205,12.1859557570771
"981","52423323B12414310346130",1,98070.0464468425,98070.0464468425,11.4934372619953
"982","52423323B12833551098527",2,128608.577057312,257217.154114624,12.4576759647461
"983","52423323B13440849980241",1,22487.1857619382,22487.1857619382,10.0207009042618
"984","52423323B1474651347139",1,552221.815293309,552221.815293309,13.2217050838429
"985","52423323B15178674781049",1,10024.8218804511,10024.8218804511,9.21281948448087
"986","52423323B15524353330478",1,16643.3269957687,16643.3269957687,9.71976463403949
"987","52423323B17696390858849",1,14957.3775725783,14957.3775725783,9.61295994021169
"988","52423323B18388852349045",1,433067.999639753,433067.999639753,12.9786500377026
"989","52423323B1848134729501",1,22481.3513718983,22481.3513718983,10.0204414166091
"990","52423323B19363512128609",1,38601.4069229334,38601.4069229334,10.5610440035693
"991","52423323B19551708928957",1,18174.0657957332,18174.0657957332,9.8077509005708
"992","52423323B20033821816181",1,22383.5986494735,22383.5986494735,10.016083766503
"993","52423323B20904030146167",1,81821.1389789004,81821.1389789004,11.3122909119304
"994","52423323B21555121079401",1,25770.8006211745,25770.8006211745,10.1569973711178
"995","52423323B23065911216534",1,63997.4030330413,63997.4030330413,11.0665977839098
"996","52423323B23187437311114",1,17278.5813167201,17278.5813167201,9.75722293926083
"997","52423323B24042566063234",1,19616.0533137989,19616.0533137989,9.88410355660535
"998","52423323B24171754221857",1,19475.9430043345,19475.9430043345,9.87693529084188
"999","52423323B24374118756393",1,6789.91314258808,6789.91314258808,8.82319342851041
"1000","52423323B24465829142626",1,10536.9860908168,10536.9860908168,9.26264683156609
"1001","52423323B24644642941407",2,225351.359971984,450702.719943968,13.0185632435928
"1002","52423323B25931574604795",1,17825.4255033573,17825.4255033573,9.78838111615367
"1003","52423323B26821031365156",1,15541.8957299653,15541.8957299653,9.65129460682668
"1004","52423323B27040576130410",1,392644.188090582,392644.188090582,12.8806591069377
"1005","52423323B27439582532785",1,27026.1995680076,27026.1995680076,10.2045620288677
"1006","52423323B28238125667725",1,22388.4512125779,22388.4512125779,10.0163005340237
"1007","52423323B28526478136706",1,58352.5028906826,58352.5028906826,10.9742575312366
"1008","52423323B29014105242179",1,38952.9492676318,38952.9492676318,10.5701097677554
"1009","52423323B29086368153286",1,11214.3784099395,11214.3784099395,9.3249520205355
"1010","52423323B29295723597206",1,25607.2926210118,25607.2926210118,10.1506324579087
"1011","52423323B29299909449407",1,54867.1734886404,54867.1734886404,10.9126705158529
"1012","52423323B29588841600752",1,6642.98330704118,6642.98330704118,8.80131643479759
"1013","52423323B30388068130066",1,3797.74580652264,3797.74580652264,8.24216296088669
"1014","52423323B30660787387820",1,348987.886049624,348987.886049624,12.7627924901226
"1015","52423323B31228113371343",1,5099.64144515991,5099.64144515991,8.53692551137031
"1016","52423323B31615661575159",1,63449.1485815617,63449.1485815617,11.0579940543222
"1017","52423323B33049838557264",2,1443.53102880454,2887.06205760908,7.96799467496675
"1018","52423323B33793433125252",1,14848.8939544989,14848.8939544989,9.60568066027846
"1019","52423323B35006791438696",1,65937.7644463466,65937.7644463466,11.0964666132052
"1020","52423323B35187147605368",1,20986.9744576669,20986.9744576669,9.95165726034169
"1021","52423323B35502407860174",1,47236.0762443375,47236.0762443375,10.7629132068349
"1022","52423323B36663925787207",1,22478.3785661868,22478.3785661868,10.0203091735676
"1023","52423323B3691200212151",1,10357.6149823695,10357.6149823695,9.24547727525315
"1024","52423323B38482742195031",1,11940.7311712955,11940.7311712955,9.3877106221986
"1025","52423323B38780973615632",1,189170.391906548,189170.391906548,12.1504034323737
"1026","52423323B39330829782254",1,23313.6705954274,23313.6705954274,10.0567951883342
"1027","52423323B39402203079771",1,4382.51230666443,4382.51230666443,8.38537742492937
"1028","52423323B39944248465098",1,21736.4366418223,21736.4366418223,9.98674523932097
"1029","52423323B40358920448273",1,9218.0166533661,9218.0166533661,9.12891517989263
"1030","52423323B41510935650721",1,370452.714452516,370452.714452516,12.8224810892644
"1031","52423323B41586767659607",1,6540.40240710172,6540.40240710172,8.78575397269622
"1032","52423323B42356104193293",1,204317.372974778,204317.372974778,12.2274298137776
"1033","52423323B42496570047924",1,152164.239544805,152164.239544805,11.9327157398043
"1034","52423323B42791453202127",1,99494.5328007585,99494.5328007585,11.507857974911
"1035","52423323B4289293971821",1,10758.1396872136,10758.1396872136,9.28341792724541
"1036","52423323B43145970536326",1,33264.293979114,33264.293979114,10.4122398478147
"1037","52423323B44157144266829",1,35860.7502329016,35860.7502329016,10.4873986681032
"1038","52423323B44486980116087",1,47829.662286764,47829.662286764,10.7754012759504
"1039","52423323B4514438281509",1,236934.969803327,236934.969803327,12.3755409934502
"1040","52423323B45505395463487",1,45990.2090365776,45990.2090365776,10.7361838057852
"1041","52423323B45605902717918",1,12424.0664497627,12424.0664497627,9.42739071331411
"1042","52423323B46156622998042",1,44007.235176597,44007.235176597,10.6921093352141
"1043","52423323B4621357576796",1,12676.0962893085,12676.0962893085,9.44747331697228
"1044","52423323B47433581718173",1,35657.2999274948,35657.2999274948,10.4817091714303
"1045","52423323B47497093243576",1,37468.5765055868,37468.5765055868,10.5312579008229
"1046","52423323B48942229676406",1,964151.287066063,964151.287066063,13.7790034980699
"1047","52423323B49434157073126",2,3182.9273694111,6365.8547388222,8.75870378930055
"1048","52423323B49517709144014",1,181375.16372834,181375.16372834,12.1083228928923
"1049","52423323B49559413251956",1,91871.5819823072,91871.5819823072,11.4281470329094
"1050","52423323B49658569394047",1,82985.4818353274,82985.4818353274,11.3264209538322
"1051","52423323B49982915430318",1,48110.8291237366,48110.8291237366,10.7812625684618
"1052","52423323B51150866941712",1,5289.69599523592,5289.69599523592,8.57351605538171
"1053","52423323B51535248954707",1,51207.216384905,51207.216384905,10.8436357461135
"1054","52423323B52740470378798",1,17159.7690890578,17159.7690890578,9.7503229166028
"1055","52423323B5286931917033",1,78489.1628178503,78489.1628178503,11.2707158409645
"1056","52423323B53082153991238",1,13859.9355063157,13859.9355063157,9.53675761950909
"1057","52423323B55850003369586",1,9714.14093637535,9714.14093637535,9.18133793138345
"1058","52423323B57343387643599",1,27247.1684906342,27247.1684906342,10.2127048860919
"1059","52423323B57345599867870",1,32326.7053400732,32326.7053400732,10.3836489583219
"1060","52423323B57520474770079",1,17780.9079416405,17780.9079416405,9.78588057309822
"1061","52423323B57598865741188",1,13477.2068742827,13477.2068742827,9.50875515782443
"1062","52423323B5794774245983",1,16682.4151460353,16682.4151460353,9.72211045835903
"1063","52423323B58673559392327",1,39874.2421211038,39874.2421211038,10.5934858335392
"1064","52423323B58689815854296",1,8860.88837536806,8860.88837536806,9.08940230667285
"1065","52423323B58777265344291",1,25679.0677170234,25679.0677170234,10.1534314532907
"1066","52423323B58805530467838",1,166403.225400858,166403.225400858,12.0221691906
"1067","52423323B59070607035282",1,24713.664243808,24713.664243808,10.1151115779041
"1068","52423323B59284003127327",1,77162.3056199423,77162.3056199423,11.2536663475989
"1069","52423323B59309209567710",1,8192.2016255706,8192.2016255706,9.01093795947282
"1070","52423323B60260447284731",1,114641.388929473,114641.388929473,11.6495641780033
"1071","52423323B60501572550321",1,43265.0749983636,43265.0749983636,10.6751010065043
"1072","52423323B60614723714205",1,17315.3909270628,17315.3909270628,9.75935103394595
"1073","52423323B60640707975629",1,1002844.98784378,1002844.98784378,13.8183515064895
"1074","52423323B60755765681698",1,372750.493263899,372750.493263899,12.8286645559364
"1075","52423323B61850216097396",1,313047.762560642,313047.762560642,12.6541110539211
"1076","52423323B63255212949591",1,85837.6208920979,85837.6208920979,11.3602126613112
"1077","52423323B63822520478885",1,15249.938296857,15249.938296857,9.63233073591963
"1078","52423323B64112119736585",1,60482.0077792718,60482.0077792718,11.010101207711
"1079","52423323B64374819566346",1,31051.5065087676,31051.5065087676,10.3434026049855
"1080","52423323B65299920660671",1,7933.37059799666,7933.37059799666,8.9788332682069
"1081","52423323B66062574427882",1,64593.8910268491,64593.8910268491,11.0758751191512
"1082","52423323B67769542433711",1,10816.1637753206,10816.1637753206,9.28879694011713
"1083","52423323B68249799438553",1,303611.538252661,303611.538252661,12.6235043285662
"1084","52423323B6841559990412",1,9364.35256961317,9364.35256961317,9.14466547950528
"1085","52423323B68831425011801",1,30068.2886451862,30068.2886451862,10.3112263619981
"1086","52423323B68904174883849",1,10784.7751344546,10784.7751344546,9.28589070876395
"1087","52423323B69510084173682",1,23813.3594386793,23813.3594386793,10.0780020231308
"1088","52423323B69845491949418",1,5836.35276673725,5836.35276673725,8.6718613544809
"1089","52423323B69937594660811",1,106085.331395902,106085.331395902,11.5719990624138
"1090","52423323B70191096340294",1,57473.5056542967,57473.5056542967,10.9590793493681
"1091","52423323B71262883524424",1,3232.46232089385,3232.46232089385,8.08099945424207
"1092","52423323B71362647483761",1,50740.0454671309,50740.0454671309,10.8344707292335
"1093","52423323B72025487819763",1,65459.3014771052,65459.3014771052,11.0891838770099
"1094","52423323B73642037306772",1,26947.6725073987,26947.6725073987,10.2016522092458
"1095","52423323B73755605771607",1,12757.8457810729,12757.8457810729,9.45390171671135
"1096","52423323B74647916820461",1,280147.936463123,280147.936463123,12.5430730871377
"1097","52423323B74651487208839",1,1454914.08539666,1454914.08539666,14.190457409007
"1098","52423323B74845935741438",1,42370.8276956755,42370.8276956755,10.6542153783761
"1099","52423323B75387394783245",1,7634.94310091501,7634.94310091501,8.94049076522352
"1100","52423323B7621511423784",1,67775.4924634402,67775.4924634402,11.1239559404923
"1101","52423323B76675634203570",1,205399.280149813,205399.280149813,12.2327110718444
"1102","52423323B77456184843444",1,38820.9813387423,38820.9813387423,10.5667161356086
"1103","52423323B7766336727769",1,31289.9129177622,31289.9129177622,10.3510510535898
"1104","52423323B7787272397887",1,22451.4202709768,22451.4202709768,10.0191091549099
"1105","52423323B78124087935217",1,8631.3210803085,8631.3210803085,9.06315285235132
"1106","52423323B78408762151605",1,21323.9988798749,21323.9988798749,9.9675884254138
"1107","52423323B78995174680355",1,38600.8840892045,38600.8840892045,10.561030459056
"1108","52423323B79545259368110",1,24727.4716539435,24727.4716539435,10.115670117276
"1109","52423323B79828539547884",1,15517.4734184464,15517.4734184464,9.64972198528144
"1110","52423323B8015598177606",1,36285.6719839488,36285.6719839488,10.499178231148
"1111","52423323B80488084984098",1,134866.192382447,134866.192382447,11.8120383983518
"1112","52423323B80658823199099",1,61101.6228150629,61101.6228150629,11.0202937047916
"1113","52423323B81362152802157",1,36436.6470322427,36436.6470322427,10.5033303337552
"1114","52423323B8273444603527",1,8427.39785494102,8427.39785494102,9.03924332658872
"1115","52423323B83955157156950",1,14087.2444802714,14087.2444802714,9.55302502013714
"1116","52423323B84079682288186",1,15849.8722922005,15849.8722922005,9.67091672199855
"1117","52423323B84288855823535",1,16644.1767812101,16644.1767812101,9.71981569136402
"1118","52423323B84884093129235",1,13062.7091018307,13062.7091018307,9.4775168163747
"1119","52423323B87493021835120",1,6324.3305170089,6324.3305170089,8.7521594608803
"1120","52423323B88346706041941",1,17859.4391462036,17859.4391462036,9.79028745114926
"1121","52423323B89095979768241",1,16304.3359028979,16304.3359028979,9.6991863577342
"1122","52423323B90119869144557",1,168485.505892575,168485.505892575,12.0346050066331
"1123","52423323B90214298110326",1,25569.9706804548,25569.9706804548,10.1491739216461
"1124","52423323B90493034811524",1,72580.3755306002,72580.3755306002,11.1924498547768
"1125","52423323B90608613064350",1,112081.824366847,112081.824366847,11.6269844582414
"1126","52423323B91495403121400",1,45090.167839618,45090.167839618,10.7164194937328
"1127","52423323B94499029324325",1,21290.2359718199,21290.2359718199,9.96600384151891
"1128","52423323B94618395838075",1,208643.098897676,208643.098897676,12.2483804104556
"1129","52423323B95001910303654",1,24690.3427024799,24690.3427024799,10.1141674624567
"1130","52423323B95461713566074",1,9020.96237161099,9020.96237161099,9.10730630044863
"1131","52423323B95908635814983",1,12869.7704509273,12869.7704509273,9.46263646445033
"1132","52423323B9618311815094",1,12643.377947493,12643.377947493,9.44488887467929
"1133","52423323B96529923169881",1,18903.7302168064,18903.7302168064,9.84711454754223
"1134","52423323B9714616989875",1,6651.00254281721,6651.00254281721,8.80252288060538
"1135","52423323B97274503585716",1,46360.6932453827,46360.6932453827,10.7442072508661
"1136","52423323B98536911266025",1,17094.8333135287,17094.8333135287,9.74653155142795
"1137","52423323B99063612255377",1,125193.478244572,125193.478244572,11.7376156455931
"1138","52423323B99380284594024",1,11406.1878000645,11406.1878000645,9.341911276605
"1139","52423323B9967886911021",1,162677.712282154,162677.712282154,11.9995262972357
"1140","52472329B16958301240037",1,1897.19802620674,1897.19802620674,7.54813335363115
"1141","52472329B19766585583682",1,3344.4308217665,3344.4308217665,8.11505180016649
"1142","52472329B22687598135129",1,2865.41054236667,2865.41054236667,7.96046691464796
"1143","52472329B33043462803625",1,3290.62399740076,3290.62399740076,8.09883249063876
"1144","52472329B33869241417022",1,1968.30220254535,1968.30220254535,7.58492662402728
"1145","52472329B35296791475509",1,1649.72431852404,1649.72431852404,7.40836347325286
"1146","52472329B55778484611891",1,11582.9742701883,11582.9742701883,9.35729156358725
"1147","52472329B57902249562742",1,2074.761791218,2074.761791218,7.63760162666183
"1148","52472329B65639645183115",1,4172.47908307053,4172.47908307053,8.33626564247862
"1149","52472329B68765441097226",1,2699.05021638127,2699.05021638127,7.9006552183956
"1150","52472329B72200716330993",1,2298.65344481669,2298.65344481669,7.74007877169398
"1151","52472329B86967002358759",1,1368.45924609562,1368.45924609562,7.22144074805602
"1152","52472329B95288510107666",1,4927.73059720127,4927.73059720127,8.5026338359433
"1153","52472329B96254136738283",1,2815.32755834714,2815.32755834714,7.94283389556171
"1154","52511910B1114695065436",1,239332.051054763,239332.051054763,12.385607201638
"1155","52511910B11437294536827",1,104970.87700519,104970.87700519,11.5614382288124
"1156","52511910B12166681712059",3,6437.05888136575,19311.1766440972,9.86843930800928
"1157","52511910B12217989868885",2,24618.0585013923,49236.1170027846,10.8043827185939
"1158","52511910B12239492719020",1,21702.2066224542,21702.2066224542,9.98516922202941
"1159","52511910B12240276172675",3,38762.2694915265,116286.80847458,11.6638149053717
"1160","52511910B1240337598967",3,22384.3611716417,67153.0835149251,11.1147301207024
"1161","52511910B132067886793",3,18275.6142390684,54826.8427172052,10.9119351836142
"1162","52511910B13267113488931",1,13403.0320767891,13403.0320767891,9.50323623473006
"1163","52511910B13500089926277",3,21832.1162354522,65496.3487063566,11.0897496751284
"1164","52511910B1376149917055",3,20617.6694553516,61853.0083660548,11.0325160163476
"1165","52511910B14295991899678",2,28245.7832011037,56491.5664022074,10.9418466387755
"1166","52511910B1429973809191",3,13744.343174892,41233.029524676,10.62699490165
"1167","52511910B14571669428725",2,6959.06027365675,13918.1205473135,9.54094690661987
"1168","52511910B14763561478876",1,12349.7453179907,12349.7453179907,9.42139071981844
"1169","52511910B14944460308189",3,17908.5984225398,53725.7952676194,10.8916485239627
"1170","52511910B14985671444346",3,133674.30582078,401022.91746234,12.9017738554346
"1171","52511910B15112316927565",3,33497.5108559611,100492.532567883,11.5178387009135
"1172","52511910B15727969780764",3,71231.2983571764,213693.895071529,12.2722998731478
"1173","52511910B16211515353621",2,13169.2961884046,26338.5923768092,10.1787905333533
"1174","52511910B16548233454257",2,3761.83705848735,7523.6741169747,8.92580987701277
"1175","52511910B1724778943765",1,6516.02072502866,6516.02072502866,8.78201915035357
"1176","52511910B17356876538254",3,50611.7963857565,151835.38915727,11.9305522469263
"1177","52511910B17390178466990",1,8186.97758718865,8186.97758718865,9.01030007176291
"1178","52511910B17490321584859",1,162758.515438244,162758.515438244,12.0000228809032
"1179","52511910B17517272780410",1,285535.864994486,285535.864994486,12.5621229218854
"1180","52511910B17799667237096",2,8656.57184104477,17313.1436820895,9.75922124243143
"1181","52511910B18270670997793",3,20037.3663995979,60112.0991987937,11.0039664180452
"1182","52511910B1854707671717",1,194537.199017676,194537.199017676,12.1783786783434
"1183","52511910B19191805182315",1,141222.579373075,141222.579373075,11.8580925018311
"1184","52511910B19330386236783",3,38619.7867031784,115859.360109535,11.6601323216726
"1185","52511910B19407638162060",2,2057.99945956031,4115.99891912062,8.32263683434959
"1186","52511910B19586040436612",3,11866.361222592,35599.083667776,10.4800751768396
"1187","52511910B21046020325533",2,14454.4479822633,28908.8959645266,10.2719046455758
"1188","52511910B21260910933226",1,19079.5158541917,19079.5158541917,9.85637057016208
"1189","52511910B21548483035565",3,8568.49364056507,25705.4809216952,10.1544595135811
"1190","52511910B2226983620167",3,91084.5791582132,273253.73747464,12.518156083803
"1191","52511910B22417450396653",2,8625.00219309319,17250.0043861864,9.75556767673115
"1192","52511910B23437445078556",2,87478.7293889158,174957.458777832,12.0722981306557
"1193","52511910B24095937104675",1,9264.59240809344,9264.59240809344,9.13395514510129
"1194","52511910B24425392494170",3,26678.36712205,80035.10136615,11.2902205845028
"1195","52511910B24462040337349",2,37224.9504702665,74449.900940533,11.217881707561
"1196","52511910B24890266463781",1,98888.8363087845,98888.8363087845,11.501751632663
"1197","52511910B24911018318465",2,74676.7672037081,149353.534407416,11.9140714886298
"1198","52511910B25870488928169",3,1327.12829811014,3981.38489433042,8.28938500115286
"1199","52511910B26321075911025",2,114993.743795544,229987.487591088,12.3457801846476
"1200","52511910B26426295483490",3,33537.1095869441,100611.328760832,11.5190201422442
"1201","52511910B26605642536320",3,14910.6253521465,44731.8760564395,10.7084416373412
"1202","52511910B27035674370402",3,28401.9725774637,85205.9177323911,11.3528261673583
"1203","52511910B27783301561641",3,1223.88452058841,3671.65356176523,8.20839740136502
"1204","52511910B27876515321702",1,61937.9397215747,61937.9397215747,11.0338881904873
"1205","52511910B28406755893597",2,6466.71220721254,12933.4244144251,9.46757027927091
"1206","52511910B28476693424992",3,68486.0490845304,205458.147253591,12.2329976291767
"1207","52511910B28710323112279",1,8214.85293731824,8214.85293731824,9.01369912858481
"1208","52511910B29261340686380",1,8234.22987425312,8234.22987425312,9.01605511962939
"1209","52511910B30663215399885",3,71224.2630895887,213672.789268766,12.2722011017482
"1210","52511910B30715783231624",3,31500.5240547196,94501.5721641588,11.4563717500012
"1211","52511910B30921209280056",1,4858.35021319251,4858.35021319251,8.4884541969581
"1212","52511910B3092467574862",1,37874.9910037474,37874.9910037474,10.5420463052868
"1213","52511910B30977236715140",3,112617.427380099,337852.282140297,12.7303640438496
"1214","52511910B31003231188752",3,18058.457431377,54175.372294131,10.8999816984461
"1215","52511910B3118715998086",3,3738.25124050295,11214.7537215089,9.32498548697256
"1216","52511910B31268860247424",1,125700.365904651,125700.365904651,11.7416563055101
"1217","52511910B31717620625581",3,20882.8330568762,62648.4991706286,11.0452950042612
"1218","52511910B3173449865557",2,21969.0963168878,43938.1926337756,10.6905392124976
"1219","52511910B31970606922462",3,26881.8596416545,80645.5789249635,11.2978192640094
"1220","52511910B32484376841800",3,3424.4416397059,10273.3249191177,9.23730600117104
"1221","52511910B32855735947523",3,19458.7966529407,58376.3899588221,10.9746668055455
"1222","52511910B33929030594907",1,92063.8835987832,92063.8835987832,11.4302380019994
"1223","52511910B34768840903386",3,74776.564847285,224329.694541855,12.32087209936
"1224","52511910B3516463668472",1,1337.67071770264,1337.67071770264,7.19868511002879
"1225","52511910B35262105049161",2,41490.9448113564,82981.8896227128,11.3263776656535
"1226","52511910B3549258104854",3,16471.5501994556,49414.6505983668,10.8080022300247
"1227","52511910B3606287647189",3,18348.8213161659,55046.4639484977,10.9159329066363
"1228","52511910B36549244443661",1,3125.40029566852,3125.40029566852,8.04731764858101
"1229","52511910B37391519791178",3,33592.6675582169,100778.002674651,11.5206753833703
"1230","52511910B37639564414460",3,40878.0265960258,122634.079788077,11.7169602392892
"1231","52511910B37647459697968",1,30924.6120282065,30924.6120282065,10.3393076516107
"1232","52511910B38062779232785",1,1923.8072060325,1923.8072060325,7.56206142144001
"1233","52511910B38320737099141",2,7912.51641764997,15825.0328352999,9.6693483219107
"1234","52511910B38482668702502",3,229044.688777466,687134.066332398,13.4402846996655
"1235","52511910B39647585180353",1,78132.8026701737,78132.8026701737,11.2661652562298
"1236","52511910B398222474379",2,2254.9374010678,4509.8748021356,8.41402467205278
"1237","52511910B3988585053627",2,1175.38335483122,2350.76670966244,7.762496813358
"1238","52511910B39925062868722",2,27107.4906270862,54214.9812541724,10.9007125561379
"1239","52511910B4018321552262",1,20348.1032277669,20348.1032277669,9.92074297904591
"1240","52511910B4023851996912",1,10743.6083680121,10743.6083680121,9.28206628631125
"1241","52511910B40379944508344",2,15056.8206687791,30113.6413375582,10.3127335486559
"1242","52511910B40762326804108",3,13404.4788504197,40213.4365512591,10.6019564613291
"1243","52511910B40932238962124",2,1746.05241542073,3492.10483084146,8.15825993679568
"1244","52511910B41349980343036",3,40689.6135474628,122068.840642388,11.7123404321369
"1245","52511910B41569626445575",3,40520.0181267489,121560.054380247,11.7081636943838
"1246","52511910B41847670787440",3,1054.3106853202,3162.9320559606,8.05925474218989
"1247","52511910B41918855057041",3,40133.5713601892,120400.714080568,11.698580742741
"1248","52511910B42295955196197",3,27086.9364226861,81260.8092680583,11.3054191284887
"1249","52511910B42739382471676",3,64162.1210822439,192486.363246732,12.167780589924
"1250","52511910B43288181316884",2,51546.3261186065,103092.652237213,11.5433833991551
"1251","52511910B43412485397625",3,47081.3515066542,141244.054519963,11.8582445562287
"1252","52511910B43880613502989",2,23295.5058123965,46591.011624793,10.7491629179212
"1253","52511910B44183742195819",3,201225.613035483,603676.839106449,13.3107942991429
"1254","52511910B44653158831279",3,68660.5102866684,205981.530860005,12.235541787733
"1255","52511910B45067846009416",3,327294.726383851,981884.179151553,13.7972286365432
"1256","52511910B45111644423638",3,244907.595173127,734722.785519381,13.5072485444926
"1257","52511910B45186727587827",3,151191.202021414,453573.606064242,13.0249128420136
"1258","52511910B45758904415578",2,43092.4664512089,86184.9329024178,11.3642506490585
"1259","52511910B46580896438278",1,18280.3117974305,18280.3117974305,9.81357990161489
"1260","52511910B46875128491",3,146148.691399496,438446.074198488,12.9909921053494
"1261","52511910B47006759189229",3,42725.1526726782,128175.458018035,11.7611553700259
"1262","52511910B47108576517123",4,24645.8132942014,98583.2531768056,11.4986566800882
"1263","52511910B47244734334087",3,4975.88658869449,14927.6597660835,9.61097113116632
"1264","52511910B47928826922149",3,1256.254475425,3768.763426275,8.23450222299651
"1265","52511910B4802898208422",2,21063.9621895951,42127.9243791902,10.6484660867096
"1266","52511910B4874504546565",3,246253.852496004,738761.557488012,13.5127304922339
"1267","52511910B49192689587509",2,8436.22207552111,16872.4441510422,9.73343704655383
"1268","52511910B49284203349487",1,22228.8330388675,22228.8330388675,10.0091455107026
"1269","52511910B49397347460294",2,18137.80036166,36275.60072332,10.4989006378722
"1270","52511910B4946947315760",2,85309.3231509048,170618.64630181,12.0471862064364
"1271","52511910B49492134849249",1,71267.7366176997,71267.7366176997,11.174199002137
"1272","52511910B49637011657057",1,43140.7521252982,43140.7521252982,10.6722233543136
"1273","52511910B4969786063416",2,9711.49449176693,19422.9889835339,9.87421264264533
"1274","52511910B49699122775209",3,12534.5297581913,37603.5892745739,10.5348547842522
"1275","52511910B49735999236113",3,7704.95934357727,23114.8780307318,10.0482317597799
"1276","52511910B50234287801955",3,20976.4113663254,62929.2340989762,11.0497661057648
"1277","52511910B51634678228857",3,164602.954283748,493808.862851244,13.1099038039931
"1278","52511910B51671938708352",3,5341.57849402368,16024.735482071,9.68188877507361
"1279","52511910B5173446134858",1,33408.6429236325,33408.6429236325,10.4165699156582
"1280","52511910B52040400722593",3,41123.2110523648,123369.633157094,11.7229402755432
"1281","52511910B52167757698823",3,25463.1323022925,76389.3969068775,11.2435991815818
"1282","52511910B52234359951443",2,42662.9778272682,85325.9556545364,11.3542339738826
"1283","52511910B52477730632252",3,19380.169574622,58140.508723866,10.9706179240551
"1284","52511910B53055897182204",2,13025.2380235598,26050.4760471196,10.1677913213761
"1285","52511910B53659520741831",3,47598.216131512,142794.648394536,11.8691628519566
"1286","52511910B53728166380969",1,19710.3034693678,19710.3034693678,9.88889679674908
"1287","52511910B54123288304078",3,23833.4134289073,71500.2402867219,11.1774560893299
"1288","52511910B54132966107148",3,52738.2896842599,158214.86905278,11.9717093188546
"1289","52511910B54429610497624",1,158980.197078357,158980.197078357,11.9765349267688
"1290","52511910B54492038659997",3,24653.467931568,73960.403794704,11.2112851451225
"1291","52511910B54544949915679",2,93139.3070113055,186278.614022611,12.1349987567777
"1292","52511910B55440888068193",3,4432.1347410053,13296.4042230159,9.49524891848448
"1293","52511910B55503333028627",3,25277.8211468971,75833.4634406913,11.236294944405
"1294","52511910B55551570232595",3,44432.5959591005,133297.787877302,11.8003409109601
"1295","52511910B55567443002533",2,5812.54332796194,11625.0866559239,9.3609206847008
"1296","52511910B55591891530874",2,8964.08976946812,17928.1795389362,9.79412902987374
"1297","52511910B558444185686",3,77084.2109793175,231252.632937953,12.3512660409875
"1298","52511910B56209015841977",1,142211.803873345,142211.803873345,11.8650728018608
"1299","52511910B56958480946992",1,70392.8709666836,70392.8709666836,11.1618472723407
"1300","52511910B57885575775117",3,185192.287575993,555576.862727979,13.2277622452371
"1301","52511910B57972476709593",1,14612.1399756824,14612.1399756824,9.58960796737123
"1302","52511910B5845387986633",1,8279.82958406925,8279.82958406925,9.02157766553335
"1303","52511910B58943778362560",1,12003.5138695869,12003.5138695869,9.39295470837158
"1304","52511910B59176200579981",3,19889.6815115859,59669.0445347577,10.9965686478985
"1305","52511910B59203276225690",3,5004.34107245635,15013.023217369,9.61667331789543
"1306","52511910B59245920767717",3,8906.53957265253,26719.6187179576,10.1931533580113
"1307","52511910B59360103371589",2,7786.32866726509,15572.6573345302,9.65327192043447
"1308","52511910B59553354826271",1,8744.79738506977,8744.79738506977,9.0762142179527
"1309","52511910B59671861776280",3,8965.5306389674,26896.5919169022,10.1997548630245
"1310","52511910B59824272814460",2,60565.9357136206,121131.871427241,11.7046350776334
"1311","52511910B60061263127196",3,22585.9360197503,67757.8080592509,11.1236949802084
"1312","52511910B61192023784720",3,12373.9874259783,37121.9622779349,10.5219640485939
"1313","52511910B61439489120441",2,62498.2415499217,124996.483099843,11.7360408806874
"1314","52511910B61676244874246",3,16434.2712204747,49302.8136614241,10.8057364306421
"1315","52511910B61790844495814",3,19690.7485868568,59072.2457605704,10.9865164782102
"1316","52511910B62500214534323",1,116.208142993078,116.208142993078,4.7553829193556
"1317","52511910B62562257240113",1,124458.996309938,124458.996309938,11.7317315937322
"1318","52511910B63167976390159",1,18601.0216083799,18601.0216083799,9.83097178337468
"1319","52511910B63745543652662",3,44943.4286822135,134830.286046641,11.8117721261614
"1320","52511910B648094459248",1,45716.9876421982,45716.9876421982,10.7302252286471
"1321","52511910B65003852157868",3,11677.8463793542,35033.5391380626,10.46406114272
"1322","52511910B65196754917234",3,53625.5544761095,160876.663428328,11.9883932847258
"1323","52511910B65674101735888",3,22824.9030986252,68474.7092958756,11.134219748717
"1324","52511910B65736953470193",2,12917.0272365771,25834.0544731542,10.1594488413735
"1325","52511910B66300742055958",3,8918.84585570196,26756.5375671059,10.1945341174965
"1326","52511910B66393591343605",3,22657.0417904744,67971.1253714232,11.1268382670879
"1327","52511910B66525116512935",2,26359.635991338,52719.271982676,10.8727363599512
"1328","52511910B66692058551395",2,64287.0890874556,128574.178174911,11.7642612788273
"1329","52511910B67072521171420",2,3554.99576189041,7109.99152378082,8.86925633064198
"1330","52511910B67244265985329",3,36429.795659512,109289.386978536,11.6017545695282
"1331","52511910B67503722299641",3,124411.325320246,373233.975960738,12.8299607833633
"1332","52511910B67569609565838",2,81862.3729887616,163724.745977523,12.0059419185659
"1333","52511910B67622492960002",3,22452.4637655963,67357.3912967889,11.117767920387
"1334","52511910B68145786967648",3,72319.3055711272,216957.916713382,12.2874586815189
"1335","52511910B68305869820707",2,35398.4632435082,70796.9264870164,11.1675708675392
"1336","52511910B68600157990452",3,12253.8616529942,36761.5849589826,10.5122086919434
"1337","52511910B69050472249631",2,15326.1913057373,30652.3826114746,10.3304656744434
"1338","52511910B69477070610060",3,3943.39512464976,11830.1853739493,9.37840962666786
"1339","52511910B70153095650041",3,3203.91212173248,9611.73636519744,9.17074016880621
"1340","52511910B70456030054544",2,1261.96287495956,2523.92574991912,7.83357080560523
"1341","52511910B70473175587181",2,3770.27711413262,7540.55422826524,8.9280509633756
"1342","52511910B71032150875325",1,11674.5925371091,11674.5925371091,9.36517018146631
"1343","52511910B71538284073489",3,3504.29585218967,10512.887556569,9.26035716986268
"1344","52511910B71690687423925",3,14075.8403421823,42227.5210265469,10.6508274444893
"1345","52511910B73336698759549",3,31913.09636588,95739.28909764,11.4693840375757
"1346","52511910B76622709081814",2,1884.34977485906,3768.69954971812,8.23448527390978
"1347","52511910B76643025216805",2,213406.932299927,426813.864599854,12.9641032828865
"1348","52511910B76864499188928",3,3865.22142989339,11595.6642896802,9.35838653909472
"1349","52511910B77588417233313",3,30444.5498751773,91333.6496255319,11.4222745597494
"1350","52511910B78140930961679",3,2546.7402006649,7640.2206019947,8.94118175635034
"1351","52511910B78362812420952",3,173933.363709388,521800.091128164,13.1650398263267
"1352","52511910B78382154896940",3,1430.73475552,4292.20426656,8.36455569501326
"1353","52511910B7838707993704",2,21093.2534583395,42186.506916679,10.649855707585
"1354","52511910B78526013910080",1,5678.55231082953,5678.55231082953,8.64445160437513
"1355","52511910B78624558885304",3,54399.3211455806,163197.963436742,12.0027192424927
"1356","52511910B79023193352255",2,31022.1857239575,62044.371447915,11.0356050765734
"1357","52511910B79351211043156",1,98184.9887801052,98184.9887801052,11.4946086189113
"1358","52511910B79904820365756",1,36054.3945075067,36054.3945075067,10.4927840356308
"1359","52511910B79940153361499",3,15455.4803084651,46366.4409253953,10.7443312206204
"1360","52511910B80020209032330",2,44907.5444602539,89815.0889205078,11.4055082682432
"1361","52511910B80553421723016",1,96777.6599251458,96777.6599251458,11.4801714607323
"1362","52511910B80611967822771",1,31336.6695556733,31336.6695556733,10.352544242097
"1363","52511910B80613047181881",3,13554.1408927093,40662.4226781279,10.6130596692275
"1364","52511910B80624224978544",3,13522.9204400778,40568.7613202334,10.61075362382
"1365","52511910B81270804246754",3,31311.1958538269,93933.5875614807,11.4503432962492
"1366","52511910B81672195550340",3,102042.049682444,306126.149047332,12.6317525477708
"1367","52511910B81868017791126",1,11919.3538712307,11919.3538712307,9.38591873371651
"1368","52511910B82181877276071",2,18256.2548838037,36512.5097676074,10.50541021421
"1369","52511910B82353065981408",3,8232.94280903596,24698.8284271079,10.1145110893902
"1370","52511910B82588790657213",3,9662.50556164723,28987.5166849417,10.2746205571545
"1371","52511910B83187520966287",3,75132.3139959793,225396.941987938,12.3256183134503
"1372","52511910B83654747413473",3,69918.3026255513,209754.907876654,12.2536950227525
"1373","52511910B8366046265197",3,1182.19166876674,3546.57500630022,8.17373762980528
"1374","52511910B83755823779571",3,26240.9883113522,78722.9649340566,11.2736901953214
"1375","52511910B84254778922177",2,2783.50119171879,5567.00238343758,8.62461201632022
"1376","52511910B85663060935330",2,40504.6074799814,81009.2149599628,11.3023181921216
"1377","52511910B86399036189677",3,18123.2062052742,54369.6186158226,10.9035607955085
"1378","52511910B8640641883305",1,11187.84004748,11187.84004748,9.32258275742666
"1379","52511910B86463604693023",3,22197.8332467306,66593.4997401918,11.1063622502665
"1380","52511910B86635109020715",3,8407.35943115199,25222.078293456,10.1354750126842
"1381","52511910B86664130512952",2,3547.92750440376,7095.85500880752,8.86726609097451
"1382","52511910B86901151057582",2,32794.6035457519,65589.2070915038,11.0911664353521
"1383","52511910B8694284014765",3,19493.4636276592,58480.3908829776,10.9764467784468
"1384","52511910B87526029786391",1,13287.2474779285,13287.2474779285,9.49456001798634
"1385","52511910B87738681480797",3,2321.78741188165,6965.36223564495,8.84870489285076
"1386","52511910B88737921309662",1,294004.316127419,294004.316127419,12.5913497269186
"1387","52511910B89393531563013",1,126186.549136956,126186.549136956,11.745516639708
"1388","52511910B89557374460695",2,2364.63161025947,4729.26322051894,8.46152470202084
"1389","52511910B90052363141845",3,8374.01458720911,25122.0437616273,10.13150097721
"1390","52511910B9027234137610",3,18140.9743633157,54422.9230899471,10.9045407244182
"1391","52511910B9049907467318",2,2550.9064071109,5101.8128142218,8.53735120932267
"1392","52511910B90712224530022",1,70637.5803734396,70637.5803734396,11.1653175817671
"1393","52511910B90795941917739",3,7172.28916902915,21516.8675070874,9.97659244174224
"1394","52511910B91175598455743",3,14446.5885846932,43339.7657540796,10.6768258702322
"1395","52511910B91354507826004",3,181475.801303953,544427.403911859,13.2074898863174
"1396","52511910B92188863099631",1,72867.8021710803,72867.8021710803,11.1964021492527
"1397","52511910B92709587856848",2,41012.2011324416,82024.4022648832,11.3147720705718
"1398","52511910B92990516943265",1,71345.8072953808,71345.8072953808,11.175293858675
"1399","52511910B93540688501820",2,37043.9023658611,74087.8047317222,11.2130062192204
"1400","52511910B93844416805291",2,31988.9870436178,63977.9740872356,11.06629414822
"1401","52511910B93975188491166",3,7616.23460613106,22848.7038183932,10.0366496690413
"1402","52511910B94067910328765",3,26528.4540607202,79585.3621821606,11.2845854627383
"1403","52511910B94409074074623",3,10981.6071246673,32944.8213740019,10.4025893613876
"1404","52511910B94488542881377",3,38821.4701847626,116464.410554288,11.6653410165123
"1405","52511910B94627775761425",3,29633.3800206919,88900.1400620757,11.3952689970022
"1406","52511910B95098417504855",3,23948.9893650834,71846.9680952502,11.1822936929168
"1407","52511910B95398494564210",3,19442.9203992106,58328.7611976318,10.9738505816965
"1408","52511910B95850947838113",1,34358.7524836326,34358.7524836326,10.4446120682107
"1409","52511910B95876228816034",2,16384.4542424631,32768.9084849262,10.3972354327746
"1410","52511910B95956240331763",1,83213.0035028484,83213.0035028484,11.3291589066985
"1411","52511910B96063333949316",1,25361.7352577839,25361.7352577839,10.1409968312018
"1412","52511910B9639721186799",3,17590.7901962564,52772.3705887692,10.8737430484297
"1413","52511910B96811995525646",2,5668.23105847981,11336.4621169596,9.33577954597361
"1414","52511910B97060806511909",2,14919.3805375424,29838.7610750848,10.3035635345243
"1415","52511910B97258167764484",3,166995.502206746,500986.506620238,13.1243344468106
"1416","52511910B97596648855860",1,11887.0232305803,11887.0232305803,9.38320259926325
"1417","52511910B98966812491458",2,10240.5631726233,20481.1263452466,9.92725907496764
"1418","52511910B99182661436347",2,10345.0737151409,20690.1474302818,9.93741289639239
"1419","52511910B99479800826846",2,18922.3513945305,37844.702789061,10.5412462963384
"1420","52511910B99923381863543",3,303151.44805877,909454.34417631,13.7206000768637
"1421","60261553B1263911264167",1,605249.085521842,605249.085521842,13.3133953638894
"1422","60261553B2723221956862",1,1884804.16419551,1884804.16419551,14.4493344817937
"1423","60261553B28979630774365",1,806442.126645459,806442.126645459,13.6003874153185
"1424","60261553B34432285334983",1,557042.768243579,557042.768243579,13.2303972991639
"1425","60261553B4120080326164",1,248522.294899428,248522.294899428,12.4232878383996
"1426","60261553B42580025975984",1,229705.922930238,229705.922930238,12.3445551738486
"1427","60261553B47927244306480",1,128943.588999332,128943.588999332,11.7671302931238
"1428","60261553B50567728635340",1,681454.580616655,681454.580616655,13.4319848817006
"1429","60261553B51345078390617",1,512285.859352148,512285.859352148,13.1466380672667
"1430","60261553B62517193175445",1,581071.54901663,581071.54901663,13.2726291763012
"1431","60261553B63127450973926",2,93281.9028665249,186563.80573305,12.1365285814487
"1432","60261553B69002423633875",1,805286.424920768,805286.424920768,13.5989533004713
"1433","60261553B74508542584232",1,1105083.44011905,1105083.44011905,13.9154314015031
"1434","60261553B76986100212845",1,1020738.74377422,1020738.74377422,13.8360371817139
"1435","60261553B78069071602625",1,497857.081596795,497857.081596795,13.1180683300734
"1436","60261553B80816237630627",1,428620.453029267,428620.453029267,12.9683270814366
"1437","60261553B91300055563286",1,107226.463753986,107226.463753986,11.5826983605298
"1438","60261553B95135707926293",1,1005494.45790598,1005494.45790598,13.8209899764004
"1439","60261553B96709228149477",1,378909.723745186,378909.723745186,12.8450532597684
"1440","65221844B21568199301359",1,375121.507707749,375121.507707749,12.8350052730232
"1441","65221844B3325932502431",1,148157.518117962,148157.518117962,11.9060312983761
"1442","65221844B53255720811613",1,114779.590779822,114779.590779822,11.6507689663992
"1443","65221844B64352145242214",1,90294.5701569942,90294.5701569942,11.4108326064453
"1444","65221844B91551715822340",1,144979.075774366,144979.075774366,11.8843447059854
"1445","65221844B93227578092779",1,111245.731018912,111245.731018912,11.6194968264285
"1446","65221844B99203907341133",1,83311.9391647188,83311.9391647188,11.3303471451921
"1447","74100532B19516932260818",1,7069.88156335661,7069.88156335661,8.86359900674982
"1448","74100532B3675352926720",1,4152.6576854285,4152.6576854285,8.3315038143796
"1449","74100532B52002127383103",1,3005.7113540779,3005.7113540779,8.00826954244155
"1450","74100532B54294973205276",1,NA,NA,NA
"1451","74100532B54588500691901",1,55848.4283628725,55848.4283628725,10.9303966637768
"1452","74100532B56248932917605",2,4079.57790448589,8159.15580897178,9.00689598782347
"1453","74100532B88993889644511",1,9161.18183499387,9161.18183499387,9.12273047063319
"1454","74100532B93709990123087",1,8730.03197616363,8730.03197616363,9.07452431161773
"1455","75667366B10680094164751",1,28109.1599626948,28109.1599626948,10.2438507795229
"1456","75667366B35074617847721",1,36131.2692662087,36131.2692662087,10.494913954059
"1457","75667366B47194088471769",1,21084.7199893628,21084.7199893628,9.95630388600535
"1458","75667366B6235496505331",1,31696.4459509931,31696.4459509931,10.3639598384694
"1459","75667366B68367745340454",1,27954.8552773744,27954.8552773744,10.238346176462
"1460","75667366B71613146081304",1,37219.2305179891,37219.2305179891,10.5245808560972
"1461","76128533B35468154415031",1,77459.3554706546,77459.3554706546,11.2575086322318
"1462","76128533B55622097933343",1,3244699.36301533,3244699.36301533,14.9925332576082
"1463","76128533B72541188260561",1,5275282.71903682,5275282.71903682,15.4785428319161
"1464","76128533B91881382098572",1,2475227.50607031,2475227.50607031,14.721842871405
"1465","76128533B95075104846315",1,3768017.81361183,3768017.81361183,15.1420596422712
"1466","77236927B10986826820410",2,1652.3264510759,3304.6529021518,8.10308672472877
"1467","77236927B11071622458470",2,2720.65796784252,5441.31593568504,8.60177621053902
"1468","77236927B15473640252363",3,1198.38499288857,3595.15497866571,8.18734237872963
"1469","77236927B16584952276885",1,3698.83761971205,3698.83761971205,8.21577389244014
"1470","77236927B16755152791685",2,4347.4738296063,8694.9476592126,9.07049740712824
"1471","77236927B17135940935596",2,7193.17656901531,14386.3531380306,9.57403533746584
"1472","77236927B19394632379581",3,8642.3002283363,25926.9006850089,10.1630363451648
"1473","77236927B20475273490027",3,1674.68949182734,5024.06847548202,8.52199533772912
"1474","77236927B21234024058134",3,2192.13841848582,6576.41525545746,8.79124508186176
"1475","77236927B23242879306276",3,4339.20234431878,13017.6070329563,9.47405810723919
"1476","77236927B24909731902413",3,5481.73132323712,16445.1939697114,9.70778855361054
"1477","77236927B26807877785061",2,4431.16239215881,8862.32478431762,9.08956440018713
"1478","77236927B27410418950848",3,6453.37680234138,19360.1304070241,9.87097109670789
"1479","77236927B2761964185252",3,3563.44423536494,10690.3327060948,9.27709512664935
"1480","77236927B27814537301823",2,6243.12080220613,12486.2416044123,9.43238264545949
"1481","77236927B32680405740537",2,NA,NA,NA
"1482","77236927B36499931511312",2,5256.02030379692,10512.0406075938,9.26027660369199
"1483","77236927B38715927177991",2,4094.28965077706,8188.57930155412,9.01049569434619
"1484","77236927B39670792397739",2,54639.4460073456,109278.892014691,11.6016585357954
"1485","77236927B40431360126678",3,5015.30684933178,15045.9205479953,9.61886217349977
"1486","77236927B45015777626882",1,2301.83442403853,2301.83442403853,7.74146165969171
"1487","77236927B47218530990891",3,1433.82975780353,4301.48927341059,8.36671658437251
"1488","77236927B51416444743643",1,3152.30399234384,3152.30399234384,8.05588889059884
"1489","77236927B5490091431503",3,5929.88806551419,17789.6641965426,9.78637290451447
"1490","77236927B59461179812420",2,4894.46596225739,9788.93192451478,9.18900763095334
"1491","77236927B63418931336998",2,662.822038695812,1325.64407739162,7.18965371645849
"1492","77236927B64905396997634",2,8402.280478715,16804.56095743,9.72940561410712
"1493","77236927B6539808470139",3,7229.17235905636,21687.5170771691,9.9844921241088
"1494","77236927B67175476765241",3,1045.64586054772,3136.93758164316,8.05100231052481
"1495","77236927B67571127096265",2,2030.2519162868,4060.5038325736,8.30906234158943
"1496","77236927B67758893467366",3,8551.90804969058,25655.7241490717,10.1525219894081
"1497","77236927B69269343415786",2,3849.28551250555,7698.5710250111,8.94879000945207
"1498","77236927B70121045858985",2,4201.9461837393,8403.8923674786,9.03645025458619
"1499","77236927B7031422019545",3,5172.57143886007,15517.7143165802,9.64973750947519
"1500","77236927B71259350499613",3,1844.46815344408,5533.40446033224,8.61855853987082
"1501","77236927B73444068942664",2,3459.29690549329,6918.59381098658,8.84196782145765
"1502","77236927B73770222811595",2,2809.74950984994,5619.49901969988,8.63399779651216
"1503","77236927B78933945874407",3,2340.12306002379,7020.36918007137,8.85657108539082
"1504","77236927B797015037992",2,855.924760686159,1711.84952137232,7.4453296564439
"1505","77236927B80852571944001",1,3471.63042502474,3471.63042502474,8.15237962570932
"1506","77236927B82266009819224",3,1562.03590996258,4686.10772988774,8.45235760853625
"1507","77236927B82748520253825",2,2562.760487529,5125.520975058,8.54198745251008
"1508","77236927B83961897513760",3,1473.47368817598,4420.42106452794,8.39399023400233
"1509","77236927B84597259035429",2,10442.5410589067,20885.0821178134,9.94679040882747
"1510","77236927B85216783558225",2,16114.3027551466,32228.6055102932,10.3806097070504
"1511","77236927B86135291775280",2,613.793415901065,1227.58683180213,7.11280559590582
"1512","77236927B86395134968187",2,1516.989191515,3033.97838303,8.01763003497538
"1513","77236927B86415153324425",2,5681.24337898917,11362.4867579783,9.33807257307061
"1514","77236927B87876939805141",3,2045.76313912943,6137.28941738829,8.72213846070165
"1515","77236927B87914906430322",2,3489.46141150109,6978.92282300218,8.85064986049522
"1516","77236927B89058038610930",3,714.916504882574,2144.74951464772,7.67077804815522
"1517","77236927B93199120734028",2,5957.12163085487,11914.2432617097,9.38548987611933
"1518","77236927B97442931027551",2,1774.72299971849,3549.44599943698,8.17454681379475
"1519","77236927B97444346691075",3,412.918237310052,1238.75471193016,7.12186188941509
"1520","79324940B94242414509537",1,246.003882856369,246.003882856369,5.50534731977678
"1521","811477B10091051232665",1,222518.853303709,222518.853303709,12.312767110948
"1522","811477B18636492208722",1,151109.158727078,151109.158727078,11.9257577601041
"1523","811477B20578745802052",1,173944.025423899,173944.025423899,12.0664888334763
"1524","811477B41230698537605",1,163321.566582818,163321.566582818,12.0034763374939
"1525","811477B46471323661826",1,129599.141857014,129599.141857014,11.7722014414047
"1526","811477B46540851018078",1,107158.19499455,107158.19499455,11.5820614794942
"1527","811477B76043940988669",1,117823.687479918,117823.687479918,11.6769446121578
"1528","811477B772229677818",1,422620.48346441,422620.48346441,12.9542298530898
"1529","81297802B12739753000309",1,25790.4907230663,25790.4907230663,10.1577611263433
"1530","81297802B17568713952999",1,37326.1830053277,37326.1830053277,10.5274503166225
"1531","81297802B24341511138047",1,30466.956385237,30466.956385237,10.3243979780912
"1532","81297802B34664406606726",1,38783.9136763805,38783.9136763805,10.5657608436731
"1533","81297802B42250510796537",1,38862.3872938913,38862.3872938913,10.5677821542378
"1534","81297802B42277751936117",1,48596.4805965626,48596.4805965626,10.7913063915579
"1535","81297802B46332855119377",1,27372.6069124849,27372.6069124849,10.2172980445755
"1536","81297802B53592665760601",1,54723.6459199868,54723.6459199868,10.9100511787316
"1537","81297802B55237865359696",1,57553.3740086439,57553.3740086439,10.9604680398623
"1538","81297802B5716614329371",1,21514.9064631972,21514.9064631972,9.97650129774743
"1539","81297802B58374178577075",1,37644.4573683319,37644.4573683319,10.5359410077384
"1540","81297802B64889817574793",1,22673.218875632,22673.218875632,10.0289397217606
"1541","81297802B69562638547328",1,104285.96271441,104285.96271441,11.5548920462594
"1542","81297802B72621516483988",1,76245.8515955793,76245.8515955793,11.2417182876858
"1543","81297802B75378675708985",1,40175.1416438699,40175.1416438699,10.6010037162714
"1544","81297802B75623207701482",1,30106.242256081,30106.242256081,10.3124878131589
"1545","81297802B7761745227660",1,49765.4715565658,49765.4715565658,10.8150766803022
"1546","85939544B172449318268",1,187461.103147959,187461.103147959,12.1413266529943
"1547","85939544B24973508625893",1,161199.837024184,161199.837024184,11.9904000980379
"1548","85939544B26352047498043",1,220610.488344206,220610.488344206,12.304153929296
"1549","85939544B33364168787730",1,282083.360004596,282083.360004596,12.5499579090915
"1550","85939544B358257057392",1,462571.488409051,462571.488409051,13.0445563935231
"1551","85939544B38416709222197",1,137877.492037127,137877.492037127,11.8341208310044
"1552","85939544B40669081557189",1,419063.257333096,419063.257333096,12.9457771596645
"1553","85939544B45831091528789",1,50784.9629366486,50784.9629366486,10.8353555845643
"1554","85939544B50332228011696",1,212245.023381498,212245.023381498,12.2654966569329
"1555","85939544B54372279750556",1,108343.112851795,108343.112851795,11.5930584410476
"1556","85939544B58328889190937",1,248676.392144855,248676.392144855,12.4239077002551
"1557","85939544B61462515035200",1,475220.537877328,475220.537877328,13.0715342655355
"1558","85939544B65123265698186",1,131174.255763937,131174.255763937,11.7842819149267
"1559","85939544B70195584825603",1,174993.037608396,174993.037608396,12.0725014670193
"1560","85939544B72257349680566",1,108109.489089846,108109.489089846,11.5908997804394
"1561","85939544B74893021327700",1,225975.467185491,225975.467185491,12.3281817200856
"1562","85939544B82585183947830",1,78266.8462797582,78266.8462797582,11.2678793731515
"1563","85939544B83504353793512",1,37652.7665962464,37652.7665962464,10.5361617125004
"1564","85939544B84282844658581",1,224908.814833557,224908.814833557,12.3234503316371
"1565","85939544B84899286441367",1,97638.2815931511,97638.2815931511,11.4890249249374
"1566","85939544B96403406066950",1,191625.298045488,191625.298045488,12.163297171531
"1567","8701671B10053189367937",1,NA,NA,NA
"1568","8701671B10070089345452",1,NA,NA,NA
"1569","8701671B1025448555952",1,NA,NA,NA
"1570","8701671B10526359848248",1,NA,NA,NA
"1571","8701671B10607749601803",1,NA,NA,NA
"1572","8701671B10801688655736",1,NA,NA,NA
"1573","8701671B10960716544692",1,126.875798753276,126.875798753276,4.84320864536856
"1574","8701671B11157561333534",1,57.8230230402946,57.8230230402946,4.05738701886543
"1575","8701671B11332589204327",1,NA,NA,NA
"1576","8701671B11486827062004",1,105.759402278662,105.759402278662,4.66116672441061
"1577","8701671B11506413614658",1,NA,NA,NA
"1578","8701671B11621920628841",1,547.331077325344,547.331077325344,6.30505387951849
"1579","8701671B11660104738059",1,0,0,0
"1580","8701671B1177875671821",1,359.916983538233,359.916983538233,5.8858734035749
"1581","8701671B12100696846936",1,1855.79290579254,1855.79290579254,7.52606732618979
"1582","8701671B12183972503150",1,NA,NA,NA
"1583","8701671B12184767464675",1,NA,NA,NA
"1584","8701671B12563091717165",1,NA,NA,NA
"1585","8701671B12567928056648",1,NA,NA,NA
"1586","8701671B12581562971222",1,NA,NA,NA
"1587","8701671B12736855691443",1,NA,NA,NA
"1588","8701671B12936296158000",1,605.448984128535,605.448984128535,6.40597030532059
"1589","8701671B12954312315710",1,367.972191333733,367.972191333733,5.9080073682857
"1590","8701671B13263124861718",1,NA,NA,NA
"1591","8701671B13319398950854",1,90.9565686225891,90.9565686225891,4.51038212470465
"1592","8701671B134536261517",1,170.865604836792,170.865604836792,5.1408773108656
"1593","8701671B13502438451250",1,392.127310278937,392.127310278937,5.97158655818348
"1594","8701671B13742843200127",1,NA,NA,NA
"1595","8701671B1385498050924",1,514.396519837528,514.396519837528,6.24299440742138
"1596","8701671B14194395113255",1,NA,NA,NA
"1597","8701671B1426599605087",1,1701.85399438884,1701.85399438884,7.43947352072319
"1598","8701671B14589117854765",1,NA,NA,NA
"1599","8701671B14688938630280",1,157.300325025767,157.300325025767,5.05815687634161
"1600","8701671B14864913892073",1,473.272465002723,473.272465002723,6.15967125859347
"1601","8701671B14881348545468",1,NA,NA,NA
"1602","8701671B14942759406503",1,8.31176303863526,8.31176303863526,2.11767174504542
"1603","8701671B15123648543538",1,141.226913713217,141.226913713217,4.95036791393004
"1604","8701671B15632424418996",1,568.501768656969,568.501768656969,6.3430044242798
"1605","8701671B16128625192304",1,NA,NA,NA
"1606","8701671B16268299103818",1,NA,NA,NA
"1607","8701671B16290064127769",1,116.429637775607,116.429637775607,4.7572871229525
"1608","8701671B16318499791123",1,812.139080707617,812.139080707617,6.69967160715428
"1609","8701671B16711141632325",1,NA,NA,NA
"1610","8701671B17247241487473",1,NA,NA,NA
"1611","8701671B17247677679787",1,177.973596764952,177.973596764952,5.18163520650852
"1612","8701671B17450854784889",1,NA,NA,NA
"1613","8701671B17506768267168",1,NA,NA,NA
"1614","8701671B17924499339223",1,502.607591893971,502.607591893971,6.2198097302361
"1615","8701671B17958091241974",1,NA,NA,NA
"1616","8701671B18019835911399",1,NA,NA,NA
"1617","8701671B18221439700807",1,0,0,0
"1618","8701671B18283500133998",1,NA,NA,NA
"1619","8701671B18356236998563",1,142.726561250836,142.726561250836,4.9609306406648
"1620","8701671B18613428350032",1,NA,NA,NA
"1621","8701671B18648215649765",1,NA,NA,NA
"1622","8701671B1865604971664",1,1480.50086567694,1480.50086567694,7.30013573226079
"1623","8701671B18704050053031",1,30.4394239634275,30.4394239634275,3.41573860914253
"1624","8701671B18948997599977",1,499.743600327857,499.743600327857,6.21409516755136
"1625","8701671B19142540356259",1,46.1656038704514,46.1656038704514,3.83223501583765
"1626","8701671B19150990882958",1,7.8172742722556,7.8172742722556,2.05633593526148
"1627","8701671B19228970825308",1,178.387250091433,178.387250091433,5.18395674949459
"1628","8701671B19273401931572",1,NA,NA,NA
"1629","8701671B19367701502123",1,NA,NA,NA
"1630","8701671B19465815393412",1,1985.3576049795,1985.3576049795,7.59355433053764
"1631","8701671B19516927692390",1,249.31501409471,249.31501409471,5.51871721372492
"1632","8701671B19884465022303",1,185.77388436839,185.77388436839,5.22453025874164
"1633","8701671B1991093639025",1,118.497637579888,118.497637579888,4.77489302434176
"1634","8701671B20173506314249",1,NA,NA,NA
"1635","8701671B20457253682512",1,103.264060036875,103.264060036875,4.63728939726149
"1636","8701671B2050901299754",1,NA,NA,NA
"1637","8701671B20776144053651",1,NA,NA,NA
"1638","8701671B20786089058501",1,NA,NA,NA
"1639","8701671B20822148324962",1,NA,NA,NA
"1640","8701671B21062082038543",1,372.328661930729,372.328661930729,5.9197769640307
"1641","8701671B21269769416552",1,NA,NA,NA
"1642","8701671B21443736840155",1,83.5891335083172,83.5891335083172,4.42591352968434
"1643","8701671B21751079889511",1,NA,NA,NA
"1644","8701671B21993534180379",1,186.861383563839,186.861383563839,5.23036707761782
"1645","8701671B22058673565731",1,202.691671494171,202.691671494171,5.31168596477056
"1646","8701671B22157937027856",1,NA,NA,NA
"1647","8701671B22263392934776",1,45.8835637097061,45.8835637097061,3.82610696382413
"1648","8701671B22615930928090",1,3850.36112529367,3850.36112529367,8.25592222166058
"1649","8701671B22929774804888",1,33.4333841337264,33.4333841337264,3.50955492575206
"1650","8701671B23364700154190",1,342.128222187012,342.128222187012,5.83518558547363
"1651","8701671B23372433445877",1,1145.04384141266,1145.04384141266,7.04319820469869
"1652","8701671B23391099181160",1,NA,NA,NA
"1653","8701671B2341246797828",1,NA,NA,NA
"1654","8701671B23608310651096",1,NA,NA,NA
"1655","8701671B23610017259246",1,628.2245785781,628.2245785781,6.44289771174206
"1656","8701671B23690641916416",1,NA,NA,NA
"1657","8701671B2397405829195",1,NA,NA,NA
"1658","8701671B23998662762063",1,NA,NA,NA
"1659","8701671B24039630787071",1,4.32018232107163,4.32018232107163,1.46329760531722
"1660","8701671B24321034687398",1,0,0,0
"1661","8701671B24452545338403",1,56.8017873942852,56.8017873942852,4.03956779344124
"1662","8701671B2449694797689",1,NA,NA,NA
"1663","8701671B24659660179823",1,NA,NA,NA
"1664","8701671B250084574474",1,3473.08210272428,3473.08210272428,8.15279769275381
"1665","8701671B25026940525342",1,NA,NA,NA
"1666","8701671B25390904232189",1,NA,NA,NA
"1667","8701671B25474950387418",1,NA,NA,NA
"1668","8701671B255319431107",1,NA,NA,NA
"1669","8701671B2564147185651",1,440.496356790364,440.496356790364,6.08790217471857
"1670","8701671B2567370595513",1,NA,NA,NA
"1671","8701671B2571810219289",1,NA,NA,NA
"1672","8701671B25756031943387",1,NA,NA,NA
"1673","8701671B25758314350266",1,1837.29959129717,1837.29959129717,7.51605215917814
"1674","8701671B2612636818679",1,189.413697198033,189.413697198033,5.2439334970285
"1675","8701671B26165957358131",1,542.611173118129,542.611173118129,6.29639299182655
"1676","8701671B26229529558045",1,0,0,0
"1677","8701671B26291709137074",1,NA,NA,NA
"1678","8701671B26446113405700",1,1963.94544503689,1963.94544503689,7.58271071105248
"1679","8701671B26596683393313",1,34.1420931175351,34.1420931175351,3.53053102531513
"1680","8701671B26752019642149",1,NA,NA,NA
"1681","8701671B26789831471183",1,576.323540775031,576.323540775031,6.35666920573439
"1682","8701671B26801747706600",1,299.571584827453,299.571584827453,5.70235340344503
"1683","8701671B26894832040288",1,855.223028326035,855.223028326035,6.75136228676415
"1684","8701671B26969099511197",1,51.794548446238,51.794548446238,3.94728490137645
"1685","8701671B28049445861870",1,229.725744282007,229.725744282007,5.4368861812642
"1686","8701671B28120595422367",1,NA,NA,NA
"1687","8701671B28263897430178",1,330.559452869892,330.559452869892,5.80078653076864
"1688","8701671B28478396095564",1,115.089159789085,115.089159789085,4.74570713048529
"1689","8701671B29376048072153",1,57.5370909591019,57.5370909591019,4.05242979999972
"1690","8701671B29380756423502",1,218.333529389277,218.333529389277,5.38602384493289
"1691","8701671B30216430122169",1,259.372014237642,259.372014237642,5.55826337954576
"1692","8701671B30275732730591",1,NA,NA,NA
"1693","8701671B30362315223491",1,NA,NA,NA
"1694","8701671B30671419360126",1,48.160243999958,48.160243999958,3.87453386743204
"1695","8701671B30970661206572",1,148.800846797414,148.800846797414,5.00260881322563
"1696","8701671B31053612499035",1,243.041817180291,243.041817180291,5.49323351569694
"1697","8701671B31198157043754",1,NA,NA,NA
"1698","8701671B31259394762981",1,633.093543691076,633.093543691076,6.45061818956896
"1699","8701671B31339536458012",1,NA,NA,NA
"1700","8701671B31446207074709",1,430.077622332908,430.077622332908,6.06396570944964
"1701","8701671B31536824051324",1,NA,NA,NA
"1702","8701671B31601381418998",1,NA,NA,NA
"1703","8701671B31799938456205",1,137.378592867851,137.378592867851,4.9227405661059
"1704","8701671B32126440612749",1,14.5256375839189,14.5256375839189,2.67591519739723
"1705","8701671B32276542748639",1,NA,NA,NA
"1706","8701671B32439381681784",1,170.041066125035,170.041066125035,5.13603997331941
"1707","8701671B32794864311067",1,1043.93203215674,1043.93203215674,6.95074966302513
"1708","8701671B32853593869516",1,2537.39538968805,2537.39538968805,7.83889339676154
"1709","8701671B32861116669136",1,68.9006971376389,68.9006971376389,4.23266629607639
"1710","8701671B33386018665106",1,NA,NA,NA
"1711","8701671B33635631845794",1,NA,NA,NA
"1712","8701671B33750138379558",1,769.784038934223,769.784038934223,6.64611000659237
"1713","8701671B33864037616544",1,187.401930051073,187.401930051073,5.23325566884986
"1714","8701671B33968538338102",1,1.88754012912512,1.88754012912512,0.635274462378682
"1715","8701671B34343071784823",1,NA,NA,NA
"1716","8701671B34451908876457",1,NA,NA,NA
"1717","8701671B34711583072149",1,NA,NA,NA
"1718","8701671B34835556346125",1,412.28014919281,412.28014919281,6.02170309204106
"1719","8701671B34935279369913",1,91.7017467002198,91.7017467002198,4.51854142706596
"1720","8701671B35205001440787",1,NA,NA,NA
"1721","8701671B353408445184",1,NA,NA,NA
"1722","8701671B35560062727781",1,NA,NA,NA
"1723","8701671B35578223598548",1,378.404617400728,378.404617400728,5.93596403953649
"1724","8701671B35754409069588",1,NA,NA,NA
"1725","8701671B35889486410430",1,NA,NA,NA
"1726","8701671B35941232442157",1,5198.5689975296,5198.5689975296,8.55613867391427
"1727","8701671B35979662153697",1,1146.61727876246,1146.61727876246,7.04457138992507
"1728","8701671B36300089777335",1,NA,NA,NA
"1729","8701671B3640054805688",1,NA,NA,NA
"1730","8701671B36493357542675",1,331.693946578205,331.693946578205,5.80421269609762
"1731","8701671B37181005506912",1,NA,NA,NA
"1732","8701671B37327912911660",1,NA,NA,NA
"1733","8701671B37545518209863",1,438.509964027107,438.509964027107,6.08338253453493
"1734","8701671B38188499976025",1,NA,NA,NA
"1735","8701671B38196244900111",1,18.3267612870038,18.3267612870038,2.90836235704241
"1736","8701671B38315544372764",1,193.220350132659,193.220350132659,5.26383124818098
"1737","8701671B38434288339117",1,NA,NA,NA
"1738","8701671B38782099046323",1,NA,NA,NA
"1739","8701671B38809130706709",1,NA,NA,NA
"1740","8701671B38837551888140",1,NA,NA,NA
"1741","8701671B39379224532007",1,NA,NA,NA
"1742","8701671B39771319698243",1,554.348357747793,554.348357747793,6.31779329373141
"1743","8701671B40211912929953",1,NA,NA,NA
"1744","8701671B40300568900689",1,324.766510503851,324.766510503851,5.78310649491688
"1745","8701671B40321186165087",1,5877.71923445225,5877.71923445225,8.67892408034847
"1746","8701671B40414621404718",1,254.657458356768,254.657458356768,5.53991934155974
"1747","8701671B40430448784583",1,400.006104438901,400.006104438901,5.99147980808879
"1748","8701671B40447391578275",1,300.413187890723,300.413187890723,5.7051588200273
"1749","8701671B40736207737623",1,133.864899244159,133.864899244159,4.89683107676487
"1750","8701671B40799965178228",1,NA,NA,NA
"1751","8701671B40891625905372",1,613.999505221844,613.999505221844,6.4199941223192
"1752","8701671B41249245584298",1,53.887545838505,53.887545838505,3.98689939070625
"1753","8701671B41472866915589",1,NA,NA,NA
"1754","8701671B41529666733093",1,NA,NA,NA
"1755","8701671B41674368745419",1,NA,NA,NA
"1756","8701671B41782818655170",1,NA,NA,NA
"1757","8701671B42420673442147",1,413.147096970193,413.147096970193,6.02380369654667
"1758","8701671B4251285469436",1,NA,NA,NA
"1759","8701671B42521441086623",1,NA,NA,NA
"1760","8701671B42547396516194",1,66.8050977730751,66.8050977730751,4.20177939159903
"1761","8701671B42639255298272",1,NA,NA,NA
"1762","8701671B42677537488502",1,284.069636854865,284.069636854865,5.64921940829774
"1763","8701671B42772891330913",1,2521.40163090028,2521.40163090028,7.83257022862026
"1764","8701671B42907640167452",1,129.402323929071,129.402323929071,4.86292634117193
"1765","8701671B42961858888115",1,32.4132084518671,32.4132084518671,3.47856600799166
"1766","8701671B43089055128677",1,132.988987950534,132.988987950534,4.89026632742946
"1767","8701671B43129052292298",1,304.945235498063,304.945235498063,5.72013220474129
"1768","8701671B43134404703092",1,1628.23530862197,1628.23530862197,7.39525207458339
"1769","8701671B431817219608",1,NA,NA,NA
"1770","8701671B43196595047489",1,249.277842795514,249.277842795514,5.51856810890422
"1771","8701671B43516735791505",1,24.3174618035555,24.3174618035555,3.19119468502127
"1772","8701671B44154359269961",1,NA,NA,NA
"1773","8701671B44259561788806",1,NA,NA,NA
"1774","8701671B44376877134949",1,NA,NA,NA
"1775","8701671B44431410980873",1,NA,NA,NA
"1776","8701671B44468241471992",1,NA,NA,NA
"1777","8701671B44976535093209",1,NA,NA,NA
"1778","8701671B45029066757980",1,NA,NA,NA
"1779","8701671B45251476998803",1,833.901821160093,833.901821160093,6.72611567499761
"1780","8701671B45291890821133",1,22.0893933779001,22.0893933779001,3.09509755566519
"1781","8701671B45365250149949",1,NA,NA,NA
"1782","8701671B45853929817808",1,7.33334266781807,7.33334266781807,1.99243143757368
"1783","8701671B45858620723076",1,80.0226728120446,80.0226728120446,4.38231000467137
"1784","8701671B45915520468586",1,3.46781968913972,3.46781968913972,1.24352606481568
"1785","8701671B45925024878482",1,NA,NA,NA
"1786","8701671B45952926697202",1,1552.82275377765,1552.82275377765,7.34782968513336
"1787","8701671B45979799747328",1,5.56234819725156,5.56234819725156,1.71602035673823
"1788","8701671B46031998027021",1,NA,NA,NA
"1789","8701671B46064896130461",1,1310.99445106216,1310.99445106216,7.17854125115532
"1790","8701671B46237577852216",1,NA,NA,NA
"1791","8701671B46527115488152",1,2072.84541366614,2072.84541366614,7.63667753834123
"1792","8701671B46937841277831",1,7.11664681375027,7.11664681375027,1.96243666136567
"1793","8701671B47130122414504",1,233.296926210895,233.296926210895,5.45231200367653
"1794","8701671B47246158509977",1,914.75706621632,914.75706621632,6.81865852862085
"1795","8701671B47563764529661",1,NA,NA,NA
"1796","8701671B47647917387752",1,NA,NA,NA
"1797","8701671B476552117611",1,161.324212044775,161.324212044775,5.0834160795377
"1798","8701671B47910558118739",1,NA,NA,NA
"1799","8701671B48498321599703",1,NA,NA,NA
"1800","8701671B48526464274479",1,NA,NA,NA
"1801","8701671B48601442509190",1,NA,NA,NA
"1802","8701671B48752097884677",1,NA,NA,NA
"1803","8701671B48766638933033",1,NA,NA,NA
"1804","8701671B48782263961868",1,3.88741593360901,3.88741593360901,1.35774465247642
"1805","8701671B4886377420508",1,NA,NA,NA
"1806","8701671B49626021137525",1,326.325537900627,326.325537900627,5.78789546563212
"1807","8701671B4982354038174",1,NA,NA,NA
"1808","8701671B49997775844737",1,103.114814439155,103.114814439155,4.635843070702
"1809","8701671B50411660224690",1,15.52325725995,15.52325725995,2.74233936773118
"1810","8701671B50549026935963",1,2108.30247682668,2108.30247682668,7.65363838932328
"1811","8701671B50591469420225",1,257.016899409294,257.016899409294,5.54914183918976
"1812","8701671B50625769822151",1,60.8749915954471,60.8749915954471,4.10882244334027
"1813","8701671B50877038935662",1,NA,NA,NA
"1814","8701671B51264810574376",1,276.587495236285,276.587495236285,5.62252720937387
"1815","8701671B51268298139498",1,1024.47497108322,1024.47497108322,6.93193553700788
"1816","8701671B51271106476031",1,1287.03523590192,1287.03523590192,7.16009658554452
"1817","8701671B51325698675387",1,0,0,0
"1818","8701671B51566327672106",1,687.472801320925,687.472801320925,6.53302226704312
"1819","8701671B52063001665114",1,773.193553509824,773.193553509824,6.65052940988326
"1820","8701671B52064180240109",1,NA,NA,NA
"1821","8701671B52595214845054",1,512.349578514025,512.349578514025,6.23900716259295
"1822","8701671B52742071766833",1,NA,NA,NA
"1823","8701671B52865399345725",1,NA,NA,NA
"1824","8701671B52938625502385",1,7.99449577271938,7.99449577271938,2.07875327646959
"1825","8701671B5294461890646",1,156.848325045705,156.848325045705,5.05527925587839
"1826","8701671B52982434499588",1,632.431724458672,632.431724458672,6.44957226925525
"1827","8701671B53039174443584",1,279.714405131619,279.714405131619,5.63376910096117
"1828","8701671B53100902069949",1,NA,NA,NA
"1829","8701671B53143424756117",1,917.067637758851,917.067637758851,6.82118122936061
"1830","8701671B53172954238098",1,NA,NA,NA
"1831","8701671B53372431800849",1,NA,NA,NA
"1832","8701671B53380311765902",1,0,0,0
"1833","8701671B53480283308673",1,2953.20747321557,2953.20747321557,7.99064713773022
"1834","8701671B53611878651636",1,NA,NA,NA
"1835","8701671B53815212038994",1,153.21477645345,153.21477645345,5.03184070470131
"1836","8701671B54095148495441",1,396.21391577661,396.21391577661,5.98195425675873
"1837","8701671B540973728907",1,NA,NA,NA
"1838","8701671B5410324269547",1,266.008770141006,266.008770141006,5.5835292786931
"1839","8701671B54248554179471",1,451.655356444344,451.655356444344,6.11291940324953
"1840","8701671B5455309404848",1,NA,NA,NA
"1841","8701671B54690332526022",1,1249.89534787426,1249.89534787426,7.1308151050909
"1842","8701671B54761121422893",1,NA,NA,NA
"1843","8701671B5497256844946",1,93.5104424035549,93.5104424035549,4.53807311351899
"1844","8701671B55145671844028",1,NA,NA,NA
"1845","8701671B55457269732014",1,NA,NA,NA
"1846","8701671B55619097224465",1,15.5632844334841,15.5632844334841,2.74491457831906
"1847","8701671B55791110195050",1,63.0904918745905,63.0904918745905,4.1445700747478
"1848","8701671B55959658835891",1,NA,NA,NA
"1849","8701671B56086336550970",1,NA,NA,NA
"1850","8701671B56473836536162",1,77.2908139884472,77.2908139884472,4.34757511267734
"1851","8701671B56645509731346",1,0,0,0
"1852","8701671B56799057925384",1,1101.22718294278,1101.22718294278,7.00418045780104
"1853","8701671B56834223394204",1,95.0264812473394,95.0264812473394,4.55415560272898
"1854","8701671B57020485893312",1,14.2957246378064,14.2957246378064,2.65996051618634
"1855","8701671B57148125008640",1,106.584432534575,106.584432534575,4.66893746480639
"1856","8701671B57170093007223",1,NA,NA,NA
"1857","8701671B57419145053481",1,966.178150026798,966.178150026798,6.87334823752678
"1858","8701671B57914873676078",1,NA,NA,NA
"1859","8701671B5799269287632",1,NA,NA,NA
"1860","8701671B58191073405905",1,15.5949423933029,15.5949423933029,2.746946656132
"1861","8701671B58662152175879",1,NA,NA,NA
"1862","8701671B58668276188859",1,5.32684283703566,5.32684283703566,1.6727587244089
"1863","8701671B58858754832343",1,91.3819892160222,91.3819892160222,4.51504840451301
"1864","8701671B58944232238955",1,NA,NA,NA
"1865","8701671B59019630539263",1,2301.07923925728,2301.07923925728,7.74113352632087
"1866","8701671B59116812435541",1,5366.00108309213,5366.00108309213,8.58783823282903
"1867","8701671B59649153426200",1,110.894477051198,110.894477051198,4.70857909195478
"1868","8701671B59677117664850",1,258.356981194206,258.356981194206,5.5543422766023
"1869","8701671B59724395423262",1,13.2938915883005,13.2938915883005,2.58730465065162
"1870","8701671B59760242426432",1,362.078165578246,362.078165578246,5.89186011552862
"1871","8701671B59921054204413",1,241.378215551376,241.378215551376,5.48636506246782
"1872","8701671B60259256363554",1,NA,NA,NA
"1873","8701671B60383917462580",1,5.67564519524574,5.67564519524574,1.73618424769736
"1874","8701671B60568978044101",1,NA,NA,NA
"1875","8701671B60571960824161",1,123.555411589146,123.555411589146,4.81668973227787
"1876","8701671B61096532329378",1,590.290436089244,590.290436089244,6.38061468033536
"1877","8701671B61329229942409",1,2471.95099136844,2471.95099136844,7.81276299288285
"1878","8701671B61376458937885",1,NA,NA,NA
"1879","8701671B61716592772376",1,NA,NA,NA
"1880","8701671B61834764030996",1,170.635051451623,170.635051451623,5.1395270738107
"1881","8701671B61982793358866",1,303.738371714205,303.738371714205,5.7161667114996
"1882","8701671B62248544319556",1,705.345102654547,705.345102654547,6.55868719035406
"1883","8701671B63256124601591",1,8.00774839192629,8.00774839192629,2.08040962192969
"1884","8701671B6329691357439",1,11.7383231198043,11.7383231198043,2.46285896942844
"1885","8701671B63359836488901",1,55.0324338608235,55.0324338608235,4.00792271798431
"1886","8701671B63390184751595",1,1563.96260744361,1563.96260744361,7.35497801253531
"1887","8701671B63558668022840",1,103.775788249671,103.775788249671,4.64223268966714
"1888","8701671B6383069893931",1,24.0202026855946,24.0202026855946,3.17889525481751
"1889","8701671B640126266142",1,NA,NA,NA
"1890","8701671B64130059422641",1,NA,NA,NA
"1891","8701671B64289292392873",1,2263.5765093758,2263.5765093758,7.72470136766363
"1892","8701671B64489112890700",1,4462.400182705,4462.400182705,8.40344205781644
"1893","8701671B64660107039204",1,NA,NA,NA
"1894","8701671B64891030149560",1,NA,NA,NA
"1895","8701671B64921834857972",1,194.413053073883,194.413053073883,5.26998503521397
"1896","8701671B64940786723478",1,NA,NA,NA
"1897","8701671B64973472521789",1,NA,NA,NA
"1898","8701671B65041139962090",1,104.750767913759,104.750767913759,4.65158388969432
"1899","8701671B65386836314559",1,35.3600307970867,35.3600307970867,3.5655821087274
"1900","8701671B65471913227261",1,1194.40804026173,1194.40804026173,7.08540597783472
"1901","8701671B65833866980229",1,NA,NA,NA
"1902","8701671B65845111607319",1,1021.67148966324,1021.67148966324,6.92919528040549
"1903","8701671B66024605882248",1,NA,NA,NA
"1904","8701671B66361265375763",1,NA,NA,NA
"1905","8701671B66587320665101",1,661.867513118982,661.867513118982,6.49506540466787
"1906","8701671B67132891165103",1,2251.04162313517,2251.04162313517,7.71914833168876
"1907","8701671B67257471082353",1,139.679820803702,139.679820803702,4.93935280918456
"1908","8701671B67654174060035",1,0.154411465153098,0.154411465153098,-1.8681343879754
"1909","8701671B67888908023489",1,233.33729880996,233.33729880996,5.45248504113071
"1910","8701671B68052266894517",1,41.8091170555353,41.8091170555353,3.73311442712433
"1911","8701671B68700558971197",1,NA,NA,NA
"1912","8701671B68891744403519",1,113.749348100089,113.749348100089,4.73399732682641
"1913","8701671B68903094038939",1,NA,NA,NA
"1914","8701671B68975897642122",1,64.7339642447233,64.7339642447233,4.17028601345557
"1915","8701671B68986810783457",1,307.514730784222,307.514730784222,5.7285229910885
"1916","8701671B69138058153877",1,290.543630286325,290.543630286325,5.6717537553289
"1917","8701671B69175081288575",1,803.582861604989,803.582861604989,6.68908030569119
"1918","8701671B69185125078741",1,86.3068337321281,86.3068337321281,4.45790878072641
"1919","8701671B69443980159425",1,NA,NA,NA
"1920","8701671B69664820658119",1,70.4623423909396,70.4623423909396,4.25507841662591
"1921","8701671B69792415593649",1,NA,NA,NA
"1922","8701671B70067848832200",1,157.024239471778,157.024239471778,5.05640018497115
"1923","8701671B70172506125810",1,236.236464214697,236.236464214697,5.46483327040314
"1924","8701671B71036629686729",1,NA,NA,NA
"1925","8701671B71072292356728",1,NA,NA,NA
"1926","8701671B71229429215357",1,2291.60247353833,2291.60247353833,7.73700662192742
"1927","8701671B71359677826666",1,NA,NA,NA
"1928","8701671B71571062507422",1,400.896123487577,400.896123487577,5.99370235007708
"1929","8701671B71920498975173",1,NA,NA,NA
"1930","8701671B7232350225457",1,272.948806494251,272.948806494251,5.60928425560143
"1931","8701671B72346500642507",1,112.534775991589,112.534775991589,4.72326229380199
"1932","8701671B72439737760091",1,NA,NA,NA
"1933","8701671B72446042689753",1,526.004781617299,526.004781617299,6.26531030322358
"1934","8701671B72718235306176",1,0,0,0
"1935","8701671B72959640308554",1,325.978412472717,325.978412472717,5.78683115976526
"1936","8701671B73008172575008",1,NA,NA,NA
"1937","8701671B73025224751915",1,113.038078432083,113.038078432083,4.72772473922332
"1938","8701671B73326281141145",1,NA,NA,NA
"1939","8701671B73364458199971",1,83.7860835967772,83.7860835967772,4.42826692683318
"1940","8701671B73612450286207",1,300.811711989716,300.811711989716,5.70648452745372
"1941","8701671B73614942856081",1,306.512816817984,306.512816817984,5.72525957120013
"1942","8701671B73627657700806",1,NA,NA,NA
"1943","8701671B73692307492725",1,NA,NA,NA
"1944","8701671B74099385302774",1,NA,NA,NA
"1945","8701671B74106328276296",1,NA,NA,NA
"1946","8701671B74160923345613",1,NA,NA,NA
"1947","8701671B74250012316808",1,113.608017288372,113.608017288372,4.73275407851836
"1948","8701671B74804511892204",1,NA,NA,NA
"1949","8701671B75024298551322",1,NA,NA,NA
"1950","8701671B75049629719771",1,1941.94017784655,1941.94017784655,7.57144284397235
"1951","8701671B75171816704867",1,NA,NA,NA
"1952","8701671B75449277915828",1,269.994132963121,269.994132963121,5.59840022899606
"1953","8701671B75539751550114",1,3772.13031442598,3772.13031442598,8.23539519098956
"1954","8701671B75874971152676",1,NA,NA,NA
"1955","8701671B76033822027974",1,201.763932839036,201.763932839036,5.3070983646864
"1956","8701671B76266155523948",1,626.133370548487,626.133370548487,6.43956340040213
"1957","8701671B76730810017081",1,13.4860322955251,13.4860322955251,2.60165450505408
"1958","8701671B76853731017795",1,6182.48669597626,6182.48669597626,8.72947584750911
"1959","8701671B77198875782479",1,239.27814273119,239.27814273119,5.47762665238581
"1960","8701671B77297874442969",1,359.628707409799,359.628707409799,5.88507213091777
"1961","8701671B7729903902665",1,NA,NA,NA
"1962","8701671B77761135281215",1,NA,NA,NA
"1963","8701671B77991927650857",1,NA,NA,NA
"1964","8701671B78073152626196",1,NA,NA,NA
"1965","8701671B78261941759356",1,309.331967371237,309.331967371237,5.7344150282826
"1966","8701671B78477528803813",1,260.486935563013,260.486935563013,5.56255270854621
"1967","8701671B78745731328632",1,NA,NA,NA
"1968","8701671B7895347248645",1,117.436779725626,117.436779725626,4.76590014389783
"1969","8701671B79417644951649",1,91.1742187136412,91.1742187136412,4.51277216757266
"1970","8701671B79423766550609",1,NA,NA,NA
"1971","8701671B79808617109773",1,274.154380095452,274.154380095452,5.61369137872572
"1972","8701671B80390087772516",1,251.136283665448,251.136283665448,5.52599575459136
"1973","8701671B80425002261515",1,6.27449657082558,6.27449657082558,1.83649325404255
"1974","8701671B8071500438377",1,186.38079503268,186.38079503268,5.22779186600288
"1975","8701671B80977223747238",1,392.367427326105,392.367427326105,5.97219871539284
"1976","8701671B80994766223390",1,174.608724110276,174.608724110276,5.16254760842456
"1977","8701671B80997210152417",1,165.728724125475,165.728724125475,5.11035225959303
"1978","8701671B81059330414733",1,NA,NA,NA
"1979","8701671B81462153055318",1,NA,NA,NA
"1980","8701671B81496139383371",1,1.49721556067467,1.49721556067467,0.403607090177851
"1981","8701671B8158625953395",1,NA,NA,NA
"1982","8701671B81655629015903",1,NA,NA,NA
"1983","8701671B81790835951847",1,NA,NA,NA
"1984","8701671B8208248485546",1,NA,NA,NA
"1985","8701671B82105549024004",1,NA,NA,NA
"1986","8701671B82156592609383",1,NA,NA,NA
"1987","8701671B82289109634820",1,212.318041232079,212.318041232079,5.35808534499537
"1988","8701671B82490011784618",1,NA,NA,NA
"1989","8701671B82829723168564",1,NA,NA,NA
"1990","8701671B83159323008867",1,NA,NA,NA
"1991","8701671B83371663515297",1,NA,NA,NA
"1992","8701671B83706236309505",1,596.266181410998,596.266181410998,6.3906871804691
"1993","8701671B83724356219791",1,250.469239333868,250.469239333868,5.52333611591436
"1994","8701671B83780855203463",1,851.606676498912,851.606676498912,6.74712477293565
"1995","8701671B8403911269466",1,NA,NA,NA
"1996","8701671B84211341759878",1,590.620135513581,590.620135513581,6.38117306204661
"1997","8701671B84261355290509",1,NA,NA,NA
"1998","8701671B84491224846423",1,NA,NA,NA
"1999","8701671B84632828581630",1,790.421610254757,790.421610254757,6.67256648696926
"2000","8701671B84690280241827",1,122.706253580078,122.706253580078,4.80979331684093
"2001","8701671B84813542366979",1,276.796797341183,276.796797341183,5.62328365337738
"2002","8701671B84932876584417",1,580.706322055943,580.706322055943,6.36424515927576
"2003","8701671B84964760406378",1,NA,NA,NA
"2004","8701671B85169170830121",1,113.053344040811,113.053344040811,4.72785977847943
"2005","8701671B85402755836861",1,747.519021186233,747.519021186233,6.61675975134407
"2006","8701671B85920169217386",1,27.0432558041066,27.0432558041066,3.29743765088303
"2007","8701671B86080825614718",1,967.166683115326,967.166683115326,6.87437085196961
"2008","8701671B86108661761319",1,236.022996857297,236.022996857297,5.4639292445888
"2009","8701671B86288644178895",1,279.538052844182,279.538052844182,5.63313842946114
"2010","8701671B86453873223968",1,199.503840930276,199.503840930276,5.29583348892792
"2011","8701671B86513395077945",1,527.736838739142,527.736838739142,6.26859774797908
"2012","8701671B86605125061107",1,NA,NA,NA
"2013","8701671B86679693622237",1,94.762587633431,94.762587633431,4.55137468615109
"2014","8701671B87024407460992",1,NA,NA,NA
"2015","8701671B87099663459533",1,NA,NA,NA
"2016","8701671B87129820959835",1,164.577868441157,164.577868441157,5.10338382258778
"2017","8701671B87504135677093",1,1214.54224632092,1214.54224632092,7.10212253278654
"2018","8701671B87551920719887",1,NA,NA,NA
"2019","8701671B87673640484733",1,220.778154076971,220.778154076971,5.39715836963928
"2020","8701671B87881136739477",1,NA,NA,NA
"2021","8701671B87901537971964",1,NA,NA,NA
"2022","8701671B87910523251509",1,45.2188479368389,45.2188479368389,3.81151398967519
"2023","8701671B8810495152060",1,327.511717596818,327.511717596818,5.79152383335684
"2024","8701671B8813575079880",1,2.25173208236694,2.25173208236694,0.811699734446521
"2025","8701671B88292249499058",1,NA,NA,NA
"2026","8701671B88374512548949",1,306.67760772258,306.67760772258,5.72579705809479
"2027","8701671B88518569021729",1,NA,NA,NA
"2028","8701671B886545295565",1,NA,NA,NA
"2029","8701671B88709297193728",1,53.1824134859443,53.1824134859443,3.97372776812364
"2030","8701671B8871656007589",1,NA,NA,NA
"2031","8701671B88887342435419",1,11.3118727921322,11.3118727921322,2.42585286369956
"2032","8701671B89602605916522",1,0,0,0
"2033","8701671B89606244104668",1,698.715428707823,698.715428707823,6.54924354733524
"2034","8701671B89726898979713",1,0,0,0
"2035","8701671B8981340817709",1,92.4893346808106,92.4893346808106,4.52709333712274
"2036","8701671B90029568380485",1,269.324296838716,269.324296838716,5.59591621794873
"2037","8701671B90050195307789",1,229.523982960694,229.523982960694,5.43600752495882
"2038","8701671B90118791051051",1,778.406738747619,778.406738747619,6.65724918801266
"2039","8701671B90589302469982",1,1671.61497411013,1671.61497411013,7.42154548848418
"2040","8701671B90786780806365",1,NA,NA,NA
"2041","8701671B908189837343",1,4.29456917643547,4.29456917643547,1.45735124224098
"2042","8701671B91089309525348",1,NA,NA,NA
"2043","8701671B91249744249717",1,23.8679930537939,23.8679930537939,3.1725383586339
"2044","8701671B91261158207926",1,NA,NA,NA
"2045","8701671B91352204106029",1,226.818850117922,226.818850117922,5.42415168179459
"2046","8701671B91623550198243",1,230.946361187883,230.946361187883,5.44218548090873
"2047","8701671B91684501452899",1,83.3713359439373,83.3713359439373,4.4233045565707
"2048","8701671B91946398565623",1,12.0194985485077,12.0194985485077,2.48653021014264
"2049","8701671B91948443212485",1,64.3600139784813,64.3600139784813,4.16449253931622
"2050","8701671B91973054912616",1,NA,NA,NA
"2051","8701671B91980057323344",1,87.3744666753709,87.3744666753709,4.47020309667693
"2052","8701671B92087442166631",1,802.598720009141,802.598720009141,6.68785486302609
"2053","8701671B92172840318225",1,333.551484155059,333.551484155059,5.80979722871858
"2054","8701671B92535137088393",1,NA,NA,NA
"2055","8701671B92631226508247",1,NA,NA,NA
"2056","8701671B92777247023512",1,58.4176610246301,58.4176610246301,4.06761825892135
"2057","8701671B92902112367309",1,4091.4105669596,4091.4105669596,8.31664507147597
"2058","8701671B92996832063401",1,54.7939859747887,54.7939859747887,4.00358044294594
"2059","8701671B93108958332775",1,72.116942178607,72.116942178607,4.27828899835981
"2060","8701671B93430889647256",1,1.42008609056473,1.42008609056473,0.350717496933678
"2061","8701671B93449908484695",1,NA,NA,NA
"2062","8701671B93683641934125",1,205.073856672645,205.073856672645,5.32337019070636
"2063","8701671B93850487776066",1,350.735467522517,350.735467522517,5.86003228554408
"2064","8701671B94015264983282",1,853.734033184778,853.734033184778,6.74961970873035
"2065","8701671B94073395823663",1,1156.44656817146,1156.44656817146,7.05310727928248
"2066","8701671B9474908465202",1,NA,NA,NA
"2067","8701671B94814187921498",1,NA,NA,NA
"2068","8701671B94960647396655",1,530.647198997885,530.647198997885,6.2740973917578
"2069","8701671B95563300423658",1,310.893801601641,310.893801601641,5.73945137991402
"2070","8701671B95823931599644",1,2522.20735042348,2522.20735042348,7.83288972980802
"2071","8701671B96155424695073",1,0,0,0
"2072","8701671B96397646944426",1,NA,NA,NA
"2073","8701671B96536961646106",1,NA,NA,NA
"2074","8701671B96547889187506",1,64.1304881444573,64.1304881444573,4.16091988492749
"2075","8701671B96600181049115",1,NA,NA,NA
"2076","8701671B96630840865992",1,450.028503208943,450.028503208943,6.10931092122276
"2077","8701671B96841263270820",1,9.9004739844799,9.9004739844799,2.29258263321466
"2078","8701671B96951790647096",1,1256.06277802538,1256.06277802538,7.13573732828334
"2079","8701671B96967747537750",1,157.588599486277,157.588599486277,5.05998783652219
"2080","8701671B96985788698945",1,79.8471949728578,79.8471949728578,4.38011474533839
"2081","8701671B97135267153779",1,135.495456777811,135.495456777811,4.90893811044259
"2082","8701671B97170128709946",1,476.790767979324,476.790767979324,6.16707775310421
"2083","8701671B97252067164265",1,NA,NA,NA
"2084","8701671B97284253822936",1,NA,NA,NA
"2085","8701671B9732663070943",1,3602.01747185215,3602.01747185215,8.18924937632162
"2086","8701671B9780152008483",1,604.3885984952,604.3885984952,6.40421736604991
"2087","8701671B97832675692274",1,NA,NA,NA
"2088","8701671B98117918076450",1,NA,NA,NA
"2089","8701671B98275971460966",1,205.753275104091,205.753275104091,5.32667775731186
"2090","8701671B98296158896120",1,NA,NA,NA
"2091","8701671B98393552934318",1,7.60365856338292,7.60365856338292,2.02862952138014
"2092","8701671B98444413378484",1,391.579508228712,391.579508228712,5.97018858096418
"2093","8701671B98536206371918",1,NA,NA,NA
"2094","8701671B98746614638816",1,NA,NA,NA
"2095","8701671B98909054283677",1,5842.55061297066,5842.55061297066,8.67292272927162
"2096","8701671B98916205392785",1,370.955515849255,370.955515849255,5.91608215204717
"2097","8701671B98929881441736",1,349.346647269279,349.346647269279,5.85606468789868
"2098","8701671B98989854041717",1,NA,NA,NA
"2099","8701671B99228851829724",1,NA,NA,NA
"2100","8701671B99321727283863",1,565.04233897645,565.04233897645,6.33690066458037
"2101","8701671B99330114936147",1,NA,NA,NA
"2102","8701671B99819358130632",1,NA,NA,NA
"2103","8701671B99871718233737",1,14.0812201631069,14.0812201631069,2.64484200628676
"2104","8701671B99904787478825",1,194.403709982336,194.403709982336,5.26993697611551
"2105","8701671B99981007165290",1,440.904308993965,440.904308993965,6.08882786549365
"2106","91817680B11476058556898",1,231966.868463452,231966.868463452,12.3543498321032
"2107","91817680B11624916188823",1,315901.96121279,315901.96121279,12.6631871951052
"2108","91817680B12008242239928",1,399932.072983743,399932.072983743,12.8990499941288
"2109","91817680B15590775835688",1,280123.582527723,280123.582527723,12.5429861509484
"2110","91817680B24548286345957",1,64170.6459911389,64170.6459911389,11.0693011575653
"2111","91817680B32751924176777",1,357648.660075708,357648.660075708,12.7873063870615
"2112","91817680B33034423068968",1,128605.827860599,128605.827860599,11.7645074074929
"2113","91817680B37722151409475",1,301482.833293512,301482.833293512,12.6164683558617
"2114","91817680B44823551048989",1,214095.214758838,214095.214758838,12.2741761238321
"2115","91817680B50207003035",1,251117.54036635,251117.54036635,12.4336763968133
"2116","91817680B5353031397212",1,254789.579444966,254789.579444966,12.4481933048461
"2117","91817680B54012703126739",1,122006.711060432,122006.711060432,11.7118313308945
"2118","91817680B55707549130569",1,123378.381584627,123378.381584627,11.7230111853541
"2119","91817680B57927404517776",1,275533.122295666,275533.122295666,12.5264631264671
"2120","91817680B63178832268751",1,177898.339955142,177898.339955142,12.0889675422734
"2121","91817680B63526671374694",1,70851.0444211187,70851.0444211187,11.1683349863104
"2122","91817680B65451529480853",1,296678.515143578,296678.515143578,12.6004043909289
"2123","91817680B65504384218086",1,137272.388761043,137272.388761043,11.8297224700105
"2124","91817680B8006777837161",1,366146.185897912,366146.185897912,12.8107879476602
"2125","91817680B85909931268472",1,29107.6952266941,29107.6952266941,10.2787578589811
"2126","91817680B87761816793360",1,283636.1567904,283636.1567904,12.5554475577224
"2127","91817680B90297389150949",1,203745.042821958,203745.042821958,12.224624701099
"2128","91817680B91211823266814",1,115251.565167442,115251.565167442,11.6548725413952
"2129","94954027B24043744256815",1,6451.10518456161,6451.10518456161,8.77200674155535
"2130","94954027B50419639501702",1,12056.5494763367,12056.5494763367,9.39736331626978
"2131","94954027B75488374461778",1,3139.10175951272,3139.10175951272,8.05169197412878
"2132","94954027B8071677306874",1,40656.3959629704,40656.3959629704,10.6129114448615
"2133","94954027B88448576527444",1,22158.8027521478,22158.8027521478,10.0059901119715
"2134","96108325B18979939092740",1,7161.07592682742,7161.07592682742,8.87641551777539
"2135","96108325B20095781885743",1,11136.006814109,11136.006814109,9.31793899447317
"2136","96108325B32463735273618",1,1767.58269113734,1767.58269113734,7.4773681809125
"2137","96108325B47785236493574",1,7642.67216691047,7642.67216691047,8.94150258107559
"2138","96108325B67235694688325",1,6139.94858992359,6139.94858992359,8.72257164812952
"2139","96108325B69930325682932",1,5148.17908665182,5148.17908665182,8.54639835572785
"2140","96108325B74916276227315",1,5136.55684048936,5136.55684048936,8.54413825859127
"2141","96108325B86083732773811",1,1759.07464678466,1759.07464678466,7.47254318089493
"2142","96108325B93131520053722",1,1353.35929265872,1353.35929265872,7.21034514551123
"2143","96108325B98972581904621",1,21648.3849756212,21648.3849756212,9.98268613367915
"2144","DIS017",1,NA,NA,NA
