"","ADM2_id","total_exposure_days","total_population","total_person_day_exposure","log_total_person_day_exposure"
"1","10022922B13687974105922",1,262875.30537457,262875.30537457,12.4794350746765
"2","10022922B15279482214677",1,238884.611541724,238884.611541724,12.3837359174331
"3","10022922B25342620887316",1,25601.7183106503,25601.7183106503,10.1504147497249
"4","10022922B29824664852903",1,217059.493657159,217059.493657159,12.2879267592651
"5","10022922B32579750162608",1,241707.784889189,241707.784889189,12.3954847750648
"6","10022922B34339999190032",1,58037.6935248837,58037.6935248837,10.9688479668026
"7","10022922B40357207342555",1,192642.301621696,192642.301621696,12.1685903888183
"8","10022922B54557741887580",1,135122.29597894,135122.29597894,11.8139355434846
"9","10022922B54995100782210",1,138731.452827835,138731.452827835,11.8402953493607
"10","10022922B55197674782137",1,208686.987747943,208686.987747943,12.248590742046
"11","10022922B56427545477040",1,144995.566747176,144995.566747176,11.8844584467779
"12","10022922B7387017022835",1,192620.770637507,192620.770637507,12.1684786159246
"13","10022922B77596397547877",1,184506.267507791,184506.267507791,12.1254387121177
"14","10022922B79548799707119",1,228163.386693548,228163.386693548,12.3378172596005
"15","10022922B91378939255033",1,60902.5085826711,60902.5085826711,11.0170296446833
"16","10022922B91714644312966",1,147207.109298115,147207.109298115,11.8995957809729
"17","10022922B92224420422748",1,317675.082002151,317675.082002151,12.6687843847049
"18","10022922B97539486376385",1,76255.3785305003,76255.3785305003,11.2418432300869
"19","14151628B95966095088914",1,43204.562058832,43204.562058832,10.6737013718703
"20","1456440B19707016539712",1,7376.60397571497,7376.60397571497,8.90606864579342
"21","1456440B30022647812570",1,1295.41327810304,1295.41327810304,7.16658505689162
"22","1456440B30822357340136",1,5833.45362612976,5833.45362612976,8.67136449265312
"23","1456440B3381431616278",1,12019.9349084275,12019.9349084275,9.39432179280228
"24","1456440B35586034015504",1,13795.1341929227,13795.1341929227,9.53207121425342
"25","1456440B38299420542047",1,NA,NA,NA
"26","1456440B41515061278311",1,4208.91216830587,4208.91216830587,8.34495950096098
"27","1456440B44452540624114",1,5234.21897645488,5234.21897645488,8.56297291952003
"28","1456440B45455972514267",1,NA,NA,NA
"29","1456440B54194515366168",1,19365.2598748427,19365.2598748427,9.87123601168027
"30","1456440B56382702891578",1,17949.3409453629,17949.3409453629,9.7953086771066
"31","1456440B59769308078565",1,7247.64787661868,7247.64787661868,8.88843226439844
"32","1456440B59944424745172",1,17542.0456758656,17542.0456758656,9.77235588830828
"33","1456440B60992682417348",1,10098.636162079,10098.636162079,9.22015566025399
"34","1456440B62290110422722",1,3444.76544574659,3444.76544574659,8.14461109571521
"35","1456440B68597198845590",1,15513.1138963348,15513.1138963348,9.64944100303021
"36","1456440B69828690893614",1,NA,NA,NA
"37","1456440B76393603142959",1,20959.4496061499,20959.4496061499,9.95034487884162
"38","1456440B83071961973491",1,37799.0183795475,37799.0183795475,10.5400384124754
"39","1456440B85489993561805",1,10600.9459611532,10600.9459611532,9.26869851773659
"40","1456440B85935550107059",1,16730.4823689541,16730.4823689541,9.72498762613869
"41","1456440B94766097213569",1,16855.4907344785,16855.4907344785,9.73243174231276
"42","1456440B94896318880673",1,10389.0685004813,10389.0685004813,9.24850942660749
"43","1456440B99535609172770",1,17018.0308824367,17018.0308824367,9.74202870110034
"44","17275852B16521843045020",1,1390750.03520644,1390750.03520644,14.1453537532523
"45","17275852B17785585955827",1,661217.64373811,661217.64373811,13.4018383289924
"46","17275852B2295538790743",2,1437111.37799609,2874222.75599218,14.8712928499217
"47","17275852B30975390905787",1,118636.538741867,118636.538741867,11.6838198019246
"48","17275852B38709981190197",1,253707.757100283,253707.757100283,12.4439383209981
"49","17275852B39380894050966",1,1749134.94840397,1749134.94840397,14.3746319084879
"50","17275852B41190306193582",2,602192.545586518,1204385.09117304,14.001479696879
"51","17275852B59014028549632",1,1192389.72275265,1192389.72275265,13.9914700217894
"52","17275852B71635948673445",1,533074.723472633,533074.723472633,13.1864168874542
"53","17275852B78973254528560",1,556697.646271536,556697.646271536,13.2297775461611
"54","17275852B7979903099841",2,453667.682034976,907335.364069952,13.7182674116603
"55","17275852B82960244806798",1,222361.400997866,222361.400997866,12.3120592696316
"56","17275852B86000242921086",1,733138.809497158,733138.809497158,13.5050903346962
"57","17275852B86431238150342",2,723886.71680023,1447773.43360046,14.1855373711774
"58","17275852B87782309196497",1,485813.697572801,485813.697572801,13.0935804910621
"59","17275852B95583475247133",1,1616916.23506874,1616916.23506874,14.2960313345389
"60","17275852B98891327369808",2,344189.361280213,688378.722560426,13.4420944343009
"61","22064153B10063200690088",1,4179.21705424584,4179.21705424584,8.33787920037785
"62","22064153B10066515375089",1,141708.486480137,141708.486480137,11.8615273143592
"63","22064153B10136144710667",1,297438.89348022,297438.89348022,12.6029640828039
"64","22064153B10207741545348",1,211613.388845034,211613.388845034,12.2625162512795
"65","22064153B10383419065697",2,18863.3660409524,37726.7320819048,10.5381241959526
"66","22064153B10436959918879",1,76009.9209527044,76009.9209527044,11.2386191496004
"67","22064153B10472046376966",1,22052.014928122,22052.014928122,10.0011592566603
"68","22064153B1052554637005",1,171402.029360918,171402.029360918,12.0517671249877
"69","22064153B10573216765784",1,43153.1222613604,43153.1222613604,10.6725100522104
"70","22064153B10622080660464",1,141206.866621637,141206.866621637,11.8579812333237
"71","22064153B10908081440803",2,5231.66987254984,10463.3397450997,9.255632973952
"72","22064153B11166704859619",1,21732.3949623431,21732.3949623431,9.9865592817352
"73","22064153B11185752440330",1,3996.69683104756,3996.69683104756,8.29322350670968
"74","22064153B11283862904746",3,22364.4985491638,67093.4956474914,11.1138423830525
"75","22064153B11294111383773",1,45585.5262458753,45585.5262458753,10.7273455382295
"76","22064153B11326037690958",1,39497.6315030336,39497.6315030336,10.5839959871429
"77","22064153B11347435242213",1,NA,NA,NA
"78","22064153B11384904576552",1,141027.967911012,141027.967911012,11.8567135036696
"79","22064153B114806197531",1,38048.7338875511,38048.7338875511,10.5466230877704
"80","22064153B11481996196295",1,53039.5362135168,53039.5362135168,10.8787928807325
"81","22064153B11493994144660",1,58516.8734902824,58516.8734902824,10.9770704273617
"82","22064153B11591323942731",1,254367.180895481,254367.180895481,12.4465340962121
"83","22064153B11669654963101",1,15324.9490342232,15324.9490342232,9.63723743513645
"84","22064153B11870363925687",1,7588.57131138067,7588.57131138067,8.93439861965194
"85","22064153B11880020551001",1,155832.329584366,155832.329584366,11.9565358978522
"86","22064153B11925080577501",2,40914.4290983591,81828.8581967182,11.3123852500661
"87","22064153B12049663471572",1,145804.626289258,145804.626289258,11.8900228284323
"88","22064153B12114341004920",1,11580.3990461835,11580.3990461835,9.35706921048002
"89","22064153B12127418038090",1,5567.97696419329,5567.97696419329,8.62478706482777
"90","22064153B12165260283396",1,4820.01430778499,4820.01430778499,8.48053217546036
"91","22064153B12345861604897",1,81179.8781741178,81179.8781741178,11.3044226897034
"92","22064153B1240967535924",2,4382.86297235887,8765.72594471774,9.07860461705378
"93","22064153B12662900476516",2,34360.3674728857,68720.7349457714,11.1378062513881
"94","22064153B12861375372699",1,17379.573087363,17379.573087363,9.76305083507483
"95","22064153B12869480434443",1,22589.4437650291,22589.4437650291,10.0252379860969
"96","22064153B12892312696752",1,12080.8194964797,12080.8194964797,9.3993743083004
"97","22064153B12953099652868",2,53849.9343192961,107699.868638592,11.5871036434464
"98","22064153B12979096179166",1,50477.5982315583,50477.5982315583,10.8292849174691
"99","22064153B1320154413470",2,12494.5913850676,24989.1827701352,10.1261983210188
"100","22064153B13215881329963",2,6904.74647369533,13809.4929473907,9.53311152939261
"101","22064153B13237952508684",1,61372.0338710925,61372.0338710925,11.0247095359631
"102","22064153B13347263805777",1,223746.722408407,223746.722408407,12.3182699875758
"103","22064153B13433087472373",1,41516.8316511563,41516.8316511563,10.6338542059482
"104","22064153B13436797224753",1,19914.9674748247,19914.9674748247,9.89922686241455
"105","22064153B1352051297857",2,122388.702596716,244777.405193432,12.4081045263141
"106","22064153B135965652539",1,44558.5025443449,44558.5025443449,10.7045582686582
"107","22064153B13741289865163",1,73849.1292759073,73849.1292759073,11.2097794974487
"108","22064153B13756884324312",1,97455.1720847724,97455.1720847724,11.4871477777682
"109","22064153B13823601910405",2,48575.1012966267,97150.2025932534,11.4840135401689
"110","22064153B13931010812226",1,29744.9200550126,29744.9200550126,10.3004136419402
"111","22064153B13974791812642",1,15657.1337289228,15657.1337289228,9.65868192143381
"112","22064153B13974843260526",1,21640.9066559081,21640.9066559081,9.98234062930586
"113","22064153B14001863011483",1,3255.30766886506,3255.30766886506,8.0880420721005
"114","22064153B14023525117600",1,217638.878571407,217638.878571407,12.2905924479097
"115","22064153B14063031562338",2,41512.3668910328,83024.7337820656,11.3268938397606
"116","22064153B14175701044712",1,15626.6190366476,15626.6190366476,9.65673108758204
"117","22064153B14191280892347",1,NA,NA,NA
"118","22064153B1420949553929",1,NA,NA,NA
"119","22064153B14260428934540",1,106179.311836304,106179.311836304,11.572884565012
"120","22064153B14409781546574",2,102443.369538977,204886.739077954,12.2302126131378
"121","22064153B14538950261497",1,17279.9691830484,17279.9691830484,9.75730325896805
"122","22064153B14602941038291",1,17979.082871757,17979.082871757,9.79696429847976
"123","22064153B14641047530321",1,3930.28718291792,3930.28718291792,8.27646777672732
"124","22064153B14902090044751",1,12548.3985661399,12548.3985661399,9.43734833212617
"125","22064153B1510965020390",2,13978.0044237559,27956.0088475118,10.2383874410769
"126","22064153B15139247492815",1,3206.69580651388,3206.69580651388,8.07299634222079
"127","22064153B15197878860903",2,16274.2349845012,32548.4699690024,10.3904856409713
"128","22064153B15237000314247",2,3447.13646931953,6894.27293863906,8.83844633704436
"129","22064153B15329717394060",1,53737.1071444075,53737.1071444075,10.8918590501364
"130","22064153B15331758585451",1,3117.66394707317,3117.66394707317,8.0448392654491
"131","22064153B15346425233004",1,51343.7476867165,51343.7476867165,10.8462984491649
"132","22064153B15364293597369",2,63649.0502305645,127298.100461129,11.7542868626834
"133","22064153B15402468552112",1,24833.9481600246,24833.9481600246,10.1199668735149
"134","22064153B15413497607030",1,10479.5490868343,10479.5490868343,9.25718093088396
"135","22064153B15500594562934",2,20051.9273235631,40103.8546471262,10.5992277345384
"136","22064153B15570456578979",2,103454.279322747,206908.558645494,12.2400322289752
"137","22064153B15644746046041",2,93162.3541334034,186324.708266807,12.1352461740264
"138","22064153B15685220899740",1,8022.06635465396,8022.06635465396,8.98995131788068
"139","22064153B15714680533513",1,152683.408879718,152683.408879718,11.9361218335664
"140","22064153B1576921955547",1,166242.21437114,166242.21437114,12.0212011265712
"141","22064153B16137538167455",2,8540.62376920035,17081.2475384007,9.74573650556518
"142","22064153B1618089964650",1,76836.6828631285,76836.6828631285,11.2494374465484
"143","22064153B16354527619629",1,18617.9222975558,18617.9222975558,9.83187996015585
"144","22064153B16459031557594",1,829504.008255554,829504.008255554,13.6285832207354
"145","22064153B16549607437005",1,74911.328223987,74911.328223987,11.224060402715
"146","22064153B16625159005652",1,73567.4667563796,73567.4667563796,11.2059581792273
"147","22064153B1664466739684",2,30681.2841258571,61362.5682517142,11.0245552906364
"148","22064153B1700256392599",1,6735.7598141805,6735.7598141805,8.81518589824672
"149","22064153B17016857460461",2,10531.6904872119,21063.3809744238,9.95529131289888
"150","22064153B17110513567738",1,10995.7652795532,10995.7652795532,9.3052655030727
"151","22064153B17150931610065",1,92625.8323819509,92625.8323819509,11.4363233491378
"152","22064153B17160397070793",1,147887.498442318,147887.498442318,11.904207118029
"153","22064153B17443115546549",1,102046.071687051,102046.071687051,11.5331796734946
"154","22064153B17451481377922",2,50780.3878428344,101560.775685669,11.5284126734979
"155","22064153B1746305161850",1,30302.8864444249,30302.8864444249,10.3189982491525
"156","22064153B17536493511153",1,196436.385507471,196436.385507471,12.1880939200016
"157","22064153B17547452708566",1,115387.982430202,115387.982430202,11.6560554892469
"158","22064153B17605300042191",1,53347.0341913737,53347.0341913737,10.8845736636452
"159","22064153B17622592602982",1,5102.86939610175,5102.86939610175,8.53755828718398
"160","22064153B17640645318479",2,2535.67288391678,5071.34576783356,8.53136149880546
"161","22064153B17737822356535",2,16080.8071085756,32161.6142171512,10.3785289153526
"162","22064153B17786192900668",2,307411.349358546,614822.698717092,13.3290892104548
"163","22064153B17824097613778",1,36642.2638554003,36642.2638554003,10.5089576033259
"164","22064153B17826218371858",3,273786.781636587,821360.344909761,13.618717201898
"165","22064153B17910960265215",1,163934.472730669,163934.472730669,12.007222070442
"166","22064153B17932497232001",1,69656.9043709435,69656.9043709435,11.1513371038132
"167","22064153B18197472399049",1,277338.645280067,277338.645280067,12.5329945846059
"168","22064153B18284871190784",1,12084.3373642956,12084.3373642956,9.39966546038031
"169","22064153B18309118681649",1,13636.4555214541,13636.4555214541,9.52050203849729
"170","22064153B18476481818662",1,5368.08950620642,5368.08950620642,8.588227352545
"171","22064153B18486924389046",1,NA,NA,NA
"172","22064153B18541020859979",1,38900.0333827476,38900.0333827476,10.5687503877745
"173","22064153B18585174510843",1,47249.3977393642,47249.3977393642,10.7631951865838
"174","22064153B18725311091842",1,253661.606180165,253661.606180165,12.4437563986213
"175","22064153B1875178256639",1,9158.18987826984,9158.18987826984,9.12240382659785
"176","22064153B18860011713755",1,101763.898754629,101763.898754629,11.5304106910734
"177","22064153B18872085958488",2,9159.0856652744,18318.1713305488,9.81564881504447
"178","22064153B18981391951778",1,11327.6937234594,11327.6937234594,9.335005778444
"179","22064153B19003983421075",1,7787.49025991615,7787.49025991615,8.96027391236185
"180","22064153B19025451607548",1,67052.4478651183,67052.4478651183,11.1132303960989
"181","22064153B19140159564863",1,1688.67958989098,1688.67958989098,7.43170219478032
"182","22064153B19171708056014",2,28703.0750181136,57406.1500362272,10.9579067200565
"183","22064153B19491219462886",2,49012.1185223865,98024.237044773,11.4929700438584
"184","22064153B19507094368728",1,7751.61100855501,7751.61100855501,8.9556559728166
"185","22064153B19608243669398",1,15712.9773985901,15712.9773985901,9.66224223579987
"186","22064153B19633670255011",1,246595.34868577,246595.34868577,12.4155040077574
"187","22064153B19687868642382",1,30598.0806857403,30598.0806857403,10.3286925632851
"188","22064153B19974298911936",1,33937.0990385079,33937.0990385079,10.4322640619032
"189","22064153B20082507087369",2,17228.1757237264,34456.3514474528,10.4474486265732
"190","22064153B20100015994007",1,NA,NA,NA
"191","22064153B20112956451443",1,6014.7084747878,6014.7084747878,8.7019631608648
"192","22064153B20300177961456",2,14626.4844937088,29252.9689874176,10.2837363513522
"193","22064153B20504043763502",1,241798.81169849,241798.81169849,12.3958613027524
"194","22064153B20548004874718",1,138365.463581378,138365.463581378,11.8376537504283
"195","22064153B20607189577313",2,10637.2651647179,21274.5303294358,9.96526587702566
"196","22064153B20726542801588",2,8991.31406973744,17982.6281394749,9.79716146750369
"197","22064153B20764763312334",1,100428.295018976,100428.295018976,11.5171992694333
"198","22064153B20820198931231",2,7504.92028749794,15009.8405749959,9.61646130331833
"199","22064153B20891786308722",1,33005.4916736378,33005.4916736378,10.4044292409559
"200","22064153B20929599780208",1,3876.84904745009,3876.84904745009,8.26277800151187
"201","22064153B20936499562813",2,57087.3213765671,114174.642753134,11.6454845091071
"202","22064153B20986912902018",1,60235.0799758059,60235.0799758059,11.0060101854299
"203","22064153B21018855363784",1,2487.21280869389,2487.21280869389,7.81891800857604
"204","22064153B21124327630561",2,35192.1651148201,70384.3302296402,11.1617259354058
"205","22064153B21224542742547",1,20143.2035887658,20143.2035887658,9.91062221959936
"206","22064153B2132252923317",1,22069.8460202359,22069.8460202359,10.0019675223454
"207","22064153B21330820256622",3,16861.4768061755,50584.4304185265,10.8313991086878
"208","22064153B21418638291073",1,11200.396505793,11200.396505793,9.32370445895948
"209","22064153B21468669116940",2,70835.4783962453,141670.956792491,11.861262442021
"210","22064153B21496575286327",1,35243.0231599847,35243.0231599847,10.4700228641113
"211","22064153B21553303139286",1,56979.8974036371,56979.8974036371,10.9504538074823
"212","22064153B21572106271359",1,69588.7022594043,69588.7022594043,11.1503575092874
"213","22064153B21585833160132",1,238197.535858192,238197.535858192,12.380855591006
"214","22064153B21867415191580",2,133461.850961275,266923.70192255,12.4947181359553
"215","22064153B21881953859573",2,362453.235609749,724906.471219498,13.4937979203004
"216","22064153B21930418676565",1,78986.6397884856,78986.6397884856,11.2770340005459
"217","22064153B22010426085653",1,1972.62152649387,1972.62152649387,7.58711866121198
"218","22064153B22111041587368",3,9664.57940875966,28993.738226279,10.2748351624221
"219","22064153B22167023977783",2,69793.078098253,139586.156196506,11.8464372967462
"220","22064153B2252165856655",2,10743.7136327361,21487.4272654722,9.97522326471608
"221","22064153B22522574438890",1,61479.3943198237,61479.3943198237,11.0264573459421
"222","22064153B22685350390729",1,258959.025969871,258959.025969871,12.4644251272781
"223","22064153B22770542866151",1,24253.7054756123,24253.7054756123,10.0963246878105
"224","22064153B22863459733327",1,43890.2273339539,43890.2273339539,10.6894469622987
"225","22064153B22998678840309",3,10064.670675068,30194.012025204,10.3153989063923
"226","22064153B23017512967810",1,536156.033387891,536156.033387891,13.1921805047565
"227","22064153B23148495981135",1,1242992.7755822,1242992.7755822,14.0330325583941
"228","22064153B23217272115075",1,46199.0583753395,46199.0583753395,10.740714695376
"229","22064153B23231745702149",2,29284.7145733759,58569.4291467518,10.9779681525236
"230","22064153B23299113779671",2,5035.88182025153,10071.7636405031,9.21749110846145
"231","22064153B23384477642602",1,15957.1731311208,15957.1731311208,9.6776637332056
"232","22064153B23604692839196",2,12900.2057081886,25800.4114163772,10.1581457171538
"233","22064153B23745136254640",1,191977.385982937,191977.385982937,12.1651328627343
"234","22064153B23867654552053",1,14181.9813268315,14181.9813268315,9.55972751718218
"235","22064153B23991641947742",1,178325.494110033,178325.494110033,12.0913657779823
"236","22064153B24235604109925",1,51562.0002946033,51562.0002946033,10.8505402517739
"237","22064153B24250896793566",1,12743.3659712637,12743.3659712637,9.45276609919592
"238","22064153B24324307757053",2,193131.860945166,386263.721890332,12.8642756324927
"239","22064153B24327518891099",1,130951.237535631,130951.237535631,11.7825803003351
"240","22064153B24375638846800",1,254647.517109234,254647.517109234,12.447635582056
"241","22064153B2446826655857",1,82947.9596160791,82947.9596160791,11.3259686975593
"242","22064153B24536315802693",1,234935.544952549,234935.544952549,12.3670664787079
"243","22064153B24827432296483",1,155489.184328158,155489.184328158,11.9543314540227
"244","22064153B24851023127688",2,64251.8029621948,128503.60592439,11.7637122445921
"245","22064153B249766001509",1,70656.4674119357,70656.4674119357,11.1655849254932
"246","22064153B24985865314901",2,1488645.59289603,2977291.18579206,14.906524447036
"247","22064153B25117865605166",1,34217.4749855265,34217.4749855265,10.4404917570419
"248","22064153B25240716524083",3,2323.4602064185,6970.3806192555,8.84942511047816
"249","22064153B25271963256644",2,25525.7356315158,51051.4712630316,10.8405896432173
"250","22064153B25274509403754",1,130590.661759966,130590.661759966,11.7798229906644
"251","22064153B25299017238233",1,NA,NA,NA
"252","22064153B25382009967091",1,30123.269072438,30123.269072438,10.3130532109658
"253","22064153B25439030249227",1,7730.85481278832,7730.85481278832,8.95297471926938
"254","22064153B25500969615439",2,6434.91244463257,12869.8248892651,9.4626406943799
"255","22064153B25557212584140",1,334946.822347604,334946.822347604,12.7217270589459
"256","22064153B25624433633857",1,16143.9515664094,16143.9515664094,9.68930074249036
"257","22064153B25668755078599",1,36677.2746080152,36677.2746080152,10.5099126217564
"258","22064153B25692242595445",1,27693.7615749546,27693.7615749546,10.2289624529104
"259","22064153B25942497643845",2,6326.09149244496,12652.1829848899,9.44558504724301
"260","22064153B25968534985503",1,40267.6662098302,40267.6662098302,10.6033040985985
"261","22064153B26033089234228",1,154597.893705566,154597.893705566,11.9485827908872
"262","22064153B26076067737587",3,26631.0739883855,79893.2219651565,11.2884462966811
"263","22064153B26111310234357",1,30394.1253905404,30394.1253905404,10.3220046249881
"264","22064153B26168625636469",1,669.575647152453,669.575647152453,6.50664414926725
"265","22064153B2623770639583",2,27300.3717792221,54600.7435584442,10.9078027799268
"266","22064153B26243303203029",2,9524.81624796212,19049.6324959242,9.85480308881623
"267","22064153B26379129013913",1,389269.363909961,389269.363909961,12.8720268351769
"268","22064153B26413774655735",2,74786.3118058157,149572.623611631,11.915537330528
"269","22064153B26432964343600",1,76537.4035975977,76537.4035975977,11.2455348362407
"270","22064153B26463696706835",1,195967.794932364,195967.794932364,12.1857056131425
"271","22064153B26513167275722",2,10723.5010621418,21447.0021242836,9.97334015348301
"272","22064153B26624831097193",1,7584.96845917772,7584.96845917772,8.93392373345859
"273","22064153B26660671620175",1,728574.018564386,728574.018564386,13.4988445035252
"274","22064153B26661145575054",1,50645.7464227474,50645.7464227474,10.8326105263428
"275","22064153B26690922833011",2,17374.3426150455,34748.685230091,10.4558970151719
"276","22064153B26773121701856",2,34538.9407734176,69077.8815468352,11.1429898651262
"277","22064153B26843686140780",2,50934.7651041406,101869.530208281,11.5314481578947
"278","22064153B26884354260890",2,103522.30181225,207044.6036245,12.2406895254827
"279","22064153B26987504968655",2,111178.802747378,222357.605494756,12.3120422004124
"280","22064153B27005462697609",1,63290.5566557125,63290.5566557125,11.0554914130492
"281","22064153B2702411680064",2,129090.605529382,258181.211058764,12.4614169858033
"282","22064153B27046387100615",1,41122.8853305396,41122.8853305396,10.6243200662116
"283","22064153B2722132887235",2,6100.96918878686,12201.9383775737,9.4093501015084
"284","22064153B27247213696549",1,273673.58839342,273673.58839342,12.5196913919926
"285","22064153B27289126175617",2,8348.22024645027,16696.4404929005,9.72295083154871
"286","22064153B27349531519985",1,117298.202083587,117298.202083587,11.6724747070184
"287","22064153B27367893757530",1,43376.2895834035,43376.2895834035,10.6776682478367
"288","22064153B27378883096087",1,603483.905941356,603483.905941356,13.3104746512956
"289","22064153B27631691114886",1,11217.6123925301,11217.6123925301,9.32524035719197
"290","22064153B27657139570827",2,96212.2947751042,192424.589550208,12.1674596133625
"291","22064153B27741683898286",1,54365.8794826096,54365.8794826096,10.903492020669
"292","22064153B27762332852443",1,11836.9066485611,11836.9066485611,9.37897761151248
"293","22064153B27933078040866",1,85045.7804691293,85045.7804691293,11.3509449842374
"294","22064153B27979784056918",2,39700.4859446483,79400.9718892966,11.2822658875797
"295","22064153B28035717704665",1,46498.552792967,46498.552792967,10.7471764683592
"296","22064153B28150220320962",2,737.728059731,1475.456119462,7.29672245450465
"297","22064153B28200881155358",1,14081.1718632599,14081.1718632599,9.55259385517341
"298","22064153B28337090831591",1,374582.89412249,374582.89412249,12.8335684035674
"299","22064153B28412414302225",1,26197.9103989581,26197.9103989581,10.1734349308036
"300","22064153B28414045924235",1,3801.82230850413,3801.82230850413,8.2432357856343
"301","22064153B28562561290701",1,22901.0482632242,22901.0482632242,10.0389379641813
"302","22064153B28607831481816",1,4816.80577285122,4816.80577285122,8.47986628463217
"303","22064153B28818453738247",2,86291.3854124724,172582.770824945,12.0586322312408
"304","22064153B28841810223211",1,53926.9760728772,53926.9760728772,10.8953861154237
"305","22064153B28864104730432",1,53322.6046665134,53322.6046665134,10.8841156228091
"306","22064153B29179737200672",1,45442.3705555317,45442.3705555317,10.72420022095
"307","22064153B29202371584226",1,229527.818109543,229527.818109543,12.3437795129435
"308","22064153B2920977635331",1,10886.6377403065,10886.6377403065,9.2952914208081
"309","22064153B29354983880781",1,91544.8272636897,91544.8272636897,11.4245840467444
"310","22064153B29481673904994",1,6133.89866596862,6133.89866596862,8.72158582448045
"311","22064153B29529124372788",2,83639.8595090708,167279.719018142,12.0274226543913
"312","22064153B29541790734430",2,118836.603318612,237673.206637224,12.3786519277574
"313","22064153B29606246418188",1,77508.3352226536,77508.3352226536,11.2581407608183
"314","22064153B29701758489760",2,57561.4108837866,115122.821767573,11.6537548527929
"315","22064153B298158602474",1,5385.27824417483,5385.27824417483,8.59142425848308
"316","22064153B29987612249320",1,56376.8876878205,56376.8876878205,10.939814560729
"317","22064153B3017496076038",2,23085.6667508759,46171.3335017518,10.740114397513
"318","22064153B30238599380330",2,19206.0336499617,38412.0672999234,10.556126941811
"319","22064153B30363651690938",1,333910.037154243,333910.037154243,12.7186268858401
"320","22064153B30375928590829",1,26866.9331626768,26866.9331626768,10.1986515589837
"321","22064153B30552357265418",1,384919.635494479,384919.635494479,12.8607898525055
"322","22064153B30582374301374",2,44738.5766538607,89477.1533077214,11.4017386013711
"323","22064153B30625233243143",1,37051.7922606148,37051.7922606148,10.5200720036599
"324","22064153B30638579191520",2,11822.4084992131,23644.8169984262,10.0708992155017
"325","22064153B30746537151350",1,646.859051404764,646.859051404764,6.47212842131658
"326","22064153B30747054135081",1,189226.382643994,189226.382643994,12.1506993690287
"327","22064153B31050453163422",1,3369.47636996948,3369.47636996948,8.1225126314427
"328","22064153B31135289991863",1,81876.1098786389,81876.1098786389,11.3129625286153
"329","22064153B31188277470964",1,75258.3378947635,75258.3378947635,11.2286819790612
"330","22064153B31303079621207",1,84192.9328473738,84192.9328473738,11.3408662637788
"331","22064153B31654670628378",1,25149.5621541738,25149.5621541738,10.1325957659996
"332","22064153B3166560830766",2,28720.9293432167,57441.8586864334,10.9585285619457
"333","22064153B31739798993993",1,24829.573856775,24829.573856775,10.1197907159214
"334","22064153B31828477920697",1,73635.2614829649,73635.2614829649,11.2068792862229
"335","22064153B31840797679086",3,5702.7373749169,17108.2121247507,9.74731386842534
"336","22064153B31988030206411",1,52591.1640917938,52591.1640917938,10.8703034015693
"337","22064153B32144271118289",2,5231.73083376018,10463.4616675204,9.25564462622683
"338","22064153B32207594646608",2,18227.122435725,36454.24487145,10.5038131880348
"339","22064153B32308822660767",1,7004.79937121454,7004.79937121454,8.8543508175636
"340","22064153B32423608968976",1,13334.0024531715,13334.0024531715,9.49807262715665
"341","22064153B32454677361309",1,65653.2993154482,65653.2993154482,11.092143134606
"342","22064153B32459042913276",2,17325.3925932721,34650.7851865442,10.4530756648676
"343","22064153B32499931661973",1,162939.541388034,162939.541388034,12.0011344992543
"344","22064153B3260295763556",1,44076.4016747783,44076.4016747783,10.6936798087973
"345","22064153B32622592109390",1,763166.00333492,763166.00333492,13.5452308532275
"346","22064153B32661608825034",1,530662.92597296,530662.92597296,13.1818823076476
"347","22064153B32663760346389",1,67744.0157933349,67744.0157933349,11.1234914070672
"348","22064153B32697897340727",1,51543.6456077133,51543.6456077133,10.8501842152655
"349","22064153B3280524188858",1,89512.172739593,89512.172739593,11.4021299032783
"350","22064153B32879665089708",1,20289.1854112663,20289.1854112663,9.91784328471311
"351","22064153B33022261417007",1,34538.0478973987,34538.0478973987,10.4498168329466
"352","22064153B33402705241691",1,41520.0086991068,41520.0086991068,10.6339307273558
"353","22064153B33572200276184",1,1708.82370934908,1708.82370934908,7.44356052352278
"354","22064153B33610753881119",1,28319.5291786133,28319.5291786133,10.2513069226205
"355","22064153B33757504335053",1,116159.650520633,116159.650520633,11.6627208214507
"356","22064153B33921572198120",1,403020.309568385,403020.309568385,12.9067422356103
"357","22064153B3395766783425",1,6285.74657370661,6285.74657370661,8.74603990055794
"358","22064153B3414994926035",1,16522.4886110636,16522.4886110636,9.71247767804575
"359","22064153B34173315549622",1,21047.0084300923,21047.0084300923,9.95451371167562
"360","22064153B34267563622194",1,308843.491332902,308843.491332902,12.6405899270244
"361","22064153B34371075767186",2,44272.9477472311,88545.8954944622,11.3912762897308
"362","22064153B34391184874660",1,619.60962959143,619.60962959143,6.42908965004788
"363","22064153B34425405263494",1,40664.6126865284,40664.6126865284,10.6131135260634
"364","22064153B34439901226362",1,685565.002749239,685565.002749239,13.4379985987978
"365","22064153B34443868046446",1,599640.650729361,599640.650729361,13.3040858393257
"366","22064153B34645070246824",1,133155.238809703,133155.238809703,11.7992709356405
"367","22064153B34770411990432",1,209734.938218962,209734.938218962,12.2535998134983
"368","22064153B34805483384531",1,49766.1017065805,49766.1017065805,10.8150893426162
"369","22064153B34851227738598",1,25248.4532501627,25248.4532501627,10.1365201754079
"370","22064153B3490214986239",2,17524.6610754482,35049.3221508964,10.4645115527863
"371","22064153B34956601586296",2,3981.11302800725,7962.2260560145,8.98246389502038
"372","22064153B35070175546875",1,694373.429695307,694373.429695307,13.4507651779086
"373","22064153B35076023646202",1,66727.8852136026,66727.8852136026,11.1083782137066
"374","22064153B35105939301214",1,18814.6713516475,18814.6713516475,9.84239223551636
"375","22064153B35259922763541",3,1797.59637061845,5392.78911185535,8.59281799052209
"376","22064153B3528434639026",2,33589.4608644442,67178.9217288884,11.1151148125595
"377","22064153B35365393419154",1,23676.349499016,23676.349499016,10.0722319174442
"378","22064153B35820151330939",1,6349.75873142516,6349.75873142516,8.75617209611375
"379","22064153B35835491852984",1,9373.24631377843,9373.24631377843,9.1456147734771
"380","22064153B3601656726791",1,117437.02272688,117437.02272688,11.6736574920869
"381","22064153B36124177261104",1,96248.0774514769,96248.0774514769,11.4746842774204
"382","22064153B36448258784434",1,93213.3215235436,93213.3215235436,11.4426459252614
"383","22064153B36635656677218",2,155374.285677092,310748.571354184,12.6467394119503
"384","22064153B36640851523102",1,79880.4628252573,79880.4628252573,11.2882865815197
"385","22064153B36650271822952",1,6772.10665904241,6772.10665904241,8.82056749313526
"386","22064153B36847259305466",1,92618.1957739986,92618.1957739986,11.4362408999702
"387","22064153B36899747691995",2,13227.133267722,26454.266535444,10.1831727299659
"388","22064153B37072051859512",2,528973.839925893,1057947.67985179,13.8718414382417
"389","22064153B3707797018061",2,125858.833686684,251717.667373368,12.4360633708467
"390","22064153B37150233098010",1,1060198.95927342,1060198.95927342,13.873967145903
"391","22064153B37190858382718",2,411.022578066236,822.045156132472,6.71179532801506
"392","22064153B37672699687454",1,1161.386867823,1161.386867823,7.0573701456784
"393","22064153B37690647476013",2,32066.8654221984,64133.7308443968,11.0687257267239
"394","22064153B37744123028030",1,23521.8698682016,23521.8698682016,10.0656859000516
"395","22064153B37844292168146",2,55182.9270807894,110365.854161579,11.6115560729698
"396","22064153B37976146363368",1,13270.0027149711,13270.0027149711,9.49326133192089
"397","22064153B37982881195793",1,16302.0765561605,16302.0765561605,9.69904777476413
"398","22064153B37992746393477",1,197776.220114149,197776.220114149,12.1948914690737
"399","22064153B37993588390493",1,508142.369691517,508142.369691517,13.1385169425947
"400","22064153B37996051653181",1,24170.1302762137,24170.1302762137,10.0928728636794
"401","22064153B38003203294123",2,63929.2946346697,127858.589269339,11.7586801608588
"402","22064153B38015411122524",2,14198.3752397755,28396.750479551,10.2540299978687
"403","22064153B38031589003177",1,20985.7864695761,20985.7864695761,9.9516006527674
"404","22064153B3805543078066",1,404058.862556815,404058.862556815,12.9093158457282
"405","22064153B38153084112914",1,4683.31271270246,4683.31271270246,8.45176098310241
"406","22064153B38167262052076",2,67165.8223204884,134331.644640977,11.8080669812709
"407","22064153B38229059765707",1,22016.3881126375,22016.3881126375,9.99954236924036
"408","22064153B38245769729166",1,81232.6317500656,81232.6317500656,11.3050723142653
"409","22064153B3825663705425",2,108969.119181305,217938.23836261,12.291966991368
"410","22064153B38280459687635",2,674.903709825532,1349.80741965106,7.20771720914637
"411","22064153B38748946116024",1,7831.26300001114,7831.26300001114,8.96587907866038
"412","22064153B38860399977783",1,61416.330276645,61416.330276645,11.0254310441904
"413","22064153B38891781279307",1,19745.6907430314,19745.6907430314,9.89069055629606
"414","22064153B38946146548358",1,46492.8566626732,46492.8566626732,10.7470539596171
"415","22064153B38947998190164",2,841800.997907468,1683601.99581494,14.3364461013227
"416","22064153B39173666137461",2,9550.26418456471,19100.5283691294,9.8574712769573
"417","22064153B39214075995861",1,128365.378569368,128365.378569368,11.7626359965691
"418","22064153B39248770948024",1,34349.9951260127,34349.9951260127,10.4443571557586
"419","22064153B39270708607806",1,638820.465434951,638820.465434951,13.3673787321219
"420","22064153B3938039280311",2,2631336.61499495,5262673.2299899,15.4761496742438
"421","22064153B39431527645490",1,13043.2220689574,13043.2220689574,9.47602389613636
"422","22064153B39627924903777",1,37747.6862768856,37747.6862768856,10.5386794621203
"423","22064153B39701382279835",1,19988.8981320663,19988.8981320663,9.90293230501807
"424","22064153B397815229123",1,813.881403104454,813.881403104454,6.70181465895591
"425","22064153B39894202763699",1,17691.2368221222,17691.2368221222,9.78082470116667
"426","22064153B39921881538290",1,80564.5205738979,80564.5205738979,11.2968136401912
"427","22064153B39922172056835",1,400750.423553592,400750.423553592,12.9010941273735
"428","22064153B39981249129264",1,34552.0587490536,34552.0587490536,10.4502224149474
"429","22064153B40043226344788",1,7403.19370490765,7403.19370490765,8.90966676783192
"430","22064153B40136139146839",1,38051.1823286739,38051.1823286739,10.546687435834
"431","22064153B40173018789364",1,89784.7283982151,89784.7283982151,11.4051701774474
"432","22064153B4024875933909",1,48896.1074772084,48896.1074772084,10.7974530706015
"433","22064153B40258273946577",1,17609.133713883,17609.133713883,9.77617300742862
"434","22064153B40278985513053",1,8491.00010954658,8491.00010954658,9.04676207090086
"435","22064153B40400083075761",3,2596.92405193396,7790.77215580188,8.9606952553649
"436","22064153B40416571045397",1,92256.4212539061,92256.4212539061,11.4323271665687
"437","22064153B40501348045878",1,170114.741734831,170114.741734831,12.0442284397365
"438","22064153B40508197079928",3,24694.74760037,74084.24280111,11.2129581409131
"439","22064153B40775689638766",1,43580.5989242079,43580.5989242079,10.6823673515021
"440","22064153B40833492978159",1,15970.8428614388,15970.8428614388,9.67852001761466
"441","22064153B40974377910611",1,268439.927049057,268439.927049057,12.5003824325133
"442","22064153B41013968851864",1,7865.5174058576,7865.5174058576,8.97024359919732
"443","22064153B41128081169981",1,9593.54736390708,9593.54736390708,9.1688460018691
"444","22064153B41206405308946",2,63876.1917444294,127752.383488859,11.7578491653389
"445","22064153B41312501853097",1,NA,NA,NA
"446","22064153B41354551896797",1,27792.4092561184,27792.4092561184,10.2325182140532
"447","22064153B41525675673644",2,11668.5501645758,23337.1003291516,10.0577996620108
"448","22064153B41545162624275",1,56434.7477241719,56434.7477241719,10.9408403421781
"449","22064153B41590295384233",2,114817.825347497,229635.650694994,12.3442492044358
"450","22064153B41713963483520",1,1661.3604757943,1661.3604757943,7.41539210942312
"451","22064153B41777541887282",1,14194.4761785316,14194.4761785316,9.56060816639678
"452","22064153B41932272876566",2,60682.3568334428,121364.713666886,11.7065554536347
"453","22064153B42062720942264",1,1344.32999094952,1344.32999094952,7.20365101992609
"454","22064153B4211596098450",1,71007.8403614228,71007.8403614228,11.1705455775524
"455","22064153B42217323909789",2,45668.7196513877,91337.4393027754,11.4223160515614
"456","22064153B42280137563605",1,56388.011436405,56388.011436405,10.9400118517071
"457","22064153B42291200721989",1,89681.8754845492,89681.8754845492,11.4040239706022
"458","22064153B42302848095491",1,2569.96227220328,2569.96227220328,7.85164649770497
"459","22064153B42334403031986",1,17512.8049319032,17512.8049319032,9.77068760273654
"460","22064153B42347188648904",2,238667.818162259,477335.636324518,13.0759751625252
"461","22064153B42446330332241",1,NA,NA,NA
"462","22064153B42670952737244",1,37951.1721508632,37951.1721508632,10.5440556690626
"463","22064153B4274209582436",2,39371.5994142612,78743.1988285224,11.273947188876
"464","22064153B4286483496326",3,1337.31623609584,4011.94870828752,8.2970323644257
"465","22064153B42905790783951",1,23839.3045965414,23839.3045965414,10.0790909511457
"466","22064153B43134754063243",1,121225.102858671,121225.102858671,11.7054044504671
"467","22064153B43162211082294",3,79007.7301076205,237023.190322862,12.3759132647939
"468","22064153B43232659310460",1,29400.6699307078,29400.6699307078,10.2887727398259
"469","22064153B43476181465127",2,16410.2502970152,32820.5005940304,10.3988086172404
"470","22064153B43689420545928",1,112142.673098757,112142.673098757,11.6275272065503
"471","22064153B43785762223582",1,41800.2638428877,41800.2638428877,10.6406579305237
"472","22064153B43904559584393",2,73998.133126023,147996.266252046,11.9049423244013
"473","22064153B43932991343110",1,5719.34682561771,5719.34682561771,8.65160988652794
"474","22064153B439820272378",1,58908.9048741675,58908.9048741675,10.9837475445308
"475","22064153B43988911271418",1,399120.793562566,399120.793562566,12.8970193908136
"476","22064153B44054908542385",2,23056.5024353412,46113.0048706824,10.738850290518
"477","22064153B4409747403252",1,85170.540329251,85170.540329251,11.3524108822415
"478","22064153B44267984628031",2,29508.3204278033,59016.6408556066,10.9855747315198
"479","22064153B44315864590380",1,58702.4921708166,58702.4921708166,10.9802374609766
"480","22064153B44317666842318",2,36280.8425566694,72561.6851133388,11.1921923082423
"481","22064153B44386378805197",1,13231.2271455525,13231.2271455525,9.49033500757342
"482","22064153B44499834230387",1,45925.8325457783,45925.8325457783,10.7347830382974
"483","22064153B44542802774302",1,29292.9901985503,29292.9901985503,10.2851035240118
"484","22064153B44549146098758",1,32388.7129268074,32388.7129268074,10.3855652746302
"485","22064153B44553862516969",1,61836.4519500576,61836.4519500576,11.0322483069397
"486","22064153B4475386175158",2,4331.41211370368,8662.82422740736,9.06679607164705
"487","22064153B44784100990401",2,60206.1689594157,120412.337918831,11.6986772810156
"488","22064153B44837767609725",1,52323.912250655,52323.912250655,10.8652087587685
"489","22064153B44882212732018",1,15311.9469515852,15311.9469515852,9.63638864918734
"490","22064153B44894866493506",2,26299.7941779316,52599.5883558632,10.870463572761
"491","22064153B44963787773880",1,402752.045557555,402752.045557555,12.9060763800023
"492","22064153B45156088025009",1,52703.103995184,52703.103995184,10.8724296321343
"493","22064153B45188135537989",2,8463.70111385967,16927.4022277193,9.73668902139979
"494","22064153B45193462412831",1,2317.27205326699,2317.27205326699,7.74814593371011
"495","22064153B45509780052584",2,7732.89340328443,15465.7868065689,9.64638556042176
"496","22064153B4579292300123",2,7877.74586303514,15755.4917260703,9.66494426449901
"497","22064153B45962078920290",1,26843.6883822742,26843.6883822742,10.1977860027423
"498","22064153B4599338501443",1,108793.016128091,108793.016128091,11.5972024213445
"499","22064153B46015146665875",2,43821.3591685731,87642.7183371462,11.3810238103113
"500","22064153B46077925963614",1,3735352.74921175,3735352.74921175,15.1333528163229
"501","22064153B46237965810139",2,4925.3662449453,9850.7324898906,9.19530109585713
"502","22064153B46426068444343",2,95269.588140928,190539.176281856,12.1576131021794
"503","22064153B46444356983113",3,8625.84599257475,25877.5379777242,10.1611306118532
"504","22064153B46600625049869",1,82130.7538709414,82130.7538709414,11.3160678156881
"505","22064153B46704511069895",2,1675.44376604273,3350.88753208546,8.11698052468093
"506","22064153B4671862991873",1,54381.9170164907,54381.9170164907,10.9037869697992
"507","22064153B46722483166197",1,45646.7122896704,45646.7122896704,10.728686863488
"508","22064153B46764438077406",1,31401.7222800991,31401.7222800991,10.3546180200768
"509","22064153B46807653083164",1,91005.9635648243,91005.9635648243,11.4186803170311
"510","22064153B4700189189865",1,17665.035095836,17665.035095836,9.77934254653545
"511","22064153B47073397017975",1,41801.9120508166,41801.9120508166,10.6406973603092
"512","22064153B47110066124982",1,22270.5763633051,22270.5763633051,10.0110216406217
"513","22064153B47270255422143",1,32065.1482161634,32065.1482161634,10.3755249939382
"514","22064153B47306424439203",1,75829.1684782187,75829.1684782187,11.2362383060305
"515","22064153B47377223297779",1,47602.7079983014,47602.7079983014,10.7706449293219
"516","22064153B47469236554060",2,707317.911417052,1414635.8228341,14.1623826869126
"517","22064153B47508893912930",2,403529.30292645,807058.6058529,13.60115156649
"518","22064153B47630890229940",1,67623.9363414879,67623.9363414879,11.1217172872486
"519","22064153B47665726673429",1,30152.9824492179,30152.9824492179,10.3140391176351
"520","22064153B47905717209978",2,134769.441157231,269538.882314462,12.5044679346738
"521","22064153B47985746370691",1,345566.506551626,345566.506551626,12.7529403973025
"522","22064153B48033226915297",1,87310.8628013756,87310.8628013756,11.3772301648013
"523","22064153B48077040474563",3,9353.27293103494,28059.8187931048,10.242093895799
"524","22064153B48099706637709",2,34459.8349251789,68919.6698503578,11.140696900299
"525","22064153B48132801424008",1,17612.3960327973,17612.3960327973,9.77635825315458
"526","22064153B48149505278651",1,36211.5777866236,36211.5777866236,10.4971341750394
"527","22064153B48186183517064",1,38541.5094254511,38541.5094254511,10.5594911063662
"528","22064153B48335058983319",2,17558.2020013561,35116.4040027122,10.4664236507843
"529","22064153B48342484050891",2,27681.4085666366,55362.8171332732,10.9216634765198
"530","22064153B48448071500223",1,53444.7660671428,53444.7660671428,10.8864039896219
"531","22064153B48657370827340",1,20828.7786206385,20828.7786206385,9.94409089694484
"532","22064153B48836747079697",2,31882.9479268006,63765.8958536012,11.0629737786621
"533","22064153B49253931002117",1,16641.8697134321,16641.8697134321,9.71967707064906
"534","22064153B49276333720668",2,278.039392217166,556.078784434332,6.32090998283518
"535","22064153B49277227172137",1,76725.4270361352,76725.4270361352,11.2479884452741
"536","22064153B49332133216628",2,106652.083782559,213304.167565118,12.270474442783
"537","22064153B4943550686052",1,152187.937819367,152187.937819367,11.9328714690967
"538","22064153B49505315187680",2,18539.4976951301,37078.9953902602,10.5208059262777
"539","22064153B49599067230525",3,3667.82315767653,11003.4694730296,9.30596590868934
"540","22064153B49774886462778",1,84634.564352004,84634.564352004,11.346098024236
"541","22064153B49815970658587",2,1584.69168288088,3169.38336576176,8.06129232610778
"542","22064153B4986899209326",1,11279.5259557208,11279.5259557208,9.33074449896691
"543","22064153B49930616683210",2,25442.7292790066,50885.4585580132,10.8373324752394
"544","22064153B50045413715781",2,1030.71472700266,2061.42945400532,7.63115493085092
"545","22064153B50086663082830",1,20995.1158863537,20995.1158863537,9.95204511281507
"546","22064153B50127678643850",1,52338.6361627636,52338.6361627636,10.8654901184799
"547","22064153B50136100430042",1,138773.347368161,138773.347368161,11.8405972867731
"548","22064153B50147384366789",1,37765.7863266727,37765.7863266727,10.5391588481029
"549","22064153B5017288321656",1,15254.612124912,15254.612124912,9.63263717073195
"550","22064153B50299465118131",2,12069.0864406056,24138.1728812112,10.0915498033533
"551","22064153B50417144579003",1,119580.46253755,119580.46253755,11.6917447504451
"552","22064153B5049217711544",2,519.571479074714,1039.14295814943,6.94615157369343
"553","22064153B5111391554664",2,43705.4959943101,87410.9919886202,11.3783763201959
"554","22064153B51420190401517",2,1851.1817325976,3702.3634651952,8.21672666907988
"555","22064153B51464692079899",1,NA,NA,NA
"556","22064153B5152282240918",1,6035.29639782895,6035.29639782895,8.70538024547043
"557","22064153B51590096369017",1,26814.9623350427,26814.9623350427,10.1967153067934
"558","22064153B51627476063203",1,169461.830170134,169461.830170134,12.0403829897067
"559","22064153B51662529993673",1,3799.45700468738,3799.45700468738,8.24261344200091
"560","22064153B51715438268926",1,39595.8721700126,39595.8721700126,10.5864801536784
"561","22064153B51725743038941",1,68371.8662788732,68371.8662788732,11.1327167072864
"562","22064153B51830778550704",1,93817.2926336461,93817.2926336461,11.4491044744382
"563","22064153B519565970341",1,75954.7025217738,75954.7025217738,11.2378924221279
"564","22064153B52085994320923",1,116040.882739518,116040.882739518,11.6616978454067
"565","22064153B52179912270627",2,48515.8974614736,97031.7949229472,11.4827939864873
"566","22064153B52253141451980",1,182877.539203506,182877.539203506,12.1165720231393
"567","22064153B52284204383647",1,10230.4662203863,10230.4662203863,9.23312543174752
"568","22064153B52291408422766",1,9958.60129056164,9958.60129056164,9.20619190804252
"569","22064153B52336142929997",1,16364.9790226406,16364.9790226406,9.70289890509154
"570","22064153B52472433648563",1,12670.7269263014,12670.7269263014,9.44704964548953
"571","22064153B52523580672290",2,35221.2290294612,70442.4580589224,11.1625514577838
"572","22064153B52526289873005",2,5847.21218528987,11694.4243705797,9.36686745767694
"573","22064153B52612753206186",1,7287.09678413006,7287.09678413006,8.89386049933452
"574","22064153B52633464961485",1,212330.325221512,212330.325221512,12.2658984788542
"575","22064153B52648905753653",2,3916.38881940103,7832.77763880206,8.9660724692204
"576","22064153B5267804533831",1,10995.6666338387,10995.6666338387,9.30525653178652
"577","22064153B52753140489458",2,231320.307640882,462640.615281764,13.0447058227676
"578","22064153B52801339035563",1,137530.606623775,137530.606623775,11.8316017649459
"579","22064153B52803081317924",2,27349.6646898233,54699.3293796466,10.909606728365
"580","22064153B52807334216940",1,40507.4916411955,40507.4916411955,10.6092422147831
"581","22064153B52841590037267",1,23560.6489345322,23560.6489345322,10.0673331812967
"582","22064153B52887999669387",1,322690.844094278,322690.844094278,12.6844500048277
"583","22064153B52899597387613",1,11359.6185085494,11359.6185085494,9.33782010971736
"584","22064153B52911851929609",1,114118.726741882,114118.726741882,11.6449946480787
"585","22064153B53002187512045",2,20521.641483972,41043.282967944,10.6223824709909
"586","22064153B53034253556310",1,132447.169503068,132447.169503068,11.7939391241666
"587","22064153B53107080731031",1,2497.50421773384,2497.50421773384,7.8230471993036
"588","22064153B53114788196581",1,189157.096568005,189157.096568005,12.1503331475599
"589","22064153B53153921361831",1,80033.5035764129,80033.5035764129,11.2902006206912
"590","22064153B53244281721356",1,273019.266840903,273019.266840903,12.5172976461856
"591","22064153B53353386763224",1,557421.945896776,557421.945896776,13.2310777651544
"592","22064153B53393989117079",1,5373.18054246628,5373.18054246628,8.58917529196334
"593","22064153B53434069623251",1,67832.3694607396,67832.3694607396,11.1247947856717
"594","22064153B53472362936594",1,125580.609675983,125580.609675983,11.7407031395375
"595","22064153B53533855614877",1,154785.658958929,154785.658958929,11.949796593462
"596","22064153B53598611305764",1,40922.9090516171,40922.9090516171,10.6194453087317
"597","22064153B53739410644447",1,15096.8742894174,15096.8742894174,9.62224300067458
"598","22064153B53754534753242",1,5395.08378696671,5395.08378696671,8.59324340805666
"599","22064153B53816838639023",1,57677.2560931802,57677.2560931802,10.9626181996272
"600","22064153B53997811528221",1,10562.6004115802,10562.6004115802,9.26507477804204
"601","22064153B54195115998574",2,12944.4514264373,25888.9028528746,10.1615696945929
"602","22064153B54201279846149",1,6724.47201815969,6724.47201815969,8.81350869107712
"603","22064153B54270766590260",1,72075.2204102304,72075.2204102304,11.1854655805696
"604","22064153B54270882779278",1,302495.057076363,302495.057076363,12.6198202160761
"605","22064153B54328590224994",1,5324.27949754984,5324.27949754984,8.58003267579855
"606","22064153B54478878575697",1,98042.1626592994,98042.1626592994,11.4931528963471
"607","22064153B54491533323860",1,25658.0281200361,25658.0281200361,10.1526117887646
"608","22064153B54492214323948",1,61843.976560816,61843.976560816,11.0323699852174
"609","22064153B54493928872719",1,52128.8436795714,52128.8436795714,10.8614736960385
"610","22064153B54500770580391",1,83709.7934039741,83709.7934039741,11.3351112556541
"611","22064153B54573279257236",1,10980.21018435,10980.21018435,9.30384985735298
"612","22064153B54635082172523",1,14869.7753052223,14869.7753052223,9.60708592872956
"613","22064153B54657262199971",1,31924.6189433205,31924.6189433205,10.3711327448333
"614","22064153B54692117274500",1,2374.68522304389,2374.68522304389,7.77262017001912
"615","22064153B54693030859615",1,71742.9775775692,71742.9775775692,11.1808452553486
"616","22064153B54739000283393",1,11988.3098161738,11988.3098161738,9.39168727196095
"617","22064153B54812792902369",2,103060.406073589,206120.812147178,12.2362177426012
"618","22064153B55178851895716",1,15345.9756721482,15345.9756721482,9.63860854744691
"619","22064153B5520386080739",2,17776.5552155769,35553.1104311538,10.4787829259512
"620","22064153B55351511475413",1,65571.9857225433,65571.9857225433,11.0909038368092
"621","22064153B5541969291593",1,11169.7077899078,11169.7077899078,9.32096073146213
"622","22064153B55422469295161",1,NA,NA,NA
"623","22064153B55424285147191",1,7704.53957971094,7704.53957971094,8.94956498992864
"624","22064153B55493173352162",2,16963.9273326409,33927.8546652818,10.4319916275235
"625","22064153B55574544094548",1,54612.9855851197,54612.9855851197,10.9080269646849
"626","22064153B55610752939403",1,8109.02170962971,8109.02170962971,9.00073251216748
"627","22064153B55696485794579",1,926.27651250344,926.27651250344,6.83117279968615
"628","22064153B55930097994120",1,78009.2026102617,78009.2026102617,11.2645820808952
"629","22064153B55990340820977",1,115786.150856637,115786.150856637,11.6595002416031
"630","22064153B56211754183419",2,478908.737678216,957817.475356432,13.7724125120327
"631","22064153B56325145349456",1,43786.3578287407,43786.3578287407,10.687077582752
"632","22064153B5639303990614",2,117.871376179955,235.74275235991,5.46274117813499
"633","22064153B56407070841201",1,21997.9404166732,21997.9404166732,9.99870411053412
"634","22064153B56453933156729",1,73424.4926057289,73424.4926057289,11.2040128456681
"635","22064153B56504445725691",1,125813.741983161,125813.741983161,11.7425578540327
"636","22064153B56538880550239",1,3889.28054082588,3889.28054082588,8.26597946856245
"637","22064153B56558553348528",2,9603.08319212321,19206.1663842464,9.86298667229933
"638","22064153B56566020119712",1,3039.21742978255,3039.21742978255,8.01935533684728
"639","22064153B56572969434164",1,41961.1911552416,41961.1911552416,10.6445004499825
"640","22064153B56867511813359",1,72385.959233715,72385.959233715,11.1897676263303
"641","22064153B56887254979091",1,51757.5838061316,51757.5838061316,10.854326247369
"642","22064153B56938477027476",2,9055.76667814464,18111.5333562893,9.80430421633185
"643","22064153B56972160606638",2,2147.02477504873,4294.04955009746,8.36498551775209
"644","22064153B56990836800595",2,194772.540700638,389545.081401276,12.8727348793188
"645","22064153B57190407441885",1,7076.73959623483,7076.73959623483,8.86456857161455
"646","22064153B5719123813817",1,145622.323927983,145622.323927983,11.8887717266731
"647","22064153B5740427837712",1,122970.608373011,122970.608373011,11.719700649483
"648","22064153B57425006507818",1,1459449.57835532,1459449.57835532,14.1935699214752
"649","22064153B57460904263691",2,26402.6888142209,52805.3776284418,10.8743683135316
"650","22064153B57479664595133",1,77284.9760778055,77284.9760778055,11.2552548570542
"651","22064153B57637751083346",2,1633.95021833665,3267.9004366733,8.09190298938155
"652","22064153B57655293715823",1,32880.0770957798,32880.0770957798,10.4006221939295
"653","22064153B57698371148493",2,6588.03836150732,13176.0767230146,9.48615809477728
"654","22064153B57801992155462",1,295444.200445392,295444.200445392,12.5962352670174
"655","22064153B57880496845400",1,43806.6012148481,43806.6012148481,10.6875397976763
"656","22064153B57896694451609",1,48616.2788141042,48616.2788141042,10.7917137088264
"657","22064153B57923514267215",3,5675.47189652838,17026.4156895851,9.74252128113393
"658","22064153B58107938128822",1,72667.7562470513,72667.7562470513,11.1936530472162
"659","22064153B58156912777265",1,23914.5351748696,23914.5351748696,10.082241719374
"660","22064153B58180962451731",1,162172.300417964,162172.300417964,11.996414631838
"661","22064153B5819975327596",1,16453.3982869583,16453.3982869583,9.70828731765205
"662","22064153B58215996136290",1,444145.019020824,444145.019020824,13.0039064075021
"663","22064153B58231040039933",2,24285.6714697996,48571.3429395992,10.7907889845272
"664","22064153B58298111838793",2,108439.375074675,216878.75014935,12.2870937212887
"665","22064153B58377090478857",1,60324.9170258139,60324.9170258139,11.0075005150396
"666","22064153B58412342930538",1,123677.261120363,123677.261120363,11.7254307186889
"667","22064153B58560058955462",2,56154.2486746197,112308.497349239,11.6290048043754
"668","22064153B58757994168933",1,28308.5170368263,28308.5170368263,10.2509179937182
"669","22064153B58761955320799",1,15838.0878891636,15838.0878891636,9.67017294401393
"670","22064153B58928205078712",1,9427.75075367328,9427.75075367328,9.15141282688786
"671","22064153B5894955463903",3,15740.3332416461,47220.9997249383,10.7625939820575
"672","22064153B59005328689415",1,265729.293047224,265729.293047224,12.4902333742492
"673","22064153B59225820770411",2,12957.1035017541,25914.2070035082,10.1625466302524
"674","22064153B5950324807443",2,72508.312642291,145016.625284582,11.8846036719651
"675","22064153B59525909897938",1,16509.8429907034,16509.8429907034,9.71171202691762
"676","22064153B59718071460556",1,12390.8731298051,12390.8731298051,9.42471544266528
"677","22064153B5983137694741",1,71651.3153858276,71651.3153858276,11.1795667915781
"678","22064153B59967033318464",1,809.259809574702,809.259809574702,6.69612001454284
"679","22064153B59992096453849",1,1264.05033723908,1264.05033723908,7.14207639767895
"680","22064153B60097307902017",1,54618.406730336,54618.406730336,10.9081262245242
"681","22064153B60131456575281",2,13056.0494402992,26112.0988805984,10.1701540445443
"682","22064153B60289676551693",1,2415.80382688545,2415.80382688545,7.78978735827682
"683","22064153B60305206630690",1,109874.192477024,109874.192477024,11.6070912854908
"684","22064153B60310534251699",2,8642.47252639337,17284.9450527867,9.75759117345491
"685","22064153B60374785593421",1,78197.6686148919,78197.6686148919,11.2669951129802
"686","22064153B60376459146870",1,1188.7375349028,1188.7375349028,7.08064712791844
"687","22064153B60409495183126",2,75919.6223971443,151839.244794289,11.9305776401373
"688","22064153B60457138296150",2,127392.952613807,254785.905227614,12.448178884147
"689","22064153B60540012238661",1,65104.9964015628,65104.9964015628,11.0837565748915
"690","22064153B60548593458523",1,214090.550246872,214090.550246872,12.2741543365036
"691","22064153B60558378980420",1,NA,NA,NA
"692","22064153B60613345090189",2,15131.5536306138,30263.1072612276,10.3176846675044
"693","22064153B60751840721116",1,29487.6523803697,29487.6523803697,10.2917268913285
"694","22064153B60802825525558",1,31066.3761922852,31066.3761922852,10.3438813619281
"695","22064153B60931052346072",1,19824.3587121085,19824.3587121085,9.89466669854523
"696","22064153B61048147512310",2,46892.8034022273,93785.6068044546,11.4487666776388
"697","22064153B61213319374873",1,5118.37374318115,5118.37374318115,8.54059203929407
"698","22064153B61344255457770",2,31420.412482874,62840.824965748,11.0483602203188
"699","22064153B61358356464849",1,25500.5922311904,25500.5922311904,10.1464569556294
"700","22064153B61406224805517",1,77969.0566145215,77969.0566145215,11.2640673168912
"701","22064153B61450639125107",2,34491.4776857777,68982.9553715554,11.1416147294634
"702","22064153B61527088541433",1,11818.1510340923,11818.1510340923,9.37739185182838
"703","22064153B61544198291555",1,7565.82268764879,7565.82268764879,8.93139636950319
"704","22064153B61546956948147",1,10837.9813225403,10837.9813225403,9.29081203279373
"705","22064153B61629539071583",2,5399.70148162188,10799.4029632438,9.28724613040312
"706","22064153B61853178733261",1,35436.1280097833,35436.1280097833,10.4754871439473
"707","22064153B61865595964656",1,19897.3716273084,19897.3716273084,9.89834292295965
"708","22064153B61872750237581",1,9114.00312209169,9114.00312209169,9.11756731438375
"709","22064153B62217916410467",1,16752.5395928105,16752.5395928105,9.72630514324167
"710","22064153B62287563607588",1,14906.4890466985,14906.4890466985,9.60955190361796
"711","22064153B62305916302195",1,14999.3249672989,14999.3249672989,9.61576047689165
"712","22064153B62552817774637",2,416671.046271741,833342.092543482,13.6331995121673
"713","22064153B62604628693382",1,43511.2396915962,43511.2396915962,10.6807745674163
"714","22064153B62697525642711",2,10414.412477828,20828.824955656,9.94409312150955
"715","22064153B62717634643612",2,30387.2661394383,60774.5322788766,11.0149261032086
"716","22064153B62984102005508",3,14538.7748464112,43616.3245392336,10.6831867752984
"717","22064153B63008455199942",2,3993.56837115298,7987.13674230596,8.98558761938007
"718","22064153B63121572566835",2,38723.2689196275,77446.537839255,11.2573431429641
"719","22064153B63261606012237",1,54491.1845546957,54491.1845546957,10.9057942162782
"720","22064153B63372535615325",1,111317.506787131,111317.506787131,11.6201418185792
"721","22064153B63397004883448",1,33596.3530160474,33596.3530160474,10.4221727988712
"722","22064153B63401696697477",2,51039.1851825503,102078.370365101,11.5334961341595
"723","22064153B63454017875441",1,16812.1146756011,16812.1146756011,9.7298550171582
"724","22064153B6350784980137",1,670657.585687414,670657.585687414,13.4160139812145
"725","22064153B63829453739833",1,NA,NA,NA
"726","22064153B63835909795908",1,206333.593465555,206333.593465555,12.2372495237356
"727","22064153B63858884041047",1,327249.922827913,327249.922827913,12.6984794479521
"728","22064153B63881976764969",1,58638.1089252272,58638.1089252272,10.9791400871529
"729","22064153B64007643487677",1,19269.0836240034,19269.0836240034,9.8662572057371
"730","22064153B64052053840652",2,4391.69383569255,8783.3876713851,9.08061745177772
"731","22064153B64118294616923",1,52156.5193321515,52156.5193321515,10.8620044637787
"732","22064153B64380847796562",2,45370.0577843037,90740.1155686074,11.4157548268408
"733","22064153B64476610605868",1,119729.773929187,119729.773929187,11.6929925985373
"734","22064153B64477662388202",1,14787.0311987102,14787.0311987102,9.60150580524549
"735","22064153B64690480836823",2,3154.53844887602,6309.07689775204,8.74974465287666
"736","22064153B64872720029218",2,32659.0350589931,65318.0701179862,11.0870240016079
"737","22064153B64891765792099",1,34876.1923862596,34876.1923862596,10.4595597088262
"738","22064153B64946776552870",1,57467.5770891926,57467.5770891926,10.9589761910375
"739","22064153B64962111186487",1,83761.838890801,83761.838890801,11.3357327995871
"740","22064153B65021558399950",1,217562.480083628,217562.480083628,12.2902413530106
"741","22064153B65021908380510",2,18527.2949202578,37054.5898405156,10.5201475053866
"742","22064153B65083387274460",2,31093.2807241954,62186.5614483908,11.0378942014999
"743","22064153B6523383930027",2,125864.206666957,251728.413333914,12.4361060604651
"744","22064153B65236790677801",1,191210.579101667,191210.579101667,12.1611306080984
"745","22064153B65355185007631",2,1260.61882703918,2521.23765407836,7.83250519251012
"746","22064153B65367495834859",1,59218.5168991344,59218.5168991344,10.9889895574233
"747","22064153B65398665506308",1,149398.94485989,149398.94485989,11.9143754891384
"748","22064153B65405257462177",2,34368.6905397509,68737.3810795018,11.1380484507473
"749","22064153B65475311637837",1,23004.6098148318,23004.6098148318,10.0434499015604
"750","22064153B65650039026669",1,77873.5216657878,77873.5216657878,11.2628412724847
"751","22064153B65721710551900",1,89550.5986530754,89550.5986530754,11.402559092593
"752","22064153B65726287039798",1,37557.0519604071,37557.0519604071,10.5336164414347
"753","22064153B65800581846028",3,9641.65314880112,28924.9594464034,10.2724601500351
"754","22064153B65910039566541",2,73717.054902136,147434.109804272,11.9011366417646
"755","22064153B65962723522222",1,17321.8260968637,17321.8260968637,9.7597226094031
"756","22064153B66002224145568",1,52819.3252124595,52819.3252124595,10.8746324105416
"757","22064153B66021827430595",2,13292.2058757433,26584.4117514866,10.1880802986102
"758","22064153B6613288399563",1,227406.314058617,227406.314058617,12.3344936262219
"759","22064153B66349136174891",1,60166.9262332817,60166.9262332817,11.0048780822042
"760","22064153B66358962164543",1,146503.77488255,146503.77488255,11.8948064742237
"761","22064153B66595558459060",2,53324.3247218146,106648.649443629,11.5772950603747
"762","22064153B66688444605380",1,9250.00369391891,9250.00369391891,9.13237922984898
"763","22064153B6673459285220",1,47893.7399894106,47893.7399894106,10.7767400857021
"764","22064153B6679921489494",1,65419.5002318403,65419.5002318403,11.0885756616844
"765","22064153B66933042170680",1,7262.52039993613,7262.52039993613,8.89048221009751
"766","22064153B670450203879",2,7169.10010933913,14338.2002186783,9.57068259851383
"767","22064153B67052333434032",2,18954.0368210486,37908.0736420972,10.5429193932414
"768","22064153B67053571560742",1,15084.36812987,15084.36812987,9.62141426340198
"769","22064153B67091834306400",2,18864.9254496729,37729.8508993458,10.5382068611707
"770","22064153B67146630599686",2,231022.724395437,462045.448790874,13.0434185392317
"771","22064153B67150935418865",1,12521.358924199,12521.358924199,9.43519117903551
"772","22064153B67163681434847",1,429608.066263148,429608.066263148,12.9706285982183
"773","22064153B67222319597553",1,3131.13097930946,3131.13097930946,8.04914955351098
"774","22064153B67254026374340",1,3953.40784998944,3953.40784998944,8.28233323277581
"775","22064153B67534038156395",1,17749.167394655,17749.167394655,9.78409388646
"776","22064153B67559782883122",1,NA,NA,NA
"777","22064153B67581321748824",1,39239.5176276334,39239.5176276334,10.57743962073
"778","22064153B67645488485026",1,62120.5306513335,62120.5306513335,11.036831819585
"779","22064153B67668331145865",1,31697.178152513,31697.178152513,10.3639829386322
"780","22064153B67705173205056",1,8044.71770855153,8044.71770855153,8.99277096975572
"781","22064153B67847090482379",1,169412.369663902,169412.369663902,12.0400910789823
"782","22064153B67853216853933",1,6387.03202970006,6387.03202970006,8.76202496837602
"783","22064153B6795873571666",2,455400.954077933,910801.908155866,13.7220807082023
"784","22064153B68061345904698",1,362388.21146089,362388.21146089,12.8004713235404
"785","22064153B68257517894213",1,119007.2316984,119007.2316984,11.686939540822
"786","22064153B6836068570250",1,46182.7005941503,46182.7005941503,10.7403605609334
"787","22064153B68366677906",1,89217.3042373499,89217.3042373499,11.398830293446
"788","22064153B68471878713834",2,65158.4767299406,130316.953459881,11.777724865623
"789","22064153B68559217227558",1,63976.9660164457,63976.9660164457,11.0662783915671
"790","22064153B68664170623687",3,6111.2365232976,18333.7095698928,9.81649669733008
"791","22064153B6874249672824",1,291154.999316205,291154.999316205,12.5816110480476
"792","22064153B68748424992772",1,17629.5340846377,17629.5340846377,9.77733084762567
"793","22064153B68880016704101",1,27172.9036852905,27172.9036852905,10.2099755677182
"794","22064153B68900591559433",1,141291.094648485,141291.094648485,11.8585775422596
"795","22064153B68903426629356",1,34249.7708163945,34249.7708163945,10.4414351521759
"796","22064153B69011593937576",1,114523.470411418,114523.470411418,11.6485350627296
"797","22064153B69084165037525",2,32524.015916159,65048.031832318,11.0828812272541
"798","22064153B69171179667980",1,140865.54034284,140865.54034284,11.8555610997909
"799","22064153B69254860271730",1,74986.6910864638,74986.6910864638,11.2250659245915
"800","22064153B6927791471577",1,122554.739435797,122554.739435797,11.7163130616952
"801","22064153B69287462629183",1,5255.90411928971,5255.90411928971,8.56710731785379
"802","22064153B69533754697672",1,69645.3481871763,69645.3481871763,11.1511711885665
"803","22064153B6965188213643",1,98604.7310288594,98604.7310288594,11.4988745214767
"804","22064153B69680253088719",1,65569.890827765,65569.890827765,11.090871888284
"805","22064153B69785759438689",1,145590.063842001,145590.063842001,11.8885501695727
"806","22064153B69836136073733",1,112098.97988818,112098.97988818,11.6271375090026
"807","22064153B69985190181734",1,75630.6765107525,75630.6765107525,11.2336172538154
"808","22064153B70117244890923",2,86921.248965818,173842.497931636,12.065904983969
"809","22064153B70218534764896",3,14794.7542457282,44384.2627371846,10.7006402427344
"810","22064153B70222679052291",1,2726.11018685742,2726.11018685742,7.9106310321503
"811","22064153B70291693279162",2,52547.4748984611,105094.949796922,11.5626195043016
"812","22064153B70293086274273",2,19040.4062423324,38080.8124846648,10.5474658249346
"813","22064153B70592042041650",1,31344.9890597031,31344.9890597031,10.3528096946796
"814","22064153B70786941107268",2,19106.4583909355,38212.916781871,10.5509288730908
"815","22064153B7091731953162",1,NA,NA,NA
"816","22064153B71067186574144",1,248802.721180105,248802.721180105,12.4244155770064
"817","22064153B71223857958688",1,32171.6604053082,32171.6604053082,10.3788412323705
"818","22064153B71281946459031",1,183110.249865414,183110.249865414,12.1178437086994
"819","22064153B71321460612085",2,5690.40833313975,11380.8166662795,9.33968446839891
"820","22064153B71610558779774",1,1934.65882165607,1934.65882165607,7.56768627036018
"821","22064153B71828449311091",1,15466.1582825871,15466.1582825871,9.6464095793457
"822","22064153B71985542420847",1,343478.652248628,343478.652248628,12.7468802409655
"823","22064153B72254874224731",3,11764.8267405278,35294.4802215834,10.4714818630342
"824","22064153B72338395356904",1,1256.46347322764,1256.46347322764,7.13605628630852
"825","22064153B72557409137783",2,6859.38996177533,13718.7799235507,9.52652097047074
"826","22064153B72578079325034",1,7360.69986434056,7360.69986434056,8.90391029746579
"827","22064153B72786106713517",1,32341.5765499083,32341.5765499083,10.384108881167
"828","22064153B72795159098609",1,18184.5551341736,18184.5551341736,9.80832789378249
"829","22064153B72852152827794",1,16370.8784254195,16370.8784254195,9.70325932961087
"830","22064153B7294445238824",2,2061.20299412589,4122.40598825178,8.32419224962595
"831","22064153B73058523223682",2,14650.1718363194,29300.3436726388,10.285354524378
"832","22064153B73176772627279",2,1554.47585369738,3108.95170739476,8.04204087677464
"833","22064153B73325412364778",1,232787.285935422,232787.285935422,12.3578803796686
"834","22064153B73342944647376",1,16060.6961500824,16060.6961500824,9.68413033339085
"835","22064153B73554949432718",1,151814.067784062,151814.067784062,11.9304118127991
"836","22064153B73558398041144",1,9598.58274982365,9598.58274982365,9.16937073633081
"837","22064153B73592757308242",1,24105.2679677324,24105.2679677324,10.0901856834646
"838","22064153B73719790331249",1,549203.403147806,549203.403147806,13.2162241494114
"839","22064153B73742017137533",1,340526.198106917,340526.198106917,12.7382473417204
"840","22064153B73925612476824",1,5330.43873283698,5330.43873283698,8.58118882762538
"841","22064153B74315697961644",1,175550.316990219,175550.316990219,12.0756809872926
"842","22064153B74370220833750",2,7342.72827093034,14685.4565418607,9.59461293214236
"843","22064153B74407470913412",2,23006.2590187709,46012.5180375418,10.7366687697011
"844","22064153B74511540229227",1,NA,NA,NA
"845","22064153B74575036682421",1,69134.4026287364,69134.4026287364,11.1438077531365
"846","22064153B74601702876653",1,47810.6857763208,47810.6857763208,10.7750044453014
"847","22064153B7471955547521",1,300986.224834562,300986.224834562,12.6148197780145
"848","22064153B74721517788558",1,11823.5075125113,11823.5075125113,9.37784499080762
"849","22064153B74767559861858",1,21696.2723903545,21696.2723903545,9.98489574552647
"850","22064153B74794903489103",1,11627.4474526303,11627.4474526303,9.36112374185607
"851","22064153B74828925689931",3,1936.57736666647,5809.73209999941,8.66728973862784
"852","22064153B74936950050526",1,9703.951002793,9703.951002793,9.18028840143482
"853","22064153B75099650397757",1,39574.4171286449,39574.4171286449,10.585938156369
"854","22064153B75135560754886",1,27174.5514533639,27174.5514533639,10.2100362059972
"855","22064153B75208844196005",1,9368.2197914948,9368.2197914948,9.14507836694669
"856","22064153B75299838191887",1,404825.53495411,404825.53495411,12.9112114753861
"857","22064153B75384634569664",2,1890.03930135545,3780.0786027109,8.2375000827654
"858","22064153B75480988210132",2,126156.356607148,252312.713214296,12.4384245226355
"859","22064153B75558973119201",1,370411.9349777,370411.9349777,12.8223710030971
"860","22064153B75602465401170",1,4909.91125973229,4909.91125973229,8.49901114725096
"861","22064153B75952557144029",1,27700.9286247685,27700.9286247685,10.2292212159734
"862","22064153B75998677096436",1,9596.50372649909,9596.50372649909,9.16915411596442
"863","22064153B76094051519887",2,14827.3167048358,29654.6334096716,10.2973736623577
"864","22064153B76164610245689",1,18488.0977524832,18488.0977524832,9.82488243928788
"865","22064153B76361063206417",1,15825.6701441355,15825.6701441355,9.66938859329652
"866","22064153B76371421200355",2,453170.726427985,906341.45285597,13.7171713935558
"867","22064153B76436938350922",1,32029.6794840923,32029.6794840923,10.3744182358123
"868","22064153B76452428536918",1,31709.4583615664,31709.4583615664,10.3643702863889
"869","22064153B76525796154688",2,1452.6220065006,2905.2440130012,7.97427266334919
"870","22064153B76574269122529",1,10659.9834883336,10659.9834883336,9.27425214878182
"871","22064153B76675545591158",2,92111.8661086526,184223.732217305,12.1239062339033
"872","22064153B76687235436591",1,68665.9064416121,68665.9064416121,11.1370080878037
"873","22064153B76748152087135",2,12071.2842005177,24142.5684010354,10.091731885058
"874","22064153B7677868990473",1,127919.526970397,127919.526970397,11.7591566496461
"875","22064153B76782638383014",1,6058.45812749829,6058.45812749829,8.70921061228321
"876","22064153B76952907325958",3,41478.0264628597,124434.079388579,11.7315313718387
"877","22064153B77062639046888",2,4324.49344194178,8648.98688388356,9.06519746981601
"878","22064153B77103081434651",2,6922.18599544595,13844.3719908919,9.5356340745829
"879","22064153B77106068491412",1,342214.972559284,342214.972559284,12.7431943933091
"880","22064153B77164119558950",1,4850.80255031327,4850.80255031327,8.48689944453356
"881","22064153B77183996290647",1,25466.7792541352,25466.7792541352,10.1451301074506
"882","22064153B77224046457748",1,41618.1042773826,41618.1042773826,10.6362905505533
"883","22064153B77526521533443",1,21021.9335927449,21021.9335927449,9.95332162843743
"884","22064153B7763811650899",1,95493.4668780086,95493.4668780086,11.4668131144744
"885","22064153B7768413511618",1,11075.301301132,11075.301301132,9.31247280006309
"886","22064153B7777757861783",2,15549.9669085177,31099.9338170354,10.3449609700955
"887","22064153B78036214751158",1,10118.0672697437,10118.0672697437,9.22207794335159
"888","22064153B78110489384423",1,5005.77699655577,5005.77699655577,8.51834792376729
"889","22064153B78137445159293",1,20561.2723876753,20561.2723876753,9.93116460421429
"890","22064153B78193536381763",2,1218.53932918594,2437.07865837188,7.79855532982647
"891","22064153B78285272623950",1,6357.5791562429,6357.5791562429,8.7574029480631
"892","22064153B78317231790134",2,29551.8087163198,59103.6174326396,10.9870474101951
"893","22064153B78382308499165",1,44613.2841633229,44613.2841633229,10.7057869448549
"894","22064153B7839934707198",1,84124.8311176323,84124.8311176323,11.340057059428
"895","22064153B78492538655391",2,8392.52994271063,16785.0598854213,9.72824447720171
"896","22064153B78612612069149",1,2385.4811232337,2385.4811232337,7.77715611179708
"897","22064153B78632499037431",1,80079.8547923397,80079.8547923397,11.290779600705
"898","22064153B78696629959853",2,60157.1263956504,120314.252791301,11.6978623720131
"899","22064153B78821925959794",3,4399.73953887928,13199.2186166378,9.48791291111307
"900","22064153B78992229918305",2,9093.85755929432,18187.7151185886,9.80850165167008
"901","22064153B79045995074029",1,79254.5451238408,79254.5451238408,11.2804200418154
"902","22064153B79170440452296",2,7599.92284531575,15199.8456906315,9.6290405548507
"903","22064153B7929825119488",2,10833.5220471477,21667.0440942954,9.98354767979465
"904","22064153B79313439986888",2,27152.7340453548,54305.4680907096,10.9023802023383
"905","22064153B79363581484531",1,7041.51562309018,7041.51562309018,8.85957871335185
"906","22064153B79429110732098",1,47198.2693525506,47198.2693525506,10.7621125046419
"907","22064153B79488910412367",1,NA,NA,NA
"908","22064153B79593541155568",2,33747.1992111542,67494.3984223084,11.1197998870809
"909","22064153B79599851642878",2,66520.656256801,133041.312513602,11.7984149793744
"910","22064153B79630920379478",1,63795.280792105,63795.280792105,11.0634344978213
"911","22064153B79650181437953",1,5775.10752000382,5775.10752000382,8.66131215339916
"912","22064153B79836169988029",1,77716.1166491451,77716.1166491451,11.2608179363288
"913","22064153B79919938369804",1,79534.0892964502,79534.0892964502,11.2839410049174
"914","22064153B80016481479633",1,15230.3963218218,15230.3963218218,9.63104846799461
"915","22064153B80081213273756",2,3888.57066532553,7777.14133065106,8.95894411143082
"916","22064153B80132847299853",1,44439.0251484721,44439.0251484721,10.7018733071599
"917","22064153B80196181684705",1,459895.57157742,459895.57157742,13.0387547243828
"918","22064153B80198673281235",2,48575.4278012079,97150.8556024158,11.4840202617912
"919","22064153B8024533352103",1,1505.17386118668,1505.17386118668,7.31666369289396
"920","22064153B80333600461310",2,17649.4320408754,35298.8640817508,10.4716060634164
"921","22064153B80439011945054",2,24762.187613025,49524.37522605,10.8102202561626
"922","22064153B8056767142775",1,24702.4690068467,24702.4690068467,10.1146584774118
"923","22064153B80567954984898",1,60732.82997588,60732.82997588,11.0142396871123
"924","22064153B80619084323236",1,410390.87872122,410390.87872122,12.9248653472536
"925","22064153B80640640435871",2,1339.83470129382,2679.66940258764,7.89344870865235
"926","22064153B80672932538290",1,45950.355307208,45950.355307208,10.7353168602285
"927","22064153B80730466782396",3,2330.86091406444,6992.58274219332,8.85260525799764
"928","22064153B8093767218470",2,3165.08942712828,6330.17885425656,8.75308376975589
"929","22064153B80974797471206",1,60106.7410351914,60106.7410351914,11.0038772778805
"930","22064153B81057246302511",2,12100.3175719903,24200.6351439806,10.0941341574194
"931","22064153B81121179767320",1,2268198.05741782,2268198.05741782,14.6344962669208
"932","22064153B81163718541362",2,46151.8321564322,92303.6643128644,11.432839119734
"933","22064153B81183812222249",1,NA,NA,NA
"934","22064153B81263079942066",1,186622.727211489,186622.727211489,12.1368443563962
"935","22064153B81276903927902",1,170324.966716847,170324.966716847,12.0454634602322
"936","22064153B81529275129859",1,78568.3777369355,78568.3777369355,11.2717245785968
"937","22064153B81541803695444",2,341445.553915504,682891.107831008,13.4340906936768
"938","22064153B81595625097237",1,16385.9874844988,16385.9874844988,9.70418182690913
"939","22064153B81737939638777",2,4681.35274336832,9362.70548673664,9.14448957543367
"940","22064153B81775396633762",2,10695.5254964129,21391.0509928258,9.97072793564384
"941","22064153B81784837273555",2,6485.76304968962,12971.5260993792,9.47051193418042
"942","22064153B81790310991737",1,5687.34164770808,5687.34164770808,8.64599822071039
"943","22064153B81801674306592",1,8162.24334385255,8162.24334385255,9.00727432976446
"944","22064153B81931446357320",1,49252.6541507086,49252.6541507086,10.8047185365331
"945","22064153B81972245228619",2,12964.4322881502,25928.8645763004,10.1631120895408
"946","22064153B81991171753056",2,6704.32572476481,13408.6514495296,9.50365540817117
"947","22064153B82009101284809",1,171186.084868207,171186.084868207,12.050506459411
"948","22064153B82025029560168",1,18569.539029507,18569.539029507,9.82927783064107
"949","22064153B82071564709193",1,114506.58309386,114506.58309386,11.6483875945932
"950","22064153B82107167810847",1,45509.289476116,45509.289476116,10.7256717484106
"951","22064153B82247115875791",2,7139.01072541798,14278.021450836,9.56647667243107
"952","22064153B82319600160004",1,118000.055000179,118000.055000179,11.6784403695509
"953","22064153B82448443514501",1,1498.19625108299,1498.19625108299,7.31201716422991
"954","22064153B82506873251112",1,10219.3055291431,10219.3055291431,9.2320339093102
"955","22064153B825337930111",1,41801.7474002579,41801.7474002579,10.640693421473
"956","22064153B82556228504312",1,56550.267726933,56550.267726933,10.9428852158732
"957","22064153B82580623809132",1,95497.5875894519,95497.5875894519,11.4668562653063
"958","22064153B82909244627441",1,3015.01126872706,3015.01126872706,8.01135884670888
"959","22064153B82911662838779",2,5423.38140178352,10846.762803567,9.29162195533242
"960","22064153B83223852380108",2,17949.3130204648,35898.6260409296,10.4884543019036
"961","22064153B83233320380459",1,NA,NA,NA
"962","22064153B8325167179900",1,4971.63381642909,4971.63381642909,8.51150380076895
"963","22064153B833454751178",2,3433.31213632635,6866.6242726527,8.83442789220497
"964","22064153B83824745407144",1,6926.02317680723,6926.02317680723,8.84304107130491
"965","22064153B8402988919720",1,26011.5460201078,26011.5460201078,10.1662957961268
"966","22064153B84142752258378",1,11731.2747569741,11731.2747569741,9.37001361067668
"967","22064153B841709119109",1,14105.1585950862,14105.1585950862,9.55429586726414
"968","22064153B84219767946861",1,8099.27051529865,8099.27051529865,8.99952927676523
"969","22064153B84222059971345",1,20854.0850796977,20854.0850796977,9.94530513511957
"970","22064153B84245586977349",2,52406.9890292527,104813.978058505,11.5599424203958
"971","22064153B8428470598874",1,6400.15365075191,6400.15365075191,8.76407727698956
"972","22064153B84489488181314",1,22656.9452940447,22656.9452940447,10.0282217194068
"973","22064153B84575638248633",1,85932.1661816002,85932.1661816002,11.3613134986664
"974","22064153B8461855353098",1,1121.43294352483,1121.43294352483,7.0223625603981
"975","22064153B84652164446594",1,NA,NA,NA
"976","22064153B84684358535824",1,52650.1170031959,52650.1170031959,10.8714237398426
"977","22064153B84687278012023",2,136571.903567579,273143.807135158,12.5177537015374
"978","22064153B85000886785239",2,53872.8835277935,107745.767055587,11.5875297223274
"979","22064153B85033318734621",1,9798.63812527491,9798.63812527491,9.1899986881932
"980","22064153B8508267062616",1,108542.638738425,108542.638738425,11.594898358529
"981","22064153B8516585574683",2,65831.4841451193,131662.968290239,11.7880006658858
"982","22064153B85234359484130",1,7720.23138180655,7720.23138180655,8.95159961430628
"983","22064153B85239813190769",2,37089.3033450405,74178.606690081,11.2142310680427
"984","22064153B85252336705750",1,38464.1431373697,38464.1431373697,10.5574817392214
"985","22064153B85407616611924",1,3041.87224213775,3041.87224213775,8.02022847395497
"986","22064153B85437171259684",3,330815.838120544,992447.514361632,13.8079294078899
"987","22064153B85623167351933",1,59348.0974568605,59348.0974568605,10.9911753431948
"988","22064153B8564356760578",1,26633.1873985311,26633.1873985311,10.1899133636669
"989","22064153B85719531819289",1,40830.4948725171,40830.4948725171,10.6171845045565
"990","22064153B85897991709250",1,201560.795508759,201560.795508759,12.2138463295458
"991","22064153B85931137925845",1,102514.941190163,102514.941190163,11.5377638346464
"992","22064153B85947434617393",1,354257.801613778,354257.801613778,12.7777801802145
"993","22064153B86012482981038",2,71321.9542810776,142643.908562155,11.8681066537471
"994","22064153B86211377030233",2,83668.2983737373,167336.596747475,12.0277626122905
"995","22064153B86297113496232",2,10289.2895488849,20578.5790977698,9.93200596413614
"996","22064153B86338272521773",1,28911.0735920018,28911.0735920018,10.2719799699833
"997","22064153B86353051825362",1,57756.1797894865,57756.1797894865,10.9639856320007
"998","22064153B86372044923469",2,6051.98050948712,12103.9610189742,9.40128803495526
"999","22064153B86521976602525",2,54090.5285192976,108181.057038595,11.5915615564869
"1000","22064153B86629940764584",1,162135.585389639,162135.585389639,11.9961882110194
"1001","22064153B8665907160310",1,12293.1308951584,12293.1308951584,9.41679592155325
"1002","22064153B86683000647841",2,12610.874219467,25221.748438934,10.1354619345914
"1003","22064153B86821614203557",1,8494.43728583368,8494.43728583368,9.04716679128032
"1004","22064153B86856131608768",1,103648.395828322,103648.395828322,11.5487596409311
"1005","22064153B86890605661062",2,29028.0877383525,58056.175476705,10.9691663634955
"1006","22064153B87072224192540",1,75686.0174617775,75686.0174617775,11.2343487124805
"1007","22064153B87137159672256",1,14087.7744125788,14087.7744125788,9.55306263731209
"1008","22064153B87243453067492",2,64644.2444445291,129288.488889058,11.7698015344168
"1009","22064153B87267410101558",1,46357.636586176,46357.636586176,10.7441413165635
"1010","22064153B87269269919659",1,143416.825639133,143416.825639133,11.8735105338708
"1011","22064153B87439490450561",1,24249.6956023813,24249.6956023813,10.0961593438077
"1012","22064153B87559658215683",1,347600.170498173,347600.170498173,12.7588081628743
"1013","22064153B87600766129132",2,62847.6376433949,125695.27528679,11.7416158066547
"1014","22064153B87658218657394",1,4202.23634183506,4202.23634183506,8.34337212490537
"1015","22064153B87695161266591",2,13540.4078272996,27080.8156545992,10.2065808467572
"1016","22064153B87793948617144",1,13385.165588386,13385.165588386,9.50190232706852
"1017","22064153B87894076500012",1,1850.81929094226,1850.81929094226,7.52338368000763
"1018","22064153B87940577626061",2,13043.7617032155,26087.523406431,10.1692124486129
"1019","22064153B87971980709236",1,41494.2567372885,41494.2567372885,10.6333103047692
"1020","22064153B88045540539043",1,124914.644311709,124914.644311709,11.7353859375329
"1021","22064153B88065808639443",2,116510.514829598,233021.029659196,12.3588839845231
"1022","22064153B88194855037275",1,4465.67233783706,4465.67233783706,8.4041750615574
"1023","22064153B88328488927062",1,41639.476385388,41639.476385388,10.6368039478513
"1024","22064153B88431886542823",2,11172.9645848032,22345.9291696064,10.0143994433898
"1025","22064153B88432688459960",2,218358.244972501,436716.489945002,12.9870394991111
"1026","22064153B88435751017430",1,47468.8369820109,47468.8369820109,10.7678287111823
"1027","22064153B88453450748284",1,32820.9086947814,32820.9086947814,10.3988210514875
"1028","22064153B88498953220491",2,5499.49645821443,10998.9929164289,9.30555899453735
"1029","22064153B88515969469898",1,9502.42613812558,9502.42613812558,9.15930242794454
"1030","22064153B88577614993358",1,216839.688817466,216839.688817466,12.2869135982942
"1031","22064153B88669235683638",1,379623.529621806,379623.529621806,12.846935329102
"1032","22064153B88760930069413",2,43600.2690626119,87200.5381252238,11.3759657810389
"1033","22064153B88833417807281",1,3489.66919417352,3489.66919417352,8.15756222393416
"1034","22064153B88871529927936",1,107239.103531785,107239.103531785,11.5828162328575
"1035","22064153B88888028347521",1,332543.036076711,332543.036076711,12.7145245625121
"1036","22064153B88946393629550",1,165284.07806837,165284.07806837,12.0154209577444
"1037","22064153B88983601589874",1,107242.706684148,107242.706684148,11.582849831533
"1038","22064153B89149578572225",1,177583.140773799,177583.140773799,12.0871941769588
"1039","22064153B89218276356736",2,6127.52172344947,12255.0434468989,9.41369284119452
"1040","22064153B89292621442465",1,13043.6792338489,13043.6792338489,9.4760589455189
"1041","22064153B89417284310535",3,6736.89059045408,20210.6717713622,9.91396604939805
"1042","22064153B89569754189090",1,2541.70253439174,2541.70253439174,7.84058942459976
"1043","22064153B89665543421150",2,38180.6482874904,76361.2965749808,11.2432312574622
"1044","22064153B89943083958801",1,352071.943507141,352071.943507141,12.7715908186599
"1045","22064153B90058188171402",1,65744.8714213124,65744.8714213124,11.093536945801
"1046","22064153B90377794213847",2,19491.2584693306,38982.5169386612,10.5708685409786
"1047","22064153B90465324055614",2,5729.88317037751,11459.766340755,9.346597600947
"1048","22064153B90488906209418",2,18053.159911636,36106.319823272,10.4942231933556
"1049","22064153B90614639681244",1,207045.748537727,207045.748537727,12.2406950552576
"1050","22064153B9064679601577",1,52967.1125464558,52967.1125464558,10.8774264819419
"1051","22064153B90768154691941",1,1365120.87033666,1365120.87033666,14.1267535323781
"1052","22064153B90780529710926",1,1029.68686947316,1029.68686947316,6.93701002478297
"1053","22064153B90786052299666",1,61575.837756223,61575.837756223,11.0280248283566
"1054","22064153B90800139718357",3,16695.1749199075,50085.5247597225,10.8214873183739
"1055","22064153B90835968382747",1,101136.506832843,101136.506832843,11.5242264360985
"1056","22064153B90906708968862",1,20598.3016125754,20598.3016125754,9.93296390538733
"1057","22064153B91116498936181",1,10804.6666935271,10804.6666935271,9.28773342103596
"1058","22064153B91141800927007",1,11540.6239847486,11540.6239847486,9.35362861006896
"1059","22064153B91306965514227",2,30884.8329394654,61769.6658789308,11.0311676795597
"1060","22064153B91381447128129",1,5980.49433528157,5980.49433528157,8.69625850829094
"1061","22064153B91415931669835",1,99685.6011698836,99685.6011698836,11.5097765239543
"1062","22064153B91429451718848",2,63655.8833944108,127311.766788822,11.7543942138073
"1063","22064153B91537954314769",1,57898.3001433786,57898.3001433786,10.9664433046392
"1064","22064153B91609112527858",1,5884.14148062707,5884.14148062707,8.68001612640626
"1065","22064153B91617146751331",2,12773.1966316307,25546.3932632614,10.1482514218028
"1066","22064153B91785979325065",1,68542.9406118422,68542.9406118422,11.1352156980951
"1067","22064153B92028221048613",1,3489.33581630613,3489.33581630613,8.15746668657113
"1068","22064153B92040031890076",2,34550.8787053386,69101.7574106772,11.1433354422931
"1069","22064153B92046986895255",2,48339.9633636338,96679.9267272676,11.4791610769279
"1070","22064153B92230134603738",1,1518.56808779767,1518.56808779767,7.32552312233317
"1071","22064153B92307181763302",1,10907.5351014623,10907.5351014623,9.29720912309594
"1072","22064153B92335026142603",1,10323.3332157577,10323.3332157577,9.24216197290983
"1073","22064153B92410380662275",1,58221.5485372292,58221.5485372292,10.9720108149746
"1074","22064153B92456215586434",1,6013.39098798396,6013.39098798396,8.70174409270475
"1075","22064153B92569175059493",2,507010.278233404,1014020.55646681,13.8294337355775
"1076","22064153B92578420514531",1,48941.5847394094,48941.5847394094,10.7983827177435
"1077","22064153B92731111025148",2,169420.895602289,338841.791204578,12.7332885848158
"1078","22064153B92836462541903",2,180353.520396804,360707.040793608,12.795821386506
"1079","22064153B93078615339227",1,28158.3478995817,28158.3478995817,10.2455991402122
"1080","22064153B93482560698592",1,164603.518417929,164603.518417929,12.0112949425612
"1081","22064153B93596873224412",1,9345.18536796845,9345.18536796845,9.14261655575162
"1082","22064153B93622399148332",1,NA,NA,NA
"1083","22064153B93672474053317",1,83904.2878618939,83904.2878618939,11.3374319979658
"1084","22064153B93848225384544",3,1009.42730615723,3028.28191847169,8.01575071407803
"1085","22064153B93879560819561",2,80342.512843022,160685.025686044,11.987201365592
"1086","22064153B93921143123339",1,36486.020080384,36486.020080384,10.5046844547066
"1087","22064153B94090813781135",1,77826.4269129313,77826.4269129313,11.2622363300332
"1088","22064153B94139662375640",1,26458.8696461794,26458.8696461794,10.1833467174133
"1089","22064153B94231126253819",1,13752.985848913,13752.985848913,9.52901123216871
"1090","22064153B94269242958702",2,1685.82226053083,3371.64452106166,8.12315589276436
"1091","22064153B94443438334718",2,9636.6886712764,19273.3773425528,9.86648001032505
"1092","22064153B9452209011947",2,36030.137583504,72060.275167008,11.1852582028766
"1093","22064153B94546008893",2,2404.46866919506,4808.93733839012,8.4782314111221
"1094","22064153B9474359651692",1,271162.42906506,271162.42906506,12.5104732895556
"1095","22064153B94848562576718",1,81255.0353085456,81255.0353085456,11.3053480713
"1096","22064153B95018112275614",1,854630.728072389,854630.728072389,13.6584247576332
"1097","22064153B95037722693010",1,117047.754446114,117047.754446114,11.6703372881653
"1098","22064153B95388461124704",1,54349.7885122623,54349.7885122623,10.9031960013231
"1099","22064153B95476251404862",1,18911.5545302146,18911.5545302146,9.84752836505396
"1100","22064153B95595404063006",1,29089.164763282,29089.164763282,10.2781210389176
"1101","22064153B95599373690567",1,34993.9932472038,34993.9932472038,10.4629317042344
"1102","22064153B95660884775900",2,55047.1736984442,110094.347396888,11.6090929807651
"1103","22064153B95692403593429",2,14452.1551409751,28904.3102819502,10.2717460076837
"1104","22064153B95784348499714",1,1304.63548790233,1304.63548790233,7.17367896112473
"1105","22064153B9578504350076",2,22886.2736252051,45772.5472504102,10.7314397853744
"1106","22064153B96065256406270",2,165285.361792563,330570.723585126,12.7085759050489
"1107","22064153B96177150781440",2,40207.539111774,80415.078223548,11.2949569776775
"1108","22064153B96273885694547",1,1513.89316985249,1513.89316985249,7.3224398699837
"1109","22064153B96374809115220",1,88871.4065775917,88871.4065775917,11.3949457339685
"1110","22064153B96463446975181",2,676.831844527153,1353.66368905431,7.21057003935138
"1111","22064153B96670024597495",1,9024.66884479857,9024.66884479857,9.10771708943076
"1112","22064153B96726599318937",1,140970.275578533,140970.275578533,11.8563043356367
"1113","22064153B96792865327572",1,22744.5186375547,22744.5186375547,10.03207945634
"1114","22064153B96832433526360",1,38000.4602280668,38000.4602280668,10.5453535499001
"1115","22064153B96844374642874",2,30307.7246584811,60615.4493169622,11.0123050787897
"1116","22064153B96866391217201",1,553.312785691183,553.312785691183,6.31592345769994
"1117","22064153B96958507513522",1,4557.90021509982,4557.90021509982,8.42461731731058
"1118","22064153B96973201528361",1,15351.1147371001,15351.1147371001,9.638943371688
"1119","22064153B96974896989466",1,2889.43589826004,2889.43589826004,7.96881657114077
"1120","22064153B9698947676101",1,36605.7092335257,36605.7092335257,10.5079594972113
"1121","22064153B97059212130214",1,9010.65516099598,9010.65516099598,9.1061630628307
"1122","22064153B97070168127410",1,7127.92934689539,7127.92934689539,8.87177605704981
"1123","22064153B97121686045482",2,86416.0135652531,172832.027130506,12.0600754603688
"1124","22064153B97335356497134",1,39406.7482682541,39406.7482682541,10.581692356464
"1125","22064153B9735702870104",1,7552.63285034082,7552.63285034082,8.92965150335317
"1126","22064153B97499384846726",1,10366.9869215148,10366.9869215148,9.24638170177267
"1127","22064153B97523791840920",1,21319.8540979227,21319.8540979227,9.96739403481934
"1128","22064153B9766515498802",1,11568.4146986021,11568.4146986021,9.35603379252865
"1129","22064153B97866090466841",1,99984.0829566698,99984.0829566698,11.512766281868
"1130","22064153B97971723277655",1,46002.0824473109,46002.0824473109,10.7364419450403
"1131","22064153B98016387406431",1,53730.4175520324,53730.4175520324,10.8917345549942
"1132","22064153B98039049640163",1,28946.4268218456,28946.4268218456,10.2732020495406
"1133","22064153B98075085075201",1,20499.100046531,20499.100046531,9.92813626399364
"1134","22064153B98176626481319",1,12751.5633462747,12751.5633462747,9.45340915846401
"1135","22064153B98195258641844",1,4139.65840594893,4139.65840594893,8.32836855277482
"1136","22064153B98214763966062",2,42285.1131529477,84570.2263058954,11.3453375487322
"1137","22064153B98285338074110",1,28944.6121945894,28944.6121945894,10.273139358413
"1138","22064153B98370164064849",1,7262.16861853044,7262.16861853044,8.89043377100112
"1139","22064153B98376857578372",1,177571.087614131,177571.087614131,12.0871263013222
"1140","22064153B98470521776341",1,37885.2464088247,37885.2464088247,10.5423170384706
"1141","22064153B98586949773081",2,7651.58131125049,15303.162622501,9.63581479337251
"1142","22064153B98589137348385",1,13408.6496975321,13408.6496975321,9.50365527750943
"1143","22064153B98590992450461",1,762685.42178095,762685.42178095,13.5446009340074
"1144","22064153B98863948412239",1,188636.98128461,188636.98128461,12.1475797131231
"1145","22064153B98871481609914",1,25496.3891399492,25496.3891399492,10.146292118765
"1146","22064153B98906825445383",1,7025.67599331929,7025.67599331929,8.85732671637946
"1147","22064153B990494098117",2,286350.493926714,572700.987853428,13.258119023286
"1148","22064153B99270011132036",1,64155.222598063,64155.222598063,11.0690607790147
"1149","22064153B99518107679078",2,4062.5208237756,8125.0416475512,9.00270613303726
"1150","22064153B99534934631305",1,26928.4615564005,26928.4615564005,10.2009390566729
"1151","22064153B99641769976782",1,13704.0722589034,13704.0722589034,9.52544831282305
"1152","22064153B99767339475906",2,15644.4996659706,31288.9993319412,10.3510218557086
"1153","22064153B99823885045557",3,5367.41414036268,16102.242421088,9.6867138220868
"1154","22064153B99847717856531",2,12560.1817814315,25120.363562863,10.1314340935213
"1155","22064153B99857415229909",2,16752.4549003336,33504.9098006672,10.4194472682881
"1156","22064153B99919647628025",1,473585.567570795,473585.567570795,13.0680878882084
"1157","25037944B15390433377666",1,29088.4529128902,29088.4529128902,10.2780965672936
"1158","25037944B16759006021093",1,1250.53720124557,1250.53720124557,7.131328498972
"1159","25037944B17459590153092",1,12151.8126807363,12151.8126807363,9.40523362947085
"1160","25037944B28082311396997",1,6554.48851598804,6554.48851598804,8.78790536355578
"1161","25037944B31801469695154",1,1113.43482050904,1113.43482050904,7.01520494929401
"1162","25037944B34353436415485",1,150068.973950061,150068.973950061,11.9188502937244
"1163","25037944B36323732446250",1,2387.22909276317,2387.22909276317,7.77788859691707
"1164","25037944B37494903355321",1,191.606069636717,191.606069636717,5.2554415437235
"1165","25037944B38638552543628",1,29134.2540964219,29134.2540964219,10.2796698776164
"1166","25037944B50083435969321",1,427.528348593649,427.528348593649,6.058020598678
"1167","25037944B55743987265110",1,21052.0348522417,21052.0348522417,9.95475250200345
"1168","25037944B5935933559707",1,24916.5312454506,24916.5312454506,10.1232867676049
"1169","25037944B6261933942264",1,3403.09354821952,3403.09354821952,8.13244016404946
"1170","25037944B62712341328684",1,875.185958139495,875.185958139495,6.77443638736567
"1171","25037944B65347816419811",1,23911.8367046135,23911.8367046135,10.0821288749263
"1172","25037944B68165922230856",1,2506.30073045902,2506.30073045902,7.82656313242968
"1173","25037944B75577230273205",1,941.278419820672,941.278419820672,6.84723897235886
"1174","25037944B77006542086789",1,NA,NA,NA
"1175","25037944B77099976714827",1,2469.57002085631,2469.57002085631,7.81179933384326
"1176","25037944B80188408210929",1,73202.4448349399,73202.4448349399,11.2009840987761
"1177","25037944B87142005071762",1,31548.5920708461,31548.5920708461,10.3592842416439
"1178","25037944B87513158470011",1,19346.7285435233,19346.7285435233,9.87027861664623
"1179","2640588B11290582279728",1,599853.624423757,599853.624423757,13.3044409451416
"1180","2640588B11393510524278",3,243455.210637742,730365.631913226,13.5013005533678
"1181","2640588B14186532473464",1,258194.338235832,258194.338235832,12.4614678293302
"1182","2640588B20221108717018",1,692293.79599747,692293.79599747,13.4477657051894
"1183","2640588B22535822566030",4,213999.112317134,855996.449268536,13.6600215070645
"1184","2640588B23864872837062",2,17294.8462096347,34589.6924192694,10.4513110097052
"1185","2640588B24165862747597",1,113024.334049175,113024.334049175,11.6353584200789
"1186","2640588B2684850326122",3,195847.012576604,587541.037729812,13.283701374016
"1187","2640588B33083527354868",3,1191920.98769185,3575762.96307555,15.0896891275851
"1188","2640588B36229801410553",3,438290.872004885,1314872.61601465,14.089250348951
"1189","2640588B43628149657030",2,2851068.3922635,5702136.784527,15.5563515370353
"1190","2640588B45258001695711",2,589391.569860413,1178783.13972083,13.9799932268259
"1191","2640588B46982966730152",2,2060957.39591951,4121914.79183902,15.2318283686611
"1192","2640588B49362051778248",3,766531.020330768,2299593.0609923,14.6482427352421
"1193","2640588B50881283310688",2,760230.432681659,1520460.86536332,14.2345240477633
"1194","2640588B52568839586340",4,1584725.34211117,6338901.36844468,15.6622160256634
"1195","2640588B53733148454792",1,1468724.20670844,1468724.20670844,14.1999046953304
"1196","2640588B56610026740587",1,1370217.07103623,1370217.07103623,14.1304797312649
"1197","2640588B69318666079956",3,676791.190723059,2030373.57216918,14.5237303597864
"1198","2640588B69436428808540",3,160113.745364551,480341.236093653,13.0822520388367
"1199","2640588B80128813909947",2,1291445.5292104,2582891.0584208,14.7644198948125
"1200","2640588B82822310999177",3,226210.550190603,678631.650571809,13.4278337712287
"1201","2640588B8507173896697",1,105286.419993799,105286.419993799,11.5644397248842
"1202","2640588B94420346402626",3,185186.313027219,555558.939081657,13.2277299833906
"1203","27666195B12686081930969",1,6477.0207423292,6477.0207423292,8.77601592163714
"1204","27666195B61672641857391",1,40371.871711279,40371.871711279,10.605888576688
"1205","27666195B63359869130293",2,6574.57028896466,13149.1405779293,9.48411168017961
"1206","27666195B83736805727119",1,10241.6304214991,10241.6304214991,9.23421610676873
"1207","3306468B10183104109049",1,24572.6010125161,24572.6010125161,10.1093873212276
"1208","3306468B11652899938830",1,29040.5506002338,29040.5506002338,10.2764484288221
"1209","3306468B11940370524112",1,16458.7865603606,16458.7865603606,9.70861475100085
"1210","3306468B15896052245603",1,11774.1170047939,11774.1170047939,9.37365892709564
"1211","3306468B16106454484671",1,18626.4957207915,18626.4957207915,9.8323403471799
"1212","3306468B1703224271200",1,21730.4993529504,21730.4993529504,9.98647205287371
"1213","3306468B23054065948148",1,11503.8698911027,11503.8698911027,9.35043877001359
"1214","3306468B26306333639139",1,39723.608053377,39723.608053377,10.5897009512284
"1215","3306468B2817273614412",1,17994.6736564475,17994.6736564475,9.79783108511376
"1216","3306468B28180088914928",1,9706.36223450576,9706.36223450576,9.18053684994729
"1217","3306468B29734552826956",1,17350.1744952451,17350.1744952451,9.76135784268726
"1218","3306468B30631228592753",1,18891.0309068403,18891.0309068403,9.84644253321715
"1219","3306468B31891639272972",1,16836.9598414183,16836.9598414183,9.73133173951617
"1220","3306468B33320306044259",1,29399.7222328034,29399.7222328034,10.2887405054183
"1221","3306468B34554561821271",1,14864.218967242,14864.218967242,9.60671219232577
"1222","3306468B37188297910356",1,33108.3182998425,33108.3182998425,10.4075398379449
"1223","3306468B38935954737927",1,18408.8984918775,18408.8984918775,9.82058944038266
"1224","3306468B40985088538713",1,19552.2687298531,19552.2687298531,9.88084660624333
"1225","3306468B41298949605028",1,26980.8217396029,26980.8217396029,10.202881586659
"1226","3306468B4250882356752",1,16725.8287231956,16725.8287231956,9.72470943373572
"1227","3306468B4333912279461",1,250842.405657763,250842.405657763,12.4325801550183
"1228","3306468B43421780768425",1,61826.5692736603,61826.5692736603,11.0320884745772
"1229","3306468B48172399013768",1,24709.9057047658,24709.9057047658,10.1149594828995
"1230","3306468B48570951315042",1,39231.7927106411,39231.7927106411,10.5772427356013
"1231","3306468B49446780717545",1,7077.39087414871,7077.39087414871,8.8646605981669
"1232","3306468B50273300961313",1,9147.42105407547,9147.42105407547,9.12122726652821
"1233","3306468B50398630049357",1,21464.4135330827,21464.4135330827,9.97415165827668
"1234","3306468B51823501845904",1,68619.7722667634,68619.7722667634,11.136335997648
"1235","3306468B52155686963809",1,18839.3228833579,18839.3228833579,9.8437016071107
"1236","3306468B53789709824921",1,4238.05072906174,4238.05072906174,8.35185870880421
"1237","3306468B54253052941239",1,197571.162452318,197571.162452318,12.1938541146393
"1238","3306468B55760825381670",1,51712.0607062493,51712.0607062493,10.8534463158097
"1239","3306468B57439307714728",1,163740.853143629,163740.853143629,12.0060402932725
"1240","3306468B58364807671066",1,11807.222588323,11807.222588323,9.37646670696308
"1241","3306468B60047889099268",1,194392.078394401,194392.078394401,12.1776324211782
"1242","3306468B60341362842796",1,35727.6013481371,35727.6013481371,10.4836788160502
"1243","3306468B62426802090355",1,76268.771384118,76268.771384118,11.2420188462586
"1244","3306468B63590922856333",1,22957.5045803762,22957.5045803762,10.0414001590031
"1245","3306468B64693584443826",1,25865.5931217155,25865.5931217155,10.1606689136155
"1246","3306468B64768612261884",1,12576.4889120094,12576.4889120094,9.43958439050439
"1247","3306468B69236034460520",1,78278.6787570527,78278.6787570527,11.2680305429446
"1248","3306468B69873779257439",1,38778.5758728348,38778.5758728348,10.5656232048844
"1249","3306468B70752003572919",1,26974.4874853913,26974.4874853913,10.2026467903311
"1250","3306468B71353623072064",1,18460.9654931217,18460.9654931217,9.82341380859173
"1251","3306468B71596371711370",1,85390.3867690159,85390.3867690159,11.354988806333
"1252","3306468B72129908795789",1,26298.1925086998,26298.1925086998,10.1772554898992
"1253","3306468B72281596552802",1,75549.139164873,75549.139164873,11.2325385733921
"1254","3306468B72856581619047",1,63995.043251209,63995.043251209,11.0665609101426
"1255","3306468B74633928052065",1,7073.49080630441,7073.49080630441,8.86410938616031
"1256","3306468B74800067614401",1,32996.0319812197,32996.0319812197,10.4041425902255
"1257","3306468B75896846080251",1,10611.7868821828,10611.7868821828,9.26972063233667
"1258","3306468B76468188202077",1,38521.3530790352,38521.3530790352,10.5589679919575
"1259","3306468B77556762591061",1,23258.7070254613,23258.7070254613,10.0544348366282
"1260","3306468B7799388924344",1,755973.895660183,755973.895660183,13.5357621250155
"1261","3306468B79017025460716",1,13358.8875548017,13358.8875548017,9.4999371767676
"1262","3306468B80209753736626",1,28959.5150315572,28959.5150315572,10.2736541002115
"1263","3306468B80571164490310",1,5886.23112014079,5886.23112014079,8.68037119410149
"1264","3306468B8616193891808",1,15564.3714051034,15564.3714051034,9.65273969690784
"1265","3306468B8786854663218",1,18088.9487996627,18088.9487996627,9.80305646722954
"1266","3306468B87904766376188",1,241598.577293185,241598.577293185,12.3950328563383
"1267","3306468B8968248816263",1,29595.9175940378,29595.9175940378,10.2953917116801
"1268","3306468B8987969858006",1,50634.9690117236,50634.9690117236,10.832397703773
"1269","3306468B91060644356542",1,36902.6306534931,36902.6306534931,10.5160381189101
"1270","3306468B91186516288237",1,23201.3162144074,23201.3162144074,10.0519642894248
"1271","3306468B93342772649109",1,5418.66464382693,5418.66464382693,8.59760468840053
"1272","3306468B93547885769442",1,40992.105797053,40992.105797053,10.6211347856127
"1273","3306468B9406738878397",1,4637.42936383973,4637.42936383973,8.44191547528265
"1274","3306468B95520457943603",1,7887.36299335839,7887.36299335839,8.97301713660141
"1275","3306468B95722442714869",1,34126.5578475629,34126.5578475629,10.4378311826559
"1276","3306468B99813204721250",1,31381.5342463963,31381.5342463963,10.3539749175837
"1277","48082658B12474943410263",1,3708.17801105466,3708.17801105466,8.21829593282973
"1278","48082658B13739269194746",1,4571.96577619481,4571.96577619481,8.42769853936499
"1279","48082658B34496181007538",1,328.908247844279,328.908247844279,5.79577882993829
"1280","48082658B41580202055285",1,14935.8980826996,14935.8980826996,9.61152286159755
"1281","48082658B47092597141072",1,181.896080061972,181.896080061972,5.2034355353302
"1282","48082658B47865873518539",1,95.0191606027484,95.0191606027484,4.55407856181898
"1283","48082658B54870744689581",1,2929.74976872915,2929.74976872915,7.98267229519994
"1284","48082658B55363984375879",1,3467.21730591704,3467.21730591704,8.1511076220932
"1285","48082658B59083030943668",1,982.064556544676,982.064556544676,6.88965704605589
"1286","48082658B59364107477614",1,3152.47438885856,3152.47438885856,8.05594294373266
"1287","48082658B68963423411416",1,2275.49434375501,2275.49434375501,7.72995260173838
"1288","48082658B69213589871259",1,4517.25784526682,4517.25784526682,8.41566041732557
"1289","48082658B76905372739919",1,32043.00856535,32043.00856535,10.3748342970658
"1290","48082658B87920107186750",1,8555.05953606054,8555.05953606054,9.0542781455143
"1291","50627088B10700770102469",1,192127.273822279,192127.273822279,12.1659133158901
"1292","50627088B11139990760987",2,58400.668739306,116801.337478612,11.6682298003262
"1293","50627088B12076447392742",1,8546.05875568593,8546.05875568593,9.05322549140687
"1294","50627088B12095165689012",1,26081.3650990569,26081.3650990569,10.168976357426
"1295","50627088B1210945284029",1,16840.178439729,16840.178439729,9.73152288392361
"1296","50627088B12343009678657",1,3633.79020971536,3633.79020971536,8.198031517437
"1297","50627088B13774862826934",1,101711.81963987,101711.81963987,11.5298987959312
"1298","50627088B14039752645412",1,96077.7524664241,96077.7524664241,11.4729130641658
"1299","50627088B14246153618123",1,23943.2885997269,23943.2885997269,10.0834433380874
"1300","50627088B14293404548968",1,174776.547080236,174776.547080236,12.0712635631804
"1301","50627088B14771067875898",1,52289.4125821167,52289.4125821167,10.8645491932716
"1302","50627088B14856852442900",1,14851.6893701305,14851.6893701305,9.60586890005876
"1303","50627088B14900923212728",1,14245.0647338784,14245.0647338784,9.56416579124449
"1304","50627088B15187841007732",1,29688.376822982,29688.376822982,10.2985108954308
"1305","50627088B15392276223600",1,44569.8310584806,44569.8310584806,10.7048124754573
"1306","50627088B15474935979053",2,5955.55105788687,11911.1021157737,9.38522619507677
"1307","50627088B16194537288305",1,6705.50867608258,6705.50867608258,8.81068465802572
"1308","50627088B16692163202625",1,19534.3869844781,19534.3869844781,9.87993162662711
"1309","50627088B1685589835575",1,3255.9781479487,3255.9781479487,8.08824801578194
"1310","50627088B16887744460573",1,22264.0315567166,22264.0315567166,10.0107277205923
"1311","50627088B17582677528322",1,19413.9277093556,19413.9277093556,9.87374601063052
"1312","50627088B17645051575060",1,22406.7085600351,22406.7085600351,10.0171156822924
"1313","50627088B19201983933003",1,160019.220362558,160019.220362558,11.9830492142672
"1314","50627088B196089850290",1,4989.58998538152,4989.58998538152,8.51510901811144
"1315","50627088B19949088040088",1,21796.5086827753,21796.5086827753,9.98950508378518
"1316","50627088B20699508066130",1,5169.14810588255,5169.14810588255,8.55046317750031
"1317","50627088B20857302677335",1,251003.61194657,251003.61194657,12.4332226082358
"1318","50627088B21346817666237",2,21252.6999262874,42505.3998525748,10.6573864021964
"1319","50627088B21593643205085",1,62106.5076203759,62106.5076203759,11.0366060550299
"1320","50627088B21617615218202",1,39407.9983678866,39407.9983678866,10.5817240789445
"1321","50627088B22076648186197",1,7037.32866679212,7037.32866679212,8.85898392640268
"1322","50627088B22644840277804",1,3581.47151036385,3581.47151036385,8.1835290313569
"1323","50627088B22684914859278",1,105107.010579681,105107.010579681,11.5627342585384
"1324","50627088B24932390354910",1,15060.1441981296,15060.1441981296,9.61980707621705
"1325","50627088B25246558937537",1,33040.8663138512,33040.8663138512,10.4055004474441
"1326","50627088B25417186263654",1,37490.4487752886,37490.4487752886,10.5318414801915
"1327","50627088B26698937893318",1,18519.2625091857,18519.2625091857,9.82656668608901
"1328","50627088B27079735584148",1,16740.3942993589,16740.3942993589,9.72557989808858
"1329","50627088B27548444150283",1,13729.7864347041,13729.7864347041,9.52732294399458
"1330","50627088B27678172888036",1,10910.0212426002,10910.0212426002,9.29743702590132
"1331","50627088B28272611145429",1,49902.9880424538,49902.9880424538,10.8178361605571
"1332","50627088B28473489349448",1,19519.0291868484,19519.0291868484,9.87914512444999
"1333","50627088B29347766451470",1,71650.4342594764,71650.4342594764,11.179554494082
"1334","50627088B29879698863808",1,47683.8156409534,47683.8156409534,10.772347324564
"1335","50627088B30686520493878",1,12809.8772624073,12809.8772624073,9.45797181345591
"1336","50627088B30758784507478",1,55680.9860447122,55680.9860447122,10.9273940039878
"1337","50627088B31771995002719",1,34923.3944492434,34923.3944492434,10.4609122116796
"1338","50627088B31834230260216",1,28327.4435625611,28327.4435625611,10.2515863509329
"1339","50627088B32866858963160",1,27105.5755210207,27105.5755210207,10.2074947244895
"1340","50627088B33273723403959",1,9128.91695891286,9128.91695891286,9.11920234211806
"1341","50627088B33659977018142",1,16793.6753692072,16793.6753692072,9.72875762839157
"1342","50627088B34623658197151",2,40076.6626394826,80153.3252789652,11.2916966453738
"1343","50627088B35146246473930",1,35038.5199749543,35038.5199749543,10.4642033060006
"1344","50627088B3552577196850",1,16889.484255526,16889.484255526,9.73444647384279
"1345","50627088B36429080609607",1,7853.187992884,7853.187992884,8.96867484207777
"1346","50627088B36827584115772",1,147146.828922005,147146.828922005,11.89918620346
"1347","50627088B36966342842371",2,2042.75730433721,4085.51460867442,8.31520297455559
"1348","50627088B37050079543362",1,35860.7198646469,35860.7198646469,10.4873978212646
"1349","50627088B37392390891999",2,115771.330116267,231542.660232534,12.3525194129938
"1350","50627088B3793649992837",1,4147.45481674314,4147.45481674314,8.33025012791078
"1351","50627088B38864018180233",1,14438.2358965054,14438.2358965054,9.57763523715168
"1352","50627088B38874433306118",1,180749.812498029,180749.812498029,12.1048691026652
"1353","50627088B38886465943482",1,5485.94837512721,5485.94837512721,8.60994526115929
"1354","50627088B39496804164051",1,49468.1391184437,49468.1391184437,10.8090840871496
"1355","50627088B41221510425691",1,23467.8910654221,23467.8910654221,10.0633884282002
"1356","50627088B42356912123760",1,10369.1963051306,10369.1963051306,9.2465947963041
"1357","50627088B43040746826510",1,21621.7535509387,21621.7535509387,9.98145519571814
"1358","50627088B43158791534375",2,11568.2287583917,23136.4575167834,10.049164899866
"1359","50627088B43325373154771",1,23010.7190569261,23010.7190569261,10.0437154322989
"1360","50627088B44662139516293",1,16745.2357287325,16745.2357287325,9.72586906268864
"1361","50627088B45338905854221",1,12293.4808661984,12293.4808661984,9.41682438997692
"1362","50627088B45390656969896",2,29589.9305210447,59179.8610420894,10.9883365778962
"1363","50627088B45617363744287",1,18547.2399839634,18547.2399839634,9.82807626903906
"1364","50627088B46282994353665",1,11293.3318190766,11293.3318190766,9.33196772601375
"1365","50627088B46510877270516",2,24183.1430360188,48366.2860720376,10.7865582812284
"1366","50627088B47037600563215",1,23604.1680384017,23604.1680384017,10.0691785872164
"1367","50627088B47723743355914",1,18094.8718202322,18094.8718202322,9.8033838522608
"1368","50627088B47850104568837",1,17890.4786732063,17890.4786732063,9.79202393261247
"1369","50627088B47907092422730",2,141833.652223052,283667.304446104,12.555557367226
"1370","50627088B48425886869278",2,6918.85063282168,13837.7012656434,9.53515212185373
"1371","50627088B49259449060306",2,131534.793120935,263069.58624187,12.4801738626341
"1372","50627088B49343756541823",1,23342.3079375709,23342.3079375709,10.0580227843097
"1373","50627088B49891327076679",1,15531.5044811765,15531.5044811765,9.65062578725074
"1374","50627088B51202553457733",1,16313.8832719553,16313.8832719553,9.69977175875066
"1375","50627088B51457701094932",1,98807.9664293719,98807.9664293719,11.5009335123616
"1376","50627088B54268846240144",1,18121.5382582963,18121.5382582963,9.80485646883574
"1377","50627088B54593739216200",1,17218.2797271419,17218.2797271419,9.75372687329001
"1378","50627088B55174657645518",1,671220.666537198,671220.666537198,13.416853224092
"1379","50627088B55944116291568",1,11885.5341350433,11885.5341350433,9.3830773207317
"1380","50627088B58875742455013",2,101285.040209587,202570.080419174,12.2188411818023
"1381","50627088B5887634213656",2,19956.0809691572,39912.1619383144,10.5944363669167
"1382","50627088B5982554369070",1,18737.4279497283,18737.4279497283,9.83827829715881
"1383","50627088B59976990100146",1,8387.86886802838,8387.86886802838,9.03454175861735
"1384","50627088B6071095399846",1,27732.4534231905,27732.4534231905,10.2303586101087
"1385","50627088B60937444103657",1,4151.19433301291,4151.19433301291,8.33115136290828
"1386","50627088B60977128263275",2,24341.9819370834,48683.9638741668,10.7931049709468
"1387","50627088B61483456633974",1,26419.0862129105,26419.0862129105,10.1818419905331
"1388","50627088B61699317845767",1,10353.1407409262,10353.1407409262,9.24504520589048
"1389","50627088B61765776713895",1,120519.661109259,120519.661109259,11.6995681813357
"1390","50627088B61816246956144",1,26100.6102467213,26100.6102467213,10.1697139741379
"1391","50627088B62386575329079",1,35259.1863542156,35259.1863542156,10.470481380082
"1392","50627088B62561393474891",1,5647.13779504903,5647.13779504903,8.63890411083591
"1393","50627088B62824552173050",1,10138.1751620186,10138.1751620186,9.22406329665169
"1394","50627088B6304595362200",1,29713.5565982571,29713.5565982571,10.2993586717684
"1395","50627088B63268830739579",1,14363.3653065945,14363.3653065945,9.5724361679728
"1396","50627088B63985202353030",1,5630.46735938457,5630.46735938457,8.63594773001248
"1397","50627088B64715613220585",1,198213.158579416,198213.158579416,12.1970982890851
"1398","50627088B65029652077397",1,14979.3391843323,14979.3391843323,9.61442714290275
"1399","50627088B6540775027935",1,19155.8677264231,19155.8677264231,9.86036435636574
"1400","50627088B65767533460157",1,5917.34769337828,5917.34769337828,8.68564360271779
"1401","50627088B66323270500820",1,15839.6281133603,15839.6281133603,9.67027018740091
"1402","50627088B67136120570022",1,17627.0584279177,17627.0584279177,9.77719041109749
"1403","50627088B67284311995984",1,14008.0276859559,14008.0276859559,9.54738585040262
"1404","50627088B67478118137256",1,220558.735413923,220558.735413923,12.3039193121571
"1405","50627088B67615476566962",2,23654.082394791,47308.164789582,10.7644381766993
"1406","50627088B68006893150413",1,10947.4157484896,10947.4157484896,9.30085870268701
"1407","50627088B6848821284294",2,21921.8292226026,43843.6584452052,10.6883853680764
"1408","50627088B68671951504705",2,5562.71189725151,11125.423794503,9.3169882001968
"1409","50627088B69009115313413",1,21871.0112861192,21871.0112861192,9.99291735339366
"1410","50627088B69459727871118",1,13965.5803539327,13965.5803539327,9.54435103526248
"1411","50627088B69658113715616",1,14989.7781256201,14989.7781256201,9.61512378949411
"1412","50627088B697962436466",1,7909.13032612928,7909.13032612928,8.9757731085894
"1413","50627088B71136761933939",1,301459.240291118,301459.240291118,12.6163900962629
"1414","50627088B73039114437677",1,2835.41509022425,2835.41509022425,7.94994362174888
"1415","50627088B73050427186978",1,134107.206748161,134107.206748161,11.8063948094228
"1416","50627088B73770248415585",1,62669.4655150406,62669.4655150406,11.0456296146207
"1417","50627088B74317762178215",1,98155.9724568117,98155.9724568117,11.4943130481519
"1418","50627088B74426866843112",1,26544.1326726366,26544.1326726366,10.1865640106334
"1419","50627088B74559046187795",1,391096.710649996,391096.710649996,12.8767101501994
"1420","50627088B76588814495844",1,13030.7167349364,13030.7167349364,9.47506467512461
"1421","50627088B76976596426354",2,17591.6364500782,35183.2729001564,10.468326046942
"1422","50627088B77985545046422",2,154772.62920816,309545.25841632,12.6428595911635
"1423","50627088B78854811449565",1,11489.2858606426,11489.2858606426,9.34917021579047
"1424","50627088B79233583938817",1,79531.7530435304,79531.7530435304,11.2839116302523
"1425","50627088B81723111751248",1,2188.83660120195,2188.83660120195,7.69112544932878
"1426","50627088B81870617842990",1,14435.2038905247,14435.2038905247,9.57742521673055
"1427","50627088B8241374845255",1,33880.5984959232,33880.5984959232,10.4305978137789
"1428","50627088B82523169832508",1,69897.9247713678,69897.9247713678,11.1547912392457
"1429","50627088B83737206456413",1,38366.3341425641,38366.3341425641,10.554935638999
"1430","50627088B83816556516",1,7842.88650459027,7842.88650459027,8.96736222218998
"1431","50627088B84573477365023",2,9722.86506491235,19445.7301298247,9.87538279434595
"1432","50627088B85628138735153",1,24664.9359940969,24664.9359940969,10.1131379186552
"1433","50627088B85761395013038",1,795784.379207181,795784.379207181,13.5870835477388
"1434","50627088B85781169785703",2,27483.9995992453,54967.9991984906,10.9145064621295
"1435","50627088B86222630376242",1,10170.381228344,10170.381228344,9.22723497391959
"1436","50627088B86434321142038",1,6756.46054054627,6756.46054054627,8.81825444324001
"1437","50627088B86514421558272",2,15799.7987408702,31599.5974817404,10.3608996615743
"1438","50627088B87770668885129",2,8287.68670789638,16575.3734157928,9.71567334365657
"1439","50627088B88107705873369",1,42021.1802039307,42021.1802039307,10.6459290607235
"1440","50627088B89189510958197",1,19992.0709039452,19992.0709039452,9.9030910191244
"1441","50627088B89309847194921",1,12801.8925740249,12801.8925740249,9.45734829632358
"1442","50627088B89415204754484",1,13936.8495371521,13936.8495371521,9.54229165713328
"1443","50627088B89843068192047",1,29904.5242262583,29904.5242262583,10.3057650598473
"1444","50627088B90299742739886",1,74856.4350965102,74856.4350965102,11.2233273593856
"1445","50627088B91562920030226",1,58141.0235218621,58141.0235218621,10.9706267783931
"1446","50627088B92506226945560",1,24148.734167983,24148.734167983,10.0919872423026
"1447","50627088B94661394277654",1,15367.8496765316,15367.8496765316,9.64003292281099
"1448","50627088B95272323140110",2,7300.21074049693,14600.4214809939,9.58880567584096
"1449","50627088B95926354203018",2,5663.02139120879,11326.0427824176,9.33486002402999
"1450","50627088B9649339399974",1,102359.944253524,102359.944253524,11.5362507456617
"1451","50627088B9683107212546",1,5639.42183540959,5639.42183540959,8.63753682778525
"1452","50627088B96858950012844",1,16017.5178944754,16017.5178944754,9.68143827069535
"1453","50627088B96984621240614",1,41246.292389612,41246.292389612,10.6273165062593
"1454","50627088B97474247637158",2,4075.94346667989,8151.88693335978,9.00600470500262
"1455","50627088B97864813450570",1,16331.3857734196,16331.3857734196,9.70084404295313
"1456","50627088B99010084174784",1,9322.45505202002,9322.45505202002,9.14018129059003
"1457","50627088B99358381769751",1,5881.48523869795,5881.48523869795,8.67956460061208
"1458","52423323B10065184809144",1,1341.36860570312,1341.36860570312,7.20144571926407
"1459","52423323B10302998803932",1,37156.0724880052,37156.0724880052,10.5228824954153
"1460","52423323B10584672826222",1,35352.9327905014,35352.9327905014,10.473136632254
"1461","52423323B10934602069357",1,140040.515315478,140040.515315478,11.8496870548353
"1462","52423323B11153152222342",1,40446.37421951,40446.37421951,10.607732282363
"1463","52423323B11408712561371",1,46148.1142209053,46148.1142209053,10.7396113771439
"1464","52423323B1142335795557",1,11734.6380112171,11734.6380112171,9.37030026087429
"1465","52423323B11695261421482",1,516789.869807463,516789.869807463,13.1553916294927
"1466","52423323B11777472364014",1,197609.68909893,197609.68909893,12.1940490969952
"1467","52423323B1226588316364",1,23075.8114070611,23075.8114070611,10.0465402226558
"1468","52423323B12414310346130",1,95266.6410985765,95266.6410985765,11.4644349874253
"1469","52423323B12485828442436",1,17753.1988341293,17753.1988341293,9.78432099467389
"1470","52423323B12833551098527",1,113313.190250095,113313.190250095,11.6379108590404
"1471","52423323B13112190165396",1,27805.2061385648,27805.2061385648,10.2329785533171
"1472","52423323B13183182177213",1,557613.145495408,557613.145495408,13.2314207132858
"1473","52423323B13758082224669",1,11306.6899165649,11306.6899165649,9.33314985753558
"1474","52423323B13977400518801",1,90067.4849202186,90067.4849202186,11.4083145007754
"1475","52423323B15402942481985",1,35059.2716397166,35059.2716397166,10.4647953835794
"1476","52423323B15729403870987",1,150588.088678744,150588.088678744,11.9223034987813
"1477","52423323B15729416108881",1,402797.212383614,402797.212383614,12.9061885192058
"1478","52423323B160469889501",1,234960.048619348,234960.048619348,12.3671707727985
"1479","52423323B16848468403028",1,43079.3550471384,43079.3550471384,10.6707991601076
"1480","52423323B17082300411624",1,33255.1787250519,33255.1787250519,10.4119657850854
"1481","52423323B1749391597269",1,73044.7380777352,73044.7380777352,11.1988273827944
"1482","52423323B18021300180262",1,47721.5493955715,47721.5493955715,10.7731383441586
"1483","52423323B18041062174834",1,23246.247870212,23246.247870212,10.0538990160657
"1484","52423323B18332977345719",1,205038.830610229,205038.830610229,12.2309546577942
"1485","52423323B18472828692910",1,397772.8457027,397772.8457027,12.8936363818924
"1486","52423323B18524543454126",1,2490.365342307,2490.365342307,7.82018470251394
"1487","52423323B19000754742578",1,495932.803336715,495932.803336715,13.1141957193855
"1488","52423323B1907827935694",1,1570575.41257232,1570575.41257232,14.2669526150011
"1489","52423323B20033821816181",1,21585.4734017693,21585.4734017693,9.9797758397282
"1490","52423323B21015613646613",1,457933.467876896,457933.467876896,13.0344791858998
"1491","52423323B21555121079401",1,25070.800280974,25070.800280974,10.1294591125006
"1492","52423323B22525297064489",1,36103.7509328502,36103.7509328502,10.4941520428804
"1493","52423323B23677933151668",1,1001385.05345739,1001385.05345739,13.8168946531199
"1494","52423323B24006196223482",1,190317.930396588,190317.930396588,12.1564512705828
"1495","52423323B24194597484154",1,15752.445577354,15752.445577354,9.66475090695254
"1496","52423323B24644642941407",1,210726.70121477,210726.70121477,12.2583173179842
"1497","52423323B2511363637596",1,42571.5643272022,42571.5643272022,10.6589418053212
"1498","52423323B25129931119647",1,130040.653589665,130040.653589665,11.7756024004715
"1499","52423323B25245708603821",1,45881.2421988859,45881.2421988859,10.7338116458307
"1500","52423323B25569178497638",1,87240.8076345442,87240.8076345442,11.3764274778901
"1501","52423323B25656019308328",1,66564.2663920503,66564.2663920503,11.1059231718791
"1502","52423323B26023060829136",1,159392.028463317,159392.028463317,11.9791220344473
"1503","52423323B26167875661566",1,39204.4499298096,39204.4499298096,10.5765455379534
"1504","52423323B26223057606715",1,90860.5715752169,90860.5715752169,11.417081430018
"1505","52423323B2670997782408",1,444238.372197302,444238.372197302,13.0041165716672
"1506","52423323B27696847619377",1,825477.917631023,825477.917631023,13.623717791689
"1507","52423323B27952664457255",1,188025.214653834,188025.214653834,12.1443313533179
"1508","52423323B28131645769529",1,18207.4231048279,18207.4231048279,9.80958465281405
"1509","52423323B28169903287246",1,42571.66372298,42571.66372298,10.6589441401111
"1510","52423323B28238125667725",1,22292.750242553,22292.750242553,10.0120168033605
"1511","52423323B2854744470595",1,25990.583009532,25990.583009532,10.1654895594552
"1512","52423323B29403129163195",1,236784.352730294,236784.352730294,12.3749051018117
"1513","52423323B30468560709175",1,22829.818314679,22829.818314679,10.035822781309
"1514","52423323B30528767978051",1,402663.951863955,402663.951863955,12.9058576267263
"1515","52423323B30792684212291",1,48720.6769741796,48720.6769741796,10.793858797488
"1516","52423323B30804513522660",1,38659.3930152178,38659.3930152178,10.5625450520498
"1517","52423323B30821332153735",1,23624.2001666754,23624.2001666754,10.07002689641
"1518","52423323B31228113371343",1,5068.6400604248,5068.6400604248,8.53082782794658
"1519","52423323B31235652397007",1,142899.370097483,142899.370097483,11.869895955913
"1520","52423323B31237535640697",1,38213.7520849533,38213.7520849533,10.5509507320333
"1521","52423323B31448976404541",1,598604.910935963,598604.910935963,13.3023570784031
"1522","52423323B32135121114798",1,14095.1095453455,14095.1095453455,9.55358317544746
"1523","52423323B32443521891839",1,31188.3100110889,31188.3100110889,10.347798624456
"1524","52423323B32700923685802",1,10298.9322574943,10298.9322574943,9.23979550452327
"1525","52423323B32764376391113",1,42889.0707963824,42889.0707963824,10.6663723124682
"1526","52423323B3277020886605",1,37058.8683403518,37058.8683403518,10.5202629634949
"1527","52423323B32786783590075",1,18682.8613404151,18682.8613404151,9.83536187673423
"1528","52423323B33397436463796",1,167160.461302498,167160.461302498,12.0267094762045
"1529","52423323B33690071450754",1,28239.0263784714,28239.0263784714,10.2484602143298
"1530","52423323B33793433125252",1,14681.7368203512,14681.7368203512,9.59435960718322
"1531","52423323B34984401006879",1,841960.833011412,841960.833011412,13.643488775529
"1532","52423323B36058634620210",1,13692.9628977212,13692.9628977212,9.52463732274857
"1533","52423323B36093874947415",1,98113.2205199603,98113.2205199603,11.4938774022222
"1534","52423323B36348632800300",1,21052.3776705577,21052.3776705577,9.95476878620244
"1535","52423323B36577314859832",1,146205.613575179,146205.613575179,11.8927692221077
"1536","52423323B37020317002794",1,49265.4052265031,49265.4052265031,10.8049773941668
"1537","52423323B37211265449281",1,56383.9684219836,56383.9684219836,10.9399401492429
"1538","52423323B3757307003168",1,30614.5935373179,30614.5935373179,10.3292320872379
"1539","52423323B37641528063122",1,43151.9114792347,43151.9114792347,10.6724819940063
"1540","52423323B3769936214170",1,51590.5016193768,51590.5016193768,10.8510928573815
"1541","52423323B3800654156797",1,43368.0755570521,43368.0755570521,10.6774788631692
"1542","52423323B3829311906310",1,44669.7598968858,44669.7598968858,10.70705203929
"1543","52423323B38635571773884",1,561975.657676089,561975.657676089,13.2392138141941
"1544","52423323B38780973615632",1,180167.082074881,180167.082074881,12.1016399330791
"1545","52423323B38935818871161",1,15738.5094971164,15738.5094971164,9.66386582225984
"1546","52423323B39360840436508",1,22728.7065332413,22728.7065332413,10.0313840095187
"1547","52423323B39402203079771",1,4298.0233477435,4298.0233477435,8.36591050942211
"1548","52423323B39484776896839",1,64944.3297488831,64944.3297488831,11.0812857164999
"1549","52423323B4006821929898",1,14139.185665863,14139.185665863,9.55670534697624
"1550","52423323B40146913346839",1,47008.4972291946,47008.4972291946,10.7580836564618
"1551","52423323B40320593937866",1,160690.724513628,160690.724513628,11.9872368307918
"1552","52423323B40358920448273",1,9142.91157817212,9142.91157817212,9.12073416713135
"1553","52423323B40435366156553",1,9820.24854027033,9820.24854027033,9.19220171062806
"1554","52423323B40695299315200",1,46684.4930946168,46684.4930946168,10.7511673348665
"1555","52423323B41088190294642",1,34729.3450289763,34729.3450289763,10.4553402866192
"1556","52423323B41588458909272",1,301431.580183139,301431.580183139,12.6162983379973
"1557","52423323B42234793142601",1,54525.3652550466,54525.3652550466,10.906421289902
"1558","52423323B42354579566723",1,1268430.64489333,1268430.64489333,14.0532909816299
"1559","52423323B42715000983787",1,157019.821277705,157019.821277705,11.964127326538
"1560","52423323B42777689659233",1,51748.3338470893,51748.3338470893,10.8541475144178
"1561","52423323B42930074476451",1,2255058.07372235,2255058.07372235,14.628686283901
"1562","52423323B43011596920250",1,55668.6099464201,55668.6099464201,10.9271717113386
"1563","52423323B43258201859657",1,395820.772088107,395820.772088107,12.8887167920472
"1564","52423323B43439565608947",1,47372.4227577263,47372.4227577263,10.7657955400126
"1565","52423323B43736341835391",1,23718.0891565099,23718.0891565099,10.0739932915408
"1566","52423323B44038614744637",1,1317126.01533496,1317126.01533496,14.0909626597737
"1567","52423323B44486980116087",1,46851.034321782,46851.034321782,10.7547283647288
"1568","52423323B44598433292078",1,283697.203893837,283697.203893837,12.555662764893
"1569","52423323B44709532305945",1,126849.225538478,126849.225538478,11.7507544596755
"1570","52423323B44939102873256",1,43943.7016581604,43943.7016581604,10.6906645858623
"1571","52423323B45396051816333",1,42843.839321615,42843.839321615,10.6653171405651
"1572","52423323B45605902717918",1,12321.2750937728,12321.2750937728,9.41908272960314
"1573","52423323B46103575279257",1,373504.439892176,373504.439892176,12.8306851707459
"1574","52423323B46156622998042",1,42021.2512342393,42021.2512342393,10.6459307510675
"1575","52423323B46245109709528",1,11090.9337474203,11090.9337474203,9.31388327404261
"1576","52423323B46347201261258",1,59510.0222629398,59510.0222629398,10.993900018743
"1577","52423323B47097694246075",1,166961.912144444,166961.912144444,12.0255209943954
"1578","52423323B47128133018764",1,236960.368033832,236960.368033832,12.3756481826479
"1579","52423323B48021062516164",1,17417.3408710515,17417.3408710515,9.76522159070933
"1580","52423323B49198903326940",1,45222.5334597682,45222.5334597682,10.7193507694676
"1581","52423323B49517709144014",1,169939.85414168,169939.85414168,12.0431998542641
"1582","52423323B50058154101732",1,23176.2670663619,23176.2670663619,10.0508840627847
"1583","52423323B50324071852307",1,114074.833177749,114074.833177749,11.6446099434036
"1584","52423323B50806890780295",1,37699.5964750111,37699.5964750111,10.5374046697982
"1585","52423323B50895679426840",1,51592.0303306547,51592.0303306547,10.8511224885846
"1586","52423323B51150866941712",1,5257.53174797929,5257.53174797929,8.56741694616619
"1587","52423323B51190014897639",1,91238.8631438485,91238.8631438485,11.4212362162577
"1588","52423323B51899565145561",1,58392.0416289099,58392.0416289099,10.9749348860527
"1589","52423323B51950353714831",1,157501.300637266,157501.300637266,11.9671889952281
"1590","52423323B52221590077134",1,22162.3337569743,22162.3337569743,10.006149449259
"1591","52423323B52623684418934",1,58653.8068426732,58653.8068426732,10.9794077597787
"1592","52423323B53018851624800",1,290126.777589989,290126.777589989,12.5780732705377
"1593","52423323B53542655119676",1,47984.4546030261,47984.4546030261,10.7786323749983
"1594","52423323B53838763724441",1,135321.331410319,135321.331410319,11.8154074618229
"1595","52423323B53991752457296",1,33233.0751821093,33233.0751821093,10.4113008994114
"1596","52423323B5401944400866",1,530716.082174279,530716.082174279,13.1819824720581
"1597","52423323B54966547945963",1,189043.133668709,189043.133668709,12.1497304884728
"1598","52423323B55438776297696",1,107899.983222342,107899.983222342,11.5889599957536
"1599","52423323B55507665446718",1,844409.437204701,844409.437204701,13.6463927711192
"1600","52423323B55561087422078",1,834782.54719748,834782.54719748,13.6349265473992
"1601","52423323B55664774745263",1,24063.8131692853,24063.8131692853,10.0884644628101
"1602","52423323B55832283983627",1,12591.7006037208,12591.7006037208,9.44079319366873
"1603","52423323B55997906288289",1,52976.5008185059,52976.5008185059,10.877603713429
"1604","52423323B57053352254999",1,661286.428915643,661286.428915643,13.4019423516249
"1605","52423323B57121552581282",1,40028.4397647619,40028.4397647619,10.5973454745785
"1606","52423323B57598865741188",1,12842.5528531228,12842.5528531228,9.46051937781847
"1607","52423323B5772281676312",1,18289.1801735297,18289.1801735297,9.81406491662577
"1608","52423323B57801293190236",1,32441.008881563,32441.008881563,10.3871786076706
"1609","52423323B57942162225750",1,101660.032408244,101660.032408244,11.5293895097914
"1610","52423323B58582315603742",1,18083.322995967,18083.322995967,9.80274541108284
"1611","52423323B58893245125586",1,44718.7762900829,44718.7762900829,10.7081487436371
"1612","52423323B59070607035282",1,24882.2617787298,24882.2617787298,10.1219104502265
"1613","52423323B59988568496806",1,25197.4427749738,25197.4427749738,10.1344977911668
"1614","52423323B60127042569296",1,231181.95033398,231181.95033398,12.3509603432431
"1615","52423323B60583840273125",1,13109.5293405604,13109.5293405604,9.48109467531699
"1616","52423323B61185146991898",1,1512452.74876007,1512452.74876007,14.2292432279099
"1617","52423323B61278008297409",1,100272.843410957,100272.843410957,11.5156501836601
"1618","52423323B61306663314312",1,79038.0076919729,79038.0076919729,11.2776841257778
"1619","52423323B62256411494154",1,168843.420173483,168843.420173483,12.0367270565823
"1620","52423323B62704656861756",1,69851.1875906826,69851.1875906826,11.1541223665546
"1621","52423323B63255212949591",1,83313.2292551771,83313.2292551771,11.3303626301332
"1622","52423323B63484657830280",1,55298.4862247929,55298.4862247929,10.9205008132622
"1623","52423323B63825786634762",1,11826.5213184216,11826.5213184216,9.37809985780573
"1624","52423323B64112119736585",1,56625.7715750447,56625.7715750447,10.9442194887419
"1625","52423323B64463590012985",1,29924.0681761835,29924.0681761835,10.3064183913009
"1626","52423323B64631698212491",1,313217.036033717,313217.036033717,12.654651635086
"1627","52423323B65063199058226",1,91696.0951488376,91696.0951488376,11.4262350744463
"1628","52423323B65115859299704",1,199223.704129984,199223.704129984,12.2021836136896
"1629","52423323B65626355292212",1,415564.900620904,415564.900620904,12.9373940799268
"1630","52423323B65711938596700",1,39733.6401144944,39733.6401144944,10.5899534659178
"1631","52423323B66062574427882",1,61434.6648651818,61434.6648651818,11.0257295291746
"1632","52423323B66186032617491",1,604915.178037157,604915.178037157,13.3128435255923
"1633","52423323B66250868095677",1,54875.456174019,54875.456174019,10.9128214633091
"1634","52423323B66757955193379",1,74012.6983201092,74012.6983201092,11.2119919563853
"1635","52423323B66820493102445",1,23056.4108402945,23056.4108402945,10.0456991373161
"1636","52423323B66944886224636",1,600429.723256929,600429.723256929,13.3054008832738
"1637","52423323B67077901806593",1,306997.28459619,306997.28459619,12.6345941815667
"1638","52423323B67114126748544",1,59663.3061192486,59663.3061192486,10.9964724725449
"1639","52423323B67748143135818",1,550811.617397135,550811.617397135,13.2191481374754
"1640","52423323B67874562212910",1,46406.5016002862,46406.5016002862,10.7451948490942
"1641","52423323B68232654856936",1,911652.770417225,911652.770417225,13.7230144623672
"1642","52423323B68296244508740",1,290679.515774105,290679.515774105,12.5799766188908
"1643","52423323B68557587713523",1,1613184.11960741,1613184.11960741,14.2937204979008
"1644","52423323B68904174883849",1,9734.80941785447,9734.80941785447,9.18346334060948
"1645","52423323B69111161141403",1,21500.084105606,21500.084105606,9.97581212599675
"1646","52423323B69622605067069",1,45394.0778512247,45394.0778512247,10.7231369317153
"1647","52423323B69646199912282",1,17710.7368070541,17710.7368070541,9.78192633392355
"1648","52423323B69937594660811",1,102252.707843905,102252.707843905,11.5352025561354
"1649","52423323B70191096340294",1,57008.0794884479,57008.0794884479,10.9509482821831
"1650","52423323B70359204193032",1,154227.113934686,154227.113934686,11.9461815608063
"1651","52423323B71374601240136",1,28527.6300012844,28527.6300012844,10.2586283703499
"1652","52423323B7185899041346",1,15075.2823510145,15075.2823510145,9.62081175117219
"1653","52423323B72025487819763",1,64251.2696608656,64251.2696608656,11.0705567638208
"1654","52423323B72181240507499",1,11065.7775839354,11065.7775839354,9.31161252420812
"1655","52423323B72584796071045",1,103594.356088336,103594.356088336,11.5482381294117
"1656","52423323B72611764841085",1,30348.9061895497,30348.9061895497,10.3205157559552
"1657","52423323B72643453207653",1,104999.578384256,104999.578384256,11.5617116137436
"1658","52423323B72724897935672",1,25013.6875719354,25013.6875719354,10.1271784569027
"1659","52423323B72877265814635",1,376072.565746137,376072.565746137,12.8375373977568
"1660","52423323B72880351816690",1,9794.79103961995,9794.79103961995,9.18960599677895
"1661","52423323B72947560407101",1,23159.5129366291,23159.5129366291,10.0501609010957
"1662","52423323B73732041573461",1,31621.4129944714,31621.4129944714,10.3615897964972
"1663","52423323B73755605771607",1,12215.1009351642,12215.1009351642,9.41042824687213
"1664","52423323B73822827864171",1,596664.580307607,596664.580307607,13.2991103924516
"1665","52423323B74070322698639",1,25339.1901315927,25339.1901315927,10.1401074932852
"1666","52423323B74073307510671",1,101247.865859692,101247.865859692,11.5253269068177
"1667","52423323B74278338404385",1,49968.7680370977,49968.7680370977,10.8191534499839
"1668","52423323B74589242943410",1,84577.2243469689,84577.2243469689,11.3454202935924
"1669","52423323B74682295131774",1,61907.4846086082,61907.4846086082,11.0333963658802
"1670","52423323B7471592660560",1,82228.846637528,82228.846637528,11.3172614518119
"1671","52423323B75013060921625",1,297231.843227594,297231.843227594,12.6022677301898
"1672","52423323B7621511423784",1,65479.8067207998,65479.8067207998,11.0894970797519
"1673","52423323B76219766339167",1,122758.630287266,122758.630287266,11.7179753510245
"1674","52423323B76403507103928",1,453548.527825589,453548.527825589,13.0248575501456
"1675","52423323B76509893462522",1,136189.597224085,136189.597224085,11.8218032911028
"1676","52423323B77626952716253",1,58724.2011229162,58724.2011229162,10.980607205738
"1677","52423323B7774526001257",1,54541.9581342255,54541.9581342255,10.9067255584728
"1678","52423323B77773616076355",1,43049.6905943536,43049.6905943536,10.670110322707
"1679","52423323B77822845094766",1,6980.86024199813,6980.86024199813,8.85092743200179
"1680","52423323B7787272397887",1,21942.0260949427,21942.0260949427,9.99615907664583
"1681","52423323B79096114646112",1,64408.8226398641,64408.8226398641,11.0730059002226
"1682","52423323B79106599781981",1,17824.7399356026,17824.7399356026,9.78834265530805
"1683","52423323B79437263897554",1,22866.0392097888,22866.0392097888,10.0374080848642
"1684","52423323B8015598177606",1,35311.5264391991,35311.5264391991,10.4719647176454
"1685","52423323B80508488513851",1,772466.805592487,772466.805592487,13.557344316724
"1686","52423323B80658823199099",1,60797.2303951341,60797.2303951341,11.0152995142051
"1687","52423323B8068619404186",1,28852.7566736221,28852.7566736221,10.2699608193168
"1688","52423323B81347355959648",1,8079.5612536808,8079.5612536808,8.9970928497538
"1689","52423323B81395860012193",1,7767.88035018976,7767.88035018976,8.95775260694185
"1690","52423323B8139894881456",1,37835.3456855901,37835.3456855901,10.5409990157484
"1691","52423323B82042063785598",1,470890.706548895,470890.706548895,13.0623813005281
"1692","52423323B82500281635270",1,54817.7729931679,54817.7729931679,10.9117697450471
"1693","52423323B82979522420472",1,126008.057900532,126008.057900532,11.7441011354803
"1694","52423323B83071826775288",1,951351.912764391,951351.912764391,13.7656393180456
"1695","52423323B83969208679502",1,106842.864509531,106842.864509531,11.5791144780731
"1696","52423323B84079682288186",1,15620.380301701,15620.380301701,9.65633177019723
"1697","52423323B84121936183506",1,60285.7490406421,60285.7490406421,11.0068510204662
"1698","52423323B84341860753916",1,33823.6187186299,33823.6187186299,10.4289146160967
"1699","52423323B84526796546447",1,175069.29860651,175069.29860651,12.0729371665587
"1700","52423323B84884093129235",1,13147.9343976643,13147.9343976643,9.48401994524202
"1701","52423323B85945473450778",1,156580.01279174,156580.01279174,11.9613224221565
"1702","52423323B86132788198176",1,17200.596942091,17200.596942091,9.75269936813483
"1703","52423323B8631496960035",1,146913.657145541,146913.657145541,11.8976003268368
"1704","52423323B86318670912748",1,948662.239501681,948662.239501681,13.7628081022295
"1705","52423323B86380597892697",1,584232.281255118,584232.281255118,13.2780539246072
"1706","52423323B86897144494159",1,2409812.20398117,2409812.20398117,14.6950593787714
"1707","52423323B8710872997835",1,79740.0792587382,79740.0792587382,11.2865276148995
"1708","52423323B87493021835120",1,6313.95747964084,6313.95747964084,8.75051793479701
"1709","52423323B88446663762190",1,10404.5194173109,10404.5194173109,9.24999555009271
"1710","52423323B89095979768241",1,16458.0918664953,16458.0918664953,9.70857254202487
"1711","52423323B90141807319554",1,56501.0275291556,56501.0275291556,10.9420141033259
"1712","52423323B90517976526133",1,47063.9650141659,47063.9650141659,10.7592629131768
"1713","52423323B91072384884845",1,44797.6653246274,44797.6653246274,10.7099113037556
"1714","52423323B91102328415682",1,5009.01821888927,5009.01821888927,8.51899521058184
"1715","52423323B9154242656865",1,453348.514710729,453348.514710729,13.0244164568159
"1716","52423323B91759364179792",1,1498497.87415334,1498497.87415334,14.2199737470881
"1717","52423323B92182718553781",1,25819.5889903143,25819.5889903143,10.1588887460057
"1718","52423323B92327379026195",1,25898.3865256889,25898.3865256889,10.1619359494417
"1719","52423323B92446440923992",1,34784.2615616127,34784.2615616127,10.4569203094882
"1720","52423323B92557929546558",1,64558.0852514279,64558.0852514279,11.0753206440689
"1721","52423323B92804985399484",1,322289.320278162,322289.320278162,12.6832049312885
"1722","52423323B9429339455263",1,6968.23145580292,6968.23145580292,8.84911673494435
"1723","52423323B94499029324325",1,21110.8433811596,21110.8433811596,9.95754209178092
"1724","52423323B94893090116384",1,275634.32074832,275634.32074832,12.5268303413854
"1725","52423323B95364314409049",1,48044.4011542911,48044.4011542911,10.7798808863667
"1726","52423323B96446812738870",1,7888.04645176235,7888.04645176235,8.97310378518024
"1727","52423323B9721740762179",1,129769.98641219,129769.98641219,11.7735188270244
"1728","52423323B97218068880690",1,25671.2702369031,25671.2702369031,10.153127755964
"1729","52423323B97730067298662",1,229052.983245317,229052.983245317,12.3417086236584
"1730","52423323B97779835384319",1,18523.3283400059,18523.3283400059,9.82678620803623
"1731","52423323B98554944088847",1,70717.8092836022,70717.8092836022,11.1664527195071
"1732","52423323B98576109214460",1,124250.679872846,124250.679872846,11.7300564157576
"1733","52423323B98587415300192",1,15995.0121703455,15995.0121703455,9.6800322132677
"1734","52423323B99063612255377",1,122140.27707453,122140.27707453,11.7129254752741
"1735","52423323B99860119642972",1,827744.981904981,827744.981904981,13.6264603930595
"1736","52472329B16958301240037",1,1730.50692496637,1730.50692496637,7.45616966478156
"1737","52472329B19766585583682",1,2949.99007080796,2949.99007080796,7.98955708350039
"1738","52472329B22687598135129",1,2591.77196539844,2591.77196539844,7.86009707728969
"1739","52472329B33043462803625",1,3154.49131218007,3154.49131218007,8.05658252970343
"1740","52472329B33869241417022",1,1735.55053011065,1735.55053011065,7.45907995047041
"1741","52472329B35296791475509",1,1809.21139835712,1809.21139835712,7.50064633780334
"1742","52472329B55778484611891",1,13441.2604143526,13441.2604143526,9.5060843905098
"1743","52472329B57902249562742",1,2033.06477279603,2033.06477279603,7.61729967381733
"1744","52472329B65639645183115",1,3862.96100963339,3862.96100963339,8.25918926932862
"1745","52472329B68765441097226",1,2420.86321645322,2420.86321645322,7.79187945656178
"1746","52472329B72200716330993",1,2243.51562291294,2243.51562291294,7.71579938902582
"1747","52472329B86967002358759",1,1243.96519168984,1243.96519168984,7.12605929195093
"1748","52472329B95288510107666",1,5056.40311906553,5056.40311906553,8.52841066347619
"1749","52472329B96254136738283",1,2735.97172577339,2735.97172577339,7.91424194454189
"1750","52511910B1114695065436",1,219632.513593345,219632.513593345,12.2997110359155
"1751","52511910B11437294536827",1,114502.537727128,114502.537727128,11.6483522652865
"1752","52511910B12166681712059",1,6676.27727279995,6676.27727279995,8.80631581669337
"1753","52511910B12217989868885",1,28411.0685351961,28411.0685351961,10.2545340853763
"1754","52511910B12240276172675",1,38536.9357266894,38536.9357266894,10.5593724298995
"1755","52511910B1240337598967",1,24928.6483922114,24928.6483922114,10.1237729589312
"1756","52511910B132067886793",1,20161.2181919252,20161.2181919252,9.91151614654648
"1757","52511910B13500089926277",1,22781.7197397416,22781.7197397416,10.0337137275556
"1758","52511910B1376149917055",1,24010.2704515456,24010.2704515456,10.0862369532729
"1759","52511910B14295991899678",1,29898.6626824548,29898.6626824548,10.3055690320392
"1760","52511910B1429973809191",1,15614.4747304111,15614.4747304111,9.65595363036887
"1761","52511910B14571669428725",1,7315.32244303983,7315.32244303983,8.89772639218744
"1762","52511910B14944460308189",1,18570.7698435896,18570.7698435896,9.82934410979277
"1763","52511910B14985671444346",1,136773.525218754,136773.525218754,11.8260817363387
"1764","52511910B15112316927565",1,36136.4619991045,36136.4619991045,10.4950576622622
"1765","52511910B15727969780764",1,74039.3548491802,74039.3548491802,11.2123520531052
"1766","52511910B16211515353621",1,14748.6317357825,14748.6317357825,9.59890559378939
"1767","52511910B16548233454257",1,3916.39059987495,3916.39059987495,8.27292574328169
"1768","52511910B17356876538254",1,50455.3402585854,50455.3402585854,10.828843872679
"1769","52511910B17390178466990",1,8909.75456682515,8909.75456682515,9.09490197427459
"1770","52511910B17490321584859",1,153034.646191065,153034.646191065,11.9384196204329
"1771","52511910B17517272780410",1,281732.337601201,281732.337601201,12.5487127417425
"1772","52511910B17799667237096",1,10202.3428528991,10202.3428528991,9.23037266435801
"1773","52511910B18270670997793",1,22336.694776171,22336.694776171,10.013986110745
"1774","52511910B1854707671717",1,177840.194768568,177840.194768568,12.0886406438274
"1775","52511910B19191805182315",1,132384.076338563,132384.076338563,11.7934626459059
"1776","52511910B19330386236783",1,39768.6362334723,39768.6362334723,10.5908338462754
"1777","52511910B19407638162060",1,2018.35994085227,2018.35994085227,7.61004055014826
"1778","52511910B19586040436612",1,13302.4991283679,13302.4991283679,9.49570720094659
"1779","52511910B21046020325533",1,15048.9971357637,15048.9971357637,9.61906663245935
"1780","52511910B21548483035565",1,8914.08485308592,8914.08485308592,9.09538787254196
"1781","52511910B2226983620167",1,92188.6803382317,92188.6803382317,11.4315926291033
"1782","52511910B22417450396653",1,9289.15963819309,9289.15963819309,9.13660336896415
"1783","52511910B23437445078556",1,82249.7933791955,82249.7933791955,11.3175161565174
"1784","52511910B24425392494170",1,27465.8158433094,27465.8158433094,10.2206974501711
"1785","52511910B24462040337349",1,38880.9024879267,38880.9024879267,10.568258470443
"1786","52511910B24890266463781",1,106707.439984355,106707.439984355,11.5778461629223
"1787","52511910B24911018318465",1,78651.0307099241,78651.0307099241,11.2727760134218
"1788","52511910B25870488928169",1,1490.86348820489,1490.86348820489,7.30711075336647
"1789","52511910B26321075911025",1,116560.39945329,116560.39945329,11.6661648678818
"1790","52511910B26426295483490",1,37949.8198680522,37949.8198680522,10.5440200362526
"1791","52511910B26605642536320",1,15471.2330572446,15471.2330572446,9.64673764674138
"1792","52511910B27035674370402",1,28071.018906611,28071.018906611,10.242492967472
"1793","52511910B27783301561641",1,1225.80259794065,1225.80259794065,7.11135109043318
"1794","52511910B27876515321702",1,59515.5045840118,59515.5045840118,10.9939921388322
"1795","52511910B28406755893597",1,6707.56943969056,6707.56943969056,8.81099193479044
"1796","52511910B28476693424992",1,67714.7740189819,67714.7740189819,11.1230596628467
"1797","52511910B28710323112279",1,8562.69499070707,8562.69499070707,9.05517025494851
"1798","52511910B30663215399885",1,73284.9849474788,73284.9849474788,11.2021110230644
"1799","52511910B30715783231624",1,32407.1139565109,32407.1139565109,10.3861332442382
"1800","52511910B3092467574862",1,37128.1070982454,37128.1070982454,10.522129565485
"1801","52511910B30977236715140",1,111128.909905211,111128.909905211,11.618446156946
"1802","52511910B31003231188752",1,20376.1086712708,20376.1086712708,9.92211834994262
"1803","52511910B3118715998086",1,4413.38255952185,4413.38255952185,8.39239669473089
"1804","52511910B31268860247424",1,114487.180169468,114487.180169468,11.6482181321226
"1805","52511910B31717620625581",1,23035.4308050301,23035.4308050301,10.0447887793888
"1806","52511910B3173449865557",1,25434.2261078954,25434.2261078954,10.1438510305268
"1807","52511910B31970606922462",1,27820.6944698831,27820.6944698831,10.2335354281379
"1808","52511910B32484376841800",1,3946.71006705055,3946.71006705055,8.28063761642831
"1809","52511910B32855735947523",1,21764.8959326416,21764.8959326416,9.98805367256636
"1810","52511910B34768840903386",1,81379.4459645845,81379.4459645845,11.3068780135279
"1811","52511910B35262105049161",1,42751.5901040768,42751.5901040768,10.6631616690902
"1812","52511910B3549258104854",1,17232.004644815,17232.004644815,9.75452366894204
"1813","52511910B3606287647189",1,17781.5793078853,17781.5793078853,9.78591833008862
"1814","52511910B37391519791178",1,34986.5033602229,34986.5033602229,10.4627176478224
"1815","52511910B37639564414460",1,41513.1841007143,41513.1841007143,10.6337663449401
"1816","52511910B38320737099141",1,8573.75416723305,8573.75416723305,9.05646097485896
"1817","52511910B38482668702502",1,226607.709469031,226607.709469031,12.3309756493672
"1818","52511910B398222474379",1,2276.46906488223,2276.46906488223,7.73038086578825
"1819","52511910B3988585053627",1,1157.0736468611,1157.0736468611,7.05364937846184
"1820","52511910B39925062868722",1,28540.2767391639,28540.2767391639,10.2590715875207
"1821","52511910B4018321552262",1,19933.7140270044,19933.7140270044,9.90016774943294
"1822","52511910B4023851996912",1,11092.9093145366,11092.9093145366,9.31406138268826
"1823","52511910B40379944508344",1,17561.8835924328,17561.8835924328,9.77348612752039
"1824","52511910B40762326804108",1,15318.6103471385,15318.6103471385,9.636823730769
"1825","52511910B40932238962124",1,1854.82213562294,1854.82213562294,7.52554408668318
"1826","52511910B41349980343036",1,40184.0166259996,40184.0166259996,10.6012245991766
"1827","52511910B41569626445575",1,42117.2528113651,42117.2528113651,10.6482127412187
"1828","52511910B41847670787440",1,1171.781407431,1171.781407431,7.06628044031046
"1829","52511910B41918855057041",1,46680.7723384679,46680.7723384679,10.7510876316464
"1830","52511910B42295955196197",1,26994.1895245998,26994.1895245998,10.2033769190344
"1831","52511910B42739382471676",1,62542.9671417217,62542.9671417217,11.0436090737899
"1832","52511910B43288181316884",1,54035.5103564943,54035.5103564943,10.8973967086171
"1833","52511910B43412485397625",1,48915.1352663859,48915.1352663859,10.7978421422232
"1834","52511910B43880613502989",1,25338.0295829747,25338.0295829747,10.1400616916952
"1835","52511910B44183742195819",1,196470.24997351,196470.24997351,12.1882662992035
"1836","52511910B44653158831279",1,70315.6306063341,70315.6306063341,11.1607493945687
"1837","52511910B45067846009416",1,320930.039695278,320930.039695278,12.6789784334842
"1838","52511910B45111644423638",1,220576.28491472,220576.28491472,12.3039988773696
"1839","52511910B45186727587827",1,147150.495439305,147150.495439305,11.8992111205557
"1840","52511910B45758904415578",1,45424.0918696706,45424.0918696706,10.7237979012026
"1841","52511910B46875128491",1,148822.049262595,148822.049262595,11.9105065709317
"1842","52511910B47006759189229",1,44379.8599097285,44379.8599097285,10.7005410398734
"1843","52511910B47108576517123",1,27499.7876956315,27499.7876956315,10.221933563466
"1844","52511910B47244734334087",1,5546.47309847272,5546.47309847272,8.62091752698625
"1845","52511910B47928826922149",1,1364.96384554069,1364.96384554069,7.2188832204849
"1846","52511910B4802898208422",1,22641.5475920016,22641.5475920016,10.0275418865181
"1847","52511910B4874504546565",1,239951.285318898,239951.285318898,12.3881912038834
"1848","52511910B49192689587509",1,8358.04540400786,8358.04540400786,9.03097987539414
"1849","52511910B49397347460294",1,18884.937359764,18884.937359764,9.84611991821037
"1850","52511910B4946947315760",1,87353.2778213609,87353.2778213609,11.3777158400025
"1851","52511910B49492134849249",1,69504.2316526242,69504.2316526242,11.1491429167875
"1852","52511910B4969786063416",1,10524.2291627354,10524.2291627354,9.26143541717352
"1853","52511910B49699122775209",1,12854.7059918717,12854.7059918717,9.46146524832772
"1854","52511910B49735999236113",1,7965.1571446679,7965.1571446679,8.98283195154914
"1855","52511910B50234287801955",1,23429.0191936355,23429.0191936355,10.0617306694919
"1856","52511910B51634678228857",1,162253.62617963,162253.62617963,11.9969159836518
"1857","52511910B51671938708352",1,5453.59958736653,5453.59958736653,8.60403114438599
"1858","52511910B5173446134858",1,32539.1691281569,32539.1691281569,10.3901998465858
"1859","52511910B52040400722593",1,40470.111298017,40470.111298017,10.6083189880025
"1860","52511910B52167757698823",1,29131.6456735652,29131.6456735652,10.2795803424726
"1861","52511910B52234359951443",1,43566.4305411704,43566.4305411704,10.6820421910635
"1862","52511910B52477730632252",1,22664.6441320945,22664.6441320945,10.0285614620425
"1863","52511910B53055897182204",1,14074.3173777561,14074.3173777561,9.5521069529157
"1864","52511910B53659520741831",1,52900.5482931975,52900.5482931975,10.8761689825034
"1865","52511910B54123288304078",1,24314.6782653346,24314.6782653346,10.0988354908085
"1866","52511910B54132966107148",1,54313.3238968561,54313.3238968561,10.9025248514551
"1867","52511910B54429610497624",1,162817.295076168,162817.295076168,12.0003839620196
"1868","52511910B54492038659997",1,25827.8766749384,25827.8766749384,10.1592096788758
"1869","52511910B54544949915679",1,109461.83211986,109461.83211986,11.6033312023603
"1870","52511910B55440888068193",1,4451.99389938016,4451.99389938016,8.40110734208456
"1871","52511910B55503333028627",1,28695.5164360777,28695.5164360777,10.2644961678044
"1872","52511910B55551570232595",1,49980.945838002,49980.945838002,10.8193971285397
"1873","52511910B55567443002533",1,6145.91093583655,6145.91093583655,8.72354225118233
"1874","52511910B55591891530874",1,10388.0298453986,10388.0298453986,9.24840944584345
"1875","52511910B558444185686",1,74905.2591593502,74905.2591593502,11.223979382786
"1876","52511910B56209015841977",1,144873.90043344,144873.90043344,11.8836189908527
"1877","52511910B57885575775117",1,181116.667352293,181116.667352293,12.1068966736084
"1878","52511910B5845387986633",1,7891.59838594246,7891.59838594246,8.97355397709224
"1879","52511910B58943778362560",1,12933.8552655689,12933.8552655689,9.46760359171421
"1880","52511910B59176200579981",1,22909.1984752323,22909.1984752323,10.0392937890316
"1881","52511910B59203276225690",1,5250.26432056879,5250.26432056879,8.56603370109332
"1882","52511910B59245920767717",1,9952.66635836845,9952.66635836845,9.20559576996898
"1883","52511910B59360103371589",1,8310.67245205143,8310.67245205143,9.02529580540006
"1884","52511910B59553354826271",1,9686.47360067915,9686.47360067915,9.17848571715077
"1885","52511910B59671861776280",1,9777.36093293341,9777.36093293341,9.18782488335628
"1886","52511910B59824272814460",1,64387.8877946174,64387.8877946174,11.0726808166803
"1887","52511910B60061263127196",1,26105.308153035,26105.308153035,10.1698939501433
"1888","52511910B61192023784720",1,14299.6908581042,14299.6908581042,9.56799319769993
"1889","52511910B61439489120441",1,61264.468194779,61264.468194779,11.0229553159375
"1890","52511910B61676244874246",1,19206.6461241668,19206.6461241668,9.86301165041934
"1891","52511910B61790844495814",1,22302.2589980263,22302.2589980263,10.0124432526776
"1892","52511910B62562257240113",1,117949.665323252,117949.665323252,11.6780132473859
"1893","52511910B63745543652662",1,49913.7881934147,49913.7881934147,10.8180525600725
"1894","52511910B648094459248",1,49708.7658613249,49708.7658613249,10.8139365720118
"1895","52511910B65003852157868",1,12132.2392945706,12132.2392945706,9.40362159286145
"1896","52511910B65196754917234",1,59989.3008152001,59989.3008152001,11.0019215055567
"1897","52511910B65674101735888",1,25493.7341639251,25493.7341639251,10.1461879818909
"1898","52511910B65736953470193",1,13918.4406642875,13918.4406642875,9.54096990636985
"1899","52511910B66300742055958",1,9196.85610639036,9196.85610639036,9.1266169770687
"1900","52511910B66393591343605",1,23492.8257977962,23492.8257977962,10.0644503683231
"1901","52511910B66525116512935",1,27017.5269937828,27017.5269937828,10.204241082299
"1902","52511910B66692058551395",1,74159.868950748,74159.868950748,11.2139784331231
"1903","52511910B67072521171420",1,3880.07968512138,3880.07968512138,8.26361096980885
"1904","52511910B67244265985329",1,42306.6302605337,42306.6302605337,10.6526990964992
"1905","52511910B67503722299641",1,123328.656534167,123328.656534167,11.7226080752401
"1906","52511910B67569609565838",1,84837.3694838441,84837.3694838441,11.3484914025855
"1907","52511910B67622492960002",1,23361.0505656896,23361.0505656896,10.0588254087772
"1908","52511910B68145786967648",1,74228.923223251,74228.923223251,11.2149091540553
"1909","52511910B68305869820707",1,37938.9749754083,37938.9749754083,10.5437342261343
"1910","52511910B68600157990452",1,12021.4270083921,12021.4270083921,9.39444592054277
"1911","52511910B69050472249631",1,16150.4448594358,16150.4448594358,9.68970287374733
"1912","52511910B69477070610060",1,4037.29624837617,4037.29624837617,8.30333050145905
"1913","52511910B70153095650041",1,3512.62551573467,3512.62551573467,8.16411904702055
"1914","52511910B70456030054544",1,1369.07647830201,1369.07647830201,7.2218916880831
"1915","52511910B70473175587181",1,4195.29799229027,4195.29799229027,8.34171965148934
"1916","52511910B71538284073489",1,3651.9554771657,3651.9554771657,8.20301805028394
"1917","52511910B71690687423925",1,16442.837583516,16442.837583516,9.70764525611974
"1918","52511910B73336698759549",1,32744.6580136217,32744.6580136217,10.396495113671
"1919","52511910B76622709081814",1,1920.03778932501,1920.03778932501,7.56010014676825
"1920","52511910B76643025216805",1,222381.354699349,222381.354699349,12.3121490010606
"1921","52511910B76864499188928",1,4338.82230389915,4338.82230389915,8.37535823172147
"1922","52511910B77588417233313",1,31583.1084072979,31583.1084072979,10.3603777125825
"1923","52511910B78140930961679",1,2559.2076476752,2559.2076476752,7.84745297693781
"1924","52511910B78362812420952",1,194286.382203201,194286.382203201,12.1770885464616
"1925","52511910B78382154896940",1,1628.96429833924,1628.96429833924,7.39569969205693
"1926","52511910B7838707993704",1,22195.9939258978,22195.9939258978,10.0076670977882
"1927","52511910B78624558885304",1,60555.1211104834,60555.1211104834,11.0113093219611
"1928","52511910B79023193352255",1,33549.3719414613,33549.3719414613,10.4207734221489
"1929","52511910B79351211043156",1,89010.4966806142,89010.4966806142,11.3965095819915
"1930","52511910B79904820365756",1,35165.0527092522,35165.0527092522,10.4678080476533
"1931","52511910B79940153361499",1,15973.2413099717,15973.2413099717,9.67867018304275
"1932","52511910B80020209032330",1,45541.6945160113,45541.6945160113,10.7263835483241
"1933","52511910B80553421723016",1,90725.9401153424,90725.9401153424,11.4155985942799
"1934","52511910B80613047181881",1,14100.5635459011,14100.5635459011,9.55397004336197
"1935","52511910B80624224978544",1,13753.3351039011,13753.3351039011,9.52903662669448
"1936","52511910B81270804246754",1,32133.583174438,32133.583174438,10.3776569670384
"1937","52511910B81672195550340",1,104915.957757839,104915.957757839,11.5609149063404
"1938","52511910B81868017791126",1,12949.0854709566,12949.0854709566,9.46878044463062
"1939","52511910B82181877276071",1,21132.9210873738,21132.9210873738,9.95858734466034
"1940","52511910B82353065981408",1,8824.22696160653,8824.22696160653,9.08525628154618
"1941","52511910B82588790657213",1,11006.056384492,11006.056384492,9.30620098067509
"1942","52511910B83187520966287",1,77831.3411719075,77831.3411719075,11.2622994718737
"1943","52511910B83654747413473",1,71943.9132777629,71943.9132777629,11.1836421121806
"1944","52511910B8366046265197",1,1216.92165205717,1216.92165205717,7.10407971298352
"1945","52511910B83755823779571",1,27286.1176900499,27286.1176900499,10.2141333423163
"1946","52511910B84254778922177",1,2881.30754594223,2881.30754594223,7.9659994791068
"1947","52511910B85663060935330",1,41968.4424794347,41968.4424794347,10.6446732453087
"1948","52511910B86399036189677",1,20684.127963072,20684.127963072,9.93712192006979
"1949","52511910B8640641883305",1,12151.5985587992,12151.5985587992,9.40521600873975
"1950","52511910B86463604693023",1,23212.1826819472,23212.1826819472,10.0524325354306
"1951","52511910B86635109020715",1,9140.28182953025,9140.28182953025,9.12044649871354
"1952","52511910B86664130512952",1,3905.99128559789,3905.99128559789,8.27026688040441
"1953","52511910B86901151057582",1,34594.1886917271,34594.1886917271,10.451440990053
"1954","52511910B8694284014765",1,21966.6889166166,21966.6889166166,9.99728244471803
"1955","52511910B87526029786391",1,12988.3752192213,12988.3752192213,9.47181002248986
"1956","52511910B87738681480797",1,2286.80137190662,2286.80137190662,7.73490933931382
"1957","52511910B88737921309662",1,267051.994608923,267051.994608923,12.4951986547867
"1958","52511910B89393531563013",1,123327.879776661,123327.879776661,11.7226017769476
"1959","52511910B89557374460695",1,2417.26117280961,2417.26117280961,7.79039043146885
"1960","52511910B90052363141845",1,8603.5343535133,8603.5343535133,9.05992836915476
"1961","52511910B9027234137610",1,20628.2404402628,20628.2404402628,9.93441631111721
"1962","52511910B9049907467318",1,2674.36381765699,2674.36381765699,7.89146680587026
"1963","52511910B90712224530022",1,77453.7360066417,77453.7360066417,11.25743608234
"1964","52511910B90795941917739",1,8000.07603704716,8000.07603704716,8.9872063252477
"1965","52511910B91175598455743",1,16453.3786449605,16453.3786449605,9.70828612385553
"1966","52511910B91354507826004",1,186550.268851267,186550.268851267,12.1364560198236
"1967","52511910B92188863099631",1,65281.3035634987,65281.3035634987,11.0864609582422
"1968","52511910B92709587856848",1,42548.2734191904,42548.2734191904,10.6583945554859
"1969","52511910B92990516943265",1,67698.9269227993,67698.9269227993,11.1228256082991
"1970","52511910B93540688501820",1,42941.6829394972,42941.6829394972,10.6675982634802
"1971","52511910B93844416805291",1,33638.1224061536,33638.1224061536,10.4234152982056
"1972","52511910B93975188491166",1,7984.23979313674,7984.23979313674,8.9852248517508
"1973","52511910B94067910328765",1,29380.8004396345,29380.8004396345,10.2880966937282
"1974","52511910B94409074074623",1,11288.0910069308,11288.0910069308,9.33150355577255
"1975","52511910B94488542881377",1,39542.9254729187,39542.9254729187,10.585142081669
"1976","52511910B94627775761425",1,34233.5709016478,34233.5709016478,10.4409620469026
"1977","52511910B95098417504855",1,24935.6228740139,24935.6228740139,10.1240526975765
"1978","52511910B95398494564210",1,21582.3546854488,21582.3546854488,9.97963134710653
"1979","52511910B95850947838113",1,37149.6263451458,37149.6263451458,10.5227089920912
"1980","52511910B95876228816034",1,16952.9501953808,16952.9501953808,9.73819715048799
"1981","52511910B95956240331763",1,76123.035098905,76123.035098905,11.2401061931704
"1982","52511910B9639721186799",1,18313.4603067572,18313.4603067572,9.81539160434393
"1983","52511910B96811995525646",1,6479.00188012695,6479.00188012695,8.77632174663774
"1984","52511910B97060806511909",1,15289.9013539366,15289.9013539366,9.63494784723039
"1985","52511910B97258167764484",1,162756.521303945,162756.521303945,12.0000106287239
"1986","52511910B97596648855860",1,12970.9024500024,12970.9024500024,9.47046385468965
"1987","52511910B98966812491458",1,10700.5706913469,10700.5706913469,9.2780523546676
"1988","52511910B99182661436347",1,11716.6041381071,11716.6041381071,9.36876227183729
"1989","52511910B99479800826846",1,21992.9558807527,21992.9558807527,9.99847749383106
"1990","52511910B99923381863543",1,295856.108639638,295856.108639638,12.5976284956511
"1991","57096268B14042132739921",1,114156.468829171,114156.468829171,11.6453253199026
"1992","57096268B27125670128287",1,144649.769749639,144649.769749639,11.8820707186273
"1993","57096268B61339172511637",1,341535.532485201,341535.532485201,12.7412070008533
"1994","57096268B62174897776861",1,335687.561113841,335687.561113841,12.7239361287036
"1995","60546857B58137007114713",1,19267.6224774876,19267.6224774876,9.86618137432002
"1996","60546857B66409496078336",1,6738.80696492038,6738.80696492038,8.81563818006651
"1997","60546857B73903219259632",1,13761.4751586719,13761.4751586719,9.52962831203998
"1998","74100532B19516932260818",1,7004.11875789686,7004.11875789686,8.85425364898685
"1999","74100532B3675352926720",1,4370.65660788661,4370.65660788661,8.38266853032367
"2000","74100532B52002127383103",1,3238.26631166166,3238.26631166166,8.08279337658186
"2001","74100532B54294973205276",1,NA,NA,NA
"2002","74100532B54588500691901",1,51030.695947094,51030.695947094,10.8401826119641
"2003","74100532B56248932917605",1,3156.33394690515,3156.33394690515,8.05716648970923
"2004","74100532B88993889644511",1,8348.49788673181,8348.49788673181,9.0298369078575
"2005","74100532B93709990123087",1,8973.07076745297,8973.07076745297,9.10198323397742
"2006","76128533B11403491783632",1,1117675.46852948,1117675.46852948,13.926761611962
"2007","76128533B16889790752134",1,755123.313736558,755123.313736558,13.5346363443468
"2008","76128533B19545859035458",1,1409704.02460756,1409704.02460756,14.158890328694
"2009","76128533B29873478326363",1,1133628.40988439,1133628.40988439,13.9409340286928
"2010","76128533B51799781997546",1,537225.065741509,537225.065741509,13.1941724025231
"2011","76128533B61321395333865",1,2750024.30444032,2750024.30444032,14.827120307582
"2012","76128533B62624361588317",1,156468.027305017,156468.027305017,11.9606069697201
"2013","76128533B63176236753619",1,1062425.69825699,1062425.69825699,13.8760652462832
"2014","76128533B83644689337946",1,3316992.98901136,3316992.98901136,15.0145692042735
"2015","76128533B86430586962522",1,2075167.49832011,2075167.49832011,14.5455524304711
"2016","76128533B89575258858457",1,2674101.16332702,2674101.16332702,14.7991238681375
"2017","77236927B15473640252363",2,1048.51516376773,2097.03032753546,7.64827749314138
"2018","77236927B16755152791685",1,3178.13695480912,3178.13695480912,8.06405044082171
"2019","77236927B17135940935596",1,5442.83792315283,5442.83792315283,8.60205588087397
"2020","77236927B19394632379581",2,7563.19131595557,15126.3826319111,9.62419569240114
"2021","77236927B20475273490027",1,1462.7815075494,1462.7815075494,7.28809504437784
"2022","77236927B21234024058134",1,1551.31776715498,1551.31776715498,7.34686002107953
"2023","77236927B24909731902413",2,4795.43041705198,9590.86083410396,9.168565927572
"2024","77236927B27814537301823",1,4447.38983413859,4447.38983413859,8.40007264894396
"2025","77236927B32680405740537",1,NA,NA,NA
"2026","77236927B36499931511312",1,3798.58912040492,3798.58912040492,8.2423849926675
"2027","77236927B39670792397739",1,43229.3342482999,43229.3342482999,10.6742745773187
"2028","77236927B40431360126678",2,4399.00098457783,8798.00196915566,9.0822799257272
"2029","77236927B4251587034950",1,2728.68143468142,2728.68143468142,7.91157378054211
"2030","77236927B47218530990891",2,1250.67511901504,2501.35023803008,7.8245859602694
"2031","77236927B59461179812420",1,3466.54630159329,3466.54630159329,8.15091407516433
"2032","77236927B63418931336998",1,579.033066062718,579.033066062718,6.36135958485895
"2033","77236927B65524271778963",1,476.842700623512,476.842700623512,6.16718666841801
"2034","77236927B67175476765241",1,921.105182945892,921.105182945892,6.82557423488737
"2035","77236927B67758893467366",2,7484.1653396279,14968.3306792558,9.6136919601241
"2036","77236927B68296465422624",1,1389.67320915878,1389.67320915878,7.23682389715947
"2037","77236927B7031422019545",2,4526.85819526382,9053.71639052764,9.110930603287
"2038","77236927B71259350499613",1,1292.16334573099,1292.16334573099,7.16407310493548
"2039","77236927B73770222811595",1,2007.86376384952,2007.86376384952,7.60482663182144
"2040","77236927B82266009819224",1,1107.32122037908,1107.32122037908,7.00969906259438
"2041","77236927B83961897513760",1,1042.27784399602,1042.27784399602,6.94916383167968
"2042","77236927B89058038610930",2,625.906455240607,1251.81291048121,7.1323481079709
"2043","77236927B93199120734028",1,4208.22278507729,4208.22278507729,8.34479569623789
"2044","77236927B97442931027551",1,1551.01526540393,1551.01526540393,7.34666500542593
"2045","77236927B97444346691075",2,361.244521380067,722.489042760134,6.58270225414167
"2046","79465075B26662084929959",1,23970.4243003532,23970.4243003532,10.0845760285798
"2047","811477B14604882174662",1,37012.9153545085,37012.9153545085,10.5190221943532
"2048","811477B2528613177772",1,85275.3882778419,85275.3882778419,11.35364116052
"2049","811477B25825438233887",1,261709.112553028,261709.112553028,12.4749889085197
"2050","81297802B10167820950608",1,69347.5654773904,69347.5654773904,11.1468863202586
"2051","81297802B12405297659236",2,213315.400654605,426630.80130921,12.963674284263
"2052","81297802B13645799597087",1,62519.5505590692,62519.5505590692,11.0432345957551
"2053","81297802B14141540631295",1,122608.002837357,122608.002837357,11.7167475763519
"2054","81297802B1435628045096",1,45593.1965486548,45593.1965486548,10.7275137858769
"2055","81297802B17638458778811",1,107330.410218601,107330.410218601,11.5836673014994
"2056","81297802B18343005733844",1,151221.082373684,151221.082373684,11.926498166696
"2057","81297802B18420716282175",1,19262.0849535907,19262.0849535907,9.86589393253527
"2058","81297802B19362557849536",1,115023.26074286,115023.26074286,11.6528896542213
"2059","81297802B19798201223775",1,128045.041920792,128045.041920792,11.7601373710092
"2060","81297802B21506651579478",1,97190.0941282206,97190.0941282206,11.484424072994
"2061","81297802B21956500009646",1,114668.150367161,114668.150367161,11.6497975868522
"2062","81297802B22471082550929",1,84554.9064030612,84554.9064030612,11.3451563822476
"2063","81297802B23156291808671",1,39837.3889618976,39837.3889618976,10.5925611714458
"2064","81297802B23821385944469",1,181350.40056244,181350.40056244,12.1081863534896
"2065","81297802B23878626253121",1,203084.18235151,203084.18235151,12.22137586345
"2066","81297802B24165490506756",1,88010.1551091815,88010.1551091815,11.3852074857704
"2067","81297802B25831565259333",1,201157.355262025,201157.355262025,12.2118427427647
"2068","81297802B26729031323268",1,89602.5286954431,89602.5286954431,11.4031388206121
"2069","81297802B28152038240632",1,159717.923397909,159717.923397909,11.9811645595769
"2070","81297802B28789600266311",2,225115.5715035,450231.143007,13.0175163809996
"2071","81297802B29202402001629",1,131503.074563133,131503.074563133,11.7867855110349
"2072","81297802B29420287983322",1,127179.883873645,127179.883873645,11.7533577717344
"2073","81297802B29506934186430",1,100676.113827255,100676.113827255,11.5196638492517
"2074","81297802B30186135932553",1,159836.02955517,159836.02955517,11.9819037534536
"2075","81297802B31270346353021",1,159934.019563741,159934.019563741,11.9825166314383
"2076","81297802B31840185218616",1,118262.546086667,118262.546086667,11.6806623987107
"2077","81297802B3249391660958",1,158622.752557987,158622.752557987,11.9742840366452
"2078","81297802B33082020704537",1,99934.5031451365,99934.5031451365,11.512270281836
"2079","81297802B33733008951227",1,220218.92360252,220218.92360252,12.3023774378276
"2080","81297802B35079403712963",1,112885.36175238,112885.36175238,11.6341280849768
"2081","81297802B3696641207460",1,123624.759177324,123624.759177324,11.7250061209136
"2082","81297802B37279419107484",1,115310.764518309,115310.764518309,11.655386062856
"2083","81297802B38321972927223",1,203943.794880092,203943.794880092,12.2255997195714
"2084","81297802B38356347526872",1,138453.268097363,138453.268097363,11.838288133213
"2085","81297802B3855346019179",1,143273.15305978,143273.15305978,11.8725082484611
"2086","81297802B38910067880652",1,153160.573456252,153160.573456252,11.9392421497488
"2087","81297802B3906213091507",1,209125.377189036,209125.377189036,12.250689241941
"2088","81297802B40676303665635",1,223256.360520036,223256.360520036,12.3160759889042
"2089","81297802B40785510400399",1,77455.8729607952,77455.8729607952,11.2574636720314
"2090","81297802B40834484476285",2,NA,NA,NA
"2091","81297802B41688796411548",1,111663.295595231,111663.295595231,11.623243332984
"2092","81297802B42641748496229",1,107788.346624713,107788.346624713,11.587924829802
"2093","81297802B42689754920120",1,99281.5841492887,99281.5841492887,11.50571537613
"2094","81297802B42785936874032",1,257108.804123102,257108.804123102,12.4572546366315
"2095","81297802B43959874007568",1,66390.1799142517,66390.1799142517,11.1033044316696
"2096","81297802B46977673973725",1,306389.831224753,306389.831224753,12.6326135283891
"2097","81297802B47692200365960",1,146873.064745233,146873.064745233,11.8973239875911
"2098","81297802B48433290328639",1,266381.749591527,266381.749591527,12.4926857077623
"2099","81297802B53592665760601",1,54372.151105734,54372.151105734,10.9036073735606
"2100","81297802B53696601888295",1,38928.1740108976,38928.1740108976,10.5694735350836
"2101","81297802B53771614429572",1,94730.5890031667,94730.5890031667,11.458792236555
"2102","81297802B54089788823696",1,242769.677963098,242769.677963098,12.399868445538
"2103","81297802B55266176914642",1,180765.364415206,180765.364415206,12.1049551400887
"2104","81297802B55451481919262",1,74087.1528543933,74087.1528543933,11.2129974204687
"2105","81297802B55456276640785",2,74567.948070488,149135.896140976,11.9126132238959
"2106","81297802B5641238333098",1,186900.456653581,186900.456653581,12.138331436745
"2107","81297802B56696175700764",1,107983.271121383,107983.271121383,11.5897315970843
"2108","81297802B57234015442712",1,187843.943175489,187843.943175489,12.1433668076049
"2109","81297802B5756602808944",1,9516.49871497369,9516.49871497369,9.16078227809643
"2110","81297802B58266448529829",1,351183.769349179,351183.769349179,12.769064924838
"2111","81297802B59998896925567",1,184599.192607095,184599.192607095,12.1259422272986
"2112","81297802B60728672974675",1,228475.000086416,228475.000086416,12.3391820745186
"2113","81297802B61782089337393",1,214444.770748098,214444.770748098,12.2758075051669
"2114","81297802B62167717430855",1,54489.1232137014,54489.1232137014,10.9057563866733
"2115","81297802B62704406726497",1,157378.851946343,157378.851946343,11.9664112472749
"2116","81297802B62924474209473",1,149823.646922372,149823.646922372,11.9172141942319
"2117","81297802B63234506717185",1,252496.092998624,252496.092998624,12.4391510543051
"2118","81297802B63499365755438",1,85923.1152402127,85923.1152402127,11.3612081665367
"2119","81297802B63925273406451",1,178029.559841262,178029.559841262,12.0897048820106
"2120","81297802B63935781650096",1,418753.619143542,418753.619143542,12.9450380048149
"2121","81297802B64676269296055",1,243713.407628902,243713.407628902,12.4037482550425
"2122","81297802B65658789050233",1,131720.211799408,131720.211799408,11.7884353444408
"2123","81297802B66022953489908",1,220883.129478661,220883.129478661,12.3053890147338
"2124","81297802B66276855595229",1,43388.7902849392,43388.7902849392,10.6779563983609
"2125","81297802B67689154766571",1,121686.543553156,121686.543553156,11.7092037022226
"2126","81297802B68427461655945",1,248146.625026203,248146.625026203,12.4217750803839
"2127","81297802B69083052749589",1,159686.077374868,159686.077374868,11.9809651505334
"2128","81297802B69562638547328",1,103227.449664558,103227.449664558,11.5446900817835
"2129","81297802B70010606578992",1,147880.595616312,147880.595616312,11.9041604407427
"2130","81297802B70315889029707",1,291491.798652313,291491.798652313,12.5827671493934
"2131","81297802B71504358310710",1,181254.822462902,181254.822462902,12.1076591790548
"2132","81297802B72919536287172",1,29087.4790170575,29087.4790170575,10.2780630862371
"2133","81297802B74485828948407",1,138954.069427329,138954.069427329,11.8418987217323
"2134","81297802B75512670100174",1,146737.6763432,146737.6763432,11.8964017569457
"2135","81297802B76384767601248",1,3640.02712240313,3640.02712240313,8.19974641181268
"2136","81297802B77309747732529",1,156784.176311733,156784.176311733,11.9626254654268
"2137","81297802B7752291855220",1,46281.4810656654,46281.4810656654,10.7424971830787
"2138","81297802B77847273364040",1,150457.003664449,150457.003664449,11.9214326324167
"2139","81297802B78295235973409",1,241944.60801867,241944.60801867,12.3964640864541
"2140","81297802B7902592700170",1,120624.975687049,120624.975687049,11.7004416370831
"2141","81297802B81208073820584",1,193362.862988646,193362.862988646,12.1723238217874
"2142","81297802B81471151736005",1,85874.1700785449,85874.1700785449,11.3606383651815
"2143","81297802B82663613485319",1,216798.419602561,216798.419602561,12.286723258865
"2144","81297802B83094530275497",1,118170.018908821,118170.018908821,11.6798797046468
"2145","81297802B83594447255",1,109401.847983051,109401.847983051,11.6027830608114
"2146","81297802B85054848055124",2,189618.574517244,379237.149034488,12.8459170114277
"2147","81297802B85279913761146",1,120066.310257968,120066.310257968,11.6957994546281
"2148","81297802B85505749224324",1,78272.9218320825,78272.9218320825,11.267956996268
"2149","81297802B85581314164043",1,129938.664240805,129938.664240805,11.7748178045664
"2150","81297802B85934029741785",1,33959.6996897194,33959.6996897194,10.4329297973273
"2151","81297802B85996690558528",1,139552.46372503,139552.46372503,11.8461958935921
"2152","81297802B86407395704878",1,293226.683590789,293226.683590789,12.5887012530078
"2153","81297802B86878375688696",1,246208.973736374,246208.973736374,12.4139359410381
"2154","81297802B89235073975729",1,54385.6755424768,54385.6755424768,10.9038560809361
"2155","81297802B90742047749751",1,429590.014647405,429590.014647405,12.9705865785347
"2156","81297802B92281690814663",1,248854.014777882,248854.014777882,12.4246217174814
"2157","81297802B93646092032264",1,82718.9724104734,82718.9724104734,11.3232042671611
"2158","81297802B93912769577432",1,215817.846023734,215817.846023734,12.2821900254386
"2159","81297802B94506734482800",1,186196.814896834,186196.814896834,12.1345595378616
"2160","81297802B94679881937971",1,80907.6042981843,80907.6042981843,11.3010630948985
"2161","81297802B95607767906649",1,49942.106549399,49942.106549399,10.8186197445501
"2162","81297802B95629282135268",1,223620.857655367,223620.857655367,12.317707297019
"2163","81297802B98282177960136",1,155590.243966067,155590.243966067,11.9549811893139
"2164","81297802B99638089462809",1,128442.31572725,128442.31572725,11.7632351776832
"2165","81297802B99897160628736",2,223716.113998221,447432.227996442,13.01128035941
"2166","82179303B10804861284408",1,48138.3263625947,48138.3263625947,10.7818339446877
"2167","82179303B11143169061479",1,337606.191986031,337606.191986031,12.7296353827266
"2168","82179303B11827018498152",1,110373.862102091,110373.862102091,11.6116286284723
"2169","82179303B13009461499859",1,298959.300936441,298959.300936441,12.6080627258386
"2170","82179303B13626815484241",1,215840.419193073,215840.419193073,12.282294613587
"2171","82179303B17598108149664",1,110713.282159141,110713.282159141,11.61469909487
"2172","82179303B2030756807209",1,119953.956253828,119953.956253828,11.6948632502485
"2173","82179303B20654085451729",1,205637.392562545,205637.392562545,12.2338696664671
"2174","82179303B20796163774072",1,100122.672428753,100122.672428753,11.5141514374463
"2175","82179303B23970649452661",1,29059.6160836391,29059.6160836391,10.2771047258752
"2176","82179303B23985566152661",1,141254.871304245,141254.871304245,11.8583211355237
"2177","82179303B24369360194646",1,112655.103941747,112655.103941747,11.6320862527945
"2178","82179303B2846476233094",1,137414.406846593,137414.406846593,11.8307565065968
"2179","82179303B31233151456599",1,111705.905332146,111705.905332146,11.6236248514499
"2180","82179303B32066025180418",1,97772.2890095803,97772.2890095803,11.4903964724132
"2181","82179303B41089875582012",1,73641.3461905593,73641.3461905593,11.2069619158774
"2182","82179303B42180748236160",1,77872.3025378494,77872.3025378494,11.2628256171316
"2183","82179303B45554830914621",1,54825.0821171618,54825.0821171618,10.91190307109
"2184","82179303B45638248322590",1,318330.857071127,318330.857071127,12.6708465519303
"2185","82179303B45759472884401",1,83435.8475118622,83435.8475118622,11.3318333222793
"2186","82179303B47267328602468",1,84242.4898662511,84242.4898662511,11.3414547031879
"2187","82179303B48656719864416",1,39355.2198365008,39355.2198365008,10.5803838965475
"2188","82179303B48679015064508",1,37989.542322384,37989.542322384,10.545066198791
"2189","82179303B49493469146837",1,134678.613300532,134678.613300532,11.8106465769682
"2190","82179303B50652768805745",1,145920.969721347,145920.969721347,11.8908204508545
"2191","82179303B51657859086197",1,90871.3455937713,90871.3455937713,11.4172000004786
"2192","82179303B51910076802628",1,34333.2616139583,34333.2616139583,10.4438698896276
"2193","82179303B53175016570528",1,156192.438486996,156192.438486996,11.9588441060418
"2194","82179303B54196732560859",1,127787.513749071,127787.513749071,11.7581241146585
"2195","82179303B55497026765088",1,186430.3509647,186430.3509647,12.1358129950426
"2196","82179303B55886689837874",1,81747.1616826262,81747.1616826262,11.3113863686782
"2197","82179303B55999426557094",1,2913255.25335915,2913255.25335915,14.884781657698
"2198","82179303B57222251804338",1,121498.547160823,121498.547160823,11.7076575841672
"2199","82179303B57975227411207",1,302897.649457444,302897.649457444,12.6211502368579
"2200","82179303B67987786077582",1,117201.449369978,117201.449369978,11.6716495226866
"2201","82179303B68159150924260",1,47479.1741981167,47479.1741981167,10.7680464559463
"2202","82179303B72462969749210",1,152961.434959668,152961.434959668,11.9379411095152
"2203","82179303B72509498170942",1,122527.786843063,122527.786843063,11.7160931146165
"2204","82179303B73199246171338",1,186881.963948778,186881.963948778,12.1382324877105
"2205","82179303B75449776739739",1,204570.784253407,204570.784253407,12.2286693278432
"2206","82179303B77985943192226",1,253065.534631619,253065.534631619,12.4414037643316
"2207","82179303B79358107253704",1,117774.859754738,117774.859754738,11.6765301127778
"2208","82179303B80718033581165",1,174413.200801717,174413.200801717,12.0691824802629
"2209","82179303B82011588476807",1,72452.9835206234,72452.9835206234,11.1906931273098
"2210","82179303B85891331606678",1,48842.266847978,48842.266847978,10.7963513409063
"2211","82179303B87943019672886",1,30880.4922350288,30880.4922350288,10.3378799442652
"2212","82179303B96536489392823",1,62525.6092423419,62525.6092423419,11.0433314996782
"2213","82179303B99885007667227",1,106288.574713964,106288.574713964,11.5739130770292
"2214","86173395B10183828018242",1,36.2600443384349,36.2600443384349,3.59071642811787
"2215","86173395B2607926408865",1,2177.9159069657,2177.9159069657,7.68612369253893
"2216","86173395B2854433088661",1,7476.02410038678,7476.02410038678,8.919456392271
"2217","86173395B29974075887394",1,293.392787287835,293.392787287835,5.68151228220233
"2218","86173395B32206568144682",1,1953.60428841078,1953.60428841078,7.57743129848649
"2219","86173395B33619167853359",1,334.21585131941,334.21585131941,5.81178704567507
"2220","86173395B49833060083827",1,2521.62082639054,2521.62082639054,7.83265715882621
"2221","86173395B5227574641069",1,412.370174208164,412.370174208164,6.02192142704478
"2222","86173395B52487001010255",1,340.9454808592,340.9454808592,5.83172258432302
"2223","86173395B54100841330838",1,574.560396765988,574.560396765988,6.35360522103377
"2224","86173395B61374394244874",1,950.021977506675,950.021977506675,6.85648511854455
"2225","86173395B62367841899466",1,1213.11635963746,1213.11635963746,7.10094783149705
"2226","86173395B64443584385378",1,59.3850505294949,59.3850505294949,4.08404252010561
"2227","86173395B65522481744755",1,9930.59338800697,9930.59338800697,9.20337551235423
"2228","86173395B65596766403294",1,1054.20398122939,1054.20398122939,6.96054124095485
"2229","86173395B69111748421310",1,148.995762014002,148.995762014002,5.00391786268191
"2230","86173395B69626346529227",1,259626.420990627,259626.420990627,12.4669990344061
"2231","86173395B71884173217057",2,328.62603434705,657.2520686941,6.48806761110462
"2232","86173395B80196731911279",1,3355.43383656321,3355.43383656321,8.11833635149694
"2233","86173395B8049186625596",2,4827.0449361713,9654.0898723426,9.17513692551444
"2234","86173395B80651222663477",1,669.96660238229,669.96660238229,6.50722786395199
"2235","86173395B80884224234425",1,911.752563628577,911.752563628577,6.81536864145185
"2236","86173395B84342245076332",1,2472.81547633301,2472.81547633301,7.81311264942539
"2237","86173395B87338577523436",1,14697.5858581314,14697.5858581314,9.59543853194204
"2238","86173395B87539988418274",1,5218.68287127672,5218.68287127672,8.56000032552754
"2239","86173395B89769104432743",1,4023.82246653695,4023.82246653695,8.29998759215248
"2240","86173395B95713051783720",1,36396.2965370949,36396.2965370949,10.5022223049622
"2241","86173395B97599350653423",1,1149.30725840266,1149.30725840266,7.04691465585347
"2242","86173395B9994145648784",1,1333.02583589667,1333.02583589667,7.19520670175883
"2243","9080712B10902750514558",1,17062.2938906993,17062.2938906993,9.74462627218838
"2244","9080712B52971041074481",1,250991.173147217,250991.173147217,12.4331730507514
"2245","9080712B69395336637105",1,217670.639248857,217670.639248857,12.2907383701844
"2246","9080712B86559204581792",1,86294.3347991461,86294.3347991461,11.3655192294839
"2247","9080712B88283028070578",1,19942.0920551191,19942.0920551191,9.90058795552085
"2248","9080712B91815969558421",1,226118.559447583,226118.559447583,12.3288147400259
"2249","91817680B43125449030549",1,4399.93737495575,4399.93737495575,8.38934558684046
"2250","DIS017",1,NA,NA,NA
