"","ADM2_id","total_exposure_days","total_population","total_person_day_exposure","log_total_person_day_exposure"
"1","10022922B25342620887316",1,7544.24345907964,7544.24345907964,8.92854009567481
"2","10022922B54073545298219",1,94458.6807328168,94458.6807328168,11.4559177769416
"3","10022922B56427545477040",1,59343.6190745412,59343.6190745412,10.9910998807707
"4","10022922B92224420422748",1,154890.60776166,154890.60776166,11.9504743903617
"5","14151628B28251361437248",1,5782.70474780607,5782.70474780607,8.66262680165964
"6","14151628B39642918357252",1,85276.9426159805,85276.9426159805,11.3536593876311
"7","14151628B42533076410957",1,80103.4796736943,80103.4796736943,11.291074573732
"8","14151628B48978228339800",1,39694.5970080486,39694.5970080486,10.5889703618983
"9","14151628B53541640625043",1,29402.8371305905,29402.8371305905,10.2888464497113
"10","14151628B53702400461405",2,40044.445490498,80088.890980996,11.2908924340624
"11","14151628B59272471160482",1,13614.6977940932,13614.6977940932,9.51890520832043
"12","14151628B61046117406534",1,6836.13300830826,6836.13300830826,8.82997750108368
"13","14151628B68154180840071",1,11190.6315155563,11190.6315155563,9.32283223542009
"14","14151628B8492423103487",1,84023.1449391334,84023.1449391334,11.3388475748623
"15","14151628B98370545668292",1,166225.595462127,166225.595462127,12.02110115353
"16","1456440B17189259529244",1,2231.37130124293,2231.37130124293,7.71037160875296
"17","1456440B2347802332561",1,5454.92478556987,5454.92478556987,8.60427411000894
"18","1456440B30022647812570",1,901.304104889184,901.304104889184,6.80384271996138
"19","1456440B30822357340136",1,1022.3204874111,1022.3204874111,6.92983031006994
"20","1456440B3381431616278",1,4754.55109601447,4754.55109601447,8.46685756379618
"21","1456440B38299420542047",1,NA,NA,NA
"22","1456440B41515061278311",1,3023.68431736946,3023.68431736946,8.01423133944588
"23","1456440B42858998503900",1,6602.10842355188,6602.10842355188,8.79514433511256
"24","1456440B45455972514267",1,NA,NA,NA
"25","1456440B5266372606878",1,12692.1646703915,12692.1646703915,9.4487401269643
"26","1456440B54087410472023",1,4229.50181870222,4229.50181870222,8.34983949174805
"27","1456440B59769308078565",1,118.921020659804,118.921020659804,4.77845958083612
"28","1456440B59944424745172",1,10865.9942412779,10865.9942412779,9.29339339713506
"29","1456440B62290110422722",1,1064.72320034996,1064.72320034996,6.97047013858748
"30","1456440B63332510884225",1,4766.26612791315,4766.26612791315,8.46931849494012
"31","1456440B68597198845590",1,9657.48981656097,9657.48981656097,9.17548904008075
"32","1456440B69828690893614",1,NA,NA,NA
"33","1456440B76393603142959",1,5899.99164451651,5899.99164451651,8.68270621370917
"34","1456440B85489993561805",1,8181.87041298866,8181.87041298866,9.00967606030338
"35","1456440B85935550107059",1,3325.77435538359,3325.77435538359,8.10945781481273
"36","1456440B92384260503294",1,4131.38965219747,4131.38965219747,8.32636910688886
"37","1456440B99535609172770",1,6306.38051304281,6306.38051304281,8.74931717971219
"38","17275852B16521843045020",1,838108.536186466,838108.536186466,13.6389028891997
"39","17275852B17785585955827",1,172903.106030989,172903.106030989,12.0604866358304
"40","17275852B19868960828514",1,750116.506646586,750116.506646586,13.5279838156436
"41","17275852B2067645637252",2,243102.637555466,486205.275110932,13.0943861904781
"42","17275852B2295538790743",3,598584.578221146,1795753.73466344,14.4009353996584
"43","17275852B30975390905787",2,85403.4949563107,170806.989912621,12.0482894840462
"44","17275852B35175722210772",2,47177.5761462855,94355.152292571,11.4548211576001
"45","17275852B35691129963558",1,694645.382648255,694645.382648255,13.4511567535359
"46","17275852B36427803126994",2,886084.501929207,1772169.00385841,14.3877147802372
"47","17275852B37419515135684",1,324432.563598663,324432.563598663,12.6898329771925
"48","17275852B38338809131920",1,644263.706632669,644263.706632669,13.3758634036203
"49","17275852B38709981190197",2,198706.952261831,397413.904523662,12.8927335972237
"50","17275852B38939963469829",3,606910.998831776,1820732.99649533,14.4147497233
"51","17275852B39380894050966",1,1133789.5480865,1133789.5480865,13.9410761623491
"52","17275852B40827597599959",1,259455.198079054,259455.198079054,12.4663393195887
"53","17275852B41190306193582",2,317561.564032598,635123.128065196,13.3615741615431
"54","17275852B42230140857746",1,345611.258255962,345611.258255962,12.7530698913536
"55","17275852B42599245130625",1,265849.902850603,265849.902850603,12.4906871535031
"56","17275852B42704411692482",3,717220.454253391,2151661.36276017,14.5817508285693
"57","17275852B44953136813001",1,110030.507663098,110030.507663098,11.6085129487141
"58","17275852B47839165615513",2,12571.0965945748,25142.1931891496,10.1323027173666
"59","17275852B50490784073671",1,637194.877989605,637194.877989605,13.3648308186769
"60","17275852B51230036148684",1,728913.014876,728913.014876,13.4993096827137
"61","17275852B52554899928467",2,493961.139906887,987922.279813774,13.8033593094797
"62","17275852B53008264931106",1,153353.934927577,153353.934927577,11.9405038289952
"63","17275852B53025585862768",1,164197.294090093,164197.294090093,12.0088239965108
"64","17275852B58186217435722",1,1316276.18929397,1316276.18929397,14.0903172391319
"65","17275852B59014028549632",1,700709.506847448,700709.506847448,13.4598486819096
"66","17275852B60010150977543",1,1072002.75589342,1072002.75589342,13.8850391914057
"67","17275852B60612190497835",1,531319.733012418,531319.733012418,13.1831192527477
"68","17275852B66252943806207",1,995020.717635525,995020.717635525,13.8105188376682
"69","17275852B66356980534214",1,595866.600421853,595866.600421853,13.2977720961994
"70","17275852B6984922207713",2,456194.618424879,912389.236849758,13.7238219727969
"71","17275852B70258266780305",2,701981.536064049,1403963.0721281,14.1548095613189
"72","17275852B70320302334749",1,109906.685972638,109906.685972638,11.6073869754169
"73","17275852B71635948673445",1,250908.13911072,250908.13911072,12.4328421714885
"74","17275852B72819681774342",1,244705.246169426,244705.246169426,12.4078096883894
"75","17275852B75995678778305",1,535842.217746935,535842.217746935,13.1915950268425
"76","17275852B78001466735071",2,513426.16252407,1026852.32504814,13.8420086860186
"77","17275852B78973254528560",2,352900.846866623,705801.693733246,13.4670895899558
"78","17275852B7979903099841",3,362598.892766511,1087796.67829953,13.8996648123715
"79","17275852B80309702523612",1,88944.444094818,88944.444094818,11.3957672301518
"80","17275852B81259275775371",1,878301.785663347,878301.785663347,13.6857455329936
"81","17275852B82960244806798",2,173426.693152192,346853.386304384,12.7566574517884
"82","17275852B8306530590796",1,166558.614766587,166558.614766587,12.023102567091
"83","17275852B85583949591367",1,195615.484535142,195615.484535142,12.1839061977396
"84","17275852B86000242921086",1,390431.976628572,390431.976628572,12.8750090375146
"85","17275852B86431238150342",3,344512.290681368,1033536.8720441,13.8484973343365
"86","17275852B87782309196497",2,374810.384478786,749620.768957572,13.5273227162429
"87","17275852B88042861362346",1,155997.583160978,155997.583160978,11.9575957935538
"88","17275852B88564558630562",1,140653.29737447,140653.29737447,11.8540532574716
"89","17275852B89468905887192",1,618788.094228152,618788.094228152,13.3355181573992
"90","17275852B90470795224142",1,487456.312364507,487456.312364507,13.0969559497418
"91","17275852B95583475247133",1,990481.991212018,990481.991212018,13.8059469634431
"92","17275852B98891327369808",2,273626.659208672,547253.318417344,13.2126670791718
"93","17275852B99125708243995",2,396089.467299614,792178.934599228,13.5825425728031
"94","18249212B1074587975674",1,22282.193355334,22282.193355334,10.0115431342288
"95","18249212B15509533795694",1,9735.66856836461,9735.66856836461,9.18355159221905
"96","18249212B3001356606985",1,14639.3003730228,14639.3003730228,9.59146499764543
"97","18249212B32162439805208",1,9015.24885733753,9015.24885733753,9.10667274006368
"98","18249212B34902747010981",1,98948.8020391582,98948.8020391582,11.5023578442284
"99","18249212B50725355749374",1,39293.4318079954,39293.4318079954,10.5788126543221
"100","18249212B61473051882148",1,16695.7597260909,16695.7597260909,9.72291005754728
"101","18249212B6474479975640",1,15183.4961794637,15183.4961794637,9.62796433928391
"102","18249212B80874946619424",1,7162.9952743176,7162.9952743176,8.87668350687915
"103","18249212B83249722744294",1,8499.17624899849,8499.17624899849,9.04772452589962
"104","18249212B83355432632114",1,11136.6635129962,11136.6635129962,9.31799796350362
"105","22064153B10198647455889",1,11562.1389121656,11562.1389121656,9.35549115211493
"106","22064153B10464594987148",1,68875.9854713845,68875.9854713845,11.1400628544673
"107","22064153B10472046376966",1,24593.5778740726,24593.5778740726,10.1102406258083
"108","22064153B10573216765784",1,48911.0372035806,48911.0372035806,10.797758359679
"109","22064153B11163200356",1,7053.55570033855,7053.55570033855,8.8612871233202
"110","22064153B11629940757392",1,3043.47926181397,3043.47926181397,8.02075663398402
"111","22064153B1240967535924",1,5370.32891237469,5370.32891237469,8.58864443560387
"112","22064153B12662900476516",1,32086.5444227385,32086.5444227385,10.3761920443772
"113","22064153B12892312696752",1,11389.4678683097,11389.4678683097,9.34044433614965
"114","22064153B13026846490953",1,4984.90672045015,4984.90672045015,8.51416997017476
"115","22064153B1320154413470",1,15496.7681366667,15496.7681366667,9.64838677385484
"116","22064153B13215881329963",1,8571.20470776437,8571.20470776437,9.05616357438037
"117","22064153B13415196919485",1,27087.1283747056,27087.1283747056,10.2068139263119
"118","22064153B13433087472373",1,50738.1081897706,50738.1081897706,10.8344325480627
"119","22064153B13529558542609",1,322874.968997041,322874.968997041,12.6850204343766
"120","22064153B1409396634293",1,10829.6222336731,10829.6222336731,9.29004045791604
"121","22064153B14136631633740",1,27985.5240369042,27985.5240369042,10.2394426567854
"122","22064153B1430516965980",2,35973.9882869273,71947.9765738546,11.1836985892495
"123","22064153B15321782044758",1,1803.48670603542,1803.48670603542,7.49747712911344
"124","22064153B15557239492888",1,15641.062942641,15641.062942641,9.65765497487438
"125","22064153B15570456578979",1,103158.67396688,103158.67396688,11.5440236057723
"126","22064153B16264764307082",2,131123.157325151,262246.314650302,12.4770394733488
"127","22064153B16301749391427",1,92841.2225702122,92841.2225702122,11.4386460288735
"128","22064153B16387988868573",1,62646.5249694023,62646.5249694023,11.045263491418
"129","22064153B17092575420538",1,31486.0595577133,31486.0595577133,10.3573001731345
"130","22064153B17402484703457",2,7260.78378058667,14521.5675611733,9.58339024131015
"131","22064153B17594552103117",1,51029.3975923152,51029.3975923152,10.840157169017
"132","22064153B17786192900668",1,279472.233839253,279472.233839253,12.5406582243858
"133","22064153B18443780619579",1,15190.3214646453,15190.3214646453,9.62841375827868
"134","22064153B18822058190622",1,7538.03243909388,7538.03243909388,8.9277164772264
"135","22064153B19171708056014",1,38832.4589990729,38832.4589990729,10.567011748021
"136","22064153B19404158136768",1,13196.0403902638,13196.0403902638,9.48767209313977
"137","22064153B20086130003796",1,79640.7908045382,79640.7908045382,11.2852816878694
"138","22064153B20820198931231",1,10008.7956160896,10008.7956160896,9.2112195469975
"139","22064153B20891786308722",2,38247.7471199319,76495.4942398638,11.2449871192547
"140","22064153B21018855363784",1,1659.46351913164,1659.46351913164,7.41424964787028
"141","22064153B21150807088610",1,34691.6815844284,34691.6815844284,10.4542552134049
"142","22064153B2132252923317",2,25509.2500354346,51018.5000708692,10.8399435924175
"143","22064153B21463927954199",2,95265.1458670429,190530.291734086,12.1575664726354
"144","22064153B21529335846532",2,9812.38891606219,19624.7778321244,9.88454822193045
"145","22064153B21914755064517",2,49534.4642864069,99068.9285728138,11.5035711350586
"146","22064153B2319717856826",1,14081.6907601437,14081.6907601437,9.55263070489929
"147","22064153B23231745702149",1,28985.1420715535,28985.1420715535,10.2745386353162
"148","22064153B23299113779671",1,4724.80878630751,4724.80878630751,8.46058237060262
"149","22064153B23593154045809",1,31597.519009575,31597.519009575,10.3608338841375
"150","22064153B23604692839196",1,17024.1320405199,17024.1320405199,9.74238714825085
"151","22064153B23879423585908",1,13284.2996284113,13284.2996284113,9.49433813782878
"152","22064153B24090934315492",1,5169.67007542458,5169.67007542458,8.55056415026786
"153","22064153B25042190901764",2,490222.110046449,980444.220092898,13.7957610337529
"154","22064153B25274509403754",1,151897.519490861,151897.519490861,11.9309613585681
"155","22064153B25500969615439",1,8571.85047029926,8571.85047029926,9.0562389124725
"156","22064153B25569633235651",1,80342.9245059798,80342.9245059798,11.2940593088686
"157","22064153B25942497643845",1,8427.74619054311,8427.74619054311,9.03928465944251
"158","22064153B26513167275722",1,7597.21754323777,7597.21754323777,8.93553734650692
"159","22064153B26672672151559",1,5508.99244637629,5508.99244637629,8.61413702632933
"160","22064153B26690922833011",1,17186.1325298445,17186.1325298445,9.75185808934375
"161","22064153B26987504968655",1,137306.745245577,137306.745245577,11.8299727183394
"162","22064153B27005462697609",2,73695.3495744217,147390.699148843,11.9008421573493
"163","22064153B2722132887235",2,7551.5805221128,15103.1610442256,9.62265934157151
"164","22064153B27631691114886",2,12983.4596564051,25966.9193128102,10.1645786727767
"165","22064153B27637415608592",1,8622.08404721061,8622.08404721061,9.0620821032543
"166","22064153B27870068763569",2,18301.8502886841,36603.7005773682,10.5079046229496
"167","22064153B27979784056918",1,48693.9751723944,48693.9751723944,10.7933105883251
"168","22064153B28097279144094",2,197732.636710998,395465.273421996,12.8878182580921
"169","22064153B28331596269752",1,62995.667193727,62995.667193727,11.0508212283058
"170","22064153B28508352708384",1,50168.1734071166,50168.1734071166,10.8231361087453
"171","22064153B28595577519901",1,35457.6078907622,35457.6078907622,10.4760931179833
"172","22064153B28866553828376",1,107446.485418188,107446.485418188,11.5847481925379
"173","22064153B29173837278044",1,26700.6541021556,26700.6541021556,10.1924433422963
"174","22064153B29893282242980",1,12417.8655396129,12417.8655396129,9.42689148400448
"175","22064153B30086215465497",1,67331.898744883,67331.898744883,11.1173893817192
"176","22064153B30432270495602",2,29898.5675674299,59797.1351348598,10.9987130313473
"177","22064153B30545680019922",1,2795.04132502654,2795.04132502654,7.93560217082034
"178","22064153B3059978894084",1,8380.58853354738,8380.58853354738,9.03367342174364
"179","22064153B30638579191520",1,16032.4755170841,16032.4755170841,9.68237166394149
"180","22064153B31019964907182",1,24170.3740567866,24170.3740567866,10.092882949655
"181","22064153B31214056666647",1,44549.1229863459,44549.1229863459,10.7043477466523
"182","22064153B31542603161121",1,18820.8173681701,18820.8173681701,9.8427188430236
"183","22064153B31654670628378",1,30656.6480884031,30656.6480884031,10.3306048212179
"184","22064153B31946200806378",1,18576.3490390725,18576.3490390725,9.82964449354757
"185","22064153B32431944472623",1,1787.3843187013,1787.3843187013,7.48850855566348
"186","22064153B32453256362792",2,14351.9836435554,28703.9672871108,10.2647906251948
"187","22064153B32509347712886",1,4219.31809558709,4219.31809558709,8.34742880524976
"188","22064153B32748472503600",1,4218.39053208958,4218.39053208958,8.3472089437821
"189","22064153B32879665089708",2,23848.2881321579,47696.5762643158,10.7726148978709
"190","22064153B33141511613521",1,19274.4383012855,19274.4383012855,9.86653505669877
"191","22064153B33206929848815",1,7627.18621244954,7627.18621244954,8.93947427676715
"192","22064153B33436919021908",1,34254.0306448217,34254.0306448217,10.4415595198268
"193","22064153B33692548967608",1,70657.501047723,70657.501047723,11.1655995544191
"194","22064153B3414994926035",1,16560.0811162103,16560.0811162103,9.71475032624913
"195","22064153B34289782846164",1,278594.781384145,278594.781384145,12.5375136085808
"196","22064153B34391741921391",1,29498.9068561555,29498.9068561555,10.2921084859178
"197","22064153B34841335570745",2,131716.059354231,263432.118708462,12.4815509997657
"198","22064153B35070439080278",2,20959.2436860218,41918.4873720436,10.6434822346617
"199","22064153B35296121445435",1,43165.8095773308,43165.8095773308,10.6728040159051
"200","22064153B35477366306356",2,13465.7971749068,26931.5943498136,10.2010553875368
"201","22064153B35633292127249",1,53505.6534515437,53505.6534515437,10.8875425992927
"202","22064153B3574187835078",1,46572.3900920295,46572.3900920295,10.7487631572283
"203","22064153B36411435837789",1,504387.969538789,504387.969538789,13.1311010317551
"204","22064153B36635656677218",1,151991.513642147,151991.513642147,11.9315799669681
"205","22064153B36820241418054",1,46410.4148687369,46410.4148687369,10.7452791714053
"206","22064153B37300460169028",1,26880.9080181856,26880.9080181856,10.199171574505
"207","22064153B37535549153017",1,8772.7583769933,8772.7583769933,9.07940656008642
"208","22064153B38003203294123",1,65530.1801074173,65530.1801074173,11.0902660805025
"209","22064153B38015411122524",1,19059.8577269433,19059.8577269433,9.85533971269677
"210","22064153B38234502302871",1,31236.1065419766,31236.1065419766,10.3493299656481
"211","22064153B38263245523496",1,45881.1540401517,45881.1540401517,10.733809724374
"212","22064153B38280459687635",1,500.346383777758,500.346383777758,6.21530062612503
"213","22064153B38516205558719",1,13456.5275785545,13456.5275785545,9.50721958912505
"214","22064153B386757368004",1,55758.8025177273,55758.8025177273,10.9287905695533
"215","22064153B39171502191048",1,13841.0419339048,13841.0419339048,9.53539351057962
"216","22064153B39173666137461",1,9003.48387321074,9003.48387321074,9.10536687843905
"217","22064153B3969862222627",1,15457.9513416693,15457.9513416693,9.64587879988526
"218","22064153B40828352777432",1,20183.4405086599,20183.4405086599,9.91261777038953
"219","22064153B41514672574111",2,22877.129047359,45754.258094718,10.7310401394812
"220","22064153B41525675673644",1,14302.4402405191,14302.4402405191,9.56818544787974
"221","22064153B417111065512",1,45648.2930954235,45648.2930954235,10.7287214942052
"222","22064153B41720613650338",1,127565.833776726,127565.833776726,11.7563878536681
"223","22064153B42217323909789",1,38842.2310971931,38842.2310971931,10.5672633640406
"224","22064153B42900229299916",1,152113.363664266,152113.363664266,11.9323813354284
"225","22064153B43125554844951",1,32658.3987010436,32658.3987010436,10.3938573359607
"226","22064153B43185436543368",1,111166.108969593,111166.108969593,11.6187808388918
"227","22064153B43979450317974",1,52103.4750708806,52103.4750708806,10.860986925534
"228","22064153B44123473908200",1,90588.5656774745,90588.5656774745,11.414083277416
"229","22064153B44317666842318",1,48404.4339396683,48404.4339396683,10.7873466988325
"230","22064153B44542304217365",1,136964.209841397,136964.209841397,11.827474928647
"231","22064153B44560660851170",1,17088.9779196386,17088.9779196386,9.74618896856571
"232","22064153B44963787773880",2,216608.862294974,433217.724589948,12.9789957087612
"233","22064153B45188135537989",2,10466.1749997628,20932.3499995256,9.94905108813989
"234","22064153B45248140164067",1,54487.9033103652,54487.9033103652,10.9057339984071
"235","22064153B45322323594402",1,48883.6048532618,48883.6048532618,10.79719734017
"236","22064153B45421969822613",1,38502.2513263615,38502.2513263615,10.5584719945756
"237","22064153B46704511069895",1,2237.46742840248,2237.46742840248,7.7130998929045
"238","22064153B46764438077406",1,28054.3093813703,28054.3093813703,10.241897531285
"239","22064153B47088094291136",2,46603.6821253284,93207.3642506568,11.4425820131171
"240","22064153B47141697781340",1,79821.4313077505,79821.4313077505,11.2875473101351
"241","22064153B48078065447549",1,34248.9592831777,34248.9592831777,10.4414114573361
"242","22064153B48122018052032",1,2428.87142182555,2428.87142182555,7.7951819929883
"243","22064153B48721476653165",1,46296.3812122922,46296.3812122922,10.742819077458
"244","22064153B49276333720668",2,339.755495196415,679.51099039283,6.52137340769561
"245","22064153B49277227172137",1,87002.2291246666,87002.2291246666,11.3736890194311
"246","22064153B49312445085348",1,88884.2659010593,88884.2659010593,11.3950904193483
"247","22064153B49815970658587",1,1486.44039823648,1486.44039823648,7.30413954626699
"248","22064153B50130441477952",1,24570.7215975169,24570.7215975169,10.1093108341323
"249","22064153B51010300776987",1,218382.993225547,218382.993225547,12.2940056499745
"250","22064153B51289193141424",1,11131.8516801256,11131.8516801256,9.31756579881695
"251","22064153B51420190401517",2,2317.51862515789,4635.03725031578,8.44139951471325
"252","22064153B51662529993673",1,4031.67452757278,4031.67452757278,8.3019370841648
"253","22064153B51668010168839",1,255917.374532039,255917.374532039,12.4526099156306
"254","22064153B51861353705431",1,121196.053130691,121196.053130691,11.7051647871588
"255","22064153B52034596955899",1,53885.01969214,53885.01969214,10.8946077904784
"256","22064153B52241055716439",1,63701.9857945608,63701.9857945608,11.0619710152433
"257","22064153B52648905753653",1,2694.0675315213,2694.0675315213,7.89880742403597
"258","22064153B53393989117079",2,6188.28668076898,12376.573361538,9.42356071968154
"259","22064153B53816838639023",2,67148.1835295034,134296.367059007,11.8078043312073
"260","22064153B54328590224994",1,7066.29688793514,7066.29688793514,8.86309184344389
"261","22064153B54573279257236",1,13361.94046172,13361.94046172,9.50016568068445
"262","22064153B55014741833430",1,6794.92825698827,6794.92825698827,8.82393176832322
"263","22064153B5520386080739",1,21874.98746505,21874.98746505,9.99309913819937
"264","22064153B55493173352162",2,21027.339542615,42054.67908523,10.6467259335323
"265","22064153B55930097994120",1,95546.5906853082,95546.5906853082,11.4673692680827
"266","22064153B55931345507884",1,98635.3389816075,98635.3389816075,11.4991848838995
"267","22064153B55971315986708",1,5158.27600842332,5158.27600842332,8.54835769575476
"268","22064153B5606212103523",1,5016.74455295541,5016.74455295541,8.52053650689446
"269","22064153B56106555282703",2,154109.207633566,308218.415267132,12.6385639511121
"270","22064153B56211754183419",1,326433.630779039,326433.630779039,12.6959819322393
"271","22064153B56360165329958",1,56028.1785395871,56028.1785395871,10.9336100313675
"272","22064153B56467377786107",1,12484.28169474,12484.28169474,9.43222566759781
"273","22064153B56938477027476",2,11240.8721539993,22481.7443079986,10.0204588947696
"274","22064153B57460904263691",1,28443.1788638337,28443.1788638337,10.2556636520673
"275","22064153B57554253448105",1,1507.9080945126,1507.9080945126,7.31847860142724
"276","22064153B57698371148493",2,8255.95822770179,16511.9164554036,9.71183760863935
"277","22064153B57880496845400",1,43425.844382387,43425.844382387,10.6788100355348
"278","22064153B58156912777265",1,26194.9954452493,26194.9954452493,10.1733236579637
"279","22064153B58264224873440",1,13703.6552083853,13703.6552083853,9.52541787976226
"280","22064153B58298111838793",1,104444.975899639,104444.975899639,11.5564156652978
"281","22064153B58621167796121",2,40432.9664111133,80865.9328222266,11.300547912037
"282","22064153B58787616490408",2,29720.8623277104,59441.7246554208,10.992751694035
"283","22064153B59487832348145",1,4004.25908590408,4004.25908590408,8.29511384511097
"284","22064153B60195592260119",1,22608.3739902618,22608.3739902618,10.0260756471734
"285","22064153B60751840721116",1,29829.5967946858,29829.5967946858,10.3032563606453
"286","22064153B60880441829581",1,15983.9737439637,15983.9737439637,9.67934185824207
"287","22064153B60931052346072",1,22468.7773868881,22468.7773868881,10.0198819527906
"288","22064153B61048147512310",2,58601.6468533469,117203.293706694,11.6716652590296
"289","22064153B61399355999235",2,8337.77598291641,16675.5519658328,9.72169897163525
"290","22064153B61546273634487",1,6962.60396452222,6962.60396452222,8.84830881619188
"291","22064153B61639073188138",1,20150.7673074837,20150.7673074837,9.91099764642568
"292","22064153B62115102055201",1,30789.1359115611,30789.1359115611,10.3349171765936
"293","22064153B62297132095458",1,63562.5666706364,63562.5666706364,11.0597800016893
"294","22064153B62822681138687",1,54793.346656667,54793.346656667,10.9113240541905
"295","22064153B63008455199942",1,5336.41584348968,5336.41584348968,8.58230951624742
"296","22064153B63068612486986",2,24022.5440453514,48045.0880907028,10.7798951842138
"297","22064153B63784741567602",1,65117.8164224834,65117.8164224834,11.0839534685185
"298","22064153B63840040249051",2,56664.5612223331,113329.122444666,11.638051452334
"299","22064153B64016815172570",1,835988.82891834,835988.82891834,13.6363705294397
"300","22064153B6421292379130",1,58522.2100436887,58522.2100436887,10.9771616200342
"301","22064153B64323013606809",1,578.330368946255,578.330368946255,6.36014527795837
"302","22064153B65021558399950",1,237365.282760115,237365.282760115,12.377355511037
"303","22064153B65355185007631",1,1195.84150492897,1195.84150492897,7.0866054047665
"304","22064153B65490065262091",1,13714.6986048761,13714.6986048761,9.52622342754701
"305","22064153B65569101114722",1,5527.13090246191,5527.13090246191,8.61742413573262
"306","22064153B65726287039798",1,46227.6692017155,46227.6692017155,10.7413337982705
"307","22064153B65854996769111",1,33408.9908134123,33408.9908134123,10.416580328771
"308","22064153B66514919549994",1,60958.9423034151,60958.9423034151,11.0179558395442
"309","22064153B67459914812798",1,80342.4635686766,80342.4635686766,11.2940535717284
"310","22064153B68069187412847",2,30913.3281103311,61826.6562206622,11.032089880881
"311","22064153B68363974409505",1,27610.0516530384,27610.0516530384,10.2259351757315
"312","22064153B68679560851725",1,9742.79619791734,9742.79619791734,9.18428343941095
"313","22064153B69278152819157",1,39127.9783528564,39127.9783528564,10.5745930489798
"314","22064153B70218534764896",1,19018.364506383,19018.364506383,9.85316034430456
"315","22064153B70283581599440",1,1353.71600434313,1353.71600434313,7.21060868578798
"316","22064153B70489840196790",1,12010.0432027673,12010.0432027673,9.39349851230047
"317","22064153B70786941107268",1,25432.1079870582,25432.1079870582,10.1437677486912
"318","22064153B70816441618955",1,24726.1917841326,24726.1917841326,10.115618356912
"319","22064153B71021754844770",1,42128.7049630934,42128.7049630934,10.6484846154333
"320","22064153B71078406395750",1,39296.8670704094,39296.8670704094,10.5789000763695
"321","22064153B71803232115030",2,60799.4047713768,121598.809542754,11.7084824585218
"322","22064153B72338395356904",1,1401.10127878318,1401.10127878318,7.2450138340762
"323","22064153B72367314810159",1,61800.2697741508,61800.2697741508,11.0316630087138
"324","22064153B73079587251631",1,15900.5505198727,15900.5505198727,9.6741090115003
"325","22064153B7322851157107",1,27160.7754574654,27160.7754574654,10.2095291327181
"326","22064153B73547165677482",1,14207.4878796268,14207.4878796268,9.56152442007408
"327","22064153B735534792520",1,92365.5566325673,92365.5566325673,11.4335094244193
"328","22064153B74370220833750",1,8495.07476038109,8495.07476038109,9.04724183458303
"329","22064153B75284693112718",1,4556.00257176761,4556.00257176761,8.4242008890462
"330","22064153B75302360124634",1,5384.81925155916,5384.81925155916,8.59133902385709
"331","22064153B7544432194221",1,25985.3682276849,25985.3682276849,10.1652888981209
"332","22064153B75512617616301",1,21921.6086886026,21921.6086886026,9.99522812744769
"333","22064153B76164610245689",2,21582.4892152613,43164.9784305226,10.6727847609712
"334","22064153B76299833153547",1,60821.9619973504,60821.9619973504,11.0157062197928
"335","22064153B76371421200355",1,201036.469825124,201036.469825124,12.2112416124987
"336","22064153B76525796154688",1,1363.91619453931,1363.91619453931,7.21811539556225
"337","22064153B76527177669413",1,19371.3108796541,19371.3108796541,9.87154842988058
"338","22064153B76764932541801",1,3565.22653813971,3565.22653813971,8.17898287588972
"339","22064153B77224046457748",1,47030.18811514,47030.18811514,10.7585449748278
"340","22064153B77422596340227",1,58713.1242013867,58713.1242013867,10.9804185617692
"341","22064153B77677863466257",1,27730.4493022699,27730.4493022699,10.230286341229
"342","22064153B77987793520078",1,3649.63405262958,3649.63405262958,8.20238218199667
"343","22064153B78193536381763",2,1133.55786708798,2267.11573417596,7.72626370089211
"344","22064153B78682541824565",1,10750.1521202818,10750.1521202818,9.28267518417958
"345","22064153B78841847163237",1,10180.0313132837,10180.0313132837,9.22818336606085
"346","22064153B79178271585243",2,10002.6098055463,20005.2196110926,9.90374849904126
"347","22064153B79313439986888",1,32459.0931492064,32459.0931492064,10.3877359031924
"348","22064153B79844191298444",1,26758.15290291,26758.15290291,10.1945944873049
"349","22064153B80068225568868",1,7310.63881500828,7310.63881500828,8.89708593811963
"350","22064153B8024533352103",1,1030.07263877988,1030.07263877988,6.93738460182431
"351","22064153B80640640435871",2,1583.43704362643,3166.87408725286,8.06050028801316
"352","22064153B8093767218470",1,3930.81421620233,3930.81421620233,8.27660186309981
"353","22064153B80945575612703",1,7964.00428942216,7964.00428942216,8.98268720378542
"354","22064153B81017994421279",1,6894.71684406016,6894.71684406016,8.83851072253282
"355","22064153B81163718541362",1,43616.9981854321,43616.9981854321,10.6832022199972
"356","22064153B81712763029694",1,11744.5220771002,11744.5220771002,9.37114220466017
"357","22064153B81784837273555",1,8670.25231464901,8670.25231464901,9.06765317138677
"358","22064153B82042887470941",1,68258.9621464368,68258.9621464368,11.1310640179272
"359","22064153B82157551102424",1,4323.11203557196,4323.11203557196,8.37173080049465
"360","22064153B82247115875791",1,7914.1825161799,7914.1825161799,8.97641168412319
"361","22064153B82400996798627",1,7947.63666135477,7947.63666135477,8.98062988815203
"362","22064153B8255256814498",1,14770.0891714208,14770.0891714208,9.60035941284104
"363","22064153B82678654202342",2,12405.3104216094,24810.6208432188,10.1190271002832
"364","22064153B82911662838779",1,5153.0556729751,5153.0556729751,8.5473451522627
"365","22064153B83500491832850",1,42248.3248160478,42248.3248160478,10.651319982675
"366","22064153B84546796088042",1,19494.3649553813,19494.3649553813,9.87788072614293
"367","22064153B85680479871483",1,36256.8652840877,36256.8652840877,10.4983840294986
"368","22064153B86120410024942",1,1759.43517768978,1759.43517768978,7.47274811475862
"369","22064153B86297113496232",1,10219.1427396647,10219.1427396647,9.23201797958049
"370","22064153B86498088606166",1,7861.19632823832,7861.19632823832,8.96969407845178
"371","22064153B8666349443712",2,55184.541308304,110369.082616608,11.6115853248415
"372","22064153B86801747373252",1,30690.1376618809,30690.1376618809,10.3316966331652
"373","22064153B87212941126642",1,27352.010229477,27352.010229477,10.2165453053128
"374","22064153B87267410101558",1,56362.9975645406,56362.9975645406,10.9395681506263
"375","22064153B87296692178554",1,178220.443583504,178220.443583504,12.0907765101295
"376","22064153B87695161266591",2,16760.8256386669,33521.6512773338,10.419946815833
"377","22064153B87911292599012",1,51585.6889797217,51585.6889797217,10.8509995676481
"378","22064153B87980745802810",1,14257.4624611854,14257.4624611854,9.5650357301102
"379","22064153B88065808639443",1,142634.770845454,142634.770845454,11.8680425920603
"380","22064153B8813975202654",2,1446.6430363563,2893.2860727126,7.97014818453696
"381","22064153B88760930069413",1,42284.5417678692,42284.5417678692,10.6521768554039
"382","22064153B88862899919648",1,179103.668385377,179103.668385377,12.0957200701695
"383","22064153B89218276356736",2,7508.47269272949,15016.945385459,9.61693453482603
"384","22064153B89642323235755",1,10834.0261032743,10834.0261032743,9.29044702559968
"385","22064153B90382038348999",1,1134448.68920499,1134448.68920499,13.9416573545062
"386","22064153B9051879540232",1,35189.0124349773,35189.0124349773,10.4684891661247
"387","22064153B90800139718357",1,21958.1456412159,21958.1456412159,9.99689344949041
"388","22064153B9080529541811",1,68000.5073878232,68000.5073878232,11.127270445716
"389","22064153B90991559137685",1,32179.3185127963,32179.3185127963,10.3790792429696
"390","22064153B92054695753215",1,4794.73839487319,4794.73839487319,8.47527442792997
"391","22064153B92427745486428",1,73199.9000235039,73199.9000235039,11.2009493341493
"392","22064153B92731111025148",1,208336.532984401,208336.532984401,12.2469099982576
"393","22064153B92754256682750",2,46528.9111802519,93057.8223605038,11.4409763247434
"394","22064153B92948543202040",1,16800.302533046,16800.302533046,9.72915217314861
"395","22064153B93520564600239",1,13801.2157167877,13801.2157167877,9.53251196268452
"396","22064153B93544053912338",1,36293.0006641144,36293.0006641144,10.4993801824905
"397","22064153B93831812640775",1,32984.471715641,32984.471715641,10.4037921756318
"398","22064153B94127780812190",1,115991.905943118,115991.905943118,11.6612756913016
"399","22064153B94443438334718",1,11814.7409709268,11814.7409709268,9.37710326563348
"400","22064153B9452209011947",1,42494.2914162152,42494.2914162152,10.6571250262724
"401","22064153B94990135039499",1,18862.4600544476,18862.4600544476,9.84492898535074
"402","22064153B95692403593429",1,13993.1051557055,13993.1051557055,9.54631999840674
"403","22064153B95702189282228",1,18740.0102403747,18740.0102403747,9.83841610223702
"404","22064153B95834507403925",2,27339.023388379,54678.046776758,10.9092175692189
"405","22064153B96792865327572",1,22810.3044448754,22810.3044448754,10.0349676621808
"406","22064153B97344910702567",1,11596.8616616389,11596.8616616389,9.35848979407973
"407","22064153B98068681997593",1,38722.9757272469,38722.9757272469,10.5641883908974
"408","22064153B98075085075201",1,27672.3581828758,27672.3581828758,10.228189294407
"409","22064153B98138334835392",1,7811.75916022104,7811.75916022104,8.96338546205654
"410","22064153B98286353198048",2,24969.4429838328,49938.8859676656,10.8185552561694
"411","22064153B98863948412239",1,186346.75428255,186346.75428255,12.1353644874364
"412","22064153B98951544817880",1,61435.5807974288,61435.5807974288,11.0257444381095
"413","25037944B10597176528862",1,10268.1111600694,10268.1111600694,9.23679836780596
"414","25037944B21166714819483",1,26467.1480787369,26467.1480787369,10.1836595477746
"415","25037944B33150906552836",1,250.452951592812,250.452951592812,5.52327108489215
"416","25037944B42158127814454",1,1473.85029751858,1473.85029751858,7.29563350552813
"417","25037944B61185375235969",2,5015.98833198627,10031.9766639725,9.21353293671096
"418","25037944B66848731281736",1,7693.48201577108,7693.48201577108,8.94812875790727
"419","25037944B75577230273205",1,707.749775890503,707.749775890503,6.56209060734131
"420","25037944B76695994650709",1,5334.7328081545,5334.7328081545,8.58199407966152
"421","25037944B77283019061987",1,16084.3688061415,16084.3688061415,9.68560319775561
"422","25037944B87142005071762",1,15986.589005231,15986.589005231,9.67950546257357
"423","25037944B90195923531970",1,48636.2065479978,48636.2065479978,10.7921235232203
"424","25037944B91391383703186",1,15997.68131412,15997.68131412,9.68019907285281
"425","25037944B93557893838922",1,106803.423812742,106803.423812742,11.5787452631661
"426","25037944B96392818490355",1,47692.5860573841,47692.5860573841,10.7725312362298
"427","2640588B11393510524278",3,136933.274207394,410799.822622182,12.9258613252501
"428","2640588B14186532473464",2,100628.991112469,201257.982224938,12.2123428577237
"429","2640588B20595662599865",1,1050653.69448681,1050653.69448681,13.8649230945977
"430","2640588B22535822566030",3,56920.0742716297,170760.222814889,12.0480156457135
"431","2640588B23864872837062",3,7894.16055148455,23682.4816544536,10.0724908831037
"432","2640588B24165862747597",3,34204.1245776153,102612.373732846,11.5387138061317
"433","2640588B2684850326122",3,77535.1197619894,232605.359285968,12.3570985595836
"434","2640588B33083527354868",2,500474.637632205,1000949.27526441,13.8164593829519
"435","2640588B36229801410553",3,168329.409924982,504988.229774946,13.1322904006095
"436","2640588B43628149657030",1,1179205.05613724,1179205.05613724,13.980351088177
"437","2640588B45258001695711",2,272122.481051116,544244.962102232,13.2071547224664
"438","2640588B46982966730152",1,786034.657882015,786034.657882015,13.5747561644367
"439","2640588B49362051778248",2,263832.500352037,527665.000704074,13.1762168929647
"440","2640588B50881283310688",2,378926.071586392,757852.143172784,13.5382435838202
"441","2640588B52568839586340",4,590105.764916459,2360423.05966584,14.6743514235064
"442","2640588B69318666079956",3,307164.378234336,921493.134703008,13.7337506059319
"443","2640588B69436428808540",3,75522.9620884527,226568.886265358,12.3308043112879
"444","2640588B70472166839855",1,1322301.89262642,1322301.89262642,14.0948846338578
"445","2640588B74898440822212",1,225728.752066165,225728.752066165,12.3270893453264
"446","2640588B80128813909947",1,732943.609064613,732943.609064613,13.5048240462104
"447","2640588B82822310999177",3,78870.809083951,236612.427251853,12.3741787534575
"448","2640588B94420346402626",3,59755.889194606,179267.667583818,12.0966353175312
"449","27666195B12686081930969",1,3611.64274049323,3611.64274049323,8.19191800059002
"450","27666195B1442019449651",1,3936.11656110719,3936.11656110719,8.27794987183609
"451","27666195B63359869130293",1,2326.12878511906,2326.12878511906,7.7519606991809
"452","35162164B10073394870765",1,754.751533137485,754.751533137485,6.62638859990318
"453","35162164B10269713734613",1,113.925144590884,113.925144590884,4.73554160632521
"454","35162164B103369510017",1,439.650534646884,439.650534646884,6.08598017189816
"455","35162164B10401266625964",1,133.265423536301,133.265423536301,4.89234280521287
"456","35162164B10440863111199",1,19640.8353107464,19640.8353107464,9.8853661121011
"457","35162164B10462811723711",1,11045.5910232778,11045.5910232778,9.30978662490496
"458","35162164B10475764562507",1,159.724227538258,159.724227538258,5.07344875027861
"459","35162164B10488528933377",1,63.2847276055813,63.2847276055813,4.14764402998582
"460","35162164B10585117065466",1,2534.73679952681,2534.73679952681,7.83784508401828
"461","35162164B10617562274251",1,177.296126859933,177.296126859933,5.17782136771991
"462","35162164B10651246481512",1,507.171589928195,507.171589928195,6.22884938800569
"463","35162164B10819971000444",1,1030.41638829179,1030.41638829179,6.9377182600099
"464","35162164B10830799365035",1,68.7440240802243,68.7440240802243,4.23038981029924
"465","35162164B10877240154643",1,2047.07005881876,2047.07005881876,7.6241648101947
"466","35162164B10896570080574",1,803.373855923265,803.373855923265,6.68882017960239
"467","35162164B11144501251238",1,1314.75917724341,1314.75917724341,7.18140879266446
"468","35162164B11166913193037",1,154.845792330429,154.845792330429,5.04242973349872
"469","35162164B11360557013319",1,NA,NA,NA
"470","35162164B11505770337311",1,6577.03227941215,6577.03227941215,8.7913389012127
"471","35162164B11517368414750",1,1589.59318630844,1589.59318630844,7.37123340480947
"472","35162164B1168912161793",1,3934.90805856556,3934.90805856556,8.27764279553802
"473","35162164B11758798186333",1,9292.35422152042,9292.35422152042,9.13694721429161
"474","35162164B11946880099707",1,781.28026497215,781.28026497215,6.66093393946462
"475","35162164B1222731303046",1,11993.4636469936,11993.4636469936,9.39211708428547
"476","35162164B12544962881567",1,2270.62464194924,2270.62464194924,7.72781024528726
"477","35162164B12647744596162",1,272.757920314074,272.757920314074,5.60858466302327
"478","35162164B12761059225260",1,216.311071894467,216.311071894467,5.37671751932565
"479","35162164B12787485199825",1,231.707315821499,231.707315821499,5.44547500548237
"480","35162164B13018725482272",1,629.524731747843,629.524731747843,6.44496514063615
"481","35162164B1306870441904",1,996.151458351314,996.151458351314,6.90389931264143
"482","35162164B13080681802385",1,611.383752141595,611.383752141595,6.41572483426161
"483","35162164B13082338953427",1,6250.4975775262,6250.4975775262,8.74041635196574
"484","35162164B130893387664",1,470.940044361576,470.940044361576,6.15473079156471
"485","35162164B13098404592902",1,1132.99224395312,1132.99224395312,7.03261741542039
"486","35162164B13121035531136",1,410.128108454198,410.128108454198,6.01646957053739
"487","35162164B13220887556117",1,826.031766027808,826.031766027808,6.71663323044229
"488","35162164B13235352626667",1,325.254376888871,325.254376888871,5.7846075743009
"489","35162164B13454318588319",1,826.433048983514,826.433048983514,6.71711890851537
"490","35162164B13535955292285",1,785.787256114558,785.787256114558,6.6666860892715
"491","35162164B13700806796370",1,245.923106338531,245.923106338531,5.50501891121072
"492","35162164B13736079230506",1,7043.23489435185,7043.23489435185,8.85982284565197
"493","35162164B13749762397036",1,1156.47082513012,1156.47082513012,7.05312825448785
"494","35162164B13821553518661",1,1678.05596113503,1678.05596113503,7.42539123637274
"495","35162164B14186353694037",1,836.765601477548,836.765601477548,6.72954398524483
"496","35162164B14224251746015",1,186.532032272816,186.532032272816,5.22860297914973
"497","35162164B14247469001779",1,310.428340947479,310.428340947479,5.73795308873989
"498","35162164B1433837472990",1,1702.97075712144,1702.97075712144,7.44012950912444
"499","35162164B14493742439580",1,457.981937882453,457.981937882453,6.12682974639865
"500","35162164B14520492938636",1,11807.4663894033,11807.4663894033,9.37648735521981
"501","35162164B14631898826694",1,242.784723746181,242.784723746181,5.49217514018037
"502","35162164B14656063603224",1,6483.99983728468,6483.99983728468,8.77709285776067
"503","35162164B14729572635571",1,NA,NA,NA
"504","35162164B14734200252425",1,566.897393885851,566.897393885851,6.34017832418766
"505","35162164B14875369166050",1,498.560279862657,498.560279862657,6.21172450458415
"506","35162164B15336588909365",1,267.788247189522,267.788247189522,5.59019654577245
"507","35162164B15393502878039",1,NA,NA,NA
"508","35162164B15608303769076",1,1450.90224743918,1450.90224743918,7.27994088151705
"509","35162164B15658417820468",1,NA,NA,NA
"510","35162164B15686644794557",1,253.717160673141,253.717160673141,5.53622010591458
"511","35162164B15710553395599",1,5095.22739452362,5095.22739452362,8.53605957557819
"512","35162164B15850560645002",1,716.25945186682,716.25945186682,6.57404246426554
"513","35162164B16069825451569",1,328.344984689355,328.344984689355,5.79406483823787
"514","35162164B16447978201917",1,NA,NA,NA
"515","35162164B16484391965954",1,2161.81017110407,2161.81017110407,7.67870119189474
"516","35162164B16799942106005",1,5436.04606460571,5436.04606460571,8.60080724922441
"517","35162164B1682453304038",1,1351.15902230009,1351.15902230009,7.20871803813918
"518","35162164B16957839422128",1,237.142982480526,237.142982480526,5.46866326082747
"519","35162164B17022445758631",1,758.097664727122,758.097664727122,6.63081222262897
"520","35162164B17022796428589",1,NA,NA,NA
"521","35162164B1707900630918",1,4361.31640949577,4361.31640949577,8.38052921955519
"522","35162164B17354137205830",1,1725.95938196767,1725.95938196767,7.4535383383234
"523","35162164B17395280980108",1,288.261348686814,288.261348686814,5.6638675293605
"524","35162164B17395603055172",1,617.398827579394,617.398827579394,6.42551521310188
"525","35162164B17645323328375",1,2314.9492766599,2314.9492766599,7.74714305555023
"526","35162164B18081939382744",1,1609.7065807502,1609.7065807502,7.38380719338809
"527","35162164B18107329513145",1,2800.30722450733,2800.30722450733,7.9374844131825
"528","35162164B182364481574",1,4384.78728191107,4384.78728191107,8.38589639323305
"529","35162164B18289340712836",1,24.3213338577747,24.3213338577747,3.19135390171958
"530","35162164B18436063056106",1,NA,NA,NA
"531","35162164B18462645016622",1,10751.7526525495,10751.7526525495,9.28282405771311
"532","35162164B18672968966255",1,1902.83984366909,1902.83984366909,7.55110270383285
"533","35162164B18988139724424",1,340.510730752945,340.510730752945,5.83044663978593
"534","35162164B19002910433442",1,403.681109597683,403.681109597683,6.00062523359508
"535","35162164B19134220719998",1,864.197937404215,864.197937404215,6.76180183678382
"536","35162164B19135592413232",1,17447.4667938268,17447.4667938268,9.76694974768427
"537","35162164B1914566735657",1,99.8085616725683,99.8085616725683,4.6032539679401
"538","35162164B19220579289922",1,237.454839343503,237.454839343503,5.46997745526125
"539","35162164B19249083063273",1,13337.5297942417,13337.5297942417,9.49833712947756
"540","35162164B19382405183666",1,10188.6448803711,10188.6448803711,9.22902913213018
"541","35162164B19425469833230",1,67.9695694690943,67.9695694690943,4.21906009720717
"542","35162164B19854739890686",1,17258.4052630949,17258.4052630949,9.7560545654148
"543","35162164B19864553701402",1,1693.31101033144,1693.31101033144,7.43444106894239
"544","35162164B20234037216973",1,192.68002761662,192.68002761662,5.26103092509095
"545","35162164B20237498885834",1,1047.1603448087,1047.1603448087,6.95383734604895
"546","35162164B2046013509646",1,1021.19851612866,1021.19851612866,6.92873223229994
"547","35162164B20589291848800",1,583.416969476342,583.416969476342,6.36890214421722
"548","35162164B20590940352842",1,NA,NA,NA
"549","35162164B20665201677941",1,8496.32318881892,8496.32318881892,9.04738878287344
"550","35162164B20700175666909",1,4620.44312033534,4620.44312033534,8.43824589296888
"551","35162164B20735321288499",1,17082.2127182489,17082.2127182489,9.74579300920042
"552","35162164B2079151775126",1,577.877763674855,577.877763674855,6.35936236477561
"553","35162164B20802405808987",1,911.156584313549,911.156584313549,6.81471476428311
"554","35162164B20853900805685",1,1365.76563562028,1365.76563562028,7.21947045558685
"555","35162164B21011442617383",1,632.921657193005,632.921657193005,6.45034665017669
"556","35162164B21667270736466",1,295.489354383983,295.489354383983,5.68863281042389
"557","35162164B21733796859397",1,3175.88645711198,3175.88645711198,8.06334207144837
"558","35162164B22116826076314",1,7930.29854030788,7930.29854030788,8.97844596086956
"559","35162164B22154659439015",1,NA,NA,NA
"560","35162164B22388149113112",1,2376.71139440067,2376.71139440067,7.77347304408657
"561","35162164B2242768806126",1,6312.0549862811,6312.0549862811,8.75021657387577
"562","35162164B22512399474750",1,1734.33790888757,1734.33790888757,7.45838101083949
"563","35162164B22514799027862",1,657.226321047545,657.226321047545,6.48802843564649
"564","35162164B22597873563843",1,10614.8556740068,10614.8556740068,9.2700097776254
"565","35162164B22602987441684",1,3290.97930626512,3290.97930626512,8.09894046094579
"566","35162164B22687194999862",1,1288.57290486649,1288.57290486649,7.16129060968423
"567","35162164B22901750711962",1,1491.73479806684,1491.73479806684,7.30769501567947
"568","35162164B2290413152887",1,NA,NA,NA
"569","35162164B23239115370775",1,354.661059793085,354.661059793085,5.87116257225443
"570","35162164B23239985864040",1,283.955896527171,283.955896527171,5.64881893218344
"571","35162164B23385405996925",1,602.197841930166,602.197841930166,6.40058603239818
"572","35162164B23409895494057",1,948.214025952816,948.214025952816,6.85458024254678
"573","35162164B23546425595788",1,1014.06373863906,1014.06373863906,6.92172104079401
"574","35162164B23618117428445",1,812.808973202408,812.808973202408,6.70049611662845
"575","35162164B23669787713896",1,18113.4875152245,18113.4875152245,9.80441210634213
"576","35162164B23827394250317",1,1311.4290152806,1311.4290152806,7.17887267300843
"577","35162164B23982900579398",1,1172.5291674453,1172.5291674453,7.066918376297
"578","35162164B2401593792892",1,136.275452193543,136.275452193543,4.91467822118768
"579","35162164B241272526579",1,1253.44580044501,1253.44580044501,7.13365167808755
"580","35162164B24217242873495",1,151.103602591157,151.103602591157,5.01796571142436
"581","35162164B24828223630236",1,966.891771876738,966.891771876738,6.87408656765573
"582","35162164B24977696654809",1,6635.92871835291,6635.92871835291,8.80025390959395
"583","35162164B25229657984831",1,12605.8486419348,12605.8486419348,9.44191616317365
"584","35162164B25602656335961",1,543.330858283043,543.330858283043,6.29771844981504
"585","35162164B25637967928692",1,491.671477167308,491.671477167308,6.19781076412705
"586","35162164B25650133668867",1,140.110334249139,140.110334249139,4.94243021399973
"587","35162164B25670326150951",1,1180.36707473263,1180.36707473263,7.07358074936616
"588","35162164B25767436951669",1,1320.91546617411,1320.91546617411,7.18608031017656
"589","35162164B25826046843734",1,7971.81163876653,7971.81163876653,8.98366705320188
"590","35162164B25865282512198",1,362.527610146627,362.527610146627,5.89310063731598
"591","35162164B26172432571373",1,2285.96407611467,2285.96407611467,7.73454312949579
"592","35162164B26182668769136",1,512.822416206747,512.822416206747,6.23992961800275
"593","35162164B26370017689795",1,849.933300158232,849.933300158232,6.74515787600332
"594","35162164B26415064985128",1,1487.1537641862,1487.1537641862,7.30461934675384
"595","35162164B26514463540699",1,NA,NA,NA
"596","35162164B26726208247039",1,853.920629431009,853.920629431009,6.74983824969306
"597","35162164B26748692145835",1,264.584373626709,264.584373626709,5.57816019334854
"598","35162164B26838097201620",1,8285.58792080492,8285.58792080492,9.02227288941961
"599","35162164B26843037379141",1,1214.02014106199,1214.02014106199,7.10169256214244
"600","35162164B26886781454226",1,562.379783736654,562.379783736654,6.33217739343617
"601","35162164B27091090727362",1,1366.60582186244,1366.60582186244,7.22008544244476
"602","35162164B27165980360946",1,846.436074339747,846.436074339747,6.74103468110759
"603","35162164B27338061419730",1,4673.91402500868,4673.91402500868,8.44975212062254
"604","35162164B27449427829131",1,705.833231936097,705.833231936097,6.55937899420203
"605","35162164B27478954341503",1,630.789256402254,630.789256402254,6.44697182324165
"606","35162164B27536144892403",1,999.206647239029,999.206647239029,6.90696161135032
"607","35162164B2754916840566",1,116.137950080484,116.137950080484,4.7547787093704
"608","35162164B27662620318918",1,341.325687819943,341.325687819943,5.83283711771547
"609","35162164B2787680447386",1,1612.77398515105,1612.77398515105,7.38571094750827
"610","35162164B27901886768337",1,1087.75475779671,1087.75475779671,6.99187099557119
"611","35162164B28230343509230",1,NA,NA,NA
"612","35162164B28347629707850",1,382.397617145479,382.397617145479,5.94646094984371
"613","35162164B28437940927119",1,5976.49932498932,5976.49932498932,8.69559027837388
"614","35162164B28497207695699",1,306.959188387394,306.959188387394,5.72671480190143
"615","35162164B28686366216138",1,NA,NA,NA
"616","35162164B28796349408819",1,843.848377342224,843.848377342224,6.73797283075859
"617","35162164B28882572278634",1,287.318474958464,287.318474958464,5.66059126937706
"618","35162164B29257726998169",1,579.654007012397,579.654007012397,6.36243138590611
"619","35162164B29334565132125",1,1027.3987415424,1027.3987415424,6.93478539313695
"620","35162164B2935679182415",1,2321.46177112579,2321.46177112579,7.74995234000834
"621","35162164B2944080233928",1,10299.2774888277,10299.2774888277,9.23982902504157
"622","35162164B29665566368909",1,740.566162129529,740.566162129529,6.6074149776295
"623","35162164B29670244219059",1,0.560746774822474,0.560746774822474,-0.578485857140983
"624","35162164B29739570351422",1,5228.37816204071,5228.37816204071,8.56185640610685
"625","35162164B29744490152199",1,467.718698025495,467.718698025495,6.147867042606
"626","35162164B29771918648995",1,471.61732549496,471.61732549496,6.15616790567916
"627","35162164B29778711665887",1,16960.3231622951,16960.3231622951,9.73863196354497
"628","35162164B29805961991353",1,1489.58234647751,1489.58234647751,7.30625105526938
"629","35162164B29979050445990",1,8348.92596418381,8348.92596418381,9.02988818252788
"630","35162164B30150096816100",1,15513.1806946478,15513.1806946478,9.64944530894646
"631","35162164B30214649518021",1,987.008883630112,987.008883630112,6.89467904003139
"632","35162164B30247748644856",1,630.117956954837,630.117956954837,6.44590703512127
"633","35162164B30305198666927",1,4799.2104245872,4799.2104245872,8.47620668848755
"634","35162164B30310519653899",1,20505.718882885,20505.718882885,9.92845909611846
"635","35162164B30603053665119",1,1136.61573009312,1136.61573009312,7.03581046837056
"636","35162164B30621256255641",1,5794.852073192,5794.852073192,8.66472522882026
"637","35162164B30744648886698",1,4503.98431137562,4503.98431137562,8.41271768654872
"638","35162164B30898640235885",1,278.631187562943,278.631187562943,5.62988899895319
"639","35162164B30968954703154",1,4087.05878565319,4087.05878565319,8.31558086703147
"640","35162164B31027952362552",1,4346.52258616798,4346.52258616798,8.37713139890916
"641","35162164B31029299854574",1,240.501631960534,240.501631960534,5.48272687522148
"642","35162164B31036277734293",1,2972.70172230378,2972.70172230378,7.99722648910635
"643","35162164B31209785534751",1,NA,NA,NA
"644","35162164B31318535149924",1,149.332731287181,149.332731287181,5.00617691217969
"645","35162164B31445567914923",1,11397.0356785929,11397.0356785929,9.34110857237579
"646","35162164B31903053355242",1,6078.92249816895,6078.92249816895,8.71258273855887
"647","35162164B31951026387591",1,1974.18355759099,1974.18355759099,7.58791020330509
"648","35162164B32079497073653",1,382.532071323395,382.532071323395,5.94681249634877
"649","35162164B3217186539387",1,180.22875549145,180.22875549145,5.19422690786768
"650","35162164B32207408635232",1,5538.32941669464,5538.32941669464,8.61944818493309
"651","35162164B32476575049647",1,3087.46011845335,3087.46011845335,8.03510406375268
"652","35162164B32503532025347",1,263.078364534974,263.078364534974,5.57245195180661
"653","35162164B32511012519739",1,1171.50858204469,1171.50858204469,7.06604758361004
"654","35162164B32586573829867",1,304.37601643838,304.37601643838,5.71826383325922
"655","35162164B32603147707699",1,4347.11470451415,4347.11470451415,8.37726761769245
"656","35162164B32711720847006",1,NA,NA,NA
"657","35162164B32881754588399",1,8695.98297331244,8695.98297331244,9.07061647080838
"658","35162164B3291213961319",1,380.305992247164,380.305992247164,5.94097617144212
"659","35162164B33008860234246",1,690.691394523382,690.691394523382,6.5376931169517
"660","35162164B33097387261556",1,1962.69340973847,1962.69340973847,7.58207299753354
"661","35162164B3312502369937",1,209.285836109296,209.285836109296,5.34370095448788
"662","35162164B33177484318806",1,83.0548467874527,83.0548467874527,4.41950119422943
"663","35162164B3327858582551",1,320.295367124677,320.295367124677,5.76924359233529
"664","35162164B33282887229490",1,548.038375139236,548.038375139236,6.30634531212254
"665","35162164B3332276953355",1,272.222310565971,272.222310565971,5.60661905073056
"666","35162164B33418122090766",1,594.613594597876,594.613594597876,6.38791177373667
"667","35162164B33499420983824",1,1389.45667855434,1389.45667855434,7.23666807097385
"668","35162164B33687534617917",1,NA,NA,NA
"669","35162164B34027282042904",1,578.529387280941,578.529387280941,6.36048934444625
"670","35162164B34108970564975",1,6039.33087399677,6039.33087399677,8.70604850234117
"671","35162164B3427671821915",1,741.773505878449,741.773505878449,6.60904394842743
"672","35162164B34336796208513",1,331.038209433332,331.038209433332,5.80223380506928
"673","35162164B34576871564652",1,368.604026586115,368.604026586115,5.90972296917528
"674","35162164B34693817831811",1,NA,NA,NA
"675","35162164B34736142106091",1,621.253260630965,621.253260630965,6.43173882589761
"676","35162164B34799384969485",1,2775.41579956055,2775.41579956055,7.92855585263547
"677","35162164B34840260601186",1,22965.3082179262,22965.3082179262,10.0417400178728
"678","35162164B34996558503734",1,68.6463948470354,68.6463948470354,4.22896861586103
"679","35162164B3499900463051",1,308.164401439652,308.164401439652,5.73063341147652
"680","35162164B35015702019735",1,124.511438609064,124.511438609064,4.82439758806241
"681","35162164B35054322137295",1,1334.61371887892,1334.61371887892,7.19639717981044
"682","35162164B35115776141340",1,4475.2197406286,4475.2197406286,8.40631073355448
"683","35162164B35138350065445",1,2254.43940450072,2254.43940450072,7.72065661992207
"684","35162164B35235229853832",1,10478.9249581212,10478.9249581212,9.25712137228136
"685","35162164B35335348273773",1,76.74276227355,76.74276227355,4.34045907939578
"686","35162164B35433441802256",1,6327.72837718964,6327.72837718964,8.75269658456758
"687","35162164B35435864807624",1,16.4704673135281,16.4704673135281,2.80156891740743
"688","35162164B3547177020810",1,1534.65054411076,1534.65054411076,7.33605797554339
"689","35162164B35604114195252",1,338.81239094466,338.81239094466,5.82544653514531
"690","35162164B35819168559936",1,939.653669273853,939.653669273853,6.84551137043177
"691","35162164B35846593220974",1,205.855554343835,205.855554343835,5.32717473033348
"692","35162164B3595633868920",1,42.7210493421555,42.7210493421555,3.75469175760297
"693","35162164B35966590555151",1,1361.7909582714,1361.7909582714,7.2165559934846
"694","35162164B35990184487288",1,NA,NA,NA
"695","35162164B36072688257457",1,10537.4396392022,10537.4396392022,9.26268987410412
"696","35162164B36130278756514",1,532.66123155266,532.66123155266,6.2778856340128
"697","35162164B36201030843686",1,245.124938023612,245.124938023612,5.50176803168063
"698","35162164B36262795857615",1,336.798420584947,336.798420584947,5.81948459288255
"699","35162164B36295319178856",1,891.398495549858,891.398495549858,6.79279157277248
"700","35162164B3638695478709",1,1731.58913878724,1731.58913878724,7.45679484319151
"701","35162164B3644248448752",1,6127.35835609436,6127.35835609436,8.72051899903462
"702","35162164B36464745645155",1,963.360757317915,963.360757317915,6.87042795983723
"703","35162164B36615656829014",1,2423.87723955333,2423.87723955333,7.79312370215814
"704","35162164B36736631592146",1,247.572087169811,247.572087169811,5.51170180089257
"705","35162164B36782193630345",1,658.261108631194,658.261108631194,6.48960167424039
"706","35162164B36860764345845",1,605.338903047517,605.338903047517,6.40578847152049
"707","35162164B36890645103450",1,392.754244049564,392.754244049564,5.97318408305969
"708","35162164B37063972584076",1,466.484291897714,466.484291897714,6.14522434747549
"709","35162164B37087641211860",1,NA,NA,NA
"710","35162164B3709572728491",1,817.978475183845,817.978475183845,6.70683602230035
"711","35162164B37105319510629",1,449.403781535029,449.403781535029,6.10792177434651
"712","35162164B37287460765736",1,3448.26535976507,3448.26535976507,8.14562658931099
"713","35162164B37355742822958",1,1062.43516248927,1062.43516248927,6.96831887539705
"714","35162164B37410879222528",1,3922.71336444952,3922.71336444952,8.27453887814364
"715","35162164B37480487737261",1,4361.44619383872,4361.44619383872,8.38055897717875
"716","35162164B37521844633919",1,7225.20778594971,7225.20778594971,8.88533127186809
"717","35162164B37577453073889",1,22035.3094510507,22035.3094510507,10.0004014207922
"718","35162164B37645034893203",1,1060.23174405895,1060.23174405895,6.96624278968154
"719","35162164B37648994900725",1,194.87894156374,194.87894156374,5.27237855328624
"720","35162164B37650855114133",1,246.548363206387,246.548363206387,5.50755817385835
"721","35162164B37971320550046",1,1812.25599344008,1812.25599344008,7.50232775335724
"722","35162164B38144883145872",1,245.092134513259,245.092134513259,5.50163419908997
"723","35162164B38387632600591",1,1194.21445754886,1194.21445754886,7.08524389051161
"724","35162164B38413956233352",1,2172.59357902952,2172.59357902952,7.68367693056378
"725","35162164B38508894129969",1,927.472533314526,927.472533314526,6.83246318036604
"726","35162164B38587864840285",1,812.569205633029,812.569205633029,6.70020108674034
"727","35162164B38655040871087",1,4241.47247298002,4241.47247298002,8.352665769301
"728","35162164B38888452611030",1,1242.87400035054,1242.87400035054,7.12518171899581
"729","35162164B38891145564470",1,1711.3066181013,1711.3066181013,7.44501246187056
"730","35162164B38966555912320",1,279.487866784409,279.487866784409,5.63295888122144
"731","35162164B38971200706697",1,916.973880731389,916.973880731389,6.82107898846083
"732","35162164B39055849407196",1,2999.99441781282,2999.99441781282,8.00636570691946
"733","35162164B39099588088418",1,752.358786431253,752.358786431253,6.62321331978526
"734","35162164B39157638140950",1,6843.78888507843,6843.78888507843,8.83109678782071
"735","35162164B39169634152977",1,2843.18176427327,2843.18176427327,7.9526790435761
"736","35162164B39311117722517",1,911.748117030263,911.748117030263,6.81536376446073
"737","35162164B39353777100388",1,427.64985537909,427.64985537909,6.05830476585087
"738","35162164B3937621778129",1,1224.09937360153,1224.09937360153,7.10996064735969
"739","35162164B39513571338002",1,6219.96018532187,6219.96018532187,8.73551878463908
"740","35162164B39523888219750",1,1924.93927630134,1924.93927630134,7.56264970144581
"741","35162164B39557523691136",1,122.433918323517,122.433918323517,4.80757144217646
"742","35162164B39676460193401",1,292.917661998868,292.917661998868,5.67989155245566
"743","35162164B39768025410051",1,5163.06370396525,5163.06370396525,8.54928542335965
"744","35162164B39839791868318",1,341.280280421078,341.280280421078,5.83270407639722
"745","35162164B39875970443562",1,13446.1081396109,13446.1081396109,9.50644498550824
"746","35162164B39915546247391",1,1133.52620212853,1133.52620212853,7.03308858580615
"747","35162164B39951318882667",1,1301.59709824383,1301.59709824383,7.17134732652606
"748","35162164B4001885115008",1,5429.84357594162,5429.84357594162,8.59966560513581
"749","35162164B40153831078788",1,443.588967101574,443.588967101574,6.09489838389003
"750","35162164B40202387586398",1,515.230865716003,515.230865716003,6.24461508315865
"751","35162164B4025167017502",1,18.4053211212158,18.4053211212158,2.9126398141776
"752","35162164B40364811374948",1,264.380058127046,264.380058127046,5.57738768201297
"753","35162164B40653151075906",1,3360.5160544052,3360.5160544052,8.11984982878447
"754","35162164B40811293491230",1,538.14394415319,538.14394415319,6.28812607856363
"755","35162164B41058885477695",1,880.452630574629,880.452630574629,6.78043612816384
"756","35162164B41129284369230",1,426.513760329485,426.513760329485,6.05564462978639
"757","35162164B41198917697525",1,2327.30997096077,2327.30997096077,7.75246836068844
"758","35162164B41272201057348",1,406.663421428502,406.663421428502,6.0079858689335
"759","35162164B41289654122948",1,3913.15810585298,3913.15810585298,8.27210002667218
"760","35162164B41303054294604",1,2350.2377943372,2350.2377943372,7.7622717910986
"761","35162164B41691661831409",1,959.647793628052,959.647793628052,6.8665663355069
"762","35162164B41784667768364",1,4749.95971812058,4749.95971812058,8.46589141659706
"763","35162164B41788523288409",1,8681.01564031124,8681.01564031124,9.0688938100618
"764","35162164B4192483471758",1,214.078262881935,214.078262881935,5.3663416625662
"765","35162164B41932037702546",1,2678.56176483154,2678.56176483154,7.89303527454051
"766","35162164B42075240589234",1,9069.8313193059,9069.8313193059,9.1127089452853
"767","35162164B42122420865004",1,153.782122154683,153.782122154683,5.03553680944823
"768","35162164B42240340469477",1,1646.34846328817,1646.34846328817,7.40631506192231
"769","35162164B42411795193024",1,158.922481962368,158.922481962368,5.06841654850861
"770","35162164B42502123725586",1,2833.67041286916,2833.67041286916,7.94932811598196
"771","35162164B42587299910885",1,10162.1057267736,10162.1057267736,9.22642095623
"772","35162164B42794382244883",1,7590.01389050312,7590.01389050312,8.93458870049381
"773","35162164B42948895051340",1,1295.55187219545,1295.55187219545,7.16669203949038
"774","35162164B43001876870642",1,817.910976490826,817.910976490826,6.70675349998445
"775","35162164B43081801814917",1,2306.75301610708,2306.75301610708,7.74359619397145
"776","35162164B43095609946318",1,719.383535165191,719.383535165191,6.57839464410108
"777","35162164B43104180618768",1,170.937111435086,170.937111435086,5.14129571947345
"778","35162164B43329717977786",1,841.761318524778,841.761318524778,6.73549650437166
"779","35162164B43359933366516",1,1329.0090704342,1329.0090704342,7.19218888369688
"780","35162164B4355148112138",1,1204.1641575706,1204.1641575706,7.09354096007201
"781","35162164B4373871632357",1,6647.42047470093,6647.42047470093,8.80198415985659
"782","35162164B4381355814899",1,2341.57125962339,2341.57125962339,7.75857746148248
"783","35162164B43983765297672",1,5700.5099067688,5700.5099067688,8.64831090714943
"784","35162164B44046782909904",1,255.651677132472,255.651677132472,5.54381588177232
"785","35162164B44082529851006",1,397.314498995543,397.314498995543,5.98472815597683
"786","35162164B44108052302901",1,2799.73726562917,2799.73726562917,7.93728085805677
"787","35162164B44118594197771",1,464.348019686341,464.348019686341,6.14063431351246
"788","35162164B44132025235652",1,9722.84386637725,9722.84386637725,9.18223343350704
"789","35162164B44510857688037",1,201.836225047857,201.836225047857,5.30745660146199
"790","35162164B44634444711623",1,506.231823274568,506.231823274568,6.22699471313333
"791","35162164B44657175287617",1,221.195910000652,221.195910000652,5.39904877942593
"792","35162164B44780300439373",1,65.4799061432853,65.4799061432853,4.1817433191373
"793","35162164B45098270678787",1,615.07550034292,615.07550034292,6.42174502505677
"794","35162164B45378325977411",1,2919.17795346349,2919.17795346349,7.97905733284087
"795","35162164B45570204479435",1,1148.92281358957,1148.92281358957,7.0465800985597
"796","35162164B45790961504178",1,1018.83087029189,1018.83087029189,6.92641104328611
"797","35162164B45791079749061",1,323.394119409993,323.394119409993,5.77887176333511
"798","35162164B45882638430456",1,1718.41977891415,1718.41977891415,7.44916041432404
"799","35162164B46053571621586",1,2943.86958500087,2943.86958500087,7.98748018029448
"800","35162164B46160238611369",1,1493.47763875015,1493.47763875015,7.30886266516386
"801","35162164B4630365107743",1,1444.65311257698,1444.65311257698,7.27562451122704
"802","35162164B464656830553",1,316.533123708479,316.533123708479,5.75742789237506
"803","35162164B46618736388217",1,522.933257741108,522.933257741108,6.25945384165979
"804","35162164B4666434979378",1,6055.47987510681,6055.47987510681,8.70871890554823
"805","35162164B46718052991793",1,916.276911944449,916.276911944449,6.8203186246052
"806","35162164B469584995552",1,768.259306482226,768.259306482226,6.6441273148093
"807","35162164B47227241958713",1,12672.8664108401,12672.8664108401,9.4472184837845
"808","35162164B47289388802077",1,NA,NA,NA
"809","35162164B4735329384018",1,34.8027248811722,34.8027248811722,3.54969568489816
"810","35162164B47400970440910",1,829.524444788322,829.524444788322,6.72085257850108
"811","35162164B47483648218814",1,524.686756424904,524.686756424904,6.26280143009378
"812","35162164B47655084452397",1,13726.873065685,13726.873065685,9.52711072815456
"813","35162164B47738675903000",1,NA,NA,NA
"814","35162164B47850165060399",1,1048.23404815942,1048.23404815942,6.95486216834331
"815","35162164B47977528408812",1,557.299293099642,557.299293099642,6.32310242613694
"816","35162164B47990147537025",1,2858.965466308,2858.965466308,7.95821511330847
"817","35162164B48134009375448",1,1793.6228206946,1793.6228206946,7.49199277563938
"818","35162164B48276520022709",1,7877.00482166372,7877.00482166372,8.97170301182244
"819","35162164B48283661565489",1,920.497379636392,920.497379636392,6.82491415399487
"820","35162164B4834326147555",1,360.012348290756,360.012348290756,5.88613833166955
"821","35162164B48366708508024",1,21.0719460260868,21.0719460260868,3.04794258359326
"822","35162164B48474720743291",1,226.916574612521,226.916574612521,5.42458243721188
"823","35162164B48594737867341",1,13873.8076421583,13873.8076421583,9.53775799922165
"824","35162164B48668524840804",1,NA,NA,NA
"825","35162164B48798891823707",1,928.879101706892,928.879101706892,6.83397859224707
"826","35162164B48833074214893",1,614.237505825758,614.237505825758,6.42038167065841
"827","35162164B48871281697567",1,435.84503290847,435.84503290847,6.07728675106012
"828","35162164B48964158147247",1,NA,NA,NA
"829","35162164B49055104405338",1,243.937758150101,243.937758150101,5.49691310320356
"830","35162164B49086916119000",1,2849.25324855529,2849.25324855529,7.95481222087919
"831","35162164B49139561829601",1,8490.1838566798,8490.1838566798,9.0466659347458
"832","35162164B49212853106844",1,118.54487896353,118.54487896353,4.77529161430745
"833","35162164B49319017371443",1,5104.56537456512,5104.56537456512,8.53789058976873
"834","35162164B49407671778739",1,214.993624365926,214.993624365926,5.370608373576
"835","35162164B49669417208425",1,277.151636328734,277.151636328734,5.62456477997515
"836","35162164B49699015358538",1,413.567645792961,413.567645792961,6.02482109429535
"837","35162164B49792832455672",1,1306.87390572727,1306.87390572727,7.17539323286243
"838","35162164B49820869522821",1,300.342562994733,300.342562994733,5.70492369986004
"839","35162164B49984893156433",1,687.297420727536,687.297420727536,6.53276712535977
"840","35162164B50002705209243",1,513.827233441398,513.827233441398,6.24188708724426
"841","35162164B50149511982959",1,283.728802232444,283.728802232444,5.64801886021625
"842","35162164B50185526040521",1,10.8850335943699,10.8850335943699,2.38738878098123
"843","35162164B50194612794123",1,5957.35167015634,5957.35167015634,8.69238131066148
"844","35162164B50213628521675",1,3543.91849963903,3543.91849963903,8.1729883147447
"845","35162164B50505339448184",1,1381.64523195028,1381.64523195028,7.23103026511408
"846","35162164B50611338864670",1,3603.84210339744,3603.84210339744,8.18975580628053
"847","35162164B50635922990966",1,919.385976724923,919.385976724923,6.82370603061813
"848","35162164B50812150666604",1,237.142458803579,237.142458803579,5.46866105254992
"849","35162164B50966628744256",1,5711.79381149292,5711.79381149292,8.65028840594018
"850","35162164B51027865452470",1,419.206961708963,419.206961708963,6.0383647399991
"851","35162164B51145992961570",1,112.951116485596,112.951116485596,4.72695512764246
"852","35162164B51236873924617",1,1258.33804502755,1258.33804502755,7.13754711740076
"853","35162164B51283194093735",1,5006.00158977389,5006.00158977389,8.51839278956536
"854","35162164B5152364964620",1,903.551592394114,903.551592394114,6.80633321121782
"855","35162164B51523673246105",1,353.426699994206,353.426699994206,5.86767610879799
"856","35162164B51703363318263",1,69.8585760211945,69.8585760211945,4.24647285584994
"857","35162164B51705520873479",1,4694.69420628451,4694.69420628451,8.45418825773941
"858","35162164B51772334527527",1,804.509317134619,804.509317134619,6.69023254763898
"859","35162164B52032683058931",1,978.225446379185,978.225446379185,6.88574016123981
"860","35162164B52048270525554",1,570.192439053953,570.192439053953,6.34597391622572
"861","35162164B52095802244464",1,6933.28409230471,6933.28409230471,8.84408887492464
"862","35162164B52339983377836",1,1106.81391973779,1106.81391973779,7.00924082439475
"863","35162164B52508011667505",1,2305.4434681569,2305.4434681569,7.74302833091971
"864","35162164B52602965230915",1,684.321573909223,684.321573909223,6.52842794443682
"865","35162164B52706250089410",1,950.69269826889,950.69269826889,6.85719087496197
"866","35162164B52838643588694",1,5743.22436427713,5743.22436427713,8.65577606753582
"867","35162164B52848122873213",1,NA,NA,NA
"868","35162164B52856134936661",1,8972.18828358889,8972.18828358889,9.10188488110747
"869","35162164B52912630691789",1,378.366724723205,378.366724723205,5.93586389653306
"870","35162164B52921582022619",1,896.099422659576,896.099422659576,6.79805136960872
"871","35162164B53146220009550",1,1235.11135554492,1235.11135554492,7.11891641143046
"872","35162164B53154080329110",1,NA,NA,NA
"873","35162164B53369988821982",1,1406.49185894407,1406.49185894407,7.24885383974684
"874","35162164B53623755674193",1,3211.75827690654,3211.75827690654,8.07457381597901
"875","35162164B53729872192207",1,1324.77467858702,1324.77467858702,7.18899767006293
"876","35162164B53813298320791",1,357.636970768608,357.636970768608,5.87951842377367
"877","35162164B53957159908750",1,1270.34932420336,1270.34932420336,7.14704720005885
"878","35162164B54094305142623",1,309.788053190112,309.788053190112,5.73588836426345
"879","35162164B54144747776936",1,341.073118230999,341.073118230999,5.832096877263
"880","35162164B54306894687431",1,485.877581613809,485.877581613809,6.18595670248744
"881","35162164B54504500114566",1,554.3164599365,554.3164599365,6.31773575098126
"882","35162164B54573865984147",1,53.5663109909743,53.5663109909743,3.98092034418351
"883","35162164B54684322655219",1,8359.07632151485,8359.07632151485,9.03110321211744
"884","35162164B54710841907593",1,625.27031315729,625.27031315729,6.43818405728644
"885","35162164B54859772673703",1,3744.38553367615,3744.38553367615,8.22801280603434
"886","35162164B5486368161051",1,2342.34648698509,2342.34648698509,7.7589084781274
"887","35162164B54904175819793",1,2101.29211873021,2101.29211873021,7.65030772912882
"888","35162164B55045053102964",1,72.8082206399739,72.8082206399739,4.28782886970632
"889","35162164B55047607861786",1,8683.3475549639,8683.3475549639,9.06916239631981
"890","35162164B55174178620740",1,847.319823812246,847.319823812246,6.74207821938092
"891","35162164B55209695103192",1,80.3762238931656,80.3762238931656,4.38671840972851
"892","35162164B55355936251636",1,1606.5716459465,1606.5716459465,7.38185777510053
"893","35162164B55494115928353",1,239.453033696413,239.453033696413,5.47835729614421
"894","35162164B55508639359232",1,1106.04698797815,1106.04698797815,7.00854766578937
"895","35162164B55527048225424",1,345.609228676036,345.609228676036,5.84530873991838
"896","35162164B55566355073112",1,53.9390999752283,53.9390999752283,3.98785563190735
"897","35162164B55570147522340",1,1789.78903768003,1789.78903768003,7.48985303584455
"898","35162164B55651843175504",1,730.662993873581,730.662993873581,6.59395233275429
"899","35162164B55653603648730",1,547.926185483709,547.926185483709,6.30614057985299
"900","35162164B55805795944357",1,286.484138587713,286.484138587713,5.65768317192663
"901","35162164B55936134420227",1,5635.83061218262,5635.83061218262,8.63689981795064
"902","35162164B55937002420663",1,1372.59640167832,1372.59640167832,7.2244594089341
"903","35162164B56267554774687",1,432.270519374758,432.270519374758,6.06905159451767
"904","35162164B56375608291865",1,2632.67128667235,2632.67128667235,7.87575430805376
"905","35162164B56395579306206",1,1361.68836717717,1361.68836717717,7.21648065522642
"906","35162164B56396362384048",1,30577.8569718505,30577.8569718505,10.3280313976242
"907","35162164B56440462518587",1,67.7292126822472,67.7292126822472,4.21551758880146
"908","35162164B56488122937951",1,6144.92060845852,6144.92060845852,8.72338110221912
"909","35162164B57006109689190",1,306.677902859263,306.677902859263,5.72579802046222
"910","35162164B57140391494677",1,224.841793741584,224.841793741584,5.41539701596001
"911","35162164B57243276794912",1,22923.6841801633,22923.6841801633,10.0399258987561
"912","35162164B57287087232463",1,1342.89330520481,1342.89330520481,7.20258174824803
"913","35162164B5732093392977",1,911.064812887311,911.064812887311,6.81461403950131
"914","35162164B57366882784799",1,618.796983969808,618.796983969808,6.42777724468866
"915","35162164B57515137909984",1,970.371651017591,970.371651017591,6.87767914349494
"916","35162164B5760982623829",1,649.266424096078,649.266424096078,6.47584314725189
"917","35162164B5774991400225",1,2079.41624916993,2079.41624916993,7.63984248386841
"918","35162164B57941425768227",1,624.025516022444,624.025516022444,6.43619125859502
"919","35162164B57970494139144",1,442.215003962964,442.215003962964,6.09179619811223
"920","35162164B58097277944417",1,1925.18005000591,1925.18005000591,7.5627747748186
"921","35162164B5812724327715",1,59370.4620379808,59370.4620379808,10.9915521095821
"922","35162164B58227039352196",1,1009.7943715091,1009.7943715091,6.91750199654228
"923","35162164B58259764346195",1,124.038959379718,124.038959379718,4.82059570480426
"924","35162164B58310088088088",1,1525.19488186598,1525.19488186598,7.32987747226442
"925","35162164B58341155442223",1,588.829929347597,588.829929347597,6.37813739721588
"926","35162164B586389844470",1,386.146844343245,386.146844343245,5.956217722881
"927","35162164B58929409429796",1,815.557754312754,815.557754312754,6.70387224029252
"928","35162164B59399831038543",1,352.875476835743,352.875476835743,5.86611523786071
"929","35162164B59555480017581",1,1014.7969808346,1014.7969808346,6.92244385258728
"930","35162164B60113687786338",1,399.717918708921,399.717918708921,5.99075909510752
"931","35162164B60318395890345",1,22773.2532374088,22773.2532374088,10.0333420226955
"932","35162164B60478226363731",1,1711.76572675139,1711.76572675139,7.44528070548716
"933","35162164B60523300331136",1,335.831114576608,335.831114576608,5.81660839841113
"934","35162164B60572790247888",1,3323.48508686245,3323.48508686245,8.10876923629313
"935","35162164B60639371650725",1,197.984623271525,197.984623271525,5.288189367434
"936","35162164B60799927677467",1,577.58160990864,577.58160990864,6.35884974827092
"937","35162164B60985093963323",1,1925.10762215853,1925.10762215853,7.56273715277393
"938","35162164B61039198412665",1,324.173332915604,324.173332915604,5.78127835087712
"939","35162164B61137004836092",1,3241.80318604671,3241.80318604671,8.08388499287934
"940","35162164B61226104202809",1,24.3602447962761,24.3602447962761,3.19295249189942
"941","35162164B6189191279068",1,941.864112904072,941.864112904072,6.84786101035345
"942","35162164B61931844295180",1,352.748727508187,352.748727508187,5.86575598337897
"943","35162164B62010559485680",1,272.602369280308,272.602369280308,5.60801421064179
"944","35162164B62024364691699",1,NA,NA,NA
"945","35162164B62151191241006",1,3845.9771934396,3845.9771934396,8.25478299618824
"946","35162164B62328940615775",1,NA,NA,NA
"947","35162164B62342793759497",1,1987.08032625943,1987.08032625943,7.59442166763276
"948","35162164B62401168973782",1,10833.0727844001,10833.0727844001,9.29035902868974
"949","35162164B62428051071911",1,16311.4877171843,16311.4877171843,9.69962490648798
"950","35162164B62692741159025",1,607.830390769392,607.830390769392,6.40989588049854
"951","35162164B62789094619129",1,5376.31386224747,5376.31386224747,8.5897582626133
"952","35162164B62900953125542",1,1502.91764226455,1502.91764226455,7.31516359268581
"953","35162164B6296725203986",1,496.109765706435,496.109765706435,6.20679720406878
"954","35162164B63214843233933",1,1159.89417650998,1159.89417650998,7.05608405279239
"955","35162164B6328683586484",1,269.452528937161,269.452528937161,5.59639222988811
"956","35162164B63355054805724",1,487.699487067983,487.699487067983,6.1896994109787
"957","35162164B63443536988454",1,499.786940984428,499.786940984428,6.21418188957696
"958","35162164B63456951667461",1,7921.49882176518,7921.49882176518,8.97733571207623
"959","35162164B63728605531274",1,11213.7278659439,11213.7278659439,9.32489400903977
"960","35162164B63932580669884",1,2982.58172303267,2982.58172303267,8.00054455444585
"961","35162164B6396716767482",1,8874.94714754283,8874.94714754283,9.09098765911944
"962","35162164B63967587387605",1,1586.9497787594,1586.9497787594,7.36956907463148
"963","35162164B64011842715923",1,475.647117710672,475.647117710672,6.16467622994877
"964","35162164B64032004028006",1,6247.11370429993,6247.11370429993,8.7398748287526
"965","35162164B64333696497287",1,1275.77299594671,1275.77299594671,7.15130754521506
"966","35162164B64456112534270",1,17352.588792552,17352.588792552,9.76149698418967
"967","35162164B64481090493590",1,1294.68117290616,1294.68117290616,7.16601974529374
"968","35162164B64614498452260",1,452.209747816697,452.209747816697,6.11414611603943
"969","35162164B64653334099040",1,348.752852581739,348.752852581739,5.85436351254797
"970","35162164B64679939862971",1,63.3840865556151,63.3840865556151,4.14921282923715
"971","35162164B64881067970982",1,2034.97751359046,2034.97751359046,7.61824004798295
"972","35162164B65076936477061",1,5747.90208630085,5747.90208630085,8.6565902126594
"973","35162164B65125805198712",1,286.994580039084,286.994580039084,5.65946333070006
"974","35162164B65128475764544",1,85.5495125837624,85.5495125837624,4.4490953028791
"975","35162164B65276003398937",1,4630.20832956731,4630.20832956731,8.4403571416549
"976","35162164B65314498182346",1,735.601475551128,735.601475551128,6.60068849864323
"977","35162164B65329015071825",1,1371.46561333336,1371.46561333336,7.2236352377581
"978","35162164B65385180644380",1,423.6808556813,423.6808556813,6.04898047294708
"979","35162164B65486523174635",1,NA,NA,NA
"980","35162164B6558506114396",1,90.5590466794744,90.5590466794744,4.5060020874502
"981","35162164B65691399727908",1,104.223551484793,104.223551484793,4.64653812570716
"982","35162164B65765715361168",1,8283.79396397784,8283.79396397784,9.02205635064386
"983","35162164B65820653235088",1,718.883081679344,718.883081679344,6.57769873209118
"984","35162164B65908868425620",1,272.68831767559,272.68831767559,5.60832944946046
"985","35162164B65937431669133",1,10045.4583779712,10045.4583779712,9.214875908659
"986","35162164B65955038225271",1,4809.80261561394,4809.80261561394,8.4784113260029
"987","35162164B66231377530280",1,748.792101527452,748.792101527452,6.61846137693394
"988","35162164B66239287050159",1,1831.22761778899,1831.22761778899,7.5127418503229
"989","35162164B66386769962643",1,6907.39402328745,6907.39402328745,8.84034771441241
"990","35162164B66396036790840",1,411.733448101357,411.733448101357,6.02037616934594
"991","35162164B66426333223872",1,1068.81228402771,1068.81228402771,6.97430329600573
"992","35162164B66483536565196",1,667.75257689923,667.75257689923,6.50391771106047
"993","35162164B67253441607804",1,1868.5522392267,1868.5522392267,7.53291920637615
"994","35162164B67357398396511",1,17341.4740426618,17341.4740426618,9.76085625494886
"995","35162164B67611771637099",1,619.565118021816,619.565118021816,6.42901780938179
"996","35162164B67834793855572",1,792.912033366337,792.912033366337,6.67571228656165
"997","35162164B67840176156165",1,152.828151186109,152.828151186109,5.02931409527433
"998","35162164B67873210702282",1,156.296714097857,156.296714097857,5.0517562141601
"999","35162164B67895796063130",1,997.043747370616,997.043747370616,6.90479464800682
"1000","35162164B67913939941732",1,2153.8246567592,2153.8246567592,7.67500045085562
"1001","35162164B68020695361946",1,20426.9477101289,20426.9477101289,9.92461027430685
"1002","35162164B6810731341858",1,1357.89518252403,1357.89518252403,7.21369111995859
"1003","35162164B68193657015740",1,941.008930396363,941.008930396363,6.84695262986592
"1004","35162164B68266542502187",1,1481.76630589418,1481.76630589418,7.30099010509141
"1005","35162164B68498720914772",1,1325.42421886697,1325.42421886697,7.18948785236101
"1006","35162164B68519247506685",1,498.169432258606,498.169432258606,6.21094024458
"1007","35162164B68550082171779",1,1129.93604681507,1129.93604681507,7.02991631436591
"1008","35162164B68647324713377",1,12674.5090029478,12674.5090029478,9.44734809026905
"1009","35162164B68655707954868",1,5859.96685783386,5859.96685783386,8.67589922689531
"1010","35162164B688158722363",1,3379.99238093853,3379.99238093853,8.12562873431433
"1011","35162164B69010938957463",1,1441.13542283058,1441.13542283058,7.27318656995342
"1012","35162164B69017338902165",1,328.969854359701,328.969854359701,5.79596611848125
"1013","35162164B69149388198567",1,1067.60860168546,1067.60860168546,6.97317647452813
"1014","35162164B69315213162773",1,NA,NA,NA
"1015","35162164B69415913554299",1,8969.9137650469,8969.9137650469,9.10163134129948
"1016","35162164B69621988819609",1,1338.68730555743,1338.68730555743,7.19944479008269
"1017","35162164B69764209566342",1,283.867221534252,283.867221534252,5.6485065990261
"1018","35162164B69767329259242",1,3567.24495587848,3567.24495587848,8.17954885580127
"1019","35162164B70002149136386",1,3972.32783122599,3972.32783122599,8.28710755731458
"1020","35162164B70010729273822",1,2665.88395553201,2665.88395553201,7.88829097223392
"1021","35162164B70039093596166",1,1449.62946285129,1449.62946285129,7.2790632598968
"1022","35162164B70126533167331",1,3070.69730654903,3070.69730654903,8.02965995047356
"1023","35162164B70690583888265",1,121.871776004285,121.871776004285,4.80296947566994
"1024","35162164B70983807913344",1,193.811720345765,193.811720345765,5.26688717412837
"1025","35162164B70989189372526",1,179.806152544878,179.806152544878,5.19187934027786
"1026","35162164B71008560556163",1,44.3355949574709,44.3355949574709,3.79178785233076
"1027","35162164B71180321026887",1,1381.69398029372,1381.69398029372,7.23106554731413
"1028","35162164B71228624509443",1,3028.6540831621,3028.6540831621,8.01587360284251
"1029","35162164B7127592145054",1,417.562025163993,417.562025163993,6.03443309652353
"1030","35162164B71805351346614",1,201.590770360827,201.590770360827,5.30623975320885
"1031","35162164B7183290362481",1,456.205635899156,456.205635899156,6.12294366378353
"1032","35162164B7183991745981",1,991.963859044462,991.963859044462,6.89968667420634
"1033","35162164B71943949952285",1,1674.97223043934,1674.97223043934,7.42355186527955
"1034","35162164B71980128159858",1,322.107162822932,322.107162822932,5.77488429397543
"1035","35162164B7201362234672",1,916.751049061418,916.751049061418,6.82083595127739
"1036","35162164B72415884278967",1,367.92842774868,367.92842774868,5.90788842943997
"1037","35162164B72501764161352",1,3306.37378497243,3306.37378497243,8.10360733459497
"1038","35162164B72512269852971",1,10907.1609908151,10907.1609908151,9.29717482414026
"1039","35162164B72590752021291",1,673.480389382653,673.480389382653,6.51245887795456
"1040","35162164B72617590649552",1,766.944530907273,766.944530907273,6.64241447920484
"1041","35162164B72746887370475",1,123.964976789579,123.964976789579,4.81999908046454
"1042","35162164B72879195732120",1,1680.94972186297,1680.94972186297,7.42711422330216
"1043","35162164B72910549593944",1,216.294473883547,216.294473883547,5.37664078424405
"1044","35162164B72966387621417",1,1674.69425907344,1674.69425907344,7.42338589570174
"1045","35162164B72968127914093",1,4292.14968887143,4292.14968887143,8.36454297939392
"1046","35162164B73119791157228",1,7101.15079818726,7101.15079818726,8.8680121341469
"1047","35162164B73190179505267",1,7695.29345291138,7695.29345291138,8.94836418107688
"1048","35162164B7327807293180",1,935.378794243485,935.378794243485,6.84095157477982
"1049","35162164B73697792957212",1,466.515439193845,466.515439193845,6.14529111554649
"1050","35162164B73749532735960",1,NA,NA,NA
"1051","35162164B73997840305006",1,5839.55042022228,5839.55042022228,8.67240909002029
"1052","35162164B74015662320963",1,6137.46387498855,6137.46387498855,8.72216688613654
"1053","35162164B74045295228727",1,44.4298940900713,44.4298940900713,3.79391253319686
"1054","35162164B74485762582225",1,10.8788281679153,10.8788281679153,2.38681853047234
"1055","35162164B74535275196744",1,2311.74705329627,2311.74705329627,7.74575881779327
"1056","35162164B74561990131004",1,1246.71819717988,1246.71819717988,7.12826993552248
"1057","35162164B74733900924427",1,4020.49982134342,4020.49982134342,8.29916150755179
"1058","35162164B7477347872499",1,621.46979368329,621.46979368329,6.43208730749014
"1059","35162164B74806153768774",1,318.081378059983,318.081378059983,5.76230725589086
"1060","35162164B74837009973467",1,263.146004295945,263.146004295945,5.57270902755358
"1061","35162164B74947223762643",1,NA,NA,NA
"1062","35162164B75012255495996",1,352.712426811159,352.712426811159,5.86565306999575
"1063","35162164B75101619915753",1,NA,NA,NA
"1064","35162164B75354004802205",1,551.419570693374,551.419570693374,6.31249599069357
"1065","35162164B75418708729676",1,1679.20534573592,1679.20534573592,7.42607595200298
"1066","35162164B75494899713606",1,315.969902897701,315.969902897701,5.7556469650563
"1067","35162164B75734537804589",1,369.651217126027,369.651217126027,5.91255990464215
"1068","35162164B7581344953903",1,425.72262827985,425.72262827985,6.05378802688265
"1069","35162164B76001906737626",1,9.52269230127334,9.52269230127334,2.25367761357715
"1070","35162164B76097011770940",1,NA,NA,NA
"1071","35162164B76141633592259",1,31.3852047288045,31.3852047288045,3.44633659488999
"1072","35162164B76299075946348",1,3228.36109620422,3228.36109620422,8.07972988688951
"1073","35162164B76427572399995",1,728.681335844994,728.681335844994,6.5912365114005
"1074","35162164B76764344209894",1,501.138883262277,501.138883262277,6.21688327476904
"1075","35162164B76905261736533",1,4819.01633195534,4819.01633195534,8.4803251057102
"1076","35162164B76933711191894",1,602.707788205743,602.707788205743,6.40143248259854
"1077","35162164B771777787969",1,213.180833604932,213.180833604932,5.36214078958702
"1078","35162164B77351699219617",1,123.438167052753,123.438167052753,4.81574035905251
"1079","35162164B77417429769300",1,11011.7974031213,11011.7974031213,9.30672246826555
"1080","35162164B77455172963326",1,940.371270908192,940.371270908192,6.84627476633557
"1081","35162164B77471538431519",1,171.858478762805,171.858478762805,5.14667134023881
"1082","35162164B77716442881052",1,1314.23816343099,1314.23816343099,7.18101243332915
"1083","35162164B77771311357485",1,346.748271932006,346.748271932006,5.84859907556899
"1084","35162164B77793812605243",1,11098.5875740814,11098.5875740814,9.31457313362577
"1085","35162164B77975290003350",1,1135.67676787689,1135.67676787689,7.0349840234736
"1086","35162164B78196937555517",1,809.401446844936,809.401446844936,6.6962950199926
"1087","35162164B78200354698048",1,67.9165325686336,67.9165325686336,4.21827948900135
"1088","35162164B78220788438035",1,1388.9754974407,1388.9754974407,7.23632170216729
"1089","35162164B78312843571031",1,4177.23443649501,4177.23443649501,8.33740468848959
"1090","35162164B78675605051517",1,1768.44704040885,1768.44704040885,7.47785706214617
"1091","35162164B78704123867302",1,283.719866190478,283.719866190478,5.6479873647085
"1092","35162164B78781462284724",1,122.250479314886,122.250479314886,4.80607204912346
"1093","35162164B7887157811958",1,75.8618284761906,75.8618284761906,4.32891363926833
"1094","35162164B78894493117330",1,887.479020187259,887.479020187259,6.78838488184454
"1095","35162164B79148347758299",1,141.80936629355,141.80936629355,4.95448366476254
"1096","35162164B79316798311168",1,58.6507486709952,58.6507486709952,4.07160034008187
"1097","35162164B79413675859532",1,5861.53717292786,5861.53717292786,8.67616716437147
"1098","35162164B79454937987859",1,17.2977920334041,17.2977920334041,2.85057886523164
"1099","35162164B7950150342067",1,335.72558437869,335.72558437869,5.81629411311265
"1100","35162164B79658494056814",1,502.551814495325,502.551814495325,6.21969874804094
"1101","35162164B7967123658868",1,1250.32225845218,1250.32225845218,7.13115660383164
"1102","35162164B7972342313960",1,144.487932192162,144.487932192162,4.97319598982388
"1103","35162164B79794886867745",1,264.467583653331,264.467583653331,5.57771868671137
"1104","35162164B79839429868607",1,315.175496242642,315.175496242642,5.75312961461484
"1105","35162164B79856958417190",1,6209.31195756793,6209.31195756793,8.73380537290643
"1106","35162164B79871706950018",1,1599.86892874151,1599.86892874151,7.37767698533573
"1107","35162164B79898656875181",1,3992.2227770853,3992.2227770853,8.29210344175736
"1108","35162164B80036140892395",1,1787.18400854439,1787.18400854439,7.48839648050431
"1109","35162164B80475473742606",1,231.470388941094,231.470388941094,5.44445195580345
"1110","35162164B80562151711640",1,345.972038698569,345.972038698569,5.84635795878226
"1111","35162164B80588060868180",1,1900.93381602734,1900.93381602734,7.55010052653641
"1112","35162164B8108508636873",1,99.8128570321202,99.8128570321202,4.60329700299696
"1113","35162164B81186004485323",1,6892.38043350935,6892.38043350935,8.83817179541478
"1114","35162164B81256238253343",1,480.732043525428,480.732043525428,6.17531003281018
"1115","35162164B81260181661363",1,18946.6949302131,18946.6949302131,9.84938478528424
"1116","35162164B8126032291410",1,NA,NA,NA
"1117","35162164B81331151620228",1,1330.36171471179,1330.36171471179,7.19320615018848
"1118","35162164B81334638416928",1,5103.27562124193,5103.27562124193,8.53763789121463
"1119","35162164B81478119519036",1,938.863157663643,938.863157663643,6.84466973660072
"1120","35162164B81504679646753",1,627.760566834211,627.760566834211,6.44215883076613
"1121","35162164B81544331747727",1,3077.8342347195,3077.8342347195,8.03198145808164
"1122","35162164B81808601681355",1,815.107734287828,815.107734287828,6.70332029381484
"1123","35162164B81949872862729",1,233.136620458886,233.136620458886,5.45162463562822
"1124","35162164B82075264350235",1,1215.85467516512,1215.85467516512,7.10320254482916
"1125","35162164B82157921225742",1,7619.35834881529,7619.35834881529,8.93844743894293
"1126","35162164B82209603617868",1,5777.61300800324,5777.61300800324,8.66174590197511
"1127","35162164B82314120989703",1,207.729853727818,207.729853727818,5.33623845540067
"1128","35162164B82503842404748",1,131.611910448074,131.611910448074,4.87985751972047
"1129","35162164B82842507514093",1,695.890061599612,695.890061599612,6.545191690386
"1130","35162164B8288674907050",1,5070.53293159485,5070.53293159485,8.53120120577405
"1131","35162164B8322659721088",1,787.225048377514,787.225048377514,6.66851416481707
"1132","35162164B83428714797918",1,7707.47780180752,7707.47780180752,8.94994627967929
"1133","35162164B83508075470533",1,1405.07534693718,1405.07534693718,7.24784620804323
"1134","35162164B83544121757555",1,696.19846251592,696.19846251592,6.54563476698065
"1135","35162164B83694508708576",1,9499.53036742687,9499.53036742687,9.15899764135898
"1136","35162164B83697985197757",1,214.697218759209,214.697218759209,5.36922875072169
"1137","35162164B83752279361185",1,517.030852581263,517.030852581263,6.24810254890053
"1138","35162164B83790317969803",1,2561.85316439509,2561.85316439509,7.84848616793176
"1139","35162164B83791662867727",1,561.6335989286,561.6335989286,6.3308496780741
"1140","35162164B83840665506835",1,516.55428640496,516.55428640496,6.24718038740246
"1141","35162164B84210175764285",1,1092.81758219361,1092.81758219361,6.99651457781009
"1142","35162164B84260366908441",1,834.835197671652,834.835197671652,6.72723433731332
"1143","35162164B84273758465737",1,151.861505101919,151.861505101919,5.02296895485094
"1144","35162164B8427556516221",1,567.542237882912,567.542237882912,6.34131517457344
"1145","35162164B84385181551937",1,4042.27441067114,4042.27441067114,8.30456278548378
"1146","35162164B84386014824349",1,5519.75632881165,5519.75632881165,8.61608899496557
"1147","35162164B84406525891877",1,113.667334374487,113.667334374487,4.7332760628605
"1148","35162164B84535321325965",1,586.425207740962,586.425207740962,6.37404513692846
"1149","35162164B84540905905219",1,2130.64397645295,2130.64397645295,7.66417954937193
"1150","35162164B84564227894690",1,8005.8853063168,8005.8853063168,8.98793221348398
"1151","35162164B84883073198144",1,429.156079537868,429.156079537868,6.06182067452752
"1152","35162164B84932287518076",1,1231.51070675254,1231.51070675254,7.11599691159713
"1153","35162164B84999792785249",1,895.315881782174,895.315881782174,6.79717659654474
"1154","35162164B85043288699007",1,586.739584542811,586.739584542811,6.37458108347484
"1155","35162164B85447112983414",1,5803.49579380743,5803.49579380743,8.66621573804016
"1156","35162164B85670822748309",1,883.923329494596,883.923329494596,6.78437032753531
"1157","35162164B85716408466784",1,2927.05544668853,2927.05544668853,7.9817522296927
"1158","35162164B85999917170291",1,3461.43970352769,3461.43970352769,8.14943988079193
"1159","35162164B86064916766341",1,23626.2051952991,23626.2051952991,10.0701117646184
"1160","35162164B86146780861409",1,6605.17758270446,6605.17758270446,8.79560910269711
"1161","35162164B86222512228272",1,498.957563357428,498.957563357428,6.21252104876324
"1162","35162164B86319358416590",1,286.167265260816,286.167265260816,5.65657648343479
"1163","35162164B86369616224577",1,NA,NA,NA
"1164","35162164B86395405111301",1,1257.16108874887,1257.16108874887,7.1366113537197
"1165","35162164B86529685983259",1,0,0,0
"1166","35162164B86683666691782",1,756.423889713287,756.423889713287,6.62860191972459
"1167","35162164B86825253629714",1,200.050643773973,200.050643773973,5.29857055336341
"1168","35162164B86902015023409",1,176.416674723625,176.416674723625,5.17284866701692
"1169","35162164B86995698526112",1,9670.6303236597,9670.6303236597,9.17684876974178
"1170","35162164B87237067995855",1,1804.07428527683,1804.07428527683,7.49780287786614
"1171","35162164B87426615399239",1,509.158891271949,509.158891271949,6.23276013143672
"1172","35162164B87465584551900",1,1073.28288867891,1073.28288867891,6.97847735064066
"1173","35162164B87505352772757",1,747.971861804128,747.971861804128,6.61736535935799
"1174","35162164B8753161454074",1,585.188946947157,585.188946947157,6.37193478131749
"1175","35162164B87941103289150",1,5534.44974266052,5534.44974266052,8.61874742604735
"1176","35162164B88081723771743",1,NA,NA,NA
"1177","35162164B88130973565417",1,1451.91247941621,1451.91247941621,7.28063691768392
"1178","35162164B88170081075241",1,793.338064673543,793.338064673543,6.67624944185384
"1179","35162164B88247729447591",1,332.529696152508,332.529696152508,5.80672916784472
"1180","35162164B88315297420476",1,284.741919644177,284.741919644177,5.65158322490684
"1181","35162164B88427883385320",1,1708.94462920785,1708.94462920785,7.44363128306342
"1182","35162164B88480680408023",1,2827.73501344651,2827.73501344651,7.94723132158187
"1183","35162164B88569778097944",1,1108.87544859052,1108.87544859052,7.01110167138629
"1184","35162164B88656538124428",1,386.286623329222,386.286623329222,5.95657964139788
"1185","35162164B8865729404977",1,274.291822585017,274.291822585017,5.61419258555975
"1186","35162164B88924439668944",1,186.029380538687,186.029380538687,5.22590462112427
"1187","35162164B89182870898706",1,1990.40322036788,1990.40322036788,7.59609252049365
"1188","35162164B8946338387222",1,NA,NA,NA
"1189","35162164B89480386947841",1,4298.071717995,4298.071717995,8.36592176342783
"1190","35162164B89618160361249",1,27753.5799815839,27753.5799815839,10.2311201191991
"1191","35162164B89833620700240",1,5315.66389686585,5315.66389686585,8.57841319301605
"1192","35162164B89901853898241",1,1055.61777536944,1055.61777536944,6.96188144360206
"1193","35162164B89920990843468",1,1139.82599331789,1139.82599331789,7.03863089229781
"1194","35162164B90104213269537",1,5848.36990370735,5848.36990370735,8.67391825245716
"1195","35162164B90129304114534",1,525.310366568565,525.310366568565,6.26398926233318
"1196","35162164B90275404298477",1,731.271207899451,731.271207899451,6.59478440038117
"1197","35162164B90437908780159",1,374.466014740467,374.466014740467,5.92550105048283
"1198","35162164B90496375174706",1,460.893909782991,460.893909782991,6.13316788588995
"1199","35162164B90501646319876",1,151.768942880556,151.768942880556,5.02235925167496
"1200","35162164B90631715404715",1,5400.18850234985,5400.18850234985,8.59418913978567
"1201","35162164B90727917616152",1,1242.61828823529,1242.61828823529,7.12497595523841
"1202","35162164B90801381088985",1,1995.64812854432,1995.64812854432,7.59872415302635
"1203","35162164B90853337499161",1,1176.26686720908,1176.26686720908,7.07010103061321
"1204","35162164B90999728098455",1,642.156280902624,642.156280902624,6.46483170226336
"1205","35162164B91014165776113",1,9070.04398725986,9070.04398725986,9.11273239285044
"1206","35162164B91042411005085",1,563.002821307108,563.002821307108,6.33328463932981
"1207","35162164B91305720017158",1,5453.55104217529,5453.55104217529,8.60402224285104
"1208","35162164B91625858594399",1,110.307312173843,110.307312173843,4.70327021756933
"1209","35162164B91682450620726",1,261.065519677997,261.065519677997,5.56477140906815
"1210","35162164B91850627235480",1,7278.57994474344,7278.57994474344,8.89269105962832
"1211","35162164B91948341108244",1,869.875026003271,869.875026003271,6.76834955305813
"1212","35162164B92047869357109",1,426.448389646783,426.448389646783,6.05549135057504
"1213","35162164B92062232277676",1,NA,NA,NA
"1214","35162164B92137147076245",1,NA,NA,NA
"1215","35162164B92247679350017",1,1666.76503029943,1666.76503029943,7.41863991918628
"1216","35162164B92549367267608",1,700.390971127748,700.390971127748,6.55163870930597
"1217","35162164B92781238126857",1,6054.8166526413,6054.8166526413,8.70860937520525
"1218","35162164B93120993003597",1,8096.89844021589,8096.89844021589,8.99923635871698
"1219","35162164B93275351105411",1,165.481913647652,165.481913647652,5.10886190574953
"1220","35162164B93405453104311",1,1146.31547306865,1146.31547306865,7.04430814130139
"1221","35162164B93697216068198",1,836.035169801339,836.035169801339,6.72867068134018
"1222","35162164B9444925606644",1,1547.0394064112,1547.0394064112,7.34409832304192
"1223","35162164B94591120431982",1,901.308369366825,901.308369366825,6.80384745140278
"1224","35162164B94618775040480",1,15287.2833532563,15287.2833532563,9.6347766083991
"1225","35162164B9477131027693",1,38.7870620590448,38.7870620590448,3.65808673893524
"1226","35162164B94814409618708",1,4143.83997534618,4143.83997534618,8.32937816720581
"1227","35162164B94878294408370",1,73.5075670989603,73.5075670989603,4.29738835464677
"1228","35162164B94885023749257",1,449.070950528234,449.070950528234,6.10718089425241
"1229","35162164B94979885438142",1,196.615197903439,196.615197903439,5.28124850840504
"1230","35162164B95023156542012",1,105.701399462223,105.701399462223,4.66061813273389
"1231","35162164B95086429513149",1,3550.64369779497,3550.64369779497,8.1748841893549
"1232","35162164B95182825999511",1,723.232506710663,723.232506710663,6.58373075650623
"1233","35162164B95235010398339",1,7101.756131493,7101.756131493,8.8680973749091
"1234","35162164B95277716885398",1,1022.06203564823,1022.06203564823,6.92957746916435
"1235","35162164B95336658593472",1,1096.4054687994,1096.4054687994,6.99979235237624
"1236","35162164B95338494684554",1,50.1600282859802,50.1600282859802,3.91521846023958
"1237","35162164B9540250970382",1,NA,NA,NA
"1238","35162164B95735814838892",1,4859.73461824536,4859.73461824536,8.48873911010431
"1239","35162164B95781779373245",1,314.791658945978,314.791658945978,5.75191101983255
"1240","35162164B95822393911903",1,717.868933729753,717.868933729753,6.57628700883325
"1241","35162164B95972022762023",1,9831.62407845221,9831.62407845221,9.19335941602063
"1242","35162164B95996470591729",1,2359.57027134605,2359.57027134605,7.76623479302686
"1243","35162164B96084595050032",1,2220.79688249346,2220.79688249346,7.70562136653514
"1244","35162164B96250965166702",1,413.495827055573,413.495827055573,6.02464742264879
"1245","35162164B96295666653816",1,555.45919509083,555.45919509083,6.31979515019952
"1246","35162164B96310726996388",1,10475.168274231,10475.168274231,9.25676280902704
"1247","35162164B96342745207455",1,119.983363784328,119.983363784328,4.78735309804071
"1248","35162164B96460942686930",1,267.919290228486,267.919290228486,5.59068577929046
"1249","35162164B96583511443133",1,1247.90174813628,1247.90174813628,7.1292188183753
"1250","35162164B96611236567141",1,7717.73018416703,7717.73018416703,8.95127558219223
"1251","35162164B96640931331626",1,840.671222059727,840.671222059727,6.73420064662843
"1252","35162164B96692196397264",1,1313.53076301336,1313.53076301336,7.18047402949341
"1253","35162164B96711316915897",1,9234.71141075268,9234.71141075268,9.13072464263263
"1254","35162164B96714679751706",1,NA,NA,NA
"1255","35162164B96715375867031",1,352.035271837488,352.035271837488,5.86373137466178
"1256","35162164B96970037909745",1,6268.54857168794,6268.54857168794,8.74330011906047
"1257","35162164B97038798352871",1,612.152923049703,612.152923049703,6.41698212556317
"1258","35162164B97331945744119",1,531.66658306241,531.66658306241,6.27601656930144
"1259","35162164B97452353995756",1,1832.54698551238,1832.54698551238,7.513462073548
"1260","35162164B97490588079311",1,54.8386399230361,54.8386399230361,4.00439505356666
"1261","35162164B97516507779443",1,1337.0654870677,1337.0654870677,7.19823255650655
"1262","35162164B97541519725805",1,2401.2084244436,2401.2084244436,7.78372739980215
"1263","35162164B97593710454644",1,10579.7490610266,10579.7490610266,9.26669698689156
"1264","35162164B97601190647681",1,1155.46693155281,1155.46693155281,7.05225981100359
"1265","35162164B97773298225598",1,167.585278701708,167.585278701708,5.12149234828152
"1266","35162164B9815447309573",1,11654.8205012955,11654.8205012955,9.36347515034701
"1267","35162164B9855276322248",1,17282.4324797346,17282.4324797346,9.75744580095425
"1268","35162164B9857986666330",1,618.151657265201,618.151657265201,6.42673382745751
"1269","35162164B98657786354217",1,1196.33721380159,1196.33721380159,7.08701984610889
"1270","35162164B9883700660134",1,2425.89393084183,2425.89393084183,7.79395536671875
"1271","35162164B98907208586584",1,NA,NA,NA
"1272","35162164B98980028218745",1,2138.61057632357,2138.61057632357,7.66791163375294
"1273","35162164B99106227267700",1,23083.526703357,23083.526703357,10.0468745123871
"1274","35162164B99205050964205",1,244.530047984421,244.530047984421,5.49933819700568
"1275","35162164B99322895276990",1,209.389320648909,209.389320648909,5.34419529736947
"1276","35162164B99467656280123",1,295.340201207399,295.340201207399,5.68812791631918
"1277","35162164B99492645825608",1,280.487251889184,280.487251889184,5.63652827611957
"1278","35162164B99808802322822",1,64.5576796516776,64.5576796516776,4.16755908235666
"1279","48082658B13739269194746",1,8795.02358070255,8795.02358070255,9.08194133831673
"1280","48082658B34496181007538",1,643.92588455975,643.92588455975,6.4675836333941
"1281","48082658B59083030943668",1,1767.25239169121,1767.25239169121,7.47718129839077
"1282","48082658B75580171821310",1,578.469664292335,578.469664292335,6.36038610669756
"1283","50627088B11000044177611",1,1768.39482228912,1768.39482228912,7.47782753404072
"1284","50627088B11055345087016",1,1915.52555258118,1915.52555258118,7.55774730395315
"1285","50627088B11055849709035",1,5427.46015958484,5427.46015958484,8.59922656125288
"1286","50627088B11342287528543",1,21033.7031771422,21033.7031771422,9.95388134340592
"1287","50627088B13205785170557",1,40482.5710432324,40482.5710432324,10.6086268158583
"1288","50627088B13414539887729",1,13740.5344820067,13740.5344820067,9.52810546472913
"1289","50627088B13566267376953",1,8309.44482704388,8309.44482704388,9.02514807780113
"1290","50627088B14192360660462",1,926.464164197445,926.464164197445,6.8313753662914
"1291","50627088B14246153618123",1,11972.2315572411,11972.2315572411,9.39034521035263
"1292","50627088B14293404548968",1,55606.2119888432,55606.2119888432,10.9260502004158
"1293","50627088B147152783463",1,31814.4926340714,31814.4926340714,10.3676772081587
"1294","50627088B16225885503466",1,3223.32095314695,3223.32095314695,8.07816745896946
"1295","50627088B16692163202625",1,6177.93427912427,6177.93427912427,8.72873923553335
"1296","50627088B17775839910325",1,5981.22384200867,5981.22384200867,8.69638048185982
"1297","50627088B18833881773629",1,2114.09904418871,2114.09904418871,7.65638401688836
"1298","50627088B18979328604802",1,26148.1005927005,26148.1005927005,10.1715318317766
"1299","50627088B19376593923850",1,2034.08179504931,2034.08179504931,7.6177997896885
"1300","50627088B19629069707009",1,1006.50167307374,1006.50167307374,6.91423590734746
"1301","50627088B19734737763323",1,10222.3689609789,10222.3689609789,9.2323336334703
"1302","50627088B20375223993214",1,463.6595454216,463.6595454216,6.13915054459303
"1303","50627088B21125637021022",1,6382.75889878962,6382.75889878962,8.76135571214561
"1304","50627088B21737017229754",1,9199.8279243508,9199.8279243508,9.1269400589873
"1305","50627088B21782109949998",1,119263.083122843,119263.083122843,11.6890871144547
"1306","50627088B22415210439928",1,1783.79282528557,1783.79282528557,7.48649717707219
"1307","50627088B22697915736316",1,49654.2441824243,49654.2441824243,10.8128391478426
"1308","50627088B23410005526234",1,634.966935528978,634.966935528978,6.4535729275039
"1309","50627088B23494888304599",1,2494.42029761523,2494.42029761523,7.82181163554399
"1310","50627088B23894321184997",1,1789.99699397497,1789.99699397497,7.4899692194898
"1311","50627088B23912384176542",1,4200.12711307213,4200.12711307213,8.34287006883066
"1312","50627088B25525768162846",1,5286.75335383011,5286.75335383011,8.57295960370599
"1313","50627088B25752272792370",1,1338.34048332558,1338.34048332558,7.19918568015844
"1314","50627088B26281620081416",1,1416.80351562035,1416.80351562035,7.25615856784637
"1315","50627088B2648172559689",1,2940.03925437514,2940.03925437514,7.98617821207187
"1316","50627088B28083225707634",1,1422.18287519864,1422.18287519864,7.25994820631283
"1317","50627088B28175104329163",1,91.7821678844094,91.7821678844094,4.51941802913237
"1318","50627088B29480766363328",1,163156.976539323,163156.976539323,12.0024680626109
"1319","50627088B29735137627697",1,2598.61940808207,2598.61940808207,7.86273558608929
"1320","50627088B30593781264169",1,4591.46603993312,4591.46603993312,8.43195465073593
"1321","50627088B3077567338706",1,710.2135984303,710.2135984303,6.5655657676508
"1322","50627088B31715141251473",1,667.736103743315,667.736103743315,6.50389304120567
"1323","50627088B31843590952822",1,34267.7884197872,34267.7884197872,10.4419610787853
"1324","50627088B32201743992634",1,22895.6555241684,22895.6555241684,10.0387024564423
"1325","50627088B3254023966858",1,7342.50923350465,7342.50923350465,8.90143592061433
"1326","50627088B32639948648088",1,1283.31542928517,1283.31542928517,7.15720218731004
"1327","50627088B32826565100822",1,3030.62745907845,3030.62745907845,8.01652495926896
"1328","50627088B33272492236803",1,1436.74928044297,1436.74928044297,7.27013839656501
"1329","50627088B33343665113881",1,673.524190788269,673.524190788269,6.51252391322805
"1330","50627088B3340107825603",1,6678.13101603409,6678.13101603409,8.80659343936387
"1331","50627088B34380918216366",1,7473.1208285368,7473.1208285368,8.9190679724784
"1332","50627088B35063367960799",1,5787.03132803559,5787.03132803559,8.66337471507838
"1333","50627088B35219806779119",1,2715.20988965506,2715.20988965506,7.90662453680357
"1334","50627088B35254539369817",1,27221.6365234536,27221.6365234536,10.2117673964942
"1335","50627088B35407667926695",1,14687.1698449065,14687.1698449065,9.5947295919892
"1336","50627088B35781734794767",1,5491.06549210489,5491.06549210489,8.61087759438037
"1337","50627088B36584167330730",1,287304.878935337,287304.878935337,12.5682992268466
"1338","50627088B36629639951607",1,13508.9852304963,13508.9852304963,9.51111031566064
"1339","50627088B36916974246303",1,20152.6681853096,20152.6681853096,9.91109197475298
"1340","50627088B37574101781202",1,2900.41783990361,2900.41783990361,7.97261008832103
"1341","50627088B38006544151025",1,3664.47934384644,3664.47934384644,8.20644154252274
"1342","50627088B38726210466963",1,1258.20188216631,1258.20188216631,7.13743890305462
"1343","50627088B3891560925219",1,3805.29008029133,3805.29008029133,8.24414750399737
"1344","50627088B39725244996961",1,10163.6080569219,10163.6080569219,9.22656878180376
"1345","50627088B40114968381237",1,3066.47884154888,3066.47884154888,8.02828522517231
"1346","50627088B40588220742551",1,2516.77987627,2516.77987627,7.83073553651156
"1347","50627088B407128365288",1,1983.98209298342,1983.98209298342,7.59286126209008
"1348","50627088B40766797013882",1,1880.73654075606,1880.73654075606,7.53941875609733
"1349","50627088B41598695930571",1,1148.26659158591,1148.26659158591,7.04600877255582
"1350","50627088B41623803853756",1,4118.8974648393,4118.8974648393,8.32334080090927
"1351","50627088B42259130127478",1,31498.5634549466,31498.5634549466,10.3576972191689
"1352","50627088B42762923799593",1,123898.324456336,123898.324456336,11.727216544171
"1353","50627088B4336628154898",1,629.590826302767,629.590826302767,6.44507012632164
"1354","50627088B43968623050569",1,3047.11711792726,3047.11711792726,8.02195121537444
"1355","50627088B44286312453490",1,8014.87551724672,8014.87551724672,8.98905453369993
"1356","50627088B44325844146536",1,1284.88875910458,1284.88875910458,7.15842742479182
"1357","50627088B44496108616070",1,25331.6538784336,25331.6538784336,10.1398100341304
"1358","50627088B4470320076946",1,116869.148027518,116869.148027518,11.6688101949846
"1359","50627088B45441994431912",1,2476.06989331528,2476.06989331528,7.81442786172404
"1360","50627088B46889164342382",1,388996.621507368,388996.621507368,12.8713259374918
"1361","50627088B47039366190393",1,98437.7899653297,98437.7899653297,11.4971800536773
"1362","50627088B47201282051967",1,29578.7282203321,29578.7282203321,10.2948107407608
"1363","50627088B47581095224708",1,6856.34429344594,6856.34429344594,8.83292967684725
"1364","50627088B48315621116970",1,19746.2170621624,19746.2170621624,9.89071721082658
"1365","50627088B48503971747263",1,849.868929387464,849.868929387464,6.74508213687358
"1366","50627088B48878953618841",1,8446.31245800815,8446.31245800815,9.041485229601
"1367","50627088B49667665932630",1,1454.64018308667,1454.64018308667,7.28251385217504
"1368","50627088B50868088212733",1,487.905910293907,487.905910293907,6.19012258048875
"1369","50627088B51623896111696",1,37926.2892078329,37926.2892078329,10.5433997972535
"1370","50627088B51809073979104",1,2850.42131482518,2850.42131482518,7.95522209210017
"1371","50627088B5221153952637",1,3076.11827064455,3076.11827064455,8.0314237793807
"1372","50627088B53471803847057",1,1396.39973310666,1396.39973310666,7.24165258410129
"1373","50627088B53644428615322",1,2356.23522172004,2356.23522172004,7.7648203792276
"1374","50627088B54217054702449",1,7021.6209098219,7021.6209098219,8.85674936920185
"1375","50627088B54668599036443",1,1702.4508958289,1702.4508958289,7.43982419521647
"1376","50627088B55174657645518",1,52396.7600608026,52396.7600608026,10.8666000374968
"1377","50627088B55202518937979",1,59651.7421352586,59651.7421352586,10.9962786330553
"1378","50627088B55287529852114",1,9001.15383345127,9001.15383345127,9.10510805181777
"1379","50627088B55545748869449",1,50810.1003660776,50810.1003660776,10.8358504399072
"1380","50627088B5602491796839",1,8319.59281666368,8319.59281666368,9.02636859231279
"1381","50627088B56104318486016",1,2548.63711035393,2548.63711035393,7.84331402874646
"1382","50627088B56172328383937",1,18242.1906292323,18242.1906292323,9.81149235670372
"1383","50627088B56409372857875",1,9822.77450211857,9822.77450211857,9.19245889730006
"1384","50627088B5673549327791",1,1522.95515153272,1522.95515153272,7.32840790501097
"1385","50627088B57690214716715",1,654.689072035253,654.689072035253,6.48416042374711
"1386","50627088B57748910151999",1,1758.00332045414,1758.00332045414,7.47193396701134
"1387","50627088B57971111763522",1,14531.6722289231,14531.6722289231,9.5840858379617
"1388","50627088B58130474518882",1,28423.1705424711,28423.1705424711,10.2549599556846
"1389","50627088B58864234392064",1,1148.9763806206,1148.9763806206,7.0466267211715
"1390","50627088B59382094146317",1,590.875258952379,590.875258952379,6.38160492736569
"1391","50627088B59546210151388",1,4391.80084214017,4391.80084214017,8.38749463656472
"1392","50627088B60022812235363",1,2132.66680270843,2132.66680270843,7.66512849563086
"1393","50627088B60312682386501",1,5053.47640872422,5053.47640872422,8.52783168319952
"1394","50627088B6039535347696",1,3059.74966001021,3059.74966001021,8.02608838114559
"1395","50627088B60707698432893",1,30086.8609289656,30086.8609289656,10.3118438414491
"1396","50627088B61139638473248",1,1786.17167516917,1786.17167516917,7.48782987953205
"1397","50627088B61539725949690",1,17622.7023792239,17622.7023792239,9.7769432577202
"1398","50627088B62074843364155",1,19157.2341538569,19157.2341538569,9.86043568587796
"1399","50627088B62674122669839",1,2881.98238310767,2881.98238310767,7.96623366380923
"1400","50627088B63866819787675",1,861.899976987392,861.899976987392,6.7591392279535
"1401","50627088B63922247713166",1,3423.963363888,3423.963363888,8.13855403740532
"1402","50627088B64815055084686",1,2254.13722187281,2254.13722187281,7.72052257201587
"1403","50627088B65871153010469",1,2094.46060230905,2094.46060230905,7.6470513301405
"1404","50627088B66195361398022",1,32454.3053795715,32454.3053795715,10.3875883906679
"1405","50627088B66246693607195",1,4886.52534995293,4886.52534995293,8.494236767518
"1406","50627088B66667085397963",1,30987.2795465806,30987.2795465806,10.3413320620489
"1407","50627088B66728778479631",1,11956.1434117888,11956.1434117888,9.38900051829582
"1408","50627088B67210790477336",1,789.26531881094,789.26531881094,6.67110253657624
"1409","50627088B67247085370697",1,4672.4226833327,4672.4226833327,8.4494329920195
"1410","50627088B67315987692410",1,782.830617019813,782.830617019813,6.66291634694384
"1411","50627088B68824645549174",1,1785.69558761317,1785.69558761317,7.48756330324363
"1412","50627088B69577652591157",1,12915.3378195334,12915.3378195334,9.46617086233329
"1413","50627088B69816273127262",1,39974.7992526899,39974.7992526899,10.5960045158682
"1414","50627088B70261945609966",1,5197.85049957873,5197.85049957873,8.55600045364483
"1415","50627088B70713462324597",1,53648.7539675979,53648.7539675979,10.8902135225813
"1416","50627088B70858037213369",1,13169.5523860147,13169.5523860147,9.48566280676526
"1417","50627088B70877597446889",1,1145.59509884727,1145.59509884727,7.04367951795637
"1418","50627088B71815805148908",1,6991.66724590669,6991.66724590669,8.8524743255145
"1419","50627088B72181114245692",1,199040.385822821,199040.385822821,12.2012630269496
"1420","50627088B72428644166662",1,993.214946843166,993.214946843166,6.90094710269835
"1421","50627088B72536990045476",1,1182.26448712416,1182.26448712416,7.07518693530736
"1422","50627088B73044983414365",1,1813.55414678905,1813.55414678905,7.50304381589457
"1423","50627088B74456725594812",1,13176.0914753932,13176.0914753932,9.48615921441027
"1424","50627088B74520915461068",1,7989.05398928013,7989.05398928013,8.98582763241141
"1425","50627088B74539459356287",1,31678.7327712696,31678.7327712696,10.3634008442214
"1426","50627088B74666108696895",1,20369.6668301386,20369.6668301386,9.92180215317833
"1427","50627088B76826133075245",1,3175.51287836415,3175.51287836415,8.06322443477382
"1428","50627088B77011733949691",1,48093.6028801486,48093.6028801486,10.7809044509944
"1429","50627088B77395732347793",1,8873.74750524153,8873.74750524153,9.09085247821441
"1430","50627088B77723343468711",1,1034.30960086599,1034.30960086599,6.9414894308177
"1431","50627088B78764005336655",1,7384.9205691604,7384.9205691604,8.9071954392083
"1432","50627088B79233583938817",1,45722.6415205249,45722.6415205249,10.7303488922793
"1433","50627088B79595248212250",1,29578.4799318782,29578.4799318782,10.2948023465697
"1434","50627088B79823252153906",1,3965.65401031546,3965.65401031546,8.28542606632197
"1435","50627088B80676997329582",1,12613.6170146884,12613.6170146884,9.44253222483848
"1436","50627088B80737433558791",1,986.469398188303,986.469398188303,6.89413230439186
"1437","50627088B8129792994601",1,319.581932471991,319.581932471991,5.7670136806045
"1438","50627088B82247069447552",1,11347.2683155296,11347.2683155296,9.33673231689633
"1439","50627088B82277071409559",1,3742.03654694721,3742.03654694721,8.22738527347453
"1440","50627088B82399899546067",1,5171.84853773743,5171.84853773743,8.55098545441603
"1441","50627088B8241374845255",1,23786.0519205604,23786.0519205604,10.076854634105
"1442","50627088B83273722146736",1,15862.2094712222,15862.2094712222,9.67169479640793
"1443","50627088B84511814526600",1,471.118116885314,471.118116885314,6.15510884152634
"1444","50627088B84578791163006",1,573.495689278096,573.495689278096,6.35175042002521
"1445","50627088B84741997482443",1,46843.6938962052,46843.6938962052,10.7545716766049
"1446","50627088B85227012924618",1,1506.2975595643,1506.2975595643,7.31740997155496
"1447","50627088B85594866218636",1,24172.0462277539,24172.0462277539,10.0929521299301
"1448","50627088B85859763420371",1,572.061828940287,572.061828940287,6.34924707809117
"1449","50627088B86560413355092",1,11975.4770525515,11975.4770525515,9.39061625885945
"1450","50627088B86735774155910",1,10909.9990255967,10909.9990255967,9.29743498951425
"1451","50627088B87126124877298",1,7352.49274015985,7352.49274015985,8.90279468303016
"1452","50627088B87487449340620",1,25432.7467264303,25432.7467264303,10.1437928638468
"1453","50627088B88561076881356",1,18672.1660851132,18672.1660851132,9.83478924936216
"1454","50627088B89333927260358",1,15514.9069013625,15514.9069013625,9.64955657630776
"1455","50627088B89338735771017",1,6254.53031422572,6254.53031422572,8.74106133042948
"1456","50627088B89503535126650",1,4383.38834620178,4383.38834620178,8.38557729932333
"1457","50627088B89578297577664",1,1398.2428814406,1398.2428814406,7.24297164263964
"1458","50627088B90009998079427",1,62221.5315095058,62221.5315095058,11.0384563845734
"1459","50627088B90102683496666",1,2988.76410014057,2988.76410014057,8.00261523649978
"1460","50627088B90449229158341",1,243.008446440101,243.008446440101,5.49309620174923
"1461","50627088B90852523965903",1,46523.1906233946,46523.1906233946,10.7477061903382
"1462","50627088B9132255009494",1,51780.5825239866,51780.5825239866,10.8547705032227
"1463","50627088B91579254282686",1,5957.89283428445,5957.89283428445,8.69247214625085
"1464","50627088B92037295978986",1,14175.1345692746,14175.1345692746,9.55924462197414
"1465","50627088B9208224547873",1,9362.41527196606,9362.41527196606,9.14445857806128
"1466","50627088B93605390589643",1,9344.45764455557,9344.45764455557,9.14253868123976
"1467","50627088B9411614627727",1,1611.72556575634,1611.72556575634,7.3850606640053
"1468","50627088B94442795805381",1,5459.9739527832,5459.9739527832,8.60519929817504
"1469","50627088B94546809143043",1,30373.8686069173,30373.8686069173,10.3213379324402
"1470","50627088B94921527190935",1,1856.58173499033,1856.58173499033,7.52649229903655
"1471","50627088B95040904280046",1,1825.22411438368,1825.22411438368,7.50945806087901
"1472","50627088B95350580088580",1,204.47971157074,204.47971157074,5.3204687606382
"1473","50627088B96812513465333",1,32505.77267492,32505.77267492,10.3891729733119
"1474","50627088B9769034466011",1,24145.2223650802,24145.2223650802,10.0918418078358
"1475","50627088B98422616932884",1,3317.0893954894,3317.0893954894,8.10684298928916
"1476","50627088B99822052581383",1,411.249541537464,411.249541537464,6.01920018727644
"1477","50627088B9984544896991",1,74450.6369525851,74450.6369525851,11.2178915935166
"1478","52423323B15496967187618",1,9889.74135329145,9889.74135329145,9.19925327192811
"1479","52423323B17892136313191",1,98002.237688203,98002.237688203,11.4927455909451
"1480","52423323B18578133959698",1,7266.85946564425,7266.85946564425,8.8910794917265
"1481","52423323B19813922549461",1,257447.517427232,257447.517427232,12.4585711624961
"1482","52423323B21823422169347",1,23391.0357028877,23391.0357028877,10.060108138328
"1483","52423323B21847190963699",1,10797.6957485307,10797.6957485307,9.28708803373102
"1484","52423323B23065911216534",1,59534.0632559111,59534.0632559111,10.9943039194189
"1485","52423323B24944567676343",1,36935.5311988519,36935.5311988519,10.5169292718508
"1486","52423323B29014105242179",1,32351.3113738138,32351.3113738138,10.3844098361651
"1487","52423323B29588841600752",1,2963.9556944308,2963.9556944308,7.99428003840642
"1488","52423323B30055377123023",1,74340.0878472633,74340.0878472633,11.2164056255463
"1489","52423323B33049838557264",2,1132.22036185145,2264.4407237029,7.72508308632463
"1490","52423323B3441852728971",1,43849.3622951104,43849.3622951104,10.6885154548237
"1491","52423323B38410477009705",1,4498.57413974454,4498.57413974454,8.41151576771381
"1492","52423323B38482742195031",1,11459.7470096107,11459.7470096107,9.34659591407485
"1493","52423323B38699112518848",1,9310.11912787122,9310.11912787122,9.13885716587896
"1494","52423323B38827881811881",1,17543.1020002465,17543.1020002465,9.77241610321123
"1495","52423323B41825478999592",1,205612.992424219,205612.992424219,12.2337510032914
"1496","52423323B47433581718173",1,28605.1132780575,28605.1132780575,10.2613407667737
"1497","52423323B49434157073126",2,1495.29140633903,2990.58281267806,8.00322356801829
"1498","52423323B56216373700802",1,16805.6046888469,16805.6046888469,9.72946772218646
"1499","52423323B5668037178714",1,166341.143571805,166341.143571805,12.0217960403047
"1500","52423323B58805530467838",1,108568.030951655,108568.030951655,11.5951322688512
"1501","52423323B60189599793984",1,167043.765912227,167043.765912227,12.0260111283949
"1502","52423323B60755765681698",1,266731.446168417,266731.446168417,12.4939976116125
"1503","52423323B61214192740744",1,812.209552619493,812.209552619493,6.69975837659585
"1504","52423323B61382457071366",1,212203.666165796,212203.666165796,12.2653017819487
"1505","52423323B64374819566346",1,10087.5275414586,10087.5275414586,9.2190550428306
"1506","52423323B64688263814776",1,57519.089707325,57519.089707325,10.9598721665973
"1507","52423323B67793839713525",1,4527.00347366669,4527.00347366669,8.41781551475766
"1508","52423323B68186618035588",1,2290942.40833083,2290942.40833083,14.6444738228965
"1509","52423323B69509517878544",1,11696.8127293367,11696.8127293367,9.36707166737778
"1510","52423323B73481023135249",1,17845.284009896,17845.284009896,9.78949455117425
"1511","52423323B86725714839987",1,27767.0640255521,27767.0640255521,10.2316058500286
"1512","52423323B95001910303654",1,19840.5998205463,19840.5998205463,9.8954856132723
"1513","52423323B96012126646205",1,93014.0019687678,93014.0019687678,11.4405053196065
"1514","52423323B96895412793722",1,39157.5937885787,39157.5937885787,10.5753496491125
"1515","52423323B9714616989875",1,7174.27036897744,7174.27036897744,8.87825634472212
"1516","52423323B99594247353741",1,13356.7883850027,13356.7883850027,9.49978002784814
"1517","52423323B99675237938488",1,8786.03443783359,8786.03443783359,9.08091874415399
"1518","52511910B10215199478646",1,47049.1130926537,47049.1130926537,10.7589472945203
"1519","52511910B10855589670933",1,12695.0992812075,12695.0992812075,9.44897131460505
"1520","52511910B1114695065436",1,139116.527303868,139116.527303868,11.843067186841
"1521","52511910B11437294536827",1,142423.754417464,142423.754417464,11.8665620787774
"1522","52511910B1170609292065",1,29861.6195257133,29861.6195257133,10.3043293069202
"1523","52511910B12166681712059",1,6959.87789056424,6959.87789056424,8.8479172087154
"1524","52511910B12217989868885",2,39513.3832505969,79026.7665011938,11.2775418905346
"1525","52511910B12239492719020",1,26056.625463069,26056.625463069,10.1680273512377
"1526","52511910B12240276172675",1,37928.1548860441,37928.1548860441,10.5434489882597
"1527","52511910B1240337598967",1,34239.8116166769,34239.8116166769,10.4411443283912
"1528","52511910B1281835166424",1,4843.69883646294,4843.69883646294,8.48543393025112
"1529","52511910B1289591480139",1,8573.26624180615,8573.26624180615,9.05640406404701
"1530","52511910B132067886793",1,26864.0983853023,26864.0983853023,10.1985460416581
"1531","52511910B13267113488931",1,15333.3656075964,15333.3656075964,9.63778649164415
"1532","52511910B1345857498627",1,2350.52191424139,2350.52191424139,7.76239267364616
"1533","52511910B13500089926277",1,24663.6246694869,24663.6246694869,10.1130847517032
"1534","52511910B1376149917055",1,35602.2173248082,35602.2173248082,10.4801631993053
"1535","52511910B14295991899678",1,32541.8652584104,32541.8652584104,10.3902827011465
"1536","52511910B1429973809191",1,21623.7644107669,21623.7644107669,9.98154819309333
"1537","52511910B1435450581762",1,1389.94398175031,1389.94398175031,7.23701872441358
"1538","52511910B14571669428725",1,7798.59194997176,7798.59194997176,8.96169847714773
"1539","52511910B14763561478876",1,12811.8303022927,12811.8303022927,9.45812426542534
"1540","52511910B14816404731270",1,111128.037382303,111128.037382303,11.6184383054668
"1541","52511910B14944460308189",1,18823.0634447463,18823.0634447463,9.84283817591544
"1542","52511910B14985671444346",1,134525.154189128,134525.154189128,11.8095064805315
"1543","52511910B15112316927565",2,26308.6805879543,52617.3611759086,10.8708014046463
"1544","52511910B15727969780764",1,78284.1994433322,78284.1994433322,11.2681010665112
"1545","52511910B16211515353621",1,23108.3554986084,23108.3554986084,10.0479495410051
"1546","52511910B16548233454257",1,3799.03320989817,3799.03320989817,8.24250189489676
"1547","52511910B16992601244944",1,33649.9724859953,33649.9724859953,10.4237675174201
"1548","52511910B1724778943765",1,5030.56816878423,5030.56816878423,8.52328821273546
"1549","52511910B17356876538254",1,44615.8374558648,44615.8374558648,10.7058441748824
"1550","52511910B17390178466990",1,12201.3674812804,12201.3674812804,9.40930331306943
"1551","52511910B17490321584859",1,110062.95513538,110062.95513538,11.6088078004748
"1552","52511910B17517272780410",1,244498.776939633,244498.776939633,12.4069655855927
"1553","52511910B17799667237096",2,14326.5052367086,28653.0104734172,10.2630137942288
"1554","52511910B18270670997793",1,28690.527306402,28690.527306402,10.2643222882559
"1555","52511910B1854707671717",1,110150.403711406,110150.403711406,11.6096020173296
"1556","52511910B19191805182315",1,88759.5423814036,88759.5423814036,11.3936862213483
"1557","52511910B19330386236783",1,40531.7042609754,40531.7042609754,10.6098397681085
"1558","52511910B19407638162060",1,1793.70281549484,1793.70281549484,7.49203737421134
"1559","52511910B19586040436612",1,19230.2282684849,19230.2282684849,9.8642387089484
"1560","52511910B2005519933546",1,55610.462880086,55610.462880086,10.9261266438313
"1561","52511910B2055603825455",1,23801.2004222517,23801.2004222517,10.0774912962974
"1562","52511910B21046020325533",2,17817.3931483154,35634.7862966308,10.4810775829103
"1563","52511910B21260910933226",1,20957.1363683474,20957.1363683474,9.95023450545357
"1564","52511910B21407702399528",1,319023.499672516,319023.499672516,12.6730200457387
"1565","52511910B21548483035565",1,9402.90625440002,9402.90625440002,9.14877409647305
"1566","52511910B21980317252116",1,1646.23402169216,1646.23402169216,7.40624554712863
"1567","52511910B22102802824180",1,8885.71550910096,8885.71550910096,9.09220026735212
"1568","52511910B2226983620167",1,87612.8444865847,87612.8444865847,11.380682892735
"1569","52511910B22297779295169",1,9298.35123551939,9298.35123551939,9.13759237692095
"1570","52511910B22417450396653",2,11050.9174685091,22101.8349370182,10.0034159128835
"1571","52511910B23437445078556",1,56916.0487408889,56916.0487408889,10.9493326320305
"1572","52511910B24095937104675",1,10006.5074125036,10006.5074125036,9.21099090158627
"1573","52511910B24217315836254",1,22267.1713773534,22267.1713773534,10.0108687372473
"1574","52511910B2433100174245",1,74768.1114422866,74768.1114422866,11.2221467554469
"1575","52511910B24338772487994",1,6592.29221004446,6592.29221004446,8.7936563985869
"1576","52511910B24425392494170",1,28209.4589167815,28209.4589167815,10.2474126232655
"1577","52511910B24462040337349",1,42833.4890647809,42833.4890647809,10.6650755303963
"1578","52511910B24789968471650",1,161641.448106838,161641.448106838,11.9931358779919
"1579","52511910B24890266463781",1,121614.846207963,121614.846207963,11.7086143315878
"1580","52511910B24911018318465",1,82895.5881551432,82895.5881551432,11.3253371208308
"1581","52511910B25870488928169",1,1573.89702302441,1573.89702302441,7.36131000309151
"1582","52511910B26024129556324",1,100165.724509498,100165.724509498,11.5145813383499
"1583","52511910B26321075911025",1,69832.9666630417,69832.9666630417,11.1538614790139
"1584","52511910B26426295483490",1,50008.430843325,50008.430843325,10.8199468870626
"1585","52511910B26440140856632",1,99413.5512947953,99413.5512947953,11.507043714286
"1586","52511910B26517515062770",1,34672.1696848264,34672.1696848264,10.4536926177658
"1587","52511910B26605642536320",1,16546.6221591911,16546.6221591911,9.71393726083161
"1588","52511910B27035674370402",1,25739.4348918477,25739.4348918477,10.1557795264354
"1589","52511910B27389223998758",1,75242.2865141243,75242.2865141243,11.2284686725615
"1590","52511910B27691000187918",1,103410.591626454,103410.591626454,11.5464626693352
"1591","52511910B27783301561641",1,998.716064027399,998.716064027399,6.90647051805755
"1592","52511910B27876515321702",1,41190.9827845631,41190.9827845631,10.6259746469309
"1593","52511910B28036042271757",1,147978.972339188,147978.972339188,11.9048254638628
"1594","52511910B28406755893597",2,7040.90527095214,14081.8105419043,9.55263921106898
"1595","52511910B28476693424992",1,63192.5515835702,63192.5515835702,11.0539417184992
"1596","52511910B28710323112279",1,10816.0465069904,10816.0465069904,9.28878609810619
"1597","52511910B29261340686380",1,6241.83800082259,6241.83800082259,8.7390299694056
"1598","52511910B29325635095698",1,170033.403282507,170033.403282507,12.0437501866279
"1599","52511910B29818712056723",1,30961.5597429118,30961.5597429118,10.3405017057277
"1600","52511910B30663215399885",1,74493.9742123142,74493.9742123142,11.2184735180403
"1601","52511910B30709967967550",1,131956.882663967,131956.882663967,11.7902305017228
"1602","52511910B30715783231624",1,32800.6043898892,32800.6043898892,10.3982022207235
"1603","52511910B30774246387934",1,27346.2996090697,27346.2996090697,10.2163365010392
"1604","52511910B30880402907345",1,41990.875269469,41990.875269469,10.6452076181733
"1605","52511910B3088598520620",1,43378.143540211,43378.143540211,10.6777109881726
"1606","52511910B30921209280056",1,5010.33752211109,5010.33752211109,8.51925856149253
"1607","52511910B3092467574862",1,33609.8722347402,33609.8722347402,10.4225751193058
"1608","52511910B30977236715140",1,55682.4556256494,55682.4556256494,10.927420396508
"1609","52511910B31003231188752",1,27228.1485245393,27228.1485245393,10.2120065893987
"1610","52511910B3118715998086",1,4931.75508159854,4931.75508159854,8.5034502040079
"1611","52511910B31268860247424",1,75466.2850883746,75466.2850883746,11.2314412803808
"1612","52511910B31717620625581",1,26565.3715213808,26565.3715213808,10.1873638241583
"1613","52511910B3173449865557",2,38047.5646704078,76095.1293408156,11.2397395383956
"1614","52511910B31970606922462",1,29561.0172974844,29561.0172974844,10.2942117891345
"1615","52511910B32484376841800",1,5193.63499013416,5193.63499013416,8.55518911446143
"1616","52511910B32855735947523",1,30219.8117480395,30219.8117480395,10.3162530064241
"1617","52511910B33100646615087",1,42998.8223177522,42998.8223177522,10.6689280063414
"1618","52511910B33929030594907",1,112391.896146619,112391.896146619,11.6297471155028
"1619","52511910B34768840903386",1,56389.2775620333,56389.2775620333,10.9400343052638
"1620","52511910B3516463668472",1,2973.48981111627,2973.48981111627,7.99749156257823
"1621","52511910B35262105049161",1,49552.5063474018,49552.5063474018,10.8107881206666
"1622","52511910B3549258104854",1,18280.3267195261,18280.3267195261,9.81358071790783
"1623","52511910B3606287647189",1,10250.2059372535,10250.2059372535,9.23505307580409
"1624","52511910B36399926613491",1,107236.94048055,107236.94048055,11.5827960622949
"1625","52511910B36549244443661",1,3442.47445853975,3442.47445853975,8.14394581112423
"1626","52511910B37391519791178",1,36510.0109782068,36510.0109782068,10.50534177534
"1627","52511910B37639564414460",1,40764.9762073962,40764.9762073962,10.6155785654441
"1628","52511910B37647459697968",1,22486.6202912017,22486.6202912017,10.0206757575915
"1629","52511910B37723179298847",1,5716.56962729283,5716.56962729283,8.65112418896432
"1630","52511910B38062779232785",1,4131.74436407804,4131.74436407804,8.32645496096798
"1631","52511910B38320737099141",1,10446.624610519,10446.624610519,9.25403420143791
"1632","52511910B38482668702502",1,208981.189444361,208981.189444361,12.2499995242379
"1633","52511910B39021201460320",1,49092.2245112007,49092.2245112007,10.8014559409816
"1634","52511910B39055948947966",1,5850.9142739296,5850.9142739296,8.67435321415631
"1635","52511910B39647585180353",1,72502.5136571534,72502.5136571534,11.1913765113749
"1636","52511910B398222474379",1,2065.42396802345,2065.42396802345,7.63309079571313
"1637","52511910B3988585053627",1,1073.12223977558,1073.12223977558,6.97832765951152
"1638","52511910B39925062868722",1,29807.4344404477,29807.4344404477,10.3025131192464
"1639","52511910B4018321552262",1,17607.1607019744,17607.1607019744,9.77606095634867
"1640","52511910B4023851996912",1,13841.0454618281,13841.0454618281,9.53539376546815
"1641","52511910B40379944508344",1,28304.2969567425,28304.2969567425,10.2507689080327
"1642","52511910B40704082736400",1,57590.3104250354,57590.3104250354,10.9611096107455
"1643","52511910B40762326804108",1,14322.9347278664,14322.9347278664,9.5696173586143
"1644","52511910B40907976300093",1,103237.859855987,103237.859855987,11.5447909238229
"1645","52511910B40932238962124",1,2255.80398770943,2255.80398770943,7.72126172396267
"1646","52511910B41349980343036",1,36094.0216797804,36094.0216797804,10.4938825261688
"1647","52511910B41569626445575",1,45625.3821119646,45625.3821119646,10.7282194659065
"1648","52511910B41832053670190",1,40535.2672666522,40535.2672666522,10.6099276708786
"1649","52511910B41847670787440",1,1593.00040881917,1593.00040881917,7.37337456654477
"1650","52511910B41918855057041",2,71077.2141609785,142154.428321957,11.8646692690523
"1651","52511910B42295955196197",1,23274.8563501895,23274.8563501895,10.0551289302761
"1652","52511910B42739382471676",1,39780.1241731799,39780.1241731799,10.5911226739008
"1653","52511910B42807411813200",1,10720.6001940095,10720.6001940095,9.27992242130466
"1654","52511910B43288181316884",2,60443.179432299,120886.358864598,11.702606200333
"1655","52511910B43412485397625",1,52312.176770996,52312.176770996,10.8649844484026
"1656","52511910B43880613502989",2,30871.9314126883,61743.8628253766,11.0307498621077
"1657","52511910B44183742195819",1,123555.132276173,123555.132276173,11.7244427506282
"1658","52511910B44653158831279",1,70863.7122256905,70863.7122256905,11.1685137652167
"1659","52511910B45067846009416",1,207242.520210192,207242.520210192,12.2416449816837
"1660","52511910B45111644423638",1,136903.029992677,136903.029992677,11.8270281439219
"1661","52511910B45186727587827",1,126745.941919009,126745.941919009,11.7499399045228
"1662","52511910B45758904415578",1,49692.7255092055,49692.7255092055,10.8136138333478
"1663","52511910B46327040282414",1,133927.264785093,133927.264785093,11.8050521314525
"1664","52511910B46580896438278",1,24562.2636511498,24562.2636511498,10.1089665462203
"1665","52511910B46875128491",1,139711.749596942,139711.749596942,11.8473366476278
"1666","52511910B47006759189229",1,46774.0638841279,46774.0638841279,10.7530841377753
"1667","52511910B47108576517123",1,36757.7954095799,36757.7954095799,10.5121056021353
"1668","52511910B47117449404442",1,7070.0529459868,7070.0529459868,8.86362324768674
"1669","52511910B47244734334087",1,7848.45322387599,7848.45322387599,8.96807174981676
"1670","52511910B47715712995546",1,48513.3875635273,48513.3875635273,10.7895950710734
"1671","52511910B47928826922149",1,1450.28412550688,1450.28412550688,7.27951476484463
"1672","52511910B4802898208422",1,20109.595720269,20109.595720269,9.90895237914687
"1673","52511910B48556697809502",1,23758.4972492521,23758.4972492521,10.0756955243911
"1674","52511910B4874504546565",1,149862.77872057,149862.77872057,11.9174753458562
"1675","52511910B48822656668811",1,5102.38997102916,5102.38997102916,8.53746433071395
"1676","52511910B49041277824691",1,1325.92565747153,1325.92565747153,7.18986610391884
"1677","52511910B49192689587509",1,8503.13692843057,8503.13692843057,9.04819042479965
"1678","52511910B49246730473855",1,53098.2763202633,53098.2763202633,10.8798997456912
"1679","52511910B49284203349487",1,32123.9934084265,32123.9934084265,10.3773584881168
"1680","52511910B49336497562900",1,63713.4765115627,63713.4765115627,11.0621513813751
"1681","52511910B49397347460294",1,20434.3226424571,20434.3226424571,9.92497124851762
"1682","52511910B4946947315760",1,83856.1216915978,83856.1216915978,11.3368577722382
"1683","52511910B49492134849249",1,63698.2176441448,63698.2176441448,11.0619118607001
"1684","52511910B49637011657057",1,40563.7938852022,40563.7938852022,10.6106311714943
"1685","52511910B4969786063416",1,12822.2338982947,12822.2338982947,9.45893596633174
"1686","52511910B49699122775209",1,13183.1649682095,13183.1649682095,9.48669591338744
"1687","52511910B49735999236113",1,8159.26332234342,8159.26332234342,9.00690916475817
"1688","52511910B50234287801955",1,31396.8930139413,31396.8930139413,10.3544642184
"1689","52511910B50474008293669",1,80522.2907010812,80522.2907010812,11.2962893281951
"1690","52511910B50770239456778",1,22512.1862863889,22512.1862863889,10.0218120543017
"1691","52511910B51634678228857",1,144432.964341536,144432.964341536,11.8805707643015
"1692","52511910B51671938708352",1,5560.01228846781,5560.01228846781,8.62335559739827
"1693","52511910B5173446134858",1,30725.1643024287,30725.1643024287,10.3328372819359
"1694","52511910B52040400722593",1,34711.8139235414,34711.8139235414,10.4548353668837
"1695","52511910B52167757698823",1,41691.1926479968,41691.1926479968,10.6380451779974
"1696","52511910B52234359951443",1,34656.5316135784,34656.5316135784,10.45324148941
"1697","52511910B52477730632252",2,33923.9576429442,67847.9152858884,11.125023939454
"1698","52511910B53055897182204",2,15552.5895840425,31105.179168085,10.3451296170381
"1699","52511910B53218930904512",1,2555.94790248916,2555.94790248916,7.84617843285197
"1700","52511910B53442502489936",1,138932.273786643,138932.273786643,11.8417418544283
"1701","52511910B53659520741831",1,67152.564098502,67152.564098502,11.1147223858613
"1702","52511910B53728166380969",1,21794.4705039271,21794.4705039271,9.98941156999459
"1703","52511910B54123288304078",1,23248.688609647,23248.688609647,10.0540040055386
"1704","52511910B54132966107148",1,55425.5053534145,55425.5053534145,10.9227951522312
"1705","52511910B54429610497624",1,166153.685696542,166153.685696542,12.0206684564831
"1706","52511910B54492038659997",1,27198.474783806,27198.474783806,10.2109161765871
"1707","52511910B54544949915679",2,85599.1582869214,171198.316573843,12.0505779095447
"1708","52511910B54921877123299",1,10485.5545025549,10485.5545025549,9.25775382725523
"1709","52511910B55440888068193",1,6669.09630445145,6669.09630445145,8.80523964314154
"1710","52511910B55503333028627",1,40692.948885798,40692.948885798,10.6138101103727
"1711","52511910B55551570232595",1,69168.4502662995,69168.4502662995,11.1443001166349
"1712","52511910B55567443002533",1,6779.98320728295,6779.98320728295,8.82172990412945
"1713","52511910B55591891530874",1,17920.3749339757,17920.3749339757,9.79369360896494
"1714","52511910B558444185686",1,65308.9353478888,65308.9353478888,11.0868841412463
"1715","52511910B56209015841977",1,147679.607168823,147679.607168823,11.902800389717
"1716","52511910B56958480946992",1,56552.4266104591,56552.4266104591,10.9429233915071
"1717","52511910B57035161982504",1,102509.009912223,102509.009912223,11.5377059752801
"1718","52511910B57239711193520",1,35473.6578626684,35473.6578626684,10.476545667984
"1719","52511910B57344020400583",1,275820.823211943,275820.823211943,12.5275067426223
"1720","52511910B57885575775117",1,116836.674556014,116836.674556014,11.6685322945767
"1721","52511910B57972476709593",1,15185.3011474705,15185.3011474705,9.62808320918774
"1722","52511910B58011485138839",1,4082.79731811568,4082.79731811568,8.31453764965534
"1723","52511910B5845387986633",1,5451.97593105793,5451.97593105793,8.60373337810711
"1724","52511910B58943778362560",1,15159.4008877775,15159.4008877775,9.62637613913956
"1725","52511910B59176200579981",1,33749.826285912,33749.826285912,10.4267305492033
"1726","52511910B59203276225690",1,5582.71808641009,5582.71808641009,8.62743104903457
"1727","52511910B59245920767717",1,13101.903294282,13101.903294282,9.48051278827557
"1728","52511910B59360103371589",1,9487.97942357712,9487.97942357712,9.15778095255652
"1729","52511910B59553354826271",1,11986.5616416853,11986.5616416853,9.39154143806193
"1730","52511910B59671861776280",1,11587.3643008506,11587.3643008506,9.35767049898358
"1731","52511910B59824272814460",1,73334.722445051,73334.722445051,11.2027894789195
"1732","52511910B60061263127196",2,39221.7447158473,78443.4894316946,11.2701337646816
"1733","52511910B60889717547120",1,165387.762305365,165387.762305365,12.0160480703542
"1734","52511910B61192023784720",2,21071.3616747453,42142.7233494906,10.6488173115038
"1735","52511910B61439489120441",1,34912.8241524734,34912.8241524734,10.4606094949213
"1736","52511910B6162382764157",1,90227.6494802614,90227.6494802614,11.4100911943363
"1737","52511910B61676244874246",1,28838.0401796746,28838.0401796746,10.2694506341548
"1738","52511910B61790844495814",2,31173.469705757,62346.939411514,11.0404698626782
"1739","52511910B62200479590982",1,5654.37890880436,5654.37890880436,8.64018555206826
"1740","52511910B62556379472396",1,2944.50674410432,2944.50674410432,7.98769659278931
"1741","52511910B62562257240113",1,90357.1926150227,90357.1926150227,11.4115259012084
"1742","52511910B62922031863482",1,3133.97160701301,3133.97160701301,8.05005636321092
"1743","52511910B63167976390159",1,13206.0260356671,13206.0260356671,9.48842852225546
"1744","52511910B63672424305930",1,16585.5371374719,16585.5371374719,9.71628633780105
"1745","52511910B63745543652662",1,61721.3782158673,61721.3782158673,11.0303856363617
"1746","52511910B6389603869041",1,254866.967163876,254866.967163876,12.4484969906126
"1747","52511910B648094459248",2,60451.2287884655,120902.457576931,11.7027393637489
"1748","52511910B65003852157868",1,12716.8001573237,12716.8001573237,9.45067924528877
"1749","52511910B65196754917234",1,79891.1957553859,79891.1957553859,11.2884209348867
"1750","52511910B65674101735888",1,34516.9439592423,34516.9439592423,10.4492056117084
"1751","52511910B65736953470193",2,16860.1451538254,33720.2903076508,10.4258550214397
"1752","52511910B66300742055958",1,9518.18357213751,9518.18357213751,9.16095930833448
"1753","52511910B66393591343605",1,23710.3582541726,23710.3582541726,10.0736672887797
"1754","52511910B66525116512935",1,30257.9527938197,30257.9527938197,10.3175143311813
"1755","52511910B66692058551395",2,112550.53202352,225101.06404704,12.3243047538807
"1756","52511910B67044835484249",1,33915.8568467617,33915.8568467617,10.4316379375977
"1757","52511910B67072521171420",1,3516.31782293797,3516.31782293797,8.1651696480469
"1758","52511910B67244265985329",1,69149.556030592,69149.556030592,11.1440269166904
"1759","52511910B67503722299641",1,118022.328932698,118022.328932698,11.6786291137896
"1760","52511910B67569609565838",1,88436.289880562,88436.289880562,11.3900376833967
"1761","52511910B67622492960002",1,25036.2195195335,25036.2195195335,10.1280788361613
"1762","52511910B68145786967648",1,80757.0392213685,80757.0392213685,11.2992004103056
"1763","52511910B68305869820707",1,43902.7516409762,43902.7516409762,10.6897322768479
"1764","52511910B68505135665197",1,205378.990525571,205378.990525571,12.2326122855857
"1765","52511910B68559401871490",1,79098.9693004764,79098.9693004764,11.2784551233355
"1766","52511910B68600157990452",1,7842.36400368214,7842.36400368214,8.967295598975
"1767","52511910B68602378722707",1,80301.3326288874,80301.3326288874,11.2935414954246
"1768","52511910B69050472249631",2,17155.1048236988,34310.2096473976,10.4431982462214
"1769","52511910B69477070610060",1,4108.8399604366,4108.8399604366,8.32089601958184
"1770","52511910B70153095650041",1,4786.13364187688,4786.13364187688,8.47347819157969
"1771","52511910B70290379794397",1,26364.4510595847,26364.4510595847,10.1797718309469
"1772","52511910B70456030054544",1,1747.99297141373,1747.99297141373,7.46622353527704
"1773","52511910B70473175587181",2,5635.14116813407,11270.2823362681,9.32992465874027
"1774","52511910B70638918104863",1,15313.3997645238,15313.3997645238,9.63648352569294
"1775","52511910B71032150875325",1,13356.6353653287,13356.6353653287,9.49976857146011
"1776","52511910B71538284073489",1,3723.95341528587,3723.95341528587,8.22254112899698
"1777","52511910B71690687423925",1,25204.8847389537,25204.8847389537,10.1347930935626
"1778","52511910B72557613719767",1,261050.856803248,261050.856803248,12.4724705209756
"1779","52511910B73336698759549",1,31841.2048318349,31841.2048318349,10.3685164794382
"1780","52511910B75183314272458",1,24625.814533309,24625.814533309,10.111550542988
"1781","52511910B75402986028359",1,40070.7909364036,40070.7909364036,10.5984029423025
"1782","52511910B76288634877329",1,58540.5171779593,58540.5171779593,10.977474394815
"1783","52511910B76622709081814",1,2082.89889485389,2082.89889485389,7.6415159018467
"1784","52511910B76643025216805",1,158955.336373589,158955.336373589,11.9763785384309
"1785","52511910B76864499188928",1,5062.41436348803,5062.41436348803,8.5295987954175
"1786","52511910B77222989775801",1,2695.36705778524,2695.36705778524,7.89928967361804
"1787","52511910B77517078586613",1,68113.8242278893,68113.8242278893,11.1289354704772
"1788","52511910B77588417233313",1,34293.6915026312,34293.6915026312,10.4427166950324
"1789","52511910B7774942695724",1,24475.1522169294,24475.1522169294,10.1054136866615
"1790","52511910B78140930961679",1,2826.42809438519,2826.42809438519,7.94676903598463
"1791","52511910B78362812420952",1,263126.733209947,263126.733209947,12.4803910704183
"1792","52511910B78382154896940",1,2425.37931868911,2425.37931868911,7.79374321121722
"1793","52511910B7838707993704",1,26181.9671759418,26181.9671759418,10.1728261770513
"1794","52511910B78526013910080",1,12798.87691432,12798.87691432,9.45711270498949
"1795","52511910B78624558885304",1,79308.5167584281,79308.5167584281,11.2811008010796
"1796","52511910B79023193352255",1,39468.7712811692,39468.7712811692,10.5832650377231
"1797","52511910B79239618011253",1,71842.0919239025,71842.0919239025,11.1822258217601
"1798","52511910B79351211043156",1,59391.8498390119,59391.8498390119,10.9919122878394
"1799","52511910B79904820365756",1,29284.5524536938,29284.5524536938,10.2848154359654
"1800","52511910B79940153361499",1,16338.3363237999,16338.3363237999,9.70126954706146
"1801","52511910B80020209032330",1,35177.9592517185,35177.9592517185,10.468175007846
"1802","52511910B80553421723016",1,66266.612742667,66266.612742667,11.1014414707937
"1803","52511910B80611967822771",1,30365.679945976,30365.679945976,10.3210683005057
"1804","52511910B80613047181881",1,14298.2410338779,14298.2410338779,9.56789180405839
"1805","52511910B80624224978544",1,13287.6119501609,13287.6119501609,9.49458744783849
"1806","52511910B81270804246754",1,32300.0978436453,32300.0978436453,10.3828255384212
"1807","52511910B81672195550340",1,106193.647665964,106193.647665964,11.5730195711796
"1808","52511910B81807770672257",1,269663.717137366,269663.717137366,12.5049309696268
"1809","52511910B81868017791126",1,15865.5088781972,15865.5088781972,9.67190277902745
"1810","52511910B82181877276071",2,33826.63106657,67653.26213314,11.1221508531775
"1811","52511910B82353065981408",1,12649.2517556091,12649.2517556091,9.44535334265203
"1812","52511910B82588790657213",1,16695.1441941381,16695.1441941381,9.7228731893059
"1813","52511910B82760897224923",1,20081.8735565916,20081.8735565916,9.9075728740642
"1814","52511910B83187520966287",1,81072.3152496014,81072.3152496014,11.3030968162221
"1815","52511910B83254623159264",1,61777.735024468,61777.735024468,11.0312983038463
"1816","52511910B83654747413473",1,73087.1084691632,73087.1084691632,11.1994072754545
"1817","52511910B8366046265197",1,1240.18800849795,1240.18800849795,7.12301826686238
"1818","52511910B83755823779571",1,28512.9364426094,28512.9364426094,10.2581131735376
"1819","52511910B84130893113897",1,133766.470016638,133766.470016638,11.8038507974884
"1820","52511910B84254778922177",2,3373.55066380009,6747.10132760018,8.81686825868572
"1821","52511910B8433520860340",1,8935.19485142149,8935.19485142149,9.09775323501344
"1822","52511910B8555120582575",1,89678.6991056259,89678.6991056259,11.4039885516822
"1823","52511910B85663060935330",1,43201.0018567644,43201.0018567644,10.6736189650921
"1824","52511910B85672644454395",1,161408.411053481,161408.411053481,11.9916931465548
"1825","52511910B8569683364670",1,72517.0803188419,72517.0803188419,11.1915774037004
"1826","52511910B85706759339541",1,27284.2558267178,27284.2558267178,10.214065105168
"1827","52511910B86399036189677",1,28546.5990851285,28546.5990851285,10.2592930866271
"1828","52511910B8640641883305",2,15192.0202137016,30384.0404274032,10.3216727636003
"1829","52511910B86463604693023",1,25505.4371347578,25505.4371347578,10.1466469293891
"1830","52511910B86635109020715",1,10143.7468900337,10143.7468900337,9.22461272467345
"1831","52511910B86664130512952",1,5377.81349779263,5377.81349779263,8.59003715749797
"1832","52511910B86675185737242",1,73009.6312298742,73009.6312298742,11.1983466460837
"1833","52511910B86901151057582",1,39005.8680324848,39005.8680324848,10.5714673761649
"1834","52511910B8694284014765",1,32648.9830840343,32648.9830840343,10.3935689882481
"1835","52511910B87526029786391",1,9474.51484514143,9474.51484514143,9.15636082496067
"1836","52511910B87738681480797",1,2359.934151625,2359.934151625,7.76638899577658
"1837","52511910B88737921309662",1,152548.700221223,152548.700221223,11.9352391697626
"1838","52511910B89393531563013",1,107526.871041064,107526.871041064,11.585496058487
"1839","52511910B89557374460695",1,2322.62941757396,2322.62941757396,7.7504551925258
"1840","52511910B90052363141845",1,8729.98400140755,8729.98400140755,9.0745188162326
"1841","52511910B9027234137610",1,31784.0046765307,31784.0046765307,10.3667184446292
"1842","52511910B9049907467318",1,2746.27082908787,2746.27082908787,7.9179992082264
"1843","52511910B90712224530022",1,94964.833188156,94964.833188156,11.4612619250835
"1844","52511910B90795941917739",1,11331.8976268023,11331.8976268023,9.33537682691757
"1845","52511910B90991611037176",1,1584.71368042879,1584.71368042879,7.36815902673083
"1846","52511910B91175598455743",1,23806.7518887856,23806.7518887856,10.0777245122325
"1847","52511910B91354507826004",1,187857.118270305,187857.118270305,12.1434369436582
"1848","52511910B92065650444302",1,56416.053718295,56416.053718295,10.9405090373791
"1849","52511910B92188863099631",1,47355.3127370875,47355.3127370875,10.765434293737
"1850","52511910B92709587856848",1,42236.5500184927,42236.5500184927,10.6510412393459
"1851","52511910B92990516943265",1,48981.9095981578,48981.9095981578,10.7992063170503
"1852","52511910B93540688501820",2,66725.21486518,133450.42973036,11.8014853749875
"1853","52511910B93844416805291",1,33718.3766897661,33718.3766897661,10.4257982700841
"1854","52511910B93975188491166",1,8769.31289962754,8769.31289962754,9.07901373561824
"1855","52511910B94067910328765",1,39034.610586026,39034.610586026,10.5722039824838
"1856","52511910B94409074074623",1,11086.2109441444,11086.2109441444,9.31345735777494
"1857","52511910B94458762678017",1,21631.4682371934,21631.4682371934,9.98190439631021
"1858","52511910B94488542881377",1,34140.938786338,34140.938786338,10.4382524941056
"1859","52511910B94627775761425",1,51981.3895704142,51981.3895704142,10.858641040628
"1860","52511910B94675128167590",1,111535.146634531,111535.146634531,11.6220950366652
"1861","52511910B95098417504855",1,25546.903650229,25546.903650229,10.14827140043
"1862","52511910B95362195406961",1,32261.1728601909,32261.1728601909,10.3816197075028
"1863","52511910B95398494564210",1,27738.8030839892,27738.8030839892,10.2305875452807
"1864","52511910B954183777842",1,83305.6812664522,83305.6812664522,11.3302720283077
"1865","52511910B95850947838113",1,44600.6303593149,44600.6303593149,10.7055032715252
"1866","52511910B95876228816034",1,18659.7079463945,18659.7079463945,9.83412182296023
"1867","52511910B95956240331763",1,50503.4002447283,50503.4002447283,10.8297959445756
"1868","52511910B96063333949316",1,28874.338081987,28874.338081987,10.2707085239938
"1869","52511910B96194264601254",1,88894.2606849651,88894.2606849651,11.3952028601937
"1870","52511910B96314718972571",1,4962.41306204476,4962.41306204476,8.50964740585856
"1871","52511910B9639721186799",1,20114.1033751914,20114.1033751914,9.90917650845584
"1872","52511910B96811995525646",1,8510.1347376366,8510.1347376366,9.04901305430185
"1873","52511910B97040583536387",1,232637.795367987,232637.795367987,12.3572379967005
"1874","52511910B97060806511909",1,15318.0699672902,15318.0699672902,9.6367884541109
"1875","52511910B97228601381981",1,83932.63937922,83932.63937922,11.3377698439698
"1876","52511910B97258167764484",1,101383.152292644,101383.152292644,11.5266622053745
"1877","52511910B97596648855860",1,16114.2876639996,16114.2876639996,9.68746158998366
"1878","52511910B98030585757527",1,176361.263539535,176361.263539535,12.0802898039934
"1879","52511910B98629971413037",1,57639.9525236839,57639.9525236839,10.9619712264435
"1880","52511910B98838605252897",1,39789.2583304706,39789.2583304706,10.5913522636511
"1881","52511910B98966812491458",1,11923.6454747586,11923.6454747586,9.38627872228271
"1882","52511910B99182661436347",2,17908.881203424,35817.762406848,10.4861992059597
"1883","52511910B99479800826846",2,34260.1787059375,68520.357411875,11.1348861685931
"1884","52511910B99923381863543",1,185386.067019474,185386.067019474,12.1301957783701
"1885","54806243B53408209397741",1,23844.1673951934,23844.1673951934,10.0792949127477
"1886","54806243B93999085545465",1,14193.9849951871,14193.9849951871,9.56057356196073
"1887","57096268B12331201715811",1,77329.2947892956,77329.2947892956,11.2558281380645
"1888","57096268B177802279293",1,47586.436764223,47586.436764223,10.7703030576878
"1889","57096268B19780609344191",1,206283.633714004,206283.633714004,12.2370073634548
"1890","57096268B29705038467161",1,145666.779371062,145666.779371062,11.8890769591237
"1891","57096268B30356160161964",1,72621.355264848,72621.355264848,11.1930143072129
"1892","57096268B32811427290887",1,77267.3285987397,77267.3285987397,11.2550264880347
"1893","57096268B32991656624453",1,40880.6004992491,40880.6004992491,10.618410914086
"1894","57096268B37864859171197",1,175576.902726051,175576.902726051,12.0758324180811
"1895","57096268B49795400417952",1,113163.605715421,113163.605715421,11.6365898887769
"1896","57096268B64462824705423",1,125264.290810954,125264.290810954,11.7381811107294
"1897","57096268B68264839364801",1,342319.260628137,342319.260628137,12.7434990912033
"1898","57096268B71612732443021",1,32583.1217103618,32583.1217103618,10.3915496943358
"1899","57096268B71778681331422",1,40110.9092866628,40110.9092866628,10.5994036283317
"1900","57096268B78477673147329",1,71810.1093516964,71810.1093516964,11.1817805438952
"1901","57096268B82804707709843",1,1189606.7087353,1189606.7087353,13.9891333136005
"1902","57096268B92442229342099",1,31120.7570133024,31120.7570133024,10.3456303036167
"1903","57096268B98520683120180",1,119951.680880995,119951.680880995,11.6948442813501
"1904","57096268B99356291190440",1,133712.265444107,133712.265444107,11.8034454974321
"1905","65221844B12885462064369",1,4.78022953748703,4.78022953748703,1.5644885657452
"1906","65221844B21568199301359",1,266390.652086986,266390.652086986,12.4927191272691
"1907","65221844B3325932502431",1,103376.803331703,103376.803331703,11.5461358767369
"1908","65221844B53255720811613",1,143218.676185995,143218.676185995,11.872127945298
"1909","65221844B64352145242214",1,59424.5557845056,59424.5557845056,10.9924628169713
"1910","65221844B660734165567",1,82332.5316693632,82332.5316693632,11.3185215900852
"1911","65221844B91551715822340",1,100923.751519164,100923.751519164,11.5221205752623
"1912","65221844B93227578092779",1,75478.4034103521,75478.4034103521,11.2316018467727
"1913","65221844B93866494923153",1,47344.9838228401,47344.9838228401,10.7652161547308
"1914","65221844B99203907341133",1,43646.7300746784,43646.7300746784,10.6838836460832
"1915","75667366B10680094164751",1,29393.7090259629,29393.7090259629,10.2885359517213
"1916","75667366B23583938902461",1,102559.128011252,102559.128011252,11.538194769888
"1917","75667366B25669507068177",1,188098.298685178,188098.298685178,12.1447199705123
"1918","75667366B30494015691989",1,38340.2552358945,38340.2552358945,10.5542556737474
"1919","75667366B31859189272131",1,31207.0134254836,31207.0134254836,10.3483981378146
"1920","75667366B34198341478564",1,34180.706859536,34180.706859536,10.4394166369571
"1921","75667366B35074617847721",1,33071.8688829505,33071.8688829505,10.4064383173198
"1922","75667366B37931569465033",1,41621.5467907548,41621.5467907548,10.6363732638595
"1923","75667366B47194088471769",1,21497.9209291168,21497.9209291168,9.9757115084686
"1924","75667366B60074867578630",1,34929.105560429,34929.105560429,10.4610757308434
"1925","75667366B65880514113985",1,52811.1487027411,52811.1487027411,10.8744775970785
"1926","75667366B66232276081175",1,60720.0942193982,60720.0942193982,11.0140299637712
"1927","75667366B69236858438550",1,21042.4746763557,21042.4746763557,9.95429827763274
"1928","75667366B71613146081304",1,37711.7372455408,37711.7372455408,10.5377266577551
"1929","75667366B72752314947890",1,40926.158344574,40926.158344574,10.6195247059212
"1930","75667366B73853566554491",1,26220.1424318236,26220.1424318236,10.1742831894854
"1931","75667366B79453709532283",1,31004.4836402985,31004.4836402985,10.3418871065669
"1932","75667366B99249006055932",1,26902.9313854366,26902.9313854366,10.1999905330891
"1933","76426892B10420121574176",1,23655.0197955929,23655.0197955929,10.0713306249109
"1934","76426892B18513134445034",1,34419.8597925585,34419.8597925585,10.4463889963278
"1935","76426892B28277932455235",1,30237.6758921605,30237.6758921605,10.316843971922
"1936","76426892B29950050378985",1,10916.5196835799,10916.5196835799,9.2980324882051
"1937","76426892B41625514987736",1,53582.4986272378,53582.4986272378,10.8889777755917
"1938","76426892B43791511168362",1,8717.60154323885,8717.60154323885,9.07309942668832
"1939","76426892B49452595685205",1,29615.4750480665,29615.4750480665,10.2960523093748
"1940","76426892B55715625268474",1,588.436818011381,588.436818011381,6.37746955986855
"1941","76426892B60758051011646",1,26200.2527050702,26200.2527050702,10.1735243349344
"1942","76426892B632863576138",1,71457.5279580527,71457.5279580527,11.1768585376129
"1943","76426892B67902923412925",2,9534.6827855085,19069.365571017,9.85583842960986
"1944","76426892B74267582170982",1,8400.92013566695,8400.92013566695,9.03609651879269
"1945","76426892B75799514296056",1,53761.9807912122,53761.9807912122,10.8923218195929
"1946","76426892B9049934298416",1,82880.1264517563,82880.1264517563,11.3251505832131
"1947","76426892B94157809900768",1,36596.5710216799,36596.5710216799,10.5077098270682
"1948","76426892B94819834972279",1,33040.5860648901,33040.5860648901,10.4054919655191
"1949","76426892B9784131965054",1,4234.88325717802,4234.88325717802,8.35111104051447
"1950","79324940B51603968819213",1,NA,NA,NA
"1951","81297802B10763760406842",1,71655.8547037041,71655.8547037041,11.179630142461
"1952","81297802B11071874803157",1,58224.5897139395,58224.5897139395,10.9720630481659
"1953","81297802B12405297659236",1,145721.016672638,145721.016672638,11.8894492279897
"1954","81297802B12421029194754",1,91567.2302537435,91567.2302537435,11.4248287383334
"1955","81297802B12977108616150",1,39604.4799080367,39604.4799080367,10.5866975198348
"1956","81297802B17638458778811",1,92040.4003096156,92040.4003096156,11.4299828934403
"1957","81297802B18173194226488",1,122837.984544049,122837.984544049,11.7186215672568
"1958","81297802B18343005733844",1,147867.027419148,147867.027419148,11.904068685502
"1959","81297802B19362557849536",1,59963.3079603421,59963.3079603421,11.0014881201468
"1960","81297802B21968879828656",1,95762.4441476506,95762.4441476506,11.4696258635867
"1961","81297802B21970288414729",1,184955.177176989,184955.177176989,12.1278687891748
"1962","81297802B22385523751240",1,56767.4395423913,56767.4395423913,10.946718192847
"1963","81297802B2331859269186",1,162598.085136895,162598.085136895,11.9990366995006
"1964","81297802B25708049906691",1,39474.7306168276,39474.7306168276,10.5834160149543
"1965","81297802B25831565259333",1,100394.463924725,100394.463924725,11.5168623445275
"1966","81297802B26083936626584",1,50349.492101312,50349.492101312,10.8267438107336
"1967","81297802B28789600266311",1,155638.084745199,155638.084745199,11.9552886213507
"1968","81297802B29351066345319",1,48012.2026665336,48012.2026665336,10.7792104798005
"1969","81297802B29420287983322",1,71912.8702369591,71912.8702369591,11.1832105295951
"1970","81297802B30905014988311",1,126561.348339664,126561.348339664,11.7484824367031
"1971","81297802B31270346353021",1,83761.4928609194,83761.4928609194,11.3357286684625
"1972","81297802B31840185218616",1,76160.0128851539,76160.0128851539,11.2405918386506
"1973","81297802B32908759949092",1,65503.7462883702,65503.7462883702,11.08986261523
"1974","81297802B33091662264636",1,74612.8816243132,74612.8816243132,11.2200684472142
"1975","81297802B36566531846362",1,44706.3131734607,44706.3131734607,10.7078700049346
"1976","81297802B37103290877054",1,43735.5700848767,43735.5700848767,10.6859170107496
"1977","81297802B37600217906847",1,94860.0349680933,94860.0349680933,11.4601577680599
"1978","81297802B38356347526872",1,85138.6082411659,85138.6082411659,11.3520358925392
"1979","81297802B38910067880652",1,91539.4122611933,91539.4122611933,11.4245248936189
"1980","81297802B3900213451305",1,33350.8422995257,33350.8422995257,10.4148383073824
"1981","81297802B40676303665635",1,172391.015739049,172391.015739049,12.0575205229713
"1982","81297802B40785510400399",1,48099.3166354558,48099.3166354558,10.7810232488298
"1983","81297802B40834484476285",1,NA,NA,NA
"1984","81297802B4221517004962",1,182858.193856387,182858.193856387,12.1164662344761
"1985","81297802B42785936874032",1,171861.540337717,171861.540337717,12.0544444335742
"1986","81297802B4294080644708",1,122717.279920189,122717.279920189,11.7176384514287
"1987","81297802B43083568307928",1,32872.5726485265,32872.5726485265,10.4003939309678
"1988","81297802B4597997720172",1,36806.2215038949,36806.2215038949,10.5134221724734
"1989","81297802B46675680885513",1,53578.7013582566,53578.7013582566,10.8889069053703
"1990","81297802B47590181438391",1,139175.425735708,139175.425735708,11.8434904720426
"1991","81297802B47692200365960",1,102067.231803908,102067.231803908,11.5333870104646
"1992","81297802B47963627673209",1,95012.9896932368,95012.9896932368,11.4617688948485
"1993","81297802B48632704069528",1,76203.145710163,76203.145710163,11.2411580231083
"1994","81297802B51483513425235",1,136410.322735722,136410.322735722,11.8234227014086
"1995","81297802B52142956360096",1,29298.8528442407,29298.8528442407,10.285303642165
"1996","81297802B5241398972305",1,230280.509936084,230280.509936084,12.3470534532049
"1997","81297802B53592665760601",1,33075.7899279293,33075.7899279293,10.4065568716286
"1998","81297802B53696601888295",1,23850.1819715217,23850.1819715217,10.0795471261206
"1999","81297802B54089788823696",1,173764.640699274,173764.640699274,12.0654570228945
"2000","81297802B55266176914642",1,102102.555060802,102102.555060802,11.5337330289209
"2001","81297802B55456276640785",1,50429.6400027652,50429.6400027652,10.8283343764922
"2002","81297802B55629975533372",1,155841.966621311,155841.966621311,11.9565977382867
"2003","81297802B55928452292311",1,107242.182530681,107242.182530681,11.5828449439768
"2004","81297802B5641238333098",1,124091.381581283,124091.381581283,11.7287735214103
"2005","81297802B57234015442712",1,140322.256251026,140322.256251026,11.8516968868028
"2006","81297802B5756602808944",1,3648.87420845524,3648.87420845524,8.2021739629607
"2007","81297802B59755992581592",1,88635.037805254,88635.037805254,11.3922825189752
"2008","81297802B62167717430855",1,30702.3316410342,30702.3316410342,10.3320938799106
"2009","81297802B63499365755438",1,70460.5565006113,70460.5565006113,11.1628083499709
"2010","81297802B63925273406451",1,121955.925337689,121955.925337689,11.7114149907186
"2011","81297802B64676269296055",1,166535.46702649,166535.46702649,12.0229635808922
"2012","81297802B64936965881183",1,200644.153609946,200644.153609946,12.2092882380164
"2013","81297802B65575052729344",1,43457.4006738448,43457.4006738448,10.6795364424001
"2014","81297802B65658789050233",1,75560.6383208781,75560.6383208781,11.2326907694474
"2015","81297802B66096195927531",1,82152.4352544122,82152.4352544122,11.3163317670238
"2016","81297802B67206181597957",1,74423.8388779684,74423.8388779684,11.2175315845257
"2017","81297802B68109668722051",1,73746.55665774,73746.55665774,11.2083895837255
"2018","81297802B69562638547328",1,57356.2190564583,57356.2190564583,10.9570365570699
"2019","81297802B6982011035243",1,73450.29252213,73450.29252213,11.2043641641963
"2020","81297802B70010606578992",1,85084.939380668,85084.939380668,11.3514053233491
"2021","81297802B70743667519193",1,100661.589475352,100661.589475352,11.5195195707417
"2022","81297802B72882386082996",1,61880.5560646361,61880.5560646361,11.0329612908237
"2023","81297802B74485828948407",1,84245.6992628892,84245.6992628892,11.3414927995869
"2024","81297802B75629290490646",1,173237.233691975,173237.233691975,12.0624172271335
"2025","81297802B76384767601248",1,2546.27131429836,2546.27131429836,7.84238533836444
"2026","81297802B77828019918781",1,93055.3782968482,93055.3782968482,11.4409500604736
"2027","81297802B7902592700170",1,83364.1071005882,83364.1071005882,11.3309731252143
"2028","81297802B79786453625721",1,74617.2712206927,74617.2712206927,11.2201272770994
"2029","81297802B80649611591308",1,89954.536231772,89954.536231772,11.4070596686993
"2030","81297802B81765499113898",1,26599.2361659937,26599.2361659937,10.1886377787933
"2031","81297802B82332241258399",1,141595.802720621,141595.802720621,11.8607318179989
"2032","81297802B82512093072214",1,89719.5691682577,89719.5691682577,11.4044441866638
"2033","81297802B82663613485319",1,145166.948797847,145166.948797847,11.8856397301031
"2034","81297802B83594447255",1,60965.7603201649,60965.7603201649,11.0180676793373
"2035","81297802B85029486143959",1,36835.9170029056,36835.9170029056,10.5142286536871
"2036","81297802B85054848055124",1,132728.757178458,132728.757178458,11.7960629050449
"2037","81297802B85424672096974",1,97395.7082675354,97395.7082675354,11.4865374256982
"2038","81297802B85505749224324",1,56183.450622577,56183.450622577,10.9363775196082
"2039","81297802B85934029741785",1,20766.1204735428,20766.1204735428,9.94107811432701
"2040","81297802B86878375688696",1,169056.357204712,169056.357204712,12.037987412899
"2041","81297802B8967556658808",1,40389.6244102669,40389.6244102669,10.6063282094369
"2042","81297802B91620400281223",1,165659.665327546,165659.665327546,12.0176907539133
"2043","81297802B91982413663988",1,120020.648116198,120020.648116198,11.6954190745972
"2044","81297802B92770026846870",1,65230.2623321781,65230.2623321781,11.0856787864313
"2045","81297802B9308814425220",1,74734.9671977608,74734.9671977608,11.2217033633058
"2046","81297802B93646092032264",1,52888.6896168142,52888.6896168142,10.8759447881209
"2047","81297802B93912769577432",1,199723.770620048,199723.770620048,12.2046905439679
"2048","81297802B9474885125507",1,117709.046308199,117709.046308199,11.675971149328
"2049","81297802B95308085705563",1,85896.9908287682,85896.9908287682,11.3609040762617
"2050","81297802B95607767906649",1,28577.6882943469,28577.6882943469,10.2603815627802
"2051","81297802B96353597468260",1,61626.7279419556,61626.7279419556,11.0288509505779
"2052","81297802B97142358911210",1,151343.804633132,151343.804633132,11.9273093795726
"2053","81297802B97652803071493",1,161909.351116945,161909.351116945,11.9947918965953
"2054","81297802B98540731986743",1,51639.384570283,51639.384570283,10.8520399271956
"2055","81297802B99776560080545",1,49367.8617802586,49367.8617802586,10.8070549202129
"2056","81297802B99897160628736",1,146972.572725254,146972.572725254,11.8980012682523
"2057","8701671B10053189367937",1,NA,NA,NA
"2058","8701671B10070089345452",1,NA,NA,NA
"2059","8701671B1025448555952",1,NA,NA,NA
"2060","8701671B10526359848248",1,NA,NA,NA
"2061","8701671B10607749601803",1,NA,NA,NA
"2062","8701671B10713626030510",1,68.0960615307465,68.0960615307465,4.22091937786698
"2063","8701671B10801688655736",1,NA,NA,NA
"2064","8701671B10960716544692",1,68.134341115579,68.134341115579,4.22148136087659
"2065","8701671B11157561333534",1,35.8754981279373,35.8754981279373,3.58005455908269
"2066","8701671B11332589204327",1,NA,NA,NA
"2067","8701671B11486827062004",1,26.0868691444397,26.0868691444397,3.26143208981824
"2068","8701671B11506413614658",1,NA,NA,NA
"2069","8701671B11621920628841",1,255.924155574739,255.924155574739,5.54488113329756
"2070","8701671B11660104738059",1,0,0,0
"2071","8701671B1177875671821",1,351.8272183384,351.8272183384,5.86314019809518
"2072","8701671B12100696846936",1,290.003487800285,290.003487800285,5.66989294980573
"2073","8701671B12183972503150",1,NA,NA,NA
"2074","8701671B12184767464675",1,NA,NA,NA
"2075","8701671B12563091717165",1,NA,NA,NA
"2076","8701671B12567928056648",1,NA,NA,NA
"2077","8701671B12581562971222",1,NA,NA,NA
"2078","8701671B12736855691443",1,NA,NA,NA
"2079","8701671B12936296158000",1,28.8402045440674,28.8402045440674,3.36177040476564
"2080","8701671B12954312315710",1,259.959473736882,259.959473736882,5.56052574862374
"2081","8701671B13263124861718",1,NA,NA,NA
"2082","8701671B13319398950854",1,27.332437787652,27.332437787652,3.30807419419301
"2083","8701671B134536261517",1,197.42630887419,197.42630887419,5.28536539509038
"2084","8701671B13502438451250",1,65.6862503614277,65.6862503614277,4.18488962446272
"2085","8701671B13742843200127",1,NA,NA,NA
"2086","8701671B13840593777950",1,NA,NA,NA
"2087","8701671B1385498050924",1,80.1776895810291,80.1776895810291,4.38424529139671
"2088","8701671B14194395113255",1,NA,NA,NA
"2089","8701671B1426599605087",1,3052.8705020541,3052.8705020541,8.02383757521362
"2090","8701671B14589117854765",1,NA,NA,NA
"2091","8701671B14688938630280",1,209.158124670684,209.158124670684,5.34309054327612
"2092","8701671B14864913892073",1,565.12129784666,565.12129784666,6.33704039455887
"2093","8701671B14881348545468",1,NA,NA,NA
"2094","8701671B14942759406503",1,5.15861961364746,5.15861961364746,1.6406690269695
"2095","8701671B15123648543538",1,94.0175497663021,94.0175497663021,4.54348146448531
"2096","8701671B15632424418996",1,223.427109286189,223.427109286189,5.40908522791301
"2097","8701671B16128625192304",1,NA,NA,NA
"2098","8701671B16268299103818",1,NA,NA,NA
"2099","8701671B16290064127769",1,159.36455821991,159.36455821991,5.07119439671481
"2100","8701671B16318499791123",1,476.398547304273,476.398547304273,6.16625478815717
"2101","8701671B16711141632325",1,NA,NA,NA
"2102","8701671B17247241487473",1,NA,NA,NA
"2103","8701671B17247677679787",1,31.5859623908997,31.5859623908997,3.45271279375823
"2104","8701671B17450854784889",1,NA,NA,NA
"2105","8701671B17506768267168",1,NA,NA,NA
"2106","8701671B17924499339223",1,156.44818158865,156.44818158865,5.05272484709209
"2107","8701671B17958091241974",1,NA,NA,NA
"2108","8701671B18019835911399",1,NA,NA,NA
"2109","8701671B18221439700807",1,0,0,0
"2110","8701671B18283500133998",1,NA,NA,NA
"2111","8701671B18356236998563",1,64.4906768333912,64.4906768333912,4.16652066813532
"2112","8701671B18613428350032",1,NA,NA,NA
"2113","8701671B18648215649765",1,NA,NA,NA
"2114","8701671B1865604971664",1,514.893359104991,514.893359104991,6.2439598095228
"2115","8701671B18704050053031",1,19.4081330299378,19.4081330299378,2.96569220656494
"2116","8701671B18948997599977",1,788.97227922976,788.97227922976,6.67073118617259
"2117","8701671B19142540356259",1,33.0605574190617,33.0605574190617,3.4983409530814
"2118","8701671B19150990882958",1,9.8442045545578,9.8442045545578,2.28688291193073
"2119","8701671B19228970825308",1,106.64825796783,106.64825796783,4.66953611068016
"2120","8701671B19273401931572",1,NA,NA,NA
"2121","8701671B19367701502123",1,NA,NA,NA
"2122","8701671B19465815393412",1,673.280140423179,673.280140423179,6.51216149923501
"2123","8701671B19516927692390",1,87.1478034979105,87.1478034979105,4.46760556795261
"2124","8701671B19884465022303",1,130.074778444022,130.074778444022,4.86810950388083
"2125","8701671B1991093639025",1,81.8510246318579,81.8510246318579,4.40490082214878
"2126","8701671B20173506314249",1,NA,NA,NA
"2127","8701671B20457253682512",1,86.5688293862343,86.5688293862343,4.46093981297193
"2128","8701671B2050901299754",1,NA,NA,NA
"2129","8701671B20776144053651",1,NA,NA,NA
"2130","8701671B20786089058501",1,NA,NA,NA
"2131","8701671B20822148324962",1,NA,NA,NA
"2132","8701671B2095740790766",1,NA,NA,NA
"2133","8701671B21062082038543",1,24.3932351521403,24.3932351521403,3.19430584599576
"2134","8701671B21269769416552",1,NA,NA,NA
"2135","8701671B21443736840155",1,10.4906485572457,10.4906485572457,2.35048424673591
"2136","8701671B21751079889511",1,NA,NA,NA
"2137","8701671B21993534180379",1,94.1005388896167,94.1005388896167,4.54436377335088
"2138","8701671B22058673565731",1,300.668791008294,300.668791008294,5.70600929680734
"2139","8701671B22157937027856",1,NA,NA,NA
"2140","8701671B22263392934776",1,36.1827223781496,36.1827223781496,3.58858172252468
"2141","8701671B22615930928090",1,3627.43150679521,3627.43150679521,8.19628010292473
"2142","8701671B22929774804888",1,84.7789256572723,84.7789256572723,4.44004699371955
"2143","8701671B23364700154190",1,161.635010372698,161.635010372698,5.08534077096803
"2144","8701671B23372433445877",1,294.440688800719,294.440688800719,5.68507758654628
"2145","8701671B23391099181160",1,NA,NA,NA
"2146","8701671B2341246797828",1,NA,NA,NA
"2147","8701671B23608310651096",1,NA,NA,NA
"2148","8701671B23610017259246",1,207.41774956882,207.41774956882,5.33473487346827
"2149","8701671B23690641916416",1,NA,NA,NA
"2150","8701671B2397405829195",1,NA,NA,NA
"2151","8701671B23998662762063",1,NA,NA,NA
"2152","8701671B24039630787071",1,2.91822945594788,2.91822945594788,1.07097708167248
"2153","8701671B24321034687398",1,0,0,0
"2154","8701671B24452545338403",1,20.0107936239243,20.0107936239243,2.99627180917468
"2155","8701671B2449694797689",1,NA,NA,NA
"2156","8701671B24659660179823",1,NA,NA,NA
"2157","8701671B250084574474",1,1083.6817456324,1083.6817456324,6.98811954630281
"2158","8701671B25026940525342",1,NA,NA,NA
"2159","8701671B25390904232189",1,NA,NA,NA
"2160","8701671B25474950387418",1,NA,NA,NA
"2161","8701671B255319431107",1,NA,NA,NA
"2162","8701671B2564147185651",1,340.310960075855,340.310960075855,5.82985978808741
"2163","8701671B2567370595513",1,NA,NA,NA
"2164","8701671B2571810219289",1,NA,NA,NA
"2165","8701671B25756031943387",1,NA,NA,NA
"2166","8701671B25758314350266",1,2008.50121839285,2008.50121839285,7.60514406041745
"2167","8701671B2612636818679",1,31.2939722537994,31.2939722537994,3.44342549924943
"2168","8701671B26165957358131",1,311.576037062705,311.576037062705,5.74164340815978
"2169","8701671B26229529558045",1,0,0,0
"2170","8701671B26291709137074",1,NA,NA,NA
"2171","8701671B26446113405700",1,1259.10008137941,1259.10008137941,7.13815252364065
"2172","8701671B26596683393313",1,18.5433635950089,18.5433635950089,2.92011196736144
"2173","8701671B26752019642149",1,NA,NA,NA
"2174","8701671B26789831471183",1,431.248089993,431.248089993,6.06668353933402
"2175","8701671B26801747706600",1,188.807299723625,188.807299723625,5.24072691675436
"2176","8701671B26894832040288",1,618.281347351074,618.281347351074,6.42694360847414
"2177","8701671B26969099511197",1,91.7822874057293,91.7822874057293,4.51941933135964
"2178","8701671B28049445861870",1,173.155063405037,173.155063405037,5.15418751330297
"2179","8701671B28120595422367",1,NA,NA,NA
"2180","8701671B28263897430178",1,425.932937061787,425.932937061787,6.05428190913921
"2181","8701671B28478396095564",1,81.1645068228245,81.1645068228245,4.39647804351475
"2182","8701671B29376048072153",1,53.6119639158249,53.6119639158249,3.98177225055449
"2183","8701671B29380756423502",1,114.385922710896,114.385922710896,4.73957801814759
"2184","8701671B30216430122169",1,233.588098493814,233.588098493814,5.45355930142763
"2185","8701671B30275732730591",1,NA,NA,NA
"2186","8701671B30362315223491",1,NA,NA,NA
"2187","8701671B30671419360126",1,63.641462855339,63.641462855339,4.15326518961865
"2188","8701671B30970661206572",1,78.3274617624283,78.3274617624283,4.36089826644237
"2189","8701671B31053612499035",1,110.811452024132,110.811452024132,4.70783012659067
"2190","8701671B31198157043754",1,NA,NA,NA
"2191","8701671B31259394762981",1,219.845029670447,219.845029670447,5.39292288754978
"2192","8701671B31339536458012",1,NA,NA,NA
"2193","8701671B31446207074709",1,199.19850714922,199.19850714922,5.29430185089159
"2194","8701671B31536824051324",1,NA,NA,NA
"2195","8701671B31601381418998",1,NA,NA,NA
"2196","8701671B31799938456205",1,3.39439092159271,3.39439092159271,1.22212434037751
"2197","8701671B32126440612749",1,14.6482645595074,14.6482645595074,2.68432186834424
"2198","8701671B32276542748639",1,NA,NA,NA
"2199","8701671B32439381681784",1,54.3399878072739,54.3399878072739,3.99526037961971
"2200","8701671B32794864311067",1,577.595519801155,577.595519801155,6.35887383097159
"2201","8701671B32853593869516",1,1977.51761126518,1977.51761126518,7.58959760542525
"2202","8701671B32861116669136",1,21.1570383104682,21.1570383104682,3.05197263076989
"2203","8701671B33386018665106",1,NA,NA,NA
"2204","8701671B33635631845794",1,NA,NA,NA
"2205","8701671B33750138379558",1,257.365351189151,257.365351189151,5.55049667533642
"2206","8701671B33864037616544",1,24.683760509491,24.683760509491,3.20614555815487
"2207","8701671B33968538338102",1,1.27027821540832,1.27027821540832,0.239235943729419
"2208","8701671B34039397692989",1,NA,NA,NA
"2209","8701671B34343071784823",1,NA,NA,NA
"2210","8701671B34451908876457",1,NA,NA,NA
"2211","8701671B34711583072149",1,NA,NA,NA
"2212","8701671B34835556346125",1,16.3977658349276,16.3977658349276,2.79714509597248
"2213","8701671B34935279369913",1,85.3561288017035,85.3561288017035,4.44683225453238
"2214","8701671B35205001440787",1,NA,NA,NA
"2215","8701671B353408445184",1,NA,NA,NA
"2216","8701671B35560062727781",1,NA,NA,NA
"2217","8701671B35578223598548",1,372.024932884276,372.024932884276,5.91896087590961
"2218","8701671B35754409069588",1,NA,NA,NA
"2219","8701671B35889486410430",1,NA,NA,NA
"2220","8701671B35941232442157",1,4809.48116082698,4809.48116082698,8.47834449050983
"2221","8701671B35979662153697",1,601.921199430227,601.921199430227,6.4001265387845
"2222","8701671B36300089777335",1,NA,NA,NA
"2223","8701671B3640054805688",1,NA,NA,NA
"2224","8701671B36493357542675",1,137.68395391047,137.68395391047,4.92496086960881
"2225","8701671B37181005506912",1,NA,NA,NA
"2226","8701671B37327912911660",1,NA,NA,NA
"2227","8701671B37545518209863",1,54.5069027230144,54.5069027230144,3.99832734911723
"2228","8701671B38188499976025",1,NA,NA,NA
"2229","8701671B38196244900111",1,5.38132126912475,5.38132126912475,1.68293393307828
"2230","8701671B38315544372764",1,265.070228806138,265.070228806138,5.5799948052389
"2231","8701671B38434288339117",1,NA,NA,NA
"2232","8701671B38782099046323",1,NA,NA,NA
"2233","8701671B38809130706709",1,NA,NA,NA
"2234","8701671B38837551888140",1,NA,NA,NA
"2235","8701671B39379224532007",1,NA,NA,NA
"2236","8701671B39771319698243",1,301.314728741646,301.314728741646,5.7081553289164
"2237","8701671B39792436227120",1,NA,NA,NA
"2238","8701671B40211912929953",1,NA,NA,NA
"2239","8701671B40300568900689",1,174.271408355087,174.271408355087,5.16061390209446
"2240","8701671B40321186165087",1,7036.92991379023,7036.92991379023,8.85892726224525
"2241","8701671B40414621404718",1,228.27181728065,228.27181728065,5.4305370999264
"2242","8701671B40430448784583",1,249.986669421196,249.986669421196,5.52140759412535
"2243","8701671B40447391578275",1,99.8976349490881,99.8976349490881,4.60414601119097
"2244","8701671B40736207737623",1,48.4339183562249,48.4339183562249,3.88020036076618
"2245","8701671B40799965178228",1,NA,NA,NA
"2246","8701671B40891625905372",1,264.720738046914,264.720738046914,5.57867545163801
"2247","8701671B41249245584298",1,32.688225632757,32.688225632757,3.48701494066883
"2248","8701671B41472866915589",1,NA,NA,NA
"2249","8701671B41529666733093",1,NA,NA,NA
"2250","8701671B41674368745419",1,NA,NA,NA
"2251","8701671B41782818655170",1,NA,NA,NA
"2252","8701671B42420673442147",1,479.588216560036,479.588216560036,6.17292785354385
"2253","8701671B4251285469436",1,NA,NA,NA
"2254","8701671B42521441086623",1,NA,NA,NA
"2255","8701671B42547396516194",1,11.2234104816616,11.2234104816616,2.41800181840417
"2256","8701671B42639255298272",1,NA,NA,NA
"2257","8701671B42677537488502",1,58.7440239730291,58.7440239730291,4.07318942824246
"2258","8701671B42772891330913",1,217.790471889973,217.790471889973,5.38353346248028
"2259","8701671B42907640167452",1,73.0613936829567,73.0613936829567,4.29130009705375
"2260","8701671B42961858888115",1,12.8956585979462,12.8956585979462,2.55689071192952
"2261","8701671B43089055128677",1,157.767818695083,157.767818695083,5.06112445032022
"2262","8701671B43129052292298",1,543.916356070638,543.916356070638,6.298795477811
"2263","8701671B43134404703092",1,551.708980920166,551.708980920166,6.31302069877588
"2264","8701671B431817219608",1,NA,NA,NA
"2265","8701671B43196595047489",1,82.9618111896515,82.9618111896515,4.41838039576651
"2266","8701671B43516735791505",1,16.2419781088829,16.2419781088829,2.78759913205011
"2267","8701671B44154359269961",1,NA,NA,NA
"2268","8701671B44259561788806",1,NA,NA,NA
"2269","8701671B44376877134949",1,NA,NA,NA
"2270","8701671B44431410980873",1,NA,NA,NA
"2271","8701671B44468241471992",1,NA,NA,NA
"2272","8701671B44976535093209",1,NA,NA,NA
"2273","8701671B45029066757980",1,NA,NA,NA
"2274","8701671B45251476998803",1,212.478319245875,212.478319245875,5.35883995608112
"2275","8701671B45291890821133",1,4.89292348146439,4.89292348146439,1.5877899738165
"2276","8701671B45365250149949",1,NA,NA,NA
"2277","8701671B45853929817808",1,7.28715391933918,7.28715391933918,1.98611306092139
"2278","8701671B45858620723076",1,52.5419080042839,52.5419080042839,3.96161109886797
"2279","8701671B45915520468586",1,3.43410793423653,3.43410793423653,1.23375719303449
"2280","8701671B45925024878482",1,NA,NA,NA
"2281","8701671B45952926697202",1,1081.42030655332,1081.42030655332,6.9860305547939
"2282","8701671B45979799747328",1,8.7583936882019,8.7583936882019,2.17001251920744
"2283","8701671B46031998027021",1,NA,NA,NA
"2284","8701671B46064896130461",1,411.620949510038,411.620949510038,6.02010290040527
"2285","8701671B46237577852216",1,NA,NA,NA
"2286","8701671B46527115488152",1,571.423508542925,571.423508542925,6.34813063095758
"2287","8701671B46937841277831",1,2.23444036841393,2.23444036841393,0.80399080226594
"2288","8701671B47130122414504",1,186.293287430853,186.293287430853,5.22732224599144
"2289","8701671B47246158509977",1,370.501051339991,370.501051339991,5.91485628235692
"2290","8701671B47563764529661",1,NA,NA,NA
"2291","8701671B47647917387752",1,NA,NA,NA
"2292","8701671B476552117611",1,132.568260823488,132.568260823488,4.88709768879499
"2293","8701671B47910558118739",1,NA,NA,NA
"2294","8701671B48498321599703",1,NA,NA,NA
"2295","8701671B48526464274479",1,NA,NA,NA
"2296","8701671B48601442509190",1,NA,NA,NA
"2297","8701671B48752097884677",1,NA,NA,NA
"2298","8701671B48766638933033",1,NA,NA,NA
"2299","8701671B48782263961868",1,2.52287019729614,2.52287019729614,0.925397220573307
"2300","8701671B4886377420508",1,NA,NA,NA
"2301","8701671B49626021137525",1,50.9192952246964,50.9192952246964,3.93024193275871
"2302","8701671B4982354038174",1,NA,NA,NA
"2303","8701671B49997775844737",1,36.9853263759613,36.9853263759613,3.61052124955034
"2304","8701671B50411660224690",1,21.2236628961563,21.2236628961563,3.05511673356551
"2305","8701671B50549026935963",1,1576.3999781096,1576.3999781096,7.36289903143452
"2306","8701671B50591469420225",1,72.7368116483092,72.7368116483092,4.28684760643307
"2307","8701671B50625769822151",1,4.4630352409184,4.4630352409184,1.4958290818558
"2308","8701671B50877038935662",1,NA,NA,NA
"2309","8701671B51264810574376",1,214.265888841152,214.265888841152,5.36721771501357
"2310","8701671B51268298139498",1,714.91791270256,714.91791270256,6.57216772869413
"2311","8701671B51271106476031",1,332.836445669439,332.836445669439,5.80765121517891
"2312","8701671B51325698675387",1,0,0,0
"2313","8701671B51566327672106",1,406.267427690178,406.267427690178,6.00701163165348
"2314","8701671B52063001665114",1,125.877447361648,125.877447361648,4.83530879364335
"2315","8701671B52064180240109",1,NA,NA,NA
"2316","8701671B52595214845054",1,218.183950419426,218.183950419426,5.38533851624562
"2317","8701671B52742071766833",1,NA,NA,NA
"2318","8701671B52865399345725",1,NA,NA,NA
"2319","8701671B52938625502385",1,11.3600975489616,11.3600975489616,2.43010700031262
"2320","8701671B5294461890646",1,37.6593804341555,37.6593804341555,3.62858207153116
"2321","8701671B52982434499588",1,372.361522637606,372.361522637606,5.91986521739453
"2322","8701671B53039174443584",1,39.3711617279612,39.3711617279612,3.67303361246953
"2323","8701671B53100902069949",1,NA,NA,NA
"2324","8701671B53143424756117",1,507.631982753873,507.631982753873,6.22975674164467
"2325","8701671B53172954238098",1,NA,NA,NA
"2326","8701671B53372431800849",1,NA,NA,NA
"2327","8701671B53380311765902",1,0,0,0
"2328","8701671B53480283308673",1,2772.70438319832,2772.70438319832,7.92757843452311
"2329","8701671B53611878651636",1,NA,NA,NA
"2330","8701671B53815212038994",1,239.025188187957,239.025188187957,5.47656893628615
"2331","8701671B54095148495441",1,215.855450359583,215.855450359583,5.37460897236411
"2332","8701671B540973728907",1,NA,NA,NA
"2333","8701671B5410324269547",1,235.651741284132,235.651741284132,5.46235504262371
"2334","8701671B54248554179471",1,186.607161274105,186.607161274105,5.22900566535157
"2335","8701671B5455309404848",1,NA,NA,NA
"2336","8701671B54690332526022",1,373.59969271915,373.59969271915,5.92318488386813
"2337","8701671B54761121422893",1,NA,NA,NA
"2338","8701671B5497256844946",1,29.0495055603981,29.0495055603981,3.36900146285697
"2339","8701671B55145671844028",1,NA,NA,NA
"2340","8701671B55457269732014",1,NA,NA,NA
"2341","8701671B55619097224465",1,15.5616902589798,15.5616902589798,2.74481214131974
"2342","8701671B55791110195050",1,49.9364662361145,49.9364662361145,3.91075152215807
"2343","8701671B55959658835891",1,NA,NA,NA
"2344","8701671B56086336550970",1,NA,NA,NA
"2345","8701671B56473836536162",1,71.6520438325405,71.6520438325405,4.27182167909471
"2346","8701671B56645509731346",1,0.120151681900024,0.120151681900024,-2.11900031856202
"2347","8701671B56799057925384",1,457.305619824231,457.305619824231,6.12535191972961
"2348","8701671B56834223394204",1,20.1960279402137,20.1960279402137,3.00548594844856
"2349","8701671B57020485893312",1,10.8672872781754,10.8672872781754,2.38575710956229
"2350","8701671B57148125008640",1,62.0323885965347,62.0323885965347,4.12765664536173
"2351","8701671B57170093007223",1,NA,NA,NA
"2352","8701671B57419145053481",1,701.938501853943,701.938501853943,6.55384579599168
"2353","8701671B57914873676078",1,NA,NA,NA
"2354","8701671B5799269287632",1,NA,NA,NA
"2355","8701671B58191073405905",1,13.7639665353298,13.7639665353298,2.62205405661361
"2356","8701671B58662152175879",1,NA,NA,NA
"2357","8701671B58668276188859",1,7.25044033303857,7.25044033303857,1.98106220261378
"2358","8701671B58858754832343",1,4.47139047086239,4.47139047086239,1.4976994275611
"2359","8701671B58944232238955",1,NA,NA,NA
"2360","8701671B59019630539263",1,1928.883996225,1928.883996225,7.56469687435561
"2361","8701671B59116812435541",1,6986.75698967934,6986.75698967934,8.85177177759542
"2362","8701671B59649153426200",1,73.0938639870286,73.0938639870286,4.29174442324665
"2363","8701671B59677117664850",1,112.17635619998,112.17635619998,4.72007224182667
"2364","8701671B59724395423262",1,14.9774601912498,14.9774601912498,2.70654641706888
"2365","8701671B59760242426432",1,52.9793827968836,52.9793827968836,3.96990283403812
"2366","8701671B59921054204413",1,62.4562582287565,62.4562582287565,4.13446644338028
"2367","8701671B60259256363554",1,NA,NA,NA
"2368","8701671B60383917462580",1,4.17689033508301,4.17689033508301,1.42956703070139
"2369","8701671B60568978044101",1,NA,NA,NA
"2370","8701671B60571960824161",1,7.9469233828783,7.9469233828783,2.07278485789965
"2371","8701671B61096532329378",1,139.641115249097,139.641115249097,4.9390756688069
"2372","8701671B61329229942409",1,1113.07473335028,1113.07473335028,7.01488149488864
"2373","8701671B61376458937885",1,NA,NA,NA
"2374","8701671B61716592772376",1,NA,NA,NA
"2375","8701671B61834764030996",1,28.4115220308304,28.4115220308304,3.34679476820194
"2376","8701671B61982793358866",1,270.488375503421,270.488375503421,5.60022912325377
"2377","8701671B62248544319556",1,760.84621677801,760.84621677801,6.63443125699129
"2378","8701671B63256124601591",1,3.94970536699519,3.94970536699519,1.37364098549688
"2379","8701671B6329691357439",1,10.7817925983667,10.7817925983667,2.37785884092967
"2380","8701671B63359836488901",1,27.6346578931808,27.6346578931808,3.3190707057326
"2381","8701671B63390184751595",1,316.34223319374,316.34223319374,5.75682464398359
"2382","8701671B63558668022840",1,74.397994498983,74.397994498983,4.3094289858169
"2383","8701671B6383069893931",1,11.7832840943337,11.7832840943337,2.46668192496705
"2384","8701671B640126266142",1,NA,NA,NA
"2385","8701671B64130059422641",1,NA,NA,NA
"2386","8701671B64289292392873",1,1480.78570430279,1480.78570430279,7.30032810717621
"2387","8701671B64489112890700",1,2910.49210692041,2910.49210692041,7.9760774547756
"2388","8701671B64660107039204",1,NA,NA,NA
"2389","8701671B64891030149560",1,NA,NA,NA
"2390","8701671B64921834857972",1,118.150265283585,118.150265283585,4.77195724894216
"2391","8701671B64940786723478",1,NA,NA,NA
"2392","8701671B64973472521789",1,NA,NA,NA
"2393","8701671B65041139962090",1,124.900067418516,124.900067418516,4.82751395691134
"2394","8701671B65386836314559",1,55.9186702668667,55.9186702668667,4.02389831843801
"2395","8701671B65471913227261",1,424.881805205103,424.881805205103,6.05181102484618
"2396","8701671B6558289916202",1,15.4837014257908,15.4837014257908,2.7397879497725
"2397","8701671B65833866980229",1,NA,NA,NA
"2398","8701671B65845111607319",1,625.502775585428,625.502775585428,6.4385557672839
"2399","8701671B66024605882248",1,NA,NA,NA
"2400","8701671B66361265375763",1,NA,NA,NA
"2401","8701671B66587320665101",1,303.859509643018,303.859509643018,5.71656545525475
"2402","8701671B67132891165103",1,905.050542324409,905.050542324409,6.80799079001277
"2403","8701671B67257471082353",1,85.6655228748918,85.6655228748918,4.45045044448302
"2404","8701671B67654174060035",1,0.0619727037660778,0.0619727037660778,-2.7810612527182
"2405","8701671B67888908023489",1,152.924868530035,152.924868530035,5.02994674542602
"2406","8701671B68052266894517",1,26.5013946599513,26.5013946599513,3.27719736028474
"2407","8701671B68101868582268",1,NA,NA,NA
"2408","8701671B68700558971197",1,NA,NA,NA
"2409","8701671B68891744403519",1,127.741486582235,127.741486582235,4.85000858562824
"2410","8701671B68903094038939",1,NA,NA,NA
"2411","8701671B68975897642122",1,12.6403452700377,12.6403452700377,2.53689370401318
"2412","8701671B68986810783457",1,136.430110533833,136.430110533833,4.91581247276161
"2413","8701671B69138058153877",1,40.7361545466445,40.7361545466445,3.7071160162269
"2414","8701671B69175081288575",1,465.251183129102,465.251183129102,6.14257743851558
"2415","8701671B69185125078741",1,55.5423888838291,55.5423888838291,4.01714649290594
"2416","8701671B69443980159425",1,NA,NA,NA
"2417","8701671B69664820658119",1,1.23919455528259,1.23919455528259,0.214461616375064
"2418","8701671B69792415593649",1,NA,NA,NA
"2419","8701671B70067848832200",1,93.9704462341219,93.9704462341219,4.54298033107075
"2420","8701671B70172506125810",1,226.755447368622,226.755447368622,5.42387211238307
"2421","8701671B71036629686729",1,NA,NA,NA
"2422","8701671B71072292356728",1,NA,NA,NA
"2423","8701671B71229429215357",1,2313.7597259593,2313.7597259593,7.74662906742692
"2424","8701671B71359677826666",1,NA,NA,NA
"2425","8701671B71571062507422",1,162.279342268556,162.279342268556,5.08931918526469
"2426","8701671B71920498975173",1,NA,NA,NA
"2427","8701671B7232350225457",1,141.13748833172,141.13748833172,4.9497345098335
"2428","8701671B72346500642507",1,31.903293434605,31.903293434605,3.46270924692577
"2429","8701671B72439737760091",1,NA,NA,NA
"2430","8701671B72446042689753",1,16.1875945445895,16.1875945445895,2.7842451800351
"2431","8701671B72718235306176",1,0,0,0
"2432","8701671B72959640308554",1,211.131683623791,211.131683623791,5.35248203181477
"2433","8701671B73008172575008",1,NA,NA,NA
"2434","8701671B73025224751915",1,53.989577498436,53.989577498436,3.98879101864736
"2435","8701671B73326281141145",1,NA,NA,NA
"2436","8701671B73364458199971",1,8.91881308501586,8.91881308501586,2.1881628755204
"2437","8701671B73612450286207",1,328.56036111325,328.56036111325,5.79472056872625
"2438","8701671B73614942856081",1,94.9053800442815,94.9053800442815,4.55288039572953
"2439","8701671B73627657700806",1,NA,NA,NA
"2440","8701671B73692307492725",1,NA,NA,NA
"2441","8701671B74099385302774",1,NA,NA,NA
"2442","8701671B74106328276296",1,NA,NA,NA
"2443","8701671B74160923345613",1,NA,NA,NA
"2444","8701671B74250012316808",1,76.1572768178582,76.1572768178582,4.33280063377581
"2445","8701671B74804511892204",1,NA,NA,NA
"2446","8701671B75024298551322",1,NA,NA,NA
"2447","8701671B75049629719771",1,1541.95666497231,1541.95666497231,7.34080745059758
"2448","8701671B75171816704867",1,NA,NA,NA
"2449","8701671B75449277915828",1,101.189879467934,101.189879467934,4.61699874659494
"2450","8701671B75539751550114",1,4289.5918082428,4289.5918082428,8.3639468578013
"2451","8701671B75874971152676",1,NA,NA,NA
"2452","8701671B76033822027974",1,95.2617867255211,95.2617867255211,4.55662875150084
"2453","8701671B76266155523948",1,255.585675908327,255.585675908327,5.54355767988579
"2454","8701671B76730810017081",1,17.9366189575195,17.9366189575195,2.88684437496271
"2455","8701671B76853731017795",1,7892.48764382422,7892.48764382422,8.97366665487175
"2456","8701671B77198875782479",1,66.9833607709408,66.9833607709408,4.20444424184544
"2457","8701671B77297874442969",1,72.9978962296247,72.9978962296247,4.29043062196086
"2458","8701671B7729903902665",1,NA,NA,NA
"2459","8701671B77761135281215",1,NA,NA,NA
"2460","8701671B77991927650857",1,NA,NA,NA
"2461","8701671B78073152626196",1,NA,NA,NA
"2462","8701671B78261941759356",1,84.0956639753282,84.0956639753282,4.43195500768694
"2463","8701671B78477528803813",1,108.655650040954,108.655650040954,4.68818370756808
"2464","8701671B78745731328632",1,NA,NA,NA
"2465","8701671B7895347248645",1,154.20977059722,154.20977059722,5.03831382226856
"2466","8701671B79417644951649",1,20.8309402126633,20.8309402126633,3.03643939168404
"2467","8701671B79423766550609",1,NA,NA,NA
"2468","8701671B79808617109773",1,30.5452521312237,30.5452521312237,3.41920926048651
"2469","8701671B80390087772516",1,130.206863927096,130.206863927096,4.86912444671898
"2470","8701671B80425002261515",1,6.56374056816101,6.56374056816101,1.88156064901
"2471","8701671B8071500438377",1,148.037644711435,148.037644711435,4.99746659757942
"2472","8701671B80977223747238",1,156.425043485314,156.425043485314,5.05257693987904
"2473","8701671B80994766223390",1,115.426155267507,115.426155267507,4.74863097715827
"2474","8701671B80997210152417",1,41.8492709797621,41.8492709797621,3.73407437694534
"2475","8701671B81059330414733",1,NA,NA,NA
"2476","8701671B81462153055318",1,NA,NA,NA
"2477","8701671B81496139383371",1,1.24608894348145,1.24608894348145,0.220009801029038
"2478","8701671B8158625953395",1,NA,NA,NA
"2479","8701671B81655629015903",1,NA,NA,NA
"2480","8701671B81790835951847",1,NA,NA,NA
"2481","8701671B8208248485546",1,NA,NA,NA
"2482","8701671B82105549024004",1,NA,NA,NA
"2483","8701671B82156592609383",1,NA,NA,NA
"2484","8701671B82289109634820",1,108.954623830914,108.954623830914,4.69093150042504
"2485","8701671B82490011784618",1,NA,NA,NA
"2486","8701671B82829723168564",1,NA,NA,NA
"2487","8701671B82854907311550",1,62.3230605888739,62.3230605888739,4.13233151121786
"2488","8701671B83159323008867",1,NA,NA,NA
"2489","8701671B83371663515297",1,NA,NA,NA
"2490","8701671B83706236309505",1,364.60110280335,364.60110280335,5.89880388693376
"2491","8701671B83724356219791",1,44.3549776798114,44.3549776798114,3.79222493875546
"2492","8701671B83780855203463",1,333.596734027863,333.596734027863,5.80993288035233
"2493","8701671B8403911269466",1,NA,NA,NA
"2494","8701671B84211341759878",1,154.251857381612,154.251857381612,5.03858670408488
"2495","8701671B84261355290509",1,NA,NA,NA
"2496","8701671B84491224846423",1,NA,NA,NA
"2497","8701671B84632828581630",1,695.120069321543,695.120069321543,6.54408459225695
"2498","8701671B84690280241827",1,169.330377635062,169.330377635062,5.13185170384698
"2499","8701671B84813542366979",1,216.723596169949,216.723596169949,5.37862279126204
"2500","8701671B84932876584417",1,316.053557910472,316.053557910472,5.75591168628406
"2501","8701671B84964760406378",1,NA,NA,NA
"2502","8701671B85169170830121",1,90.3113628196716,90.3113628196716,4.50326328661138
"2503","8701671B85402755836861",1,149.626284766346,149.626284766346,5.00814075041668
"2504","8701671B85920169217386",1,21.1355453133583,21.1355453133583,3.0509562351223
"2505","8701671B86080825614718",1,543.766450148225,543.766450148225,6.29851983509144
"2506","8701671B86108661761319",1,81.6278504361026,81.6278504361026,4.40217050810298
"2507","8701671B86288644178895",1,99.1857747155428,99.1857747155428,4.59699460396313
"2508","8701671B86453873223968",1,82.5248124911636,82.5248124911636,4.41309900559082
"2509","8701671B86513395077945",1,78.9445292592794,78.9445292592794,4.36874544456139
"2510","8701671B86605125061107",1,NA,NA,NA
"2511","8701671B86679693622237",1,77.5586038297415,77.5586038297415,4.3510338290487
"2512","8701671B87024407460992",1,NA,NA,NA
"2513","8701671B87099663459533",1,NA,NA,NA
"2514","8701671B87129820959835",1,61.04643666327,61.04643666327,4.11163483133926
"2515","8701671B87504135677093",1,559.588203111663,559.588203111663,6.32720116163928
"2516","8701671B87551920719887",1,NA,NA,NA
"2517","8701671B87673640484733",1,86.1570123921335,86.1570123921335,4.45617135713242
"2518","8701671B87881136739477",1,NA,NA,NA
"2519","8701671B87901537971964",1,NA,NA,NA
"2520","8701671B87910523251509",1,14.1522009325027,14.1522009325027,2.64987015492675
"2521","8701671B8810495152060",1,68.2188384088501,68.2188384088501,4.22272074971053
"2522","8701671B8813575079880",1,0,0,0
"2523","8701671B88292249499058",1,NA,NA,NA
"2524","8701671B88374512548949",1,143.811221619248,143.811221619248,4.96850147853746
"2525","8701671B88518569021729",1,NA,NA,NA
"2526","8701671B886545295565",1,NA,NA,NA
"2527","8701671B88709297193728",1,2.27975187003613,2.27975187003613,0.82406660811253
"2528","8701671B8871656007589",1,NA,NA,NA
"2529","8701671B88887342435419",1,16.95512307873,16.95512307873,2.83057003469192
"2530","8701671B89602605916522",1,0,0,0
"2531","8701671B89606244104668",1,267.30039185673,267.30039185673,5.58837308912483
"2532","8701671B89726898979713",1,0,0,0
"2533","8701671B8981340817709",1,26.8819891373068,26.8819891373068,3.29145651356089
"2534","8701671B90029568380485",1,142.092120007575,142.092120007575,4.95647557971304
"2535","8701671B90050195307789",1,178.391964246035,178.391964246035,5.18398317566749
"2536","8701671B90118791051051",1,270.602850267887,270.602850267887,5.60065224882196
"2537","8701671B90589302469982",1,1227.5027545676,1227.5027545676,7.11273710371308
"2538","8701671B90786780806365",1,NA,NA,NA
"2539","8701671B908189837343",1,5.07387580394745,5.07387580394745,1.6241049839259
"2540","8701671B91089309525348",1,NA,NA,NA
"2541","8701671B91249744249717",1,36.4864028996229,36.4864028996229,3.5969396678864
"2542","8701671B91261158207926",1,NA,NA,NA
"2543","8701671B91352204106029",1,77.9919412592053,77.9919412592053,4.35660550416233
"2544","8701671B91623550198243",1,86.8947918836773,86.8947918836773,4.46469809818163
"2545","8701671B91684501452899",1,17.1252497974038,17.1252497974038,2.84055397075161
"2546","8701671B91946398565623",1,0,0,0
"2547","8701671B91948443212485",1,127.493798799515,127.493798799515,4.84806772654912
"2548","8701671B91973054912616",1,NA,NA,NA
"2549","8701671B91980057323344",1,58.6933516190946,58.6933516190946,4.07232646009755
"2550","8701671B92087442166631",1,665.513913577348,665.513913577348,6.50055954456981
"2551","8701671B92172840318225",1,184.274389406443,184.274389406443,5.21642589357885
"2552","8701671B92535137088393",1,NA,NA,NA
"2553","8701671B92631226508247",1,NA,NA,NA
"2554","8701671B92777247023512",1,29.5354166820645,29.5354166820645,3.38559010873703
"2555","8701671B92902112367309",1,1945.92085901268,1945.92085901268,7.5734905933746
"2556","8701671B92996832063401",1,26.0076402080059,26.0076402080059,3.25839034900888
"2557","8701671B93108958332775",1,19.7508508044481,19.7508508044481,2.9831965691255
"2558","8701671B93430889647256",1,1.29709196090698,1.29709196090698,0.260124805601841
"2559","8701671B93449908484695",1,NA,NA,NA
"2560","8701671B93683641934125",1,122.433979998864,122.433979998864,4.80757194592029
"2561","8701671B93850487776066",1,117.508041090369,117.508041090369,4.76650676605431
"2562","8701671B94015264983282",1,178.275545466542,178.275545466542,5.18333036160141
"2563","8701671B94073395823663",1,1034.87585226536,1034.87585226536,6.94203674900289
"2564","8701671B9474908465202",1,NA,NA,NA
"2565","8701671B94814187921498",1,NA,NA,NA
"2566","8701671B94960647396655",1,388.428454542458,388.428454542458,5.96210899465663
"2567","8701671B95563300423658",1,69.8190498389304,69.8190498389304,4.24590689286086
"2568","8701671B95823931599644",1,3192.84990163982,3192.84990163982,8.06866918304104
"2569","8701671B96155424695073",1,0,0,0
"2570","8701671B96397646944426",1,NA,NA,NA
"2571","8701671B96536961646106",1,NA,NA,NA
"2572","8701671B96547889187506",1,25.5490420218557,25.5490420218557,3.24059982169456
"2573","8701671B96600181049115",1,NA,NA,NA
"2574","8701671B96630840865992",1,159.955618436337,159.955618436337,5.07489639198266
"2575","8701671B96841263270820",1,13.7329307711124,13.7329307711124,2.61979665447467
"2576","8701671B96951790647096",1,516.111875337958,516.111875337958,6.24632355465155
"2577","8701671B96967747537750",1,82.5446771397442,82.5446771397442,4.41333968784799
"2578","8701671B96985788698945",1,40.9983475255966,40.9983475255966,3.71353176163833
"2579","8701671B97135267153779",1,17.9362633890286,17.9362633890286,2.8868245511589
"2580","8701671B97170128709946",1,303.783019605726,303.783019605726,5.71631369526754
"2581","8701671B97252067164265",1,NA,NA,NA
"2582","8701671B97284253822936",1,NA,NA,NA
"2583","8701671B9732663070943",1,1803.36867615648,1803.36867615648,7.4974116815884
"2584","8701671B9780152008483",1,248.097191416621,248.097191416621,5.51382057026536
"2585","8701671B97832675692274",1,NA,NA,NA
"2586","8701671B98117918076450",1,NA,NA,NA
"2587","8701671B98275971460966",1,286.780752294958,286.780752294958,5.65871799453109
"2588","8701671B98296158896120",1,NA,NA,NA
"2589","8701671B98393552934318",1,10.135996915102,10.135996915102,2.31609313866816
"2590","8701671B98444413378484",1,205.114279604554,205.114279604554,5.32356728530011
"2591","8701671B98536206371918",1,NA,NA,NA
"2592","8701671B98746614638816",1,NA,NA,NA
"2593","8701671B98909054283677",1,6745.69967924803,6745.69967924803,8.81666049628613
"2594","8701671B98916205392785",1,197.380537565127,197.380537565127,5.28513352824368
"2595","8701671B98929881441736",1,420.561191593111,420.561191593111,6.04158998985584
"2596","8701671B98989854041717",1,NA,NA,NA
"2597","8701671B99228851829724",1,NA,NA,NA
"2598","8701671B99321727283863",1,275.493005509526,275.493005509526,5.6185622399205
"2599","8701671B99330114936147",1,NA,NA,NA
"2600","8701671B99819358130632",1,NA,NA,NA
"2601","8701671B99871718233737",1,19.9382529866695,19.9382529866695,2.99264014718836
"2602","8701671B99904787478825",1,94.1339713897556,94.1339713897556,4.54471899514779
"2603","8701671B99981007165290",1,120.163582151365,120.163582151365,4.78885399908416
"2604","93511190B76376744251170",1,6133.06116882682,6133.06116882682,8.72144927929658
"2605","94954027B24043744256815",1,6789.65790344954,6789.65790344954,8.82315583687548
"2606","94954027B50419639501702",1,11896.0171509587,11896.0171509587,9.3839589298806
"2607","94954027B73683206567439",1,5075.44552018095,5075.44552018095,8.53216958728469
"2608","94954027B75488374461778",1,4015.73498236954,4015.73498236954,8.29797566874827
"2609","94954027B8071677306874",1,40171.0093217055,40171.0093217055,10.6009008532937
"2610","94954027B88448576527444",1,27739.7919895005,27739.7919895005,10.2306231952647
"2611","DIS017",1,NA,NA,NA
