"","ADM2_id","total_exposure_days","total_population","total_person_day_exposure","log_total_person_day_exposure"
"1","10022922B31790128040616",1,169736.535034638,169736.535034638,12.0420027199457
"2","10022922B52512193010711",1,315015.780834415,315015.780834415,12.6603780144399
"3","10022922B91714644312966",1,141163.28026889,141163.28026889,11.8576725154683
"4","1004716B11599288881671",1,63442.9673986443,63442.9673986443,11.0578966300989
"5","14151628B20319301670654",1,15446.7573875076,15446.7573875076,9.64515438246723
"6","14151628B42533076410957",1,71813.828665229,71813.828665229,11.1818323362856
"7","14151628B95966095088914",1,43033.2040961526,43033.2040961526,10.6697272849743
"8","1456440B17189259529244",3,2636.93541585423,7910.80624756269,8.97598498319862
"9","1456440B19707016539712",1,7076.84816301934,7076.84816301934,8.8645839128533
"10","1456440B2347802332561",3,4798.25652002517,14394.7695600755,9.57462019458716
"11","1456440B30022647812570",2,1274.49192672148,2548.98385344296,7.8434500698888
"12","1456440B30822357340136",2,5646.14008237258,11292.2801647452,9.33187459997112
"13","1456440B3381431616278",2,11489.9830817348,22979.9661634696,10.0423780789678
"14","1456440B35586034015504",2,13202.9735130709,26405.9470261418,10.1813445299075
"15","1456440B38299420542047",2,NA,NA,NA
"16","1456440B41515061278311",2,4159.72484038711,8319.44968077422,9.02635138748992
"17","1456440B42858998503900",3,12632.6732552513,37898.0197657539,10.5426541407808
"18","1456440B44452540624114",2,5107.05075297086,10214.1015059417,9.23152454508084
"19","1456440B45455972514267",2,NA,NA,NA
"20","1456440B5266372606878",3,22028.0815982303,66084.2447946909,11.0986856433395
"21","1456440B54087410472023",3,9471.34065367733,28414.021961032,10.2546380333265
"22","1456440B54194515366168",2,18658.038263318,37316.076526636,10.5271795188515
"23","1456440B56382702891578",2,17633.1525271793,35266.3050543586,10.4706832560285
"24","1456440B59769308078565",2,6940.20390146878,13880.4078029376,9.53823361424429
"25","1456440B59944424745172",2,17261.7618162201,34523.5236324402,10.4493962150877
"26","1456440B60992682417348",2,9937.12311997898,19874.246239958,9.8971800137698
"27","1456440B62290110422722",2,3369.84614748724,6739.69229497448,8.81576954929958
"28","1456440B63332510884225",3,7997.51313377936,23992.5394013381,10.0854982027261
"29","1456440B68597198845590",2,15084.4669826037,30168.9339652074,10.3145679972633
"30","1456440B69828690893614",2,NA,NA,NA
"31","1456440B76393603142959",2,20226.8621113726,40453.7242227452,10.607913988032
"32","1456440B83071961973491",2,37096.3683301151,74192.7366602302,11.2144215356879
"33","1456440B85489993561805",2,10452.1292675835,20904.258535167,9.94770817486062
"34","1456440B85935550107059",2,16349.6863974769,32699.3727949538,10.3951111761189
"35","1456440B92384260503294",3,8418.51898394952,25255.5569518486,10.136801487791
"36","1456440B94766097213569",1,16576.7772018437,16576.7772018437,9.7157580311369
"37","1456440B94896318880673",2,10059.940748203,20119.881496406,9.90946373435567
"38","1456440B99535609172770",2,16792.1471575999,33584.2943151998,10.4218138055761
"39","17275852B1065790622928",3,602430.993687843,1807292.98106353,14.4073406931574
"40","17275852B11168745431905",1,340169.80970279,340169.80970279,12.7372002122159
"41","17275852B11386974868733",1,812495.749750372,812495.749750372,13.6078659620959
"42","17275852B13001476141541",1,633933.172589107,633933.172589107,13.3596988218529
"43","17275852B15408627611583",3,864628.8565634,2593886.5696902,14.7686679149495
"44","17275852B16105050053503",1,1224421.22379674,1224421.22379674,14.0179788199417
"45","17275852B16521843045020",1,1366322.78661519,1366322.78661519,14.1276335917951
"46","17275852B17608034678944",2,952257.114575263,1904514.22915053,14.4597375362042
"47","17275852B17785585955827",1,657786.216251459,657786.216251459,13.3966352582023
"48","17275852B19868960828514",1,845604.472263185,845604.472263185,13.6478070023879
"49","17275852B2067645637252",2,1122690.1155954,2245380.2311908,14.6243854328311
"50","17275852B2295538790743",1,1429789.23738338,1429789.23738338,14.1730376049285
"51","17275852B26690160376255",1,1237611.35952482,1237611.35952482,14.0286937568712
"52","17275852B2770952645956",1,347705.141309908,347705.141309908,12.7591101045128
"53","17275852B282910546940",1,941722.142312596,941722.142312596,13.7554655443497
"54","17275852B29929254137559",1,332528.902062951,332528.902062951,12.714482058798
"55","17275852B30419994709301",1,1618585.79220509,1618585.79220509,14.2970633581757
"56","17275852B30975390905787",1,118469.617091509,118469.617091509,11.68241181083
"57","17275852B34420574294401",1,360735.144339823,360735.144339823,12.795899295857
"58","17275852B34914005005648",1,1104764.1362086,1104764.1362086,13.9151424187551
"59","17275852B35175722210772",3,53532.7209845958,160598.162953787,11.9866606417855
"60","17275852B35416849225692",1,1361050.34895664,1361050.34895664,14.1237672750394
"61","17275852B35691129963558",4,2481950.93869522,9927803.75478088,16.110849838828
"62","17275852B36427803126994",1,2065433.70592016,2065433.70592016,14.5408507894047
"63","17275852B37419515135684",1,463376.36696397,463376.36696397,13.0462948904653
"64","17275852B37590867813392",1,399407.483480094,399407.483480094,12.8977374365938
"65","17275852B37857453943231",1,255513.854560191,255513.854560191,12.4510319124403
"66","17275852B38709981190197",1,252108.628910938,252108.628910938,12.4376153407177
"67","17275852B38939963469829",1,920363.20948681,920363.20948681,13.7325236640354
"68","17275852B39380894050966",1,1729120.10860037,1729120.10860037,14.3631232293437
"69","17275852B40485497211548",1,654112.787875122,654112.787875122,13.3910350740947
"70","17275852B40827597599959",3,377052.267521897,1131156.80256569,13.9387513861302
"71","17275852B41190306193582",1,600932.922835395,600932.922835395,13.3062385980297
"72","17275852B42230140857746",1,445204.115952652,445204.115952652,13.0062881435175
"73","17275852B42238111310042",1,695300.012284754,695300.012284754,13.4520987037554
"74","17275852B42599245130625",1,500648.135495197,500648.135495197,13.1236588089608
"75","17275852B42704411692482",1,1046282.48747162,1046282.48747162,13.8607539516506
"76","17275852B44953136813001",2,458994.357566347,917988.715132694,13.7299403766433
"77","17275852B45805035523406",1,844658.525128723,844658.525128723,13.6466877123902
"78","17275852B46208020456835",1,472437.511439418,472437.511439418,13.0656607662481
"79","17275852B47214038820512",1,1194756.67672822,1194756.67672822,13.9934531048142
"80","17275852B47611300766307",1,644719.371605978,644719.371605978,13.3765704183205
"81","17275852B47839165615513",2,20368.5532104001,40737.1064208002,10.6148946617503
"82","17275852B48501556095420",4,137875.592929156,551502.371716624,13.2204014181499
"83","17275852B50034294804845",2,1443185.58847476,2886371.17694952,14.8755106229876
"84","17275852B50589627480209",1,500740.663926978,500740.663926978,13.1238436091745
"85","17275852B51230036148684",4,1422192.49024888,5688769.96099552,15.5540046071612
"86","17275852B52033797991024",1,157062.319344707,157062.319344707,11.9643979440725
"87","17275852B52554899928467",3,570578.634948854,1711735.90484656,14.3530185625966
"88","17275852B53008264931106",1,193459.861564817,193459.861564817,12.1728253361611
"89","17275852B53025585862768",1,209401.217946814,209401.217946814,12.2520073937666
"90","17275852B53915190353866",1,1325294.80279925,1325294.80279925,14.0971454853333
"91","17275852B58186217435722",1,3287694.18797778,3287694.18797778,15.0056970223101
"92","17275852B59014028549632",1,1180794.32560525,1180794.32560525,13.9816979272657
"93","17275852B59261423659404",1,644897.448859628,644897.448859628,13.3768465891209
"94","17275852B60010150977543",1,2854564.75001277,2854564.75001277,14.8644299376159
"95","17275852B60612190497835",1,700212.896982294,700212.896982294,13.4591397063309
"96","17275852B60758311941437",1,857763.80594516,857763.80594516,13.6620840561262
"97","17275852B63889031221729",2,993953.204074107,1987906.40814821,14.5025925866942
"98","17275852B66356980534214",1,914102.371043539,914102.371043539,13.7256978474943
"99","17275852B67003966243436",1,1179411.29868473,1179411.29868473,13.9805259725304
"100","17275852B67980375579506",2,948257.647635929,1896515.29527186,14.4555287050782
"101","17275852B6984922207713",3,525776.132422853,1577328.39726856,14.2712430860341
"102","17275852B70258266780305",4,821220.521767957,3284882.08707183,15.0048413149102
"103","17275852B70320302334749",1,142735.407147179,142735.407147179,11.868747895653
"104","17275852B72762706296361",1,110842.864818796,110842.864818796,11.6158688450774
"105","17275852B72819681774342",1,318326.731810439,318326.731810439,12.6708335928115
"106","17275852B74040811495822",1,705856.572266592,705856.572266592,13.4671673404068
"107","17275852B75086699702795",2,981068.036906153,1962136.07381231,14.4895442713469
"108","17275852B75559495982426",1,325735.686277954,325735.686277954,12.6938415532019
"109","17275852B75763620561947",1,912775.784106267,912775.784106267,13.7242455479343
"110","17275852B75960028918134",2,238909.003770094,477818.007540188,13.0769852016111
"111","17275852B75995678778305",2,1647654.34425347,3295308.68850694,15.0080104054478
"112","17275852B76985937823941",4,91333.5261084219,365334.104433688,12.8085675684959
"113","17275852B78001466735071",3,737998.452256155,2213995.35676846,14.6103092950346
"114","17275852B78973254528560",1,549245.742219843,549245.742219843,13.2163012382274
"115","17275852B80309702523612",1,482453.999818573,482453.999818573,13.0866408580527
"116","17275852B81259275775371",1,1956390.3741142,1956390.3741142,14.4866116874319
"117","17275852B8296297044700",2,149236.879016055,298473.75803211,12.60643729516
"118","17275852B8366925268148",1,326714.833067553,326714.833067553,12.6968429992752
"119","17275852B84693836922329",1,646347.119635054,646347.119635054,13.3790919753473
"120","17275852B85583949591367",1,268882.395872317,268882.395872317,12.5020293729228
"121","17275852B86000242921086",1,724848.508492576,724848.508492576,13.4937179581996
"122","17275852B87114256965843",1,638303.166047416,638303.166047416,13.3665686313563
"123","17275852B88042861362346",1,199286.825501169,199286.825501169,12.2025004001583
"124","17275852B88564558630562",1,182765.617426627,182765.617426627,12.1159598318355
"125","17275852B89468905887192",1,1036831.47492553,1036831.47492553,13.8516799618793
"126","17275852B90429058486395",2,1041379.92730348,2082759.85460696,14.5492044253621
"127","17275852B90470795224142",1,1011024.16723132,1011024.16723132,13.8264744020011
"128","17275852B92675490846952",1,243590.270990217,243590.270990217,12.4032428755565
"129","17275852B93743910489906",1,376267.862615215,376267.862615215,12.8380565693076
"130","17275852B94153665683486",3,358806.363648017,1076419.09094405,13.8891504335974
"131","17275852B94869101817355",1,1553600.35388283,1553600.35388283,14.2560856043016
"132","17275852B95277244028777",1,1463398.6000992,1463398.6000992,14.1962720968232
"133","17275852B95583475247133",1,1600796.65944882,1600796.65944882,14.2860119754484
"134","17275852B95816601250462",2,185353.342416191,370706.684832382,12.8231664219743
"135","17275852B96568921985306",1,105906.244817539,105906.244817539,11.570309498855
"136","17275852B98893708532288",3,345142.209958536,1035426.62987561,13.8503241025277
"137","17275852B99125708243995",3,462272.112867876,1386816.33860363,14.1425212742376
"138","17275852B99819709984445",3,2010983.08923361,6032949.26770083,15.6127465482546
"139","18249212B1074587975674",1,38171.3118563287,38171.3118563287,10.5498395139286
"140","18249212B15509533795694",1,8997.87712875895,8997.87712875895,9.10474395391323
"141","18249212B3001356606985",1,23109.4117230224,23109.4117230224,10.0479952474283
"142","18249212B32162439805208",1,7486.82405278994,7486.82405278994,8.92089996159258
"143","18249212B34902747010981",1,87251.2983279574,87251.2983279574,11.3765477205036
"144","18249212B50725355749374",1,44904.9648898058,44904.9648898058,10.7123036442276
"145","18249212B61473051882148",1,19434.5725651357,19434.5725651357,9.87480884999769
"146","18249212B6474479975640",1,18472.3888912225,18472.3888912225,9.8240324038239
"147","18249212B80874946619424",1,8034.79839337442,8034.79839337442,8.991537186802
"148","18249212B83249722744294",1,6982.14140361443,6982.14140361443,8.85111094005435
"149","18249212B83355432632114",1,10661.8627594131,10661.8627594131,9.27442842536337
"150","22064153B12662900476516",1,34095.0472078878,34095.0472078878,10.4369074095524
"151","22064153B1320154413470",1,12511.1254471518,12511.1254471518,9.43437356321556
"152","22064153B13215881329963",1,6913.64793325112,6913.64793325112,8.84125269833622
"153","22064153B15197878860903",1,16115.4536960147,16115.4536960147,9.68753394749982
"154","22064153B17786192900668",1,306699.29012442,306699.29012442,12.6336230355396
"155","22064153B18872085958488",1,9080.93652028101,9080.93652028101,9.11393260727678
"156","22064153B23299113779671",1,4993.26097885866,4993.26097885866,8.5158444780829
"157","22064153B26513167275722",1,10572.5493822475,10572.5493822475,9.26601624015602
"158","22064153B26884354260890",1,102601.549893681,102601.549893681,11.5386083177809
"159","22064153B32144271118289",1,5187.61540585389,5187.61540585389,8.55402941120309
"160","22064153B3414994926035",1,16449.9122176955,16449.9122176955,9.70807541986898
"161","22064153B36899747691995",1,13108.2920285562,13108.2920285562,9.48100028822146
"162","22064153B38003203294123",1,63574.3927171293,63574.3927171293,11.0599660380171
"163","22064153B38280459687635",1,662.369390601835,662.369390601835,6.49582339216312
"164","22064153B39173666137461",1,9461.8852184499,9461.8852184499,9.15502692532592
"165","22064153B42217323909789",1,45234.1177161137,45234.1177161137,10.7196068978176
"166","22064153B44267984628031",1,29241.1869301415,29241.1869301415,10.283333505726
"167","22064153B46764438077406",1,31058.2073129182,31058.2073129182,10.3436183781316
"168","22064153B48099706637709",1,34185.5426510973,34185.5426510973,10.4395581041753
"169","22064153B48342484050891",1,27470.9575270186,27470.9575270186,10.2208846356722
"170","22064153B49815970658587",1,1571.0361849164,1571.0361849164,7.35949067103709
"171","22064153B51662529993673",1,3773.71299661168,3773.71299661168,8.23581467550406
"172","22064153B52648905753653",1,3837.91868667853,3837.91868667853,8.25268548996451
"173","22064153B55014741833430",1,7976.85278668591,7976.85278668591,8.98429922501925
"174","22064153B56938477027476",1,9064.32396684452,9064.32396684452,9.11210154421877
"175","22064153B57554253448105",1,1592.68685857367,1592.68685857367,7.37317771718688
"176","22064153B58298111838793",1,107586.64018441,107586.64018441,11.5860517571462
"177","22064153B58604351029537",1,5823.52918987745,5823.52918987745,8.66966174695866
"178","22064153B65083387274460",1,30823.1652121569,30823.1652121569,10.336021803541
"179","22064153B65355185007631",1,1250.71593205294,1250.71593205294,7.13147141198251
"180","22064153B67091834306400",1,18688.3799772441,18688.3799772441,9.83565721810768
"181","22064153B71321460612085",1,5640.35086216353,5640.35086216353,8.63770155216063
"182","22064153B72338395356904",1,1257.4343754627,1257.4343754627,7.13682871410136
"183","22064153B72557409137783",1,6866.66077740118,6866.66077740118,8.83443320844917
"184","22064153B76525796154688",1,1440.17389580918,1440.17389580918,7.27251914625762
"185","22064153B76748152087135",1,11967.7661991395,11967.7661991395,9.38997216452373
"186","22064153B77103081434651",1,6932.50275632036,6932.50275632036,8.84397617508385
"187","22064153B78193536381763",1,1208.24416913873,1208.24416913873,7.09692348484037
"188","22064153B81163718541362",1,45765.3013223118,45765.3013223118,10.7312814699185
"189","22064153B82911662838779",1,5388.03076742274,5388.03076742274,8.59193524787452
"190","22064153B833454751178",1,3403.18962303978,3403.18962303978,8.13246839526401
"191","22064153B84687278012023",1,135082.829660275,135082.829660275,11.8136434223129
"192","22064153B85000886785239",1,53452.8018450097,53452.8018450097,10.8865543350047
"193","22064153B86211377030233",1,82967.8126110644,82967.8126110644,11.3262080116982
"194","22064153B86521976602525",1,53624.2512512711,53624.2512512711,10.8897566934526
"195","22064153B89218276356736",1,6134.68273093844,6134.68273093844,8.7217136412093
"196","22064153B94546008893",1,2383.60944010798,2383.60944010798,7.77637118930632
"197","22064153B95692403593429",1,14267.288010375,14267.288010375,9.5657246440825
"198","22064153B98586949773081",1,7585.03967510751,7585.03967510751,8.93393312250165
"199","22064153B99767339475906",1,15501.6154153625,15501.6154153625,9.64869951782274
"200","25037944B15390433377666",1,29272.7879873247,29272.7879873247,10.2844136258272
"201","25037944B42158127814454",1,2139.04339868173,2139.04339868173,7.66811399811535
"202","25037944B47305351718046",1,9879.1774141996,9879.1774141996,9.1981845296037
"203","25037944B5935933559707",1,24710.3646662794,24710.3646662794,10.1149780567159
"204","25037944B76695994650709",1,8807.72333738706,8807.72333738706,9.0833842675308
"205","25037944B87142005071762",1,31095.6097893053,31095.6097893053,10.3448219238717
"206","25037944B90195923531970",1,115466.547116982,115466.547116982,11.6567361316408
"207","2640588B11276327116073",1,2763246.72352295,2763246.72352295,14.8319168954394
"208","2640588B11393510524278",1,241214.290663928,241214.290663928,12.3934409902721
"209","2640588B12869096786612",1,4599476.70426067,4599476.70426067,15.3414530950448
"210","2640588B14186532473464",1,252510.753833215,252510.753833215,12.4392091162291
"211","2640588B17055181338626",1,757171.579066232,757171.579066232,13.5373451633633
"212","2640588B20595662599865",1,2292080.44023926,2292080.44023926,14.6449704522913
"213","2640588B20861121251971",1,3113506.73034834,3113506.73034834,14.9512602149587
"214","2640588B22535822566030",1,205766.291527396,205766.291527396,12.2344962965828
"215","2640588B24165862747597",1,109383.084853941,109383.084853941,11.6026115395927
"216","2640588B2684850326122",1,191518.15173277,191518.15173277,12.1627378702271
"217","2640588B29584406601254",1,2837479.43486648,2837479.43486648,14.8584266931214
"218","2640588B33083527354868",1,1168856.87892102,1168856.87892102,13.9715368026091
"219","2640588B36229801410553",1,428275.447603095,428275.447603095,12.9675218367282
"220","2640588B36426397400836",1,2631997.92596003,2631997.92596003,14.7832537834179
"221","2640588B43067672764099",1,3069621.35066487,3069621.35066487,14.9370647734109
"222","2640588B43628149657030",1,2794493.51731795,2794493.51731795,14.8431614378889
"223","2640588B45258001695711",1,580190.287745699,580190.287745699,13.2711114110355
"224","2640588B46982966730152",1,2013213.07537733,2013213.07537733,14.5152425486861
"225","2640588B49362051778248",1,748327.548578755,748327.548578755,13.5255960602762
"226","2640588B50881283310688",1,750446.17221633,750446.17221633,13.5284232049203
"227","2640588B52568839586340",1,1546953.98243468,1546953.98243468,14.2517983827874
"228","2640588B63294043497895",1,2386642.64194651,2386642.64194651,14.6853981839945
"229","2640588B64856500371355",1,2025663.05739898,2025663.05739898,14.52140764068
"230","2640588B65314213268917",1,1622951.81126274,1622951.81126274,14.2997571549054
"231","2640588B69318666079956",1,665612.091367712,665612.091367712,13.4084623344415
"232","2640588B69436428808540",1,157444.55705113,157444.55705113,11.9668286565517
"233","2640588B70472166839855",1,2991294.84676551,2991294.84676551,14.9112169107427
"234","2640588B74898440822212",1,562307.589191838,562307.589191838,13.2398042908846
"235","2640588B80128813909947",1,1279268.35436637,1279268.35436637,14.06179887432
"236","2640588B82822310999177",1,220232.020309865,220232.020309865,12.3024369073669
"237","2640588B94420346402626",1,179705.070552775,179705.070552775,12.0990722891391
"238","2640588B97763445928490",1,762024.573380394,762024.573380394,13.5437340826795
"239","27666195B12686081930969",2,6476.72431740619,12953.4486348124,9.46911733552162
"240","27666195B1442019449651",2,9008.13033985032,18016.2606797006,9.79903000017869
"241","27666195B20969327250579",2,54023.0771556156,108046.154311231,11.59031376955
"242","27666195B22880782572265",2,14065.8011830978,28131.6023661956,10.2446488627551
"243","27666195B3053537582037",1,5042.51393537194,5042.51393537194,8.52566003340847
"244","27666195B37116409669852",2,5843.50743952956,11687.0148790591,9.36623366506139
"245","27666195B42436933929514",2,60142.1600757545,120284.320151509,11.6976135539126
"246","27666195B49147516395854",2,13597.4078924061,27194.8157848122,10.2107816379717
"247","27666195B61075928676863",2,21578.5838952406,43157.1677904812,10.672603796053
"248","27666195B61672641857391",1,38143.1945723751,38143.1945723751,10.5491026347547
"249","27666195B63359869130293",1,6510.72867943369,6510.72867943369,8.78120666126334
"250","27666195B63914214220022",3,18382.0187545817,55146.0562637451,10.9177405128545
"251","27666195B66203278575702",1,3588.67265925579,3588.67265925579,8.18553768031647
"252","27666195B69653705101844",1,26740.9005164477,26740.9005164477,10.1939495268446
"253","27666195B72562154839723",1,31425.0645030705,31425.0645030705,10.35536108606
"254","27666195B82036397342560",2,5742.59005503793,11485.1801100759,9.34881279720101
"255","27666195B83736805727119",1,10032.0740043086,10032.0740043086,9.21354263967051
"256","27666195B94434942697031",1,29704.6461692068,29704.6461692068,10.2990587492295
"257","48082658B12474943410263",1,3694.79485401139,3694.79485401139,8.21468031195235
"258","48082658B13739269194746",1,4711.14565991029,4711.14565991029,8.45768639732846
"259","48082658B15752007893328",1,5184.51403797544,5184.51403797544,8.5534313916763
"260","48082658B34496181007538",1,339.379845823646,339.379845823646,5.8271199692563
"261","48082658B37822051650309",1,2644.07390003435,2644.07390003435,7.88007615066962
"262","48082658B41580202055285",1,14872.7617282182,14872.7617282182,9.60728674703922
"263","48082658B47092597141072",1,183.509169429541,183.509169429541,5.21226463588946
"264","48082658B47865873518539",1,98.035722181499,98.035722181499,4.5853319243083
"265","48082658B54870744689581",1,2968.3388722451,2968.3388722451,7.99575777305451
"266","48082658B55363984375879",1,3451.89895878509,3451.89895878509,8.14667978143458
"267","48082658B58897341989636",1,895.199565365389,895.199565365389,6.79704667148083
"268","48082658B59083030943668",1,1011.65608596019,1011.65608596019,6.91934395608235
"269","48082658B59364107477614",1,3142.01313179225,3142.01313179225,8.05261899824421
"270","48082658B68963423411416",1,2301.82298610866,2301.82298610866,7.74145669062957
"271","48082658B69213589871259",1,4493.71730178267,4493.71730178267,8.41043554506629
"272","48082658B71435976816388",1,596.315929392576,596.315929392576,6.3907706094945
"273","48082658B76905372739919",1,31953.8710229901,31953.8710229901,10.3720486112456
"274","48082658B84329148637899",1,1959.21956727989,1959.21956727989,7.58030149297063
"275","48082658B87920107186750",1,8510.35935647324,8510.35935647324,9.04903944822853
"276","48082658B99932543232342",1,1840.60365336291,1840.60365336291,7.51784886927886
"277","50627088B10378773175156",1,8355.55059790991,8355.55059790991,9.03068133926629
"278","50627088B10662501501563",1,15770.6711883342,15770.6711883342,9.66590724013789
"279","50627088B10833441398777",1,5084.69343697589,5084.69343697589,8.53399001895159
"280","50627088B10984666318853",1,8943.85700741945,8943.85700741945,9.09872220772453
"281","50627088B11055849709035",1,6068.83970320929,6068.83970320929,8.71092271309773
"282","50627088B11175343650658",1,16206.2047726859,16206.2047726859,9.69314945855024
"283","50627088B11287751842327",1,21985.9144590061,21985.9144590061,9.99815727542834
"284","50627088B11304069898900",1,20267.3614910997,20267.3614910997,9.91676706279878
"285","50627088B11377983715698",1,2555.10759528652,2555.10759528652,7.84584961340926
"286","50627088B11534934741350",1,15337.0915896786,15337.0915896786,9.63802946044482
"287","50627088B11703653351845",1,12818.4493291922,12818.4493291922,9.45864076599746
"288","50627088B11716767923603",1,38573.1687116143,38573.1687116143,10.5603122026531
"289","50627088B11900040853895",1,322647.549772861,322647.549772861,12.6843158292637
"290","50627088B1220406486190",1,13358.8565378001,13358.8565378001,9.49993485493972
"291","50627088B12532943049248",1,3059.02722138774,3059.02722138774,8.02585224289776
"292","50627088B12638306818283",1,3295.33272970945,3295.33272970945,8.10026242202341
"293","50627088B1268038266758",1,4721.48427212529,4721.48427212529,8.45987849357935
"294","50627088B12819325491793",1,1824.8898982256,1824.8898982256,7.50927493445728
"295","50627088B13205785170557",1,48478.3505520153,48478.3505520153,10.7888725968974
"296","50627088B13423922112488",1,15126.110376294,15126.110376294,9.62417769351311
"297","50627088B1366464462035",1,952.27670617464,952.27670617464,6.85885565030506
"298","50627088B13668938425489",1,9505.97944665342,9505.97944665342,9.15967629502702
"299","50627088B1371520644143",1,4218.05679070992,4218.05679070992,8.34712982484328
"300","50627088B13774862826934",1,100975.41495246,100975.41495246,11.5226323498806
"301","50627088B13835077338530",1,12950.91298791,12950.91298791,9.46892156563952
"302","50627088B14217119498753",1,555.234672870906,555.234672870906,6.31939085837896
"303","50627088B14293404548968",1,166319.255547244,166319.255547244,12.0216644464952
"304","50627088B14353503366896",1,3463.02947176639,3463.02947176639,8.14989905483874
"305","50627088B14720065725755",1,25145.9960092773,25145.9960092773,10.132453958451
"306","50627088B15114769088919",1,751.072380434275,751.072380434275,6.62150202586071
"307","50627088B15412930906672",1,20456.2414065434,20456.2414065434,9.92604331815986
"308","50627088B15578912819987",1,680.905853425897,680.905853425897,6.52342404905338
"309","50627088B15644266114804",1,334.232726000715,334.232726000715,5.81183753476841
"310","50627088B15654993016577",1,62355.203169863,62355.203169863,11.0406023986266
"311","50627088B15670819886365",1,26264.6018321025,26264.6018321025,10.1759773736349
"312","50627088B15804587261784",1,2869.14742037574,2869.14742037574,7.96177019854963
"313","50627088B15970916420519",1,24876.3686170348,24876.3686170348,10.1216735802936
"314","50627088B15987380837011",1,23937.5660999178,23937.5660999178,10.0832043072735
"315","50627088B16349207621267",1,1660.10289081264,1660.10289081264,7.41463486184701
"316","50627088B16485273598132",1,7858.43646066408,7858.43646066408,8.9693429420557
"317","50627088B16531024966983",1,7622.03061324877,7622.03061324877,8.93879809785827
"318","50627088B16692163202625",1,18997.5086285648,18997.5086285648,9.85206312473859
"319","50627088B1690235802813",1,19721.004565385,19721.004565385,9.8894395683087
"320","50627088B17060352314255",1,15611.1382534331,15611.1382534331,9.65573992907228
"321","50627088B17085270439419",1,32989.051790107,32989.051790107,10.4039310214666
"322","50627088B17245875602717",1,28130.2065790669,28130.2065790669,10.2445992451849
"323","50627088B17451896307206",1,3893.8017348703,3893.8017348703,8.26714126909155
"324","50627088B17809013633948",1,19626.7934564514,19626.7934564514,9.88465092479113
"325","50627088B17817736589505",1,10416.2031663293,10416.2031663293,9.25111786947407
"326","50627088B17897683861413",1,16257.9389523167,16257.9389523167,9.69633661936754
"327","50627088B18003687378579",1,2696.52801110506,2696.52801110506,7.89972030267254
"328","50627088B18516269825492",1,4732.72946621185,4732.72946621185,8.46225736922166
"329","50627088B18740069237602",1,4307.41318692217,4307.41318692217,8.36809281426334
"330","50627088B18760877714878",1,3249.82587724153,3249.82587724153,8.08635669765515
"331","50627088B18788314814014",1,84366.3714210084,84366.3714210084,11.3429241583055
"332","50627088B19027861319705",1,17313.1544840069,17313.1544840069,9.7592218663455
"333","50627088B19100619520269",1,18779.2413535672,18779.2413535672,9.84050735543762
"334","50627088B19179472142749",1,15465.1658753316,15465.1658753316,9.64634541091562
"335","50627088B19201983933003",1,159057.549373965,159057.549373965,11.977021361464
"336","50627088B194314119844",1,458.795920211822,458.795920211822,6.12860549291363
"337","50627088B19513954267626",1,1750.80782226732,1750.80782226732,7.46783257313137
"338","50627088B19738638241158",1,16878.2866604732,16878.2866604732,9.73378326184156
"339","50627088B19866902668175",1,274585.639320389,274585.639320389,12.5230184742274
"340","50627088B20001539199633",1,1709.299771626,1709.299771626,7.44383907535547
"341","50627088B20096536906195",1,65461.6169142606,65461.6169142606,11.0892192485485
"342","50627088B20203637446703",1,297.516133395024,297.516133395024,5.69546845341454
"343","50627088B20721288648973",1,28416.4084530672,28416.4084530672,10.2547220197408
"344","50627088B20885387864604",1,2651.95914645405,2651.95914645405,7.88305394638093
"345","50627088B21010720100332",1,17089.3778965861,17089.3778965861,9.74621237384299
"346","50627088B21126743543200",1,24871.5973155272,24871.5973155272,10.1214817613344
"347","50627088B21449588442490",1,6796.10016284633,6796.10016284633,8.82410422118326
"348","50627088B21776838121102",1,7999.81466630563,7999.81466630563,8.98717365368182
"349","50627088B22205317391401",1,5789.21747910499,5789.21747910499,8.66375241101976
"350","50627088B22261172610418",1,25956.8753516613,25956.8753516613,10.1641917996161
"351","50627088B22298863310989",1,2516.8933432664,2516.8933432664,7.83078061969097
"352","50627088B22654008154973",1,89590.8701404668,89590.8701404668,11.4030086980176
"353","50627088B22959836767902",1,38225.109299528,38225.109299528,10.551247890166
"354","50627088B23219182894428",1,8450.6318409437,8450.6318409437,9.04199649163196
"355","50627088B23421839832911",1,11841.9340003231,11841.9340003231,9.3794022397206
"356","50627088B23479789488100",1,14322.2795221137,14322.2795221137,9.56957161235127
"357","50627088B23583227090437",1,24333.183060556,24333.183060556,10.0995962558498
"358","50627088B23669554606070",1,17366.9542277624,17366.9542277624,9.76232449715675
"359","50627088B24102510221280",1,469.611882795319,469.611882795319,6.15190657227236
"360","50627088B24354653382818",1,346.948992844904,346.948992844904,5.84917777445881
"361","50627088B24838191434080",1,26055.9655873698,26055.9655873698,10.1680020262371
"362","50627088B25039940619892",1,2220.55073950946,2220.55073950946,7.70551052495947
"363","50627088B25341473953732",1,661.000559187979,661.000559187979,6.49375468582407
"364","50627088B25570843702160",1,13573.8823574266,13573.8823574266,9.51590281046813
"365","50627088B25862533799100",1,33760.7146291753,33760.7146291753,10.4270531164117
"366","50627088B2588264946725",1,834.887211292228,834.887211292228,6.7272966394305
"367","50627088B25929785695958",1,6195.94824639647,6195.94824639647,8.7316508487576
"368","50627088B26484919164415",1,5926.44710746661,5926.44710746661,8.6871801737293
"369","50627088B26732857587675",1,4540.08537877385,4540.08537877385,8.42070109675589
"370","50627088B26747164126633",1,10197.0832871592,10197.0832871592,9.22985700614093
"371","50627088B27053474017051",1,131.227655535098,131.227655535098,4.87693364343655
"372","50627088B27179014352278",1,4441.09523637723,4441.09523637723,8.39865629986677
"373","50627088B27189344444752",1,8951.44442490689,8951.44442490689,9.09957018650497
"374","50627088B27236807147286",1,9003.69680748559,9003.69680748559,9.10539052836833
"375","50627088B27256400122103",1,4859.0421724971,4859.0421724971,8.48859661362263
"376","50627088B27268418868479",1,23863.5697851069,23863.5697851069,10.0801082982541
"377","50627088B273730145329",1,63130.7808288558,63130.7808288558,11.0529637398715
"378","50627088B27452602729857",1,47073.6188333838,47073.6188333838,10.7594680133899
"379","50627088B2748566546395",1,2259.4778148748,2259.4778148748,7.7228890102038
"380","50627088B27528347221252",1,21676.9275785891,21676.9275785891,9.98400372865605
"381","50627088B27684829351077",1,31764.7842500382,31764.7842500382,10.366113541612
"382","50627088B27800936058187",1,15658.2259301199,15658.2259301199,9.65875167641727
"383","50627088B2780893522991",1,5300.86005576406,5300.86005576406,8.57562436104757
"384","50627088B28279435846357",1,13840.6635055213,13840.6635055213,9.5353661691729
"385","50627088B28720868594108",1,2043.33185148675,2043.33185148675,7.62233701505148
"386","50627088B28882077740120",1,20487.7090659822,20487.7090659822,9.92758042756291
"387","50627088B28943276063630",1,14259.2261807817,14259.2261807817,9.56515942747357
"388","50627088B29125905034403",1,22543.9507659333,22543.9507659333,10.0232220502261
"389","50627088B29131736368652",1,10179.0966865926,10179.0966865926,9.22809155204095
"390","50627088B29443207316447",1,19640.7672753641,19640.7672753641,9.8853626481191
"391","50627088B29480766363328",1,248668.557905085,248668.557905085,12.4238761960053
"392","50627088B29939751785966",1,13035.5903169617,13035.5903169617,9.4754386124125
"393","50627088B30060167879999",1,2798.92338931829,2798.92338931829,7.93699011840785
"394","50627088B30367983369088",1,63108.245176681,63108.245176681,11.0526067084031
"395","50627088B304206473512",1,32120.0803211018,32120.0803211018,10.3772366687145
"396","50627088B30858161806263",1,9731.33153089836,9731.33153089836,9.18310601380266
"397","50627088B30859164427191",1,69954.565315265,69954.565315265,11.1556012433716
"398","50627088B30951925299861",1,849.878711927086,849.878711927086,6.74509364745242
"399","50627088B31186547643860",1,30183.1823333171,30183.1823333171,10.3150401718695
"400","50627088B31209482896746",1,5485.52754488911,5485.52754488911,8.60986854764483
"401","50627088B31864434052112",1,2488.08903283674,2488.08903283674,7.81927023812103
"402","50627088B32131961110957",1,4319.09894778408,4319.09894778408,8.37080208258114
"403","50627088B32385054686880",1,13390.509214877,13390.509214877,9.50230146745256
"404","50627088B32721400005262",1,6269.91493905432,6269.91493905432,8.74351806719592
"405","50627088B32824075530997",1,36144.8217837404,36144.8217837404,10.4952889748299
"406","50627088B3322370739552",1,16816.8501467287,16816.8501467287,9.73013664766237
"407","50627088B33584621576624",1,60672.3465703977,60672.3465703977,11.0132432977951
"408","50627088B33588615579105",1,33854.7341072156,33854.7341072156,10.4298341240184
"409","50627088B33800326968112",1,29156.0641288804,29156.0641288804,10.2804182020085
"410","50627088B3391472602874",1,2192.98491018573,2192.98491018573,7.69301886749395
"411","50627088B34080095276274",1,18489.6097760576,18489.6097760576,9.8249642195645
"412","50627088B34182004017380",1,8704.64707346484,8704.64707346484,9.07161230841255
"413","50627088B34360163600394",1,6437.05492387798,6437.05492387798,8.76982640454347
"414","50627088B34402945572854",1,2857.50662814178,2857.50662814178,7.95770471522595
"415","50627088B34758955275984",1,3782.59073928662,3782.59073928662,8.23816443461116
"416","50627088B34935710320898",1,23013.2117017427,23013.2117017427,10.0438237518091
"417","50627088B34984367598758",1,11181.6657332565,11181.6657332565,9.32203072785204
"418","50627088B35254539369817",1,37820.3181411154,37820.3181411154,10.5406017541579
"419","50627088B35395028449016",1,557632.87287848,557632.87287848,13.2314560909204
"420","50627088B35723887054559",1,3686.91231680977,3686.91231680977,8.21254461623445
"421","50627088B35781734794767",1,5205.38856717467,5205.38856717467,8.55744963093795
"422","50627088B35944605315833",1,8361.18147241823,8361.18147241823,9.03135502054533
"423","50627088B3640264870704",1,6278.30005815368,6278.30005815368,8.74485453144192
"424","50627088B3656235949404",1,5954.15257084735,5954.15257084735,8.69184416617978
"425","50627088B36712897039445",1,3987.34430694997,3987.34430694997,8.29088070105181
"426","50627088B36889128097702",1,431.458064996228,431.458064996228,6.06717032155103
"427","50627088B37134709492679",1,91719.9086622759,91719.9086622759,11.4264947411392
"428","50627088B37227996856729",1,18155.9332651146,18155.9332651146,9.8067526879315
"429","50627088B37332042551424",1,29807.5323262958,29807.5323262958,10.3025164031818
"430","50627088B37468936058188",1,9793.26772599843,9793.26772599843,9.18945046185404
"431","50627088B37911705580944",1,2544.499870665,2544.499870665,7.84168939519965
"432","50627088B38143273708345",1,78727.4315273763,78727.4315273763,11.2737469318356
"433","50627088B38442506685774",1,767.849627354518,767.849627354518,6.64359391626133
"434","50627088B38611852614507",1,4434.95594203004,4434.95594203004,8.39727296054102
"435","50627088B38667494572477",1,8344.62062271084,8344.62062271084,9.0293723734341
"436","50627088B38800884895264",1,3515.09801618103,3515.09801618103,8.1648226889715
"437","50627088B38844714330339",1,2208.29620281108,2208.29620281108,7.69997654822356
"438","50627088B3891560925219",1,4669.68490463294,4669.68490463294,8.44884687614525
"439","50627088B38998854105063",1,3957.31067347657,3957.31067347657,8.28331995068069
"440","50627088B39067728533563",1,12898.0737382899,12898.0737382899,9.46483325658685
"441","50627088B39259384142241",1,25987.186888532,25987.186888532,10.1653588835523
"442","50627088B39448172692324",1,2963.11990946352,2963.11990946352,7.9939980156928
"443","50627088B39480353913545",1,47832.2039485827,47832.2039485827,10.7754544144039
"444","50627088B39576903361064",1,10615.659186327,10615.659186327,9.27008547172193
"445","50627088B39649536593692",1,1523.07917913754,1523.07917913754,7.32848934047191
"446","50627088B3977651749466",1,2193.90307989664,2193.90307989664,7.69343746478953
"447","50627088B40621475737534",1,35248.1720132747,35248.1720132747,10.4701689491163
"448","50627088B40766797013882",1,1886.69364175223,1886.69364175223,7.54258118017544
"449","50627088B40977064130086",1,10971.6084218619,10971.6084218619,9.30306616256371
"450","50627088B41122699535923",1,4550.77833241618,4550.77833241618,8.42305355938504
"451","50627088B41690170063665",1,6091.35655495482,6091.35655495482,8.71462608712268
"452","50627088B42356912123760",1,10339.4425630317,10339.4425630317,9.24372123587724
"453","50627088B42495423385863",1,15919.0448845576,15919.0448845576,9.67527146291003
"454","50627088B42762923799593",1,156105.215937506,156105.215937506,11.9582855200228
"455","50627088B42847090379664",1,114430.159417676,114430.159417676,11.6477199544566
"456","50627088B43225936965135",1,20399.446535209,20399.446535209,9.92326304883726
"457","50627088B43256659786300",1,394.684699939564,394.684699939564,5.97808721814641
"458","50627088B43321963844579",1,1032.81408292122,1032.81408292122,6.94004247511067
"459","50627088B43459310731784",1,5735.76805983674,5735.76805983674,8.65447694558965
"460","50627088B43505980471729",1,3272.56424176294,3272.56424176294,8.09332912838219
"461","50627088B4363090136249",1,24896.6790561301,24896.6790561301,10.1224897023183
"462","50627088B43841606180493",1,17995.7632330662,17995.7632330662,9.79789163323227
"463","50627088B44010048169487",1,9536.48207437337,9536.48207437337,9.1628799411286
"464","50627088B44278957593951",1,32240.6914532947,32240.6914532947,10.3809846434531
"465","50627088B44286312453490",1,10200.1848639869,10200.1848639869,9.23016112302841
"466","50627088B44555224018793",1,38004.1931972487,38004.1931972487,10.5454517799167
"467","50627088B4470320076946",1,156189.93776971,156189.93776971,11.9588280954248
"468","50627088B45118812748540",1,5024.1726891737,5024.1726891737,8.52201608040239
"469","50627088B45531222113542",1,64805.8789494072,64805.8789494072,11.079151602753
"470","50627088B45537020444974",1,1032.31082891267,1032.31082891267,6.93955509149951
"471","50627088B45895820566273",1,23215.6573286808,23215.6573286808,10.052582214879
"472","50627088B45897682266875",1,9730.38493931444,9730.38493931444,9.18300873650586
"473","50627088B45954592867163",1,933.174443208538,933.174443208538,6.83859215358339
"474","50627088B46485171339687",1,8554.60196874052,8554.60196874052,9.05422465908851
"475","50627088B46515972883740",1,667.137875799723,667.137875799723,6.5029967348984
"476","50627088B46889164342382",2,493742.538108677,987485.076217354,13.8029166629519
"477","50627088B46903658008737",1,234.406650190591,234.406650190591,5.45705742842067
"478","50627088B47039366190393",3,213292.538506068,639877.615518204,13.3690322112971
"479","50627088B47100083140695",1,9832.30396170534,9832.30396170534,9.1934285663198
"480","50627088B47201282051967",1,33534.7680490966,33534.7680490966,10.4203380318287
"481","50627088B47546840295566",1,20366.5331196334,20366.5331196334,9.9216482993326
"482","50627088B47586163134003",1,7148.42474155268,7148.42474155268,8.87464729554819
"483","50627088B48258188094940",1,15934.9880402908,15934.9880402908,9.6762724763203
"484","50627088B48315621116970",1,24100.6163614457,24100.6163614457,10.0899926943154
"485","50627088B48388280535597",1,7183.66768856272,7183.66768856272,8.87956535175216
"486","50627088B48642687236942",1,5317.5326099889,5317.5326099889,8.5787646796346
"487","50627088B48811130716283",1,439486.851723687,439486.851723687,12.9933630792177
"488","50627088B48878953618841",1,10472.8956765057,10472.8956765057,9.25654583453817
"489","50627088B48906851597033",1,5608.08176389195,5608.08176389195,8.63196400847475
"490","50627088B49062393925558",1,4042.11103687808,4042.11103687808,8.30452236836262
"491","50627088B49115347423872",1,3785.96566988021,3785.96566988021,8.23905626407898
"492","50627088B49506441430120",1,26202.4694323916,26202.4694323916,10.1736089384524
"493","50627088B49608937685636",1,16771.8560100362,16771.8560100362,9.72745752311406
"494","50627088B49720713331936",1,7402.20072709933,7402.20072709933,8.90953263053293
"495","50627088B49956020835761",1,42468.2022426627,42468.2022426627,10.6565108923587
"496","50627088B50190092788877",1,25329.729670721,25329.729670721,10.1397340706419
"497","50627088B50293210401626",1,5927.8538743278,5927.8538743278,8.68741751659245
"498","50627088B50573678957415",1,1390.69988493221,1390.69988493221,7.23756241374365
"499","50627088B50649641407498",1,53891.4294821871,53891.4294821871,10.8947267365024
"500","50627088B5073197281792",1,4913.98258193519,4913.98258193519,8.49984000849511
"501","50627088B50808135515574",1,9301.26247209378,9301.26247209378,9.1379054196157
"502","50627088B50990328034226",1,90306.0005546411,90306.0005546411,11.4109591885222
"503","50627088B51298056113446",1,8000.09137358435,8000.09137358435,8.98720824229479
"504","50627088B5149905661880",1,130583.789383489,130583.789383489,11.7797703639511
"505","50627088B52599257884021",1,7319.71169106677,7319.71169106677,8.8983262197134
"506","50627088B52842348137606",1,8305.46285818033,8305.46285818033,9.02466875296644
"507","50627088B53016454069278",1,11690.6899538323,11690.6899538323,9.36654807358265
"508","50627088B53125297105915",1,1450.32624782426,1450.32624782426,7.27954380860574
"509","50627088B53187609917147",1,1179.73585415246,1179.73585415246,7.07304583998785
"510","50627088B53283993912996",1,18598.6459272134,18598.6459272134,9.83084405743909
"511","50627088B5329329942302",1,5195.17751496397,5195.17751496397,8.55548607329871
"512","50627088B54024314653329",1,7515.17331330184,7515.17331330184,8.92467936423676
"513","50627088B54036543797475",1,7569.58871235609,7569.58871235609,8.93189401369474
"514","50627088B5409879857753",1,5260.19179002889,5260.19179002889,8.56792276704971
"515","50627088B54927007097368",1,3831.06920395199,3831.06920395199,8.25089920873796
"516","50627088B55174657645518",1,662603.604505745,662603.604505745,13.4039322087754
"517","50627088B55272636333464",1,34555.4488300691,34555.4488300691,10.4503205253015
"518","50627088B55369972555828",1,16542.5285519374,16542.5285519374,9.71368983185948
"519","50627088B55545748869449",1,58423.3574328885,58423.3574328885,10.9754710448978
"520","50627088B55726085156575",1,14487.4269484956,14487.4269484956,9.58103644525363
"521","50627088B55744445073678",1,23621.7085189637,23621.7085189637,10.0699214207071
"522","50627088B55823705242599",1,11531.5895149358,11531.5895149358,9.35284546281916
"523","50627088B5602491796839",1,10911.2247067693,10911.2247067693,9.29754732795951
"524","50627088B56083749221896",1,24277.9359968704,24277.9359968704,10.0973232331939
"525","50627088B56172328383937",2,27505.1611806144,55010.3223612288,10.9152761259001
"526","50627088B56291356806731",1,11653.4353120988,11653.4353120988,9.3633562921013
"527","50627088B57019790335861",1,25364.7779374107,25364.7779374107,10.1411167952773
"528","50627088B57037698095260",1,28507.2385335988,28507.2385335988,10.2579133176434
"529","50627088B5718128794016",1,87874.8200702531,87874.8200702531,11.3836685815462
"530","50627088B57395168555845",1,1661.88646780044,1661.88646780044,7.41570866249273
"531","50627088B57501900146660",1,1536.6075278686,1536.6075278686,7.33733236146397
"532","50627088B57891806628735",1,3765.22749688455,3765.22749688455,8.23356356254785
"533","50627088B58089687429718",1,8181.21754053712,8181.21754053712,9.00959626210713
"534","50627088B58244454353304",1,1229.11500888878,1229.11500888878,7.11404968443007
"535","50627088B58837856031085",1,7659.13245177318,7659.13245177318,8.94365399937191
"536","50627088B58942716797711",1,59397.615299967,59397.615299967,10.9920093580796
"537","50627088B59302189712162",1,19504.1846329841,19504.1846329841,9.87838431809258
"538","50627088B59456591358447",1,16400.3716650347,16400.3716650347,9.70505927605761
"539","50627088B59483317107239",1,34021.6425272409,34021.6425272409,10.4347521460084
"540","50627088B59509159162106",1,5357.26850277918,5357.26850277918,8.58620951648026
"541","50627088B59646352587230",1,9855.75213177327,9855.75213177327,9.19581053648925
"542","50627088B59818276904858",1,13507.7595904916,13507.7595904916,9.51101958378205
"543","50627088B60002798867567",1,3296.64996818129,3296.64996818129,8.10066207067231
"544","50627088B60270238700137",1,1702.38396640718,1702.38396640718,7.43978488087411
"545","50627088B60498499367659",1,2841.37457685433,2841.37457685433,7.95204321999678
"546","50627088B60726647230059",1,2335.86891029406,2335.86891029406,7.75613922520485
"547","50627088B60973243013537",1,828.001872074492,828.001872074492,6.71901541534224
"548","50627088B61096049889972",1,15904.1756966106,15904.1756966106,9.67433697615743
"549","50627088B61245588023001",1,106022.032428511,106022.032428511,11.5714022045949
"550","50627088B6133554619555",1,67769.2157450442,67769.2157450442,11.1238633257605
"551","50627088B614653988957",1,99837.3750649145,99837.3750649145,11.5112978918405
"552","50627088B61531802941312",1,1314.37142348039,1314.37142348039,7.1811138253732
"553","50627088B61539725949690",1,22391.5663723223,22391.5663723223,10.0164396657131
"554","50627088B61548157381216",1,13317.7643716405,13317.7643716405,9.49685409004075
"555","50627088B61814303720147",1,12811.3467664022,12811.3467664022,9.45808652335383
"556","50627088B61937823223292",1,862.227452664711,862.227452664711,6.75951910205749
"557","50627088B62074843364155",1,22224.7393867563,22224.7393867563,10.0089613341832
"558","50627088B62084484750594",1,36922.8086257063,36922.8086257063,10.516584759009
"559","50627088B6219155410913",1,1772.29426128153,1772.29426128153,7.4800301790496
"560","50627088B62702999552661",1,9340.80098723478,9340.80098723478,9.14214728635039
"561","50627088B62865505468510",1,243.664045750489,243.664045750489,5.49579041486988
"562","50627088B62934424626213",1,46389.7434985816,46389.7434985816,10.744833668491
"563","50627088B63300503507145",1,3571.27138566852,3571.27138566852,8.18067694181365
"564","50627088B63503421753996",1,45796.895456662,45796.895456662,10.7319715830157
"565","50627088B64000676175111",1,47838.0372119756,47838.0372119756,10.7755763596051
"566","50627088B6450542910055",1,591.709407972396,591.709407972396,6.38301564945889
"567","50627088B6451508023374",1,5615.90539208293,5615.90539208293,8.63335809942467
"568","50627088B6461377547607",1,39192.93611507,39192.93611507,10.5762518083942
"569","50627088B64695964742161",1,12704.1897470858,12704.1897470858,9.44968711938654
"570","50627088B64741996810444",1,11305.4757496436,11305.4757496436,9.33304246694412
"571","50627088B65141848449255",1,25047.1376165206,25047.1376165206,10.1285148331785
"572","50627088B6514747486487",1,50871.1068984846,50871.1068984846,10.837050396937
"573","50627088B6515753474498",1,29759.8280536211,29759.8280536211,10.3009147111622
"574","50627088B65217892760777",1,21393.9635124904,21393.9635124904,9.97086408236263
"575","50627088B65589511194358",1,3700.67248679057,3700.67248679057,8.21626983530385
"576","50627088B65762611280568",1,76432.5515057397,76432.5515057397,11.244163951243
"577","50627088B65855706883459",1,4232.9138995067,4232.9138995067,8.35064590001325
"578","50627088B6625152362768",1,72227.9959317198,72227.9959317198,11.1875830050102
"579","50627088B66667085397963",1,42080.4210417848,42080.4210417848,10.6473378531074
"580","50627088B67247085370697",2,4562.5507780018,9125.1015560036,9.11878430781381
"581","50627088B67463100581546",1,4379.78689404743,4379.78689404743,8.38475534785976
"582","50627088B67825274215435",1,7380.81187516736,7380.81187516736,8.90663892172912
"583","50627088B67872726344877",1,4182.54716077834,4182.54716077834,8.3386757085364
"584","50627088B68124380296432",1,5267.36564615268,5267.36564615268,8.56928563916467
"585","50627088B68450400928549",1,51205.9317501108,51205.9317501108,10.8436106588113
"586","50627088B68645229361242",1,9526.54978596334,9526.54978596334,9.16183789394728
"587","50627088B69259006758588",1,5660.46602686241,5660.46602686241,8.64126150470922
"588","50627088B69577652591157",1,16193.025969576,16193.025969576,9.69233593282541
"589","50627088B70096556657252",1,4518.7936614798,4518.7936614798,8.41600034815191
"590","50627088B70242427867447",1,25771.0258630928,25771.0258630928,10.1570061112783
"591","50627088B70303647374080",1,22035.8012979642,22035.8012979642,10.0004237413966
"592","50627088B7057522682097",1,15180.3521348914,15180.3521348914,9.62775724797249
"593","50627088B70713462324597",2,62032.1050173105,124064.210034621,11.728554533423
"594","50627088B70821360053618",1,28688.3433752567,28688.3433752567,10.2642461650725
"595","50627088B71121677277682",1,12973.8069151166,12973.8069151166,9.47068775121402
"596","50627088B71309560932065",1,35347.9840542791,35347.9840542791,10.4729966415311
"597","50627088B71489452682156",1,1908.47605058085,1908.47605058085,7.55406032328855
"598","50627088B71513516821399",1,1628.71640890697,1628.71640890697,7.39554750437801
"599","50627088B71647640218880",1,2127.86491357528,2127.86491357528,7.66287436798382
"600","50627088B71678919151694",1,4393.89335019097,4393.89335019097,8.38797098095927
"601","50627088B71795899371071",1,448.778542503715,448.778542503715,6.10652954224491
"602","50627088B71812664206882",1,3058.35178311206,3058.35178311206,8.02563141686166
"603","50627088B71851344630431",1,11700.9755136908,11700.9755136908,9.36742749454869
"604","50627088B71934722124571",1,54707.0125868773,54707.0125868773,10.90974718105
"605","50627088B72101462893192",1,6150.79750172317,6150.79750172317,8.72433702747042
"606","50627088B72181114245692",1,610225.36676097,610225.36676097,13.3215836216248
"607","50627088B7265793034520",1,49378.7101973866,49378.7101973866,10.8072746426185
"608","50627088B72857929958345",1,2274.20952853657,2274.20952853657,7.72938781102292
"609","50627088B73546820144927",1,5957.12751074061,5957.12751074061,8.69234368259359
"610","50627088B74142999724347",1,10200.537502487,10200.537502487,9.23019569420621
"611","50627088B74456725594812",1,12848.7724431484,12848.7724431484,9.46100355604403
"612","50627088B74486769027382",1,9476.92155942258,9476.92155942258,9.15661481249414
"613","50627088B74886386761590",1,150.67383918548,150.67383918548,5.01511749524439
"614","50627088B75168752145477",1,2961.45949102387,2961.45949102387,7.99343749709025
"615","50627088B75605731970498",1,5232.68291823128,5232.68291823128,8.56267941180398
"616","50627088B75736372567986",1,8225.67852483603,8225.67852483603,9.01501606765181
"617","50627088B76215411073468",1,7690.41520381819,7690.41520381819,8.94773005373631
"618","50627088B76224876004944",1,21528.6614434639,21528.6614434639,9.97714041673333
"619","50627088B76288874941262",1,1162.48666878611,1162.48666878611,7.05831666968488
"620","50627088B76426864141477",1,6532.24325378016,6532.24325378016,8.78450569371847
"621","50627088B7660933321092",1,22256.6654322925,22256.6654322925,10.0103968127229
"622","50627088B76973650104721",1,17507.0832144358,17507.0832144358,9.77036083313097
"623","50627088B77011733949691",1,58846.5906553694,58846.5906553694,10.9826891782213
"624","50627088B77034241213697",1,14907.0958359143,14907.0958359143,9.60959260917002
"625","50627088B77099076149354",1,4282.83912471183,4282.83912471183,8.36237141555383
"626","50627088B77344252061017",1,15312.2369992765,15312.2369992765,9.63640759158213
"627","50627088B77470661049606",1,58814.946541337,58814.946541337,10.9821512944651
"628","50627088B77784683352212",1,2000.54127970755,2000.54127970755,7.6011730627795
"629","50627088B78177110012738",1,2377.39266830489,2377.39266830489,7.77375964862862
"630","50627088B78235434296900",1,12060.3794697079,12060.3794697079,9.39768093493607
"631","50627088B78424416735733",1,25138.4862110176,25138.4862110176,10.1321552659724
"632","50627088B78446998147057",1,5959.59061904579,5959.59061904579,8.6927570696207
"633","50627088B78498506424092",1,773.194599666223,773.194599666223,6.65053076291535
"634","50627088B78705285739892",1,6986.60035987882,6986.60035987882,8.85174935924647
"635","50627088B79233583938817",1,77959.4002850475,77959.4002850475,11.2639434609937
"636","50627088B79595248212250",1,42329.1572615886,42329.1572615886,10.6532314245426
"637","50627088B79643690823541",1,1123.19761504361,1123.19761504361,7.02393490991068
"638","50627088B79728757861785",1,40424.8471826391,40424.8471826391,10.6071999041695
"639","50627088B79768269468288",1,6050.41349634673,6050.41349634673,8.70788189519296
"640","50627088B79823252153906",1,5072.49998729318,5072.49998729318,8.53158906919493
"641","50627088B80053246551902",1,8261.43227711395,8261.43227711395,9.01935325064946
"642","50627088B80111986215691",1,62130.6454921931,62130.6454921931,11.036994632384
"643","50627088B80283041271538",1,4965.31366162687,4965.31366162687,8.51023174903105
"644","50627088B80295006421771",1,12770.0326124464,12770.0326124464,9.45485650285625
"645","50627088B80469621247592",1,44359.1120036519,44359.1120036519,10.700073423312
"646","50627088B80645890031295",1,8011.69014558163,8011.69014558163,8.98865702224625
"647","50627088B81401252866172",1,19588.8468092873,19588.8468092873,9.88271564291122
"648","50627088B81472042875612",1,5410.9255139225,5410.9255139225,8.59617543187113
"649","50627088B81981974228301",1,39612.1678808301,39612.1678808301,10.5868916197628
"650","50627088B82399899546067",1,5956.41781766638,5956.41781766638,8.69222454205977
"651","50627088B82486318160402",1,25972.1047925248,25972.1047925248,10.1647783484472
"652","50627088B82635679663989",1,3134.81395730642,3134.81395730642,8.0503251075442
"653","50627088B82923584373412",1,5952.90534091517,5952.90534091517,8.69163467195443
"654","50627088B83068266269285",1,5415.68141077525,5415.68141077525,8.59705398914983
"655","50627088B83258114022778",1,54934.6253193298,54934.6253193298,10.9138991266754
"656","50627088B83388448178787",1,42039.7501777648,42039.7501777648,10.6463708824843
"657","50627088B83471115235412",1,10403.113392331,10403.113392331,9.24986040497602
"658","50627088B83556604008483",1,5445.3848526088,5445.3848526088,8.60252371287096
"659","50627088B83571733703728",1,4003.74040758543,4003.74040758543,8.29498430506297
"660","50627088B83890237461836",1,52894.6590888643,52894.6590888643,10.876057650346
"661","50627088B84143301637451",1,4604.41983540967,4604.41983540967,8.43477195495658
"662","50627088B84316937235456",1,85689.055364248,85689.055364248,11.3584803877285
"663","50627088B84578837711437",1,10422.7382706748,10422.7382706748,9.25174507067616
"664","50627088B8467253226066",1,27386.1299106002,27386.1299106002,10.2177919565675
"665","50627088B84741997482443",1,118946.620571158,118946.620571158,11.6864301048286
"666","50627088B84819198582198",1,13092.082255363,13092.082255363,9.47976291847355
"667","50627088B84847433271459",1,1513845.40382904,1513845.40382904,14.2301635966886
"668","50627088B85059783255621",1,9136.21585948075,9136.21585948075,9.12000155896789
"669","50627088B85656564862732",1,8150.24214319577,8150.24214319577,9.00580291661512
"670","50627088B86207372499551",1,9413.37097844344,9413.37097844344,9.1498864020575
"671","50627088B86274665639855",1,1632.38799800783,1632.38799800783,7.3977992511448
"672","50627088B86414439934091",1,5127.64163894653,5127.64163894653,8.54240111295781
"673","50627088B86520659550997",1,6929.85384628737,6929.85384628737,8.84359400195973
"674","50627088B86596089339193",1,10768.8574797845,10768.8574797845,9.2844136809377
"675","50627088B8661366969935",1,19384.3670356727,19384.3670356727,9.87222219729815
"676","50627088B86656079275604",1,17769.3576705847,17769.3576705847,9.78523077365153
"677","50627088B86666193440350",1,2728.58064659581,2728.58064659581,7.91153684330724
"678","50627088B86735774155910",1,16670.1311960136,16670.1311960136,9.72137384590065
"679","50627088B86745888605421",1,7153.7940501468,7153.7940501468,8.87539813133452
"680","50627088B86933988518350",1,14478.0239821525,14478.0239821525,9.58038719130651
"681","50627088B87175964143986",1,16070.8206047483,16070.8206047483,9.68476052181788
"682","50627088B87389921667442",1,27670.538160298,27670.538160298,10.2281235218256
"683","50627088B87487449340620",2,48263.1886300349,96526.3772600698,11.4775715894592
"684","50627088B87559081600102",1,20075.0376619552,20075.0376619552,9.90723241487573
"685","50627088B87731139171896",1,18702.8181982027,18702.8181982027,9.83642949727394
"686","50627088B87792641309380",1,3065.49155351006,3065.49155351006,8.02796321186052
"687","50627088B88201082467203",1,1043.81080899062,1043.81080899062,6.95063353457878
"688","50627088B88216282065505",1,39586.3252425769,39586.3252425769,10.586239015448
"689","50627088B88725263381209",1,17760.8579772282,17760.8579772282,9.78475232490791
"690","50627088B88871984884720",1,823.445103050992,823.445103050992,6.71349688443386
"691","50627088B8898417046672",1,75421.2048611409,75421.2048611409,11.230843746038
"692","50627088B89026110840758",1,102.369284307077,102.369284307077,4.62858670967033
"693","50627088B89333927260358",1,20232.7085660017,20232.7085660017,9.91505580978091
"694","50627088B89764628782430",1,2330.78027458549,2330.78027458549,7.7539583722957
"695","50627088B90127145073625",1,10764.0951029515,10764.0951029515,9.28397134708754
"696","50627088B90412613448643",1,1474.93594104871,1474.93594104871,7.29636983803333
"697","50627088B9044190088910",1,2745.79613861771,2745.79613861771,7.91782634417572
"698","50627088B90534025673228",1,3569.45545620546,3569.45545620546,8.18016832986352
"699","50627088B90852523965903",1,65352.495212975,65352.495212975,11.0875509006184
"700","50627088B90895159009900",1,1831.20707607003,1831.20707607003,7.51273063280194
"701","50627088B91123516565353",1,196898.909221066,196898.909221066,12.1904457248509
"702","50627088B91246987771554",1,4973.95770314962,4973.95770314962,8.51197112073846
"703","50627088B9132255009494",2,56672.0617917023,113344.123583405,11.6381838114811
"704","50627088B91497262101236",1,94146.3275692842,94146.3275692842,11.4526055271566
"705","50627088B91535396916577",1,18689.8773380471,18689.8773380471,9.83573733745574
"706","50627088B91579254282686",1,8234.04547585856,8234.04547585856,9.01603272525103
"707","50627088B91886188912905",1,13750.8047963207,13750.8047963207,9.52885263202337
"708","50627088B92335277656173",1,2776.10777769886,2776.10777769886,7.92880514569251
"709","50627088B92404877637147",1,14535.1533034477,14535.1533034477,9.58432536013018
"710","50627088B92429931973873",1,4579.5213480112,4579.5213480112,8.42934976247891
"711","50627088B92616914414309",1,16598.3509769341,16598.3509769341,9.7170586306713
"712","50627088B92619426323393",1,19298.2076262274,19298.2076262274,9.86776750147299
"713","50627088B9279782447433",1,11545.7184165576,11545.7184165576,9.35406994735862
"714","50627088B93349532153304",1,21329.3582919113,21329.3582919113,9.96783972624544
"715","50627088B93382827511262",1,4951.08547041036,4951.08547041036,8.50736211847445
"716","50627088B93670020646258",1,2416.42594262883,2416.42594262883,7.79004484427252
"717","50627088B93922556769206",1,888.463019148372,888.463019148372,6.78949302506094
"718","50627088B94546809143043",1,56363.217768148,56363.217768148,10.9395720575012
"719","50627088B9477329295961",1,27283.7778822108,27283.7778822108,10.2140475877875
"720","50627088B94773728352550",1,1013.72232554806,1013.72232554806,6.92138430596754
"721","50627088B94790065946513",1,47142.3804780294,47142.3804780294,10.7609276732641
"722","50627088B94791991588668",1,9860.9480886632,9860.9480886632,9.19633759801092
"723","50627088B94853796766823",1,20582.9438826258,20582.9438826258,9.93221804496097
"724","50627088B94934519915903",1,2764.42510720082,2764.42510720082,7.9245879745088
"725","50627088B95071614808340",1,20324.9085079341,20324.9085079341,9.91960243295122
"726","50627088B95158352021258",1,1720.15072107196,1720.15072107196,7.45016719449855
"727","50627088B95551626553051",1,23443.8280556324,23443.8280556324,10.0623625433104
"728","50627088B95706371455235",1,2435.45122378454,2435.45122378454,7.79788732585843
"729","50627088B95870505229303",1,14470.0736660608,14470.0736660608,9.57983791056356
"730","50627088B95871008533401",1,33245.364678618,33245.364678618,10.4116706282039
"731","50627088B96013313047300",1,13767.0652690197,13767.0652690197,9.53003444402793
"732","50627088B96437004433803",1,3473.09822790608,3473.09822790608,8.1528023356456
"733","50627088B96452215703720",1,15434.5502330575,15434.5502330575,9.64436379709204
"734","50627088B96459936323530",1,124630.810515329,124630.810515329,11.7331111301719
"735","50627088B96497314595086",1,43003.8176529838,43003.8176529838,10.6690441733623
"736","50627088B96625037975079",1,22275.082874938,22275.082874938,10.011223972868
"737","50627088B96812513465333",1,41314.0266305233,41314.0266305233,10.6289573491463
"738","50627088B9709578345149",1,43567.379309572,43567.379309572,10.6820639683369
"739","50627088B97163330601020",1,36126.3628834678,36126.3628834678,10.4947781515811
"740","50627088B97187962703105",1,8925.21984006637,8925.21984006637,9.09663623828469
"741","50627088B97471764392590",1,63484.7858694224,63484.7858694224,11.0585555635664
"742","50627088B97591121606853",1,3469.21519961793,3469.21519961793,8.15168368010415
"743","50627088B9840783039526",1,6976.74020532612,6976.74020532612,8.85033706737469
"744","50627088B98647454285357",1,17724.4751832576,17724.4751832576,9.78270174211896
"745","50627088B98885492847663",1,4728.85306936739,4728.85306936739,8.46143797203376
"746","50627088B99322649142684",1,691.84918596358,691.84918596358,6.53936799250645
"747","50627088B99460777873405",1,18760.9146556536,18760.9146556536,9.83953097700355
"748","50627088B99707223574870",1,12091.3299612806,12091.3299612806,9.40024394262743
"749","52423323B10065184809144",1,1392.45536401868,1392.45536401868,7.238823916723
"750","52423323B13112190165396",1,27997.0050227499,27997.0050227499,10.2398528199631
"751","52423323B141370106049",1,15028.9238855593,15028.9238855593,9.6177318824166
"752","52423323B14345052331851",1,43562.2772183569,43562.2772183569,10.6819468534205
"753","52423323B15729416108881",1,406600.843950911,406600.843950911,12.9155872558036
"754","52423323B15867360599504",1,121734.682171829,121734.682171829,11.7095992192459
"755","52423323B17591428926756",1,10588.4865236592,10588.4865236592,9.26752251276912
"756","52423323B17892136313191",1,784068.388814472,784068.388814472,13.5722515261589
"757","52423323B18524543454126",1,2525.57473794185,2525.57473794185,7.83422393479506
"758","52423323B18578133959698",1,7944.53586428534,7944.53586428534,8.98023965867223
"759","52423323B19813922549461",1,417520.605027207,417520.605027207,12.9420891754138
"760","52423323B21847190963699",1,11661.9593527085,11661.9593527085,9.36408748632829
"761","52423323B23065911216534",1,66661.1594477388,66661.1594477388,11.1073777451659
"762","52423323B24006196223482",1,191443.012046646,191443.012046646,12.1623454560912
"763","52423323B26167875661566",1,39282.7276630402,39282.7276630402,10.5785402015809
"764","52423323B29014105242179",1,40893.8267498306,40893.8267498306,10.6187343954271
"765","52423323B29588841600752",1,5892.04025261587,5892.04025261587,8.68135760929983
"766","52423323B3019751705730",1,1739519.01535263,1739519.01535263,14.3691192050192
"767","52423323B3277020886605",1,37198.1276284158,37198.1276284158,10.524013706425
"768","52423323B34146067891906",1,109562.83214125,109562.83214125,11.6042534731821
"769","52423323B36058634620210",1,13851.9274968728,13851.9274968728,9.53617967138161
"770","52423323B37020317002794",1,49947.7527298644,49947.7527298644,10.8187327926715
"771","52423323B38482742195031",1,12273.7041173753,12273.7041173753,9.4152143762038
"772","52423323B47433581718173",1,36764.1243090772,36764.1243090772,10.5122777657441
"773","52423323B50957806098426",1,45572.7475906616,45572.7475906616,10.7270651762885
"774","52423323B55438776297696",1,108394.671565056,108394.671565056,11.5935342114756
"775","52423323B56216373700802",1,24387.6062381361,24387.6062381361,10.1018303411755
"776","52423323B5772281676312",1,18288.051979702,18288.051979702,9.81400322831522
"777","52423323B58893245125586",1,44487.8714069128,44487.8714069128,10.7029718783515
"778","52423323B60755765681698",1,347816.789372199,347816.789372199,12.7594311528028
"779","52423323B61214192740744",1,723.10630497821,723.10630497821,6.58355624451533
"780","52423323B61278008297409",1,100785.49467633,100785.49467633,11.520749722244
"781","52423323B64463590012985",1,30225.4326963034,30225.4326963034,10.3164389912218
"782","52423323B67874562212910",1,46300.4112406094,46300.4112406094,10.7429061221215
"783","52423323B81395860012193",1,8038.78714452096,8038.78714452096,8.99203349812208
"784","52423323B85181165620653",1,7352.13992909343,7352.13992909343,8.90274669664731
"785","52423323B86725714839987",1,32287.6054629364,32287.6054629364,10.3824387037692
"786","52423323B92327379026195",1,25644.6088898079,25644.6088898079,10.1520886487735
"787","52423323B93715825211285",1,512.272816181183,512.272816181183,6.23885732723237
"788","52423323B95001910303654",1,25436.4755832337,25436.4755832337,10.1439394694618
"789","52423323B95364314409049",1,48043.3589863274,48043.3589863274,10.7798591943642
"790","52423323B9714616989875",1,7297.29143448251,7297.29143448251,8.8952585219132
"791","52423323B98587415300192",1,16320.9748585876,16320.9748585876,9.70020636071618
"792","52472329B16958301240037",1,1727.32930657992,1727.32930657992,7.45433174125473
"793","52472329B19766585583682",1,2926.61065886211,2926.61065886211,7.98160026071488
"794","52472329B22687598135129",1,2569.09166745082,2569.09166745082,7.8513076786262
"795","52472329B33043462803625",1,3165.53039393514,3165.53039393514,8.06007590156031
"796","52472329B33869241417022",1,1721.19320424091,1721.19320424091,7.45077305268853
"797","52472329B35296791475509",1,1822.89758705113,1822.89758705113,7.50818259485109
"798","52472329B55778484611891",1,13390.6627448831,13390.6627448831,9.50231293297067
"799","52472329B57902249562742",1,2039.78779583454,2039.78779583454,7.6206010597779
"800","52472329B65639645183115",1,3874.1863380456,3874.1863380456,8.26209094246058
"801","52472329B68765441097226",1,2401.81000220744,2401.81000220744,7.783977899681
"802","52472329B72200716330993",1,2252.76803465776,2252.76803465776,7.7199149767019
"803","52472329B86967002358759",1,1242.24999929018,1242.24999929018,7.12467952991103
"804","52472329B95288510107666",1,5055.40787733285,5055.40787733285,8.52821381609915
"805","52472329B96254136738283",1,2746.37503493495,2746.37503493495,7.91803715199692
"806","52511910B10215199478646",1,43118.0793765937,43118.0793765937,10.6716976632317
"807","52511910B10855589670933",1,24346.4367974117,24346.4367974117,10.1001407850479
"808","52511910B1114695065436",1,217741.311383235,217741.311383235,12.2910629921195
"809","52511910B11437294536827",1,115110.589821826,115110.589821826,11.6536485958802
"810","52511910B1170609292065",1,24779.8783234877,24779.8783234877,10.1177872449002
"811","52511910B12166681712059",1,6671.7222514344,6671.7222514344,8.80563331419042
"812","52511910B12217989868885",1,28736.7728396953,28736.7728396953,10.2659328652174
"813","52511910B12239492719020",1,23080.1316612246,23080.1316612246,10.0467274251649
"814","52511910B12240276172675",2,38596.0492270537,77192.0984541074,11.2540523791438
"815","52511910B1240337598967",1,25114.9029934773,25114.9029934773,10.1312166936832
"816","52511910B1281835166424",1,4124.61269583307,4124.61269583307,8.3247274024414
"817","52511910B1289591480139",1,8561.12180231534,8561.12180231534,9.05498651222162
"818","52511910B132067886793",1,20263.9542931075,20263.9542931075,9.91659893610788
"819","52511910B13267113488931",1,14467.3144940477,14467.3144940477,9.5796472111123
"820","52511910B1345857498627",1,2352.24021688812,2352.24021688812,7.76312343683396
"821","52511910B13500089926277",2,22776.2705362672,45552.5410725344,10.7266216875763
"822","52511910B1376149917055",1,24288.7365720018,24288.7365720018,10.0977680063166
"823","52511910B14295991899678",1,29963.5876463626,29963.5876463626,10.3077381783379
"824","52511910B1429973809191",1,15763.250111477,15763.250111477,9.66543656749787
"825","52511910B1435450581762",1,2890.47363767728,2890.47363767728,7.96917565614788
"826","52511910B14571669428725",1,7324.97478830079,7324.97478830079,8.89904499200915
"827","52511910B14763561478876",1,12505.234220588,12505.234220588,9.43390257329129
"828","52511910B14816404731270",1,88932.0675039016,88932.0675039016,11.3956280707898
"829","52511910B14944460308189",3,18549.4359747417,55648.3079242251,10.9268069505671
"830","52511910B14985671444346",1,136521.198464673,136521.198464673,11.8242351816568
"831","52511910B15112316927565",1,36511.8101526202,36511.8101526202,10.5053910530597
"832","52511910B15727969780764",1,73999.0627234765,73999.0627234765,11.2118077062071
"833","52511910B16211515353621",1,14885.2144991302,14885.2144991302,9.60812368376796
"834","52511910B16548233454257",3,3902.67243731022,11708.0173119307,9.36802912645184
"835","52511910B16992601244944",1,74712.6945320717,74712.6945320717,11.2214052968711
"836","52511910B1724778943765",1,6125.89814697411,6125.89814697411,8.72028066090356
"837","52511910B17356876538254",3,50141.4327787762,150424.298336329,11.9212152355361
"838","52511910B17390178466990",1,8960.97231326248,8960.97231326248,9.10063401718661
"839","52511910B17490321584859",1,151470.234422351,151470.234422351,11.9281444121686
"840","52511910B17517272780410",1,279820.783535686,279820.783535686,12.5419046184252
"841","52511910B17799667237096",1,10329.5778704419,10329.5778704419,9.24276669684908
"842","52511910B18270670997793",1,22487.8935732189,22487.8935732189,10.020732379972
"843","52511910B1854707671717",1,175914.763114778,175914.763114778,12.0777548562247
"844","52511910B19191805182315",1,131020.764651936,131020.764651936,11.7831110984155
"845","52511910B19330386236783",1,39700.4744523393,39700.4744523393,10.5891184175444
"846","52511910B19407638162060",1,2011.26869647017,2011.26869647017,7.60652099420878
"847","52511910B19586040436612",2,13422.8215897939,26845.6431795878,10.1978588215783
"848","52511910B2005519933546",1,44386.3500826112,44386.3500826112,10.700687270582
"849","52511910B2055603825455",1,75812.1446323213,75812.1446323213,11.2360137782205
"850","52511910B21046020325533",1,15059.3570311387,15059.3570311387,9.61975480662699
"851","52511910B21260910933226",4,19673.2138124366,78692.8552497464,11.2733076456559
"852","52511910B21407702399528",1,628839.568947565,628839.568947565,13.3516314458329
"853","52511910B21548483035565",1,8908.46406148058,8908.46406148058,9.09475712193287
"854","52511910B21980317252116",1,2415.99680446442,2415.99680446442,7.78986723639838
"855","52511910B22102802824180",1,13031.5536503629,13031.5536503629,9.47512889941624
"856","52511910B2226983620167",3,91827.3363441739,275482.009032522,12.5262776024755
"857","52511910B22297779295169",1,19033.9653428619,19033.9653428619,9.85398031182901
"858","52511910B22417450396653",1,9319.49272438355,9319.49272438355,9.13986347748413
"859","52511910B23437445078556",1,81315.3832443614,81315.3832443614,11.3060904934347
"860","52511910B24095937104675",4,9507.34863120593,38029.3945248237,10.5461146798075
"861","52511910B24217315836254",1,20613.3092542405,20613.3092542405,9.93369222646058
"862","52511910B2433100174245",1,84507.0334871158,84507.0334871158,11.3445900464152
"863","52511910B24338772487994",1,8013.04981865244,8013.04981865244,8.9888267189873
"864","52511910B24425392494170",3,27416.7600191713,82250.2800575139,11.3175220735764
"865","52511910B24462040337349",1,38979.6914423609,38979.6914423609,10.5707960572365
"866","52511910B24789968471650",1,336259.741899181,336259.741899181,12.7256391816694
"867","52511910B24890266463781",1,106957.974354408,106957.974354408,11.5801912732495
"868","52511910B24911018318465",1,78686.4630523003,78686.4630523003,11.2732264126513
"869","52511910B25870488928169",4,1496.52255459946,5986.09021839784,8.6971937598657
"870","52511910B26024129556324",1,101199.633739278,101199.633739278,11.5248504166519
"871","52511910B26321075911025",1,116914.514820546,116914.514820546,11.6691983041711
"872","52511910B26426295483490",1,38233.374823252,38233.374823252,10.5514640996254
"873","52511910B26440140856632",1,93828.9217589842,93828.9217589842,11.4492284217866
"874","52511910B26517515062770",1,30738.4397929197,30738.4397929197,10.3332692608572
"875","52511910B26605642536320",1,15462.2234057664,15462.2234057664,9.6461551284739
"876","52511910B27035674370402",2,28087.354218995,56174.70843799,10.9362219067951
"877","52511910B27389223998758",1,116885.96996592,116885.96996592,11.6689541228573
"878","52511910B27691000187918",1,123134.095120661,123134.095120661,11.7210292447465
"879","52511910B27783301561641",4,1219.75338974844,4879.01355899376,8.49269833886378
"880","52511910B27876515321702",1,58923.0102602977,58923.0102602977,10.9839869599079
"881","52511910B28036042271757",1,181197.455345453,181197.455345453,12.107342629145
"882","52511910B28406755893597",1,6703.74783993535,6703.74783993535,8.81042202807972
"883","52511910B28476693424992",3,67729.3198677351,203187.959603205,12.2218867390096
"884","52511910B28710323112279",1,8563.08402660005,8563.08402660005,9.05521568773059
"885","52511910B29261340686380",4,7945.09017320143,31780.3606928057,10.3666037897055
"886","52511910B29325635095698",1,347634.248221212,347634.248221212,12.7589061951988
"887","52511910B29818712056723",1,30085.992728016,30085.992728016,10.3118149845512
"888","52511910B30663215399885",1,73132.1700052751,73132.1700052751,11.2000236310816
"889","52511910B30709967967550",1,111338.985667326,111338.985667326,11.620334751469
"890","52511910B30715783231624",1,32346.8257049844,32346.8257049844,10.3842711716211
"891","52511910B30774246387934",1,23333.163409297,23333.163409297,10.0576309498782
"892","52511910B30880402907345",1,43722.6236294564,43722.6236294564,10.6856209503128
"893","52511910B3088598520620",1,41803.7149643977,41803.7149643977,10.6407404893101
"894","52511910B30921209280056",4,5019.02670165982,20076.1068066393,9.9072856708762
"895","52511910B3092467574862",1,36835.3344211834,36835.3344211834,10.514212837973
"896","52511910B30977236715140",1,111138.12558612,111138.12558612,11.6185290813518
"897","52511910B31003231188752",1,20536.9155870095,20536.9155870095,9.92997930604336
"898","52511910B3118715998086",1,4457.26239667125,4457.26239667125,8.4022900441486
"899","52511910B31268860247424",1,113514.367193427,113514.367193427,11.6396846910946
"900","52511910B31717620625581",1,23181.3029215935,23181.3029215935,10.0511013241835
"901","52511910B3173449865557",1,25703.150537978,25703.150537978,10.1543688523963
"902","52511910B31970606922462",1,27798.1970629454,27798.1970629454,10.2327264437247
"903","52511910B32484376841800",1,3977.42102111123,3977.42102111123,8.28838890360028
"904","52511910B32855735947523",1,21937.7170539563,21937.7170539563,9.99596267435671
"905","52511910B33100646615087",1,60887.2237309482,60887.2237309482,11.0167786407356
"906","52511910B33929030594907",1,100840.00410426,100840.00410426,11.5212904220026
"907","52511910B34768840903386",1,82261.9415875145,82261.9415875145,11.3176638445634
"908","52511910B35262105049161",1,42681.5519502387,42681.5519502387,10.661522067225
"909","52511910B3549258104854",2,17225.7248319888,34451.4496639776,10.447306355788
"910","52511910B3606287647189",2,17722.4805185831,35444.9610371662,10.4757363790408
"911","52511910B36399926613491",1,349224.602521087,349224.602521087,12.7634705544208
"912","52511910B36549244443661",1,3366.12507976435,3366.12507976435,8.12151753382397
"913","52511910B37391519791178",1,34974.2831402632,34974.2831402632,10.4623683029766
"914","52511910B37639564414460",1,41339.8984262404,41339.8984262404,10.6295833761994
"915","52511910B37647459697968",1,27653.5146091783,27653.5146091783,10.227508109512
"916","52511910B37723179298847",1,7306.96648388365,7306.96648388365,8.89658348493023
"917","52511910B38320737099141",1,8605.92603158764,8605.92603158764,9.06020631837993
"918","52511910B38482668702502",3,226779.52106276,680338.56318828,13.4303458402893
"919","52511910B39021201460320",1,90863.0901565848,90863.0901565848,11.4171091488229
"920","52511910B39647585180353",1,77824.0767559603,77824.0767559603,11.2622061321615
"921","52511910B398222474379",1,2273.84141505856,2273.84141505856,7.72922593355788
"922","52511910B3988585053627",1,1150.4309797515,1150.4309797515,7.04789191615174
"923","52511910B39925062868722",1,28552.6917725923,28552.6917725923,10.2595064933926
"924","52511910B4018321552262",1,19855.5249724045,19855.5249724045,9.8962375835283
"925","52511910B4023851996912",1,11108.2064039857,11108.2064039857,9.3154394298156
"926","52511910B40379944508344",1,17769.2469538211,17769.2469538211,9.78522454286308
"927","52511910B40704082736400",1,189345.787275204,189345.787275204,12.1513301847339
"928","52511910B40762326804108",1,15538.7005554794,15538.7005554794,9.65108900108683
"929","52511910B40907976300093",1,113806.9186101,113806.9186101,11.6422585950487
"930","52511910B40932238962124",1,1857.29250750247,1857.29250750247,7.52687506510476
"931","52511910B41349980343036",2,40181.7538089207,80363.5076178414,11.2943154667797
"932","52511910B41569626445575",1,42126.9940024741,42126.9940024741,10.6484440019047
"933","52511910B41832053670190",1,88105.3404098585,88105.3404098585,11.3862884276791
"934","52511910B41847670787440",1,1180.40690892376,1180.40690892376,7.07361449608771
"935","52511910B41918855057041",1,47246.640368982,47246.640368982,10.763136827092
"936","52511910B42295955196197",2,26925.9839648693,53851.9679297386,10.893994226573
"937","52511910B42739382471676",2,62521.7850257301,125043.57005146,11.7364175159631
"938","52511910B42807411813200",1,10081.7272282625,10081.7272282625,9.21847987895645
"939","52511910B43288181316884",1,54061.9740205818,54061.9740205818,10.8978863345278
"940","52511910B43412485397625",3,48889.7485111032,146669.24553331,11.8959353002534
"941","52511910B43880613502989",1,25451.6921293938,25451.6921293938,10.1445375081532
"942","52511910B44183742195819",2,196370.191684026,392740.383368052,12.8809040704408
"943","52511910B44653158831279",3,70313.5276959604,210940.583087881,12.2593317760625
"944","52511910B45067846009416",1,320902.585253282,320902.585253282,12.6788928833238
"945","52511910B45111644423638",1,216879.331928173,216879.331928173,12.2870964037924
"946","52511910B45186727587827",3,146080.643431318,438241.930293954,12.9905263891375
"947","52511910B45758904415578",1,45433.1767391569,45433.1767391569,10.7239978823302
"948","52511910B46327040282414",1,161658.836254349,161658.836254349,11.9932434445384
"949","52511910B46580896438278",1,19975.3010830024,19975.3010830024,9.90225184351224
"950","52511910B46875128491",1,148429.463703571,148429.463703571,11.9078651324854
"951","52511910B47006759189229",2,44358.0636929778,88716.1273859556,11.3931969712289
"952","52511910B47108576517123",1,27702.1401836404,27702.1401836404,10.2292649521381
"953","52511910B47117449404442",1,14785.9672203006,14785.9672203006,9.60143384917293
"954","52511910B47244734334087",1,5587.95588372532,5587.95588372532,8.62836882552202
"955","52511910B47715712995546",1,171039.032177338,171039.032177338,12.0496470677848
"956","52511910B47928826922149",1,1367.78739668705,1367.78739668705,7.22094967432636
"957","52511910B4802898208422",1,22643.4521986567,22643.4521986567,10.0276260029657
"958","52511910B48556697809502",1,38446.4994318815,38446.4994318815,10.5570229287055
"959","52511910B4874504546565",2,239727.135988271,479454.271976542,13.0804038027028
"960","52511910B48822656668811",1,5788.8488702118,5788.8488702118,8.66368873736611
"961","52511910B49041277824691",1,2809.55321725871,2809.55321725871,7.94078075226953
"962","52511910B49192689587509",4,8320.50975403376,33282.039016135,10.412773161572
"963","52511910B49246730473855",1,52098.6683522989,52098.6683522989,10.860894667958
"964","52511910B49284203349487",1,24339.3514654792,24339.3514654792,10.0998497213829
"965","52511910B49336497562900",1,137646.934344156,137646.934344156,11.8324472389399
"966","52511910B49397347460294",1,18890.9943920856,18890.9943920856,9.8464406003004
"967","52511910B4946947315760",1,87700.7712113839,87700.7712113839,11.381685972066
"968","52511910B49492134849249",1,68904.7212762659,68904.7212762659,11.1404799782574
"969","52511910B49637011657057",1,42454.9281567079,42454.9281567079,10.6561982782099
"970","52511910B4969786063416",1,10569.3786740392,10569.3786740392,9.26571629511566
"971","52511910B49699122775209",1,12824.2993308533,12824.2993308533,9.45909703547466
"972","52511910B49735999236113",1,7963.96331497484,7963.96331497484,8.98268205881673
"973","52511910B50234287801955",1,23602.2359508984,23602.2359508984,10.0690967302079
"974","52511910B50474008293669",1,263357.035877366,263357.035877366,12.4812659413854
"975","52511910B50770239456778",1,39759.8732419078,39759.8732419078,10.5906134726846
"976","52511910B51634678228857",3,162259.482930471,486778.448791413,13.0955643679393
"977","52511910B51671938708352",1,5441.85701313468,5441.85701313468,8.60187564430758
"978","52511910B5173446134858",1,32256.2004742744,32256.2004742744,10.381465566512
"979","52511910B52040400722593",2,40443.3924441673,80886.7848883346,11.3008057385084
"980","52511910B52167757698823",1,29427.459342866,29427.459342866,10.2896835086823
"981","52511910B52234359951443",1,43602.9843752595,43602.9843752595,10.6828808759684
"982","52511910B52477730632252",1,22939.9518081586,22939.9518081586,10.0406352899034
"983","52511910B53055897182204",1,14100.4211654337,14100.4211654337,9.55395994580908
"984","52511910B53218930904512",1,4334.89551446235,4334.89551446235,8.37445278614731
"985","52511910B53442502489936",1,168103.762350904,168103.762350904,12.0323367007697
"986","52511910B53659520741831",1,53240.4450326065,53240.4450326065,10.8825736314637
"987","52511910B53728166380969",1,19651.7210219204,19651.7210219204,9.88592019727491
"988","52511910B54123288304078",3,24228.2351645666,72684.7054936998,11.1938862630355
"989","52511910B54132966107148",3,54223.4074223926,162670.222267178,11.9994802541282
"990","52511910B54429610497624",1,162563.006010169,162563.006010169,11.9988209348977
"991","52511910B54492038659997",3,25819.1985137893,77457.5955413679,11.257485911293
"992","52511910B54544949915679",1,111388.439256517,111388.439256517,11.6207788242186
"993","52511910B54921877123299",1,22893.5488634656,22893.5488634656,10.0386104408359
"994","52511910B55440888068193",1,4451.49551759979,4451.49551759979,8.40099539007169
"995","52511910B55503333028627",1,28965.6390267206,28965.6390267206,10.2738655453181
"996","52511910B55551570232595",1,50402.235192399,50402.235192399,10.8277908021316
"997","52511910B55567443002533",1,6153.68836405696,6153.68836405696,8.72480691502501
"998","52511910B55591891530874",1,10507.4819007943,10507.4819007943,9.25984284437427
"999","52511910B558444185686",3,74406.3815141271,223219.144542381,12.3159092788503
"1000","52511910B56209015841977",1,144596.520066684,144596.520066684,11.8817025224883
"1001","52511910B56958480946992",1,77423.0913154743,77423.0913154743,11.2570403524933
"1002","52511910B57035161982504",1,183545.834001978,183545.834001978,12.1202196918653
"1003","52511910B57239711193520",1,55353.6138730635,55353.6138730635,10.9214972272983
"1004","52511910B57344020400583",1,321487.453329158,321487.453329158,12.6807137964836
"1005","52511910B57885575775117",2,181082.412290467,362164.824580934,12.7998547037047
"1006","52511910B57972476709593",4,15129.4790960649,60517.9163842596,11.0106947387614
"1007","52511910B58011485138839",1,3928.99766010823,3928.99766010823,8.27613962401444
"1008","52511910B5845387986633",1,7843.40304355145,7843.40304355145,8.96742808084442
"1009","52511910B58943778362560",1,12973.3717861016,12973.3717861016,9.47065421161266
"1010","52511910B59176200579981",2,23153.8200888042,46307.6401776084,10.7430622410961
"1011","52511910B59203276225690",1,5254.1481542008,5254.1481542008,8.56677316821122
"1012","52511910B59245920767717",1,10027.7069122728,10027.7069122728,9.21310723191377
"1013","52511910B59360103371589",1,8329.87469804069,8329.87469804069,9.02760369279573
"1014","52511910B59553354826271",1,9748.55018837506,9748.55018837506,9.18487385430696
"1015","52511910B59671861776280",1,9802.28489719313,9802.28489719313,9.19037079025759
"1016","52511910B59824272814460",1,64548.851684994,64548.851684994,11.0751776065735
"1017","52511910B60061263127196",1,26401.2872134323,26401.2872134323,10.1811680460303
"1018","52511910B60889717547120",1,198967.058541895,198967.058541895,12.2008945550389
"1019","52511910B61192023784720",1,14460.0101696044,14460.0101696044,9.57914219900465
"1020","52511910B61439489120441",1,60934.1377820832,60934.1377820832,11.0175488513599
"1021","52511910B6162382764157",1,276509.966190208,276509.966190208,12.5300021433825
"1022","52511910B61676244874246",1,19426.0811184211,19426.0811184211,9.87437182971908
"1023","52511910B61790844495814",1,22529.2773164888,22529.2773164888,10.0225709564133
"1024","52511910B62200479590982",1,6476.97342053344,6476.97342053344,8.77600861550512
"1025","52511910B62500214534323",1,109.243073251247,109.243073251247,4.69357542923108
"1026","52511910B62556379472396",1,6368.85695668511,6368.85695668511,8.75917529081394
"1027","52511910B62562257240113",1,117304.584852157,117304.584852157,11.6725291204264
"1028","52511910B62922031863482",1,6119.83011830103,6119.83011830103,8.71928961667355
"1029","52511910B63167976390159",1,17035.5872883255,17035.5872883255,9.74305980489414
"1030","52511910B63672424305930",1,18251.6641999501,18251.6641999501,9.81201154389153
"1031","52511910B63745543652662",1,50220.3463418395,50220.3463418395,10.82417552918
"1032","52511910B6389603869041",1,505913.315682862,505913.315682862,13.1341206207142
"1033","52511910B648094459248",1,49929.5052162262,49929.5052162262,10.8183673938967
"1034","52511910B65003852157868",1,12123.7424413168,12123.7424413168,9.40292099424673
"1035","52511910B65196754917234",1,60437.8182638993,60437.8182638993,11.0093703181822
"1036","52511910B65674101735888",1,25691.1028615166,25691.1028615166,10.1539000187861
"1037","52511910B65736953470193",1,13971.2441488575,13971.2441488575,9.54475650690095
"1038","52511910B66300742055958",1,9183.28000543823,9183.28000543823,9.12513971886577
"1039","52511910B66393591343605",1,23470.0139922377,23470.0139922377,10.0634788850203
"1040","52511910B66525116512935",1,26979.1096170926,26979.1096170926,10.2028181276268
"1041","52511910B66692058551395",1,74977.8072682438,74977.8072682438,11.2249474456404
"1042","52511910B67044835484249",1,30171.2416902141,30171.2416902141,10.3146444877601
"1043","52511910B67072521171420",1,3890.15472591156,3890.15472591156,8.26620421112008
"1044","52511910B67244265985329",2,42841.825955433,85683.651910866,11.3584173268891
"1045","52511910B67503722299641",3,123447.41744454,370342.25233362,12.8221828633728
"1046","52511910B67569609565838",1,84865.6420519644,84865.6420519644,11.3488246031354
"1047","52511910B67622492960002",2,23353.4147487002,46706.8294974004,10.751645674879
"1048","52511910B68145786967648",1,74163.7895684553,74163.7895684553,11.2140312988324
"1049","52511910B68305869820707",1,38029.3402574569,38029.3402574569,10.5461132528217
"1050","52511910B68505135665197",1,415163.474449173,415163.474449173,12.9364276359843
"1051","52511910B68559401871490",1,143498.8127015,143498.8127015,11.8740820402904
"1052","52511910B68600157990452",2,12044.48824808,24088.97649616,10.089509608038
"1053","52511910B68602378722707",1,84257.0813059962,84257.0813059962,11.3416278957923
"1054","52511910B69050472249631",1,16182.4640165946,16182.4640165946,9.69168346681729
"1055","52511910B69477070610060",1,4029.68060960889,4029.68060960889,8.30144239860124
"1056","52511910B70153095650041",1,3529.09155422799,3529.09155422799,8.16879576673007
"1057","52511910B70290379794397",1,64041.8000984184,64041.8000984184,11.0672912756853
"1058","52511910B70456030054544",1,1369.6455082671,1369.6455082671,7.22230723225011
"1059","52511910B70473175587181",1,4233.86585251369,4233.86585251369,8.3508707677998
"1060","52511910B70638918104863",1,31158.2433396127,31158.2433396127,10.3468341229017
"1061","52511910B71032150875325",1,12369.0486041585,12369.0486041585,9.42295255088128
"1062","52511910B71538284073489",1,3649.63742475411,3649.63742475411,8.20238310595862
"1063","52511910B71690687423925",2,16643.8099847058,33287.6199694116,10.4129408341536
"1064","52511910B72557613719767",1,295268.955956663,295268.955956663,12.5956419350695
"1065","52511910B73336698759549",1,32661.9403999732,32661.9403999732,10.3939657768837
"1066","52511910B75183314272458",1,40717.9154822879,40717.9154822879,10.6144234584182
"1067","52511910B75402986028359",1,82427.8013732272,82427.8013732272,11.3196780542987
"1068","52511910B76288634877329",1,49224.9382007169,49224.9382007169,10.8041556480615
"1069","52511910B76622709081814",1,1917.60286464408,1917.60286464408,7.55883117698852
"1070","52511910B76643025216805",1,223556.041516872,223556.041516872,12.3174174066464
"1071","52511910B76864499188928",1,4373.35965203822,4373.35965203822,8.38328679180841
"1072","52511910B77222989775801",1,5590.80855254419,5590.80855254419,8.62887919836278
"1073","52511910B77517078586613",1,92275.451358724,92275.451358724,11.4325334193381
"1074","52511910B77588417233313",2,31591.2459408407,63182.4918816814,11.0537825145672
"1075","52511910B7774942695724",1,21727.8556884429,21727.8556884429,9.98635038860417
"1076","52511910B78140930961679",1,2554.75132224571,2554.75132224571,7.84571016805582
"1077","52511910B78362812420952",1,195783.525497835,195783.525497835,12.1847648660996
"1078","52511910B78382154896940",1,1646.4123402307,1646.4123402307,7.40635386033273
"1079","52511910B7838707993704",1,22198.1187359355,22198.1187359355,10.0077628226451
"1080","52511910B78624558885304",1,61017.7745890665,61017.7745890665,11.0189204874166
"1081","52511910B79023193352255",1,33667.2557748911,33667.2557748911,10.4242810052663
"1082","52511910B79239618011253",1,202178.295758111,202178.295758111,12.2169052393428
"1083","52511910B79351211043156",1,88219.4559309314,88219.4559309314,11.3875828064548
"1084","52511910B79904820365756",1,34868.0868676633,34868.0868676633,10.4593272734575
"1085","52511910B79940153361499",3,15950.9293017049,47852.7879051147,10.7758846586136
"1086","52511910B80020209032330",1,45591.1370869738,45591.1370869738,10.7274686144839
"1087","52511910B80553421723016",1,89681.6248598972,89681.6248598972,11.4040211760018
"1088","52511910B80611967822771",1,31205.3622638946,31205.3622638946,10.3483452264626
"1089","52511910B80613047181881",3,14085.5618782999,42256.6856348997,10.651517860146
"1090","52511910B80624224978544",3,13719.9104270737,41159.7312812211,10.6252156612877
"1091","52511910B81270804246754",3,32073.528040264,96220.584120792,11.4743985859146
"1092","52511910B81672195550340",2,104725.052261621,209450.104523242,12.2522408254118
"1093","52511910B81807770672257",1,464074.514261831,464074.514261831,13.0478004093966
"1094","52511910B81868017791126",1,13014.2998795164,13014.2998795164,9.47380402262919
"1095","52511910B82181877276071",1,21392.0285750397,21392.0285750397,9.97077363512242
"1096","52511910B82353065981408",1,8874.92372964475,8874.92372964475,9.09098502046384
"1097","52511910B82588790657213",1,11130.0221427389,11130.0221427389,9.31740143373202
"1098","52511910B82760897224923",1,27573.9436100057,27573.9436100057,10.2246265336873
"1099","52511910B83187520966287",2,77755.3676700069,155510.735340014,11.9544700457748
"1100","52511910B83254623159264",1,81159.1471947929,81159.1471947929,11.3041672861812
"1101","52511910B83654747413473",1,71809.2430085052,71809.2430085052,11.18176847946
"1102","52511910B8366046265197",1,1214.80425960869,1214.80425960869,7.10233823959341
"1103","52511910B83755823779571",1,27267.4453976125,27267.4453976125,10.2134487933295
"1104","52511910B84130893113897",1,185731.031009788,185731.031009788,12.1320548362874
"1105","52511910B84254778922177",1,2882.647892303,2882.647892303,7.96646455778387
"1106","52511910B8433520860340",1,13710.2430356713,13710.2430356713,9.52589849928993
"1107","52511910B8555120582575",1,78819.7345655708,78819.7345655708,11.2749186831408
"1108","52511910B85663060935330",1,41994.5541480543,41994.5541480543,10.645295225717
"1109","52511910B85672644454395",1,204812.069936773,204812.069936773,12.229848105649
"1110","52511910B8569683364670",1,130692.037108392,130692.037108392,11.7805989728014
"1111","52511910B85706759339541",1,33510.2259164903,33510.2259164903,10.419605922472
"1112","52511910B86399036189677",1,20895.4609989952,20895.4609989952,9.94728723728497
"1113","52511910B8640641883305",1,12206.9351897417,12206.9351897417,9.40975952738575
"1114","52511910B86463604693023",1,23214.1834739863,23214.1834739863,10.0525187274894
"1115","52511910B86635109020715",1,9171.90590718828,9171.90590718828,9.1239003852235
"1116","52511910B86664130512952",1,3934.97078726836,3934.97078726836,8.27765873700396
"1117","52511910B86675185737242",1,145380.936125686,145380.936125686,11.8871127221821
"1118","52511910B86901151057582",1,34608.5034998304,34608.5034998304,10.4518546967414
"1119","52511910B8694284014765",1,22168.268152169,22168.268152169,10.0064171828324
"1120","52511910B87526029786391",1,12870.5779442508,12870.5779442508,9.46269920589511
"1121","52511910B87738681480797",1,2274.39301394092,2274.39301394092,7.72946848872678
"1122","52511910B88737921309662",1,264700.418376686,264700.418376686,12.4863539687832
"1123","52511910B89393531563013",1,122266.624596761,122266.624596761,11.7139593866131
"1124","52511910B89557374460695",1,2410.44742017225,2410.44742017225,7.78756766077734
"1125","52511910B90052363141845",1,8584.88011678304,8584.88011678304,9.05775780896885
"1126","52511910B9027234137610",2,20856.5845254759,41713.1690509518,10.6385721625103
"1127","52511910B9049907467318",1,2675.10205531005,2675.10205531005,7.89174281012013
"1128","52511910B90712224530022",1,77846.7042465003,77846.7042465003,11.2624968417032
"1129","52511910B90795941917739",1,8069.18371148236,8069.18371148236,8.99580760515438
"1130","52511910B90991611037176",1,3093.93812276259,3093.93812276259,8.03720003182591
"1131","52511910B91175598455743",2,16620.7877413433,33241.5754826866,10.4115566450389
"1132","52511910B91354507826004",2,186166.509191359,372333.018382718,12.8275439434994
"1133","52511910B92065650444302",1,77237.3281523798,77237.3281523798,11.2546381444421
"1134","52511910B92188863099631",1,64270.7086175118,64270.7086175118,11.0708592639388
"1135","52511910B92709587856848",1,42584.3470478486,42584.3470478486,10.6592420245434
"1136","52511910B92990516943265",1,66993.8307733956,66993.8307733956,11.1123558161246
"1137","52511910B93540688501820",1,43457.3067250019,43457.3067250019,10.6795342805372
"1138","52511910B93844416805291",1,33645.3062459316,33645.3062459316,10.4236288378527
"1139","52511910B93975188491166",2,7986.50026260642,15973.0005252128,9.67865510867125
"1140","52511910B94067910328765",1,29579.4456455269,29579.4456455269,10.2948349952348
"1141","52511910B94409074074623",3,11254.3449182107,33763.0347546321,10.4271218366909
"1142","52511910B94458762678017",1,36720.1994902835,36720.1994902835,10.5110822774616
"1143","52511910B94488542881377",1,39445.9978748568,39445.9978748568,10.5826878730887
"1144","52511910B94627775761425",1,34626.9475746439,34626.9475746439,10.4523874895509
"1145","52511910B94675128167590",1,214758.852549568,214758.852549568,12.2772710615793
"1146","52511910B95098417504855",1,24919.8480059566,24919.8480059566,10.1234198736034
"1147","52511910B95362195406961",1,118842.703069659,118842.703069659,11.6855560747711
"1148","52511910B95398494564210",1,21728.2997135668,21728.2997135668,9.98637082414983
"1149","52511910B954183777842",1,146194.405396817,146194.405396817,11.892692558786
"1150","52511910B95850947838113",1,37270.1664144455,37270.1664144455,10.5259484575679
"1151","52511910B95876228816034",1,16949.6955723045,16949.6955723045,9.73800515231129
"1152","52511910B95956240331763",1,75505.880992384,75505.880992384,11.2319658261424
"1153","52511910B96063333949316",1,26498.9563714979,26498.9563714979,10.1848606289912
"1154","52511910B96194264601254",1,311769.208215979,311769.208215979,12.6500184758093
"1155","52511910B96314718972571",1,8552.0844745051,8552.0844745051,9.05393033040459
"1156","52511910B9639721186799",1,18309.8742736948,18309.8742736948,9.81519577110729
"1157","52511910B96811995525646",1,6534.70815257963,6534.70815257963,8.78488296593018
"1158","52511910B97040583536387",1,262641.500919015,262641.500919015,12.478545266898
"1159","52511910B97060806511909",1,15237.4400548975,15237.4400548975,9.63151083973076
"1160","52511910B97228601381981",1,90429.2757486355,90429.2757486355,11.4123233407302
"1161","52511910B97258167764484",2,162594.90593325,325189.8118665,12.6921643273412
"1162","52511910B97596648855860",1,13032.0541384347,13032.0541384347,9.47516730454234
"1163","52511910B98030585757527",1,207088.125875576,207088.125875576,12.2408997105182
"1164","52511910B98629971413037",1,158803.156800464,158803.156800464,11.9754207066937
"1165","52511910B98838605252897",1,142416.540481306,142416.540481306,11.8665114262799
"1166","52511910B98966812491458",1,10706.1977098586,10706.1977098586,9.27857807798425
"1167","52511910B99182661436347",1,11843.6256162471,11843.6256162471,9.3795450791514
"1168","52511910B99479800826846",1,22247.1623536415,22247.1623536415,10.0099697447934
"1169","52511910B99923381863543",2,295640.398819494,591280.797638988,13.2900463064617
"1170","57096268B14042132739921",1,112009.363065048,112009.363065048,11.6263377455781
"1171","57096268B177802279293",1,75165.2914062576,75165.2914062576,11.227444852942
"1172","57096268B19780609344191",1,333480.027133128,333480.027133128,12.7173382538881
"1173","57096268B27125670128287",1,140576.826513225,140576.826513225,11.8535094262343
"1174","57096268B30356160161964",1,140107.892972033,140107.892972033,11.8501680688683
"1175","57096268B32811427290887",1,128324.252475665,128324.252475665,11.7623155621683
"1176","57096268B32991656624453",1,65177.4256105033,65177.4256105033,11.0848684549945
"1177","57096268B35473133047669",1,222985.656840331,222985.656840331,12.314862729272
"1178","57096268B37402539332126",1,441393.52580523,441393.52580523,12.9976921052872
"1179","57096268B47073695413304",1,103989.040434792,103989.040434792,11.5520407921359
"1180","57096268B61339172511637",1,331732.033334358,331732.033334358,12.7120827934841
"1181","57096268B64462824705423",1,231122.66755586,231122.66755586,12.3507038769386
"1182","57096268B71612732443021",1,50497.0075315151,50497.0075315151,10.829669356706
"1183","57096268B71778681331422",1,74091.3878648852,74091.3878648852,11.2130545813838
"1184","57096268B76360272208873",1,119639.143304822,119639.143304822,11.6922353521099
"1185","57096268B92442229342099",1,55270.989426702,55270.989426702,10.9200034463624
"1186","57096268B94613960435878",1,233604.798225168,233604.798225168,12.3613860700727
"1187","60261553B11251200769941",1,585602.640894955,585602.640894955,13.2803967513441
"1188","60261553B1263911264167",1,671273.479353634,671273.479353634,13.4169319027464
"1189","60261553B24389889044331",1,1224944.79594411,1224944.79594411,14.0184063364101
"1190","60261553B2723221956862",1,1699617.75712852,1699617.75712852,14.3459139349962
"1191","60261553B28979630774365",1,716529.51446119,716529.51446119,13.4821747179507
"1192","60261553B34432285334983",1,495349.529140102,495349.529140102,13.1130189118407
"1193","60261553B4120080326164",1,252998.454747277,252998.454747277,12.4411386599727
"1194","60261553B42580025975984",1,197842.7311689,197842.7311689,12.1952277070378
"1195","60261553B46892654123535",1,291000.393046372,291000.393046372,12.5810798968275
"1196","60261553B50567728635340",1,689951.734852689,689951.734852689,13.444376924638
"1197","60261553B51345078390617",1,494917.192345122,494917.192345122,13.1121457393649
"1198","60261553B62517193175445",1,516528.297342039,516528.297342039,13.1548853527633
"1199","60261553B62690814577767",1,863256.27720747,863256.27720747,13.6684668868244
"1200","60261553B63127450973926",1,103637.037328443,103637.037328443,11.5486500480888
"1201","60261553B69002423633875",1,777737.389286585,777737.389286585,13.564144200275
"1202","60261553B75007894173024",1,725246.556135428,725246.556135428,13.4942669534518
"1203","60261553B76986100212845",1,986771.926368449,986771.926368449,13.8021942140722
"1204","60261553B78069071602625",1,551845.59515267,551845.59515267,13.2210235672043
"1205","60261553B95135707926293",1,1017764.6718327,1017764.6718327,13.8331192822109
"1206","60261553B96709228149477",1,430143.664212617,430143.664212617,12.9718745346899
"1207","60546857B13986152751532",1,60840.6461872862,60840.6461872862,11.0160133674096
"1208","60546857B16550429961208",1,25894.2384809938,25894.2384809938,10.1617757704701
"1209","60546857B18364853545627",1,156390.948064656,156390.948064656,11.960114228594
"1210","60546857B19127043016225",1,196645.527939027,196645.527939027,12.1891580363811
"1211","60546857B21650831857614",1,20382.7259276997,20382.7259276997,9.92244305287155
"1212","60546857B22663863225489",1,6735.03700389752,6735.03700389752,8.81507858309775
"1213","60546857B25654008959984",1,21883.38117353,21883.38117353,9.99348277720804
"1214","60546857B31022249995355",1,61794.7231842233,61794.7231842233,11.0315732544317
"1215","60546857B35688012480020",1,32983.4570694588,32983.4570694588,10.4037614138298
"1216","60546857B38268968219520",1,9604.79177966434,9604.79177966434,9.17001739664018
"1217","60546857B42824444489369",1,16293.0895834217,16293.0895834217,9.6984963449645
"1218","60546857B4605918394037",1,28881.1903736871,28881.1903736871,10.2709458100828
"1219","60546857B62654935095348",1,16148.9422322535,16148.9422322535,9.68960983005092
"1220","60546857B68527863677430",1,46690.5417134436,46690.5417134436,10.7512968902417
"1221","60546857B70594930522098",1,23832.599599891,23832.599599891,10.0788096535215
"1222","60546857B74818644481383",1,67221.3287281831,67221.3287281831,11.1157458679416
"1223","60546857B77453412545109",1,58096.8834716624,58096.8834716624,10.9698673006382
"1224","60546857B87143917250519",1,70420.1845224828,70420.1845224828,11.1622352130192
"1225","60546857B87435244018445",1,26822.6703547278,26822.6703547278,10.1970027176783
"1226","74100532B19516932260818",1,6978.1862664287,6978.1862664287,8.85054431477376
"1227","74100532B3675352926720",1,4389.30555609662,4389.30555609662,8.38692630587892
"1228","74100532B52002127383103",1,3259.44733320888,3259.44733320888,8.08931293029844
"1229","74100532B54294973205276",1,NA,NA,NA
"1230","74100532B54588500691901",1,50361.4515217256,50361.4515217256,10.8269813106525
"1231","74100532B56248932917605",1,3075.99094717799,3075.99094717799,8.03138238757113
"1232","74100532B88993889644511",1,8232.20320202839,8232.20320202839,9.01580896161501
"1233","74100532B93709990123087",1,8984.7031011343,8984.7031011343,9.10327875483578
"1234","75667366B10680094164751",1,28250.6148903843,28250.6148903843,10.248870502369
"1235","75667366B12605402479047",1,26733.1211539643,26733.1211539643,10.1936585682709
"1236","75667366B15343740058424",1,37380.6057755913,37380.6057755913,10.5289072867528
"1237","75667366B15427453282982",1,28443.3238083372,28443.3238083372,10.2556687479862
"1238","75667366B19980502726207",1,46424.1922089613,46424.1922089613,10.7455759861549
"1239","75667366B25903359168563",1,68899.5756661206,68899.5756661206,11.1404052982908
"1240","75667366B27255150678965",1,51327.5709762533,51327.5709762533,10.8459833327174
"1241","75667366B31265103522165",1,72298.6644385236,72298.6644385236,11.18856093548
"1242","75667366B3179564295802",1,21720.6056097896,21720.6056097896,9.98601665624616
"1243","75667366B35074617847721",1,36537.9657186568,36537.9657186568,10.506107155658
"1244","75667366B37088337934130",1,443438.257515799,443438.257515799,13.0023138546159
"1245","75667366B40759243895064",1,109963.900290629,109963.900290629,11.6079074117359
"1246","75667366B41352944230479",1,16083.8093569865,16083.8093569865,9.68556841498662
"1247","75667366B41426179995922",1,23090.1291337509,23090.1291337509,10.0471604949596
"1248","75667366B41492213391879",1,102688.647604875,102688.647604875,11.5394568504189
"1249","75667366B41693677561366",1,20173.3783088819,20173.3783088819,9.91211910868718
"1250","75667366B42220855402560",1,22202.0587836835,22202.0587836835,10.0079403015642
"1251","75667366B44154135823395",1,34627.1608407335,34627.1608407335,10.452393648495
"1252","75667366B44494476895893",1,76311.9063483616,76311.9063483616,11.242584251604
"1253","75667366B45015819829333",1,76574.4645427127,76574.4645427127,11.2460189390903
"1254","75667366B46145165221806",1,99371.8011496719,99371.8011496719,11.5066236617497
"1255","75667366B47194088471769",1,22137.1290343627,22137.1290343627,10.0050115246096
"1256","75667366B49025507333210",1,30199.6317478588,30199.6317478588,10.3155850095091
"1257","75667366B49196044130673",1,75670.1447091039,75670.1447091039,11.2341389720576
"1258","75667366B497077547550",1,152163.816891805,152163.816891805,11.9327129621899
"1259","75667366B5141529927700",1,60034.2793001258,60034.2793001258,11.0026709997309
"1260","75667366B52062801683075",1,18359.8985771599,18359.8985771599,9.81792414003939
"1261","75667366B53824695685103",1,98244.1223042353,98244.1223042353,11.4952107040665
"1262","75667366B54940747369705",1,72589.1845557609,72589.1845557609,11.1925712166542
"1263","75667366B55450845848024",1,39521.539227584,39521.539227584,10.5846010991697
"1264","75667366B5928073683426",1,30355.8154380582,30355.8154380582,10.3207433905889
"1265","75667366B60114686204489",1,18771.1026105805,18771.1026105805,9.84007387109341
"1266","75667366B6235496505331",1,33131.3174023883,33131.3174023883,10.4082342591393
"1267","75667366B63092623675998",1,35708.358543774,35708.358543774,10.4831400732417
"1268","75667366B65648600044594",1,218298.481471895,218298.481471895,12.2936185863613
"1269","75667366B66642132315537",1,34300.7320793927,34300.7320793927,10.4429219763488
"1270","75667366B6678530358474",1,93607.9134046282,93607.9134046282,11.4468702038132
"1271","75667366B66908051996326",1,58254.5097567742,58254.5097567742,10.9725767891483
"1272","75667366B67206365133341",1,10272.7919867322,10272.7919867322,9.23725412446966
"1273","75667366B68367745340454",1,28039.5948208025,28039.5948208025,10.2413728910014
"1274","75667366B70751681444112",1,124351.945802198,124351.945802198,11.7308710968952
"1275","75667366B71613146081304",1,38583.0510061943,38583.0510061943,10.5605683659195
"1276","75667366B72473928882218",1,55308.8691861937,55308.8691861937,10.9206885577642
"1277","75667366B7302956753404",1,284410.789051305,284410.789051305,12.5581749123777
"1278","75667366B73876769816488",1,40361.4597217386,40361.4597217386,10.6056306413492
"1279","75667366B76262272549979",1,81562.3414699209,81562.3414699209,11.3091229328335
"1280","75667366B80263662304106",1,39998.9337699651,39998.9337699651,10.5966080769899
"1281","75667366B80682104725187",1,50022.2394191265,50022.2394191265,10.8202229739038
"1282","75667366B82556438360114",1,41640.6003220516,41640.6003220516,10.6368309395811
"1283","75667366B82870270071557",1,43248.0013405838,43248.0013405838,10.6747062995138
"1284","75667366B8388196899019",1,28972.0762390567,28972.0762390567,10.2740877567855
"1285","75667366B86823637835543",1,177144.866026917,177144.866026917,12.0847231289361
"1286","75667366B86860977517537",1,68130.3612115338,68130.3612115338,11.1291782255522
"1287","75667366B89140663288606",1,132030.914092852,132030.914092852,11.7907913718216
"1288","75667366B89584469308542",1,39113.262445668,39113.262445668,10.5742168814444
"1289","75667366B91463258125198",1,28674.5547953231,28674.5547953231,10.2637654159947
"1290","75667366B92506466281371",1,22717.3304223414,22717.3304223414,10.0308833669149
"1291","75667366B93303026760321",1,51393.629429507,51393.629429507,10.8472695027018
"1292","75667366B96454310315942",1,191428.2793255,191428.2793255,12.162268496959
"1293","75667366B9750656068001",1,30987.99626455,30987.99626455,10.3413551912067
"1294","75667366B98184381496608",1,83962.0637175127,83962.0637175127,11.3381203534028
"1295","75667366B9933164592246",1,251770.146516077,251770.146516077,12.436271833262
"1296","76128533B19792346411952",1,4169128.52115017,4169128.52115017,15.2432175842002
"1297","76128533B4481773749911",1,4606569.70397611,4606569.70397611,15.3429940390732
"1298","76128533B72541188260561",1,5066795.75832247,5066795.75832247,15.4382191754401
"1299","76128533B95075104846315",1,3610122.43658049,3610122.43658049,15.0992522456842
"1300","77236927B16584952276885",1,2825.12182312943,2825.12182312943,7.94630676588242
"1301","79465075B254233596558",1,37790.8218922454,37790.8218922454,10.5398215450418
"1302","79465075B26662084929959",2,23947.1312302138,47894.2624604276,10.7767509946052
"1303","79465075B2800048141456",1,20144.1535741567,20144.1535741567,9.91066938007142
"1304","79465075B29101343458737",1,22906.3426941716,22906.3426941716,10.0391691247369
"1305","79465075B48357778365605",1,34322.503685416,34322.503685416,10.4435565021478
"1306","79465075B657648809250",1,1797.49831533238,1797.49831533238,7.4941511523666
"1307","79465075B81519160116587",1,20308.4434554575,20308.4434554575,9.91879201231979
"1308","79465075B83427933273433",1,50931.7068024161,50931.7068024161,10.838240932029
"1309","79465075B84602984839461",1,36071.6621022001,36071.6621022001,10.4932628527417
"1310","79465075B93827188855866",1,83555.3754098574,83555.3754098574,11.3332648695944
"1311","79465075B98225728966625",1,59056.8761482927,59056.8761482927,10.9862562610493
"1312","811477B18636492208722",1,140820.921034021,140820.921034021,11.8552442985575
"1313","811477B25825438233887",1,260439.950824803,260439.950824803,12.4701275985349
"1314","811477B34653806269140",1,139313.237834276,139313.237834276,11.8444801863674
"1315","811477B41230698537605",1,160823.958139537,160823.958139537,11.9880656180337
"1316","811477B46471323661826",1,126309.714496004,126309.714496004,11.7464922214219
"1317","811477B76043940988669",1,117708.209397914,117708.209397914,11.6759640393115
"1318","811477B772229677818",1,396374.990740116,396374.990740116,12.8901159884792
"1319","81297802B10167820950608",1,69417.0197294329,69417.0197294329,11.1478873574863
"1320","81297802B12079916150099",1,34568.9888258856,34568.9888258856,10.4507122824412
"1321","81297802B12405297659236",1,212622.983568713,212622.983568713,12.2672758461433
"1322","81297802B12421029194754",1,130874.895922037,130874.895922037,11.7819971529254
"1323","81297802B12468750690576",1,172679.402072331,172679.402072331,12.0591919870292
"1324","81297802B12977108616150",1,53541.2383678748,53541.2383678748,10.8882074465766
"1325","81297802B13550924224659",1,51125.3250167862,51125.3250167862,10.8420352506214
"1326","81297802B14141540631295",1,122217.644892756,122217.644892756,11.7135587088536
"1327","81297802B16083563480391",1,108172.41810697,108172.41810697,11.5914816970659
"1328","81297802B17638458778811",1,107022.619620997,107022.619620997,11.5807954894296
"1329","81297802B18173194226488",1,160163.753422802,160163.753422802,11.9839520297315
"1330","81297802B18343005733844",1,151483.383261079,151483.383261079,11.9282312164711
"1331","81297802B18420716282175",1,19211.6936288372,19211.6936288372,9.86327441579296
"1332","81297802B19242536298701",1,103219.871661258,103219.871661258,11.5446166683504
"1333","81297802B19362557849536",1,114047.720978089,114047.720978089,11.6443722448569
"1334","81297802B2130126961507",1,183548.411057444,183548.411057444,12.1202337321588
"1335","81297802B23156291808671",1,39755.6799200301,39755.6799200301,10.5905080009445
"1336","81297802B23878626253121",1,203303.279716305,203303.279716305,12.2224541318833
"1337","81297802B23970425053168",1,100716.358257971,100716.358257971,11.5200635109753
"1338","81297802B24299836434530",1,116984.465999926,116984.465999926,11.6697964357339
"1339","81297802B26729031323268",1,89121.9499986919,89121.9499986919,11.3977609355175
"1340","81297802B27308287932068",1,64779.8946930794,64779.8946930794,11.0787505671155
"1341","81297802B28152038240632",1,158991.558952643,158991.558952643,11.976606391445
"1342","81297802B28789600266311",1,224478.414014061,224478.414014061,12.3215348301566
"1343","81297802B29202402001629",1,130819.895124076,130819.895124076,11.7815768098338
"1344","81297802B29351066345319",1,64365.6874155812,64365.6874155812,11.072335965996
"1345","81297802B29420287983322",1,126256.382734277,126256.382734277,11.7460699021708
"1346","81297802B29506934186430",1,100690.255853583,100690.255853583,11.5198043099093
"1347","81297802B30186135932553",1,159902.482655761,159902.482655761,11.982319425004
"1348","81297802B30905014988311",1,177898.598895289,177898.598895289,12.0889689978235
"1349","81297802B31840185218616",1,117729.759630118,117729.759630118,11.6761471043656
"1350","81297802B3249391660958",1,158192.099854352,158192.099854352,11.9715653953592
"1351","81297802B32908759949092",1,105589.553793982,105589.553793982,11.5673147229557
"1352","81297802B3696641207460",1,123014.937943501,123014.937943501,11.7200610736756
"1353","81297802B37279419107484",1,114539.617926444,114539.617926444,11.6486760502207
"1354","81297802B38321972927223",1,204133.727434034,204133.727434034,12.2265305847
"1355","81297802B38356347526872",1,137873.115215733,137873.115215733,11.8340890862229
"1356","81297802B38910067880652",1,152379.860853065,152379.860853065,11.9341317668691
"1357","81297802B40676303665635",1,223452.954287891,223452.954287891,12.3169561755223
"1358","81297802B40785510400399",1,77096.8495533044,77096.8495533044,11.2528176968917
"1359","81297802B40834484476285",1,NA,NA,NA
"1360","81297802B4221517004962",1,255691.451330103,255691.451330103,12.4517267283
"1361","81297802B42641748496229",1,107502.831606089,107502.831606089,11.5852724667247
"1362","81297802B42689754920120",1,98601.4163276466,98601.4163276466,11.4988409048653
"1363","81297802B42785936874032",1,256250.847168053,256250.847168053,12.453912115451
"1364","81297802B44635779635670",1,125995.454927055,125995.454927055,11.7440011132755
"1365","81297802B46675680885513",1,85829.151102453,85829.151102453,11.3601139842108
"1366","81297802B48433290328639",1,265193.401085516,265193.401085516,12.4882146541996
"1367","81297802B50427055609681",1,143334.986458968,143334.986458968,11.8729397323698
"1368","81297802B51483513425235",1,191282.610124673,191282.610124673,12.1615072476093
"1369","81297802B52387636717940",1,89089.4044368915,89089.4044368915,11.3973956887321
"1370","81297802B5241398972305",1,329917.794158622,329917.794158622,12.7065987937997
"1371","81297802B53129181429645",1,97728.283733929,97728.283733929,11.4899462918764
"1372","81297802B53771614429572",1,94521.8160373606,94521.8160373606,11.4565859443765
"1373","81297802B54089788823696",1,242167.562465506,242167.562465506,12.397385172418
"1374","81297802B54877143810300",1,148283.965812014,148283.965812014,11.9068844023347
"1375","81297802B55071935880129",1,79595.9461678103,79595.9461678103,11.2847184429956
"1376","81297802B55456276640785",1,74472.8921779893,74472.8921779893,11.2181904747706
"1377","81297802B5641238333098",1,186664.449355941,186664.449355941,12.1370678955224
"1378","81297802B56696175700764",1,107343.005508647,107343.005508647,11.5837846452331
"1379","81297802B57234015442712",1,188006.147966919,188006.147966919,12.1442299432291
"1380","81297802B5756602808944",1,9427.35572448671,9427.35572448671,9.15137092532797
"1381","81297802B62167717430855",1,54110.6409199155,54110.6409199155,10.8987861353257
"1382","81297802B62924474209473",1,150091.299814868,150091.299814868,11.9189990533492
"1383","81297802B63234506717185",1,249818.0866125,249818.0866125,12.428488278426
"1384","81297802B63499365755438",1,85622.1762863887,85622.1762863887,11.3576995973435
"1385","81297802B63925273406451",1,177436.547518888,177436.547518888,12.08636834522
"1386","81297802B64676269296055",1,242804.444082647,242804.444082647,12.4000116414705
"1387","81297802B64936965881183",1,290491.26094695,290491.26094695,12.5793287720228
"1388","81297802B66096195927531",1,117743.076108177,117743.076108177,11.6762602085207
"1389","81297802B66107700635107",1,31254.9811636443,31254.9811636443,10.3499340396988
"1390","81297802B67689154766571",1,121217.465853385,121217.465853385,11.705341449936
"1391","81297802B68427461655945",1,246674.661849925,246674.661849925,12.4158255888921
"1392","81297802B70010606578992",1,146865.022752994,146865.022752994,11.8972692313808
"1393","81297802B71504358310710",1,179350.196499992,179350.196499992,12.0970955785829
"1394","81297802B74485828948407",1,138340.455259902,138340.455259902,11.837472993026
"1395","81297802B75512670100174",1,145752.51885786,145752.51885786,11.889665386107
"1396","81297802B75629290490646",1,244899.372699213,244899.372699213,12.4086026814801
"1397","81297802B77309747732529",1,156118.190063129,156118.190063129,11.9583686279858
"1398","81297802B7752291855220",1,46130.9545232843,46130.9545232843,10.7392394683665
"1399","81297802B77847273364040",1,149747.52705443,149747.52705443,11.9167060020145
"1400","81297802B81471151736005",1,85432.2928651173,85432.2928651173,11.3554794448949
"1401","81297802B82332241258399",1,194639.349727737,194639.349727737,12.1789036365545
"1402","81297802B82663613485319",1,216134.502981171,216134.502981171,12.2836561918566
"1403","81297802B83094530275497",1,117182.242436467,117182.242436467,11.6714856295983
"1404","81297802B83594447255",1,108506.635370847,108506.635370847,11.5945666055844
"1405","81297802B85029486143959",1,52782.6000443584,52782.6000443584,10.8739368707682
"1406","81297802B85054848055124",1,189051.819855919,189051.819855919,12.1497764355934
"1407","81297802B85505749224324",1,78190.5152999959,78190.5152999959,11.2669036314536
"1408","81297802B85581314164043",1,129414.061462349,129414.061462349,11.7707723217784
"1409","81297802B85996690558528",1,138743.525828563,138743.525828563,11.840382369825
"1410","81297802B86878375688696",1,245456.418319668,245456.418319668,12.4108746883383
"1411","81297802B91620400281223",1,213608.123580173,213608.123580173,12.2718984170874
"1412","81297802B91982413663988",1,169163.543193766,169163.543193766,12.0386212371803
"1413","81297802B92253150972948",1,100069.161962878,100069.161962878,11.5136168455404
"1414","81297802B92574261409002",1,213555.852689196,213555.852689196,12.2716536825398
"1415","81297802B93646092032264",1,82409.9854215341,82409.9854215341,11.3194618908558
"1416","81297802B93912769577432",1,215697.229640591,215697.229640591,12.2816309887185
"1417","81297802B93916372624290",1,130805.44778431,130805.44778431,11.781466366865
"1418","81297802B94506734482800",1,186404.754841515,186404.754841515,12.1356756897147
"1419","81297802B95607767906649",1,49563.3514785667,49563.3514785667,10.811006958125
"1420","81297802B96353597468260",1,77734.25303828,77734.25303828,11.2610512762591
"1421","81297802B97142358911210",1,201808.049441993,201808.049441993,12.2150722743222
"1422","81297802B97652803071493",1,219848.964553209,219848.964553209,12.3006960648103
"1423","81297802B98282177960136",1,154933.907531251,154933.907531251,11.9507539019416
"1424","81297802B98540731986743",1,68154.112001203,68154.112001203,11.1295267728129
"1425","81297802B99638089462809",1,128498.274760994,128498.274760994,11.7636707572428
"1426","81297802B99684516055458",1,144970.737906318,144970.737906318,11.8842871934942
"1427","81297802B9978574523269",1,355563.274981517,355563.274981517,12.7814585010836
"1428","81297802B99897160628736",1,222926.779249609,222926.779249609,12.3145986523533
"1429","82179303B10482682881188",1,44531.5302385754,44531.5302385754,10.7039527619421
"1430","82179303B1083832537536",1,73881.8306878391,73881.8306878391,11.2102222132135
"1431","82179303B11091889229707",1,96407.5177771874,96407.5177771874,11.4763394627985
"1432","82179303B128003605723",1,66116.4218465499,66116.4218465499,11.0991724344172
"1433","82179303B18261928237919",1,158613.955649289,158613.955649289,11.9742285770563
"1434","82179303B18505219089610",1,140353.574957411,140353.574957411,11.8519200531964
"1435","82179303B18704732408852",1,60662.173661482,60662.173661482,11.0130756141232
"1436","82179303B22390657322605",1,120517.301438652,120517.301438652,11.6995486020099
"1437","82179303B26132853361668",1,283554.372273981,283554.372273981,12.5551591730869
"1438","82179303B26306903245930",1,128036.308146555,128036.308146555,11.7600691600736
"1439","82179303B26506354510144",1,75930.3978329938,75930.3978329938,11.237572381664
"1440","82179303B30150640587931",1,64583.6887792258,64583.6887792258,11.0757171622107
"1441","82179303B3017694876336",1,68841.4731041839,68841.4731041839,11.1395616490533
"1442","82179303B35443402904983",1,171179.571995937,171179.571995937,12.0504684131166
"1443","82179303B35883429877711",1,169276.738844368,169276.738844368,12.0392901626057
"1444","82179303B40793124111890",1,91287.8435386378,91287.8435386378,11.4217729091817
"1445","82179303B41250986640334",1,89174.4956023047,89174.4956023047,11.3983503539431
"1446","82179303B41531617373143",1,369991.869561398,369991.869561398,12.8212363102206
"1447","82179303B43918374415643",1,53098.9991042054,53098.9991042054,10.8799133577907
"1448","82179303B44729459459193",1,108065.543452197,108065.543452197,11.5904932058435
"1449","82179303B46729479227191",1,131808.854704609,131808.854704609,11.7891080816817
"1450","82179303B46901799029181",1,98277.0723275254,98277.0723275254,11.4955460370942
"1451","82179303B46927697528233",1,88724.5064569336,88724.5064569336,11.3932914148837
"1452","82179303B47367102754155",1,49667.9172838672,49667.9172838672,10.8131144761546
"1453","82179303B51352172049621",1,95131.9684042491,95131.9684042491,11.4630203477162
"1454","82179303B51934598994225",1,170913.94984019,170913.94984019,12.0489154915196
"1455","82179303B532613620970",1,131155.943359184,131155.943359184,11.7841423015323
"1456","82179303B5428034439323",1,327538.921464564,327538.921464564,12.6993621711626
"1457","82179303B5734042978537",1,116973.873491883,116973.873491883,11.6697058853558
"1458","82179303B58088097152813",1,95438.1176696513,95438.1176696513,11.4662333339207
"1459","82179303B58420780140205",1,68151.0912622708,68151.0912622708,11.129482449649
"1460","82179303B59678099693620",1,83483.3520013028,83483.3520013028,11.3324025137308
"1461","82179303B59888018028618",1,60688.441901462,60688.441901462,11.0135085454317
"1462","82179303B61369301137013",1,131464.393696956,131464.393696956,11.7864913235697
"1463","82179303B69390699872040",1,109261.896571289,109261.896571289,11.6015030001305
"1464","82179303B70820658627831",1,78138.6410885272,78138.6410885272,11.26623997773
"1465","82179303B73748645094132",1,37112.948438057,37112.948438057,10.521721202207
"1466","82179303B74961933380219",1,67366.5520295633,67366.5520295633,11.1179039130333
"1467","82179303B86388706464223",1,291024.766580414,291024.766580414,12.5811636510559
"1468","82179303B90843555893266",1,57830.9227010757,57830.9227010757,10.9652789064301
"1469","82179303B91092350263646",1,72958.216636922,72958.216636922,11.1976421814248
"1470","82179303B92685512874627",1,83013.8896308454,83013.8896308454,11.3267632177281
"1471","82179303B93868129225348",1,67942.8879180286,67942.8879180286,11.1264227477
"1472","82179303B9528454471639",1,66957.8613834464,66957.8613834464,11.1118187659354
"1473","82179303B96637573116833",1,150769.735087179,150769.735087179,11.9235090187056
"1474","82179303B97817957609730",1,133607.013145286,133607.013145286,11.8026580323094
"1475","82179303B98001602077811",1,85758.2875565655,85758.2875565655,11.3592880082481
"1476","8701671B10053189367937",1,NA,NA,NA
"1477","8701671B10070089345452",1,NA,NA,NA
"1478","8701671B1025448555952",1,NA,NA,NA
"1479","8701671B10526359848248",1,NA,NA,NA
"1480","8701671B10607749601803",1,NA,NA,NA
"1481","8701671B10713626030510",1,202.002264999561,202.002264999561,5.30827891020745
"1482","8701671B10801688655736",1,NA,NA,NA
"1483","8701671B10960716544692",1,126.870657576825,126.870657576825,4.84316812321486
"1484","8701671B11157561333534",1,52.6359596920013,52.6359596920013,3.96339953049995
"1485","8701671B11332589204327",1,NA,NA,NA
"1486","8701671B11486827062004",1,62.0505162160844,62.0505162160844,4.12794883097273
"1487","8701671B11506413614658",1,NA,NA,NA
"1488","8701671B11621920628841",1,485.622123079896,485.622123079896,6.18543079694456
"1489","8701671B11660104738059",1,0,0,0
"1490","8701671B1177875671821",1,449.641262973621,449.641262973621,6.10845007144478
"1491","8701671B12100696846936",1,1725.61196241599,1725.61196241599,7.45333702737358
"1492","8701671B12183972503150",1,NA,NA,NA
"1493","8701671B12184767464675",1,NA,NA,NA
"1494","8701671B12563091717165",1,NA,NA,NA
"1495","8701671B12567928056648",1,NA,NA,NA
"1496","8701671B12581562971222",1,NA,NA,NA
"1497","8701671B12736855691443",1,NA,NA,NA
"1498","8701671B12936296158000",1,236.422235329151,236.422235329151,5.4656193391847
"1499","8701671B12954312315710",1,408.888195597678,408.888195597678,6.01344175827616
"1500","8701671B13263124861718",1,NA,NA,NA
"1501","8701671B13319398950854",1,50.9058801484108,50.9058801484108,3.92997844042856
"1502","8701671B134536261517",1,195.405120544657,195.405120544657,5.27507494471393
"1503","8701671B13502438451250",1,375.088652075231,375.088652075231,5.92716240356498
"1504","8701671B13742843200127",1,NA,NA,NA
"1505","8701671B13840593777950",1,NA,NA,NA
"1506","8701671B1385498050924",1,417.368469078839,417.368469078839,6.03396945053154
"1507","8701671B14194395113255",1,NA,NA,NA
"1508","8701671B1426599605087",1,2186.10054221068,2186.10054221068,7.68987466137079
"1509","8701671B14589117854765",1,NA,NA,NA
"1510","8701671B14688938630280",1,202.564180765115,202.564180765115,5.31105677838102
"1511","8701671B14864913892073",1,515.683187490031,515.683187490031,6.24549259918755
"1512","8701671B14881348545468",1,NA,NA,NA
"1513","8701671B14942759406503",1,8.47682052612305,8.47682052612305,2.13733544153981
"1514","8701671B15123648543538",1,151.999681408703,151.999681408703,5.0238784248487
"1515","8701671B15632424418996",1,466.947865208685,466.947865208685,6.14621761376818
"1516","8701671B16128625192304",1,NA,NA,NA
"1517","8701671B16268299103818",1,NA,NA,NA
"1518","8701671B16290064127769",1,135.332549777292,135.332549777292,4.9077350810939
"1519","8701671B16318499791123",1,687.399968558028,687.399968558028,6.5329163186753
"1520","8701671B16711141632325",1,NA,NA,NA
"1521","8701671B17247241487473",1,NA,NA,NA
"1522","8701671B17247677679787",1,124.863672434725,124.863672434725,4.82722252162077
"1523","8701671B17450854784889",1,NA,NA,NA
"1524","8701671B17506768267168",1,NA,NA,NA
"1525","8701671B17924499339223",1,409.485210108757,409.485210108757,6.01490078569036
"1526","8701671B17958091241974",1,NA,NA,NA
"1527","8701671B18019835911399",1,NA,NA,NA
"1528","8701671B18221439700807",1,0,0,0
"1529","8701671B18283500133998",1,NA,NA,NA
"1530","8701671B18356236998563",1,122.86626817584,122.86626817584,4.81109651328379
"1531","8701671B18613428350032",1,NA,NA,NA
"1532","8701671B18648215649765",1,NA,NA,NA
"1533","8701671B1865604971664",1,1333.3813487405,1333.3813487405,7.19547336234089
"1534","8701671B18704050053031",1,29.3420677185059,29.3420677185059,3.37902224461834
"1535","8701671B18948997599977",1,609.636032493375,609.636032493375,6.41286211104649
"1536","8701671B19142540356259",1,49.4746561902761,49.4746561902761,3.90146054230382
"1537","8701671B19150990882958",1,9.32341851323843,9.32341851323843,2.23252935471122
"1538","8701671B19228970825308",1,204.937315156013,204.937315156013,5.32270415265149
"1539","8701671B19273401931572",1,NA,NA,NA
"1540","8701671B19367701502123",1,NA,NA,NA
"1541","8701671B19465815393412",1,1283.51891278071,1283.51891278071,7.15736073552068
"1542","8701671B19516927692390",1,234.060878639817,234.060878639817,5.45558124664805
"1543","8701671B19884465022303",1,149.026696255282,149.026696255282,5.00412545939506
"1544","8701671B1991093639025",1,125.39629494369,125.39629494369,4.83147908185874
"1545","8701671B20173506314249",1,NA,NA,NA
"1546","8701671B20457253682512",1,82.6686770093441,82.6686770093441,4.4148407758626
"1547","8701671B2050901299754",1,NA,NA,NA
"1548","8701671B20776144053651",1,NA,NA,NA
"1549","8701671B20786089058501",1,NA,NA,NA
"1550","8701671B20822148324962",1,NA,NA,NA
"1551","8701671B2095740790766",1,NA,NA,NA
"1552","8701671B21062082038543",1,278.718211492896,278.718211492896,5.63020127678396
"1553","8701671B21269769416552",1,NA,NA,NA
"1554","8701671B21443736840155",1,59.8166172139719,59.8166172139719,4.09128350218744
"1555","8701671B21751079889511",1,NA,NA,NA
"1556","8701671B21993534180379",1,137.574498406276,137.574498406276,4.92416557697353
"1557","8701671B22058673565731",1,262.384949918315,262.384949918315,5.56981269993082
"1558","8701671B22157937027856",1,NA,NA,NA
"1559","8701671B22263392934776",1,53.5781099796295,53.5781099796295,3.981140588758
"1560","8701671B22615930928090",1,4070.32483400851,4070.32483400851,8.31147808704755
"1561","8701671B22929774804888",1,47.4830976656079,47.4830976656079,3.86037380909623
"1562","8701671B23364700154190",1,230.842197136395,230.842197136395,5.44173434780299
"1563","8701671B23372433445877",1,831.309180846065,831.309180846065,6.7230017844386
"1564","8701671B23391099181160",1,NA,NA,NA
"1565","8701671B2341246797828",1,NA,NA,NA
"1566","8701671B23608310651096",1,NA,NA,NA
"1567","8701671B23610017259246",1,709.521040103584,709.521040103584,6.5645901509928
"1568","8701671B23690641916416",1,NA,NA,NA
"1569","8701671B2397405829195",1,NA,NA,NA
"1570","8701671B23998662762063",1,NA,NA,NA
"1571","8701671B24039630787071",1,4.30224239826202,4.30224239826202,1.45913637473983
"1572","8701671B24321034687398",1,0,0,0
"1573","8701671B24452545338403",1,48.7547463664413,48.7547463664413,3.88680255406744
"1574","8701671B2449694797689",1,NA,NA,NA
"1575","8701671B24659660179823",1,NA,NA,NA
"1576","8701671B250084574474",1,3456.26742023461,3456.26742023461,8.14794450547049
"1577","8701671B25026940525342",1,NA,NA,NA
"1578","8701671B25390904232189",1,NA,NA,NA
"1579","8701671B25474950387418",1,NA,NA,NA
"1580","8701671B255319431107",1,NA,NA,NA
"1581","8701671B2564147185651",1,406.394192888439,406.394192888439,6.00732360700972
"1582","8701671B2567370595513",1,NA,NA,NA
"1583","8701671B2571810219289",1,NA,NA,NA
"1584","8701671B25756031943387",1,NA,NA,NA
"1585","8701671B25758314350266",1,2037.27391387396,2037.27391387396,7.61936787644237
"1586","8701671B2612636818679",1,103.84780883044,103.84780883044,4.64292645072967
"1587","8701671B26165957358131",1,518.514961412251,518.514961412251,6.25096888243602
"1588","8701671B26229529558045",1,0,0,0
"1589","8701671B26291709137074",1,NA,NA,NA
"1590","8701671B26446113405700",1,1644.96395408273,1644.96395408273,7.40547375054768
"1591","8701671B26596683393313",1,20.7729789841175,20.7729789841175,3.03365305485982
"1592","8701671B26752019642149",1,NA,NA,NA
"1593","8701671B26789831471183",1,575.24377212584,575.24377212584,6.3547939024785
"1594","8701671B26801747706600",1,384.937248843573,384.937248843573,5.95308033098677
"1595","8701671B26894832040288",1,910.313183455467,910.313183455467,6.81378869794561
"1596","8701671B26969099511197",1,70.210554189682,70.210554189682,4.25149864431352
"1597","8701671B28049445861870",1,232.724036359265,232.724036359265,5.44985335830976
"1598","8701671B28120595422367",1,NA,NA,NA
"1599","8701671B28263897430178",1,367.592629897222,367.592629897222,5.90697534103468
"1600","8701671B28478396095564",1,118.429785521626,118.429785521626,4.77432025771788
"1601","8701671B29376048072153",1,61.9804060008749,61.9804060008749,4.12681830285243
"1602","8701671B29380756423502",1,153.577801651806,153.577801651806,5.03420728977342
"1603","8701671B30216430122169",1,253.26611166358,253.26611166358,5.53444076070468
"1604","8701671B30275732730591",1,NA,NA,NA
"1605","8701671B30362315223491",1,NA,NA,NA
"1606","8701671B30671419360126",1,59.5914682286978,59.5914682286978,4.08751241329908
"1607","8701671B30970661206572",1,152.903364153393,152.903364153393,5.02980611500424
"1608","8701671B31053612499035",1,242.154012076855,242.154012076855,5.48957393727219
"1609","8701671B31198157043754",1,NA,NA,NA
"1610","8701671B31259394762981",1,718.831361844838,718.831361844838,6.5776267847935
"1611","8701671B31339536458012",1,NA,NA,NA
"1612","8701671B31446207074709",1,244.351368787885,244.351368787885,5.49860722545159
"1613","8701671B31536824051324",1,NA,NA,NA
"1614","8701671B31601381418998",1,NA,NA,NA
"1615","8701671B31799938456205",1,125.929686924815,125.929686924815,4.8357237109098
"1616","8701671B32126440612749",1,16.9590694117546,16.9590694117546,2.83080275926842
"1617","8701671B32276542748639",1,NA,NA,NA
"1618","8701671B32439381681784",1,117.849520394951,117.849520394951,4.76940855975104
"1619","8701671B32794864311067",1,1219.60375876762,1219.60375876762,7.1062812970769
"1620","8701671B32853593869516",1,2523.72807525918,2523.72807525918,7.83349248222296
"1621","8701671B32861116669136",1,78.6725712668895,78.6725712668895,4.36529457201816
"1622","8701671B33386018665106",1,NA,NA,NA
"1623","8701671B33635631845794",1,NA,NA,NA
"1624","8701671B33750138379558",1,783.680518446416,783.680518446416,6.6640014353173
"1625","8701671B33864037616544",1,147.083431984447,147.083431984447,4.99099999029496
"1626","8701671B33968538338102",1,1.63632941246033,1.63632941246033,0.492455570271505
"1627","8701671B34039397692989",1,NA,NA,NA
"1628","8701671B34343071784823",1,NA,NA,NA
"1629","8701671B34451908876457",1,NA,NA,NA
"1630","8701671B34711583072149",1,NA,NA,NA
"1631","8701671B34835556346125",1,257.596798626147,257.596798626147,5.55139556645944
"1632","8701671B34935279369913",1,85.9705292741954,85.9705292741954,4.45400455466613
"1633","8701671B35205001440787",1,NA,NA,NA
"1634","8701671B353408445184",1,NA,NA,NA
"1635","8701671B35560062727781",1,NA,NA,NA
"1636","8701671B35578223598548",1,398.419189351499,398.419189351499,5.98750469059342
"1637","8701671B35754409069588",1,NA,NA,NA
"1638","8701671B35889486410430",1,NA,NA,NA
"1639","8701671B35941232442157",1,5447.61966733895,5447.61966733895,8.60293403396418
"1640","8701671B35979662153697",1,990.832472945414,990.832472945414,6.89854547154868
"1641","8701671B36300089777335",1,NA,NA,NA
"1642","8701671B3640054805688",1,NA,NA,NA
"1643","8701671B36493357542675",1,300.299753598273,300.299753598273,5.70478115447038
"1644","8701671B37181005506912",1,NA,NA,NA
"1645","8701671B37327912911660",1,NA,NA,NA
"1646","8701671B37545518209863",1,170.869012106974,170.869012106974,5.14089725189594
"1647","8701671B38188499976025",1,NA,NA,NA
"1648","8701671B38196244900111",1,13.4762659817189,13.4762659817189,2.60093006278785
"1649","8701671B38315544372764",1,217.828174663931,217.828174663931,5.38370656238934
"1650","8701671B38434288339117",1,NA,NA,NA
"1651","8701671B38782099046323",1,NA,NA,NA
"1652","8701671B38809130706709",1,NA,NA,NA
"1653","8701671B38837551888140",1,NA,NA,NA
"1654","8701671B39379224532007",1,NA,NA,NA
"1655","8701671B39771319698243",1,607.78470533546,607.78470533546,6.40982071619019
"1656","8701671B39792436227120",1,NA,NA,NA
"1657","8701671B40211912929953",1,NA,NA,NA
"1658","8701671B40300568900689",1,316.325300393179,316.325300393179,5.75677111570952
"1659","8701671B40321186165087",1,6578.07624642074,6578.07624642074,8.7914976178069
"1660","8701671B40414621404718",1,239.58559711758,239.58559711758,5.47891075223741
"1661","8701671B40430448784583",1,424.532549097538,424.532549097538,6.05098867913121
"1662","8701671B40447391578275",1,323.669999043029,323.669999043029,5.77972447527473
"1663","8701671B40736207737623",1,73.063387927115,73.063387927115,4.29132739213863
"1664","8701671B40799965178228",1,NA,NA,NA
"1665","8701671B40891625905372",1,604.687439014465,604.687439014465,6.40471169480356
"1666","8701671B41249245584298",1,45.2285130708106,45.2285130708106,3.81172770810547
"1667","8701671B41472866915589",1,NA,NA,NA
"1668","8701671B41529666733093",1,NA,NA,NA
"1669","8701671B41674368745419",1,NA,NA,NA
"1670","8701671B41782818655170",1,NA,NA,NA
"1671","8701671B42420673442147",1,458.358953213915,458.358953213915,6.1276526177916
"1672","8701671B4251285469436",1,NA,NA,NA
"1673","8701671B42521441086623",1,NA,NA,NA
"1674","8701671B42547396516194",1,47.4238152198494,47.4238152198494,3.85912453332345
"1675","8701671B42639255298272",1,NA,NA,NA
"1676","8701671B42677537488502",1,231.022631967887,231.022631967887,5.44251567960962
"1677","8701671B42772891330913",1,2304.73241670899,2304.73241670899,7.74271986049633
"1678","8701671B42907640167452",1,108.994168610051,108.994168610051,4.69129438180766
"1679","8701671B42961858888115",1,24.5167024803162,24.5167024803162,3.19935461916615
"1680","8701671B43089055128677",1,137.443262705952,137.443262705952,4.92321119708363
"1681","8701671B43129052292298",1,415.787183480784,415.787183480784,6.03017355118931
"1682","8701671B43134404703092",1,1355.88059583962,1355.88059583962,7.2122064084577
"1683","8701671B431817219608",1,NA,NA,NA
"1684","8701671B43196595047489",1,257.115631106719,257.115631106719,5.54952591019394
"1685","8701671B43516735791505",1,23.2074208911508,23.2074208911508,3.14447209352392
"1686","8701671B44154359269961",1,NA,NA,NA
"1687","8701671B44259561788806",1,NA,NA,NA
"1688","8701671B44376877134949",1,NA,NA,NA
"1689","8701671B44431410980873",1,NA,NA,NA
"1690","8701671B44468241471992",1,NA,NA,NA
"1691","8701671B44976535093209",1,NA,NA,NA
"1692","8701671B45029066757980",1,NA,NA,NA
"1693","8701671B45251476998803",1,657.287122283541,657.287122283541,6.48812094323757
"1694","8701671B45291890821133",1,19.6704883342981,19.6704883342981,2.97911945844247
"1695","8701671B45365250149949",1,NA,NA,NA
"1696","8701671B45853929817808",1,8.71702995181084,8.71702995181084,2.16527857804635
"1697","8701671B45858620723076",1,90.924136556685,90.924136556685,4.51002549461334
"1698","8701671B45915520468586",1,3.90851434841752,3.90851434841752,1.36315733975185
"1699","8701671B45925024878482",1,NA,NA,NA
"1700","8701671B45952926697202",1,1644.60849774182,1644.60849774182,7.40525763958037
"1701","8701671B45979799747328",1,6.39408375516534,6.39408375516534,1.85537314957678
"1702","8701671B46031998027021",1,NA,NA,NA
"1703","8701671B46064896130461",1,1068.76217731219,1068.76217731219,6.97425641416238
"1704","8701671B46237577852216",1,NA,NA,NA
"1705","8701671B46527115488152",1,1825.51410663765,1825.51410663765,7.50961692861316
"1706","8701671B46937841277831",1,6.06876170948148,6.06876170948148,1.80315458252735
"1707","8701671B47130122414504",1,201.142923202291,201.142923202291,5.3040157160831
"1708","8701671B47246158509977",1,527.790464471355,527.790464471355,6.26869935734929
"1709","8701671B47563764529661",1,NA,NA,NA
"1710","8701671B47647917387752",1,NA,NA,NA
"1711","8701671B476552117611",1,179.361620865315,179.361620865315,5.18940399622166
"1712","8701671B47910558118739",1,NA,NA,NA
"1713","8701671B48498321599703",1,NA,NA,NA
"1714","8701671B48526464274479",1,NA,NA,NA
"1715","8701671B48601442509190",1,NA,NA,NA
"1716","8701671B48752097884677",1,NA,NA,NA
"1717","8701671B48766638933033",1,NA,NA,NA
"1718","8701671B48782263961868",1,3.58046548843384,3.58046548843384,1.27549281666232
"1719","8701671B4886377420508",1,NA,NA,NA
"1720","8701671B49626021137525",1,315.153421777114,315.153421777114,5.75305957351437
"1721","8701671B4982354038174",1,NA,NA,NA
"1722","8701671B49997775844737",1,46.8464406118542,46.8464406118542,3.84687503166494
"1723","8701671B50411660224690",1,18.8983867910504,18.8983867910504,2.93907656345178
"1724","8701671B50549026935963",1,2098.4970342958,2098.4970342958,7.64897666952309
"1725","8701671B50591469420225",1,185.979853469357,185.979853469357,5.22563835316587
"1726","8701671B50625769822151",1,49.7613291867077,49.7613291867077,3.90723816002569
"1727","8701671B50877038935662",1,NA,NA,NA
"1728","8701671B51264810574376",1,273.892962301672,273.892962301672,5.61273738153101
"1729","8701671B51268298139498",1,1115.40466745317,1115.40466745317,7.01697254850217
"1730","8701671B51271106476031",1,1110.84154500037,1110.84154500037,7.01287315570585
"1731","8701671B51325698675387",1,0,0,0
"1732","8701671B51566327672106",1,506.865945692286,506.865945692286,6.22824656171094
"1733","8701671B52063001665114",1,712.79033042103,712.79033042103,6.56918731043752
"1734","8701671B52064180240109",1,NA,NA,NA
"1735","8701671B52595214845054",1,454.014222950041,454.014222950041,6.11812852563442
"1736","8701671B52742071766833",1,NA,NA,NA
"1737","8701671B52865399345725",1,NA,NA,NA
"1738","8701671B52938625502385",1,9.95663433551788,9.95663433551788,2.29823909636862
"1739","8701671B5294461890646",1,94.2033440682292,94.2033440682292,4.54545568061495
"1740","8701671B52982434499588",1,691.923021714464,691.923021714464,6.53947470913299
"1741","8701671B53039174443584",1,224.179120095372,224.179120095372,5.4124453755936
"1742","8701671B53100902069949",1,NA,NA,NA
"1743","8701671B53143424756117",1,835.909916300774,835.909916300774,6.72852085165756
"1744","8701671B53172954238098",1,NA,NA,NA
"1745","8701671B53372431800849",1,NA,NA,NA
"1746","8701671B53380311765902",1,0,0,0
"1747","8701671B53480283308673",1,2663.34135916702,2663.34135916702,7.88733676354212
"1748","8701671B53611878651636",1,NA,NA,NA
"1749","8701671B53815212038994",1,184.108936887346,184.108936887346,5.21552763071833
"1750","8701671B54095148495441",1,256.252204986811,256.252204986811,5.54616213524218
"1751","8701671B540973728907",1,NA,NA,NA
"1752","8701671B5410324269547",1,279.629732705057,279.629732705057,5.63346634485278
"1753","8701671B54248554179471",1,348.256190202534,348.256190202534,5.85293838767074
"1754","8701671B5455309404848",1,NA,NA,NA
"1755","8701671B54690332526022",1,880.331912534535,880.331912534535,6.78029900969497
"1756","8701671B54761121422893",1,NA,NA,NA
"1757","8701671B5497256844946",1,68.9894267475605,68.9894267475605,4.23395325731289
"1758","8701671B55145671844028",1,NA,NA,NA
"1759","8701671B55457269732014",1,NA,NA,NA
"1760","8701671B55619097224465",1,18.2184596967697,18.2184596967697,2.90243534911272
"1761","8701671B55791110195050",1,80.9557327810302,80.9557327810302,4.39390249640586
"1762","8701671B55959658835891",1,NA,NA,NA
"1763","8701671B56086336550970",1,NA,NA,NA
"1764","8701671B56473836536162",1,58.2595181709528,58.2595181709528,4.06490748117359
"1765","8701671B56645509731346",1,0,0,0
"1766","8701671B56799057925384",1,772.095072011873,772.095072011873,6.64910769271685
"1767","8701671B56834223394204",1,64.4877608953044,64.4877608953044,4.16647545223507
"1768","8701671B57020485893312",1,14.9864974021912,14.9864974021912,2.70714962251577
"1769","8701671B57148125008640",1,111.484450677261,111.484450677261,4.71388512536599
"1770","8701671B57170093007223",1,NA,NA,NA
"1771","8701671B57419145053481",1,998.203408594951,998.203408594951,6.90595707177116
"1772","8701671B57914873676078",1,NA,NA,NA
"1773","8701671B5799269287632",1,NA,NA,NA
"1774","8701671B58191073405905",1,17.6107878875732,17.6107878875732,2.86851166242568
"1775","8701671B58662152175879",1,NA,NA,NA
"1776","8701671B58668276188859",1,5.92509621009231,5.92509621009231,1.77919692487962
"1777","8701671B58858754832343",1,88.8060899016261,88.8060899016261,4.48645522761989
"1778","8701671B58944232238955",1,NA,NA,NA
"1779","8701671B59019630539263",1,2374.2074627813,2374.2074627813,7.77241896089699
"1780","8701671B59116812435541",1,5738.60506387606,5738.60506387606,8.65497143954876
"1781","8701671B59649153426200",1,124.77042440325,124.77042440325,4.82647544390188
"1782","8701671B59677117664850",1,295.934263755456,295.934263755456,5.69013734775298
"1783","8701671B59724395423262",1,13.9226872918755,13.9226872918755,2.63351968885129
"1784","8701671B59760242426432",1,334.148721644282,334.148721644282,5.81158616825556
"1785","8701671B59921054204413",1,175.417515816353,175.417515816353,5.16716893707507
"1786","8701671B60259256363554",1,NA,NA,NA
"1787","8701671B60383917462580",1,5.20559870839119,5.20559870839119,1.6497347210795
"1788","8701671B60568978044101",1,NA,NA,NA
"1789","8701671B60571960824161",1,23.3102023327351,23.3102023327351,3.14889113309301
"1790","8701671B61096532329378",1,477.927974352837,477.927974352837,6.16946003986768
"1791","8701671B61329229942409",1,2026.71262331605,2026.71262331605,7.61417036201332
"1792","8701671B61376458937885",1,NA,NA,NA
"1793","8701671B61716592772376",1,NA,NA,NA
"1794","8701671B61834764030996",1,45.607539344579,45.607539344579,3.82007303935769
"1795","8701671B61982793358866",1,359.983435485363,359.983435485363,5.88605801785089
"1796","8701671B62248544319556",1,856.527876525112,856.527876525112,6.75288686425743
"1797","8701671B63256124601591",1,7.20346624903381,7.20346624903381,1.97456233365183
"1798","8701671B6329691357439",1,12.7379095673561,12.7379095673561,2.54458255248576
"1799","8701671B63359836488901",1,42.4354284308851,42.4354284308851,3.74798358953858
"1800","8701671B63390184751595",1,1353.56952855829,1353.56952855829,7.21050047719069
"1801","8701671B63558668022840",1,91.39172485888,91.39172485888,4.51515493671231
"1802","8701671B6383069893931",1,24.950848878622,24.950848878622,3.21690784481001
"1803","8701671B640126266142",1,NA,NA,NA
"1804","8701671B64130059422641",1,NA,NA,NA
"1805","8701671B64289292392873",1,2345.50213667259,2345.50213667259,7.76025478873488
"1806","8701671B64489112890700",1,4041.36954680165,4041.36954680165,8.30433891024187
"1807","8701671B64660107039204",1,NA,NA,NA
"1808","8701671B64891030149560",1,NA,NA,NA
"1809","8701671B64921834857972",1,195.22595082283,195.22595082283,5.2741576099317
"1810","8701671B64940786723478",1,NA,NA,NA
"1811","8701671B64973472521789",1,NA,NA,NA
"1812","8701671B65041139962090",1,112.996641431116,112.996641431116,4.72735809642211
"1813","8701671B65386836314559",1,34.0465958309174,34.0465958309174,3.52773005200049
"1814","8701671B65471913227261",1,998.018506476693,998.018506476693,6.90577181970335
"1815","8701671B6558289916202",1,113.430996188484,113.430996188484,4.7311946889399
"1816","8701671B65833866980229",1,NA,NA,NA
"1817","8701671B65845111607319",1,1123.86080441549,1123.86080441549,7.0245251832969
"1818","8701671B66024605882248",1,NA,NA,NA
"1819","8701671B66361265375763",1,NA,NA,NA
"1820","8701671B66587320665101",1,623.375017336383,623.375017336383,6.43514829167681
"1821","8701671B67132891165103",1,1877.15112323105,1877.15112323105,7.53751054652134
"1822","8701671B67257471082353",1,103.523341429383,103.523341429383,4.63979710833621
"1823","8701671B67654174060035",1,0.0641767366603017,0.0641767366603017,-2.74611449126967
"1824","8701671B67888908023489",1,136.894865260534,136.894865260534,4.91921322436333
"1825","8701671B68052266894517",1,44.1693442681432,44.1693442681432,3.78803097985964
"1826","8701671B68101868582268",1,NA,NA,NA
"1827","8701671B68700558971197",1,NA,NA,NA
"1828","8701671B68891744403519",1,124.913713200316,124.913713200316,4.82762320454195
"1829","8701671B68903094038939",1,NA,NA,NA
"1830","8701671B68975897642122",1,58.2521834078431,58.2521834078431,4.06478157513977
"1831","8701671B68986810783457",1,277.160951660797,277.160951660797,5.62459839036852
"1832","8701671B69138058153877",1,247.973575946279,247.973575946279,5.51332219188456
"1833","8701671B69175081288575",1,780.018163896427,780.018163896427,6.6593172064592
"1834","8701671B69185125078741",1,86.1823851048946,86.1823851048946,4.45646580765637
"1835","8701671B69443980159425",1,NA,NA,NA
"1836","8701671B69664820658119",1,36.6558360578492,36.6558360578492,3.60157265325049
"1837","8701671B69792415593649",1,NA,NA,NA
"1838","8701671B70067848832200",1,93.6391241710633,93.6391241710633,4.53944828942928
"1839","8701671B70172506125810",1,227.593021242768,227.593021242768,5.42755903940408
"1840","8701671B71036629686729",1,NA,NA,NA
"1841","8701671B71072292356728",1,NA,NA,NA
"1842","8701671B71229429215357",1,2483.33550573505,2483.33550573505,7.81735789749775
"1843","8701671B71359677826666",1,NA,NA,NA
"1844","8701671B71571062507422",1,400.612506077979,400.612506077979,5.99299464111183
"1845","8701671B71920498975173",1,NA,NA,NA
"1846","8701671B7232350225457",1,231.304861006904,231.304861006904,5.44373658504295
"1847","8701671B72346500642507",1,110.886026178058,110.886026178058,4.70850288261247
"1848","8701671B72439737760091",1,NA,NA,NA
"1849","8701671B72446042689753",1,319.818552956209,319.818552956209,5.76775381296415
"1850","8701671B72718235306176",1,0,0,0
"1851","8701671B72959640308554",1,174.373875495717,174.373875495717,5.16120170378476
"1852","8701671B73008172575008",1,NA,NA,NA
"1853","8701671B73025224751915",1,102.687193174362,102.687193174362,4.63168740783794
"1854","8701671B73326281141145",1,NA,NA,NA
"1855","8701671B73364458199971",1,60.5112858200446,60.5112858200446,4.10282989011999
"1856","8701671B73612450286207",1,383.456452205479,383.456452205479,5.9492260607885
"1857","8701671B73614942856081",1,282.722976470739,282.722976470739,5.64446753649679
"1858","8701671B73627657700806",1,NA,NA,NA
"1859","8701671B73692307492725",1,NA,NA,NA
"1860","8701671B74099385302774",1,NA,NA,NA
"1861","8701671B74106328276296",1,NA,NA,NA
"1862","8701671B74160923345613",1,NA,NA,NA
"1863","8701671B74250012316808",1,82.7217135450244,82.7217135450244,4.41548212554828
"1864","8701671B74804511892204",1,NA,NA,NA
"1865","8701671B75024298551322",1,NA,NA,NA
"1866","8701671B75049629719771",1,2012.98835459832,2012.98835459832,7.60737564052535
"1867","8701671B75171816704867",1,NA,NA,NA
"1868","8701671B75449277915828",1,197.735145812947,197.735145812947,5.28692848783626
"1869","8701671B75539751550114",1,4148.62220019072,4148.62220019072,8.33053155814651
"1870","8701671B75874971152676",1,NA,NA,NA
"1871","8701671B76033822027974",1,156.154280081987,156.154280081987,5.0508444934206
"1872","8701671B76266155523948",1,625.315956378207,625.315956378207,6.43825705220419
"1873","8701671B76730810017081",1,15.5310010623932,15.5310010623932,2.74283809499256
"1874","8701671B76853731017795",1,6792.0383724618,6792.0383724618,8.82350637763097
"1875","8701671B77198875782479",1,126.620858338475,126.620858338475,4.84119725394686
"1876","8701671B77297874442969",1,343.537832528055,343.537832528055,5.83929724396168
"1877","8701671B7729903902665",1,NA,NA,NA
"1878","8701671B77761135281215",1,NA,NA,NA
"1879","8701671B77991927650857",1,NA,NA,NA
"1880","8701671B78073152626196",1,NA,NA,NA
"1881","8701671B78261941759356",1,294.21332853809,294.21332853809,5.68430511148542
"1882","8701671B78477528803813",1,265.224860074874,265.224860074874,5.58057799477379
"1883","8701671B78745731328632",1,NA,NA,NA
"1884","8701671B7895347248645",1,149.452121618688,149.452121618688,5.00697608480642
"1885","8701671B79417644951649",1,73.0549655867368,73.0549655867368,4.29121211106428
"1886","8701671B79423766550609",1,NA,NA,NA
"1887","8701671B79808617109773",1,133.561233463585,133.561233463585,4.89456005030973
"1888","8701671B80390087772516",1,264.952063224185,264.952063224185,5.57954891612938
"1889","8701671B80425002261515",1,7.49916997253895,7.49916997253895,2.01479234408971
"1890","8701671B8071500438377",1,145.4499757801,145.4499757801,4.97983221842418
"1891","8701671B80977223747238",1,332.471718857363,332.471718857363,5.80655480041036
"1892","8701671B80994766223390",1,180.301058181617,180.301058181617,5.19462799919714
"1893","8701671B80997210152417",1,169.584684476331,169.584684476331,5.13335241548495
"1894","8701671B81059330414733",1,NA,NA,NA
"1895","8701671B81462153055318",1,NA,NA,NA
"1896","8701671B81496139383371",1,1.05409989833832,1.05409989833832,0.0526872258349453
"1897","8701671B8158625953395",1,NA,NA,NA
"1898","8701671B81655629015903",1,NA,NA,NA
"1899","8701671B81790835951847",1,NA,NA,NA
"1900","8701671B8208248485546",1,NA,NA,NA
"1901","8701671B82105549024004",1,NA,NA,NA
"1902","8701671B82156592609383",1,NA,NA,NA
"1903","8701671B82289109634820",1,214.216456468552,214.216456468552,5.36698698264684
"1904","8701671B82490011784618",1,NA,NA,NA
"1905","8701671B82829723168564",1,NA,NA,NA
"1906","8701671B82854907311550",1,178.293748597615,178.293748597615,5.18343246310814
"1907","8701671B83159323008867",1,NA,NA,NA
"1908","8701671B83371663515297",1,NA,NA,NA
"1909","8701671B83706236309505",1,673.068050391525,673.068050391525,6.51184643952779
"1910","8701671B83724356219791",1,101.196436248086,101.196436248086,4.61706354129344
"1911","8701671B83780855203463",1,829.72654327631,829.72654327631,6.72109618057266
"1912","8701671B8403911269466",1,NA,NA,NA
"1913","8701671B84211341759878",1,574.399210144207,574.399210144207,6.35332464263594
"1914","8701671B84261355290509",1,NA,NA,NA
"1915","8701671B84491224846423",1,NA,NA,NA
"1916","8701671B84632828581630",1,997.211441772282,997.211441772282,6.90496282548278
"1917","8701671B84690280241827",1,151.097559744678,151.097559744678,5.01792571921233
"1918","8701671B84813542366979",1,318.266701582223,318.266701582223,5.76288971550191
"1919","8701671B84932876584417",1,629.932080079839,629.932080079839,6.44561200417665
"1920","8701671B84964760406378",1,NA,NA,NA
"1921","8701671B85169170830121",1,121.871863964796,121.871863964796,4.80297019741604
"1922","8701671B85402755836861",1,453.698720346987,453.698720346987,6.11743336618321
"1923","8701671B85920169217386",1,30.4258258378506,30.4258258378506,3.41529178190211
"1924","8701671B86080825614718",1,891.301122462079,891.301122462079,6.79268233048972
"1925","8701671B86108661761319",1,179.169459166676,179.169459166676,5.18833205725881
"1926","8701671B86288644178895",1,252.100749812499,252.100749812499,5.52982880845561
"1927","8701671B86453873223968",1,115.936421508864,115.936421508864,4.75304195040907
"1928","8701671B86513395077945",1,429.413267349824,429.413267349824,6.06241978238195
"1929","8701671B86605125061107",1,NA,NA,NA
"1930","8701671B86679693622237",1,96.8214929959178,96.8214929959178,4.57286900471819
"1931","8701671B87024407460992",1,NA,NA,NA
"1932","8701671B87099663459533",1,NA,NA,NA
"1933","8701671B87129820959835",1,155.011735403873,155.011735403873,5.04350082633627
"1934","8701671B87504135677093",1,959.744483852759,959.744483852759,6.86666708638094
"1935","8701671B87551920719887",1,NA,NA,NA
"1936","8701671B87673640484733",1,236.734143401384,236.734143401384,5.46693775369387
"1937","8701671B87881136739477",1,NA,NA,NA
"1938","8701671B87901537971964",1,NA,NA,NA
"1939","8701671B87910523251509",1,47.553051879704,47.553051879704,3.86184596947025
"1940","8701671B8810495152060",1,227.390508224219,227.390508224219,5.42666884000649
"1941","8701671B8813575079880",1,2.69634635925293,2.69634635925293,0.991897656331286
"1942","8701671B88292249499058",1,NA,NA,NA
"1943","8701671B88374512548949",1,237.795696267039,237.795696267039,5.4714118859728
"1944","8701671B88518569021729",1,NA,NA,NA
"1945","8701671B886545295565",1,NA,NA,NA
"1946","8701671B88709297193728",1,18.6841523314267,18.6841523314267,2.92767569564809
"1947","8701671B8871656007589",1,NA,NA,NA
"1948","8701671B88887342435419",1,14.1457874320447,14.1457874320447,2.64941687178272
"1949","8701671B89602605916522",1,0,0,0
"1950","8701671B89606244104668",1,741.323841128498,741.323841128498,6.60843756238725
"1951","8701671B89726898979713",1,0,0,0
"1952","8701671B8981340817709",1,78.0370501429029,78.0370501429029,4.35718371574402
"1953","8701671B90029568380485",1,285.588319472633,285.588319472633,5.65455133142401
"1954","8701671B90050195307789",1,234.754060634002,234.754060634002,5.4585384156342
"1955","8701671B90118791051051",1,636.234931339696,636.234931339696,6.45556788403173
"1956","8701671B90589302469982",1,1694.6301088424,1694.6301088424,7.4352197711283
"1957","8701671B90786780806365",1,NA,NA,NA
"1958","8701671B908189837343",1,5.61964730739593,5.61964730739593,1.7262689052452
"1959","8701671B91089309525348",1,NA,NA,NA
"1960","8701671B91249744249717",1,29.4541852118075,29.4541852118075,3.38283601245584
"1961","8701671B91261158207926",1,NA,NA,NA
"1962","8701671B91352204106029",1,205.181540037952,205.181540037952,5.3238951484212
"1963","8701671B91623550198243",1,246.493180512786,246.493180512786,5.50733432783752
"1964","8701671B91684501452899",1,88.5739047976956,88.5739047976956,4.48383728598636
"1965","8701671B91946398565623",1,9.08752253841609,9.08752253841609,2.20690232301239
"1966","8701671B91948443212485",1,88.2233457183838,88.2233457183838,4.47987161867297
"1967","8701671B91973054912616",1,NA,NA,NA
"1968","8701671B91980057323344",1,82.2687562899478,82.2687562899478,4.40999140364768
"1969","8701671B92087442166631",1,773.232306643128,773.232306643128,6.65057952949689
"1970","8701671B92172840318225",1,293.351423449218,293.351423449218,5.68137128775218
"1971","8701671B92535137088393",1,NA,NA,NA
"1972","8701671B92631226508247",1,NA,NA,NA
"1973","8701671B92777247023512",1,51.0096821665764,51.0096821665764,3.93201546110924
"1974","8701671B92902112367309",1,3540.89292044804,3540.89292044804,8.17213421173601
"1975","8701671B92996832063401",1,40.3483448167145,40.3483448167145,3.69755037322315
"1976","8701671B93108958332775",1,58.0550835905969,58.0550835905969,4.06139227692974
"1977","8701671B93430889647256",1,1.58659791946411,1.58659791946411,0.461592050567693
"1978","8701671B93449908484695",1,NA,NA,NA
"1979","8701671B93683641934125",1,179.1803537504,179.1803537504,5.1883928614414
"1980","8701671B93850487776066",1,195.969592480883,195.969592480883,5.27795950679134
"1981","8701671B94015264983282",1,710.422984713055,710.422984713055,6.5658605457619
"1982","8701671B94073395823663",1,1187.69337347984,1187.69337347984,7.0797683634768
"1983","8701671B9474908465202",1,NA,NA,NA
"1984","8701671B94814187921498",1,NA,NA,NA
"1985","8701671B94960647396655",1,365.910699414685,365.910699414685,5.90238931296054
"1986","8701671B95563300423658",1,83.1915568596125,83.1915568596125,4.42114586262498
"1987","8701671B95823931599644",1,2695.37895312145,2695.37895312145,7.8992940868611
"1988","8701671B96155424695073",1,0,0,0
"1989","8701671B96397646944426",1,NA,NA,NA
"1990","8701671B96536961646106",1,NA,NA,NA
"1991","8701671B96547889187506",1,43.4782132649422,43.4782132649422,3.77225996814606
"1992","8701671B96600181049115",1,NA,NA,NA
"1993","8701671B96630840865992",1,450.907233105004,450.907233105004,6.11126162678208
"1994","8701671B96841263270820",1,12.0422032880783,12.0422032880783,2.4884174204874
"1995","8701671B96951790647096",1,1065.20706784513,1065.20706784513,6.97092448914601
"1996","8701671B96967747537750",1,123.92961250592,123.92961250592,4.81971376335455
"1997","8701671B96985788698945",1,74.0115144743025,74.0115144743025,4.30422068210368
"1998","8701671B97135267153779",1,90.1359753344953,90.1359753344953,4.50131936721418
"1999","8701671B97170128709946",1,496.519577337652,496.519577337652,6.20762291339799
"2000","8701671B97252067164265",1,NA,NA,NA
"2001","8701671B97284253822936",1,NA,NA,NA
"2002","8701671B9732663070943",1,3602.29336527288,3602.29336527288,8.18932596752573
"2003","8701671B9780152008483",1,541.21834453471,541.21834453471,6.29382279175822
"2004","8701671B97832675692274",1,NA,NA,NA
"2005","8701671B98117918076450",1,NA,NA,NA
"2006","8701671B98275971460966",1,217.291528245956,217.291528245956,5.38123990005948
"2007","8701671B98296158896120",1,NA,NA,NA
"2008","8701671B98393552934318",1,9.56087431311607,9.56087431311607,2.25767917822839
"2009","8701671B98444413378484",1,410.962685255557,410.962685255557,6.0185024202421
"2010","8701671B98536206371918",1,NA,NA,NA
"2011","8701671B98746614638816",1,NA,NA,NA
"2012","8701671B98909054283677",1,6080.11626548722,6080.11626548722,8.71277909739041
"2013","8701671B98916205392785",1,344.173825037703,344.173825037703,5.8411468350918
"2014","8701671B98929881441736",1,385.901485189348,385.901485189348,5.95558211717402
"2015","8701671B98989854041717",1,NA,NA,NA
"2016","8701671B99228851829724",1,NA,NA,NA
"2017","8701671B99321727283863",1,537.199423138425,537.199423138425,6.28636939081832
"2018","8701671B99330114936147",1,NA,NA,NA
"2019","8701671B99819358130632",1,NA,NA,NA
"2020","8701671B99871718233737",1,17.4792028665543,17.4792028665543,2.86101176658769
"2021","8701671B99904787478825",1,194.781726549529,194.781726549529,5.27187958059444
"2022","8701671B99981007165290",1,342.967279485017,342.967279485017,5.83763504752813
"2023","91817680B10131618900015",1,577945.306908315,577945.306908315,13.2672345184512
"2024","91817680B11201690622195",1,155243.564788179,155243.564788179,11.9527505482969
"2025","91817680B11339106619066",1,83656.3042729832,83656.3042729832,11.3344720684644
"2026","91817680B11345954741605",1,97563.7135858431,97563.7135858431,11.488260916241
"2027","91817680B11377751855609",1,116446.92454102,116446.92454102,11.6651908648394
"2028","91817680B11476058556898",1,224958.946004517,224958.946004517,12.3236732023362
"2029","91817680B11624916188823",1,261081.923604773,261081.923604773,12.4725895205969
"2030","91817680B12008242239928",1,395867.979141742,395867.979141742,12.8888360486454
"2031","91817680B14096955932506",1,53042.2728610159,53042.2728610159,10.8788444757707
"2032","91817680B14253606839965",1,432717.954724633,432717.954724633,12.977841419978
"2033","91817680B14643286354390",1,345201.405366048,345201.405366048,12.7518833093478
"2034","91817680B14745943099772",1,200124.4825098,200124.4825098,12.2066948644608
"2035","91817680B14892127844453",1,109223.910737506,109223.910737506,11.6011552811218
"2036","91817680B15226656503507",1,62777.9394527329,62777.9394527329,11.0473590081423
"2037","91817680B15590775835688",1,281810.055991256,281810.055991256,12.5489885626619
"2038","91817680B1574399427608",1,603603.417160193,603603.417160193,13.310672667159
"2039","91817680B16002130574290",1,266016.501077135,266016.501077135,12.4913136199644
"2040","91817680B16014600177045",1,166826.229450618,166826.229450618,12.0247080074471
"2041","91817680B16033238555875",1,373380.728235352,373380.728235352,12.830353897176
"2042","91817680B1629367715088",1,77418.6572263749,77418.6572263749,11.2569830799664
"2043","91817680B16538338684661",1,410207.936515582,410207.936515582,12.9244194723503
"2044","91817680B1659695850463",1,50314.6050567524,50314.6050567524,10.826050672923
"2045","91817680B1708787718818",1,481005.231196976,481005.231196976,13.0836334246981
"2046","91817680B17319558643664",1,39897.8912559529,39897.8912559529,10.5940787507533
"2047","91817680B1968034056748",1,514623.092963155,514623.092963155,13.1511900533829
"2048","91817680B19736947579274",1,579746.5051534,579746.5051534,13.2703462269037
"2049","91817680B20286966250971",1,59521.3718962767,59521.3718962767,10.9940907185739
"2050","91817680B21216327036282",1,98498.438324981,98498.438324981,11.4977959724658
"2051","91817680B21539665501577",1,99677.7587534795,99677.7587534795,11.5096978493532
"2052","91817680B21680824294868",2,79357.3892918826,158714.778583765,11.9748640249499
"2053","91817680B23901291202395",1,25295.7500043924,25295.7500043924,10.1383916765886
"2054","91817680B23922363914919",1,19719.1218621483,19719.1218621483,9.8893440968481
"2055","91817680B24548286345957",1,67002.9528597827,67002.9528597827,11.112491969936
"2056","91817680B24929628173287",1,49142.4954697404,49142.4954697404,10.8024794276458
"2057","91817680B25965069984368",1,397262.237236088,397262.237236088,12.8923518887982
"2058","91817680B26152541530210",1,1067437.67676544,1067437.67676544,13.8807716399595
"2059","91817680B26607970527366",1,218337.974513082,218337.974513082,12.2937994830352
"2060","91817680B27152027053647",2,38695.3054435844,77390.6108871688,11.2566207458523
"2061","91817680B27371207272645",1,1013782.10827967,1013782.10827967,13.8291985566891
"2062","91817680B2886775060222",1,100700.87353802,100700.87353802,11.5199097533266
"2063","91817680B29418542168397",1,104371.232186072,104371.232186072,11.5557093626855
"2064","91817680B29564477042831",1,258438.742380671,258438.742380671,12.4624139714657
"2065","91817680B29624883381183",2,298520.145223342,597040.290446684,13.2997398782829
"2066","91817680B30301323398004",1,138385.832457341,138385.832457341,11.8378009502882
"2067","91817680B30389585516178",1,68662.08938037,68662.08938037,11.1369524973726
"2068","91817680B30407776748413",1,44772.6838364404,44772.6838364404,10.7093534966449
"2069","91817680B30491742711894",1,755764.455920122,755764.455920122,13.5354850403716
"2070","91817680B32751924176777",1,358004.055963086,358004.055963086,12.7882995948245
"2071","91817680B32789615967236",1,343378.497881836,343378.497881836,12.7465886101148
"2072","91817680B33034423068968",1,122374.390030227,122374.390030227,11.7148403953891
"2073","91817680B33140835215225",1,231072.951498287,231072.951498287,12.3504887469992
"2074","91817680B33489673734556",1,177404.950567123,177404.950567123,12.0861902547091
"2075","91817680B35472999009946",1,17084.8187054702,17084.8187054702,9.74594555316562
"2076","91817680B35509676151777",1,72954.8425528085,72954.8425528085,11.1975959335546
"2077","91817680B35753357340942",1,82389.0969386265,82389.0969386265,11.3192083884367
"2078","91817680B36456413113015",1,46201.0342570559,46201.0342570559,10.7407574633356
"2079","91817680B36624004409046",1,30832.9569081954,30832.9569081954,10.336339426375
"2080","91817680B37138617445780",1,91212.6241673824,91212.6241673824,11.4209485893708
"2081","91817680B37660936440541",2,33819.6105365128,67639.2210730256,11.1219432871719
"2082","91817680B37722151409475",1,291559.098485609,291559.098485609,12.5829980034541
"2083","91817680B37911583032119",1,421566.869305544,421566.869305544,12.9517336898803
"2084","91817680B38772026787440",1,544211.42855675,544211.42855675,13.2070931057663
"2085","91817680B3942656644244",1,288484.114529599,288484.114529599,12.5723953011252
"2086","91817680B39459501575733",1,609554.610500351,609554.610500351,13.3204838227418
"2087","91817680B39611758954351",1,55180.6875593103,55180.6875593103,10.9183683079929
"2088","91817680B40148089014896",1,83629.0707973151,83629.0707973151,11.3341464754364
"2089","91817680B40505476377979",1,81297.1361721422,81297.1361721422,11.3058660694806
"2090","91817680B40614027699537",1,62039.5210150689,62039.5210150689,11.0355268966783
"2091","91817680B41858032192319",1,134356.540407782,134356.540407782,11.8082522947179
"2092","91817680B41928523553758",1,740865.559605824,740865.559605824,13.5155744567863
"2093","91817680B41990583973423",1,312830.351446422,312830.351446422,12.6534163144244
"2094","91817680B42166609445104",1,263035.965442572,263035.965442572,12.4800460525426
"2095","91817680B43065782555772",1,70717.3411158421,70717.3411158421,11.1664460992609
"2096","91817680B43312282385471",1,1120754.67259281,1120754.67259281,13.929512831175
"2097","91817680B43357769940671",1,82457.408146119,82457.408146119,11.3200371741166
"2098","91817680B43546326994356",1,60098.9754377339,60098.9754377339,11.0037480727529
"2099","91817680B43621567480447",1,63997.5227867897,63997.5227867897,11.0665996551363
"2100","91817680B44245642839981",1,81085.7956169239,81085.7956169239,11.3032630782398
"2101","91817680B4431337162748",1,46745.8839111502,46745.8839111502,10.7524814861594
"2102","91817680B44728384221537",1,67867.0333737418,67867.0333737418,11.1253056783217
"2103","91817680B44823551048989",1,205252.35349403,205252.35349403,12.2319954937241
"2104","91817680B44911241756091",1,47890.1627122118,47890.1627122118,10.7766653909549
"2105","91817680B45509654992593",1,739252.804197807,739252.804197807,13.5133952310086
"2106","91817680B46219646335198",2,22874.0531055962,45748.1062111924,10.730905675556
"2107","91817680B46467557111645",1,58324.9736171521,58324.9736171521,10.9737856445475
"2108","91817680B46750425552975",1,27681.353027736,27681.353027736,10.2285142895968
"2109","91817680B47987210748527",1,32719.5173774235,32719.5173774235,10.3957270405292
"2110","91817680B48783047676904",1,42152.7307430191,42152.7307430191,10.6490547476427
"2111","91817680B49246193334347",1,302724.7056498,302724.7056498,12.6205791092868
"2112","91817680B49679347075852",1,304800.766567844,304800.766567844,12.6274136177778
"2113","91817680B50207003035",1,255188.386145606,255188.386145606,12.4497573205834
"2114","91817680B50347392057391",1,212868.677464882,212868.677464882,12.2684307168305
"2115","91817680B50485812736392",1,36332.0807913724,36332.0807913724,10.500456398317
"2116","91817680B50780672353800",1,535434.518895927,535434.518895927,13.1908338810867
"2117","91817680B51132506733028",1,20403.5408247926,20403.5408247926,9.92346373461358
"2118","91817680B51138241033746",1,198194.411837836,198194.411837836,12.1970037059187
"2119","91817680B51344731064077",1,211861.946851788,211861.946851788,12.2636901474398
"2120","91817680B51485783996699",1,129273.762622422,129273.762622422,11.7696876255491
"2121","91817680B53198155341948",1,21185.0690571082,21185.0690571082,9.96105192277251
"2122","91817680B53321453404308",1,454216.600877088,454216.600877088,13.026329457693
"2123","91817680B53543824194985",1,139837.589584231,139837.589584231,11.8482369537859
"2124","91817680B53616587081026",1,400978.5617621,400978.5617621,12.9016632429197
"2125","91817680B54012703126739",1,109012.551209903,109012.551209903,11.5992183032969
"2126","91817680B54049766777888",1,341833.556152379,341833.556152379,12.7420792196616
"2127","91817680B5490200958143",1,429992.356827262,429992.356827262,12.9715227126915
"2128","91817680B55050579859044",1,441351.367578111,441351.367578111,12.9975965890685
"2129","91817680B55576639555152",1,187181.693771962,187181.693771962,12.1398350485642
"2130","91817680B55707549130569",1,120037.795638199,120037.795638199,11.6955619358252
"2131","91817680B55715776787208",1,51235.4459262406,51235.4459262406,10.8441868747431
"2132","91817680B55822624410007",2,27317.2746505334,54634.5493010668,10.9084217326996
"2133","91817680B56099735913612",1,24222.997594942,24222.997594942,10.095057774723
"2134","91817680B56248521536513",1,295715.977609079,295715.977609079,12.5971547375532
"2135","91817680B56582975498752",1,308520.3724111,308520.3724111,12.6395431571362
"2136","91817680B5684950588758",1,248300.231853323,248300.231853323,12.4223939052587
"2137","91817680B57044302860475",1,518342.296207912,518342.296207912,13.1583911064973
"2138","91817680B5725333816693",1,266269.035771304,266269.035771304,12.4922624893047
"2139","91817680B57927404517776",1,279232.314319848,279232.314319848,12.5397993821411
"2140","91817680B58085958229296",1,471392.357016597,471392.357016597,13.0634460559811
"2141","91817680B58127051569150",1,216367.338934972,216367.338934972,12.2847328854275
"2142","91817680B58418421780923",1,39862.7640331052,39862.7640331052,10.5931979348926
"2143","91817680B59476098361869",1,39098.9075323629,39098.9075323629,10.5738498052343
"2144","91817680B59614790278386",1,47109.3247209939,47109.3247209939,10.7602262375008
"2145","91817680B60221740281290",1,73284.8999271929,73284.8999271929,11.2021098629313
"2146","91817680B60871253292980",1,122754.436982772,122754.436982772,11.7179411915027
"2147","91817680B60872934813823",2,61107.9036047488,122215.807209498,11.7135436725872
"2148","91817680B61474779558203",1,29049.2133061489,29049.2133061489,10.27674668123
"2149","91817680B6202152929023",1,193620.285876349,193620.285876349,12.1736542307545
"2150","91817680B63178832268751",1,156675.313851014,156675.313851014,11.9619308782887
"2151","91817680B63185877293812",1,247681.059955876,247681.059955876,12.419897148912
"2152","91817680B63526671374694",1,73571.3856482291,73571.3856482291,11.2060114471683
"2153","91817680B64740203795166",1,169775.047658429,169775.047658429,12.0422295906972
"2154","91817680B6497324316239",1,135488.583081958,135488.583081958,11.8166426580543
"2155","91817680B65126245655882",1,361464.967925337,361464.967925337,12.797920408348
"2156","91817680B65451529480853",1,294138.411410964,294138.411410964,12.5918057226475
"2157","91817680B65504384218086",1,144598.153130274,144598.153130274,11.8817138163588
"2158","91817680B66829558888986",1,197049.921740914,197049.921740914,12.1912123854696
"2159","91817680B6691327376510",1,46300.4799726797,46300.4799726797,10.7429076066011
"2160","91817680B67324121140218",2,37268.8945353339,74537.7890706678,11.2190615116149
"2161","91817680B67839742247787",1,278768.117813091,278768.117813091,12.5381355962832
"2162","91817680B68494559899558",2,168368.711135575,336737.42227115,12.7270587432296
"2163","91817680B6871011244235",1,381947.508406749,381947.508406749,12.853038465599
"2164","91817680B68842805087026",1,52353.5936973232,52353.5936973232,10.8657758614559
"2165","91817680B69479464976516",1,161146.260445423,161146.260445423,11.9900676815472
"2166","91817680B6950995223857",1,729887.244565325,729887.244565325,13.5006453416949
"2167","91817680B70392770223342",1,38723.2397328389,38723.2397328389,10.5641952086764
"2168","91817680B720891985776",1,141138.86447699,141138.86447699,11.8574995391561
"2169","91817680B72214553011774",1,176873.662517962,176873.662517962,12.0831909856151
"2170","91817680B72690271662871",1,453865.551374078,453865.551374078,13.0255562908168
"2171","91817680B73279111808647",1,485424.468096299,485424.468096299,13.0927789791136
"2172","91817680B73346878676901",1,45316.6394207173,45316.6394207173,10.7214295601577
"2173","91817680B73468302874709",1,51234.0120227535,51234.0120227535,10.8441588877992
"2174","91817680B73468767289539",1,110737.857532866,110737.857532866,11.6149210433672
"2175","91817680B74553451927555",1,29881.8860680765,29881.8860680765,10.3050077586763
"2176","91817680B7472001038353",1,845326.674866556,845326.674866556,13.647478429105
"2177","91817680B75298348451478",1,31288.8670673925,31288.8670673925,10.3510176285096
"2178","91817680B75354784424725",1,43742.8996456863,43742.8996456863,10.6860845848018
"2179","91817680B75376031789242",1,50395.0163177787,50395.0163177787,10.8276475665865
"2180","91817680B75483661313195",1,140698.664088211,140698.664088211,11.8543757483041
"2181","91817680B75710427976091",1,501800.824817619,501800.824817619,13.125958556631
"2182","91817680B75900877128055",1,101335.165375397,101335.165375397,11.5261887709193
"2183","91817680B75936691302089",1,862579.245191415,862579.245191415,13.6676823021499
"2184","91817680B78599330358722",1,58337.6681747811,58337.6681747811,10.9740032730443
"2185","91817680B7861346133014",1,30673.574091176,30673.574091176,10.3311567841034
"2186","91817680B78801700081843",1,78881.533703355,78881.533703355,11.2757024325884
"2187","91817680B7912985797785",1,31612.8116804088,31612.8116804088,10.3613177503336
"2188","91817680B79863718076959",1,37028.2478106322,37028.2478106322,10.5194363546848
"2189","91817680B8006777837161",1,352528.581119487,352528.581119487,12.7728869791376
"2190","91817680B8017156108400",1,378801.787679124,378801.787679124,12.8447683596048
"2191","91817680B81929081090334",1,104159.972590202,104159.972590202,11.5536831942915
"2192","91817680B8309013283439",1,426330.57183998,426330.57183998,12.9629703145614
"2193","91817680B84202113891253",1,662308.850605846,662308.850605846,13.4034872678231
"2194","91817680B8449507929864",1,121936.299761711,121936.299761711,11.7112540542557
"2195","91817680B85110926045998",2,225721.430199288,451442.860398576,13.0202040887885
"2196","91817680B85222249357664",2,18694.3864168715,37388.772833743,10.529125746725
"2197","91817680B85680883794904",1,378502.253541391,378502.253541391,12.8439773057161
"2198","91817680B85909931268472",1,30099.4553992484,30099.4553992484,10.3122623575251
"2199","91817680B86395324328742",1,22738.0934281344,22738.0934281344,10.0317969215791
"2200","91817680B86480113122364",1,24707.6600497987,24707.6600497987,10.1148685980114
"2201","91817680B86612267469181",1,730168.025493539,730168.025493539,13.501029958548
"2202","91817680B86853073591153",1,416703.45477541,416703.45477541,12.9401301081739
"2203","91817680B87543439372548",1,205048.355931331,205048.355931331,12.2310011128965
"2204","91817680B87761816793360",1,286695.902126799,286695.902126799,12.5661773585248
"2205","91817680B87996420220515",1,330119.746871319,330119.746871319,12.7072107369285
"2206","91817680B88513858108060",1,100424.083844846,100424.083844846,11.5171573364061
"2207","91817680B88731995383072",1,70214.1563438993,70214.1563438993,11.1593052270043
"2208","91817680B88957070935676",1,655751.491490808,655751.491490808,13.3935371722074
"2209","91817680B88985387415210",1,33091.9071946968,33091.9071946968,10.4070440358427
"2210","91817680B89058224266184",1,79219.042284025,79219.042284025,11.2799719817823
"2211","91817680B8944082307158",1,255928.150761469,255928.150761469,12.452652022981
"2212","91817680B89733153975870",2,42560.0131178264,85120.0262356528,11.351817612795
"2213","91817680B90297389150949",1,202474.876685712,202474.876685712,12.2183710920824
"2214","91817680B90442190394967",1,431428.695302525,431428.695302525,12.9748575274208
"2215","91817680B90592918780723",1,26278.0164223777,26278.0164223777,10.1764879911493
"2216","91817680B91211823266814",1,116567.562158153,116567.562158153,11.6662263165799
"2217","91817680B915295689263",1,74170.9755690104,74170.9755690104,11.2141281877924
"2218","91817680B91736183236009",1,58410.3533586646,58410.3533586646,10.9752484366422
"2219","91817680B92610564128426",1,31012.6742822638,31012.6742822638,10.3421512477268
"2220","91817680B92844029998138",1,370926.365487563,370926.365487563,12.8237588461159
"2221","91817680B92973690121395",1,45261.6449980008,45261.6449980008,10.7202152640419
"2222","91817680B93090957259339",1,19532.7063642133,19532.7063642133,9.87984558898664
"2223","91817680B93219729656421",1,38227.3288180026,38227.3288180026,10.5513059528918
"2224","91817680B93241302453804",1,254950.187726505,254950.187726505,12.4488234628098
"2225","91817680B93885607227135",2,67826.6951511172,135653.390302234,11.8178583107879
"2226","91817680B94833670639499",1,356551.527013757,356551.527013757,12.7842340441952
"2227","91817680B94836834309250",1,988710.914402014,988710.914402014,13.8041572669686
"2228","91817680B94972366910411",1,36331.9397922058,36331.9397922058,10.5004525174647
"2229","91817680B95262291256995",1,115034.186781341,115034.186781341,11.652984639527
"2230","91817680B96375859106804",1,158510.33293804,158510.33293804,11.9735750622127
"2231","91817680B96761005572442",1,51168.1527771829,51168.1527771829,10.8428726014247
"2232","91817680B96924831002014",1,315014.914240895,315014.914240895,12.6603752634834
"2233","91817680B97433571779884",1,49354.7354734914,49354.7354734914,10.8067889971677
"2234","91817680B98224083425041",1,47509.1534235976,47509.1534235976,10.7686776751125
"2235","91817680B99071511370380",1,130755.584550189,130755.584550189,11.78108509268
"2236","91817680B99242230797556",1,216709.954903137,216709.954903137,12.2863151251086
"2237","91817680B9940099959324",1,25218.3783165692,25218.3783165692,10.1353283059673
"2238","91817680B99536699865294",1,227274.539428859,227274.539428859,12.3339139904952
"2239","93511190B76376744251170",1,4786.40747433364,4786.40747433364,8.47353540365191
"2240","94954027B24043744256815",1,6643.66684258808,6643.66684258808,8.80141932537419
"2241","94954027B50419639501702",1,12850.0810132766,12850.0810132766,9.46110539483864
"2242","94954027B73683206567439",1,8377.77841583002,8377.77841583002,9.03333805281991
"2243","94954027B75488374461778",1,3424.58351003535,3424.58351003535,8.13873514039271
"2244","94954027B8071677306874",1,41813.2927263956,41813.2927263956,10.6409695757676
"2245","94954027B88448576527444",1,24984.3679445465,24984.3679445465,10.1260056260617
"2246","97153195B87172178268345",1,2975.5766313282,2975.5766313282,7.9981931248545
"2247","DIS015",1,NA,NA,NA
