"","ADM2_id","exposure_days","total_population","region","person_day_exposure","pop_wt_grdi","country"
"1","10022922B10293113814705",1,269868.941473426,"Africa",269868.941473426,69.2174724751071,"Madagascar"
"2","10022922B16213196407560",1,313539.815072712,"Africa",313539.815072712,73.1067127477661,"Madagascar"
"3","10022922B22775533170221",2,288938.947031279,"Africa",577877.894062558,70.9695804285884,"Madagascar"
"4","10022922B39697778193382",1,50981.3458239764,"Africa",50981.3458239764,80.1103300822404,"Madagascar"
"5","10022922B40357207342555",1,213264.958352174,"Africa",213264.958352174,75.7434771986292,"Madagascar"
"6","10022922B52521872200932",1,303799.441109564,"Africa",303799.441109564,68.0390519775957,"Madagascar"
"7","10022922B66036521727834",1,112865.709506026,"Africa",112865.709506026,53.0679024431407,"Madagascar"
"8","10022922B70385192089273",1,91150.2134768025,"Africa",91150.2134768025,77.6839114210944,"Madagascar"
"9","10022922B72547257848133",1,138823.644535868,"Africa",138823.644535868,77.6247962508251,"Madagascar"
"10","10022922B77517626674469",2,90469.8460087927,"Africa",180939.692017585,36.3411379124196,"Madagascar"
"11","10022922B91714644312966",1,209532.530047704,"Africa",209532.530047704,73.8228777915656,"Madagascar"
"12","10938185B16418977449415",1,11924.1739955517,"Africa",11924.1739955517,69.122747931231,"Comoros"
"13","10938185B23268545061954",1,239928.263853397,"Africa",239928.263853397,45.8795373459829,"Comoros"
"14","10938185B41806506469500",1,14144.8713554036,"Africa",14144.8713554036,40.8544676792259,"Comoros"
"15","10938185B42418571168375",1,38156.5162762403,"Africa",38156.5162762403,72.3144923253795,"Comoros"
"16","10938185B46959303700006",1,41992.9144888508,"Africa",41992.9144888508,80.1102151194259,"Comoros"
"17","10938185B74704582538531",1,14643.9383492957,"Africa",14643.9383492957,62.5731245243329,"Comoros"
"18","10938185B83207987774368",1,18583.9793893149,"Africa",18583.9793893149,26.2249747982149,"Comoros"
"19","10938185B89113061759376",1,6031.25202003591,"Africa",6031.25202003591,71.9283337483581,"Comoros"
"20","1456440B17189259529244",1,2803.9283964739,"Americas",2803.9283964739,16.3600036717213,"Belize"
"21","1456440B2347802332561",1,3622.30372179262,"Americas",3622.30372179262,30.5094454256039,"Belize"
"22","1456440B30022647812570",1,1377.33393118657,"Americas",1377.33393118657,37.7335190506593,"Belize"
"23","1456440B30822357340136",1,6725.37044955105,"Americas",6725.37044955105,19.6325795948552,"Belize"
"24","1456440B3381431616278",1,19608.5745126618,"Americas",19608.5745126618,39.311007234564,"Belize"
"25","1456440B35586034015504",1,19848.8971228707,"Americas",19848.8971228707,50.0215634010643,"Belize"
"26","1456440B41515061278311",1,4311.61308155447,"Americas",4311.61308155447,45.0092691482701,"Belize"
"27","1456440B42858998503900",1,12333.0124786811,"Americas",12333.0124786811,39.9959696798247,"Belize"
"28","1456440B54087410472023",1,8494.36709127995,"Americas",8494.36709127995,41.2037855944063,"Belize"
"29","1456440B54194515366168",1,23158.1743935203,"Americas",23158.1743935203,39.0117897641343,"Belize"
"30","1456440B59769308078565",1,8768.49341053609,"Americas",8768.49341053609,17.1468890165195,"Belize"
"31","1456440B59944424745172",1,19055.8624448904,"Americas",19055.8624448904,22.4664034555579,"Belize"
"32","1456440B62290110422722",1,3876.03806337483,"Americas",3876.03806337483,36.9688714278128,"Belize"
"33","1456440B63332510884225",1,7103.87362527506,"Americas",7103.87362527506,41.0488196267801,"Belize"
"34","1456440B68597198845590",1,22232.326870234,"Americas",22232.326870234,54.9460940846354,"Belize"
"35","1456440B76393603142959",1,30739.2732443373,"Americas",30739.2732443373,34.562029504734,"Belize"
"36","1456440B85489993561805",1,11277.7248146319,"Americas",11277.7248146319,59.2170425452621,"Belize"
"37","1456440B85935550107059",1,19168.0895359355,"Americas",19168.0895359355,9.19716265398258,"Belize"
"38","1456440B92384260503294",1,10320.5970883211,"Americas",10320.5970883211,49.3076449423284,"Belize"
"39","16705992B14602656752780",1,693940.801097734,"South-East Asia",693940.801097734,66.4258706379401,"Bangladesh"
"40","16705992B21968895988188",1,2302945.89910493,"South-East Asia",2302945.89910493,49.2782197089276,"Bangladesh"
"41","16705992B28022870637862",1,3054522.38677903,"South-East Asia",3054522.38677903,49.6803703684408,"Bangladesh"
"42","16705992B28796010313895",1,3624002.27945191,"South-East Asia",3624002.27945191,31.1963041179135,"Bangladesh"
"43","16705992B46028667424095",1,1124777.6096365,"South-East Asia",1124777.6096365,67.7177492150791,"Bangladesh"
"44","16705992B48875454234518",1,1202081.73609305,"South-East Asia",1202081.73609305,65.2490063363727,"Bangladesh"
"45","16705992B50862305652789",1,5524013.60561845,"South-East Asia",5524013.60561845,36.0429115891655,"Bangladesh"
"46","16705992B56503274196630",1,796812.60553637,"South-East Asia",796812.60553637,62.9607215339283,"Bangladesh"
"47","16705992B60176987344662",1,2117040.79295243,"South-East Asia",2117040.79295243,60.8920313700136,"Bangladesh"
"48","16705992B66943755852345",1,2324116.86909251,"South-East Asia",2324116.86909251,60.9871698112505,"Bangladesh"
"49","16705992B67131385183639",1,2164971.85759885,"South-East Asia",2164971.85759885,65.0614341809997,"Bangladesh"
"50","16705992B77509092527129",1,1920230.6181522,"South-East Asia",1920230.6181522,62.7478537446778,"Bangladesh"
"51","16705992B77600989823530",1,1556510.50596547,"South-East Asia",1556510.50596547,62.0554367314695,"Bangladesh"
"52","16705992B78415132034426",1,969217.575190486,"South-East Asia",969217.575190486,70.1812198047438,"Bangladesh"
"53","16705992B79131283702140",1,1626709.2022392,"South-East Asia",1626709.2022392,62.7978990951017,"Bangladesh"
"54","16705992B82604838368079",1,3395712.29345652,"South-East Asia",3395712.29345652,66.6762188942285,"Bangladesh"
"55","16705992B87804307332289",1,1267840.73958071,"South-East Asia",1267840.73958071,66.719889786777,"Bangladesh"
"56","16705992B87985099055959",1,1357895.63064866,"South-East Asia",1357895.63064866,64.0473931265185,"Bangladesh"
"57","16705992B90744549146712",1,16282932.7127148,"South-East Asia",16282932.7127148,20.6438897798868,"Bangladesh"
"58","16705992B92388810566131",1,1332421.83435196,"South-East Asia",1332421.83435196,68.6997367752796,"Bangladesh"
"59","16705992B95243043657125",1,2654255.33913874,"South-East Asia",2654255.33913874,59.3600745375055,"Bangladesh"
"60","16705992B99884694518333",1,1636237.34391569,"South-East Asia",1636237.34391569,52.2152103805997,"Bangladesh"
"61","17275852B11168745431905",1,330532.278531484,"Western Pacific",330532.278531484,2.97892048070207,"China"
"62","17275852B12443275471591",1,808791.439574992,"Western Pacific",808791.439574992,6.31155987841339,"China"
"63","17275852B13001476141541",1,651648.228388359,"Western Pacific",651648.228388359,4.39512961083528,"China"
"64","17275852B13333769593378",1,472347.426291633,"Western Pacific",472347.426291633,3.4274492834229,"China"
"65","17275852B1408079528399",1,1898978.22481197,"Western Pacific",1898978.22481197,8.57957143893327,"China"
"66","17275852B14220584679784",1,931413.616005148,"Western Pacific",931413.616005148,1.50556541699916,"China"
"67","17275852B15995572811192",1,312197.010772054,"Western Pacific",312197.010772054,0.517114816990215,"China"
"68","17275852B16105050053503",1,1818676.27250252,"Western Pacific",1818676.27250252,2.20118644331524,"China"
"69","17275852B16521843045020",1,1597695.41872632,"Western Pacific",1597695.41872632,2.85919219845846,"China"
"70","17275852B19798754149723",1,768834.154988217,"Western Pacific",768834.154988217,2.06167811760679,"China"
"71","17275852B19868960828514",1,839022.992057702,"Western Pacific",839022.992057702,2.47579597410913,"China"
"72","17275852B2295538790743",1,1482428.0655233,"Western Pacific",1482428.0655233,11.9661162336124,"China"
"73","17275852B23391188567726",1,2169734.1631411,"Western Pacific",2169734.1631411,9.33057523096068,"China"
"74","17275852B24439099777247",1,701245.063907832,"Western Pacific",701245.063907832,3.37275978713296,"China"
"75","17275852B24445486288332",2,310629.767762118,"Western Pacific",621259.535524236,2.78799960942706,"China"
"76","17275852B24844793518389",1,900758.661931575,"Western Pacific",900758.661931575,4.84703605389223,"China"
"77","17275852B26184442721162",1,1751765.96828647,"Western Pacific",1751765.96828647,5.63280601901351,"China"
"78","17275852B28043359135044",1,3617873.36144362,"Western Pacific",3617873.36144362,18.4786725931481,"China"
"79","17275852B29365851049062",1,1255081.27168942,"Western Pacific",1255081.27168942,15.4283556900918,"China"
"80","17275852B30975390905787",1,112347.772844457,"Western Pacific",112347.772844457,8.10659021139145,"China"
"81","17275852B34420574294401",1,352764.030741127,"Western Pacific",352764.030741127,6.21982308532461,"China"
"82","17275852B37590867813392",1,475806.945105721,"Western Pacific",475806.945105721,11.7834780664998,"China"
"83","17275852B37857453943231",1,261289.250224457,"Western Pacific",261289.250224457,4.32391030417784,"China"
"84","17275852B38709981190197",2,264305.391009587,"Western Pacific",528610.782019174,7.85601517980467,"China"
"85","17275852B3879764169207",1,1749556.3138595,"Western Pacific",1749556.3138595,2.53954284405336,"China"
"86","17275852B38939963469829",2,1135751.05176509,"Western Pacific",2271502.10353018,1.48969366017263,"China"
"87","17275852B39380894050966",1,1892038.56412984,"Western Pacific",1892038.56412984,1.74744446761906,"China"
"88","17275852B40414648244388",1,415735.933029916,"Western Pacific",415735.933029916,4.18587970982662,"China"
"89","17275852B40934974334003",1,1154581.93621436,"Western Pacific",1154581.93621436,4.35726881674782,"China"
"90","17275852B41190306193582",2,601310.945051127,"Western Pacific",1202621.89010225,1.66992102351651,"China"
"91","17275852B42230140857746",1,456423.225440601,"Western Pacific",456423.225440601,1.64790749014355,"China"
"92","17275852B42279115337630",1,2034818.56215047,"Western Pacific",2034818.56215047,14.0714948076056,"China"
"93","17275852B42599245130625",2,660293.352243194,"Western Pacific",1320586.70448639,1.72229504585266,"China"
"94","17275852B43707425356039",1,876955.739074787,"Western Pacific",876955.739074787,6.98498090515204,"China"
"95","17275852B46208020456835",1,480565.430549591,"Western Pacific",480565.430549591,2.26122390944511,"China"
"96","17275852B46978756476047",1,217396.97799237,"Western Pacific",217396.97799237,2.34314512455603,"China"
"97","17275852B47214038820512",1,1231374.51712387,"Western Pacific",1231374.51712387,4.91270886928476,"China"
"98","17275852B49260746635311",1,584576.639543668,"Western Pacific",584576.639543668,11.4683926107245,"China"
"99","17275852B50034294804845",1,1481844.63281612,"Western Pacific",1481844.63281612,2.74846191000142,"China"
"100","17275852B52033797991024",1,158919.436561652,"Western Pacific",158919.436561652,0.451076028868556,"China"
"101","17275852B53008264931106",2,202949.104916218,"Western Pacific",405898.209832436,6.97558874543756,"China"
"102","17275852B53025585862768",2,212877.937361331,"Western Pacific",425755.874722662,8.3696987144649,"China"
"103","17275852B59261423659404",1,642740.813364471,"Western Pacific",642740.813364471,3.33600272277545,"China"
"104","17275852B59692497706789",1,1391417.6202254,"Western Pacific",1391417.6202254,7.79627544328105,"China"
"105","17275852B60010150977543",1,2977455.34776075,"Western Pacific",2977455.34776075,16.1348636994435,"China"
"106","17275852B60568982990722",1,913921.61995218,"Western Pacific",913921.61995218,3.64638733639731,"China"
"107","17275852B60612190497835",1,717933.005728042,"Western Pacific",717933.005728042,2.85469757509418,"China"
"108","17275852B62298947029961",1,1049000.91312533,"Western Pacific",1049000.91312533,4.365801581298,"China"
"109","17275852B62674344705560",1,1515203.49244414,"Western Pacific",1515203.49244414,12.4861950870254,"China"
"110","17275852B63077243364371",1,872760.756251447,"Western Pacific",872760.756251447,5.07569152803626,"China"
"111","17275852B69233894766016",1,1128529.05046961,"Western Pacific",1128529.05046961,3.59952104918193,"China"
"112","17275852B70320302334749",2,149708.650280888,"Western Pacific",299417.300561776,8.1306297654055,"China"
"113","17275852B71635948673445",2,555322.554892961,"Western Pacific",1110645.10978592,9.48875842977503,"China"
"114","17275852B72819681774342",1,330695.179567909,"Western Pacific",330695.179567909,8.45657519245287,"China"
"115","17275852B75086699702795",1,1015797.43457255,"Western Pacific",1015797.43457255,15.3010845071767,"China"
"116","17275852B78973254528560",1,610963.574422968,"Western Pacific",610963.574422968,2.08799239807081,"China"
"117","17275852B7979903099841",2,469731.845220705,"Western Pacific",939463.69044141,1.20393110712394,"China"
"118","17275852B82537963815987",1,1394277.68204726,"Western Pacific",1394277.68204726,5.67482265592662,"China"
"119","17275852B82708605205805",1,17495090.8226125,"Western Pacific",17495090.8226125,13.2858138680022,"China"
"120","17275852B82960244806798",2,230670.52036072,"Western Pacific",461341.04072144,1.53654608121724,"China"
"121","17275852B8306530590796",2,222164.776144089,"Western Pacific",444329.552288178,0.493024113588035,"China"
"122","17275852B85583949591367",1,291998.564445905,"Western Pacific",291998.564445905,14.1183936446196,"China"
"123","17275852B86000242921086",1,819352.78663454,"Western Pacific",819352.78663454,17.0144008494444,"China"
"124","17275852B86431238150342",2,768622.902405038,"Western Pacific",1537245.80481008,4.70860705010273,"China"
"125","17275852B87114256965843",1,910606.383526992,"Western Pacific",910606.383526992,8.97487305710092,"China"
"126","17275852B87782309196497",2,510765.183036963,"Western Pacific",1021530.36607393,2.7346643066212,"China"
"127","17275852B87965925400106",1,97165.020637501,"Western Pacific",97165.020637501,9.20962360361591,"China"
"128","17275852B88042861362346",2,209197.450904499,"Western Pacific",418394.901808998,4.56924378570693,"China"
"129","17275852B88564558630562",1,188364.458474842,"Western Pacific",188364.458474842,0.00423199337092228,"China"
"130","17275852B89468905887192",1,1158937.95735787,"Western Pacific",1158937.95735787,5.60242252110038,"China"
"131","17275852B90429058486395",1,1064768.3472854,"Western Pacific",1064768.3472854,1.86664439024753,"China"
"132","17275852B90470795224142",1,1100366.79231345,"Western Pacific",1100366.79231345,0.160064229974523,"China"
"133","17275852B91399175623236",1,55281.2583011912,"Western Pacific",55281.2583011912,8.95153693854809,"China"
"134","17275852B92675490846952",1,248112.650679185,"Western Pacific",248112.650679185,4.98325591254979,"China"
"135","17275852B93743910489906",1,393999.575326793,"Western Pacific",393999.575326793,3.83672054568888,"China"
"136","17275852B97102685179742",1,1019082.33886718,"Western Pacific",1019082.33886718,8.28410741873085,"China"
"137","17275852B97964298438185",1,838014.146976112,"Western Pacific",838014.146976112,4.99470431078225,"China"
"138","17275852B98852550499473",1,36663.9736535981,"Western Pacific",36663.9736535981,6.75786596536636,"China"
"139","17275852B98891327369808",2,354669.220999541,"Western Pacific",709338.441999082,2.22779620339861,"China"
"140","22064153B10136144710667",1,306461.966882522,"Western Pacific",306461.966882522,2.87628241237105,"Japan"
"141","22064153B10198647455889",1,10134.3520420706,"Western Pacific",10134.3520420706,47.2028809719442,"Japan"
"142","22064153B10464594987148",1,59885.8607016073,"Western Pacific",59885.8607016073,32.6654241825995,"Japan"
"143","22064153B10472046376966",1,21713.2132259424,"Western Pacific",21713.2132259424,31.4366512916503,"Japan"
"144","22064153B10522198578948",1,5671.38970002413,"Western Pacific",5671.38970002413,25.6835636026492,"Japan"
"145","22064153B1052554637005",1,171565.772044068,"Western Pacific",171565.772044068,10.8705467090415,"Japan"
"146","22064153B11384904576552",1,134049.630954149,"Western Pacific",134049.630954149,18.3987269572403,"Japan"
"147","22064153B11731771091880",1,27165.0981908303,"Western Pacific",27165.0981908303,26.0492139331071,"Japan"
"148","22064153B11798302769414",1,15658.585032176,"Western Pacific",15658.585032176,41.3817616066965,"Japan"
"149","22064153B11870363925687",1,7557.05841469229,"Western Pacific",7557.05841469229,35.0963796009557,"Japan"
"150","22064153B12172811493606",1,5880.61898299927,"Western Pacific",5880.61898299927,25.8975958726518,"Japan"
"151","22064153B12905305574663",1,17511.4507708061,"Western Pacific",17511.4507708061,38.1547513436099,"Japan"
"152","22064153B12979096179166",1,48079.9263101054,"Western Pacific",48079.9263101054,36.0456412048994,"Japan"
"153","22064153B1320154413470",2,12071.8132748157,"Western Pacific",24143.6265496314,38.6847241248138,"Japan"
"154","22064153B13215881329963",2,6674.18164890333,"Western Pacific",13348.3632978067,40.6736694247857,"Japan"
"155","22064153B13415196919485",1,22962.3056059249,"Western Pacific",22962.3056059249,31.789052630419,"Japan"
"156","22064153B13433087472373",1,40274.6050990631,"Western Pacific",40274.6050990631,43.4311860446438,"Japan"
"157","22064153B13529558542609",1,252443.997140083,"Western Pacific",252443.997140083,21.186180889344,"Japan"
"158","22064153B13708684658213",1,20726.089735735,"Western Pacific",20726.089735735,36.4923974386637,"Japan"
"159","22064153B13786864628755",1,30546.0303127383,"Western Pacific",30546.0303127383,33.5265035452543,"Japan"
"160","22064153B14136631633740",1,33407.7033146807,"Western Pacific",33407.7033146807,30.0976406209131,"Japan"
"161","22064153B14146834260947",1,37859.5621067927,"Western Pacific",37859.5621067927,38.3329667647116,"Japan"
"162","22064153B1430516965980",1,28082.8439018295,"Western Pacific",28082.8439018295,43.4688898064169,"Japan"
"163","22064153B15248099417356",1,1554.21594912378,"Western Pacific",1554.21594912378,30.9151886225977,"Japan"
"164","22064153B15321782044758",1,1561.18353258848,"Western Pacific",1561.18353258848,57.4767151942117,"Japan"
"165","22064153B15346425233004",1,48958.9698755047,"Western Pacific",48958.9698755047,29.2563283236556,"Japan"
"166","22064153B15557239492888",1,18984.0008903912,"Western Pacific",18984.0008903912,30.9446279987363,"Japan"
"167","22064153B15714680533513",1,143665.637321083,"Western Pacific",143665.637321083,12.5369861247437,"Japan"
"168","22064153B15735563052201",1,3725.2680847439,"Western Pacific",3725.2680847439,47.3681770387337,"Japan"
"169","22064153B16264764307082",1,102436.317890018,"Western Pacific",102436.317890018,31.2218884380987,"Japan"
"170","22064153B16301749391427",1,107325.995030698,"Western Pacific",107325.995030698,19.331435537791,"Japan"
"171","22064153B16387988868573",1,48446.5678808996,"Western Pacific",48446.5678808996,31.0635293110476,"Japan"
"172","22064153B16459031557594",1,832056.075622428,"Western Pacific",832056.075622428,9.58704981098741,"Japan"
"173","22064153B16472104191688",1,10138.8513950979,"Western Pacific",10138.8513950979,34.5703183255073,"Japan"
"174","22064153B16569113596510",1,5092.35788792195,"Western Pacific",5092.35788792195,31.211073254477,"Japan"
"175","22064153B17092575420538",1,42418.0361872422,"Western Pacific",42418.0361872422,4.91103712591956,"Japan"
"176","22064153B17150931610065",1,95318.4808004198,"Western Pacific",95318.4808004198,1.52177234268131,"Japan"
"177","22064153B17402484703457",1,5927.99041760516,"Western Pacific",5927.99041760516,33.304144711538,"Japan"
"178","22064153B17594552103117",1,60130.9318254906,"Western Pacific",60130.9318254906,10.5396476776894,"Japan"
"179","22064153B17622592602982",1,5206.88869297037,"Western Pacific",5206.88869297037,35.2466089600382,"Japan"
"180","22064153B17932497232001",1,69646.3422381822,"Western Pacific",69646.3422381822,23.6341742407018,"Japan"
"181","22064153B18037782605293",1,45765.3203780704,"Western Pacific",45765.3203780704,31.54926194978,"Japan"
"182","22064153B18197472399049",1,277646.498766311,"Western Pacific",277646.498766311,12.7496210471332,"Japan"
"183","22064153B18374709515284",1,51242.022059184,"Western Pacific",51242.022059184,15.8924867663634,"Japan"
"184","22064153B18443780619579",1,12528.9153628553,"Western Pacific",12528.9153628553,32.145003647704,"Japan"
"185","22064153B18510229019860",1,5831.4585036925,"Western Pacific",5831.4585036925,36.6353877968999,"Japan"
"186","22064153B1875178256639",1,9314.92204057701,"Western Pacific",9314.92204057701,19.5759944156208,"Japan"
"187","22064153B18822058190622",1,6505.39575059506,"Western Pacific",6505.39575059506,34.1818635184628,"Japan"
"188","22064153B18872085958488",1,9633.75616182069,"Western Pacific",9633.75616182069,31.247227779865,"Japan"
"189","22064153B18932707643422",1,10614.1542605913,"Western Pacific",10614.1542605913,46.2794169480277,"Japan"
"190","22064153B18981391951778",1,11278.0216718018,"Western Pacific",11278.0216718018,21.8851628652153,"Japan"
"191","22064153B19125244688726",1,404573.751712072,"Western Pacific",404573.751712072,20.2887912029055,"Japan"
"192","22064153B19332172900276",1,54493.7307880983,"Western Pacific",54493.7307880983,29.6315743541988,"Japan"
"193","22064153B19404158136768",1,11251.8513874954,"Western Pacific",11251.8513874954,43.6525036526505,"Japan"
"194","22064153B20086130003796",1,94321.5355690992,"Western Pacific",94321.5355690992,22.9312970726789,"Japan"
"195","22064153B20439234355907",1,46514.698873793,"Western Pacific",46514.698873793,30.6794337210299,"Japan"
"196","22064153B20891786308722",1,32536.8660006061,"Western Pacific",32536.8660006061,40.8862690103639,"Japan"
"197","22064153B20986912902018",1,64006.2096335724,"Western Pacific",64006.2096335724,8.19867908968204,"Japan"
"198","22064153B21018855363784",1,2684.63846964802,"Western Pacific",2684.63846964802,28.9505808010039,"Japan"
"199","22064153B21038809643944",1,12142.9000226933,"Western Pacific",12142.9000226933,23.7488516625539,"Japan"
"200","22064153B21150807088610",1,40870.7762537215,"Western Pacific",40870.7762537215,32.604834740432,"Japan"
"201","22064153B21224542742547",1,20081.0781141683,"Western Pacific",20081.0781141683,17.9745425377656,"Japan"
"202","22064153B2132252923317",1,21743.3494596257,"Western Pacific",21743.3494596257,33.9500344647413,"Japan"
"203","22064153B21463927954199",1,74851.1992290188,"Western Pacific",74851.1992290188,25.6205556104091,"Japan"
"204","22064153B21529335846532",1,7650.19207505696,"Western Pacific",7650.19207505696,45.5258519979486,"Japan"
"205","22064153B21781575553931",1,79121.8166349027,"Western Pacific",79121.8166349027,20.9229946764591,"Japan"
"206","22064153B21914755064517",1,38917.6725118394,"Western Pacific",38917.6725118394,38.6504594460516,"Japan"
"207","22064153B2210274470223",1,9507.0893648771,"Western Pacific",9507.0893648771,45.1295072832902,"Japan"
"208","22064153B22404901625877",1,44277.1251791753,"Western Pacific",44277.1251791753,33.352713021544,"Japan"
"209","22064153B22863459733327",1,42357.5619004343,"Western Pacific",42357.5619004343,20.6282179385441,"Japan"
"210","22064153B2319717856826",1,12117.5464920192,"Western Pacific",12117.5464920192,41.0815222527027,"Japan"
"211","22064153B23384477642602",1,16989.1079666318,"Western Pacific",16989.1079666318,24.6334207935765,"Japan"
"212","22064153B23593154045809",1,36317.4957492529,"Western Pacific",36317.4957492529,12.5369493907451,"Japan"
"213","22064153B23846455241552",1,117268.993442996,"Western Pacific",117268.993442996,37.1284741989513,"Japan"
"214","22064153B23879423585908",1,17705.7598120053,"Western Pacific",17705.7598120053,8.36316887396256,"Japan"
"215","22064153B24090934315492",1,4399.89949814184,"Western Pacific",4399.89949814184,49.6283063832651,"Japan"
"216","22064153B24235604109925",1,54751.963227689,"Western Pacific",54751.963227689,19.3647380822931,"Japan"
"217","22064153B24782157370501",1,61569.5742075567,"Western Pacific",61569.5742075567,28.8314700702346,"Japan"
"218","22064153B25042190901764",1,553037.380523651,"Western Pacific",553037.380523651,22.2518763992627,"Japan"
"219","22064153B25274509403754",1,128718.126151179,"Western Pacific",128718.126151179,26.9731150498194,"Japan"
"220","22064153B25569633235651",1,97994.5029098217,"Western Pacific",97994.5029098217,10.7630904427217,"Japan"
"221","22064153B26033089234228",1,163950.091741904,"Western Pacific",163950.091741904,20.025711492178,"Japan"
"222","22064153B26379129013913",1,401698.76952253,"Western Pacific",401698.76952253,3.72042210173733,"Japan"
"223","22064153B26595791524723",1,169057.247016783,"Western Pacific",169057.247016783,23.1526993305507,"Japan"
"224","22064153B26672672151559",1,4796.44231802664,"Western Pacific",4796.44231802664,50.263485422687,"Japan"
"225","22064153B27005462697609",1,62324.8625528352,"Western Pacific",62324.8625528352,27.6123893257786,"Japan"
"226","22064153B2722132887235",1,5918.1050890181,"Western Pacific",5918.1050890181,48.3346401122953,"Japan"
"227","22064153B27631691114886",1,11064.162747763,"Western Pacific",11064.162747763,35.3077341669251,"Japan"
"228","22064153B27637415608592",1,7423.54492767682,"Western Pacific",7423.54492767682,47.3719695820848,"Japan"
"229","22064153B27870068763569",1,14151.0763887553,"Western Pacific",14151.0763887553,37.2256226386953,"Japan"
"230","22064153B28097279144094",1,166826.782439988,"Western Pacific",166826.782439988,33.0224391902268,"Japan"
"231","22064153B28200881155358",1,13411.823150134,"Western Pacific",13411.823150134,30.9306574213721,"Japan"
"232","22064153B28331596269752",1,190200.351095661,"Western Pacific",190200.351095661,25.8076783499416,"Japan"
"233","22064153B28508352708384",1,58795.0672529547,"Western Pacific",58795.0672529547,18.701096026472,"Japan"
"234","22064153B28595577519901",1,27422.623763937,"Western Pacific",27422.623763937,36.9105791119363,"Japan"
"235","22064153B2860073541487",1,6564.0095070004,"Western Pacific",6564.0095070004,27.0072727600519,"Japan"
"236","22064153B28866553828376",1,168063.82693012,"Western Pacific",168063.82693012,19.8574705535945,"Japan"
"237","22064153B29022768014976",1,27812.4511632307,"Western Pacific",27812.4511632307,32.1561761267766,"Japan"
"238","22064153B29148027628767",1,36223.1532034367,"Western Pacific",36223.1532034367,30.1747521006194,"Japan"
"239","22064153B29173837278044",1,31675.8007353762,"Western Pacific",31675.8007353762,30.4090847931352,"Japan"
"240","22064153B29179737200672",1,48407.7639127553,"Western Pacific",48407.7639127553,23.3217161110036,"Japan"
"241","22064153B29893282242980",1,10679.336110294,"Western Pacific",10679.336110294,40.9104896971807,"Japan"
"242","22064153B30086215465497",1,66235.1514473206,"Western Pacific",66235.1514473206,17.6223775974525,"Japan"
"243","22064153B30432270495602",1,23241.2375942298,"Western Pacific",23241.2375942298,30.0928172437811,"Japan"
"244","22064153B30545680019922",1,3312.17873826532,"Western Pacific",3312.17873826532,42.0508736450771,"Japan"
"245","22064153B3059978894084",1,9764.857287327,"Western Pacific",9764.857287327,33.9428307015396,"Japan"
"246","22064153B30625233243143",1,35625.3566281021,"Western Pacific",35625.3566281021,27.4770201781069,"Japan"
"247","22064153B31019964907182",1,27950.3754587663,"Western Pacific",27950.3754587663,24.6429117552664,"Japan"
"248","22064153B31214056666647",1,39314.7459035117,"Western Pacific",39314.7459035117,41.6969447729075,"Japan"
"249","22064153B31542603161121",1,22519.8291617476,"Western Pacific",22519.8291617476,31.984855610046,"Japan"
"250","22064153B31740709740482",1,2661.33021589772,"Western Pacific",2661.33021589772,47.1321762539167,"Japan"
"251","22064153B32144271118289",1,5501.88521749808,"Western Pacific",5501.88521749808,37.2125589620899,"Japan"
"252","22064153B32275043868234",1,13186.1713696588,"Western Pacific",13186.1713696588,21.1121365354125,"Japan"
"253","22064153B32431944472623",1,1525.16314733778,"Western Pacific",1525.16314733778,47.2748600355718,"Japan"
"254","22064153B32453256362792",1,11174.1616462293,"Western Pacific",11174.1616462293,42.198157651524,"Japan"
"255","22064153B32661608825034",1,533009.487339217,"Western Pacific",533009.487339217,4.72549586053369,"Japan"
"256","22064153B32663760346389",1,67576.3933129375,"Western Pacific",67576.3933129375,27.7315956679331,"Japan"
"257","22064153B32748472503600",1,5128.33292837777,"Western Pacific",5128.33292837777,30.9767780854843,"Japan"
"258","22064153B32879665089708",1,19952.8024857089,"Western Pacific",19952.8024857089,36.4537093085619,"Japan"
"259","22064153B33141511613521",1,16537.8125203621,"Western Pacific",16537.8125203621,49.5803597625699,"Japan"
"260","22064153B33206929848815",1,6448.22169424354,"Western Pacific",6448.22169424354,54.8341742003868,"Japan"
"261","22064153B33436919021908",1,39714.0104244639,"Western Pacific",39714.0104244639,7.35350341120247,"Japan"
"262","22064153B33692548967608",1,55995.1171323316,"Western Pacific",55995.1171323316,20.7005754431112,"Japan"
"263","22064153B34040936998184",1,33625.1684955641,"Western Pacific",33625.1684955641,20.2867077974471,"Japan"
"264","22064153B3414994926035",1,16044.2009879038,"Western Pacific",16044.2009879038,4.09248799822655,"Japan"
"265","22064153B34173315549622",1,21004.5742204473,"Western Pacific",21004.5742204473,27.4915684418296,"Japan"
"266","22064153B34289782846164",1,447410.174810557,"Western Pacific",447410.174810557,14.5282634839252,"Japan"
"267","22064153B34391741921391",1,36958.6083879862,"Western Pacific",36958.6083879862,8.81056425095811,"Japan"
"268","22064153B34645070246824",1,132597.254917889,"Western Pacific",132597.254917889,20.596519009707,"Japan"
"269","22064153B34841335570745",1,103605.017384955,"Western Pacific",103605.017384955,35.4178545133087,"Japan"
"270","22064153B34851227738598",1,25206.6174931393,"Western Pacific",25206.6174931393,32.3435840488216,"Japan"
"271","22064153B35070439080278",1,15655.4531978062,"Western Pacific",15655.4531978062,37.2321786755416,"Japan"
"272","22064153B35296121445435",1,52258.5163650831,"Western Pacific",52258.5163650831,22.695839528895,"Japan"
"273","22064153B35477366306356",1,10917.7710233181,"Western Pacific",10917.7710233181,36.559716652279,"Japan"
"274","22064153B35633292127249",1,48840.3840485121,"Western Pacific",48840.3840485121,27.2587736756826,"Japan"
"275","22064153B35820151330939",1,6876.73971098224,"Western Pacific",6876.73971098224,35.1228514071791,"Japan"
"276","22064153B36411435837789",1,722104.09221408,"Western Pacific",722104.09221408,18.5426719969153,"Japan"
"277","22064153B36820241418054",1,35977.2544071623,"Western Pacific",35977.2544071623,32.9859039454404,"Japan"
"278","22064153B36918905914331",1,9287.56845409237,"Western Pacific",9287.56845409237,45.3955863869045,"Japan"
"279","22064153B37300460169028",1,31378.5055442125,"Western Pacific",31378.5055442125,32.2997100142689,"Japan"
"280","22064153B37535549153017",1,6495.54739591528,"Western Pacific",6495.54739591528,47.0186014964206,"Japan"
"281","22064153B37981872501912",1,31941.5536349564,"Western Pacific",31941.5536349564,33.438229459393,"Japan"
"282","22064153B3805543078066",1,429461.169102413,"Western Pacific",429461.169102413,12.1357628835893,"Japan"
"283","22064153B38263245523496",1,53927.1424948088,"Western Pacific",53927.1424948088,25.428026536179,"Japan"
"284","22064153B38511485001637",1,87439.5187073436,"Western Pacific",87439.5187073436,26.2563617148377,"Japan"
"285","22064153B38516205558719",1,11500.2029418679,"Western Pacific",11500.2029418679,26.8999267195019,"Japan"
"286","22064153B38567420312382",1,2461.80506153941,"Western Pacific",2461.80506153941,43.1447080292584,"Japan"
"287","22064153B38748946116024",1,7887.46186283457,"Western Pacific",7887.46186283457,28.3771994317283,"Japan"
"288","22064153B39171502191048",1,12052.6554951381,"Western Pacific",12052.6554951381,36.8134229789847,"Japan"
"289","22064153B39214075995861",1,121231.514691494,"Western Pacific",121231.514691494,37.8373631375622,"Japan"
"290","22064153B39270708607806",1,656655.429853781,"Western Pacific",656655.429853781,2.25062391805839,"Japan"
"291","22064153B39757169885153",1,30262.4311545129,"Western Pacific",30262.4311545129,38.4568335948368,"Japan"
"292","22064153B39921881538290",1,80692.4933953669,"Western Pacific",80692.4933953669,16.0817288677367,"Japan"
"293","22064153B40136139146839",1,36240.6234981575,"Western Pacific",36240.6234981575,37.7849516826657,"Japan"
"294","22064153B40278985513053",1,8453.77890232654,"Western Pacific",8453.77890232654,24.9272700868546,"Japan"
"295","22064153B40478377839978",1,18114.9514490846,"Western Pacific",18114.9514490846,38.0393344903523,"Japan"
"296","22064153B40501348045878",1,181162.476311616,"Western Pacific",181162.476311616,5.30145968998835,"Japan"
"297","22064153B40828352777432",1,24245.6888830728,"Western Pacific",24245.6888830728,32.1037552851637,"Japan"
"298","22064153B41154522842822",1,6121.82154055171,"Western Pacific",6121.82154055171,40.6282988549696,"Japan"
"299","22064153B41514672574111",1,19514.768441793,"Western Pacific",19514.768441793,38.656738453513,"Japan"
"300","22064153B417111065512",1,53584.0724491192,"Western Pacific",53584.0724491192,30.1651382957059,"Japan"
"301","22064153B4211596098450",1,73066.310532092,"Western Pacific",73066.310532092,1.74991770030218,"Japan"
"302","22064153B42280137563605",1,56304.9945718733,"Western Pacific",56304.9945718733,33.9395746226164,"Japan"
"303","22064153B42694196636738",1,90798.9919822741,"Western Pacific",90798.9919822741,32.7361475718671,"Japan"
"304","22064153B42900229299916",1,116768.830844416,"Western Pacific",116768.830844416,20.4691326301217,"Japan"
"305","22064153B43125554844951",1,32697.4257444986,"Western Pacific",32697.4257444986,35.8094638873297,"Japan"
"306","22064153B43185436543368",1,102527.788238752,"Western Pacific",102527.788238752,16.8459552334769,"Japan"
"307","22064153B43898079170437",1,235494.796135199,"Western Pacific",235494.796135199,20.5434261318098,"Japan"
"308","22064153B43979450317974",1,42041.1553550168,"Western Pacific",42041.1553550168,20.2880695735677,"Japan"
"309","22064153B43988911271418",1,398154.247355842,"Western Pacific",398154.247355842,7.92556959932724,"Japan"
"310","22064153B44123473908200",1,80492.8388253314,"Western Pacific",80492.8388253314,27.0975345966857,"Japan"
"311","22064153B44141300014270",1,11994.1859231047,"Western Pacific",11994.1859231047,32.97032569925,"Japan"
"312","22064153B44542304217365",1,121512.628526161,"Western Pacific",121512.628526161,30.0307360571133,"Japan"
"313","22064153B44560660851170",1,20049.4840040078,"Western Pacific",20049.4840040078,30.0474411024798,"Japan"
"314","22064153B44882212732018",1,14458.3578370459,"Western Pacific",14458.3578370459,30.5206441515355,"Japan"
"315","22064153B44963787773880",1,381922.97801924,"Western Pacific",381922.97801924,26.8763704153772,"Japan"
"316","22064153B45091365620199",1,25726.979677885,"Western Pacific",25726.979677885,18.3670548848217,"Japan"
"317","22064153B45188135537989",1,8193.75753257294,"Western Pacific",8193.75753257294,46.3269869959136,"Japan"
"318","22064153B4519570067417",1,27570.7859127895,"Western Pacific",27570.7859127895,41.8301445589763,"Japan"
"319","22064153B45248140164067",1,43479.2774694719,"Western Pacific",43479.2774694719,25.990470676004,"Japan"
"320","22064153B45322323594402",1,61033.8070692115,"Western Pacific",61033.8070692115,19.9621394111996,"Japan"
"321","22064153B45421969822613",1,34415.716728414,"Western Pacific",34415.716728414,31.9381632440033,"Japan"
"322","22064153B46077925963614",1,3969365.24606086,"Western Pacific",3969365.24606086,4.97169235840551,"Japan"
"323","22064153B46179239075141",1,242939.572946793,"Western Pacific",242939.572946793,23.267332820405,"Japan"
"324","22064153B46600625049869",1,81743.1563114898,"Western Pacific",81743.1563114898,26.8886248631801,"Japan"
"325","22064153B46764438077406",1,34513.9457708403,"Western Pacific",34513.9457708403,27.091168719813,"Japan"
"326","22064153B47088094291136",1,36539.3169096936,"Western Pacific",36539.3169096936,43.040197864872,"Japan"
"327","22064153B47141697781340",1,68736.6570025644,"Western Pacific",68736.6570025644,31.2228430366838,"Japan"
"328","22064153B48078065447549",1,39355.1093281853,"Western Pacific",39355.1093281853,7.06163559277398,"Japan"
"329","22064153B48122018052032",1,2144.95168514886,"Western Pacific",2144.95168514886,45.8676457948082,"Japan"
"330","22064153B48596792634391",1,6489.78777674268,"Western Pacific",6489.78777674268,34.2390570992431,"Japan"
"331","22064153B48657370827340",1,20790.601737426,"Western Pacific",20790.601737426,29.9676313891127,"Japan"
"332","22064153B48721476653165",1,36258.701317889,"Western Pacific",36258.701317889,25.8304813262521,"Japan"
"333","22064153B48912941109892",1,6203.75810614957,"Western Pacific",6203.75810614957,47.9123424895386,"Japan"
"334","22064153B4914866611049",1,33411.5624396432,"Western Pacific",33411.5624396432,37.9110168863371,"Japan"
"335","22064153B49253931002117",1,15914.4310514548,"Western Pacific",15914.4310514548,24.831320130789,"Japan"
"336","22064153B49276333720668",1,268.459258313291,"Western Pacific",268.459258313291,42.1577253789408,"Japan"
"337","22064153B49277227172137",1,76258.4401500704,"Western Pacific",76258.4401500704,29.3769586062945,"Japan"
"338","22064153B49312445085348",1,102888.891067589,"Western Pacific",102888.891067589,6.44615159738332,"Japan"
"339","22064153B49815970658587",1,1666.99213855238,"Western Pacific",1666.99213855238,33.6439239136978,"Japan"
"340","22064153B50130441477952",1,19009.0940069587,"Western Pacific",19009.0940069587,35.303168774346,"Japan"
"341","22064153B51289193141424",1,10627.2039138456,"Western Pacific",10627.2039138456,23.0671933979098,"Japan"
"342","22064153B51420190401517",2,1789.22205162597,"Western Pacific",3578.44410325194,26.7039061832253,"Japan"
"343","22064153B51627476063203",1,175118.664240025,"Western Pacific",175118.664240025,2.59712034514682,"Japan"
"344","22064153B51662529993673",1,3939.38240216776,"Western Pacific",3939.38240216776,26.8094515985693,"Japan"
"345","22064153B51668010168839",1,300538.323618767,"Western Pacific",300538.323618767,18.5983084755145,"Japan"
"346","22064153B51825841674851",1,10922.582331793,"Western Pacific",10922.582331793,34.689405345976,"Japan"
"347","22064153B51861353705431",1,119871.115917394,"Western Pacific",119871.115917394,19.5513489367595,"Japan"
"348","22064153B52241055716439",1,55055.5991863896,"Western Pacific",55055.5991863896,34.751972073,"Japan"
"349","22064153B52291408422766",1,10187.8910764714,"Western Pacific",10187.8910764714,25.6340212027252,"Japan"
"350","22064153B5267804533831",1,10990.6731452201,"Western Pacific",10990.6731452201,37.9351102309329,"Japan"
"351","22064153B52801339035563",1,146346.996759255,"Western Pacific",146346.996759255,30.0537852051158,"Japan"
"352","22064153B52868042497281",1,101660.973001799,"Western Pacific",101660.973001799,20.5735567067117,"Japan"
"353","22064153B52887999669387",1,331013.930813692,"Western Pacific",331013.930813692,2.47972635933704,"Japan"
"354","22064153B52911851929609",1,113141.006731676,"Western Pacific",113141.006731676,2.21169802173051,"Japan"
"355","22064153B5295337142210",1,95922.0622365966,"Western Pacific",95922.0622365966,35.0831432681419,"Japan"
"356","22064153B53244281721356",1,282017.704526174,"Western Pacific",282017.704526174,2.73775795766074,"Japan"
"357","22064153B53353386763224",1,556176.974052786,"Western Pacific",556176.974052786,3.05129037806704,"Japan"
"358","22064153B53393989117079",1,5303.13177161571,"Western Pacific",5303.13177161571,41.954744500384,"Japan"
"359","22064153B53598611305764",1,38611.4453135588,"Western Pacific",38611.4453135588,23.5642438213788,"Japan"
"360","22064153B53816838639023",1,56833.568970403,"Western Pacific",56833.568970403,36.7570805365829,"Japan"
"361","22064153B54500770580391",1,77710.7132662139,"Western Pacific",77710.7132662139,22.2071127400661,"Japan"
"362","22064153B54573279257236",1,10677.3999243557,"Western Pacific",10677.3999243557,25.6095686756125,"Japan"
"363","22064153B55014741833430",1,8807.77822921741,"Western Pacific",8807.77822921741,37.5605399229274,"Japan"
"364","22064153B5531323380958",1,1470909.22853747,"Western Pacific",1470909.22853747,6.60068083114484,"Japan"
"365","22064153B55493173352162",1,16374.0294773864,"Western Pacific",16374.0294773864,39.5330274866045,"Japan"
"366","22064153B55610752939403",1,8604.90123145116,"Western Pacific",8604.90123145116,40.1976127913693,"Japan"
"367","22064153B55930097994120",1,75676.0213830965,"Western Pacific",75676.0213830965,32.7562111301021,"Japan"
"368","22064153B55931345507884",1,85220.7443146518,"Western Pacific",85220.7443146518,35.3967058167948,"Japan"
"369","22064153B55971315986708",1,4470.60738461216,"Western Pacific",4470.60738461216,41.0884868850001,"Japan"
"370","22064153B5606212103523",1,4436.89996700016,"Western Pacific",4436.89996700016,29.4103692537055,"Japan"
"371","22064153B56106555282703",1,119983.420234723,"Western Pacific",119983.420234723,27.8706297228684,"Japan"
"372","22064153B56360165329958",1,41670.3747949189,"Western Pacific",41670.3747949189,36.9423915046338,"Japan"
"373","22064153B56467377786107",1,10751.7881155993,"Western Pacific",10751.7881155993,42.3988308607556,"Japan"
"374","22064153B56572969434164",1,41874.0548805995,"Western Pacific",41874.0548805995,34.963319059536,"Japan"
"375","22064153B56938477027476",2,8772.11452268997,"Western Pacific",17544.2290453799,20.7425984425693,"Japan"
"376","22064153B57554253448105",1,1603.70933153933,"Western Pacific",1603.70933153933,46.5506300576774,"Japan"
"377","22064153B57698371148493",2,6322.18985796489,"Western Pacific",12644.3797159298,41.4677877804727,"Japan"
"378","22064153B57763514697313",1,27191.5380542837,"Western Pacific",27191.5380542837,41.2848383864259,"Japan"
"379","22064153B57896694451609",1,48938.5093701228,"Western Pacific",48938.5093701228,20.7508322296487,"Japan"
"380","22064153B58107938128822",1,72905.9007269266,"Western Pacific",72905.9007269266,26.0164826887682,"Japan"
"381","22064153B58156912777265",1,22907.8595726942,"Western Pacific",22907.8595726942,27.0989770230503,"Japan"
"382","22064153B58264224873440",1,11866.8130361803,"Western Pacific",11866.8130361803,43.9480426919498,"Japan"
"383","22064153B58604359229112",1,11545.6807497449,"Western Pacific",11545.6807497449,35.7439766555641,"Japan"
"384","22064153B58621167796121",1,31320.9524515508,"Western Pacific",31320.9524515508,31.6477390291893,"Japan"
"385","22064153B58757994168933",1,30050.4774583383,"Western Pacific",30050.4774583383,23.6704823858091,"Japan"
"386","22064153B58787616490408",1,23195.6610549249,"Western Pacific",23195.6610549249,43.0687229315278,"Japan"
"387","22064153B59005328689415",1,256474.185575882,"Western Pacific",256474.185575882,15.5482209883327,"Japan"
"388","22064153B59364023659403",1,21900.6450972793,"Western Pacific",21900.6450972793,30.5645799134346,"Japan"
"389","22064153B59487832348145",1,3091.92777104367,"Western Pacific",3091.92777104367,45.3273919013812,"Japan"
"390","22064153B59525909897938",1,17590.2309740488,"Western Pacific",17590.2309740488,34.9263576952397,"Japan"
"391","22064153B60195592260119",1,25357.9577364455,"Western Pacific",25357.9577364455,31.2980239078693,"Japan"
"392","22064153B60305206630690",1,104671.747722721,"Western Pacific",104671.747722721,17.2675501679268,"Japan"
"393","22064153B60802825525558",1,33192.9399865003,"Western Pacific",33192.9399865003,22.1696684377005,"Japan"
"394","22064153B60880441829581",1,13569.719490487,"Western Pacific",13569.719490487,45.0848150691244,"Japan"
"395","22064153B60931052346072",1,19711.5688679004,"Western Pacific",19711.5688679004,22.582695541876,"Japan"
"396","22064153B61048147512310",2,45271.7999662311,"Western Pacific",90543.5999324622,36.4234848554838,"Japan"
"397","22064153B61358356464849",1,27141.8263721528,"Western Pacific",27141.8263721528,37.0618396701388,"Japan"
"398","22064153B61399355999235",1,7039.0751494969,"Western Pacific",7039.0751494969,40.4842147142196,"Japan"
"399","22064153B61639073188138",1,23368.1130381781,"Western Pacific",23368.1130381781,27.8826343683003,"Japan"
"400","22064153B61853178733261",1,35379.8947525583,"Western Pacific",35379.8947525583,28.4910274737392,"Japan"
"401","22064153B61862032927901",1,51892.562427793,"Western Pacific",51892.562427793,32.8543277303388,"Japan"
"402","22064153B61865595964656",1,18803.266388036,"Western Pacific",18803.266388036,11.0298460550428,"Japan"
"403","22064153B62115102055201",1,27181.2505454439,"Western Pacific",27181.2505454439,20.4166589604004,"Japan"
"404","22064153B62287563607588",1,14862.1303466591,"Western Pacific",14862.1303466591,28.1851569647803,"Japan"
"405","22064153B62672077731580",1,24041.1398597599,"Western Pacific",24041.1398597599,8.82944071065846,"Japan"
"406","22064153B62820046776985",1,10537.6997940512,"Western Pacific",10537.6997940512,33.916782876743,"Japan"
"407","22064153B62822681138687",1,47194.4764284547,"Western Pacific",47194.4764284547,34.6532800299339,"Japan"
"408","22064153B63068612486986",1,20160.6175882404,"Western Pacific",20160.6175882404,37.710820179643,"Japan"
"409","22064153B63344692709050",1,219278.47225296,"Western Pacific",219278.47225296,12.704530769653,"Japan"
"410","22064153B6350784980137",1,690503.115900986,"Western Pacific",690503.115900986,3.87139900637338,"Japan"
"411","22064153B6370182060344",1,81509.0661234541,"Western Pacific",81509.0661234541,38.9415311395324,"Japan"
"412","22064153B63784741567602",1,48218.8692055059,"Western Pacific",48218.8692055059,33.0729922813186,"Japan"
"413","22064153B63840040249051",1,44248.3600132508,"Western Pacific",44248.3600132508,35.0634024925066,"Japan"
"414","22064153B64016815172570",1,974549.16090968,"Western Pacific",974549.16090968,14.4476260520221,"Japan"
"415","22064153B64118294616923",1,52199.9380376759,"Western Pacific",52199.9380376759,25.4737261902761,"Japan"
"416","22064153B6421292379130",1,67973.3476178436,"Western Pacific",67973.3476178436,27.1247273751629,"Japan"
"417","22064153B64219933693528",1,8416.41385799601,"Western Pacific",8416.41385799601,32.8580478976984,"Japan"
"418","22064153B64476610605868",1,119342.11438787,"Western Pacific",119342.11438787,11.3078855659764,"Japan"
"419","22064153B64891765792099",1,33226.5023968211,"Western Pacific",33226.5023968211,18.3871688927531,"Japan"
"420","22064153B64923077378299",1,50761.269832053,"Western Pacific",50761.269832053,25.0696116365636,"Japan"
"421","22064153B64946776552870",1,57275.9250606487,"Western Pacific",57275.9250606487,11.1707642484247,"Japan"
"422","22064153B64962111186487",1,84084.5070399368,"Western Pacific",84084.5070399368,37.4068959283426,"Japan"
"423","22064153B6517008589479",1,271158.43182437,"Western Pacific",271158.43182437,18.4664284379886,"Japan"
"424","22064153B65355185007631",1,1321.11646202508,"Western Pacific",1321.11646202508,46.7545768289248,"Japan"
"425","22064153B65490065262091",1,16377.0787162488,"Western Pacific",16377.0787162488,32.3531761196198,"Japan"
"426","22064153B65569101114722",1,4735.21524952289,"Western Pacific",4735.21524952289,51.3609744908868,"Japan"
"427","22064153B65726287039798",1,36390.8823417704,"Western Pacific",36390.8823417704,32.7572021667143,"Japan"
"428","22064153B65854996769111",1,28311.5413597077,"Western Pacific",28311.5413597077,24.9385989153623,"Japan"
"429","22064153B65962723522222",1,17432.5134326815,"Western Pacific",17432.5134326815,33.2516618942906,"Japan"
"430","22064153B66002224145568",1,50079.9769347179,"Western Pacific",50079.9769347179,20.901671097849,"Japan"
"431","22064153B66514919549994",1,72055.486044733,"Western Pacific",72055.486044733,27.664006334034,"Japan"
"432","22064153B66589189313940",1,38284.2440098724,"Western Pacific",38284.2440098724,24.3252254776655,"Japan"
"433","22064153B66933042170680",1,7293.91422198521,"Western Pacific",7293.91422198521,22.2258396124311,"Japan"
"434","22064153B67163681434847",1,433266.636473542,"Western Pacific",433266.636473542,5.80970929964161,"Japan"
"435","22064153B67459914812798",1,70752.3559551167,"Western Pacific",70752.3559551167,29.4115875273214,"Japan"
"436","22064153B67581321748824",1,39091.5658905243,"Western Pacific",39091.5658905243,36.7455654849545,"Japan"
"437","22064153B67853216853933",1,6755.54510203448,"Western Pacific",6755.54510203448,32.6337554782846,"Japan"
"438","22064153B68069187412847",1,24192.7518844669,"Western Pacific",24192.7518844669,30.6811040668288,"Japan"
"439","22064153B68363974409505",1,32563.4910934172,"Western Pacific",32563.4910934172,22.1737066505643,"Japan"
"440","22064153B68559217227558",1,60917.1054318386,"Western Pacific",60917.1054318386,23.0303968601731,"Japan"
"441","22064153B68679560851725",1,11383.2660375802,"Western Pacific",11383.2660375802,39.6698379444417,"Japan"
"442","22064153B68880016704101",1,25997.6682687145,"Western Pacific",25997.6682687145,26.0902893745815,"Japan"
"443","22064153B68898090587743",1,11932.5464816326,"Western Pacific",11932.5464816326,31.3892214768583,"Japan"
"444","22064153B6927791471577",1,121760.167612146,"Western Pacific",121760.167612146,14.777606673889,"Japan"
"445","22064153B69278152819157",1,35632.1832533105,"Western Pacific",35632.1832533105,22.3678009415694,"Japan"
"446","22064153B69435349130289",1,22054.5878732581,"Western Pacific",22054.5878732581,29.0903454188911,"Japan"
"447","22064153B69533754697672",1,68832.6228303468,"Western Pacific",68832.6228303468,10.5385574524456,"Japan"
"448","22064153B6965188213643",1,93770.6576861849,"Western Pacific",93770.6576861849,17.8864716162871,"Japan"
"449","22064153B69985190181734",1,80404.962369039,"Western Pacific",80404.962369039,38.9965780771956,"Japan"
"450","22064153B70283581599440",1,1175.60511319549,"Western Pacific",1175.60511319549,52.8686870352737,"Japan"
"451","22064153B70489840196790",1,10298.0348116921,"Western Pacific",10298.0348116921,38.4455056410269,"Japan"
"452","22064153B70816441618955",1,28606.4417312013,"Western Pacific",28606.4417312013,11.4624509681635,"Japan"
"453","22064153B71021754844770",1,37419.8279488332,"Western Pacific",37419.8279488332,20.2353979201156,"Japan"
"454","22064153B71166838437015",1,17578.8703602764,"Western Pacific",17578.8703602764,32.4159446527707,"Japan"
"455","22064153B71803232115030",1,47656.2091070281,"Western Pacific",47656.2091070281,34.6964476260703,"Japan"
"456","22064153B71828449311091",1,15584.1768347157,"Western Pacific",15584.1768347157,32.1558093845755,"Japan"
"457","22064153B72283298086503",1,15710.7099984158,"Western Pacific",15710.7099984158,37.2817771126469,"Japan"
"458","22064153B72338395356904",1,1238.15923972242,"Western Pacific",1238.15923972242,11.0396122915665,"Japan"
"459","22064153B72367314810159",1,46634.2883473285,"Western Pacific",46634.2883473285,32.1938715137382,"Japan"
"460","22064153B73079587251631",1,18580.4715844969,"Western Pacific",18580.4715844969,16.3231681777825,"Japan"
"461","22064153B73325412364778",1,233617.259971008,"Western Pacific",233617.259971008,5.61483731986475,"Japan"
"462","22064153B73558398041144",1,9551.73097240999,"Western Pacific",9551.73097240999,26.048837125068,"Japan"
"463","22064153B73781091699116",1,279576.459779139,"Western Pacific",279576.459779139,18.4892399115942,"Japan"
"464","22064153B74370220833750",2,7189.83848518112,"Western Pacific",14379.6769703622,41.918831309523,"Japan"
"465","22064153B74936950050526",1,9244.13147418799,"Western Pacific",9244.13147418799,29.6564379478886,"Japan"
"466","22064153B75208844196005",1,9368.6005554133,"Western Pacific",9368.6005554133,36.964634774222,"Japan"
"467","22064153B75284693112718",1,3891.23833227572,"Western Pacific",3891.23833227572,41.0614639357563,"Japan"
"468","22064153B75302360124634",1,4640.46925326267,"Western Pacific",4640.46925326267,42.3328662015188,"Japan"
"469","22064153B7544432194221",1,22783.9715586183,"Western Pacific",22783.9715586183,36.2736844164828,"Japan"
"470","22064153B75512617616301",1,18908.8255278248,"Western Pacific",18908.8255278248,42.0063827314446,"Japan"
"471","22064153B75651828357837",1,31442.8877529957,"Western Pacific",31442.8877529957,37.0848971943779,"Japan"
"472","22064153B75871799756298",1,28126.4856562386,"Western Pacific",28126.4856562386,37.140383690037,"Japan"
"473","22064153B75998677096436",1,10202.0471065173,"Western Pacific",10202.0471065173,37.2050546543452,"Japan"
"474","22064153B76164610245689",1,18218.9899146246,"Western Pacific",18218.9899146246,32.9797977498102,"Japan"
"475","22064153B76299833153547",1,48538.1261344134,"Western Pacific",48538.1261344134,20.5959373828124,"Japan"
"476","22064153B76547591544799",1,10453.6531898303,"Western Pacific",10453.6531898303,30.2853126751175,"Japan"
"477","22064153B76764932541801",1,3035.56147544583,"Western Pacific",3035.56147544583,59.7697055111896,"Japan"
"478","22064153B77103081434651",1,6684.36548187073,"Western Pacific",6684.36548187073,37.4605039939538,"Japan"
"479","22064153B77106068491412",1,350410.545854497,"Western Pacific",350410.545854497,1.95849136698273,"Japan"
"480","22064153B77183996290647",1,25481.6470004458,"Western Pacific",25481.6470004458,31.1185971148494,"Japan"
"481","22064153B77192546457633",1,15050.2239909037,"Western Pacific",15050.2239909037,27.1279154616939,"Japan"
"482","22064153B77224046457748",1,41345.893971265,"Western Pacific",41345.893971265,31.0322176124629,"Japan"
"483","22064153B77422596340227",1,68961.3763881822,"Western Pacific",68961.3763881822,18.362265754902,"Japan"
"484","22064153B7763811650899",1,95418.4417805587,"Western Pacific",95418.4417805587,23.0237147201293,"Japan"
"485","22064153B77677863466257",1,24359.8095032517,"Western Pacific",24359.8095032517,44.9653679226076,"Japan"
"486","22064153B77987793520078",1,3046.83409817527,"Western Pacific",3046.83409817527,49.4268524977108,"Japan"
"487","22064153B78228861031651",1,142213.744369613,"Western Pacific",142213.744369613,26.5869149398936,"Japan"
"488","22064153B78632499037431",1,76206.77055785,"Western Pacific",76206.77055785,30.6580797328166,"Japan"
"489","22064153B78682541824565",1,10108.7970941059,"Western Pacific",10108.7970941059,20.5766229826215,"Japan"
"490","22064153B78841847163237",1,8688.17631091904,"Western Pacific",8688.17631091904,30.3815773866986,"Japan"
"491","22064153B79045995074029",1,75555.9635467877,"Western Pacific",75555.9635467877,20.0751701183433,"Japan"
"492","22064153B79102680587304",1,18725.9968521225,"Western Pacific",18725.9968521225,39.8446690851535,"Japan"
"493","22064153B79178271585243",1,7911.6088276483,"Western Pacific",7911.6088276483,47.0956819434514,"Japan"
"494","22064153B79429110732098",1,44979.5756334739,"Western Pacific",44979.5756334739,37.7978394239237,"Japan"
"495","22064153B79571376643398",1,7430.98912524671,"Western Pacific",7430.98912524671,41.2844816473302,"Japan"
"496","22064153B79630920379478",1,63563.0565832826,"Western Pacific",63563.0565832826,25.1746720385888,"Japan"
"497","22064153B79836169988029",1,74132.5610007311,"Western Pacific",74132.5610007311,16.8998034747059,"Japan"
"498","22064153B79844191298444",1,20199.6521225793,"Western Pacific",20199.6521225793,28.6898400588077,"Japan"
"499","22064153B80068225568868",1,6325.04129991638,"Western Pacific",6325.04129991638,40.2089380400466,"Japan"
"500","22064153B80186148009906",1,14233.5487524268,"Western Pacific",14233.5487524268,41.6212685997577,"Japan"
"501","22064153B8024533352103",1,1566.64936040792,"Western Pacific",1566.64936040792,3.10174729867323,"Japan"
"502","22064153B8060646611549",1,26935.2147237688,"Western Pacific",26935.2147237688,39.5876669026657,"Japan"
"503","22064153B80640640435871",2,1296.769929421,"Western Pacific",2593.539858842,48.5131264324143,"Japan"
"504","22064153B80672932538290",1,43044.9709789724,"Western Pacific",43044.9709789724,22.8172282919904,"Japan"
"505","22064153B80804439158864",1,5971.13886218315,"Western Pacific",5971.13886218315,29.7154522395073,"Japan"
"506","22064153B80945575612703",1,9585.06921266267,"Western Pacific",9585.06921266267,27.6424233466255,"Japan"
"507","22064153B81263079942066",1,185687.057104985,"Western Pacific",185687.057104985,7.59583783344369,"Japan"
"508","22064153B81595625097237",1,16325.9232869834,"Western Pacific",16325.9232869834,30.7419645532908,"Japan"
"509","22064153B81712763029694",1,13860.3214730497,"Western Pacific",13860.3214730497,27.2040625293263,"Japan"
"510","22064153B82009101284809",1,167767.119629913,"Western Pacific",167767.119629913,2.46908556823665,"Japan"
"511","22064153B82042887470941",1,53419.0426381339,"Western Pacific",53419.0426381339,35.2644250684221,"Japan"
"512","22064153B82107167810847",1,45566.2641942535,"Western Pacific",45566.2641942535,29.4790199710553,"Japan"
"513","22064153B82157551102424",1,3636.95413107049,"Western Pacific",3636.95413107049,46.4872857783373,"Japan"
"514","22064153B82400996798627",1,8035.27812023584,"Western Pacific",8035.27812023584,18.2812073157661,"Japan"
"515","22064153B825337930111",1,41807.9225336126,"Western Pacific",41807.9225336126,32.4515865429916,"Japan"
"516","22064153B8255256814498",1,17537.2001381896,"Western Pacific",17537.2001381896,18.9758978076056,"Japan"
"517","22064153B82556228504312",1,56772.0801328993,"Western Pacific",56772.0801328993,13.5979897960604,"Japan"
"518","22064153B82678654202342",1,10647.9725783461,"Western Pacific",10647.9725783461,38.5485564114605,"Japan"
"519","22064153B82755239799290",1,3514.04328422226,"Western Pacific",3514.04328422226,47.0075081764173,"Japan"
"520","22064153B83131458706543",1,121898.382117384,"Western Pacific",121898.382117384,29.1630459892282,"Japan"
"521","22064153B83234888303578",1,55690.0716335529,"Western Pacific",55690.0716335529,13.3706782722564,"Japan"
"522","22064153B833454751178",1,3620.31054745263,"Western Pacific",3620.31054745263,24.6087657812384,"Japan"
"523","22064153B83500491832850",1,36613.983249645,"Western Pacific",36613.983249645,36.8554576432357,"Japan"
"524","22064153B8402988919720",1,24604.0812233513,"Western Pacific",24604.0812233513,25.807209684537,"Japan"
"525","22064153B84385819333701",1,14464.7523170174,"Western Pacific",14464.7523170174,39.7074718692911,"Japan"
"526","22064153B84501483471932",1,46770.8833490209,"Western Pacific",46770.8833490209,37.5500566631264,"Japan"
"527","22064153B84546796088042",1,17145.9847742445,"Western Pacific",17145.9847742445,37.1037669495077,"Japan"
"528","22064153B85044874694323",1,13245.3459812145,"Western Pacific",13245.3459812145,33.5933044566221,"Japan"
"529","22064153B85586917882840",1,16338.1224019608,"Western Pacific",16338.1224019608,25.6109414190006,"Japan"
"530","22064153B8564356760578",1,28586.1717745228,"Western Pacific",28586.1717745228,17.3939155068483,"Japan"
"531","22064153B85680479871483",1,31853.5690858135,"Western Pacific",31853.5690858135,37.8794762651565,"Japan"
"532","22064153B85881258684971",1,4678.90096426245,"Western Pacific",4678.90096426245,24.8027952348441,"Japan"
"533","22064153B86120410024942",1,2062.42583231367,"Western Pacific",2062.42583231367,46.2609601987905,"Japan"
"534","22064153B86152706636527",1,16388.7581563812,"Western Pacific",16388.7581563812,31.438633555649,"Japan"
"535","22064153B86498088606166",1,7436.67696886634,"Western Pacific",7436.67696886634,14.7078152692144,"Japan"
"536","22064153B86521976602525",1,56957.8551081025,"Western Pacific",56957.8551081025,19.2824412545622,"Japan"
"537","22064153B8666349443712",1,46753.1484728687,"Western Pacific",46753.1484728687,39.2767540522391,"Japan"
"538","22064153B86856131608768",1,104090.104590156,"Western Pacific",104090.104590156,6.236195988547,"Japan"
"539","22064153B87137159672256",1,14023.467165082,"Western Pacific",14023.467165082,28.1604655389965,"Japan"
"540","22064153B87212941126642",1,28212.4958075404,"Western Pacific",28212.4958075404,27.2486275643624,"Japan"
"541","22064153B87267410101558",1,44976.236436678,"Western Pacific",44976.236436678,39.0026458804232,"Japan"
"542","22064153B87296692178554",1,136116.774821712,"Western Pacific",136116.774821712,17.3116081025211,"Japan"
"543","22064153B87439490450561",1,25794.2473222577,"Western Pacific",25794.2473222577,28.9228166186623,"Japan"
"544","22064153B87695161266591",1,13072.1753189458,"Western Pacific",13072.1753189458,40.4604441042299,"Japan"
"545","22064153B87793948617144",1,13411.9325113221,"Western Pacific",13411.9325113221,28.420792432122,"Japan"
"546","22064153B87911292599012",1,63203.2477250984,"Western Pacific",63203.2477250984,14.8987354755479,"Japan"
"547","22064153B87980745802810",1,17070.5057396105,"Western Pacific",17070.5057396105,23.2747161561476,"Japan"
"548","22064153B8813975202654",1,1228.26177811263,"Western Pacific",1228.26177811263,55.9839020157266,"Japan"
"549","22064153B88328488927062",1,39746.833853886,"Western Pacific",39746.833853886,30.7045365802596,"Japan"
"550","22064153B88729606439601",1,33500.6290348821,"Western Pacific",33500.6290348821,25.9869524714955,"Japan"
"551","22064153B88862899919648",1,139115.310982313,"Western Pacific",139115.310982313,22.7723069640413,"Japan"
"552","22064153B89149578572225",1,178900.609822977,"Western Pacific",178900.609822977,9.06698139078328,"Japan"
"553","22064153B89218276356736",2,5923.79874152218,"Western Pacific",11847.5974830444,45.4313816731307,"Japan"
"554","22064153B89642323235755",1,12424.4858046833,"Western Pacific",12424.4858046833,21.7662143501697,"Japan"
"555","22064153B9051879540232",1,41390.7733472997,"Western Pacific",41390.7733472997,30.9148901143629,"Japan"
"556","22064153B90768154691941",1,1450614.7392799,"Western Pacific",1450614.7392799,3.50301734340902,"Japan"
"557","22064153B9080529541811",1,59957.5802311832,"Western Pacific",59957.5802311832,34.4805113563218,"Japan"
"558","22064153B90991559137685",1,28434.8743690599,"Western Pacific",28434.8743690599,32.2897768449004,"Japan"
"559","22064153B91785979325065",1,68288.5346660129,"Western Pacific",68288.5346660129,27.183821173923,"Japan"
"560","22064153B92054695753215",1,5828.70996877353,"Western Pacific",5828.70996877353,16.6998104737177,"Japan"
"561","22064153B92456215586434",1,5677.74903296069,"Western Pacific",5677.74903296069,47.9216708681924,"Japan"
"562","22064153B92521276992791",1,26493.8087018593,"Western Pacific",26493.8087018593,31.3633097674516,"Japan"
"563","22064153B92728866184375",1,21187.7270372433,"Western Pacific",21187.7270372433,28.5547964483481,"Japan"
"564","22064153B92754256682750",1,36434.6414281278,"Western Pacific",36434.6414281278,38.4922265691626,"Japan"
"565","22064153B92948543202040",1,16851.1690022814,"Western Pacific",16851.1690022814,27.3926198700372,"Japan"
"566","22064153B93520564600239",1,17327.4090701034,"Western Pacific",17327.4090701034,21.0453777149981,"Japan"
"567","22064153B93521388220713",1,26478.9828895718,"Western Pacific",26478.9828895718,40.2878399999309,"Japan"
"568","22064153B93544053912338",1,40479.524640126,"Western Pacific",40479.524640126,15.1588832264813,"Japan"
"569","22064153B93596873224412",1,9357.28707774838,"Western Pacific",9357.28707774838,43.5129670742141,"Japan"
"570","22064153B93672474053317",1,83438.2477738442,"Western Pacific",83438.2477738442,29.6706692839944,"Japan"
"571","22064153B93831812640775",1,28427.1176350854,"Western Pacific",28427.1176350854,41.1556643523446,"Japan"
"572","22064153B94045297720108",1,17638.6320785457,"Western Pacific",17638.6320785457,37.3327932025075,"Japan"
"573","22064153B94127780812190",1,136922.746763922,"Western Pacific",136922.746763922,22.6583122104919,"Japan"
"574","22064153B94231126253819",1,14821.7742799789,"Western Pacific",14821.7742799789,14.044069345759,"Japan"
"575","22064153B94546008893",1,2543.03013365737,"Western Pacific",2543.03013365737,49.5197968821048,"Japan"
"576","22064153B9474359651692",1,279575.479981129,"Western Pacific",279575.479981129,2.29456544147752,"Japan"
"577","22064153B94990135039499",1,16270.6358996099,"Western Pacific",16270.6358996099,41.3593554451681,"Japan"
"578","22064153B94993011750115",1,20522.3100324289,"Western Pacific",20522.3100324289,38.6160284397384,"Japan"
"579","22064153B95466714598134",1,2627.8341649862,"Western Pacific",2627.8341649862,44.8296993973083,"Japan"
"580","22064153B95476251404862",1,17858.8985460705,"Western Pacific",17858.8985460705,30.4358213905645,"Japan"
"581","22064153B95702189282228",1,16037.1131917793,"Western Pacific",16037.1131917793,33.784689235955,"Japan"
"582","22064153B95834507403925",1,24104.8580557205,"Western Pacific",24104.8580557205,33.3235922115437,"Japan"
"583","22064153B95884811797842",1,9547.06682072286,"Western Pacific",9547.06682072286,32.853401353885,"Japan"
"584","22064153B96257795624750",1,17603.6566167792,"Western Pacific",17603.6566167792,39.2862825992068,"Japan"
"585","22064153B96374809115220",1,89271.8460709926,"Western Pacific",89271.8460709926,15.5217525729231,"Japan"
"586","22064153B96659477590424",1,72535.288102837,"Western Pacific",72535.288102837,28.6079015396299,"Japan"
"587","22064153B96832433526360",1,38006.1263449835,"Western Pacific",38006.1263449835,24.6321594898153,"Japan"
"588","22064153B96898003018692",1,29623.9330093101,"Western Pacific",29623.9330093101,29.8997111611856,"Japan"
"589","22064153B97344910702567",1,15320.2149378305,"Western Pacific",15320.2149378305,17.3611288353261,"Japan"
"590","22064153B97624241092160",1,18211.0636240533,"Western Pacific",18211.0636240533,38.32386957022,"Japan"
"591","22064153B9766515498802",1,11523.6270674243,"Western Pacific",11523.6270674243,30.3814371206682,"Japan"
"592","22064153B97971723277655",1,46388.2790173319,"Western Pacific",46388.2790173319,6.67015324271866,"Japan"
"593","22064153B98016387406431",1,57076.4298691807,"Western Pacific",57076.4298691807,14.8601200337751,"Japan"
"594","22064153B98068681997593",1,33313.0609809039,"Western Pacific",33313.0609809039,38.6906154247479,"Japan"
"595","22064153B98138334835392",1,9325.74769083542,"Western Pacific",9325.74769083542,16.7184122271975,"Japan"
"596","22064153B98286353198048",1,21215.8440758569,"Western Pacific",21215.8440758569,42.2030599483026,"Japan"
"597","22064153B98951544817880",1,54685.366831008,"Western Pacific",54685.366831008,25.5277556304776,"Japan"
"598","22064153B99919647628025",1,470391.375555017,"Western Pacific",470391.375555017,4.15900496871266,"Japan"
"599","22272344B40586354952803",1,71031.1949710269,"Americas",71031.1949710269,21.0096334461795,"Trinidad and Tobago"
"600","25037944B10597176528862",1,12618.5024957758,"Western Pacific",12618.5024957758,25.4327076045302,"Australia"
"601","25037944B14025919363288",1,1092.37903998691,"Western Pacific",1092.37903998691,35.5016757482663,"Australia"
"602","25037944B36323732446250",1,2368.70693012711,"Western Pacific",2368.70693012711,5.79406742472202,"Australia"
"603","25037944B37268575436611",1,903.219955406347,"Western Pacific",903.219955406347,40.4366668835282,"Australia"
"604","25037944B62712341328684",1,836.315803784754,"Western Pacific",836.315803784754,35.317327131168,"Australia"
"605","25037944B77283019061987",1,17682.1705967627,"Western Pacific",17682.1705967627,13.3424993925146,"Australia"
"606","25037944B81088097646541",1,1808.40616909201,"Western Pacific",1808.40616909201,28.7107761515072,"Australia"
"607","25037944B93557893838922",1,201001.917201394,"Western Pacific",201001.917201394,22.7276631558553,"Australia"
"608","25037944B95382354250521",1,1185.74684299291,"Western Pacific",1185.74684299291,57.958040714977,"Australia"
"609","2640588B11276327116073",1,3211870.62446237,"Western Pacific",3211870.62446237,15.1446947250958,"Philippines"
"610","2640588B11393510524278",5,259981.650223304,"Western Pacific",1299908.25111652,60.7993062046193,"Philippines"
"611","2640588B12869096786612",1,5044166.57870788,"Western Pacific",5044166.57870788,15.1791766956437,"Philippines"
"612","2640588B14186532473464",1,307586.743233449,"Western Pacific",307586.743233449,57.0987203293633,"Philippines"
"613","2640588B20595662599865",1,2828362.99428368,"Western Pacific",2828362.99428368,41.0477320580744,"Philippines"
"614","2640588B20861121251971",1,3327225.02408226,"Western Pacific",3327225.02408226,13.7144987099635,"Philippines"
"615","2640588B22535822566030",5,288948.402168683,"Western Pacific",1444742.01084342,59.3075435512668,"Philippines"
"616","2640588B23864872837062",2,19624.6673333612,"Western Pacific",39249.3346667224,52.5415825420554,"Philippines"
"617","2640588B24165862747597",4,145715.540025043,"Western Pacific",582862.160100172,61.3043758250784,"Philippines"
"618","2640588B2684850326122",4,233156.789423591,"Western Pacific",932627.157694364,63.9397224062221,"Philippines"
"619","2640588B29584406601254",1,3658981.08780022,"Western Pacific",3658981.08780022,29.4931380080415,"Philippines"
"620","2640588B33083527354868",5,1387655.55953998,"Western Pacific",6938277.7976999,52.480034017085,"Philippines"
"621","2640588B36229801410553",2,525000.430574618,"Western Pacific",1050000.86114924,61.3148669282049,"Philippines"
"622","2640588B36383122170471",1,227011.076046531,"Western Pacific",227011.076046531,64.5566476674372,"Philippines"
"623","2640588B36426397400836",1,3292614.57637901,"Western Pacific",3292614.57637901,25.4625423175438,"Philippines"
"624","2640588B43067672764099",1,3869531.75686769,"Western Pacific",3869531.75686769,22.5179249361327,"Philippines"
"625","2640588B43628149657030",2,3332974.56320323,"Western Pacific",6665949.12640646,51.1119051117683,"Philippines"
"626","2640588B45258001695711",4,664876.388765131,"Western Pacific",2659505.55506052,54.7159949936583,"Philippines"
"627","2640588B46982966730152",1,2474412.80101397,"Western Pacific",2474412.80101397,51.620002480104,"Philippines"
"628","2640588B49362051778248",2,944981.548809761,"Western Pacific",1889963.09761952,46.3879004143069,"Philippines"
"629","2640588B50881283310688",2,838390.922681722,"Western Pacific",1676781.84536344,52.6562059723066,"Philippines"
"630","2640588B52568839586340",4,1912971.81864713,"Western Pacific",7651887.27458852,56.8142990402438,"Philippines"
"631","2640588B57655195310467",1,2386755.29974264,"Western Pacific",2386755.29974264,57.094016259855,"Philippines"
"632","2640588B63294043497895",1,2941258.33921647,"Western Pacific",2941258.33921647,41.9816262934878,"Philippines"
"633","2640588B64856500371355",1,2451774.12947483,"Western Pacific",2451774.12947483,48.5009758043735,"Philippines"
"634","2640588B65314213268917",1,1581118.934017,"Western Pacific",1581118.934017,14.1186128812332,"Philippines"
"635","2640588B69318666079956",4,769192.759928669,"Western Pacific",3076771.03971468,53.0591413109014,"Philippines"
"636","2640588B69436428808540",4,182381.052683315,"Western Pacific",729524.21073326,62.9770359361923,"Philippines"
"637","2640588B70472166839855",1,3506161.05361473,"Western Pacific",3506161.05361473,34.9869568582244,"Philippines"
"638","2640588B74898440822212",2,683264.39499713,"Western Pacific",1366528.78999426,51.009831333804,"Philippines"
"639","2640588B80128813909947",1,1396855.38130595,"Western Pacific",1396855.38130595,49.5131425744284,"Philippines"
"640","2640588B8238689001419",1,874349.551477223,"Western Pacific",874349.551477223,55.082515081436,"Philippines"
"641","2640588B82697045094820",1,1426572.36873234,"Western Pacific",1426572.36873234,52.17611541778,"Philippines"
"642","2640588B82822310999177",3,279335.133512407,"Western Pacific",838005.400537221,48.9143430355961,"Philippines"
"643","2640588B89959078713723",1,675665.209818928,"Western Pacific",675665.209818928,49.7178733194739,"Philippines"
"644","2640588B94420346402626",3,234160.353439919,"Western Pacific",702481.060319757,63.7489564295711,"Philippines"
"645","27666195B37116409669852",1,6039.13533319212,"Americas",6039.13533319212,44.1090719741691,"Honduras"
"646","27666195B63359869130293",1,7303.05559380703,"Americas",7303.05559380703,35.3624709770434,"Honduras"
"647","27666195B79832367470433",1,13490.0307918596,"Americas",13490.0307918596,69.9517318696286,"Honduras"
"648","27666195B83736805727119",1,12285.5502970515,"Americas",12285.5502970515,35.0208465061588,"Honduras"
"649","29444166B19195541270637",1,604320.227012548,"Europe",604320.227012548,27.4417446932691,"France"
"650","29444166B23450851942643",1,348502.486700933,"Europe",348502.486700933,37.0610660200101,"France"
"651","29444166B3130633303914",1,374767.802135128,"Europe",374767.802135128,39.2074581898767,"France"
"652","29444166B49073830062787",1,327545.503071166,"Europe",327545.503071166,40.0526795132252,"France"
"653","29444166B54615812601715",1,220224.765196428,"Europe",220224.765196428,37.0108572293143,"France"
"654","29444166B59009150054618",1,308951.629861563,"Europe",308951.629861563,26.3429207480436,"France"
"655","29444166B72910508035207",1,645652.506595204,"Europe",645652.506595204,39.1628315543538,"France"
"656","29444166B76955339583295",1,681257.55923762,"Europe",681257.55923762,24.5397700738525,"France"
"657","29444166B84862613094844",1,700738.193063127,"Europe",700738.193063127,37.108993564021,"France"
"658","29444166B9446677840281",1,338334.14620667,"Europe",338334.14620667,34.0902625180142,"France"
"659","29444166B96315142170190",1,433328.070704606,"Europe",433328.070704606,33.4884804386725,"France"
"660","29444166B99899011218746",1,296850.220679798,"Europe",296850.220679798,27.2008909774275,"France"
"661","35162164B10073394870765",2,1366.36285826214,"Americas",2732.72571652428,59.5346307279991,"Jamaica"
"662","35162164B10269713734613",1,325.079260129873,"Americas",325.079260129873,55.2645732781322,"Jamaica"
"663","35162164B103369510017",1,653.359783435967,"Americas",653.359783435967,63.3598161160973,"Jamaica"
"664","35162164B10401266625964",1,400.073087431639,"Americas",400.073087431639,62.738330612049,"Jamaica"
"665","35162164B10440863111199",1,18422.936500589,"Americas",18422.936500589,30.2206301067733,"Jamaica"
"666","35162164B10462811723711",2,10701.005865683,"Americas",21402.011731366,33.5558914005268,"Jamaica"
"667","35162164B10475764562507",2,868.757356684804,"Americas",1737.51471336961,56.9532817875693,"Jamaica"
"668","35162164B10488528933377",1,256.255744984001,"Americas",256.255744984001,7.16551503850405,"Jamaica"
"669","35162164B10585117065466",1,2405.8751819025,"Americas",2405.8751819025,54.0497412413225,"Jamaica"
"670","35162164B10617562274251",2,670.558544062134,"Americas",1341.11708812427,55.600534815053,"Jamaica"
"671","35162164B10651246481512",2,1686.572244063,"Americas",3373.144488126,45.4769868544895,"Jamaica"
"672","35162164B10819971000444",1,1659.05238263179,"Americas",1659.05238263179,54.220488242264,"Jamaica"
"673","35162164B10830799365035",1,393.544067257754,"Americas",393.544067257754,37.172082757819,"Jamaica"
"674","35162164B10877240154643",1,3633.67362488955,"Americas",3633.67362488955,42.3805372332822,"Jamaica"
"675","35162164B10896570080574",2,1145.97994285282,"Americas",2291.95988570564,63.5120230975479,"Jamaica"
"676","35162164B11144501251238",2,1638.95772660166,"Americas",3277.91545320332,59.6428664296356,"Jamaica"
"677","35162164B11166913193037",2,672.457459842674,"Americas",1344.91491968535,35.5782709652632,"Jamaica"
"678","35162164B11505770337311",2,7833.3947397811,"Americas",15666.7894795622,46.9432926332436,"Jamaica"
"679","35162164B11517368414750",1,1879.41397591362,"Americas",1879.41397591362,66.4455485387895,"Jamaica"
"680","35162164B1168912161793",1,12935.087411979,"Americas",12935.087411979,40.7227852456721,"Jamaica"
"681","35162164B11758798186333",1,7613.25714646414,"Americas",7613.25714646414,23.5538363248989,"Jamaica"
"682","35162164B11946880099707",1,1445.75242472246,"Americas",1445.75242472246,27.4015403776907,"Jamaica"
"683","35162164B1222731303046",1,6418.51864180788,"Americas",6418.51864180788,37.8085037788523,"Jamaica"
"684","35162164B12544962881567",2,2306.19304564394,"Americas",4612.38609128788,64.7107376347811,"Jamaica"
"685","35162164B12647744596162",1,300.401488380432,"Americas",300.401488380432,43.4784771614275,"Jamaica"
"686","35162164B12761059225260",1,413.310054056458,"Americas",413.310054056458,15.7240623540142,"Jamaica"
"687","35162164B12787485199825",1,1210.02591772323,"Americas",1210.02591772323,56.7570350326385,"Jamaica"
"688","35162164B13018725482272",1,1258.6824283251,"Americas",1258.6824283251,61.4055022923744,"Jamaica"
"689","35162164B1306870441904",2,1214.71235789098,"Americas",2429.42471578196,54.7142252573412,"Jamaica"
"690","35162164B13080681802385",2,849.306193378642,"Americas",1698.61238675728,66.1438245430665,"Jamaica"
"691","35162164B13082338953427",1,13891.673861096,"Americas",13891.673861096,32.3330203988511,"Jamaica"
"692","35162164B130893387664",1,1128.07131857492,"Americas",1128.07131857492,65.8077142610189,"Jamaica"
"693","35162164B13098404592902",1,1366.93107922398,"Americas",1366.93107922398,59.9921024652776,"Jamaica"
"694","35162164B13121035531136",2,497.090259396061,"Americas",994.180518792122,56.766632830374,"Jamaica"
"695","35162164B13220887556117",1,1337.57622104853,"Americas",1337.57622104853,61.8026162356147,"Jamaica"
"696","35162164B13235352626667",1,579.629487224966,"Americas",579.629487224966,61.7693895179231,"Jamaica"
"697","35162164B13454318588319",1,1379.01668610752,"Americas",1379.01668610752,72.7752124266888,"Jamaica"
"698","35162164B13535955292285",1,1772.52144086175,"Americas",1772.52144086175,26.7035442527181,"Jamaica"
"699","35162164B13700806796370",1,404.073693221919,"Americas",404.073693221919,20.6745614522552,"Jamaica"
"700","35162164B13736079230506",1,9419.75311572811,"Americas",9419.75311572811,23.7418681729978,"Jamaica"
"701","35162164B13749762397036",1,2354.19024447851,"Americas",2354.19024447851,56.1518117278332,"Jamaica"
"702","35162164B13821553518661",1,2371.28094257511,"Americas",2371.28094257511,73.9826052981199,"Jamaica"
"703","35162164B14186353694037",1,1560.20544162087,"Americas",1560.20544162087,51.4267174391528,"Jamaica"
"704","35162164B14224251746015",1,621.651636223681,"Americas",621.651636223681,32.4479408330667,"Jamaica"
"705","35162164B14247469001779",1,622.121531817578,"Americas",622.121531817578,29.9601530003016,"Jamaica"
"706","35162164B1433837472990",2,2634.14205956452,"Americas",5268.28411912904,55.383945429992,"Jamaica"
"707","35162164B14493742439580",1,1728.19709074069,"Americas",1728.19709074069,51.9411836910165,"Jamaica"
"708","35162164B14520492938636",1,13677.4710166249,"Americas",13677.4710166249,21.0140188253017,"Jamaica"
"709","35162164B14631898826694",1,528.785083823912,"Americas",528.785083823912,53.3472890294352,"Jamaica"
"710","35162164B14656063603224",1,9665.60785227034,"Americas",9665.60785227034,33.535472973275,"Jamaica"
"711","35162164B14734200252425",1,1462.83076883096,"Americas",1462.83076883096,36.7896323554212,"Jamaica"
"712","35162164B14875369166050",1,1957.66982280523,"Americas",1957.66982280523,57.0986250060221,"Jamaica"
"713","35162164B15336588909365",1,158.281582084,"Americas",158.281582084,46.8624846229204,"Jamaica"
"714","35162164B15608303769076",1,3349.99969692156,"Americas",3349.99969692156,20.3346782556506,"Jamaica"
"715","35162164B15686644794557",2,424.714436780214,"Americas",849.428873560428,55.0473587436172,"Jamaica"
"716","35162164B15710553395599",1,5590.13261322856,"Americas",5590.13261322856,30.8603879095586,"Jamaica"
"717","35162164B15850560645002",2,1008.35535863377,"Americas",2016.71071726754,70.1073489630742,"Jamaica"
"718","35162164B16069825451569",1,1687.91224783506,"Americas",1687.91224783506,56.0014565033372,"Jamaica"
"719","35162164B16484391965954",1,3076.88342116997,"Americas",3076.88342116997,50.5866008217969,"Jamaica"
"720","35162164B16799942106005",1,5345.21928482056,"Americas",5345.21928482056,11.5864644028615,"Jamaica"
"721","35162164B1682453304038",2,1670.04371776678,"Americas",3340.08743553356,66.4039976733841,"Jamaica"
"722","35162164B16957839422128",1,615.128279010206,"Americas",615.128279010206,16.3882875650122,"Jamaica"
"723","35162164B17022445758631",1,762.06918581862,"Americas",762.06918581862,58.4053155234206,"Jamaica"
"724","35162164B1707900630918",1,3838.13193112604,"Americas",3838.13193112604,51.4958939539901,"Jamaica"
"725","35162164B17354137205830",1,3884.46231849214,"Americas",3884.46231849214,34.2129985238041,"Jamaica"
"726","35162164B17395280980108",1,554.909739399701,"Americas",554.909739399701,74.3261024095459,"Jamaica"
"727","35162164B17395603055172",1,2472.02732392575,"Americas",2472.02732392575,46.0482060970308,"Jamaica"
"728","35162164B17645323328375",1,2157.56653821891,"Americas",2157.56653821891,41.7082849869156,"Jamaica"
"729","35162164B18081939382744",1,1214.12359348992,"Americas",1214.12359348992,56.9017168128413,"Jamaica"
"730","35162164B18107329513145",1,2447.25047965886,"Americas",2447.25047965886,28.7467016521065,"Jamaica"
"731","35162164B182364481574",1,5220.45478287667,"Americas",5220.45478287667,15.5086084102466,"Jamaica"
"732","35162164B18289340712836",1,37.1167989642546,"Americas",37.1167989642546,39.7919326865671,"Jamaica"
"733","35162164B18462645016622",1,20470.4639034355,"Americas",20470.4639034355,27.2909643176222,"Jamaica"
"734","35162164B18672968966255",2,2096.05701735511,"Americas",4192.11403471022,49.1295659464127,"Jamaica"
"735","35162164B18988139724424",1,717.84039876312,"Americas",717.84039876312,60.0206748722021,"Jamaica"
"736","35162164B19002910433442",1,415.101083153933,"Americas",415.101083153933,35.8311815366087,"Jamaica"
"737","35162164B19134220719998",1,1460.67338830277,"Americas",1460.67338830277,46.8261094095248,"Jamaica"
"738","35162164B19135592413232",1,11329.4450896743,"Americas",11329.4450896743,26.8024146170169,"Jamaica"
"739","35162164B1914566735657",1,411.539061580636,"Americas",411.539061580636,36.6928269612778,"Jamaica"
"740","35162164B19220579289922",2,957.957513822634,"Americas",1915.91502764527,54.7666156076079,"Jamaica"
"741","35162164B19249083063273",1,13354.9095724593,"Americas",13354.9095724593,33.1372249606981,"Jamaica"
"742","35162164B19382405183666",1,8517.44941116333,"Americas",8517.44941116333,31.1124835221697,"Jamaica"
"743","35162164B19425469833230",1,408.941929961834,"Americas",408.941929961834,18.9001413087309,"Jamaica"
"744","35162164B19854739890686",1,24830.3713204783,"Americas",24830.3713204783,35.7244078522855,"Jamaica"
"745","35162164B19864553701402",1,2306.03750454873,"Americas",2306.03750454873,34.3729197166673,"Jamaica"
"746","35162164B20234037216973",2,289.812354598865,"Americas",579.62470919773,29.2973379170425,"Jamaica"
"747","35162164B20237498885834",1,1076.34790343437,"Americas",1076.34790343437,52.0405453002067,"Jamaica"
"748","35162164B2046013509646",2,1135.69979244765,"Americas",2271.3995848953,67.9625546395688,"Jamaica"
"749","35162164B20589291848800",1,691.87679391019,"Americas",691.87679391019,50.467422307448,"Jamaica"
"750","35162164B20665201677941",1,11086.8224485816,"Americas",11086.8224485816,32.7215649095083,"Jamaica"
"751","35162164B20700175666909",2,6406.67146685869,"Americas",12813.3429337174,51.8530255821531,"Jamaica"
"752","35162164B20735321288499",1,20414.5848402998,"Americas",20414.5848402998,17.9661548166522,"Jamaica"
"753","35162164B2079151775126",1,1529.83833727777,"Americas",1529.83833727777,65.8223104541306,"Jamaica"
"754","35162164B20802405808987",1,2329.56435392309,"Americas",2329.56435392309,61.9326118731258,"Jamaica"
"755","35162164B20853900805685",1,2172.99433167629,"Americas",2172.99433167629,9.47435607409228,"Jamaica"
"756","35162164B21011442617383",1,1324.97607492276,"Americas",1324.97607492276,52.3336218980198,"Jamaica"
"757","35162164B21667270736466",1,989.103691335619,"Americas",989.103691335619,44.0335510533745,"Jamaica"
"758","35162164B21733796859397",1,5707.30686142214,"Americas",5707.30686142214,47.2909290580652,"Jamaica"
"759","35162164B22116826076314",1,14656.0078370519,"Americas",14656.0078370519,39.5078076936244,"Jamaica"
"760","35162164B22388149113112",1,3198.88304267801,"Americas",3198.88304267801,50.3799395574445,"Jamaica"
"761","35162164B2242768806126",1,9592.80332404569,"Americas",9592.80332404569,32.7090486164232,"Jamaica"
"762","35162164B22512399474750",1,3400.69642753294,"Americas",3400.69642753294,63.2970219824707,"Jamaica"
"763","35162164B22514799027862",1,1121.29797348551,"Americas",1121.29797348551,56.5735666426586,"Jamaica"
"764","35162164B22597873563843",1,8440.97627319582,"Americas",8440.97627319582,34.0261674613795,"Jamaica"
"765","35162164B22602987441684",1,3387.38178986207,"Americas",3387.38178986207,21.5444579598511,"Jamaica"
"766","35162164B22687194999862",1,1879.92051680542,"Americas",1879.92051680542,47.1185706901483,"Jamaica"
"767","35162164B22901750711962",1,2318.10614788979,"Americas",2318.10614788979,56.1908063442693,"Jamaica"
"768","35162164B23239115370775",1,947.471511716694,"Americas",947.471511716694,54.0702684406021,"Jamaica"
"769","35162164B23239985864040",1,208.518909919709,"Americas",208.518909919709,83.7779391070464,"Jamaica"
"770","35162164B23385405996925",1,1206.72339556614,"Americas",1206.72339556614,64.4839010625916,"Jamaica"
"771","35162164B23409895494057",1,2175.43677851096,"Americas",2175.43677851096,60.5838916633336,"Jamaica"
"772","35162164B23546425595788",2,2912.98364812892,"Americas",5825.96729625784,45.0316873730387,"Jamaica"
"773","35162164B23618117428445",1,1023.52085594013,"Americas",1023.52085594013,60.8043029269868,"Jamaica"
"774","35162164B23669787713896",1,18144.0560021958,"Americas",18144.0560021958,29.3209185373874,"Jamaica"
"775","35162164B23827394250317",2,1486.8772131088,"Americas",2973.7544262176,63.365473350579,"Jamaica"
"776","35162164B23982900579398",2,1755.2966990963,"Americas",3510.5933981926,29.8628547808678,"Jamaica"
"777","35162164B2401593792892",1,207.424240643382,"Americas",207.424240643382,17.6627288909849,"Jamaica"
"778","35162164B241272526579",1,1861.27644802824,"Americas",1861.27644802824,57.6959850707371,"Jamaica"
"779","35162164B24217242873495",1,1176.24866406651,"Americas",1176.24866406651,17.0793276919661,"Jamaica"
"780","35162164B24828223630236",1,1403.05209276542,"Americas",1403.05209276542,47.2115031857118,"Jamaica"
"781","35162164B24977696654809",1,5499.46537045613,"Americas",5499.46537045613,18.0152338233527,"Jamaica"
"782","35162164B25229657984831",1,21511.7155510594,"Americas",21511.7155510594,41.4313619200784,"Jamaica"
"783","35162164B25602656335961",1,794.342416758612,"Americas",794.342416758612,57.94599559456,"Jamaica"
"784","35162164B25637967928692",1,1250.97546390887,"Americas",1250.97546390887,59.1941590383634,"Jamaica"
"785","35162164B25650133668867",1,187.535734553635,"Americas",187.535734553635,49.5837848816756,"Jamaica"
"786","35162164B25670326150951",2,1891.19162150189,"Americas",3782.38324300378,56.7391136184942,"Jamaica"
"787","35162164B25767436951669",1,1666.9420984995,"Americas",1666.9420984995,51.7943584851254,"Jamaica"
"788","35162164B25826046843734",1,9907.09833259009,"Americas",9907.09833259009,13.807606140771,"Jamaica"
"789","35162164B25865282512198",1,1264.15162671573,"Americas",1264.15162671573,8.66985770149058,"Jamaica"
"790","35162164B26172432571373",1,6141.85896433204,"Americas",6141.85896433204,28.809784343722,"Jamaica"
"791","35162164B26182668769136",1,888.824015828744,"Americas",888.824015828744,51.6534000818416,"Jamaica"
"792","35162164B26370017689795",1,1337.12716908015,"Americas",1337.12716908015,58.5791904089906,"Jamaica"
"793","35162164B26415064985128",1,2163.2259188737,"Americas",2163.2259188737,58.7552898012708,"Jamaica"
"794","35162164B26726208247039",2,1035.09418706056,"Americas",2070.18837412112,44.7788305572177,"Jamaica"
"795","35162164B26748692145835",1,350.270326410234,"Americas",350.270326410234,21.6787572321172,"Jamaica"
"796","35162164B26838097201620",1,9312.60124007448,"Americas",9312.60124007448,21.8092687708789,"Jamaica"
"797","35162164B26843037379141",1,2226.09672155345,"Americas",2226.09672155345,48.0985657490685,"Jamaica"
"798","35162164B26886781454226",1,1007.35589548321,"Americas",1007.35589548321,57.4964862061865,"Jamaica"
"799","35162164B27091090727362",2,4256.55326199312,"Americas",8513.10652398624,54.9232735147843,"Jamaica"
"800","35162164B27165980360946",1,822.534505565912,"Americas",822.534505565912,61.0854448848137,"Jamaica"
"801","35162164B27338061419730",1,8226.75944244705,"Americas",8226.75944244705,33.8725271692644,"Jamaica"
"802","35162164B27449427829131",1,869.390218674541,"Americas",869.390218674541,50.0071380795718,"Jamaica"
"803","35162164B27478954341503",2,1142.50032647178,"Americas",2285.00065294356,40.4353452844986,"Jamaica"
"804","35162164B27536144892403",1,2552.1524750261,"Americas",2552.1524750261,34.7313465017043,"Jamaica"
"805","35162164B2754916840566",1,254.061238272637,"Americas",254.061238272637,65.1998272029901,"Jamaica"
"806","35162164B27662620318918",1,896.174353284314,"Americas",896.174353284314,55.4992980981457,"Jamaica"
"807","35162164B2787680447386",1,1894.49958908409,"Americas",1894.49958908409,48.6210639765941,"Jamaica"
"808","35162164B27901886768337",1,4324.62270516222,"Americas",4324.62270516222,59.4607704572379,"Jamaica"
"809","35162164B28347629707850",2,624.993041951358,"Americas",1249.98608390272,49.1519832487557,"Jamaica"
"810","35162164B28437940927119",1,5893.26268627167,"Americas",5893.26268627167,25.7014174746673,"Jamaica"
"811","35162164B28497207695699",1,306.320874117464,"Americas",306.320874117464,67.7712463038362,"Jamaica"
"812","35162164B28796349408819",1,1676.49079342529,"Americas",1676.49079342529,58.980720521713,"Jamaica"
"813","35162164B28882572278634",2,373.42809127491,"Americas",746.85618254982,29.0658024399378,"Jamaica"
"814","35162164B29257726998169",1,3269.69234560534,"Americas",3269.69234560534,56.2779928857829,"Jamaica"
"815","35162164B29334565132125",1,1461.78623666681,"Americas",1461.78623666681,50.9807255219653,"Jamaica"
"816","35162164B2935679182415",1,3665.56689493433,"Americas",3665.56689493433,10.1908131519316,"Jamaica"
"817","35162164B2944080233928",1,10512.0725470114,"Americas",10512.0725470114,26.5123787325486,"Jamaica"
"818","35162164B29665566368909",1,3609.22308572261,"Americas",3609.22308572261,45.7516801921183,"Jamaica"
"819","35162164B29670244219059",1,0.858531442582607,"Americas",0.858531442582607,2.89098533563238,"Jamaica"
"820","35162164B29739570351422",1,5440.85424657822,"Americas",5440.85424657822,30.4378281450043,"Jamaica"
"821","35162164B29744490152199",2,823.049843270704,"Americas",1646.09968654141,50.36209023491,"Jamaica"
"822","35162164B29771918648995",1,750.902478901632,"Americas",750.902478901632,39.5119949914691,"Jamaica"
"823","35162164B29778711665887",1,19409.4439834635,"Americas",19409.4439834635,22.4129260740521,"Jamaica"
"824","35162164B29805961991353",2,1889.27203854367,"Americas",3778.54407708734,47.5280234637366,"Jamaica"
"825","35162164B29979050445990",1,10003.450240542,"Americas",10003.450240542,32.5292095967484,"Jamaica"
"826","35162164B30150096816100",1,16253.7738130732,"Americas",16253.7738130732,26.8772494986248,"Jamaica"
"827","35162164B30214649518021",1,1531.06328215469,"Americas",1531.06328215469,54.4228490334994,"Jamaica"
"828","35162164B30247748644856",2,598.414570879266,"Americas",1196.82914175853,41.2129392600723,"Jamaica"
"829","35162164B30305198666927",1,5756.3605844876,"Americas",5756.3605844876,43.3828613337522,"Jamaica"
"830","35162164B30310519653899",1,20815.56739151,"Americas",20815.56739151,26.4313859644579,"Jamaica"
"831","35162164B30603053665119",1,1779.86767992876,"Americas",1779.86767992876,45.3926664808342,"Jamaica"
"832","35162164B30621256255641",1,5011.09454724282,"Americas",5011.09454724282,25.9688340871104,"Jamaica"
"833","35162164B30744648886698",1,4436.21495915413,"Americas",4436.21495915413,10.471715017865,"Jamaica"
"834","35162164B30898640235885",1,355.781750857234,"Americas",355.781750857234,38.7349910834117,"Jamaica"
"835","35162164B30968954703154",1,4858.62324799135,"Americas",4858.62324799135,33.1646089236979,"Jamaica"
"836","35162164B31027952362552",1,6070.03155210774,"Americas",6070.03155210774,28.2616597892871,"Jamaica"
"837","35162164B31029299854574",1,424.594094879329,"Americas",424.594094879329,22.6835581169433,"Jamaica"
"838","35162164B31036277734293",1,4498.43431951463,"Americas",4498.43431951463,50.1721517885527,"Jamaica"
"839","35162164B31318535149924",1,154.468942575604,"Americas",154.468942575604,39.7321729953921,"Jamaica"
"840","35162164B31445567914923",1,11289.3880035114,"Americas",11289.3880035114,22.4175540177799,"Jamaica"
"841","35162164B31903053355242",1,6005.84146316528,"Americas",6005.84146316528,8.28506606838734,"Jamaica"
"842","35162164B31951026387591",2,1941.76663595196,"Americas",3883.53327190392,64.1706920184153,"Jamaica"
"843","35162164B32079497073653",1,935.103591550998,"Americas",935.103591550998,71.2578907427854,"Jamaica"
"844","35162164B3217186539387",1,603.246710373089,"Americas",603.246710373089,45.481909716609,"Jamaica"
"845","35162164B32207408635232",1,5411.16509414673,"Americas",5411.16509414673,18.2048930042675,"Jamaica"
"846","35162164B32476575049647",1,7571.88100816766,"Americas",7571.88100816766,59.2440777560162,"Jamaica"
"847","35162164B32503532025347",1,589.368252608627,"Americas",589.368252608627,36.0537777377825,"Jamaica"
"848","35162164B32511012519739",1,1521.51996203238,"Americas",1521.51996203238,28.6372730023861,"Jamaica"
"849","35162164B32586573829867",2,1072.34619175825,"Americas",2144.6923835165,20.4081274240618,"Jamaica"
"850","35162164B32603147707699",2,3207.55092780095,"Americas",6415.1018556019,67.2797859219145,"Jamaica"
"851","35162164B32881754588399",1,6911.5685340105,"Americas",6911.5685340105,46.4063657859728,"Jamaica"
"852","35162164B3291213961319",1,560.467283133417,"Americas",560.467283133417,48.2651650947897,"Jamaica"
"853","35162164B33008860234246",1,600.365743078142,"Americas",600.365743078142,35.6031674114768,"Jamaica"
"854","35162164B33097387261556",1,3119.52898289561,"Americas",3119.52898289561,39.7891463012976,"Jamaica"
"855","35162164B3312502369937",1,455.034051776603,"Americas",455.034051776603,60.8891569759098,"Jamaica"
"856","35162164B33177484318806",2,173.220332715809,"Americas",346.440665431618,37.6150012733618,"Jamaica"
"857","35162164B3327858582551",1,655.819263090193,"Americas",655.819263090193,61.77380992883,"Jamaica"
"858","35162164B33282887229490",2,640.090022892952,"Americas",1280.1800457859,26.0501743357838,"Jamaica"
"859","35162164B3332276953355",1,1027.25268542381,"Americas",1027.25268542381,40.793333230498,"Jamaica"
"860","35162164B33418122090766",1,938.74977410227,"Americas",938.74977410227,20.5415180653945,"Jamaica"
"861","35162164B33499420983824",1,1242.12024028597,"Americas",1242.12024028597,54.1120717695239,"Jamaica"
"862","35162164B34027282042904",1,693.785518349409,"Americas",693.785518349409,22.8087500928515,"Jamaica"
"863","35162164B34108970564975",1,4609.23639762998,"Americas",4609.23639762998,40.8264349710176,"Jamaica"
"864","35162164B3427671821915",1,820.875982741863,"Americas",820.875982741863,51.6996200701495,"Jamaica"
"865","35162164B34336796208513",1,1660.97553258691,"Americas",1660.97553258691,28.9792191012709,"Jamaica"
"866","35162164B34576871564652",2,534.17794004783,"Americas",1068.35588009566,70.0918285374641,"Jamaica"
"867","35162164B34736142106091",1,1175.35435196072,"Americas",1175.35435196072,71.2467748518261,"Jamaica"
"868","35162164B34799384969485",2,2085.14297478113,"Americas",4170.28594956226,57.665778604683,"Jamaica"
"869","35162164B34840260601186",1,19182.3014262637,"Americas",19182.3014262637,34.9469834695931,"Jamaica"
"870","35162164B34996558503734",1,76.9949460415542,"Americas",76.9949460415542,60.3829475741861,"Jamaica"
"871","35162164B3499900463051",1,462.071870050412,"Americas",462.071870050412,39.9148944214132,"Jamaica"
"872","35162164B35015702019735",1,1364.90518665278,"Americas",1364.90518665278,21.7466394541777,"Jamaica"
"873","35162164B35054322137295",1,1993.72355420582,"Americas",1993.72355420582,38.2766983635889,"Jamaica"
"874","35162164B35115776141340",1,6560.14333749488,"Americas",6560.14333749488,22.7629186447521,"Jamaica"
"875","35162164B35138350065445",1,2758.69839702472,"Americas",2758.69839702472,60.5961009777221,"Jamaica"
"876","35162164B35235229853832",1,8895.89033393622,"Americas",8895.89033393622,36.3160052676098,"Jamaica"
"877","35162164B35335348273773",1,504.404612862468,"Americas",504.404612862468,36.0437909640776,"Jamaica"
"878","35162164B35433441802256",1,6208.7982188797,"Americas",6208.7982188797,29.2250274212016,"Jamaica"
"879","35162164B35435864807624",1,188.2724649252,"Americas",188.2724649252,28.6365341329216,"Jamaica"
"880","35162164B3547177020810",1,3419.46657922078,"Americas",3419.46657922078,63.9232281606412,"Jamaica"
"881","35162164B35604114195252",1,559.526950856894,"Americas",559.526950856894,52.5868560798617,"Jamaica"
"882","35162164B35819168559936",2,714.098525232971,"Americas",1428.19705046594,71.9239247213113,"Jamaica"
"883","35162164B35846593220974",1,734.708292364702,"Americas",734.708292364702,50.3357784574424,"Jamaica"
"884","35162164B3595633868920",2,365.273523782492,"Americas",730.547047564984,6.12269530090189,"Jamaica"
"885","35162164B35966590555151",2,2086.10361338332,"Americas",4172.20722676664,35.7950059909346,"Jamaica"
"886","35162164B36072688257457",1,12459.3387802611,"Americas",12459.3387802611,14.2259919269181,"Jamaica"
"887","35162164B36130278756514",1,2310.92959589228,"Americas",2310.92959589228,53.5498185237834,"Jamaica"
"888","35162164B36201030843686",1,381.498155741952,"Americas",381.498155741952,44.2161516437281,"Jamaica"
"889","35162164B36262795857615",1,738.688606425878,"Americas",738.688606425878,38.182372447122,"Jamaica"
"890","35162164B36295319178856",1,2198.64895053752,"Americas",2198.64895053752,64.9086603802501,"Jamaica"
"891","35162164B3638695478709",2,3392.75767080572,"Americas",6785.51534161144,61.8659638696908,"Jamaica"
"892","35162164B3644248448752",1,6044.73932380676,"Americas",6044.73932380676,9.74774012272243,"Jamaica"
"893","35162164B36464745645155",1,1107.81864290595,"Americas",1107.81864290595,18.6194244398038,"Jamaica"
"894","35162164B36615656829014",1,4341.91082241893,"Americas",4341.91082241893,40.2509228776131,"Jamaica"
"895","35162164B36736631592146",1,598.733106833547,"Americas",598.733106833547,44.1266876525841,"Jamaica"
"896","35162164B36782193630345",1,808.227610582747,"Americas",808.227610582747,60.5219228754327,"Jamaica"
"897","35162164B36860764345845",1,1212.8115832331,"Americas",1212.8115832331,33.9266946332135,"Jamaica"
"898","35162164B36890645103450",1,1287.28782099495,"Americas",1287.28782099495,28.4250703761558,"Jamaica"
"899","35162164B37063972584076",1,780.45920955643,"Americas",780.45920955643,54.3658681250478,"Jamaica"
"900","35162164B3709572728491",2,1404.65825765833,"Americas",2809.31651531666,32.1731072439658,"Jamaica"
"901","35162164B37105319510629",1,1003.37924247548,"Americas",1003.37924247548,37.4268800017115,"Jamaica"
"902","35162164B37287460765736",1,3267.18696704626,"Americas",3267.18696704626,16.9856816897955,"Jamaica"
"903","35162164B37355742822958",2,1644.40530261736,"Americas",3288.81060523472,60.7637402729841,"Jamaica"
"904","35162164B37410879222528",1,4157.45344873071,"Americas",4157.45344873071,18.942448254913,"Jamaica"
"905","35162164B37480487737261",2,3710.09987328276,"Americas",7420.19974656552,52.7084224418745,"Jamaica"
"906","35162164B37521844633919",1,6371.58351272583,"Americas",6371.58351272583,9.1477555246696,"Jamaica"
"907","35162164B37577453073889",1,25098.7006408652,"Americas",25098.7006408652,33.0868928367676,"Jamaica"
"908","35162164B37645034893203",1,1694.10742013257,"Americas",1694.10742013257,68.5603462712234,"Jamaica"
"909","35162164B37648994900725",1,561.821493167803,"Americas",561.821493167803,44.7513232133032,"Jamaica"
"910","35162164B37650855114133",1,424.658256469518,"Americas",424.658256469518,50.1949046774976,"Jamaica"
"911","35162164B37971320550046",1,3737.15619076528,"Americas",3737.15619076528,61.796536760143,"Jamaica"
"912","35162164B38144883145872",1,1132.23253923453,"Americas",1132.23253923453,55.3002235018194,"Jamaica"
"913","35162164B38387632600591",1,1634.32870785058,"Americas",1634.32870785058,70.3113354806889,"Jamaica"
"914","35162164B38413956233352",1,6159.93215277478,"Americas",6159.93215277478,40.171823736023,"Jamaica"
"915","35162164B38508894129969",1,1948.39693892017,"Americas",1948.39693892017,53.1149977078906,"Jamaica"
"916","35162164B38587864840285",1,2727.44621559724,"Americas",2727.44621559724,63.4159628202046,"Jamaica"
"917","35162164B38655040871087",1,4591.47265696526,"Americas",4591.47265696526,16.3060750744867,"Jamaica"
"918","35162164B38888452611030",2,1301.97213221345,"Americas",2603.9442644269,57.0695750247828,"Jamaica"
"919","35162164B38891145564470",1,2700.38032271463,"Americas",2700.38032271463,37.0177665792486,"Jamaica"
"920","35162164B38966555912320",1,662.518748025894,"Americas",662.518748025894,61.1030667304933,"Jamaica"
"921","35162164B38971200706697",1,1419.48433760054,"Americas",1419.48433760054,61.0102954174252,"Jamaica"
"922","35162164B39055849407196",2,3571.5030167906,"Americas",7143.0060335812,40.5256448132868,"Jamaica"
"923","35162164B39099588088418",2,742.949898308217,"Americas",1485.89979661643,68.1233255935618,"Jamaica"
"924","35162164B39157638140950",1,6293.05261933327,"Americas",6293.05261933327,11.2079033008096,"Jamaica"
"925","35162164B39169634152977",2,5128.98956153344,"Americas",10257.9791230669,44.4191655761205,"Jamaica"
"926","35162164B39311117722517",2,1434.98344128877,"Americas",2869.96688257754,55.159046331915,"Jamaica"
"927","35162164B39353777100388",1,860.070947869346,"Americas",860.070947869346,38.7918383926073,"Jamaica"
"928","35162164B3937621778129",1,3465.17418729223,"Americas",3465.17418729223,61.0170060161692,"Jamaica"
"929","35162164B39513571338002",1,7670.2407973727,"Americas",7670.2407973727,15.8914239350076,"Jamaica"
"930","35162164B39523888219750",2,4332.93914845252,"Americas",8665.87829690504,59.7612037314619,"Jamaica"
"931","35162164B39557523691136",1,137.817352452353,"Americas",137.817352452353,14.910918159135,"Jamaica"
"932","35162164B39676460193401",1,813.126980220377,"Americas",813.126980220377,58.3313065033496,"Jamaica"
"933","35162164B39768025410051",1,4869.42668364104,"Americas",4869.42668364104,47.2823101785364,"Jamaica"
"934","35162164B39839791868318",2,423.338807305396,"Americas",846.677614610792,22.5579414817279,"Jamaica"
"935","35162164B39875970443562",1,12183.7208497977,"Americas",12183.7208497977,15.5038442122033,"Jamaica"
"936","35162164B39915546247391",1,1109.89484130256,"Americas",1109.89484130256,53.9048531692224,"Jamaica"
"937","35162164B39951318882667",1,1489.97459838444,"Americas",1489.97459838444,7.81657968687434,"Jamaica"
"938","35162164B4001885115008",1,6657.38131554447,"Americas",6657.38131554447,53.8037124186433,"Jamaica"
"939","35162164B40153831078788",1,755.682186501473,"Americas",755.682186501473,61.3298331704223,"Jamaica"
"940","35162164B40202387586398",1,1764.95491805006,"Americas",1764.95491805006,30.6650466185922,"Jamaica"
"941","35162164B4025167017502",2,131.757269815579,"Americas",263.514539631158,23.5341572294188,"Jamaica"
"942","35162164B40364811374948",1,886.771582989916,"Americas",886.771582989916,2.74115115400304,"Jamaica"
"943","35162164B40653151075906",1,3787.13039025616,"Americas",3787.13039025616,47.2791722066174,"Jamaica"
"944","35162164B40811293491230",1,865.494945776723,"Americas",865.494945776723,55.2860838936698,"Jamaica"
"945","35162164B41058885477695",1,1146.66821170485,"Americas",1146.66821170485,44.7561669548093,"Jamaica"
"946","35162164B41129284369230",1,499.266677035689,"Americas",499.266677035689,65.8364455748707,"Jamaica"
"947","35162164B41198917697525",1,4100.89897159206,"Americas",4100.89897159206,43.9449132118054,"Jamaica"
"948","35162164B41272201057348",1,1946.44972234286,"Americas",1946.44972234286,57.0276220453133,"Jamaica"
"949","35162164B41289654122948",1,7416.23615426516,"Americas",7416.23615426516,44.4920021708352,"Jamaica"
"950","35162164B41303054294604",2,4117.80047789164,"Americas",8235.60095578328,55.422379875973,"Jamaica"
"951","35162164B41691661831409",1,1336.45716885712,"Americas",1336.45716885712,30.5737499510377,"Jamaica"
"952","35162164B41784667768364",1,7367.51146395527,"Americas",7367.51146395527,18.9332615256643,"Jamaica"
"953","35162164B41788523288409",1,9259.96466688827,"Americas",9259.96466688827,34.95888262631,"Jamaica"
"954","35162164B4192483471758",1,771.996871950142,"Americas",771.996871950142,40.9515784330239,"Jamaica"
"955","35162164B41932037702546",1,2757.95858138189,"Americas",2757.95858138189,53.0102871962334,"Jamaica"
"956","35162164B42075240589234",1,7974.34917078167,"Americas",7974.34917078167,10.740934563474,"Jamaica"
"957","35162164B42122420865004",1,224.446878467053,"Americas",224.446878467053,20.1672811916062,"Jamaica"
"958","35162164B42240340469477",2,3032.55757965475,"Americas",6065.1151593095,65.7525971646285,"Jamaica"
"959","35162164B42411795193024",1,783.458227200955,"Americas",783.458227200955,25.0127596490277,"Jamaica"
"960","35162164B42502123725586",1,4419.04622836947,"Americas",4419.04622836947,54.6237956518517,"Jamaica"
"961","35162164B42587299910885",2,9319.88823513821,"Americas",18639.7764702764,43.349864903165,"Jamaica"
"962","35162164B42794382244883",1,7505.63604863852,"Americas",7505.63604863852,34.9339468022425,"Jamaica"
"963","35162164B42948895051340",1,2638.0353264603,"Americas",2638.0353264603,45.8787103148356,"Jamaica"
"964","35162164B43001876870642",2,1054.16079329781,"Americas",2108.32158659562,57.7813495226736,"Jamaica"
"965","35162164B43081801814917",1,2359.53861198187,"Americas",2359.53861198187,4.90037266602122,"Jamaica"
"966","35162164B43095609946318",1,978.283701598495,"Americas",978.283701598495,62.01048646497,"Jamaica"
"967","35162164B43104180618768",1,564.91071300026,"Americas",564.91071300026,43.0423196349446,"Jamaica"
"968","35162164B43329717977786",1,906.406078451071,"Americas",906.406078451071,39.7326994958537,"Jamaica"
"969","35162164B43359933366516",1,1764.08476913439,"Americas",1764.08476913439,55.2238391284714,"Jamaica"
"970","35162164B4355148112138",1,1216.09672202017,"Americas",1216.09672202017,61.1282925712575,"Jamaica"
"971","35162164B4373871632357",1,6636.13051582336,"Americas",6636.13051582336,6.44911551543869,"Jamaica"
"972","35162164B4381355814899",1,2712.03705631862,"Americas",2712.03705631862,65.0591544141261,"Jamaica"
"973","35162164B43983765297672",1,5799.80844543457,"Americas",5799.80844543457,17.0481333846613,"Jamaica"
"974","35162164B44046782909904",1,669.751674253009,"Americas",669.751674253009,32.0020757143742,"Jamaica"
"975","35162164B44082529851006",1,635.872243586816,"Americas",635.872243586816,48.0504379013579,"Jamaica"
"976","35162164B44108052302901",1,6238.37220605806,"Americas",6238.37220605806,33.4896019466075,"Jamaica"
"977","35162164B44118594197771",1,747.568021620661,"Americas",747.568021620661,56.2501303111691,"Jamaica"
"978","35162164B44132025235652",1,11419.3652246759,"Americas",11419.3652246759,35.7489186958131,"Jamaica"
"979","35162164B44510857688037",2,442.7944215478,"Americas",885.5888430956,29.4417279278584,"Jamaica"
"980","35162164B44634444711623",1,1234.1244382602,"Americas",1234.1244382602,46.5666065597403,"Jamaica"
"981","35162164B44657175287617",1,942.871644741818,"Americas",942.871644741818,49.3055196061436,"Jamaica"
"982","35162164B44780300439373",1,137.987972291969,"Americas",137.987972291969,65.2999193657563,"Jamaica"
"983","35162164B45098270678787",1,1801.04615959531,"Americas",1801.04615959531,67.1922142679953,"Jamaica"
"984","35162164B45378325977411",1,2951.35315500736,"Americas",2951.35315500736,51.8765968533763,"Jamaica"
"985","35162164B45570204479435",2,1859.11380532511,"Americas",3718.22761065022,49.7385775168669,"Jamaica"
"986","35162164B45790961504178",2,811.729655235074,"Americas",1623.45931047015,54.9863257429544,"Jamaica"
"987","35162164B45791079749061",1,1213.22923638999,"Americas",1213.22923638999,58.4848294126315,"Jamaica"
"988","35162164B45882638430456",1,2189.78533672832,"Americas",2189.78533672832,53.5326873440407,"Jamaica"
"989","35162164B46053571621586",2,4424.16453480132,"Americas",8848.32906960264,56.3772136722573,"Jamaica"
"990","35162164B46160238611369",1,1533.51134446196,"Americas",1533.51134446196,55.9694288096456,"Jamaica"
"991","35162164B4630365107743",1,2857.57003959306,"Americas",2857.57003959306,60.7024879910605,"Jamaica"
"992","35162164B464656830553",1,477.592997677475,"Americas",477.592997677475,72.9536419880395,"Jamaica"
"993","35162164B46618736388217",2,931.277147452794,"Americas",1862.55429490559,64.4336434860265,"Jamaica"
"994","35162164B4666434979378",1,5964.74020523071,"Americas",5964.74020523071,7.59119735633933,"Jamaica"
"995","35162164B46718052991793",2,737.912795315199,"Americas",1475.8255906304,62.2452009403053,"Jamaica"
"996","35162164B469584995552",2,1151.09388649806,"Americas",2302.18777299612,66.847501869774,"Jamaica"
"997","35162164B47227241958713",1,11123.7325289308,"Americas",11123.7325289308,10.9726315358925,"Jamaica"
"998","35162164B4735329384018",2,56.070453029871,"Americas",112.140906059742,5.55165333207807,"Jamaica"
"999","35162164B47400970440910",1,1778.43752269767,"Americas",1778.43752269767,51.4942692215869,"Jamaica"
"1000","35162164B47483648218814",1,670.225918520726,"Americas",670.225918520726,29.8178649986608,"Jamaica"
"1001","35162164B47655084452397",1,13829.7459328589,"Americas",13829.7459328589,39.3599272578008,"Jamaica"
"1002","35162164B47850165060399",1,1342.68582278199,"Americas",1342.68582278199,55.0235677633363,"Jamaica"
"1003","35162164B47977528408812",1,620.571542109959,"Americas",620.571542109959,49.3198344623438,"Jamaica"
"1004","35162164B47990147537025",2,6553.15372585773,"Americas",13106.3074517155,40.2042729450824,"Jamaica"
"1005","35162164B48134009375448",1,2507.4237677905,"Americas",2507.4237677905,27.8608141326764,"Jamaica"
"1006","35162164B48276520022709",1,9481.00413125997,"Americas",9481.00413125997,33.801864597814,"Jamaica"
"1007","35162164B48283661565489",1,1810.35417150579,"Americas",1810.35417150579,40.0300844797923,"Jamaica"
"1008","35162164B4834326147555",1,649.130778038353,"Americas",649.130778038353,62.7336368911199,"Jamaica"
"1009","35162164B48366708508024",1,39.7765767478943,"Americas",39.7765767478943,4.27615461867496,"Jamaica"
"1010","35162164B48474720743291",2,999.41984787276,"Americas",1998.83969574552,57.5811634232387,"Jamaica"
"1011","35162164B48594737867341",1,15865.187017173,"Americas",15865.187017173,31.8917019950617,"Jamaica"
"1012","35162164B48798891823707",1,2089.04123116951,"Americas",2089.04123116951,48.3605652830648,"Jamaica"
"1013","35162164B48833074214893",1,1110.18635876834,"Americas",1110.18635876834,71.3467324065818,"Jamaica"
"1014","35162164B48871281697567",2,930.814276097789,"Americas",1861.62855219558,29.6794774703475,"Jamaica"
"1015","35162164B49055104405338",1,575.228928309418,"Americas",575.228928309418,33.4169874127391,"Jamaica"
"1016","35162164B49086916119000",2,3586.17240749076,"Americas",7172.34481498152,34.9253020968787,"Jamaica"
"1017","35162164B49139561829601",1,15993.4801092227,"Americas",15993.4801092227,35.06224274733,"Jamaica"
"1018","35162164B49212853106844",1,843.76641324399,"Americas",843.76641324399,57.3953241692228,"Jamaica"
"1019","35162164B49319017371443",1,5205.90772344589,"Americas",5205.90772344589,7.25892595680955,"Jamaica"
"1020","35162164B49407671778739",2,390.690978648215,"Americas",781.38195729643,37.0175240240475,"Jamaica"
"1021","35162164B49669417208425",2,837.903748407383,"Americas",1675.80749681477,67.6137065062842,"Jamaica"
"1022","35162164B49699015358538",1,689.155496511534,"Americas",689.155496511534,52.0450529785308,"Jamaica"
"1023","35162164B49792832455672",2,1198.40692167304,"Americas",2396.81384334608,47.7823370662592,"Jamaica"
"1024","35162164B49820869522821",2,237.062281944305,"Americas",474.12456388861,30.0022036657624,"Jamaica"
"1025","35162164B49984893156433",1,1552.7854483448,"Americas",1552.7854483448,55.4063797986256,"Jamaica"
"1026","35162164B50002705209243",1,604.287207488455,"Americas",604.287207488455,60.9869591282751,"Jamaica"
"1027","35162164B50149511982959",1,700.717889238074,"Americas",700.717889238074,53.2349045690658,"Jamaica"
"1028","35162164B50185526040521",1,21.6564258310199,"Americas",21.6564258310199,0,"Jamaica"
"1029","35162164B50194612794123",1,7565.91404280942,"Americas",7565.91404280942,23.7843687588082,"Jamaica"
"1030","35162164B50213628521675",1,4915.99060818944,"Americas",4915.99060818944,41.4310527808118,"Jamaica"
"1031","35162164B50505339448184",1,8679.94612123705,"Americas",8679.94612123705,41.4121229582051,"Jamaica"
"1032","35162164B50611338864670",1,9017.14695673743,"Americas",9017.14695673743,7.20319987471506,"Jamaica"
"1033","35162164B50635922990966",1,3013.18555367492,"Americas",3013.18555367492,48.3323768630673,"Jamaica"
"1034","35162164B50812150666604",2,1234.08618880106,"Americas",2468.17237760212,58.2547847194488,"Jamaica"
"1035","35162164B50966628744256",1,5800.70968948364,"Americas",5800.70968948364,27.0256405869181,"Jamaica"
"1036","35162164B51027865452470",1,1070.46960546874,"Americas",1070.46960546874,44.8615573494727,"Jamaica"
"1037","35162164B51145992961570",1,145.000180240273,"Americas",145.000180240273,14.5090947813592,"Jamaica"
"1038","35162164B51236873924617",1,2524.07655620243,"Americas",2524.07655620243,70.8826136611226,"Jamaica"
"1039","35162164B51283194093735",1,4969.9576734072,"Americas",4969.9576734072,5.23302092045241,"Jamaica"
"1040","35162164B5152364964620",1,929.156648339555,"Americas",929.156648339555,51.694805023895,"Jamaica"
"1041","35162164B51523673246105",2,1200.74895064833,"Americas",2401.49790129666,48.7353106244948,"Jamaica"
"1042","35162164B51703363318263",1,157.006778054535,"Americas",157.006778054535,21.6650529015117,"Jamaica"
"1043","35162164B51705520873479",1,8489.93241272699,"Americas",8489.93241272699,24.1935392400085,"Jamaica"
"1044","35162164B51772334527527",1,2801.6010537903,"Americas",2801.6010537903,39.4605223442519,"Jamaica"
"1045","35162164B52032683058931",1,1238.66267933667,"Americas",1238.66267933667,74.420982600793,"Jamaica"
"1046","35162164B52048270525554",1,1391.01206940003,"Americas",1391.01206940003,58.7818952918273,"Jamaica"
"1047","35162164B52095802244464",1,9332.72173646804,"Americas",9332.72173646804,12.8555514343412,"Jamaica"
"1048","35162164B52339983377836",2,1354.30376617581,"Americas",2708.60753235162,59.7740383891644,"Jamaica"
"1049","35162164B52508011667505",1,3323.88628616031,"Americas",3323.88628616031,59.4374965622099,"Jamaica"
"1050","35162164B52602965230915",1,1925.70069282249,"Americas",1925.70069282249,62.3488109727421,"Jamaica"
"1051","35162164B52706250089410",1,2317.44266383067,"Americas",2317.44266383067,25.5043229637084,"Jamaica"
"1052","35162164B52838643588694",1,5640.82339841835,"Americas",5640.82339841835,34.6582499234266,"Jamaica"
"1053","35162164B52856134936661",1,9549.62530465759,"Americas",9549.62530465759,13.1864955266381,"Jamaica"
"1054","35162164B52912630691789",2,894.993600721024,"Americas",1789.98720144205,56.5850454839457,"Jamaica"
"1055","35162164B52921582022619",1,1639.54153126992,"Americas",1639.54153126992,48.9353316742872,"Jamaica"
"1056","35162164B53146220009550",1,1647.59344518341,"Americas",1647.59344518341,37.000764331867,"Jamaica"
"1057","35162164B53369988821982",2,1397.76650060438,"Americas",2795.53300120876,60.8524229924749,"Jamaica"
"1058","35162164B53623755674193",2,5643.00026576381,"Americas",11286.0005315276,61.9361845838267,"Jamaica"
"1059","35162164B53729872192207",1,1849.36071574464,"Americas",1849.36071574464,23.2190605662255,"Jamaica"
"1060","35162164B53813298320791",1,717.324146493375,"Americas",717.324146493375,68.1711974819397,"Jamaica"
"1061","35162164B53957159908750",2,1985.19166065015,"Americas",3970.3833213003,50.6693719906939,"Jamaica"
"1062","35162164B54094305142623",2,413.971666271575,"Americas",827.94333254315,49.453216473737,"Jamaica"
"1063","35162164B54144747776936",1,292.072040239386,"Americas",292.072040239386,34.4735824020707,"Jamaica"
"1064","35162164B54306894687431",2,1579.02927215561,"Americas",3158.05854431122,45.6168421955827,"Jamaica"
"1065","35162164B54504500114566",1,1297.41938714117,"Americas",1297.41938714117,65.7487310691382,"Jamaica"
"1066","35162164B54573865984147",2,105.729648891464,"Americas",211.459297782928,14.0534036587624,"Jamaica"
"1067","35162164B54684322655219",1,10923.9577242609,"Americas",10923.9577242609,31.2159501387139,"Jamaica"
"1068","35162164B54710841907593",1,946.337360222712,"Americas",946.337360222712,49.4972216873692,"Jamaica"
"1069","35162164B54859772673703",1,4489.64377094269,"Americas",4489.64377094269,4.69898099261395,"Jamaica"
"1070","35162164B5486368161051",1,3020.92694517594,"Americas",3020.92694517594,39.053163005273,"Jamaica"
"1071","35162164B54904175819793",1,8574.25301471677,"Americas",8574.25301471677,38.107614369783,"Jamaica"
"1072","35162164B55045053102964",1,149.854535890967,"Americas",149.854535890967,64.9629937787887,"Jamaica"
"1073","35162164B55047607861786",1,22767.9164623255,"Americas",22767.9164623255,30.635382649412,"Jamaica"
"1074","35162164B55174178620740",2,927.502708470412,"Americas",1855.00541694082,61.2910654640606,"Jamaica"
"1075","35162164B55209695103192",1,650.382892195731,"Americas",650.382892195731,33.5410457918195,"Jamaica"
"1076","35162164B55355936251636",1,2022.28123063385,"Americas",2022.28123063385,59.4473645844739,"Jamaica"
"1077","35162164B55494115928353",1,4163.94778911028,"Americas",4163.94778911028,47.4929319285742,"Jamaica"
"1078","35162164B55508639359232",1,1244.35377517283,"Americas",1244.35377517283,60.8759667163707,"Jamaica"
"1079","35162164B55527048225424",1,1061.220741028,"Americas",1061.220741028,21.5562001721239,"Jamaica"
"1080","35162164B55566355073112",1,131.229174545892,"Americas",131.229174545892,19.761181999449,"Jamaica"
"1081","35162164B55570147522340",2,2903.60229562849,"Americas",5807.20459125698,51.0044077836258,"Jamaica"
"1082","35162164B55651843175504",1,1005.22138445549,"Americas",1005.22138445549,44.3775692094983,"Jamaica"
"1083","35162164B55653603648730",1,759.476898744609,"Americas",759.476898744609,52.5900675358403,"Jamaica"
"1084","35162164B55805795944357",1,950.04281559201,"Americas",950.04281559201,61.7712577790286,"Jamaica"
"1085","35162164B55936134420227",1,5543.04378143311,"Americas",5543.04378143311,11.9404072698909,"Jamaica"
"1086","35162164B55937002420663",1,1943.57790841892,"Americas",1943.57790841892,53.6868877112031,"Jamaica"
"1087","35162164B56267554774687",1,874.225780105144,"Americas",874.225780105144,43.7005526730571,"Jamaica"
"1088","35162164B56375608291865",1,4368.08711902581,"Americas",4368.08711902581,58.7742473141766,"Jamaica"
"1089","35162164B56395579306206",2,1638.30342130482,"Americas",3276.60684260964,61.2376407380483,"Jamaica"
"1090","35162164B56396362384048",1,74467.7985213801,"Americas",74467.7985213801,29.9152648346371,"Jamaica"
"1091","35162164B56440462518587",1,386.994820732474,"Americas",386.994820732474,57.4652185199999,"Jamaica"
"1092","35162164B56488122937951",1,4320.70906311035,"Americas",4320.70906311035,17.3871667288136,"Jamaica"
"1093","35162164B57006109689190",1,1142.8572624746,"Americas",1142.8572624746,59.278166677394,"Jamaica"
"1094","35162164B57140391494677",2,971.611505111568,"Americas",1943.22301022314,30.9469997824117,"Jamaica"
"1095","35162164B57243276794912",1,23447.9060505444,"Americas",23447.9060505444,32.0507510579992,"Jamaica"
"1096","35162164B57287087232463",1,1022.86221481312,"Americas",1022.86221481312,46.84528906741,"Jamaica"
"1097","35162164B5732093392977",2,1457.26734859932,"Americas",2914.53469719864,60.9677550604179,"Jamaica"
"1098","35162164B57366882784799",2,698.279578131735,"Americas",1396.55915626347,40.1510534053548,"Jamaica"
"1099","35162164B57515137909984",1,10384.3693108854,"Americas",10384.3693108854,31.1434484917457,"Jamaica"
"1100","35162164B5760982623829",2,611.409907995686,"Americas",1222.81981599137,51.2514397885947,"Jamaica"
"1101","35162164B5774991400225",1,4280.37240056839,"Americas",4280.37240056839,66.5892444870909,"Jamaica"
"1102","35162164B57941425768227",1,1013.76566722274,"Americas",1013.76566722274,43.706155024331,"Jamaica"
"1103","35162164B57970494139144",1,1250.85109258052,"Americas",1250.85109258052,21.6448223505709,"Jamaica"
"1104","35162164B58097277944417",1,1685.67448805545,"Americas",1685.67448805545,69.5010904364608,"Jamaica"
"1105","35162164B5812724327715",1,62343.933807961,"Americas",62343.933807961,28.9294333881882,"Jamaica"
"1106","35162164B58227039352196",1,3186.42107645541,"Americas",3186.42107645541,12.8198180026823,"Jamaica"
"1107","35162164B58259764346195",1,178.604864291586,"Americas",178.604864291586,77.7812120174104,"Jamaica"
"1108","35162164B58310088088088",1,1667.69335372835,"Americas",1667.69335372835,42.2669332760272,"Jamaica"
"1109","35162164B58341155442223",1,840.142148685567,"Americas",840.142148685567,70.3742715039763,"Jamaica"
"1110","35162164B586389844470",1,311.866775670946,"Americas",311.866775670946,54.3207239040106,"Jamaica"
"1111","35162164B58929409429796",2,1199.30690013468,"Americas",2398.61380026936,63.4442539122544,"Jamaica"
"1112","35162164B59399831038543",2,741.189164319411,"Americas",1482.37832863882,60.0817232085107,"Jamaica"
"1113","35162164B59555480017581",1,1695.54329602029,"Americas",1695.54329602029,28.8658908286693,"Jamaica"
"1114","35162164B60113687786338",1,1124.85999098633,"Americas",1124.85999098633,59.7028107881266,"Jamaica"
"1115","35162164B60318395890345",1,34936.9600055875,"Americas",34936.9600055875,35.6979011836708,"Jamaica"
"1116","35162164B60478226363731",1,2922.14117651671,"Americas",2922.14117651671,48.4531626385051,"Jamaica"
"1117","35162164B60523300331136",1,562.004581299257,"Americas",562.004581299257,53.6808894151819,"Jamaica"
"1118","35162164B60572790247888",1,3507.12212337088,"Americas",3507.12212337088,60.2578468055696,"Jamaica"
"1119","35162164B60639371650725",1,337.563934101649,"Americas",337.563934101649,49.9739618461357,"Jamaica"
"1120","35162164B60799927677467",1,2297.17110743936,"Americas",2297.17110743936,62.5333639750946,"Jamaica"
"1121","35162164B60985093963323",2,2702.79535588294,"Americas",5405.59071176588,69.7150006347402,"Jamaica"
"1122","35162164B61039198412665",2,598.028495963477,"Americas",1196.05699192695,25.0458517178659,"Jamaica"
"1123","35162164B61137004836092",1,5141.2611928544,"Americas",5141.2611928544,12.2026483222861,"Jamaica"
"1124","35162164B61226104202809",1,22.8877810513973,"Americas",22.8877810513973,4.01172801181667,"Jamaica"
"1125","35162164B6189191279068",1,1127.82660186853,"Americas",1127.82660186853,65.1241773555064,"Jamaica"
"1126","35162164B61931844295180",1,636.270122760683,"Americas",636.270122760683,55.8765451534313,"Jamaica"
"1127","35162164B62010559485680",1,596.7258230865,"Americas",596.7258230865,47.8757868120554,"Jamaica"
"1128","35162164B62151191241006",2,4152.57303557433,"Americas",8305.14607114866,59.480747453824,"Jamaica"
"1129","35162164B62342793759497",1,3149.66377240082,"Americas",3149.66377240082,14.9502884046461,"Jamaica"
"1130","35162164B62401168973782",1,13130.7652771284,"Americas",13130.7652771284,21.3657161298449,"Jamaica"
"1131","35162164B62428051071911",1,17504.614751569,"Americas",17504.614751569,26.129457406286,"Jamaica"
"1132","35162164B62692741159025",2,958.141734221242,"Americas",1916.28346844248,63.7352783081362,"Jamaica"
"1133","35162164B62789094619129",1,5428.33782564163,"Americas",5428.33782564163,17.4353715488586,"Jamaica"
"1134","35162164B62900953125542",1,3086.37528870642,"Americas",3086.37528870642,35.2713316580162,"Jamaica"
"1135","35162164B6296725203986",1,870.570847407226,"Americas",870.570847407226,64.1725322620819,"Jamaica"
"1136","35162164B63214843233933",2,1655.24860652525,"Americas",3310.4972130505,54.3647960961066,"Jamaica"
"1137","35162164B6328683586484",1,525.973684094474,"Americas",525.973684094474,45.4528432972184,"Jamaica"
"1138","35162164B63355054805724",1,824.247885103244,"Americas",824.247885103244,60.751044229346,"Jamaica"
"1139","35162164B63443536988454",1,700.264950341042,"Americas",700.264950341042,49.1902917654497,"Jamaica"
"1140","35162164B63456951667461",1,11030.6157641925,"Americas",11030.6157641925,39.8666183814487,"Jamaica"
"1141","35162164B63728605531274",1,9963.76057268381,"Americas",9963.76057268381,30.699147564636,"Jamaica"
"1142","35162164B63932580669884",1,7488.65285583327,"Americas",7488.65285583327,34.4424236579121,"Jamaica"
"1143","35162164B6396716767482",1,11421.9204626752,"Americas",11421.9204626752,24.4029558308142,"Jamaica"
"1144","35162164B63967587387605",1,2438.87186891878,"Americas",2438.87186891878,35.8964408692103,"Jamaica"
"1145","35162164B64011842715923",1,887.782154447604,"Americas",887.782154447604,61.063965425397,"Jamaica"
"1146","35162164B64032004028006",1,6215.39183517456,"Americas",6215.39183517456,6.00260073354094,"Jamaica"
"1147","35162164B64333696497287",1,1635.55600770369,"Americas",1635.55600770369,58.0693264209505,"Jamaica"
"1148","35162164B64456112534270",1,19749.9576934472,"Americas",19749.9576934472,6.26029594139793,"Jamaica"
"1149","35162164B64481090493590",1,1932.93627766918,"Americas",1932.93627766918,61.0470872105901,"Jamaica"
"1150","35162164B64614498452260",1,500.945032933373,"Americas",500.945032933373,35.4422581614465,"Jamaica"
"1151","35162164B64653334099040",1,773.231573077999,"Americas",773.231573077999,35.3951242787814,"Jamaica"
"1152","35162164B64679939862971",1,171.531301397346,"Americas",171.531301397346,48.1329944899991,"Jamaica"
"1153","35162164B64881067970982",2,2370.26944360722,"Americas",4740.53888721444,54.2609242583509,"Jamaica"
"1154","35162164B65076936477061",1,5643.95942692757,"Americas",5643.95942692757,8.92799587940353,"Jamaica"
"1155","35162164B65125805198712",2,697.41897874862,"Americas",1394.83795749724,60.2890594155575,"Jamaica"
"1156","35162164B65128475764544",1,387.089930520766,"Americas",387.089930520766,7.47116732988271,"Jamaica"
"1157","35162164B65276003398937",1,5989.15485549863,"Americas",5989.15485549863,19.9185771509094,"Jamaica"
"1158","35162164B65314498182346",1,2664.5032521579,"Americas",2664.5032521579,19.8471964753191,"Jamaica"
"1159","35162164B65329015071825",2,4370.77505854223,"Americas",8741.55011708446,37.5909490329425,"Jamaica"
"1160","35162164B65385180644380",1,637.260872889571,"Americas",637.260872889571,66.3097121480141,"Jamaica"
"1161","35162164B6558506114396",1,658.868737810273,"Americas",658.868737810273,40.3700483679314,"Jamaica"
"1162","35162164B65691399727908",1,599.272953563407,"Americas",599.272953563407,24.3277633787099,"Jamaica"
"1163","35162164B65765715361168",1,10075.4179279238,"Americas",10075.4179279238,22.8365745379543,"Jamaica"
"1164","35162164B65820653235088",2,920.515125465654,"Americas",1841.03025093131,59.1232925073979,"Jamaica"
"1165","35162164B65908868425620",1,253.826809458286,"Americas",253.826809458286,39.9270802976657,"Jamaica"
"1166","35162164B65937431669133",1,10302.6716764079,"Americas",10302.6716764079,28.0796318265938,"Jamaica"
"1167","35162164B65955038225271",1,4763.29921045363,"Americas",4763.29921045363,6.65976637054122,"Jamaica"
"1168","35162164B66231377530280",1,1637.94610769518,"Americas",1637.94610769518,53.7603267320258,"Jamaica"
"1169","35162164B66239287050159",1,3625.98452147948,"Americas",3625.98452147948,46.453822462568,"Jamaica"
"1170","35162164B66386769962643",1,12231.9358647693,"Americas",12231.9358647693,31.8888343245687,"Jamaica"
"1171","35162164B66396036790840",1,863.212081879899,"Americas",863.212081879899,53.5182378330205,"Jamaica"
"1172","35162164B66426333223872",2,1337.77697337721,"Americas",2675.55394675442,55.5911739548957,"Jamaica"
"1173","35162164B66483536565196",1,1097.39243844256,"Americas",1097.39243844256,65.9517191166958,"Jamaica"
"1174","35162164B67253441607804",1,2723.12790571429,"Americas",2723.12790571429,62.0283054580625,"Jamaica"
"1175","35162164B67357398396511",1,12735.0107799202,"Americas",12735.0107799202,31.0080258431549,"Jamaica"
"1176","35162164B67611771637099",1,1254.35955737203,"Americas",1254.35955737203,53.4541604119787,"Jamaica"
"1177","35162164B67834793855572",1,1956.71659467742,"Americas",1956.71659467742,42.6191135680769,"Jamaica"
"1178","35162164B67840176156165",1,581.834506446496,"Americas",581.834506446496,5.00641380665081,"Jamaica"
"1179","35162164B67873210702282",1,721.507681858353,"Americas",721.507681858353,39.571106880028,"Jamaica"
"1180","35162164B67895796063130",1,886.92668659674,"Americas",886.92668659674,47.7981049750991,"Jamaica"
"1181","35162164B67913939941732",1,2859.22520225786,"Americas",2859.22520225786,67.0099541994323,"Jamaica"
"1182","35162164B68020695361946",1,14325.552290682,"Americas",14325.552290682,17.7615144198408,"Jamaica"
"1183","35162164B6810731341858",1,2832.54796878502,"Americas",2832.54796878502,33.2341410248744,"Jamaica"
"1184","35162164B68193657015740",1,1163.66770945467,"Americas",1163.66770945467,54.7984648258992,"Jamaica"
"1185","35162164B68266542502187",1,4265.48812169129,"Americas",4265.48812169129,15.7574590803497,"Jamaica"
"1186","35162164B68498720914772",2,1138.99898098771,"Americas",2277.99796197542,62.442763339781,"Jamaica"
"1187","35162164B68519247506685",1,789.275794831216,"Americas",789.275794831216,30.7460073161169,"Jamaica"
"1188","35162164B68550082171779",1,1743.15995030876,"Americas",1743.15995030876,55.9869854094355,"Jamaica"
"1189","35162164B68647324713377",2,9440.35597177029,"Americas",18880.7119435406,31.8927377660309,"Jamaica"
"1190","35162164B68655707954868",1,5744.57401435852,"Americas",5744.57401435852,24.1978902723277,"Jamaica"
"1191","35162164B688158722363",1,3278.59828540012,"Americas",3278.59828540012,46.7586141805638,"Jamaica"
"1192","35162164B69010938957463",1,2226.90762059212,"Americas",2226.90762059212,4.41842249173602,"Jamaica"
"1193","35162164B69017338902165",1,800.926773836706,"Americas",800.926773836706,54.8503001011355,"Jamaica"
"1194","35162164B69149388198567",1,1742.81144976862,"Americas",1742.81144976862,60.3727795024361,"Jamaica"
"1195","35162164B69415913554299",1,9545.86291503266,"Americas",9545.86291503266,26.8946151712981,"Jamaica"
"1196","35162164B69621988819609",1,2411.9681652306,"Americas",2411.9681652306,59.9202234891414,"Jamaica"
"1197","35162164B69764209566342",1,577.69470463708,"Americas",577.69470463708,62.0119402755569,"Jamaica"
"1198","35162164B69767329259242",1,5952.84077494994,"Americas",5952.84077494994,57.0333294235392,"Jamaica"
"1199","35162164B70002149136386",1,5895.58829510435,"Americas",5895.58829510435,11.7638515217506,"Jamaica"
"1200","35162164B70010729273822",1,3431.49450447328,"Americas",3431.49450447328,46.6347372298321,"Jamaica"
"1201","35162164B70039093596166",2,2027.83898235437,"Americas",4055.67796470874,53.2054777795314,"Jamaica"
"1202","35162164B70126533167331",1,3292.010802669,"Americas",3292.010802669,52.1286735973427,"Jamaica"
"1203","35162164B70690583888265",1,244.849541787673,"Americas",244.849541787673,10.0224946146008,"Jamaica"
"1204","35162164B70983807913344",2,203.563192054443,"Americas",407.126384108886,26.2116689723113,"Jamaica"
"1205","35162164B70989189372526",1,991.168962729443,"Americas",991.168962729443,49.6438229461131,"Jamaica"
"1206","35162164B71008560556163",2,222.724820774086,"Americas",445.449641548172,36.0321979150447,"Jamaica"
"1207","35162164B71180321026887",2,2557.73010288332,"Americas",5115.46020576664,46.6184652176026,"Jamaica"
"1208","35162164B71228624509443",1,4354.51341121096,"Americas",4354.51341121096,55.5532916076181,"Jamaica"
"1209","35162164B7127592145054",1,656.74197035782,"Americas",656.74197035782,60.1576964540498,"Jamaica"
"1210","35162164B71805351346614",1,2002.92402339721,"Americas",2002.92402339721,57.6032183770542,"Jamaica"
"1211","35162164B7183290362481",2,350.173212792389,"Americas",700.346425584778,16.0693931355299,"Jamaica"
"1212","35162164B7183991745981",1,3092.30741346978,"Americas",3092.30741346978,48.525302583488,"Jamaica"
"1213","35162164B71943949952285",1,2293.03428768858,"Americas",2293.03428768858,47.6184810098284,"Jamaica"
"1214","35162164B71980128159858",1,538.928253892101,"Americas",538.928253892101,55.8688501811068,"Jamaica"
"1215","35162164B7201362234672",1,1603.42169962522,"Americas",1603.42169962522,39.2185212561612,"Jamaica"
"1216","35162164B72415884278967",1,739.116579448767,"Americas",739.116579448767,50.3537565064092,"Jamaica"
"1217","35162164B72501764161352",1,6114.29061421394,"Americas",6114.29061421394,11.0923418269021,"Jamaica"
"1218","35162164B72512269852971",1,19454.8234015423,"Americas",19454.8234015423,23.5108610846752,"Jamaica"
"1219","35162164B72590752021291",1,716.026971906796,"Americas",716.026971906796,56.8340749189834,"Jamaica"
"1220","35162164B72617590649552",1,1591.44707011208,"Americas",1591.44707011208,71.354535855332,"Jamaica"
"1221","35162164B72746887370475",1,319.619884941187,"Americas",319.619884941187,7.61093518053844,"Jamaica"
"1222","35162164B72879195732120",1,2578.52409704894,"Americas",2578.52409704894,54.3553708827003,"Jamaica"
"1223","35162164B72910549593944",2,691.169293530472,"Americas",1382.33858706094,31.2371672259835,"Jamaica"
"1224","35162164B72966387621417",2,1565.66984224893,"Americas",3131.33968449786,71.0018262302044,"Jamaica"
"1225","35162164B72968127914093",1,5594.98801650189,"Americas",5594.98801650189,28.326646938851,"Jamaica"
"1226","35162164B73119791157228",1,6174.58248783112,"Americas",6174.58248783112,17.8663938825891,"Jamaica"
"1227","35162164B73190179505267",1,6165.41035446167,"Americas",6165.41035446167,15.6133136460463,"Jamaica"
"1228","35162164B7327807293180",2,1188.75633196272,"Americas",2377.51266392544,54.6157763430001,"Jamaica"
"1229","35162164B73697792957212",1,715.588204234391,"Americas",715.588204234391,42.6430525734262,"Jamaica"
"1230","35162164B73997840305006",1,4705.82566913262,"Americas",4705.82566913262,32.3257328764542,"Jamaica"
"1231","35162164B74015662320963",1,6211.74711360931,"Americas",6211.74711360931,8.2504871225653,"Jamaica"
"1232","35162164B74045295228727",1,239.853188496754,"Americas",239.853188496754,22.16851543463,"Jamaica"
"1233","35162164B74485762582225",2,10.6267083351314,"Americas",21.2534166702628,57.8389179411122,"Jamaica"
"1234","35162164B74535275196744",1,4543.53900580913,"Americas",4543.53900580913,49.609331109295,"Jamaica"
"1235","35162164B74561990131004",1,3162.64406267466,"Americas",3162.64406267466,62.3980020179868,"Jamaica"
"1236","35162164B74733900924427",1,3095.09182314649,"Americas",3095.09182314649,47.7866347033909,"Jamaica"
"1237","35162164B7477347872499",1,1859.69975481153,"Americas",1859.69975481153,40.2997915804352,"Jamaica"
"1238","35162164B74806153768774",1,1025.82873043239,"Americas",1025.82873043239,77.1064047023283,"Jamaica"
"1239","35162164B74837009973467",1,327.665049723685,"Americas",327.665049723685,70.1000571835466,"Jamaica"
"1240","35162164B75012255495996",1,476.818650602512,"Americas",476.818650602512,53.2672467260151,"Jamaica"
"1241","35162164B75354004802205",2,897.697155092508,"Americas",1795.39431018502,31.1252591306177,"Jamaica"
"1242","35162164B75418708729676",1,2780.43172252338,"Americas",2780.43172252338,37.4944264031811,"Jamaica"
"1243","35162164B75494899713606",1,897.664541509673,"Americas",897.664541509673,44.3432785299067,"Jamaica"
"1244","35162164B75734537804589",1,656.732823177054,"Americas",656.732823177054,67.2717236798759,"Jamaica"
"1245","35162164B7581344953903",2,547.164340489917,"Americas",1094.32868097983,39.9459907219917,"Jamaica"
"1246","35162164B76001906737626",2,18.0657901378348,"Americas",36.1315802756696,0.555934339105534,"Jamaica"
"1247","35162164B76141633592259",1,74.0470341506228,"Americas",74.0470341506228,26.7051616839916,"Jamaica"
"1248","35162164B76299075946348",1,6320.99547278443,"Americas",6320.99547278443,19.4892478843387,"Jamaica"
"1249","35162164B76427572399995",1,1046.60407312868,"Americas",1046.60407312868,78.7234533105695,"Jamaica"
"1250","35162164B76764344209894",1,463.989101630189,"Americas",463.989101630189,47.4463248255294,"Jamaica"
"1251","35162164B76905261736533",2,3663.84888169363,"Americas",7327.69776338726,46.7951977409661,"Jamaica"
"1252","35162164B76933711191894",1,1054.71993193045,"Americas",1054.71993193045,68.8720748015037,"Jamaica"
"1253","35162164B771777787969",2,381.416384451091,"Americas",762.832768902182,35.4032068756569,"Jamaica"
"1254","35162164B77351699219617",1,547.06770205833,"Americas",547.06770205833,58.2768922184158,"Jamaica"
"1255","35162164B77417429769300",1,20911.9123150537,"Americas",20911.9123150537,22.352303020195,"Jamaica"
"1256","35162164B77455172963326",1,1290.81207647959,"Americas",1290.81207647959,60.420665760546,"Jamaica"
"1257","35162164B77471538431519",1,493.026009041444,"Americas",493.026009041444,37.883559313837,"Jamaica"
"1258","35162164B77716442881052",1,1616.3222644791,"Americas",1616.3222644791,49.7933531637074,"Jamaica"
"1259","35162164B77771311357485",1,2172.91384734612,"Americas",2172.91384734612,7.4677439098025,"Jamaica"
"1260","35162164B77793812605243",1,11030.4007749939,"Americas",11030.4007749939,10.2653229139951,"Jamaica"
"1261","35162164B77975290003350",2,1272.04832205582,"Americas",2544.09664411164,55.1531789940905,"Jamaica"
"1262","35162164B78196937555517",1,1356.8940843007,"Americas",1356.8940843007,55.1131346321779,"Jamaica"
"1263","35162164B78200354698048",1,290.160069512986,"Americas",290.160069512986,8.21538013061065,"Jamaica"
"1264","35162164B78220788438035",1,2802.5720602221,"Americas",2802.5720602221,67.3157544521415,"Jamaica"
"1265","35162164B78312843571031",1,5791.1793902187,"Americas",5791.1793902187,38.9329072501387,"Jamaica"
"1266","35162164B78675605051517",1,2271.40983649805,"Americas",2271.40983649805,61.6649364136552,"Jamaica"
"1267","35162164B78704123867302",1,633.44344055606,"Americas",633.44344055606,54.733285427119,"Jamaica"
"1268","35162164B78781462284724",1,452.55899702929,"Americas",452.55899702929,46.6636273458919,"Jamaica"
"1269","35162164B7887157811958",1,227.835904477499,"Americas",227.835904477499,44.3598893913298,"Jamaica"
"1270","35162164B78894493117330",1,1377.75740712993,"Americas",1377.75740712993,38.3611053389161,"Jamaica"
"1271","35162164B79148347758299",1,345.507265974209,"Americas",345.507265974209,38.6926448116244,"Jamaica"
"1272","35162164B79316798311168",1,242.447207826599,"Americas",242.447207826599,10.7312657046492,"Jamaica"
"1273","35162164B79413675859532",1,5807.97706539154,"Americas",5807.97706539154,19.0422907396186,"Jamaica"
"1274","35162164B79454937987859",1,227.466242563091,"Americas",227.466242563091,19.3181367640235,"Jamaica"
"1275","35162164B7950150342067",2,354.303562297076,"Americas",708.607124594152,59.069369247451,"Jamaica"
"1276","35162164B79658494056814",1,585.627807508633,"Americas",585.627807508633,57.3217434712438,"Jamaica"
"1277","35162164B7967123658868",1,2283.96452818565,"Americas",2283.96452818565,38.8534159673614,"Jamaica"
"1278","35162164B7972342313960",1,184.453734136969,"Americas",184.453734136969,16.7894619203181,"Jamaica"
"1279","35162164B79794886867745",2,465.886838611588,"Americas",931.773677223176,69.0772284819834,"Jamaica"
"1280","35162164B79839429868607",1,442.84346532369,"Americas",442.84346532369,47.1677769116113,"Jamaica"
"1281","35162164B79856958417190",1,6554.02606480889,"Americas",6554.02606480889,44.7690417182554,"Jamaica"
"1282","35162164B79871706950018",2,4438.58841541938,"Americas",8877.17683083876,41.8614342132495,"Jamaica"
"1283","35162164B79898656875181",1,4844.28156157881,"Americas",4844.28156157881,33.2841081753543,"Jamaica"
"1284","35162164B80036140892395",1,2386.92952007199,"Americas",2386.92952007199,54.7768633708678,"Jamaica"
"1285","35162164B80475473742606",1,619.217646399215,"Americas",619.217646399215,6.02838084946143,"Jamaica"
"1286","35162164B80562151711640",1,644.4734406038,"Americas",644.4734406038,58.0622667741152,"Jamaica"
"1287","35162164B80588060868180",1,1483.66332710341,"Americas",1483.66332710341,64.930646378148,"Jamaica"
"1288","35162164B8108508636873",2,636.452106266394,"Americas",1272.90421253279,47.6031166099332,"Jamaica"
"1289","35162164B81186004485323",1,8140.7595019725,"Americas",8140.7595019725,25.6213448751246,"Jamaica"
"1290","35162164B81256238253343",1,581.459726620205,"Americas",581.459726620205,47.4064628442586,"Jamaica"
"1291","35162164B81260181661363",1,20693.4454367618,"Americas",20693.4454367618,37.8019077384351,"Jamaica"
"1292","35162164B81331151620228",1,1875.62923025571,"Americas",1875.62923025571,36.6142140803098,"Jamaica"
"1293","35162164B81334638416928",1,4518.55897477772,"Americas",4518.55897477772,58.939351275995,"Jamaica"
"1294","35162164B81478119519036",1,2572.99334803268,"Americas",2572.99334803268,60.0183549992453,"Jamaica"
"1295","35162164B81504679646753",1,681.408273393288,"Americas",681.408273393288,58.4343005172744,"Jamaica"
"1296","35162164B81544331747727",2,3741.93754162099,"Americas",7483.87508324198,68.4624655663327,"Jamaica"
"1297","35162164B81808601681355",1,1919.4496123933,"Americas",1919.4496123933,65.8871471665539,"Jamaica"
"1298","35162164B81949872862729",1,618.84417051604,"Americas",618.84417051604,44.7722714772555,"Jamaica"
"1299","35162164B82075264350235",1,4830.53278256902,"Americas",4830.53278256902,55.6998905771265,"Jamaica"
"1300","35162164B82157921225742",1,9235.22550974641,"Americas",9235.22550974641,25.870030188839,"Jamaica"
"1301","35162164B82209603617868",1,5735.07207984924,"Americas",5735.07207984924,9.21981674884448,"Jamaica"
"1302","35162164B82314120989703",1,431.06641448494,"Americas",431.06641448494,22.3924755220087,"Jamaica"
"1303","35162164B82503842404748",2,119.488964580446,"Americas",238.977929160892,8.40951401779683,"Jamaica"
"1304","35162164B82842507514093",1,1817.84811460916,"Americas",1817.84811460916,50.1027166438998,"Jamaica"
"1305","35162164B8288674907050",1,5206.05280036926,"Americas",5206.05280036926,11.0395316367357,"Jamaica"
"1306","35162164B8322659721088",1,1374.91161011484,"Americas",1374.91161011484,65.5889965469589,"Jamaica"
"1307","35162164B83428714797918",1,4610.22272422161,"Americas",4610.22272422161,41.9085074836879,"Jamaica"
"1308","35162164B83508075470533",1,1559.63833754018,"Americas",1559.63833754018,51.8193283267897,"Jamaica"
"1309","35162164B83544121757555",1,1402.06735437946,"Americas",1402.06735437946,35.8837966087474,"Jamaica"
"1310","35162164B83694508708576",1,7899.72300918579,"Americas",7899.72300918579,26.5056094651136,"Jamaica"
"1311","35162164B83697985197757",1,761.233902907539,"Americas",761.233902907539,56.3935487674448,"Jamaica"
"1312","35162164B83752279361185",1,584.924944470637,"Americas",584.924944470637,34.2610341293638,"Jamaica"
"1313","35162164B83790317969803",1,5218.13610447929,"Americas",5218.13610447929,54.8583224522269,"Jamaica"
"1314","35162164B83791662867727",1,3224.91491865929,"Americas",3224.91491865929,60.2698036066178,"Jamaica"
"1315","35162164B83840665506835",2,705.182655552346,"Americas",1410.36531110469,77.80249505495,"Jamaica"
"1316","35162164B84210175764285",1,2120.04553588361,"Americas",2120.04553588361,64.6252793967951,"Jamaica"
"1317","35162164B84260366908441",1,1105.73127548512,"Americas",1105.73127548512,62.5406885339781,"Jamaica"
"1318","35162164B84273758465737",2,231.878054744601,"Americas",463.756109489202,22.884016016018,"Jamaica"
"1319","35162164B8427556516221",1,949.851128465012,"Americas",949.851128465012,63.0747691619548,"Jamaica"
"1320","35162164B84385181551937",1,5455.07046390845,"Americas",5455.07046390845,14.9908474110145,"Jamaica"
"1321","35162164B84386014824349",1,5463.61865810394,"Americas",5463.61865810394,30.0405672590478,"Jamaica"
"1322","35162164B84406525891877",2,92.7450231897831,"Americas",185.490046379566,12.9300239725126,"Jamaica"
"1323","35162164B84535321325965",1,2510.90142454028,"Americas",2510.90142454028,55.6976576596799,"Jamaica"
"1324","35162164B84540905905219",1,2274.2195424936,"Americas",2274.2195424936,28.3489104875125,"Jamaica"
"1325","35162164B84564227894690",2,8947.11787704304,"Americas",17894.2357540861,41.2688627312267,"Jamaica"
"1326","35162164B84883073198144",1,644.784727709219,"Americas",644.784727709219,31.9464793399243,"Jamaica"
"1327","35162164B84932287518076",1,1492.34217432629,"Americas",1492.34217432629,30.2930518129904,"Jamaica"
"1328","35162164B84999792785249",1,1743.40902052846,"Americas",1743.40902052846,42.9533235479605,"Jamaica"
"1329","35162164B85043288699007",1,5825.41139046298,"Americas",5825.41139046298,18.9586832669805,"Jamaica"
"1330","35162164B85447112983414",2,12540.7889413467,"Americas",25081.5778826934,31.1303226388742,"Jamaica"
"1331","35162164B85670822748309",1,1901.54115574807,"Americas",1901.54115574807,33.2908571661087,"Jamaica"
"1332","35162164B85716408466784",1,3076.3630639872,"Americas",3076.3630639872,53.0491749731578,"Jamaica"
"1333","35162164B85999917170291",1,4508.58917749107,"Americas",4508.58917749107,52.2718979861427,"Jamaica"
"1334","35162164B86064916766341",1,22504.3865036466,"Americas",22504.3865036466,25.9509233644279,"Jamaica"
"1335","35162164B86146780861409",1,10835.3446251247,"Americas",10835.3446251247,27.809895276468,"Jamaica"
"1336","35162164B86222512228272",2,951.36561383009,"Americas",1902.73122766018,36.1976770638321,"Jamaica"
"1337","35162164B86319358416590",1,704.537533624768,"Americas",704.537533624768,55.5276589318431,"Jamaica"
"1338","35162164B86395405111301",1,1935.20111921966,"Americas",1935.20111921966,72.015724383474,"Jamaica"
"1339","35162164B86683666691782",1,772.256785202808,"Americas",772.256785202808,56.4758916618557,"Jamaica"
"1340","35162164B86825253629714",1,306.802585855983,"Americas",306.802585855983,36.0350959543517,"Jamaica"
"1341","35162164B86902015023409",2,316.977232075036,"Americas",633.954464150072,34.8582117111726,"Jamaica"
"1342","35162164B86995698526112",1,12926.6018317459,"Americas",12926.6018317459,37.877696632632,"Jamaica"
"1343","35162164B87237067995855",1,2181.55579928789,"Americas",2181.55579928789,43.1227438460922,"Jamaica"
"1344","35162164B87426615399239",1,511.099769910276,"Americas",511.099769910276,30.588656312483,"Jamaica"
"1345","35162164B87465584551900",1,2243.7367164667,"Americas",2243.7367164667,60.2497728124611,"Jamaica"
"1346","35162164B87505352772757",2,675.493723097555,"Americas",1350.98744619511,47.8168510503773,"Jamaica"
"1347","35162164B8753161454074",1,2407.72025846038,"Americas",2407.72025846038,24.5580296768726,"Jamaica"
"1348","35162164B87941103289150",1,5425.24367118835,"Americas",5425.24367118835,5.76112474431129,"Jamaica"
"1349","35162164B88130973565417",1,1317.15951789383,"Americas",1317.15951789383,50.4872618639722,"Jamaica"
"1350","35162164B88170081075241",1,834.544609455541,"Americas",834.544609455541,68.7457152231112,"Jamaica"
"1351","35162164B88247729447591",1,760.729980841801,"Americas",760.729980841801,46.770180700141,"Jamaica"
"1352","35162164B88315297420476",1,384.812720959,"Americas",384.812720959,17.7070035096585,"Jamaica"
"1353","35162164B88427883385320",1,5066.03078168288,"Americas",5066.03078168288,38.8174580020778,"Jamaica"
"1354","35162164B88480680408023",1,2977.11442196235,"Americas",2977.11442196235,12.4925701325797,"Jamaica"
"1355","35162164B88569778097944",1,1636.25671233319,"Americas",1636.25671233319,53.9686841239475,"Jamaica"
"1356","35162164B88656538124428",1,745.695934500731,"Americas",745.695934500731,56.2600608709988,"Jamaica"
"1357","35162164B8865729404977",2,286.772860760242,"Americas",573.545721520484,50.6945327804439,"Jamaica"
"1358","35162164B88924439668944",1,385.792438439354,"Americas",385.792438439354,21.3299771387638,"Jamaica"
"1359","35162164B89182870898706",1,2751.47964150148,"Americas",2751.47964150148,60.2003154787976,"Jamaica"
"1360","35162164B89480386947841",1,5123.93471915398,"Americas",5123.93471915398,36.8466988264661,"Jamaica"
"1361","35162164B89618160361249",1,41588.6439542602,"Americas",41588.6439542602,38.5092109254506,"Jamaica"
"1362","35162164B89833620700240",1,5242.78375267029,"Americas",5242.78375267029,25.8958635700558,"Jamaica"
"1363","35162164B89901853898241",2,1088.08261567786,"Americas",2176.16523135572,48.188170606193,"Jamaica"
"1364","35162164B89920990843468",1,983.291816684306,"Americas",983.291816684306,56.5813184117441,"Jamaica"
"1365","35162164B90104213269537",1,6546.66125435702,"Americas",6546.66125435702,12.4560442066473,"Jamaica"
"1366","35162164B90129304114534",1,1423.63595394284,"Americas",1423.63595394284,30.5845115557116,"Jamaica"
"1367","35162164B90275404298477",2,1103.43880974226,"Americas",2206.87761948452,49.9525347116861,"Jamaica"
"1368","35162164B90437908780159",2,398.720009900853,"Americas",797.440019801706,39.0422609571888,"Jamaica"
"1369","35162164B90496375174706",1,832.713067907319,"Americas",832.713067907319,24.159246874028,"Jamaica"
"1370","35162164B90501646319876",1,399.765005476102,"Americas",399.765005476102,45.804135302885,"Jamaica"
"1371","35162164B90631715404715",1,5742.39783130646,"Americas",5742.39783130646,8.51674970313593,"Jamaica"
"1372","35162164B90727917616152",1,1827.35079117503,"Americas",1827.35079117503,39.6346498313825,"Jamaica"
"1373","35162164B90801381088985",1,3548.30092217013,"Americas",3548.30092217013,44.0815515054839,"Jamaica"
"1374","35162164B90853337499161",2,1437.88478163026,"Americas",2875.76956326052,46.5815898092836,"Jamaica"
"1375","35162164B90999728098455",1,2193.9558660971,"Americas",2193.9558660971,61.6989697675054,"Jamaica"
"1376","35162164B91014165776113",1,10982.0331640601,"Americas",10982.0331640601,20.5301243758541,"Jamaica"
"1377","35162164B91042411005085",2,869.101254237778,"Americas",1738.20250847556,41.9395923992167,"Jamaica"
"1378","35162164B91305720017158",1,5382.09653717041,"Americas",5382.09653717041,8.30616474324384,"Jamaica"
"1379","35162164B91625858594399",1,151.216490873098,"Americas",151.216490873098,9.66521707591103,"Jamaica"
"1380","35162164B91682450620726",1,378.107599633485,"Americas",378.107599633485,47.022279813801,"Jamaica"
"1381","35162164B91850627235480",1,14364.0332872313,"Americas",14364.0332872313,33.0692703592737,"Jamaica"
"1382","35162164B91948341108244",1,1112.74284680657,"Americas",1112.74284680657,52.3273570697597,"Jamaica"
"1383","35162164B92047869357109",1,633.018588438909,"Americas",633.018588438909,72.0468383966447,"Jamaica"
"1384","35162164B92247679350017",1,1977.70011056151,"Americas",1977.70011056151,35.2816238611085,"Jamaica"
"1385","35162164B92549367267608",2,1884.14000931704,"Americas",3768.28001863408,29.3709272403412,"Jamaica"
"1386","35162164B92781238126857",1,5945.52930885315,"Americas",5945.52930885315,29.5560053209847,"Jamaica"
"1387","35162164B93120993003597",1,9816.59941377375,"Americas",9816.59941377375,44.8021026072075,"Jamaica"
"1388","35162164B93275351105411",2,446.028308887929,"Americas",892.056617775858,44.2285045487808,"Jamaica"
"1389","35162164B93405453104311",1,1015.2047394,"Americas",1015.2047394,60.9847229785064,"Jamaica"
"1390","35162164B93697216068198",1,1053.76212774418,"Americas",1053.76212774418,58.4015503060417,"Jamaica"
"1391","35162164B9444925606644",2,1278.02472251974,"Americas",2556.04944503948,55.2597969027297,"Jamaica"
"1392","35162164B94591120431982",1,1838.23575466245,"Americas",1838.23575466245,57.1962827499122,"Jamaica"
"1393","35162164B94618775040480",1,13790.6897995207,"Americas",13790.6897995207,28.8830741267144,"Jamaica"
"1394","35162164B9477131027693",1,119.495331226662,"Americas",119.495331226662,20.2345992045812,"Jamaica"
"1395","35162164B94814409618708",1,6123.19005408418,"Americas",6123.19005408418,32.6701022875949,"Jamaica"
"1396","35162164B94878294408370",1,696.877350760605,"Americas",696.877350760605,34.7858536903985,"Jamaica"
"1397","35162164B94885023749257",1,2632.64060444701,"Americas",2632.64060444701,25.4802002570336,"Jamaica"
"1398","35162164B94979885438142",1,582.343507535495,"Americas",582.343507535495,26.1051304819222,"Jamaica"
"1399","35162164B95023156542012",1,192.506338642761,"Americas",192.506338642761,53.3976145526342,"Jamaica"
"1400","35162164B95086429513149",1,10436.5915876439,"Americas",10436.5915876439,43.0927912300211,"Jamaica"
"1401","35162164B95182825999511",1,766.327592026777,"Americas",766.327592026777,52.3908272543715,"Jamaica"
"1402","35162164B95235010398339",1,7556.16757211391,"Americas",7556.16757211391,15.2732106709356,"Jamaica"
"1403","35162164B95277716885398",1,2503.80219958793,"Americas",2503.80219958793,54.1862537973339,"Jamaica"
"1404","35162164B95336658593472",1,1286.4588791135,"Americas",1286.4588791135,26.3827403872801,"Jamaica"
"1405","35162164B95338494684554",2,1989.08037752807,"Americas",3978.16075505614,32.4941461021068,"Jamaica"
"1406","35162164B95735814838892",1,5577.96372232597,"Americas",5577.96372232597,67.5126498637761,"Jamaica"
"1407","35162164B95781779373245",1,494.772772508897,"Americas",494.772772508897,54.5710046113075,"Jamaica"
"1408","35162164B95822393911903",1,777.758464976624,"Americas",777.758464976624,40.7732111358667,"Jamaica"
"1409","35162164B95972022762023",1,13386.0713535273,"Americas",13386.0713535273,47.405901137714,"Jamaica"
"1410","35162164B95996470591729",1,13497.8943659017,"Americas",13497.8943659017,44.7587945691154,"Jamaica"
"1411","35162164B96084595050032",1,6359.62324589938,"Americas",6359.62324589938,26.6485497832684,"Jamaica"
"1412","35162164B96250965166702",1,1634.77120051863,"Americas",1634.77120051863,29.2313718705093,"Jamaica"
"1413","35162164B96295666653816",1,844.168470582962,"Americas",844.168470582962,48.0932357067626,"Jamaica"
"1414","35162164B96310726996388",1,10976.8717541122,"Americas",10976.8717541122,23.215571911129,"Jamaica"
"1415","35162164B96342745207455",2,95.6477130749822,"Americas",191.295426149964,3.38137067327253,"Jamaica"
"1416","35162164B96460942686930",1,320.027059257254,"Americas",320.027059257254,48.2767409067715,"Jamaica"
"1417","35162164B96583511443133",2,1159.54802936677,"Americas",2319.09605873354,61.9455701490266,"Jamaica"
"1418","35162164B96611236567141",1,8606.3508993274,"Americas",8606.3508993274,42.6028718625448,"Jamaica"
"1419","35162164B96640931331626",2,1744.57458973013,"Americas",3489.14917946026,54.787017757406,"Jamaica"
"1420","35162164B96692196397264",1,1804.84509989567,"Americas",1804.84509989567,62.9213428737233,"Jamaica"
"1421","35162164B96711316915897",1,6499.4471014173,"Americas",6499.4471014173,24.0673794960146,"Jamaica"
"1422","35162164B96715375867031",1,629.23301412601,"Americas",629.23301412601,53.6776904181559,"Jamaica"
"1423","35162164B96970037909745",1,8037.13268313352,"Americas",8037.13268313352,49.5057428308209,"Jamaica"
"1424","35162164B97038798352871",2,914.364777415097,"Americas",1828.72955483019,68.2186608911391,"Jamaica"
"1425","35162164B97331945744119",1,819.221263414361,"Americas",819.221263414361,59.2239314582514,"Jamaica"
"1426","35162164B97452353995756",2,2303.18944181755,"Americas",4606.3788836351,59.1046815872587,"Jamaica"
"1427","35162164B97490588079311",1,359.946907429993,"Americas",359.946907429993,37.3486467128661,"Jamaica"
"1428","35162164B97516507779443",1,2079.53248237349,"Americas",2079.53248237349,50.7752596544275,"Jamaica"
"1429","35162164B97541519725805",1,2356.84469181135,"Americas",2356.84469181135,29.0486316481344,"Jamaica"
"1430","35162164B97593710454644",1,9274.49923973233,"Americas",9274.49923973233,13.1917276845525,"Jamaica"
"1431","35162164B97601190647681",1,1105.76029026648,"Americas",1105.76029026648,52.8008032963479,"Jamaica"
"1432","35162164B97773298225598",1,297.706460818984,"Americas",297.706460818984,31.969367206671,"Jamaica"
"1433","35162164B9815447309573",1,31585.7580236415,"Americas",31585.7580236415,42.6434854870972,"Jamaica"
"1434","35162164B9855276322248",1,20861.9059803362,"Americas",20861.9059803362,14.9481601824722,"Jamaica"
"1435","35162164B9857986666330",1,1000.43945338413,"Americas",1000.43945338413,57.5801378998144,"Jamaica"
"1436","35162164B98657786354217",2,1585.43456592545,"Americas",3170.8691318509,53.3495714593912,"Jamaica"
"1437","35162164B9883700660134",2,3389.20782570168,"Americas",6778.41565140336,69.3453316363487,"Jamaica"
"1438","35162164B98980028218745",1,1801.24378623519,"Americas",1801.24378623519,61.431271522947,"Jamaica"
"1439","35162164B99106227267700",1,22928.4357258278,"Americas",22928.4357258278,43.1381191951538,"Jamaica"
"1440","35162164B99205050964205",2,441.902051241547,"Americas",883.804102483094,58.3232670493035,"Jamaica"
"1441","35162164B99322895276990",1,149.707021131963,"Americas",149.707021131963,42.4942000647513,"Jamaica"
"1442","35162164B99467656280123",1,416.539289498404,"Americas",416.539289498404,5.58793398652426,"Jamaica"
"1443","35162164B99492645825608",1,553.409574809559,"Americas",553.409574809559,60.6750878348657,"Jamaica"
"1444","35162164B99808802322822",1,532.026332469732,"Americas",532.026332469732,27.4903750584457,"Jamaica"
"1445","50627088B11126229802740",1,6838.60332290046,"Americas",6838.60332290046,45.9194560224963,"Mexico"
"1446","50627088B11336347088120",1,8451.12455218788,"Americas",8451.12455218788,63.731954193369,"Mexico"
"1447","50627088B11927657665908",2,14392.975038404,"Americas",28785.950076808,37.8909565315789,"Mexico"
"1448","50627088B12033458309920",1,17082.3629491952,"Americas",17082.3629491952,50.6181888063772,"Mexico"
"1449","50627088B12095165689012",1,31531.3011660489,"Americas",31531.3011660489,52.605719418051,"Mexico"
"1450","50627088B120983506636",1,8949.194958537,"Americas",8949.194958537,57.4618928504601,"Mexico"
"1451","50627088B13061406878483",1,1763.70314523779,"Americas",1763.70314523779,48.5904581797324,"Mexico"
"1452","50627088B1343071024100",1,2513.912401476,"Americas",2513.912401476,36.4777268325908,"Mexico"
"1453","50627088B13437276838139",1,4736.74510790337,"Americas",4736.74510790337,70.6229514850611,"Mexico"
"1454","50627088B13897730718633",1,442.06175005421,"Americas",442.06175005421,19.5599085935643,"Mexico"
"1455","50627088B14192360660462",2,1060.25763429701,"Americas",2120.51526859402,49.7965865951785,"Mexico"
"1456","50627088B14246153618123",2,31618.8373158219,"Americas",63237.6746316438,47.6697686006055,"Mexico"
"1457","50627088B14293404548968",1,256790.096074853,"Americas",256790.096074853,19.2645592341894,"Mexico"
"1458","50627088B14334632848246",1,6132.74260463074,"Americas",6132.74260463074,57.9571882188393,"Mexico"
"1459","50627088B14474633080003",1,22536.954895979,"Americas",22536.954895979,35.0234200035,"Mexico"
"1460","50627088B14708178050051",2,7616.01080144867,"Americas",15232.0216028973,49.9594125770676,"Mexico"
"1461","50627088B147152783463",2,51308.8139170165,"Americas",102617.627834033,31.6812480652773,"Mexico"
"1462","50627088B15099528987942",1,1496.47021558855,"Americas",1496.47021558855,57.6987471493254,"Mexico"
"1463","50627088B15325510278306",1,3654.65559859578,"Americas",3654.65559859578,51.1952606606602,"Mexico"
"1464","50627088B15392276223600",1,52083.2474421677,"Americas",52083.2474421677,56.8755210419545,"Mexico"
"1465","50627088B15605967871825",1,33879.6289838552,"Americas",33879.6289838552,59.9079088848217,"Mexico"
"1466","50627088B16110462273646",2,2429.48383410164,"Americas",4858.96766820328,47.3788604639811,"Mexico"
"1467","50627088B16225885503466",2,4856.41331189498,"Americas",9712.82662378996,55.8551005502729,"Mexico"
"1468","50627088B16250901962505",1,7534.27581462355,"Americas",7534.27581462355,67.8418613742019,"Mexico"
"1469","50627088B16315495781471",1,8036.38322483452,"Americas",8036.38322483452,56.4054431350985,"Mexico"
"1470","50627088B16316446425098",1,4475.55648841717,"Americas",4475.55648841717,67.3764140988235,"Mexico"
"1471","50627088B16380638770573",1,88349.8019833435,"Americas",88349.8019833435,38.3284708995735,"Mexico"
"1472","50627088B16530666088464",1,37328.0946961691,"Americas",37328.0946961691,52.73562057869,"Mexico"
"1473","50627088B1667917270930",1,7431.48709384208,"Americas",7431.48709384208,58.5366923159085,"Mexico"
"1474","50627088B16692163202625",3,25157.1611983006,"Americas",75471.4835949018,22.4151809554799,"Mexico"
"1475","50627088B1685589835575",1,3850.44823524926,"Americas",3850.44823524926,55.3555402152714,"Mexico"
"1476","50627088B16935461060546",1,10183.6029893855,"Americas",10183.6029893855,67.8457705917732,"Mexico"
"1477","50627088B17186904651787",1,5326.05609881654,"Americas",5326.05609881654,38.1712178608012,"Mexico"
"1478","50627088B17603753996885",2,98375.4302425189,"Americas",196750.860485038,27.8224257965554,"Mexico"
"1479","50627088B1760637250233",1,5039.80816328407,"Americas",5039.80816328407,56.2895560473996,"Mexico"
"1480","50627088B17645051575060",1,26310.7005654438,"Americas",26310.7005654438,54.114432986552,"Mexico"
"1481","50627088B17926070063491",1,8334.49685959377,"Americas",8334.49685959377,56.5071430322176,"Mexico"
"1482","50627088B1802746700322",1,2597.53903238412,"Americas",2597.53903238412,64.810621814752,"Mexico"
"1483","50627088B18700427518498",2,3437.77380452692,"Americas",6875.54760905384,44.9882252669946,"Mexico"
"1484","50627088B1882367012373",2,6207.88128735149,"Americas",12415.762574703,40.2440447406248,"Mexico"
"1485","50627088B18876706732637",1,5918.14456548002,"Americas",5918.14456548002,62.9496226508136,"Mexico"
"1486","50627088B18979328604802",2,40417.7326310998,"Americas",80835.4652621996,39.082384034927,"Mexico"
"1487","50627088B19629069707009",2,921.402033299829,"Americas",1842.80406659966,30.4256342750292,"Mexico"
"1488","50627088B19885629704089",1,21815.7560177802,"Americas",21815.7560177802,53.9877054841547,"Mexico"
"1489","50627088B2024609672342",2,4964.0362223117,"Americas",9928.0724446234,33.5731819992419,"Mexico"
"1490","50627088B20699508066130",1,5989.47441272773,"Americas",5989.47441272773,61.5006034072168,"Mexico"
"1491","50627088B20812688869072",1,4171.75844216792,"Americas",4171.75844216792,57.9931063096151,"Mexico"
"1492","50627088B21045528675432",1,153138.988545192,"Americas",153138.988545192,55.0931082778877,"Mexico"
"1493","50627088B21160446054995",2,36524.114259481,"Americas",73048.228518962,30.7158034244198,"Mexico"
"1494","50627088B21353339735014",1,7830.37708055584,"Americas",7830.37708055584,49.3263546157533,"Mexico"
"1495","50627088B21531122544022",1,408.011644594371,"Americas",408.011644594371,48.9179379035018,"Mexico"
"1496","50627088B21593643205085",1,73179.8021362333,"Americas",73179.8021362333,51.5120279080586,"Mexico"
"1497","50627088B22257473045304",2,4991.65843792143,"Americas",9983.31687584286,34.5794153644473,"Mexico"
"1498","50627088B2237882581222",2,18604.8291289162,"Americas",37209.6582578324,32.8370122603746,"Mexico"
"1499","50627088B22415210439928",2,2684.08506833424,"Americas",5368.17013666848,30.2295963905718,"Mexico"
"1500","50627088B22623641614442",1,34102.2142454535,"Americas",34102.2142454535,67.8943492082601,"Mexico"
"1501","50627088B22821313944605",1,15157.2631942149,"Americas",15157.2631942149,77.4607103784644,"Mexico"
"1502","50627088B23444844999779",1,5408.89246696476,"Americas",5408.89246696476,64.7364422416891,"Mexico"
"1503","50627088B24454448227409",2,3248.4005368471,"Americas",6496.8010736942,37.2759185149514,"Mexico"
"1504","50627088B24493610345769",1,56676.4347884831,"Americas",56676.4347884831,41.158834133099,"Mexico"
"1505","50627088B24566890251598",1,45264.2392309911,"Americas",45264.2392309911,57.4660382457914,"Mexico"
"1506","50627088B24821438412486",1,1488.92734165966,"Americas",1488.92734165966,74.4037735257193,"Mexico"
"1507","50627088B24932390354910",1,17650.4679368237,"Americas",17650.4679368237,58.2774597580846,"Mexico"
"1508","50627088B25525768162846",2,6775.04928065085,"Americas",13550.0985613017,36.5799326356388,"Mexico"
"1509","50627088B25658637599997",1,5212.56548197219,"Americas",5212.56548197219,54.1724057188244,"Mexico"
"1510","50627088B25667047136129",1,11765.487530578,"Americas",11765.487530578,53.1509475025059,"Mexico"
"1511","50627088B26414808863062",1,1965.43570617586,"Americas",1965.43570617586,54.3042501909868,"Mexico"
"1512","50627088B2648172559689",2,4159.37653417787,"Americas",8318.75306835574,37.3185900555397,"Mexico"
"1513","50627088B26759671205553",1,1978.20502382591,"Americas",1978.20502382591,62.5891802418942,"Mexico"
"1514","50627088B26783383987854",1,14910.582946013,"Americas",14910.582946013,55.2344700351628,"Mexico"
"1515","50627088B26941201425875",1,29124.7523127138,"Americas",29124.7523127138,52.9691671496496,"Mexico"
"1516","50627088B27024757468193",1,8031.8515664801,"Americas",8031.8515664801,57.8448143893458,"Mexico"
"1517","50627088B2703983374094",1,6812.09870881237,"Americas",6812.09870881237,57.192005065253,"Mexico"
"1518","50627088B28007976268142",1,37206.0525986505,"Americas",37206.0525986505,53.1750414120447,"Mexico"
"1519","50627088B28176003338085",1,750.583127301,"Americas",750.583127301,32.9995198994008,"Mexico"
"1520","50627088B28272611145429",1,59535.923870896,"Americas",59535.923870896,52.0886038353429,"Mexico"
"1521","50627088B28791012424217",2,11822.3763413631,"Americas",23644.7526827262,34.7263142804312,"Mexico"
"1522","50627088B30008490692621",2,8348.53691903187,"Americas",16697.0738380637,39.4664708290554,"Mexico"
"1523","50627088B30378888459240",2,3959.48983153483,"Americas",7918.97966306966,47.4283796804174,"Mexico"
"1524","50627088B30666786900791",1,9999.00185693445,"Americas",9999.00185693445,38.8882751546577,"Mexico"
"1525","50627088B30927628561887",1,15093.7566855196,"Americas",15093.7566855196,51.3368991647676,"Mexico"
"1526","50627088B31181916661146",2,5620.88605143718,"Americas",11241.7721028744,45.2805895741312,"Mexico"
"1527","50627088B31709995716796",2,6379.53464427082,"Americas",12759.0692885416,45.4087444511111,"Mexico"
"1528","50627088B31860900059957",1,8318.38583001625,"Americas",8318.38583001625,52.5357027556516,"Mexico"
"1529","50627088B31942029589440",1,16800.4977367767,"Americas",16800.4977367767,45.1441144491003,"Mexico"
"1530","50627088B32232692879146",1,18521.9690308728,"Americas",18521.9690308728,58.7439894094925,"Mexico"
"1531","50627088B32535788787618",1,1019.94345256228,"Americas",1019.94345256228,58.3281979113488,"Mexico"
"1532","50627088B3254023966858",2,9985.90386440932,"Americas",19971.8077288186,41.2269042531446,"Mexico"
"1533","50627088B32826565100822",2,4099.93346906108,"Americas",8199.86693812216,46.7856981161308,"Mexico"
"1534","50627088B32967205278142",1,1068.86908967664,"Americas",1068.86908967664,43.5784546648489,"Mexico"
"1535","50627088B33135949897884",1,7448.75114279363,"Americas",7448.75114279363,61.2236728529492,"Mexico"
"1536","50627088B33701655383070",2,4092.86972764824,"Americas",8185.73945529648,43.3719472719556,"Mexico"
"1537","50627088B33781638054164",2,2121.15160088998,"Americas",4242.30320177996,52.2574600069223,"Mexico"
"1538","50627088B33847319149889",1,13132.7984230546,"Americas",13132.7984230546,66.2105743463211,"Mexico"
"1539","50627088B33975592508393",1,12698.0511808025,"Americas",12698.0511808025,69.1384529907216,"Mexico"
"1540","50627088B34131206486621",1,1102.78782772199,"Americas",1102.78782772199,58.350585620922,"Mexico"
"1541","50627088B34380918216366",2,9187.165644244,"Americas",18374.331288488,39.1597050437575,"Mexico"
"1542","50627088B35219806779119",2,4099.46971977148,"Americas",8198.93943954296,43.1981625030442,"Mexico"
"1543","50627088B35355402430681",2,3030.02546078872,"Americas",6060.05092157744,41.3147151995074,"Mexico"
"1544","50627088B3562448791337",1,11511.4112522629,"Americas",11511.4112522629,46.9324767075984,"Mexico"
"1545","50627088B36163788288008",1,63929.4117976635,"Americas",63929.4117976635,44.9336453070426,"Mexico"
"1546","50627088B36255961277224",1,19151.8438525588,"Americas",19151.8438525588,57.4060087493682,"Mexico"
"1547","50627088B36339688487360",1,2288.0576331329,"Americas",2288.0576331329,61.5789540906191,"Mexico"
"1548","50627088B3724997365997",1,24972.3382329617,"Americas",24972.3382329617,49.6001731073751,"Mexico"
"1549","50627088B37332042551424",1,30899.1574541795,"Americas",30899.1574541795,40.4500644432632,"Mexico"
"1550","50627088B37412880496873",1,47529.5476255513,"Americas",47529.5476255513,41.8969249204557,"Mexico"
"1551","50627088B37854102096410",1,28885.9939252897,"Americas",28885.9939252897,41.1711194284564,"Mexico"
"1552","50627088B37931435586909",2,3925.47041748877,"Americas",7850.94083497754,47.7012590110896,"Mexico"
"1553","50627088B37931704474648",1,2020.59851886984,"Americas",2020.59851886984,38.56871949836,"Mexico"
"1554","50627088B3794294637731",1,14770.5820064336,"Americas",14770.5820064336,48.1646374855964,"Mexico"
"1555","50627088B37986701156918",1,3510.88147597667,"Americas",3510.88147597667,60.3634047665836,"Mexico"
"1556","50627088B38416403293523",1,1419.99478035114,"Americas",1419.99478035114,61.604796132111,"Mexico"
"1557","50627088B38726210466963",2,1680.1856375373,"Americas",3360.3712750746,52.1779366962074,"Mexico"
"1558","50627088B38743512142751",1,104546.686778772,"Americas",104546.686778772,38.708669137385,"Mexico"
"1559","50627088B38874433306118",1,220205.579508624,"Americas",220205.579508624,30.5027305847665,"Mexico"
"1560","50627088B38884346620814",1,14051.0639267591,"Americas",14051.0639267591,57.3950317580715,"Mexico"
"1561","50627088B39199375573066",1,5342.17936831456,"Americas",5342.17936831456,57.4086742604201,"Mexico"
"1562","50627088B39502815405022",1,2775.03167972773,"Americas",2775.03167972773,51.7592503640177,"Mexico"
"1563","50627088B39564204032097",1,49213.8181165869,"Americas",49213.8181165869,57.9655754277561,"Mexico"
"1564","50627088B39566324417848",2,10799.4007158095,"Americas",21598.801431619,29.001120122122,"Mexico"
"1565","50627088B39624413829730",1,5884.51427686121,"Americas",5884.51427686121,47.7932103689198,"Mexico"
"1566","50627088B39788143145852",2,20265.7266128531,"Americas",40531.4532257062,40.9148144958198,"Mexico"
"1567","50627088B40114968381237",2,3915.16211513512,"Americas",7830.32423027024,47.6266658904547,"Mexico"
"1568","50627088B40370346944296",2,44571.1772196702,"Americas",89142.3544393404,35.261996601917,"Mexico"
"1569","50627088B40432744920645",2,12250.498093941,"Americas",24500.996187882,40.8253517270675,"Mexico"
"1570","50627088B40588220742551",2,3127.64035193124,"Americas",6255.28070386248,45.6388341543902,"Mexico"
"1571","50627088B40660272766976",1,5529.06515680999,"Americas",5529.06515680999,40.5832442094185,"Mexico"
"1572","50627088B40990940579560",2,9717.15826302531,"Americas",19434.3165260506,49.1296166388302,"Mexico"
"1573","50627088B41221510425691",1,28871.7075875536,"Americas",28871.7075875536,63.7029839475111,"Mexico"
"1574","50627088B42338204291067",1,2772.91005561125,"Americas",2772.91005561125,60.8767425571501,"Mexico"
"1575","50627088B42339229292955",1,30377.7887590119,"Americas",30377.7887590119,54.0263173911967,"Mexico"
"1576","50627088B42356912123760",1,11742.5384891868,"Americas",11742.5384891868,50.4603011388244,"Mexico"
"1577","50627088B4261822840541",1,38747.5325544865,"Americas",38747.5325544865,52.3025265180743,"Mexico"
"1578","50627088B42861355241506",1,11054.7902397272,"Americas",11054.7902397272,49.2065779484107,"Mexico"
"1579","50627088B42910044871865",1,1384.91841478887,"Americas",1384.91841478887,57.8151208698214,"Mexico"
"1580","50627088B43932249609701",1,2576.86695299089,"Americas",2576.86695299089,57.0206971496725,"Mexico"
"1581","50627088B43968623050569",2,4324.4027414005,"Americas",8648.805482801,43.8570587580373,"Mexico"
"1582","50627088B43977727646582",2,6431.22654444831,"Americas",12862.4530888966,29.4494510312309,"Mexico"
"1583","50627088B44259809604887",1,4356.61640060661,"Americas",4356.61640060661,54.8110009851264,"Mexico"
"1584","50627088B44400770228154",1,1406.87054955612,"Americas",1406.87054955612,66.298097978103,"Mexico"
"1585","50627088B44636472073228",1,4096.36497143444,"Americas",4096.36497143444,70.4761924042369,"Mexico"
"1586","50627088B45339829502466",2,1605.96614765361,"Americas",3211.93229530722,38.7054373455374,"Mexico"
"1587","50627088B45441994431912",2,3101.49374500299,"Americas",6202.98749000598,43.8655464376989,"Mexico"
"1588","50627088B45724771957529",1,11216.926940294,"Americas",11216.926940294,56.6441197754551,"Mexico"
"1589","50627088B46222132432578",2,7098.54224481325,"Americas",14197.0844896265,50.8603309886368,"Mexico"
"1590","50627088B46621224657195",2,3313.95877506038,"Americas",6627.91755012076,48.5573560664483,"Mexico"
"1591","50627088B46902848147083",2,856580.753896043,"Americas",1713161.50779209,11.9360509222689,"Mexico"
"1592","50627088B46995962784697",1,44711.197117155,"Americas",44711.197117155,47.8995323540664,"Mexico"
"1593","50627088B4763987970493",1,1755.80077789497,"Americas",1755.80077789497,49.736804604715,"Mexico"
"1594","50627088B47903559300993",1,48862.8153123906,"Americas",48862.8153123906,32.1297369949833,"Mexico"
"1595","50627088B48530858037738",1,767.141162334308,"Americas",767.141162334308,55.6615158347572,"Mexico"
"1596","50627088B48570898025332",1,23264.363995988,"Americas",23264.363995988,65.1641719794981,"Mexico"
"1597","50627088B48919250536034",1,1375.8716340387,"Americas",1375.8716340387,49.9156655391525,"Mexico"
"1598","50627088B49357415641564",1,3653.51851506926,"Americas",3653.51851506926,51.8121731660835,"Mexico"
"1599","50627088B4984202667575",1,3991.19000872877,"Americas",3991.19000872877,57.2690366646252,"Mexico"
"1600","50627088B49969803808999",2,14219.1541685094,"Americas",28438.3083370188,46.3030133159607,"Mexico"
"1601","50627088B50740950401551",2,4458.58403270344,"Americas",8917.16806540688,43.1378708495828,"Mexico"
"1602","50627088B509896557261",1,1147.98503451547,"Americas",1147.98503451547,42.0114565408772,"Mexico"
"1603","50627088B51124691471902",2,5464.30900041387,"Americas",10928.6180008277,47.1832164011782,"Mexico"
"1604","50627088B51167334219016",1,3031.52020890094,"Americas",3031.52020890094,66.733075137793,"Mexico"
"1605","50627088B51524956597076",2,8114.82750371805,"Americas",16229.6550074361,35.732943668,"Mexico"
"1606","50627088B51809073979104",2,3624.66914588234,"Americas",7249.33829176468,40.127431593174,"Mexico"
"1607","50627088B52041523995534",1,1258.05077007176,"Americas",1258.05077007176,53.0001330008246,"Mexico"
"1608","50627088B52213754253598",2,5920.05236121915,"Americas",11840.1047224383,39.2358031863349,"Mexico"
"1609","50627088B5234987061010",2,6120.69413920064,"Americas",12241.3882784013,37.9303591385929,"Mexico"
"1610","50627088B52371381549393",2,30837.0786828767,"Americas",61674.1573657534,36.4227150897099,"Mexico"
"1611","50627088B52982407932693",2,7553.57702126363,"Americas",15107.1540425273,44.8891134714028,"Mexico"
"1612","50627088B53037445853541",1,25313.0079756396,"Americas",25313.0079756396,40.0745819097383,"Mexico"
"1613","50627088B53386333601556",1,3827.96924335128,"Americas",3827.96924335128,59.9961324955512,"Mexico"
"1614","50627088B54059614854517",1,3625.20747317579,"Americas",3625.20747317579,59.9964204871216,"Mexico"
"1615","50627088B5493322532646",1,36308.0805220218,"Americas",36308.0805220218,71.1946956900657,"Mexico"
"1616","50627088B54996200211421",1,6514.29913581522,"Americas",6514.29913581522,49.6334183350772,"Mexico"
"1617","50627088B55125244226498",1,8193.43461492606,"Americas",8193.43461492606,69.8745103289131,"Mexico"
"1618","50627088B55169322722407",1,1369.85000491451,"Americas",1369.85000491451,65.440250109303,"Mexico"
"1619","50627088B55174657645518",3,694680.349013387,"Americas",2084041.04704016,29.4167516224511,"Mexico"
"1620","50627088B55202518937979",2,86019.7292855337,"Americas",172039.458571067,35.1203069469593,"Mexico"
"1621","50627088B55263870930805",1,5803.59840040371,"Americas",5803.59840040371,60.7853794620606,"Mexico"
"1622","50627088B55923082942331",2,4531.72024087943,"Americas",9063.44048175886,45.5043434296383,"Mexico"
"1623","50627088B56157188370772",1,782.077188750147,"Americas",782.077188750147,53.9829582840503,"Mexico"
"1624","50627088B56335708263076",1,32369.425822536,"Americas",32369.425822536,65.0168162805499,"Mexico"
"1625","50627088B56884755613455",1,329263.29048539,"Americas",329263.29048539,40.4646886446124,"Mexico"
"1626","50627088B57037698095260",1,33121.3805699519,"Americas",33121.3805699519,47.1009147134,"Mexico"
"1627","50627088B57657804580425",2,4380.9505738768,"Americas",8761.9011477536,39.565576819553,"Mexico"
"1628","50627088B57696303957439",1,580.16878109416,"Americas",580.16878109416,58.8725701306383,"Mexico"
"1629","50627088B58043403570664",1,5849.84653349966,"Americas",5849.84653349966,64.4354718384675,"Mexico"
"1630","50627088B58610897814329",1,41374.4313136205,"Americas",41374.4313136205,60.1278386471318,"Mexico"
"1631","50627088B58931459809132",1,18909.4882490336,"Americas",18909.4882490336,62.329123450736,"Mexico"
"1632","50627088B59377752165188",1,13876.1179239114,"Americas",13876.1179239114,68.8011351508289,"Mexico"
"1633","50627088B59545948667836",1,6121.74191779513,"Americas",6121.74191779513,65.2318041836987,"Mexico"
"1634","50627088B59546210151388",2,5310.9654030391,"Americas",10621.9308060782,44.1841982625708,"Mexico"
"1635","50627088B60332279598838",2,3651.04346436664,"Americas",7302.08692873328,41.702445203737,"Mexico"
"1636","50627088B60877418220141",1,1696.93939318275,"Americas",1696.93939318275,51.7125174872809,"Mexico"
"1637","50627088B62189506174219",1,146282.385051232,"Americas",146282.385051232,35.3659994106495,"Mexico"
"1638","50627088B62824552173050",1,12142.8728717881,"Americas",12142.8728717881,54.4549030528808,"Mexico"
"1639","50627088B62885072459196",1,21568.8436208588,"Americas",21568.8436208588,72.0184948665302,"Mexico"
"1640","50627088B63024463665559",1,7727.76183890993,"Americas",7727.76183890993,49.5130663728309,"Mexico"
"1641","50627088B63268830739579",1,18436.6060809495,"Americas",18436.6060809495,48.1322615942659,"Mexico"
"1642","50627088B63332967359881",1,27973.6715680853,"Americas",27973.6715680853,55.7454484532831,"Mexico"
"1643","50627088B63495042821208",1,446006.293907941,"Americas",446006.293907941,34.7365795272395,"Mexico"
"1644","50627088B64335355179206",1,3494.84182748973,"Americas",3494.84182748973,66.4288777157813,"Mexico"
"1645","50627088B64482262192688",1,4577.89868270964,"Americas",4577.89868270964,54.1771074370835,"Mexico"
"1646","50627088B64633222678632",1,10357.2588141396,"Americas",10357.2588141396,53.9107665152062,"Mexico"
"1647","50627088B64715613220585",1,197771.164572678,"Americas",197771.164572678,12.3966444633371,"Mexico"
"1648","50627088B6495854920527",1,3171.68617891818,"Americas",3171.68617891818,57.1291635518567,"Mexico"
"1649","50627088B65029652077397",1,18363.7720622306,"Americas",18363.7720622306,51.2179980932281,"Mexico"
"1650","50627088B65715606255874",1,40797.5411189333,"Americas",40797.5411189333,68.7534904932445,"Mexico"
"1651","50627088B65842169677183",1,4017.57267653804,"Americas",4017.57267653804,41.188211505792,"Mexico"
"1652","50627088B65871153010469",2,3072.16410403336,"Americas",6144.32820806672,39.2317757519374,"Mexico"
"1653","50627088B66284744299832",1,5074.12468566831,"Americas",5074.12468566831,52.7730645095088,"Mexico"
"1654","50627088B66414175482528",2,5396.21226760088,"Americas",10792.4245352018,47.106182260489,"Mexico"
"1655","50627088B66496365235965",1,64205.075505241,"Americas",64205.075505241,49.3252060731407,"Mexico"
"1656","50627088B66728778479631",2,18612.5546103376,"Americas",37225.1092206752,46.2237675753309,"Mexico"
"1657","50627088B67136120570022",1,20139.9715843478,"Americas",20139.9715843478,45.9301843185912,"Mexico"
"1658","50627088B67184194855062",1,8962.91245451286,"Americas",8962.91245451286,58.7604285090474,"Mexico"
"1659","50627088B67478118137256",1,249873.811867492,"Americas",249873.811867492,24.0072645464404,"Mexico"
"1660","50627088B6821892138285",1,759.684379617423,"Americas",759.684379617423,53.1524746581377,"Mexico"
"1661","50627088B68514471367949",2,6033.67822783697,"Americas",12067.3564556739,47.9685558596105,"Mexico"
"1662","50627088B68824645549174",2,2470.67345042495,"Americas",4941.3469008499,47.8380775557786,"Mexico"
"1663","50627088B69008234776647",1,4103.97090607395,"Americas",4103.97090607395,66.5466494663566,"Mexico"
"1664","50627088B69658113715616",1,17524.195758522,"Americas",17524.195758522,46.3503446225957,"Mexico"
"1665","50627088B69738836017174",1,24398.0165926888,"Americas",24398.0165926888,68.4257714491303,"Mexico"
"1666","50627088B697962436466",1,8896.7587169567,"Americas",8896.7587169567,55.3935714045321,"Mexico"
"1667","50627088B70780361544705",2,8415.40283141086,"Americas",16830.8056628217,28.3913209058066,"Mexico"
"1668","50627088B70845005155538",1,7571.65997163783,"Americas",7571.65997163783,67.3110758280732,"Mexico"
"1669","50627088B70849430665629",1,284121.456345012,"Americas",284121.456345012,38.0759480522512,"Mexico"
"1670","50627088B71136761933939",1,295398.105560843,"Americas",295398.105560843,17.6015561547273,"Mexico"
"1671","50627088B71365052188034",1,17146.5329068665,"Americas",17146.5329068665,53.7282128741631,"Mexico"
"1672","50627088B71737846515518",1,3940.76637740381,"Americas",3940.76637740381,48.217935448283,"Mexico"
"1673","50627088B71815805148908",2,8424.20095220157,"Americas",16848.4019044031,43.9874936812764,"Mexico"
"1674","50627088B72603284023159",1,2963.72523160026,"Americas",2963.72523160026,60.4567990628773,"Mexico"
"1675","50627088B72641444034530",1,8066.81370580257,"Americas",8066.81370580257,55.5898931365222,"Mexico"
"1676","50627088B72724405563530",2,17476.002654554,"Americas",34952.005309108,56.9015892819735,"Mexico"
"1677","50627088B72731607601772",1,22103.2640141707,"Americas",22103.2640141707,43.9717765875609,"Mexico"
"1678","50627088B73039114437677",1,3379.05821840111,"Americas",3379.05821840111,57.6614415499405,"Mexico"
"1679","50627088B73077765096958",1,1770.64861328457,"Americas",1770.64861328457,56.6788510156833,"Mexico"
"1680","50627088B73617398914248",1,13389.7308833752,"Americas",13389.7308833752,55.0018770999615,"Mexico"
"1681","50627088B73770248415585",1,74032.961351465,"Americas",74032.961351465,49.0446065222559,"Mexico"
"1682","50627088B74291328650735",1,20325.4970585974,"Americas",20325.4970585974,54.2658991690772,"Mexico"
"1683","50627088B75439888832629",1,1463.90544203918,"Americas",1463.90544203918,50.1951308932113,"Mexico"
"1684","50627088B75957379157629",1,12708.9611354419,"Americas",12708.9611354419,66.9434346368104,"Mexico"
"1685","50627088B76307625874886",1,10188.0532367435,"Americas",10188.0532367435,54.4925482814536,"Mexico"
"1686","50627088B76422915094353",1,5802.92327811583,"Americas",5802.92327811583,54.3377337464204,"Mexico"
"1687","50627088B76826133075245",2,4657.41047696665,"Americas",9314.8209539333,43.0399489118294,"Mexico"
"1688","50627088B7685110871098",1,25421.5749201148,"Americas",25421.5749201148,65.2780084416713,"Mexico"
"1689","50627088B77263395390231",2,5304.57960829125,"Americas",10609.1592165825,28.6918095454129,"Mexico"
"1690","50627088B77464015235470",1,15690.7673157086,"Americas",15690.7673157086,45.6838443636524,"Mexico"
"1691","50627088B77720764307123",2,3749.42902441908,"Americas",7498.85804883816,40.4807084411178,"Mexico"
"1692","50627088B77951750237496",1,4334.07646839097,"Americas",4334.07646839097,66.9215482754036,"Mexico"
"1693","50627088B78059465954493",1,1677.45675150136,"Americas",1677.45675150136,67.5033340025659,"Mexico"
"1694","50627088B78980153949014",1,2581.59442631051,"Americas",2581.59442631051,62.2687377674332,"Mexico"
"1695","50627088B79233583938817",2,103682.120188871,"Americas",207364.240377742,22.9061505980006,"Mexico"
"1696","50627088B79587676431474",1,3630.93785545826,"Americas",3630.93785545826,60.5269299680243,"Mexico"
"1697","50627088B79623688791809",1,12739.9839105385,"Americas",12739.9839105385,63.7831849690057,"Mexico"
"1698","50627088B79749806486423",1,2555.60299653158,"Americas",2555.60299653158,61.491929707962,"Mexico"
"1699","50627088B80883167871342",1,1419.9640677274,"Americas",1419.9640677274,66.848534014951,"Mexico"
"1700","50627088B81150073591621",2,3573.23276216234,"Americas",7146.46552432468,46.1279242911281,"Mexico"
"1701","50627088B81693783238627",1,6186.09481750152,"Americas",6186.09481750152,72.0773838531727,"Mexico"
"1702","50627088B81743896776092",1,53189.2125199703,"Americas",53189.2125199703,51.3807349825474,"Mexico"
"1703","50627088B81925526964077",1,12758.5449342975,"Americas",12758.5449342975,48.2816448051253,"Mexico"
"1704","50627088B8241374845255",1,40763.4665805917,"Americas",40763.4665805917,52.1040617111072,"Mexico"
"1705","50627088B82603535513252",1,1747.92232404612,"Americas",1747.92232404612,59.1506973668684,"Mexico"
"1706","50627088B83026580761392",1,3401.62799697183,"Americas",3401.62799697183,45.7785411660788,"Mexico"
"1707","50627088B8337648653964",1,5354.1749946068,"Americas",5354.1749946068,59.0870285614661,"Mexico"
"1708","50627088B83810267980946",2,4325.92395719452,"Americas",8651.84791438904,47.9420588315131,"Mexico"
"1709","50627088B83816556516",1,9762.55788865607,"Americas",9762.55788865607,57.3613391004454,"Mexico"
"1710","50627088B84243272648939",1,10615.5027904092,"Americas",10615.5027904092,58.6199086941341,"Mexico"
"1711","50627088B84369404768705",1,1139.47609227031,"Americas",1139.47609227031,59.6421665598693,"Mexico"
"1712","50627088B84511814526600",2,1189.37260642138,"Americas",2378.74521284276,44.7338791869208,"Mexico"
"1713","50627088B84554678203253",1,75852.0966790613,"Americas",75852.0966790613,52.535563889252,"Mexico"
"1714","50627088B84584796932653",1,10567.1575012949,"Americas",10567.1575012949,55.5649499278163,"Mexico"
"1715","50627088B84672530546512",1,16275.7563996733,"Americas",16275.7563996733,44.4236179326228,"Mexico"
"1716","50627088B84888194044649",1,49272.1803220438,"Americas",49272.1803220438,46.8177450090148,"Mexico"
"1717","50627088B84990602370402",2,10903.135265603,"Americas",21806.270531206,41.0021581785925,"Mexico"
"1718","50627088B85005499494284",1,817.795768109672,"Americas",817.795768109672,67.7870480378898,"Mexico"
"1719","50627088B85126992940446",1,63301.8551803976,"Americas",63301.8551803976,35.2213189133453,"Mexico"
"1720","50627088B85227012924618",2,2267.05508537693,"Americas",4534.11017075386,41.3960519988487,"Mexico"
"1721","50627088B85246056724718",1,7344.24816291463,"Americas",7344.24816291463,61.5257365002837,"Mexico"
"1722","50627088B85326634541004",1,5359.04682725422,"Americas",5359.04682725422,64.6333441112632,"Mexico"
"1723","50627088B85628138735153",1,29205.0908129557,"Americas",29205.0908129557,48.029293204171,"Mexico"
"1724","50627088B85707069751061",1,42945.3094867161,"Americas",42945.3094867161,62.9689520394899,"Mexico"
"1725","50627088B85761395013038",1,833319.94158061,"Americas",833319.94158061,31.3767604823888,"Mexico"
"1726","50627088B85830591431491",1,23621.7605000692,"Americas",23621.7605000692,67.2275303378165,"Mexico"
"1727","50627088B86560413355092",2,17552.0325923141,"Americas",35104.0651846282,41.0338565889121,"Mexico"
"1728","50627088B87243805311427",1,869.22318932401,"Americas",869.22318932401,56.4333634648568,"Mexico"
"1729","50627088B87293297593146",2,18402.7244847386,"Americas",36805.4489694772,44.6312945746427,"Mexico"
"1730","50627088B87569802470546",1,77923.9734745587,"Americas",77923.9734745587,61.8540480472583,"Mexico"
"1731","50627088B87808414718325",1,2748.36392738102,"Americas",2748.36392738102,55.231582727795,"Mexico"
"1732","50627088B88355080019146",1,106993.035298409,"Americas",106993.035298409,46.4098641436778,"Mexico"
"1733","50627088B88531455891117",1,1182.60539640257,"Americas",1182.60539640257,47.9958608565191,"Mexico"
"1734","50627088B886446566830",1,5502.51890347885,"Americas",5502.51890347885,49.8418214393106,"Mexico"
"1735","50627088B8879527191332",1,10722.4763989854,"Americas",10722.4763989854,53.535666964141,"Mexico"
"1736","50627088B88893827889923",1,1572.38474160684,"Americas",1572.38474160684,49.426643185237,"Mexico"
"1737","50627088B89189510958197",1,23803.0181877727,"Americas",23803.0181877727,52.8143644365901,"Mexico"
"1738","50627088B89338735771017",2,7865.1793878017,"Americas",15730.3587756034,35.4439324594417,"Mexico"
"1739","50627088B89618269520255",1,6034.69608369804,"Americas",6034.69608369804,17.4406621231338,"Mexico"
"1740","50627088B89843068192047",1,44374.338339114,"Americas",44374.338339114,26.0569958309815,"Mexico"
"1741","50627088B89953909022202",1,48608.9440750317,"Americas",48608.9440750317,49.8807958516252,"Mexico"
"1742","50627088B89954579529198",1,1391.90735604271,"Americas",1391.90735604271,62.9330570601321,"Mexico"
"1743","50627088B89974538637092",1,2133.61011044266,"Americas",2133.61011044266,70.7529102755736,"Mexico"
"1744","50627088B90299742739886",1,78619.8557243559,"Americas",78619.8557243559,52.0006691317807,"Mexico"
"1745","50627088B9042251287678",1,6975.5865360104,"Americas",6975.5865360104,64.9750551084618,"Mexico"
"1746","50627088B90453813350653",1,2028.20405022327,"Americas",2028.20405022327,59.4042650351273,"Mexico"
"1747","50627088B91024651909161",1,56781.827600357,"Americas",56781.827600357,40.8074275983967,"Mexico"
"1748","50627088B91414263136066",1,28345.6899017347,"Americas",28345.6899017347,63.8882881694826,"Mexico"
"1749","50627088B91833762276728",1,8270.7248406963,"Americas",8270.7248406963,61.6647465213073,"Mexico"
"1750","50627088B91995558537329",1,1111.33370159866,"Americas",1111.33370159866,55.7572287598492,"Mexico"
"1751","50627088B92396547767690",1,2277.8379737165,"Americas",2277.8379737165,37.6451677218341,"Mexico"
"1752","50627088B92542152124342",1,865.61584797483,"Americas",865.61584797483,66.1107060979873,"Mexico"
"1753","50627088B92943717279991",1,606.113010598086,"Americas",606.113010598086,54.9091410775846,"Mexico"
"1754","50627088B93065447569005",1,1539.1658194482,"Americas",1539.1658194482,65.2101946966434,"Mexico"
"1755","50627088B93169403456480",2,5169.78764090873,"Americas",10339.5752818175,50.6863746280247,"Mexico"
"1756","50627088B93641399425538",2,7613.98068508796,"Americas",15227.9613701759,45.9300172052075,"Mexico"
"1757","50627088B93748146703030",2,47652.0848478047,"Americas",95304.1696956094,24.7009600140976,"Mexico"
"1758","50627088B94686315759105",1,12438.0191658933,"Americas",12438.0191658933,68.4147700302096,"Mexico"
"1759","50627088B94698794440678",2,8330.60695579044,"Americas",16661.2139115809,44.2983591826088,"Mexico"
"1760","50627088B94701207387922",2,6219.77285516904,"Americas",12439.5457103381,26.3434048794226,"Mexico"
"1761","50627088B95040904280046",2,2269.57642559689,"Americas",4539.15285119378,40.3593238520009,"Mexico"
"1762","50627088B95140334910762",1,17231.4222697498,"Americas",17231.4222697498,59.2564500543571,"Mexico"
"1763","50627088B95412074222990",1,30434.144780008,"Americas",30434.144780008,61.5523554060981,"Mexico"
"1764","50627088B95910287491923",2,2830.06093670215,"Americas",5660.1218734043,57.0003594700497,"Mexico"
"1765","50627088B95956729809463",1,30607.1730052806,"Americas",30607.1730052806,67.6498213559305,"Mexico"
"1766","50627088B96135339135610",2,3451.74041852243,"Americas",6903.48083704486,40.1186144318704,"Mexico"
"1767","50627088B96232623294583",2,35222.7171996985,"Americas",70445.434399397,43.2373963199965,"Mexico"
"1768","50627088B9654355924855",1,9613.07324874265,"Americas",9613.07324874265,65.3614262654832,"Mexico"
"1769","50627088B9709578345149",1,44795.4470244162,"Americas",44795.4470244162,40.9200873349397,"Mexico"
"1770","50627088B97358550185776",1,2363.0348809547,"Americas",2363.0348809547,53.9165965448632,"Mexico"
"1771","50627088B97404190214599",1,37451.9817921536,"Americas",37451.9817921536,48.1464650592099,"Mexico"
"1772","50627088B97864813450570",1,18985.4064090139,"Americas",18985.4064090139,46.4015125087568,"Mexico"
"1773","50627088B98184745232294",1,7630.38142924421,"Americas",7630.38142924421,50.5485070497406,"Mexico"
"1774","50627088B9866557271216",2,6867.3873809558,"Americas",13734.7747619116,36.9716538616346,"Mexico"
"1775","50627088B98936823972638",1,1343.1731797055,"Americas",1343.1731797055,61.080824778339,"Mexico"
"1776","52423323B10065184809144",1,1260.93919294607,"Americas",1260.93919294607,34.6291583403945,"United States of America"
"1777","52423323B10356189909314",1,24144.7700274875,"Americas",24144.7700274875,45.6722728422165,"United States of America"
"1778","52423323B10770912620871",1,10020.4045291673,"Americas",10020.4045291673,52.7730027164594,"United States of America"
"1779","52423323B11217217149990",1,16544.4286536257,"Americas",16544.4286536257,48.3627980696435,"United States of America"
"1780","52423323B11454809492263",1,196016.821219205,"Americas",196016.821219205,34.2848478598591,"United States of America"
"1781","52423323B1147631697949",1,36102.429561068,"Americas",36102.429561068,42.1102321120561,"United States of America"
"1782","52423323B11777472364014",1,163590.255194664,"Americas",163590.255194664,29.6915284125134,"United States of America"
"1783","52423323B12429161322070",1,15953.0821305615,"Americas",15953.0821305615,45.5784711478225,"United States of America"
"1784","52423323B12558460234328",1,44841.9965462851,"Americas",44841.9965462851,34.1961374950833,"United States of America"
"1785","52423323B12905112958239",1,28756.8208488229,"Americas",28756.8208488229,48.9544837729936,"United States of America"
"1786","52423323B13112190165396",1,23216.7745355853,"Americas",23216.7745355853,23.021200209856,"United States of America"
"1787","52423323B13152502054342",1,45343.6314525803,"Americas",45343.6314525803,37.2561922342629,"United States of America"
"1788","52423323B13440849980241",1,22487.1857619382,"Americas",22487.1857619382,44.3752839992292,"United States of America"
"1789","52423323B13486239193987",1,65670.0789858449,"Americas",65670.0789858449,34.2006146010535,"United States of America"
"1790","52423323B13528942112308",1,41667.8248588077,"Americas",41667.8248588077,32.1906839991815,"United States of America"
"1791","52423323B13826815912541",1,18735.4564072518,"Americas",18735.4564072518,39.3880815061331,"United States of America"
"1792","52423323B1474651347139",3,552221.815293309,"Americas",1656665.44587993,23.6591558910482,"United States of America"
"1793","52423323B15178674781049",2,10024.8218804511,"Americas",20049.6437609022,36.8254847406934,"United States of America"
"1794","52423323B15239481819744",1,42531.6082877019,"Americas",42531.6082877019,31.8116339471235,"United States of America"
"1795","52423323B15399017802977",1,44892.3619596964,"Americas",44892.3619596964,35.261836570789,"United States of America"
"1796","52423323B15524353330478",2,16643.3269957687,"Americas",33286.6539915374,46.5092149511202,"United States of America"
"1797","52423323B15729416108881",1,329142.823046993,"Americas",329142.823046993,27.1779613011749,"United States of America"
"1798","52423323B15750525116760",1,33608.4779724896,"Americas",33608.4779724896,39.8904664385481,"United States of America"
"1799","52423323B15791543684025",1,482235.073493147,"Americas",482235.073493147,29.7706278236501,"United States of America"
"1800","52423323B160469889501",1,317040.016631091,"Americas",317040.016631091,23.5391444540551,"United States of America"
"1801","52423323B16147855559492",1,13076.5120066599,"Americas",13076.5120066599,40.2524632914453,"United States of America"
"1802","52423323B16296289860077",1,68833.4421899746,"Americas",68833.4421899746,43.1307595736535,"United States of America"
"1803","52423323B16861027908547",1,19016.8921650645,"Americas",19016.8921650645,37.2657948638675,"United States of America"
"1804","52423323B17101546722120",1,408581.962447321,"Americas",408581.962447321,15.7677385115886,"United States of America"
"1805","52423323B17286883599255",1,3061.91176638994,"Americas",3061.91176638994,50.2772783418332,"United States of America"
"1806","52423323B1751844526398",1,218691.402917996,"Americas",218691.402917996,27.1205241952903,"United States of America"
"1807","52423323B17696390858849",2,14957.3775725783,"Americas",29914.7551451566,47.3077742680748,"United States of America"
"1808","52423323B179276843030",1,274647.086459896,"Americas",274647.086459896,33.010179439839,"United States of America"
"1809","52423323B18014802865122",1,104125.259509983,"Americas",104125.259509983,27.1516690376621,"United States of America"
"1810","52423323B18388852349045",1,433067.999639753,"Americas",433067.999639753,22.9723007450653,"United States of America"
"1811","52423323B18457012552494",1,544483.245939159,"Americas",544483.245939159,18.0549954624394,"United States of America"
"1812","52423323B18472828692910",1,417184.288135907,"Americas",417184.288135907,24.6983439336348,"United States of America"
"1813","52423323B1848134729501",2,22481.3513718983,"Americas",44962.7027437966,43.9144588048739,"United States of America"
"1814","52423323B18524543454126",1,2644.18454276305,"Americas",2644.18454276305,26.0693337470293,"United States of America"
"1815","52423323B18578133959698",1,7353.2081926963,"Americas",7353.2081926963,29.3310186437584,"United States of America"
"1816","52423323B19003785608571",1,78251.425619216,"Americas",78251.425619216,37.2509845593104,"United States of America"
"1817","52423323B1932057307983",1,43874.2192853522,"Americas",43874.2192853522,39.2613091742401,"United States of America"
"1818","52423323B19490558712126",1,35200.0229977126,"Americas",35200.0229977126,47.4619292257412,"United States of America"
"1819","52423323B19551708928957",2,18174.0657957332,"Americas",36348.1315914664,47.6069694631592,"United States of America"
"1820","52423323B20266765570331",1,32285.88200515,"Americas",32285.88200515,35.7752408424582,"United States of America"
"1821","52423323B20574885687600",1,15179.5564612849,"Americas",15179.5564612849,48.16914223,"United States of America"
"1822","52423323B20904030146167",2,81821.1389789004,"Americas",163642.277957801,41.1132732139231,"United States of America"
"1823","52423323B21823422169347",1,45109.3713722501,"Americas",45109.3713722501,34.7991681054065,"United States of America"
"1824","52423323B22473202242420",1,16037.5354302563,"Americas",16037.5354302563,51.5184667310095,"United States of America"
"1825","52423323B22525297064489",1,37785.0574072841,"Americas",37785.0574072841,28.4484491467354,"United States of America"
"1826","52423323B23030090649603",1,51072.4611970155,"Americas",51072.4611970155,33.0026937050097,"United States of America"
"1827","52423323B23065911216534",1,63997.4030330413,"Americas",63997.4030330413,21.8045803501744,"United States of America"
"1828","52423323B23187437311114",2,17278.5813167201,"Americas",34557.1626334402,51.0468191299407,"United States of America"
"1829","52423323B24006196223482",1,160499.501986634,"Americas",160499.501986634,30.765971566856,"United States of America"
"1830","52423323B24042566063234",2,19616.0533137989,"Americas",39232.1066275978,47.831289771877,"United States of America"
"1831","52423323B24171754221857",2,19475.9430043345,"Americas",38951.886008669,51.7533838234776,"United States of America"
"1832","52423323B24181813557828",1,10466.3684355374,"Americas",10466.3684355374,29.192618347688,"United States of America"
"1833","52423323B24194597484154",1,14456.3432510382,"Americas",14456.3432510382,49.457606732256,"United States of America"
"1834","52423323B24374118756393",1,6789.91314258808,"Americas",6789.91314258808,51.3710471040395,"United States of America"
"1835","52423323B24465829142626",2,10536.9860908168,"Americas",21073.9721816336,47.3654751453523,"United States of America"
"1836","52423323B24740485283278",1,316581.425452188,"Americas",316581.425452188,30.0692404797328,"United States of America"
"1837","52423323B25245708603821",1,43903.3665267391,"Americas",43903.3665267391,25.9422785775187,"United States of America"
"1838","52423323B25931574604795",2,17825.4255033573,"Americas",35650.8510067146,55.6614233422588,"United States of America"
"1839","52423323B26003221317012",1,83564.5892080069,"Americas",83564.5892080069,30.4104358628113,"United States of America"
"1840","52423323B26167875661566",1,34237.9173622131,"Americas",34237.9173622131,28.6734204888344,"United States of America"
"1841","52423323B26217734991778",1,28903.8232775366,"Americas",28903.8232775366,46.8712760604892,"United States of America"
"1842","52423323B2643841016629",1,22385.4057414613,"Americas",22385.4057414613,44.9572197484758,"United States of America"
"1843","52423323B2673135153008",1,6783.01730680787,"Americas",6783.01730680787,49.6927535638622,"United States of America"
"1844","52423323B27040576130410",3,392644.188090582,"Americas",1177932.56427175,27.436221291832,"United States of America"
"1845","52423323B27353440150163",1,534282.987785779,"Americas",534282.987785779,23.7874592983028,"United States of America"
"1846","52423323B27439582532785",1,27026.1995680076,"Americas",27026.1995680076,46.6933394820517,"United States of America"
"1847","52423323B27475125151595",1,15440.4087765194,"Americas",15440.4087765194,53.4467210096518,"United States of America"
"1848","52423323B2768857989995",1,1624.98278676061,"Americas",1624.98278676061,51.6842483872024,"United States of America"
"1849","52423323B27952664457255",1,183223.870887245,"Americas",183223.870887245,31.7997424515034,"United States of America"
"1850","52423323B28004932041096",1,38782.043447557,"Americas",38782.043447557,37.0681111033302,"United States of America"
"1851","52423323B28169903287246",1,40669.58263731,"Americas",40669.58263731,27.2586071171099,"United States of America"
"1852","52423323B28319824001651",1,24527.6337902153,"Americas",24527.6337902153,39.7787184869958,"United States of America"
"1853","52423323B28329041515862",1,10582.7432198292,"Americas",10582.7432198292,46.4216729009713,"United States of America"
"1854","52423323B28342113074407",1,60898.1510577591,"Americas",60898.1510577591,44.0012116659309,"United States of America"
"1855","52423323B28506543245034",1,26700.0687790789,"Americas",26700.0687790789,51.0032293930112,"United States of America"
"1856","52423323B28526478136706",2,58352.5028906826,"Americas",116705.005781365,41.7368086506799,"United States of America"
"1857","52423323B28730875803746",1,30540.4175114558,"Americas",30540.4175114558,41.412245845843,"United States of America"
"1858","52423323B29086368153286",1,11214.3784099395,"Americas",11214.3784099395,48.2324018420142,"United States of America"
"1859","52423323B2908823577252",1,188023.840594249,"Americas",188023.840594249,21.6894799613909,"United States of America"
"1860","52423323B29295723597206",2,25607.2926210118,"Americas",51214.5852420236,47.8626564417245,"United States of America"
"1861","52423323B29299909449407",1,54867.1734886404,"Americas",54867.1734886404,43.2022647212461,"United States of America"
"1862","52423323B29403129163195",1,227293.136364857,"Americas",227293.136364857,32.6750111620773,"United States of America"
"1863","52423323B29669005375305",1,83203.0122482384,"Americas",83203.0122482384,22.420259440154,"United States of America"
"1864","52423323B30136231035834",1,28746.399843749,"Americas",28746.399843749,48.0493260245021,"United States of America"
"1865","52423323B30388068130066",2,3797.74580652264,"Americas",7595.49161304528,52.1300169662572,"United States of America"
"1866","52423323B30535713106767",1,30332.0654560924,"Americas",30332.0654560924,46.4205157915912,"United States of America"
"1867","52423323B30660787387820",1,348987.886049624,"Americas",348987.886049624,27.0260288607196,"United States of America"
"1868","52423323B30957198901139",1,33953.984736777,"Americas",33953.984736777,43.8525703870091,"United States of America"
"1869","52423323B31075170067168",1,20475.1511778274,"Americas",20475.1511778274,45.7726802832385,"United States of America"
"1870","52423323B31259142066888",1,62682.5382276321,"Americas",62682.5382276321,37.27551510997,"United States of America"
"1871","52423323B31615661575159",2,63449.1485815617,"Americas",126898.297163123,34.6018100347916,"United States of America"
"1872","52423323B32071814901819",1,43467.0960995185,"Americas",43467.0960995185,46.5893117940764,"United States of America"
"1873","52423323B32764376391113",1,44734.964213565,"Americas",44734.964213565,32.3236813952681,"United States of America"
"1874","52423323B3277020886605",1,31878.3313799798,"Americas",31878.3313799798,29.1681989317876,"United States of America"
"1875","52423323B32908051821127",1,18444.555708816,"Americas",18444.555708816,44.6816730159699,"United States of America"
"1876","52423323B3349908065818",1,18092.0420682647,"Americas",18092.0420682647,50.1155922031339,"United States of America"
"1877","52423323B34949297901423",1,21867.9389330458,"Americas",21867.9389330458,51.82415024476,"United States of America"
"1878","52423323B35006791438696",2,65937.7644463466,"Americas",131875.528892693,33.5258684167725,"United States of America"
"1879","52423323B35059140048006",1,427145.21322569,"Americas",427145.21322569,19.4683469201744,"United States of America"
"1880","52423323B35187147605368",2,20986.9744576669,"Americas",41973.9489153338,47.9852486888385,"United States of America"
"1881","52423323B35502407860174",2,47236.0762443375,"Americas",94472.152488675,50.2915909206631,"United States of America"
"1882","52423323B3564583565128",1,28606.5700585633,"Americas",28606.5700585633,40.0267807590753,"United States of America"
"1883","52423323B36093874947415",1,93140.6830015266,"Americas",93140.6830015266,28.5431574634442,"United States of America"
"1884","52423323B36481911498881",1,8377.7908646908,"Americas",8377.7908646908,54.8406022456275,"United States of America"
"1885","52423323B366346892097",1,10731.5993554865,"Americas",10731.5993554865,47.7690719107268,"United States of America"
"1886","52423323B36663925787207",1,22478.3785661868,"Americas",22478.3785661868,48.0776840715744,"United States of America"
"1887","52423323B36790328551153",1,30681.2735428422,"Americas",30681.2735428422,36.0139443567951,"United States of America"
"1888","52423323B3691200212151",2,10357.6149823695,"Americas",20715.229964739,48.698921469273,"United States of America"
"1889","52423323B37211265449281",1,57247.4359492365,"Americas",57247.4359492365,48.4755311248473,"United States of America"
"1890","52423323B3743396317208",1,31695.3950639543,"Americas",31695.3950639543,34.3007153350601,"United States of America"
"1891","52423323B3769936214170",1,52546.917081807,"Americas",52546.917081807,32.6522472814021,"United States of America"
"1892","52423323B37878033921945",1,55104.9491983885,"Americas",55104.9491983885,37.8704129551188,"United States of America"
"1893","52423323B3825841666774",1,20330.2544232117,"Americas",20330.2544232117,44.9740898123837,"United States of America"
"1894","52423323B38261098035275",1,25772.0279190145,"Americas",25772.0279190145,48.5846502240311,"United States of America"
"1895","52423323B38582621445702",1,7432.82775831702,"Americas",7432.82775831702,41.7901221368011,"United States of America"
"1896","52423323B38749584273521",1,20690.0334881605,"Americas",20690.0334881605,52.9318903403037,"United States of America"
"1897","52423323B38827881811881",1,34654.627184489,"Americas",34654.627184489,24.6570175449906,"United States of America"
"1898","52423323B38935818871161",1,14517.0866572803,"Americas",14517.0866572803,29.0645578442491,"United States of America"
"1899","52423323B39009804461770",1,22851.3923973471,"Americas",22851.3923973471,47.5276570369679,"United States of America"
"1900","52423323B39160011861592",1,176818.233272985,"Americas",176818.233272985,18.9972465743924,"United States of America"
"1901","52423323B39271330460485",1,75749.0760524946,"Americas",75749.0760524946,37.7475657797168,"United States of America"
"1902","52423323B39330829782254",1,23313.6705954274,"Americas",23313.6705954274,39.0000110602141,"United States of America"
"1903","52423323B39498554570505",1,14410.4452877998,"Americas",14410.4452877998,46.624852899648,"United States of America"
"1904","52423323B39944248465098",1,21736.4366418223,"Americas",21736.4366418223,50.1265863267345,"United States of America"
"1905","52423323B41510935650721",2,370452.714452516,"Americas",740905.428905032,23.9688726929152,"United States of America"
"1906","52423323B41586767659607",2,6540.40240710172,"Americas",13080.8048142034,44.3991025993164,"United States of America"
"1907","52423323B41825478999592",1,793315.66705132,"Americas",793315.66705132,21.5893212922517,"United States of America"
"1908","52423323B42225822984570",1,23635.2149411747,"Americas",23635.2149411747,46.6061758357896,"United States of America"
"1909","52423323B42356104193293",1,204317.372974778,"Americas",204317.372974778,28.8957690989401,"United States of America"
"1910","52423323B42496570047924",1,152164.239544805,"Americas",152164.239544805,34.6689531775072,"United States of America"
"1911","52423323B42512235988752",1,13699.2860262922,"Americas",13699.2860262922,53.4298649935226,"United States of America"
"1912","52423323B4274675521661",1,201074.001188677,"Americas",201074.001188677,24.9759667088103,"United States of America"
"1913","52423323B4289293971821",2,10758.1396872136,"Americas",21516.2793744272,46.3519402233469,"United States of America"
"1914","52423323B43145970536326",2,33264.293979114,"Americas",66528.587958228,41.073900657123,"United States of America"
"1915","52423323B43258201859657",1,447054.089643365,"Americas",447054.089643365,24.4690525990304,"United States of America"
"1916","52423323B4330471688052",1,19231.2958098789,"Americas",19231.2958098789,40.933581096318,"United States of America"
"1917","52423323B43439565608947",1,43915.5073874649,"Americas",43915.5073874649,42.6622600662049,"United States of America"
"1918","52423323B43652235718756",1,110622.62309229,"Americas",110622.62309229,24.6157145215325,"United States of America"
"1919","52423323B43963641408818",1,16507.021699472,"Americas",16507.021699472,49.057017087784,"United States of America"
"1920","52423323B4413103622838",1,65922.8839678337,"Americas",65922.8839678337,38.4913585857903,"United States of America"
"1921","52423323B44157144266829",2,35860.7502329016,"Americas",71721.5004658032,46.6776087813414,"United States of America"
"1922","52423323B44461654915973",1,586402.570136909,"Americas",586402.570136909,24.0147777286663,"United States of America"
"1923","52423323B4514438281509",2,236934.969803327,"Americas",473869.939606654,29.2861151351123,"United States of America"
"1924","52423323B45505395463487",2,45990.2090365776,"Americas",91980.4180731552,49.2378527623018,"United States of America"
"1925","52423323B4621357576796",2,12676.0962893085,"Americas",25352.192578617,46.2588308062295,"United States of America"
"1926","52423323B46548202222593",1,22798.0949451017,"Americas",22798.0949451017,44.8565062632497,"United States of America"
"1927","52423323B47137025507841",1,162900.808550922,"Americas",162900.808550922,22.8702827600232,"United States of America"
"1928","52423323B47497093243576",2,37468.5765055868,"Americas",74937.1530111736,36.8671076280579,"United States of America"
"1929","52423323B47839005266418",1,9142.09477889008,"Americas",9142.09477889008,49.4429025749324,"United States of America"
"1930","52423323B4798034374096",1,38318.2483176017,"Americas",38318.2483176017,27.0245077640597,"United States of America"
"1931","52423323B48551637922403",1,15345.0740211131,"Americas",15345.0740211131,58.3794376562028,"United States of America"
"1932","52423323B48611820693304",1,11208.2652273611,"Americas",11208.2652273611,51.1466590744842,"United States of America"
"1933","52423323B48942229676406",3,964151.287066063,"Americas",2892453.86119819,20.4651847641827,"United States of America"
"1934","52423323B49064282792865",1,18754.6777180479,"Americas",18754.6777180479,47.841632111702,"United States of America"
"1935","52423323B49198903326940",1,44592.1165943935,"Americas",44592.1165943935,39.1181154473575,"United States of America"
"1936","52423323B49272784755567",1,368257.827843321,"Americas",368257.827843321,18.8941876373797,"United States of America"
"1937","52423323B49559413251956",1,91871.5819823072,"Americas",91871.5819823072,29.7500291481227,"United States of America"
"1938","52423323B49658569394047",2,82985.4818353274,"Americas",165970.963670655,35.9174775321512,"United States of America"
"1939","52423323B49829499016472",1,28223.3093824619,"Americas",28223.3093824619,35.0940069483795,"United States of America"
"1940","52423323B49982915430318",1,48110.8291237366,"Americas",48110.8291237366,46.3633057317793,"United States of America"
"1941","52423323B50058154101732",1,21097.6387562056,"Americas",21097.6387562056,37.0196518724297,"United States of America"
"1942","52423323B50185112630259",1,38915.6684500133,"Americas",38915.6684500133,36.7568572369995,"United States of America"
"1943","52423323B50418861880933",1,25001.1042954463,"Americas",25001.1042954463,36.9474078898347,"United States of America"
"1944","52423323B50785564442129",1,12126.2788190568,"Americas",12126.2788190568,49.2175539289456,"United States of America"
"1945","52423323B50933714814706",1,20690.9071303348,"Americas",20690.9071303348,44.3321017821381,"United States of America"
"1946","52423323B51460600730955",1,706354.56866477,"Americas",706354.56866477,25.7734300691394,"United States of America"
"1947","52423323B51535248954707",2,51207.216384905,"Americas",102414.43276981,45.5477490082071,"United States of America"
"1948","52423323B51894454867093",1,626217.491188059,"Americas",626217.491188059,19.8633014108162,"United States of America"
"1949","52423323B51993782969568",1,129685.678851896,"Americas",129685.678851896,32.8516548074622,"United States of America"
"1950","52423323B52740470378798",2,17159.7690890578,"Americas",34319.5381781156,45.0323409775347,"United States of America"
"1951","52423323B52788200523187",1,363664.140820205,"Americas",363664.140820205,24.6884714484382,"United States of America"
"1952","52423323B52829235192196",1,9156.75968898612,"Americas",9156.75968898612,52.5946369394114,"United States of America"
"1953","52423323B5286931917033",2,78489.1628178503,"Americas",156978.325635701,42.1889133823574,"United States of America"
"1954","52423323B53082153991238",1,13859.9355063157,"Americas",13859.9355063157,51.135702499927,"United States of America"
"1955","52423323B53246726964518",1,24992.1311657946,"Americas",24992.1311657946,32.7502147089108,"United States of America"
"1956","52423323B53340239927220",1,113290.744212598,"Americas",113290.744212598,31.7720784145713,"United States of America"
"1957","52423323B54252786462612",1,202126.698845547,"Americas",202126.698845547,36.4338568354624,"United States of America"
"1958","52423323B54321928367648",1,7022.06608116461,"Americas",7022.06608116461,52.0790994363197,"United States of America"
"1959","52423323B54358685786571",1,30815.7686559234,"Americas",30815.7686559234,40.632093092057,"United States of America"
"1960","52423323B54647754041749",1,14710.4438290328,"Americas",14710.4438290328,47.6680661392634,"United States of America"
"1961","52423323B54775259864963",1,26943.2521797896,"Americas",26943.2521797896,47.6313249972973,"United States of America"
"1962","52423323B54800472139978",1,70279.012147739,"Americas",70279.012147739,44.306016088929,"United States of America"
"1963","52423323B54912107287089",1,20805.5531041185,"Americas",20805.5531041185,54.5200601211545,"United States of America"
"1964","52423323B55059844106261",1,21079.3357694505,"Americas",21079.3357694505,43.6333811802688,"United States of America"
"1965","52423323B55328692258932",1,14069.3807233291,"Americas",14069.3807233291,54.4243254730131,"United States of America"
"1966","52423323B55438776297696",1,92066.3521018028,"Americas",92066.3521018028,29.1840120119741,"United States of America"
"1967","52423323B55479715593619",1,816731.607253523,"Americas",816731.607253523,18.3707047036054,"United States of America"
"1968","52423323B5561424774861",1,10162.7364726483,"Americas",10162.7364726483,48.6141213326755,"United States of America"
"1969","52423323B55664774745263",1,27357.426329719,"Americas",27357.426329719,27.6838999092736,"United States of America"
"1970","52423323B55825448970997",1,91051.2030792311,"Americas",91051.2030792311,26.6144523297025,"United States of America"
"1971","52423323B55850003369586",2,9714.14093637535,"Americas",19428.2818727507,48.0017897629687,"United States of America"
"1972","52423323B56050966337073",1,111624.442615973,"Americas",111624.442615973,31.7568084410395,"United States of America"
"1973","52423323B56521650356129",1,15906.242081552,"Americas",15906.242081552,49.4736405000622,"United States of America"
"1974","52423323B56628554160861",1,3067.85713093646,"Americas",3067.85713093646,55.6058819118916,"United States of America"
"1975","52423323B5668037178714",1,322923.143155726,"Americas",322923.143155726,21.9309711937594,"United States of America"
"1976","52423323B57121552581282",1,38280.9134165049,"Americas",38280.9134165049,35.0772207318805,"United States of America"
"1977","52423323B57343387643599",1,27247.1684906342,"Americas",27247.1684906342,40.7725628078779,"United States of America"
"1978","52423323B57345599867870",2,32326.7053400732,"Americas",64653.4106801464,40.4984002914717,"United States of America"
"1979","52423323B57520474770079",1,17780.9079416405,"Americas",17780.9079416405,45.0368807684445,"United States of America"
"1980","52423323B5772281676312",1,16302.0974801853,"Americas",16302.0974801853,35.947123986698,"United States of America"
"1981","52423323B5794774245983",2,16682.4151460353,"Americas",33364.8302920706,45.8291565420624,"United States of America"
"1982","52423323B58327264964299",1,808221.452031944,"Americas",808221.452031944,16.1617156493775,"United States of America"
"1983","52423323B58673559392327",2,39874.2421211038,"Americas",79748.4842422076,18.7520726276489,"United States of America"
"1984","52423323B58689815854296",2,8860.88837536806,"Americas",17721.7767507361,49.6202739726723,"United States of America"
"1985","52423323B58767298738144",1,9195.93250484286,"Americas",9195.93250484286,50.6840319650796,"United States of America"
"1986","52423323B58777265344291",2,25679.0677170234,"Americas",51358.1354340468,38.8043876341653,"United States of America"
"1987","52423323B58883260045522",1,399066.292809632,"Americas",399066.292809632,19.0459434250909,"United States of America"
"1988","52423323B58893245125586",1,41677.6092921495,"Americas",41677.6092921495,38.8576720749261,"United States of America"
"1989","52423323B59242222872461",1,16228.8391216179,"Americas",16228.8391216179,54.0325345819278,"United States of America"
"1990","52423323B59284003127327",1,77162.3056199423,"Americas",77162.3056199423,31.8850463826686,"United States of America"
"1991","52423323B59309209567710",1,8192.2016255706,"Americas",8192.2016255706,47.2093875142673,"United States of America"
"1992","52423323B59548723036137",1,34933.3890041541,"Americas",34933.3890041541,33.0265756852527,"United States of America"
"1993","52423323B60189999590545",1,9882.79058302821,"Americas",9882.79058302821,46.7243421092826,"United States of America"
"1994","52423323B60260447284731",3,114641.388929473,"Americas",343924.166788419,27.5813326278459,"United States of America"
"1995","52423323B60501572550321",2,43265.0749983636,"Americas",86530.1499967272,39.8772423570745,"United States of America"
"1996","52423323B60614723714205",1,17315.3909270628,"Americas",17315.3909270628,37.2322757691509,"United States of America"
"1997","52423323B60640707975629",2,1002844.98784378,"Americas",2005689.97568756,20.7302607982266,"United States of America"
"1998","52423323B60673923968827",1,16268.1383048202,"Americas",16268.1383048202,44.2640976995845,"United States of America"
"1999","52423323B60708151075896",1,26842.5502267266,"Americas",26842.5502267266,49.8403334934723,"United States of America"
"2000","52423323B60755765681698",1,372750.493263899,"Americas",372750.493263899,20.476552977255,"United States of America"
"2001","52423323B61278008297409",1,85294.796366848,"Americas",85294.796366848,29.6037553955102,"United States of America"
"2002","52423323B6145912014640",1,10580.8754509035,"Americas",10580.8754509035,47.3658885646587,"United States of America"
"2003","52423323B61850216097396",2,313047.762560642,"Americas",626095.525121284,28.825488884325,"United States of America"
"2004","52423323B62158301450735",1,8445.83014818089,"Americas",8445.83014818089,42.5117757517137,"United States of America"
"2005","52423323B62485565379891",1,18422.7319565155,"Americas",18422.7319565155,33.999923914889,"United States of America"
"2006","52423323B62706448610818",1,42668.3824901118,"Americas",42668.3824901118,30.5235922609481,"United States of America"
"2007","52423323B62913714602818",1,46303.9175800998,"Americas",46303.9175800998,37.0082721339609,"United States of America"
"2008","52423323B63190785401157",1,701304.210299534,"Americas",701304.210299534,25.5779021232076,"United States of America"
"2009","52423323B63395465279305",1,43995.6483015149,"Americas",43995.6483015149,39.5354368205133,"United States of America"
"2010","52423323B63410184829220",1,21061.445021172,"Americas",21061.445021172,50.0146104892015,"United States of America"
"2011","52423323B63822520478885",1,15249.938296857,"Americas",15249.938296857,49.0972562929068,"United States of America"
"2012","52423323B64097397586562",1,23826.7437169539,"Americas",23826.7437169539,52.1285750136158,"United States of America"
"2013","52423323B64463590012985",1,24573.5725715673,"Americas",24573.5725715673,26.5932089464441,"United States of America"
"2014","52423323B64688263814776",1,74851.4465656274,"Americas",74851.4465656274,38.9854622187029,"United States of America"
"2015","52423323B65247392842469",1,61390.6439351343,"Americas",61390.6439351343,41.1289851599067,"United States of America"
"2016","52423323B65299920660671",1,7933.37059799666,"Americas",7933.37059799666,48.5583926001036,"United States of America"
"2017","52423323B65725719955419",1,122078.796924751,"Americas",122078.796924751,37.1678396276675,"United States of America"
"2018","52423323B66757955193379",1,67336.5190004959,"Americas",67336.5190004959,31.9379852121929,"United States of America"
"2019","52423323B67044193776379",1,114384.383815879,"Americas",114384.383815879,36.6430420413804,"United States of America"
"2020","52423323B67589001499387",1,14554.8843687904,"Americas",14554.8843687904,46.8649425695676,"United States of America"
"2021","52423323B67769542433711",1,10816.1637753206,"Americas",10816.1637753206,40.998791453816,"United States of America"
"2022","52423323B67874562212910",1,42172.0623512897,"Americas",42172.0623512897,35.2134182790178,"United States of America"
"2023","52423323B68186618035588",1,5157843.31306128,"Americas",5157843.31306128,19.7523934510121,"United States of America"
"2024","52423323B68249799438553",2,303611.538252661,"Americas",607223.076505322,26.0234245702341,"United States of America"
"2025","52423323B6841559990412",1,9364.35256961317,"Americas",9364.35256961317,51.5172682453922,"United States of America"
"2026","52423323B68831425011801",2,30068.2886451862,"Americas",60136.5772903724,45.7956131750543,"United States of America"
"2027","52423323B69267634512958",1,19233.3216832129,"Americas",19233.3216832129,47.5724530060106,"United States of America"
"2028","52423323B69510084173682",1,23813.3594386793,"Americas",23813.3594386793,43.5296860538747,"United States of America"
"2029","52423323B69845491949418",1,5836.35276673725,"Americas",5836.35276673725,50.5195212825211,"United States of America"
"2030","52423323B69984552276574",1,12248.6603598594,"Americas",12248.6603598594,55.2804196707809,"United States of America"
"2031","52423323B70130462183378",1,51904.4821901314,"Americas",51904.4821901314,34.1434730435014,"United States of America"
"2032","52423323B70225579188436",1,13063.2124672248,"Americas",13063.2124672248,48.207568763466,"United States of America"
"2033","52423323B70248035417131",1,21140.4765587122,"Americas",21140.4765587122,52.4694984568923,"United States of America"
"2034","52423323B71262883524424",1,3232.46232089385,"Americas",3232.46232089385,54.301716970127,"United States of America"
"2035","52423323B71362647483761",2,50740.0454671309,"Americas",101480.090934262,38.7294307885159,"United States of America"
"2036","52423323B71522839301040",1,44504.3884657872,"Americas",44504.3884657872,44.8519525546985,"United States of America"
"2037","52423323B71782729975754",1,22537.2220809711,"Americas",22537.2220809711,26.6731831993038,"United States of America"
"2038","52423323B72151792801838",1,67059.9290009021,"Americas",67059.9290009021,31.3131888401363,"United States of America"
"2039","52423323B72303975114408",1,10456.9013935184,"Americas",10456.9013935184,52.7128237801944,"United States of America"
"2040","52423323B72534166962454",1,112094.994813408,"Americas",112094.994813408,32.3349166746198,"United States of America"
"2041","52423323B72584832166287",1,100162.378003444,"Americas",100162.378003444,32.8077449409636,"United States of America"
"2042","52423323B72643453207653",1,116825.489421899,"Americas",116825.489421899,23.3508484415704,"United States of America"
"2043","52423323B72947560407101",1,21311.5680678398,"Americas",21311.5680678398,29.8434007357864,"United States of America"
"2044","52423323B73153598603118",1,24914.9458016824,"Americas",24914.9458016824,44.9139329906029,"United States of America"
"2045","52423323B73188542913517",1,44227.4441493978,"Americas",44227.4441493978,44.3403091208529,"United States of America"
"2046","52423323B73481023135249",1,28587.881080014,"Americas",28587.881080014,44.3315303145399,"United States of America"
"2047","52423323B73600596363110",1,27640.7712924286,"Americas",27640.7712924286,47.7230070365467,"United States of America"
"2048","52423323B73642037306772",2,26947.6725073987,"Americas",53895.3450147974,43.6305477460931,"United States of America"
"2049","52423323B73642755696562",1,22219.8183191714,"Americas",22219.8183191714,39.6038013543584,"United States of America"
"2050","52423323B74527006029943",1,17649.7341019125,"Americas",17649.7341019125,46.4368370956363,"United States of America"
"2051","52423323B74647916820461",2,280147.936463123,"Americas",560295.872926246,28.7682116362653,"United States of America"
"2052","52423323B74651487208839",2,1454914.08539666,"Americas",2909828.17079332,20.7843524399231,"United States of America"
"2053","52423323B7471592660560",1,74026.050781374,"Americas",74026.050781374,35.8911742732081,"United States of America"
"2054","52423323B74845935741438",2,42370.8276956755,"Americas",84741.655391351,43.4090105909563,"United States of America"
"2055","52423323B75014079638055",1,74186.5342409736,"Americas",74186.5342409736,44.6350378912958,"United States of America"
"2056","52423323B75387394783245",1,7634.94310091501,"Americas",7634.94310091501,50.9136326879816,"United States of America"
"2057","52423323B76161354561754",1,35775.2285728428,"Americas",35775.2285728428,48.7033701949549,"United States of America"
"2058","52423323B76219766339167",1,117389.586784672,"Americas",117389.586784672,34.2744258293456,"United States of America"
"2059","52423323B76509893462522",1,163397.677832019,"Americas",163397.677832019,32.7968059768496,"United States of America"
"2060","52423323B76614514394942",1,9275.54646894752,"Americas",9275.54646894752,53.3823325299854,"United States of America"
"2061","52423323B76675634203570",2,205399.280149813,"Americas",410798.560299626,26.1537298248509,"United States of America"
"2062","52423323B76755657103328",1,20889.2766567688,"Americas",20889.2766567688,50.8629948656685,"United States of America"
"2063","52423323B76935168618959",1,69899.1803727695,"Americas",69899.1803727695,33.3927898341781,"United States of America"
"2064","52423323B7701583683709",1,31411.3009389007,"Americas",31411.3009389007,40.4029228535719,"United States of America"
"2065","52423323B77121612808563",1,82925.5893141392,"Americas",82925.5893141392,45.3302113603532,"United States of America"
"2066","52423323B77301677546926",1,138832.78680454,"Americas",138832.78680454,28.4138005632167,"United States of America"
"2067","52423323B77419702079758",1,38471.7147782715,"Americas",38471.7147782715,40.0733833233498,"United States of America"
"2068","52423323B77456184843444",1,38820.9813387423,"Americas",38820.9813387423,48.1102069639555,"United States of America"
"2069","52423323B77575058684255",1,26346.9278352012,"Americas",26346.9278352012,45.4071422923739,"United States of America"
"2070","52423323B77626952716253",1,68872.2070533574,"Americas",68872.2070533574,26.7333429635246,"United States of America"
"2071","52423323B7766336727769",2,31289.9129177622,"Americas",62579.8258355244,42.2552082017028,"United States of America"
"2072","52423323B77843933452761",1,18282.3467698633,"Americas",18282.3467698633,45.6393988971549,"United States of America"
"2073","52423323B77931792505034",1,34649.3193454005,"Americas",34649.3193454005,31.6553592845815,"United States of America"
"2074","52423323B78035589313404",1,21013.578099903,"Americas",21013.578099903,50.5042169806457,"United States of America"
"2075","52423323B78124087935217",1,8631.3210803085,"Americas",8631.3210803085,40.1912779563622,"United States of America"
"2076","52423323B78226819496171",1,146718.594955479,"Americas",146718.594955479,30.5851318746072,"United States of America"
"2077","52423323B7824405482289",1,18292.2832833053,"Americas",18292.2832833053,48.2454975434339,"United States of America"
"2078","52423323B78408762151605",2,21323.9988798749,"Americas",42647.9977597498,44.3117656839548,"United States of America"
"2079","52423323B78464360666079",1,72271.0094285459,"Americas",72271.0094285459,41.5098770983914,"United States of America"
"2080","52423323B78995174680355",2,38600.8840892045,"Americas",77201.768178409,36.9374889910116,"United States of America"
"2081","52423323B79545259368110",2,24727.4716539435,"Americas",49454.943307887,45.8258594260442,"United States of America"
"2082","52423323B79828539547884",1,15517.4734184464,"Americas",15517.4734184464,44.1715026757201,"United States of America"
"2083","52423323B80007668106022",1,21132.9704253399,"Americas",21132.9704253399,41.8116681221209,"United States of America"
"2084","52423323B80488084984098",1,134866.192382447,"Americas",134866.192382447,27.753927254608,"United States of America"
"2085","52423323B81362152802157",1,36436.6470322427,"Americas",36436.6470322427,49.9549935394105,"United States of America"
"2086","52423323B81395860012193",1,7691.6736195758,"Americas",7691.6736195758,43.7935821013525,"United States of America"
"2087","52423323B81930559101478",1,21170.0240594363,"Americas",21170.0240594363,45.4660149473639,"United States of America"
"2088","52423323B82500281635270",1,50132.9005558094,"Americas",50132.9005558094,31.291068908397,"United States of America"
"2089","52423323B82578708002026",1,5671.75830043491,"Americas",5671.75830043491,47.6786368185531,"United States of America"
"2090","52423323B8273444603527",2,8427.39785494102,"Americas",16854.795709882,49.037488548809,"United States of America"
"2091","52423323B83955157156950",2,14087.2444802714,"Americas",28174.4889605428,51.2036465081565,"United States of America"
"2092","52423323B84138230189423",1,21493.6652520194,"Americas",21493.6652520194,48.8086854132334,"United States of America"
"2093","52423323B84486994162427",1,13302.7176994838,"Americas",13302.7176994838,33.5913323914156,"United States of America"
"2094","52423323B8498333390768",1,37269.5755529522,"Americas",37269.5755529522,39.0919788407518,"United States of America"
"2095","52423323B8509439867450",1,34798.5371519251,"Americas",34798.5371519251,40.3825537022826,"United States of America"
"2096","52423323B85181165620653",1,7015.548370006,"Americas",7015.548370006,46.2552239909328,"United States of America"
"2097","52423323B85940077670838",1,25939.9175262347,"Americas",25939.9175262347,47.522678135338,"United States of America"
"2098","52423323B8638287595623",1,14258.8101719682,"Americas",14258.8101719682,52.3916929788575,"United States of America"
"2099","52423323B86725714839987",1,30241.8949999234,"Americas",30241.8949999234,37.4927057482823,"United States of America"
"2100","52423323B86743622132490",1,10114.4639405945,"Americas",10114.4639405945,54.6463044319516,"United States of America"
"2101","52423323B87116979196195",1,29459.3763038568,"Americas",29459.3763038568,41.034201532786,"United States of America"
"2102","52423323B87316912703602",1,27280.9235595027,"Americas",27280.9235595027,55.0208935538976,"United States of America"
"2103","52423323B87676226812145",1,19124.6875685735,"Americas",19124.6875685735,48.1069300560885,"United States of America"
"2104","52423323B88346706041941",2,17859.4391462036,"Americas",35718.8782924072,49.7285584552127,"United States of America"
"2105","52423323B89464999427747",1,34109.0121001251,"Americas",34109.0121001251,42.9199436877514,"United States of America"
"2106","52423323B89498799122377",1,84968.0986183293,"Americas",84968.0986183293,38.2867896932567,"United States of America"
"2107","52423323B90119869144557",1,168485.505892575,"Americas",168485.505892575,26.8202086471391,"United States of America"
"2108","52423323B90141807319554",1,52554.4114199561,"Americas",52554.4114199561,35.8549018296754,"United States of America"
"2109","52423323B90214298110326",1,25569.9706804548,"Americas",25569.9706804548,45.274403508347,"United States of America"
"2110","52423323B90263119803595",1,11103.2863180677,"Americas",11103.2863180677,52.0862867831311,"United States of America"
"2111","52423323B90377685931333",1,16594.2911295072,"Americas",16594.2911295072,42.2322396852214,"United States of America"
"2112","52423323B90493034811524",2,72580.3755306002,"Americas",145160.7510612,41.2280590747796,"United States of America"
"2113","52423323B90608613064350",2,112081.824366847,"Americas",224163.648733694,34.4207978354941,"United States of America"
"2114","52423323B91175482939714",1,99391.7390500971,"Americas",99391.7390500971,39.2415735373761,"United States of America"
"2115","52423323B91495403121400",2,45090.167839618,"Americas",90180.335679236,43.0004413700921,"United States of America"
"2116","52423323B9154242656865",1,536745.313947414,"Americas",536745.313947414,23.8519145759531,"United States of America"
"2117","52423323B91940214959831",1,86750.0223127182,"Americas",86750.0223127182,31.6388317881137,"United States of America"
"2118","52423323B92327379026195",1,25008.7073999037,"Americas",25008.7073999037,40.3277742862483,"United States of America"
"2119","52423323B92388679305568",1,25205.7170714338,"Americas",25205.7170714338,52.2571077969533,"United States of America"
"2120","52423323B92446440923992",1,31754.5171876532,"Americas",31754.5171876532,30.109281183788,"United States of America"
"2121","52423323B92517842712244",1,137769.586975409,"Americas",137769.586975409,36.1791512177344,"United States of America"
"2122","52423323B92612294973993",1,190660.358993544,"Americas",190660.358993544,20.0117185631296,"United States of America"
"2123","52423323B92715083029415",1,7539.57460301208,"Americas",7539.57460301208,51.9623988011189,"United States of America"
"2124","52423323B9300257868576",1,41793.165373557,"Americas",41793.165373557,47.9933892435729,"United States of America"
"2125","52423323B93149818401656",1,37544.7107062076,"Americas",37544.7107062076,44.8106021358863,"United States of America"
"2126","52423323B94231025713709",1,147359.927829724,"Americas",147359.927829724,30.4126576927422,"United States of America"
"2127","52423323B94618395838075",3,208643.098897676,"Americas",625929.296693028,26.6941482228374,"United States of America"
"2128","52423323B9469904891992",2,363816.236858476,"Americas",727632.473716952,19.8244087321124,"United States of America"
"2129","52423323B94983475607099",1,1394190.21775747,"Americas",1394190.21775747,18.346898390777,"United States of America"
"2130","52423323B95001910303654",1,24690.3427024799,"Americas",24690.3427024799,21.8171488311245,"United States of America"
"2131","52423323B95364314409049",1,45174.6187231671,"Americas",45174.6187231671,27.8074652538635,"United States of America"
"2132","52423323B95410020978847",1,175203.854303843,"Americas",175203.854303843,35.1873309586294,"United States of America"
"2133","52423323B95417665649533",1,46816.4325429011,"Americas",46816.4325429011,37.889664874845,"United States of America"
"2134","52423323B95461713566074",1,9020.96237161099,"Americas",9020.96237161099,47.3940786600101,"United States of America"
"2135","52423323B95540408919203",1,66562.2569206072,"Americas",66562.2569206072,30.2538598172953,"United States of America"
"2136","52423323B95663271453057",1,17239.5470102564,"Americas",17239.5470102564,54.6518582066346,"United States of America"
"2137","52423323B95841930276474",1,20068.9131596446,"Americas",20068.9131596446,42.5497338501631,"United States of America"
"2138","52423323B95908635814983",1,12869.7704509273,"Americas",12869.7704509273,45.1908080044486,"United States of America"
"2139","52423323B9618311815094",1,12643.377947493,"Americas",12643.377947493,47.801960712588,"United States of America"
"2140","52423323B96528325771668",1,11228.2844101545,"Americas",11228.2844101545,44.3559732397916,"United States of America"
"2141","52423323B96529923169881",2,18903.7302168064,"Americas",37807.4604336128,51.2663791102059,"United States of America"
"2142","52423323B96895412793722",1,55647.233661011,"Americas",55647.233661011,36.083909663633,"United States of America"
"2143","52423323B97127837198409",1,33240.1122495289,"Americas",33240.1122495289,48.2876853997664,"United States of America"
"2144","52423323B98536911266025",1,17094.8333135287,"Americas",17094.8333135287,38.5750291356899,"United States of America"
"2145","52423323B98587415300192",1,11934.0344524438,"Americas",11934.0344524438,39.1253518487792,"United States of America"
"2146","52423323B98910590262232",1,17485.6520278361,"Americas",17485.6520278361,47.3219133088569,"United States of America"
"2147","52423323B99380284594024",2,11406.1878000645,"Americas",22812.375600129,48.3692531488568,"United States of America"
"2148","52423323B9967886911021",3,162677.712282154,"Americas",488033.136846462,34.031015000206,"United States of America"
"2149","52472329B16958301240037",1,1897.19802620674,"Americas",1897.19802620674,43.9481839091834,"Saint Kitts and Nevis"
"2150","52472329B19766585583682",1,3344.4308217665,"Americas",3344.4308217665,37.0096596352319,"Saint Kitts and Nevis"
"2151","52472329B22687598135129",1,2865.41054236667,"Americas",2865.41054236667,51.6475160331011,"Saint Kitts and Nevis"
"2152","52472329B33043462803625",1,3290.62399740076,"Americas",3290.62399740076,33.5756641028845,"Saint Kitts and Nevis"
"2153","52472329B33869241417022",1,1968.30220254535,"Americas",1968.30220254535,18.7363694454309,"Saint Kitts and Nevis"
"2154","52472329B35296791475509",1,1649.72431852404,"Americas",1649.72431852404,45.9825025831284,"Saint Kitts and Nevis"
"2155","52472329B55778484611891",1,11582.9742701883,"Americas",11582.9742701883,17.8944244635555,"Saint Kitts and Nevis"
"2156","52472329B57902249562742",1,2074.761791218,"Americas",2074.761791218,38.9494961674676,"Saint Kitts and Nevis"
"2157","52472329B65639645183115",1,4172.47908307053,"Americas",4172.47908307053,13.3653200730572,"Saint Kitts and Nevis"
"2158","52472329B68765441097226",1,2699.05021638127,"Americas",2699.05021638127,48.7102009421278,"Saint Kitts and Nevis"
"2159","52472329B72200716330993",1,2298.65344481669,"Americas",2298.65344481669,54.1289882423728,"Saint Kitts and Nevis"
"2160","52472329B86967002358759",1,1368.45924609562,"Americas",1368.45924609562,32.1356264441694,"Saint Kitts and Nevis"
"2161","52472329B95288510107666",1,4927.73059720127,"Americas",4927.73059720127,19.4122946167415,"Saint Kitts and Nevis"
"2162","52472329B96254136738283",1,2815.32755834714,"Americas",2815.32755834714,39.9002333098132,"Saint Kitts and Nevis"
"2163","52511910B10215199478646",2,43144.7332852934,"Western Pacific",86289.4665705868,39.4221356986565,"Taiwan, Province of China"
"2164","52511910B10855589670933",1,26636.7950844364,"Western Pacific",26636.7950844364,25.9394987689132,"Taiwan, Province of China"
"2165","52511910B1114695065436",2,239332.051054763,"Western Pacific",478664.102109526,12.6534218404887,"Taiwan, Province of China"
"2166","52511910B11437294536827",2,104970.87700519,"Western Pacific",209941.75401038,12.181661839992,"Taiwan, Province of China"
"2167","52511910B1170609292065",2,23386.1523693213,"Western Pacific",46772.3047386426,26.9978622761454,"Taiwan, Province of China"
"2168","52511910B12166681712059",3,6437.05888136575,"Western Pacific",19311.1766440972,25.1842780945349,"Taiwan, Province of China"
"2169","52511910B12217989868885",3,24618.0585013923,"Western Pacific",73854.1755041769,27.6957282148935,"Taiwan, Province of China"
"2170","52511910B12239492719020",2,21702.2066224542,"Western Pacific",43404.4132449084,16.6982161953583,"Taiwan, Province of China"
"2171","52511910B12240276172675",3,38762.2694915265,"Western Pacific",116286.80847458,11.4076207312711,"Taiwan, Province of China"
"2172","52511910B1240337598967",2,22384.3611716417,"Western Pacific",44768.7223432834,9.8914615301952,"Taiwan, Province of China"
"2173","52511910B1281835166424",2,3929.69219096295,"Western Pacific",7859.3843819259,47.9836569577499,"Taiwan, Province of China"
"2174","52511910B1289591480139",2,8378.15529949583,"Western Pacific",16756.3105989917,22.2357242420742,"Taiwan, Province of China"
"2175","52511910B132067886793",2,18275.6142390684,"Western Pacific",36551.2284781368,13.2852853652217,"Taiwan, Province of China"
"2176","52511910B13267113488931",2,13403.0320767891,"Western Pacific",26806.0641535782,24.5314386858513,"Taiwan, Province of China"
"2177","52511910B1345857498627",2,2353.28094675887,"Western Pacific",4706.56189351774,49.4196321302197,"Taiwan, Province of China"
"2178","52511910B13500089926277",3,21832.1162354522,"Western Pacific",65496.3487063566,10.5553264254092,"Taiwan, Province of China"
"2179","52511910B1376149917055",3,20617.6694553516,"Western Pacific",61853.0083660548,19.1607919749505,"Taiwan, Province of China"
"2180","52511910B14295991899678",3,28245.7832011037,"Western Pacific",84737.3496033111,9.48432256556021,"Taiwan, Province of China"
"2181","52511910B1429973809191",3,13744.343174892,"Western Pacific",41233.029524676,14.9981365437902,"Taiwan, Province of China"
"2182","52511910B1435450581762",2,3261.86746420309,"Western Pacific",6523.73492840618,42.213039236786,"Taiwan, Province of China"
"2183","52511910B14571669428725",3,6959.06027365675,"Western Pacific",20877.1808209703,44.3165604580019,"Taiwan, Province of China"
"2184","52511910B14763561478876",2,12349.7453179907,"Western Pacific",24699.4906359814,20.0137829845423,"Taiwan, Province of China"
"2185","52511910B14816404731270",2,82116.1417503153,"Western Pacific",164232.283500631,11.0981961268198,"Taiwan, Province of China"
"2186","52511910B14944460308189",3,17908.5984225398,"Western Pacific",53725.7952676194,13.148819632224,"Taiwan, Province of China"
"2187","52511910B14985671444346",2,133674.30582078,"Western Pacific",267348.61164156,9.79954066592564,"Taiwan, Province of China"
"2188","52511910B15112316927565",3,33497.5108559611,"Western Pacific",100492.532567883,25.9543270492153,"Taiwan, Province of China"
"2189","52511910B15727969780764",3,71231.2983571764,"Western Pacific",213693.895071529,9.88566247299474,"Taiwan, Province of China"
"2190","52511910B16211515353621",3,13169.2961884046,"Western Pacific",39507.8885652138,11.604220595072,"Taiwan, Province of China"
"2191","52511910B16548233454257",2,3761.83705848735,"Western Pacific",7523.6741169747,29.6362609324995,"Taiwan, Province of China"
"2192","52511910B16992601244944",2,83437.8837958165,"Western Pacific",166875.767591633,25.4668131830798,"Taiwan, Province of China"
"2193","52511910B1724778943765",2,6516.02072502866,"Western Pacific",13032.0414500573,37.8814693001168,"Taiwan, Province of China"
"2194","52511910B17356876538254",2,50611.7963857565,"Western Pacific",101223.592771513,10.6589843400559,"Taiwan, Province of China"
"2195","52511910B17390178466990",2,8186.97758718865,"Western Pacific",16373.9551743773,32.3207836328967,"Taiwan, Province of China"
"2196","52511910B17490321584859",2,162758.515438244,"Western Pacific",325517.030876488,8.8280723508855,"Taiwan, Province of China"
"2197","52511910B17517272780410",2,285535.864994486,"Western Pacific",571071.729988972,9.24427551322519,"Taiwan, Province of China"
"2198","52511910B17799667237096",3,8656.57184104477,"Western Pacific",25969.7155231343,20.1709067526438,"Taiwan, Province of China"
"2199","52511910B18270670997793",3,20037.3663995979,"Western Pacific",60112.0991987937,18.0728847024861,"Taiwan, Province of China"
"2200","52511910B1854707671717",2,194537.199017676,"Western Pacific",389074.398035352,14.372098052134,"Taiwan, Province of China"
"2201","52511910B19191805182315",2,141222.579373075,"Western Pacific",282445.15874615,9.66313928658866,"Taiwan, Province of China"
"2202","52511910B19330386236783",3,38619.7867031784,"Western Pacific",115859.360109535,18.1310913631455,"Taiwan, Province of China"
"2203","52511910B19407638162060",2,2057.99945956031,"Western Pacific",4115.99891912062,37.3659190789018,"Taiwan, Province of China"
"2204","52511910B19586040436612",3,11866.361222592,"Western Pacific",35599.083667776,24.0655195152225,"Taiwan, Province of China"
"2205","52511910B2005519933546",2,40871.8291302249,"Western Pacific",81743.6582604498,10.7079108389949,"Taiwan, Province of China"
"2206","52511910B2055603825455",2,87636.9299246284,"Western Pacific",175273.859849257,11.0346117032148,"Taiwan, Province of China"
"2207","52511910B21046020325533",3,14454.4479822633,"Western Pacific",43363.3439467899,23.4815906934867,"Taiwan, Province of China"
"2208","52511910B21407702399528",2,691749.489418875,"Western Pacific",1383498.97883775,21.5075492724702,"Taiwan, Province of China"
"2209","52511910B21548483035565",3,8568.49364056507,"Western Pacific",25705.4809216952,16.122239984937,"Taiwan, Province of China"
"2210","52511910B21980317252116",2,3032.37637984423,"Western Pacific",6064.75275968846,50.6045621013791,"Taiwan, Province of China"
"2211","52511910B22102802824180",2,15167.1691407176,"Western Pacific",30334.3382814352,30.3937533967339,"Taiwan, Province of China"
"2212","52511910B2226983620167",3,91084.5791582132,"Western Pacific",273253.73747464,8.68476693422754,"Taiwan, Province of China"
"2213","52511910B22297779295169",1,21147.8803662401,"Western Pacific",21147.8803662401,35.4043746766527,"Taiwan, Province of China"
"2214","52511910B22417450396653",3,8625.00219309319,"Western Pacific",25875.0065792796,28.7026496219285,"Taiwan, Province of China"
"2215","52511910B23437445078556",2,87478.7293889158,"Western Pacific",174957.458777832,14.6177098848454,"Taiwan, Province of China"
"2216","52511910B24217315836254",2,19928.2716714962,"Western Pacific",39856.5433429924,9.47062739047008,"Taiwan, Province of China"
"2217","52511910B2433100174245",2,86911.14314653,"Western Pacific",173822.28629306,16.388772666293,"Taiwan, Province of China"
"2218","52511910B24338772487994",1,8261.19053313753,"Western Pacific",8261.19053313753,33.5153763473003,"Taiwan, Province of China"
"2219","52511910B24425392494170",3,26678.36712205,"Western Pacific",80035.10136615,7.70385127023478,"Taiwan, Province of China"
"2220","52511910B24462040337349",2,37224.9504702665,"Western Pacific",74449.900940533,8.9514306089712,"Taiwan, Province of China"
"2221","52511910B24789968471650",2,370295.247088469,"Western Pacific",740590.494176938,24.376172383889,"Taiwan, Province of China"
"2222","52511910B24890266463781",2,98888.8363087845,"Western Pacific",197777.672617569,11.3094170670248,"Taiwan, Province of China"
"2223","52511910B24911018318465",2,74676.7672037081,"Western Pacific",149353.534407416,9.42108071629526,"Taiwan, Province of China"
"2224","52511910B25870488928169",2,1327.12829811014,"Western Pacific",2654.25659622028,16.6656712928426,"Taiwan, Province of China"
"2225","52511910B26024129556324",1,97284.535965786,"Western Pacific",97284.535965786,20.9073536688256,"Taiwan, Province of China"
"2226","52511910B26321075911025",3,114993.743795544,"Western Pacific",344981.231386632,11.8229621632274,"Taiwan, Province of China"
"2227","52511910B26426295483490",3,33537.1095869441,"Western Pacific",100611.328760832,17.6831065574521,"Taiwan, Province of China"
"2228","52511910B26440140856632",2,89135.8444475986,"Western Pacific",178271.688895197,16.8231226200324,"Taiwan, Province of China"
"2229","52511910B26517515062770",2,29100.1988450116,"Western Pacific",58200.3976900232,31.2351437487994,"Taiwan, Province of China"
"2230","52511910B26605642536320",3,14910.6253521465,"Western Pacific",44731.8760564395,25.9432275696281,"Taiwan, Province of China"
"2231","52511910B27035674370402",3,28401.9725774637,"Western Pacific",85205.9177323911,8.40023577407711,"Taiwan, Province of China"
"2232","52511910B27389223998758",2,116153.799206178,"Western Pacific",232307.598412356,13.372445140919,"Taiwan, Province of China"
"2233","52511910B27691000187918",2,127970.688701882,"Western Pacific",255941.377403764,9.88507369293066,"Taiwan, Province of China"
"2234","52511910B27783301561641",2,1223.88452058841,"Western Pacific",2447.76904117682,20.51436987671,"Taiwan, Province of China"
"2235","52511910B27876515321702",2,61937.9397215747,"Western Pacific",123875.879443149,10.3821438385462,"Taiwan, Province of China"
"2236","52511910B28036042271757",2,186398.126101694,"Western Pacific",372796.252203388,19.2713523752696,"Taiwan, Province of China"
"2237","52511910B28406755893597",3,6466.71220721254,"Western Pacific",19400.1366216376,39.082128573011,"Taiwan, Province of China"
"2238","52511910B28476693424992",3,68486.0490845304,"Western Pacific",205458.147253591,7.12160620369654,"Taiwan, Province of China"
"2239","52511910B28710323112279",2,8214.85293731824,"Western Pacific",16429.7058746365,42.6873658242264,"Taiwan, Province of China"
"2240","52511910B29325635095698",2,384181.131187666,"Western Pacific",768362.262375332,22.8689544961213,"Taiwan, Province of China"
"2241","52511910B29818712056723",2,29037.8568714694,"Western Pacific",58075.7137429388,18.0114835188155,"Taiwan, Province of China"
"2242","52511910B30663215399885",3,71224.2630895887,"Western Pacific",213672.789268766,11.4441910030883,"Taiwan, Province of China"
"2243","52511910B30709967967550",1,105798.2509335,"Western Pacific",105798.2509335,17.3173010145852,"Taiwan, Province of China"
"2244","52511910B30715783231624",3,31500.5240547196,"Western Pacific",94501.5721641588,10.7337246762645,"Taiwan, Province of China"
"2245","52511910B30774246387934",2,21708.2837010083,"Western Pacific",43416.5674020166,21.443727018895,"Taiwan, Province of China"
"2246","52511910B30880402907345",2,40987.8729337529,"Western Pacific",81975.7458675058,16.631901882772,"Taiwan, Province of China"
"2247","52511910B3088598520620",1,39992.3208932083,"Western Pacific",39992.3208932083,13.8484560907903,"Taiwan, Province of China"
"2248","52511910B3092467574862",2,37874.9910037474,"Western Pacific",75749.9820074948,7.97369838034411,"Taiwan, Province of China"
"2249","52511910B30977236715140",3,112617.427380099,"Western Pacific",337852.282140297,8.29230836097998,"Taiwan, Province of China"
"2250","52511910B31003231188752",3,18058.457431377,"Western Pacific",54175.372294131,25.5092902240309,"Taiwan, Province of China"
"2251","52511910B3118715998086",3,3738.25124050295,"Western Pacific",11214.7537215089,35.5351608855238,"Taiwan, Province of China"
"2252","52511910B31268860247424",2,125700.365904651,"Western Pacific",251400.731809302,14.0664037987714,"Taiwan, Province of China"
"2253","52511910B31717620625581",2,20882.8330568762,"Western Pacific",41765.6661137524,17.7697600679119,"Taiwan, Province of China"
"2254","52511910B3173449865557",3,21969.0963168878,"Western Pacific",65907.2889506634,27.4518151566902,"Taiwan, Province of China"
"2255","52511910B31970606922462",3,26881.8596416545,"Western Pacific",80645.5789249635,11.3677840284869,"Taiwan, Province of China"
"2256","52511910B32484376841800",2,3424.4416397059,"Western Pacific",6848.8832794118,33.8362642332015,"Taiwan, Province of China"
"2257","52511910B32855735947523",3,19458.7966529407,"Western Pacific",58376.3899588221,18.4724107055037,"Taiwan, Province of China"
"2258","52511910B33100646615087",1,59960.4948360655,"Western Pacific",59960.4948360655,15.4730662731004,"Taiwan, Province of China"
"2259","52511910B33929030594907",2,92063.8835987832,"Western Pacific",184127.767197566,10.2718465211265,"Taiwan, Province of China"
"2260","52511910B34768840903386",3,74776.564847285,"Western Pacific",224329.694541855,15.6464485933779,"Taiwan, Province of China"
"2261","52511910B3516463668472",2,1337.67071770264,"Western Pacific",2675.34143540528,32.3495872315182,"Taiwan, Province of China"
"2262","52511910B35262105049161",2,41490.9448113564,"Western Pacific",82981.8896227128,20.7216664679786,"Taiwan, Province of China"
"2263","52511910B3549258104854",3,16471.5501994556,"Western Pacific",49414.6505983668,18.2746093853311,"Taiwan, Province of China"
"2264","52511910B3606287647189",2,18348.8213161659,"Western Pacific",36697.6426323318,7.44193116364681,"Taiwan, Province of China"
"2265","52511910B36399926613491",2,402794.25083731,"Western Pacific",805588.50167462,22.7302892222932,"Taiwan, Province of China"
"2266","52511910B36549244443661",2,3125.40029566852,"Western Pacific",6250.80059133704,54.5398229209571,"Taiwan, Province of China"
"2267","52511910B37391519791178",3,33592.6675582169,"Western Pacific",100778.002674651,10.3056012378176,"Taiwan, Province of China"
"2268","52511910B37639564414460",3,40878.0265960258,"Western Pacific",122634.079788077,19.1534833197409,"Taiwan, Province of China"
"2269","52511910B37647459697968",2,30924.6120282065,"Western Pacific",61849.224056413,10.0366690421519,"Taiwan, Province of China"
"2270","52511910B37723179298847",2,7373.74004485311,"Western Pacific",14747.4800897062,33.5314999395153,"Taiwan, Province of China"
"2271","52511910B38062779232785",2,1923.8072060325,"Western Pacific",3847.614412065,29.9368887733001,"Taiwan, Province of China"
"2272","52511910B38320737099141",3,7912.51641764997,"Western Pacific",23737.5492529499,46.6632184659921,"Taiwan, Province of China"
"2273","52511910B38482668702502",3,229044.688777466,"Western Pacific",687134.066332398,8.57247387508456,"Taiwan, Province of China"
"2274","52511910B39021201460320",2,105245.360576413,"Western Pacific",210490.721152826,23.7305170289841,"Taiwan, Province of China"
"2275","52511910B39055948947966",2,2653.3349972406,"Western Pacific",5306.6699944812,24.6034128792274,"Taiwan, Province of China"
"2276","52511910B39647585180353",2,78132.8026701737,"Western Pacific",156265.605340347,11.048230533536,"Taiwan, Province of China"
"2277","52511910B398222474379",3,2254.9374010678,"Western Pacific",6764.8122032034,24.2921054056469,"Taiwan, Province of China"
"2278","52511910B3988585053627",3,1175.38335483122,"Western Pacific",3526.15006449366,36.6892684360106,"Taiwan, Province of China"
"2279","52511910B39925062868722",2,27107.4906270862,"Western Pacific",54214.9812541724,26.8868023818005,"Taiwan, Province of China"
"2280","52511910B4018321552262",2,20348.1032277669,"Western Pacific",40696.2064555338,10.5896460130139,"Taiwan, Province of China"
"2281","52511910B4023851996912",2,10743.6083680121,"Western Pacific",21487.2167360242,49.3183664334041,"Taiwan, Province of China"
"2282","52511910B40379944508344",3,15056.8206687791,"Western Pacific",45170.4620063373,27.8962500381941,"Taiwan, Province of China"
"2283","52511910B40704082736400",2,219769.907107956,"Western Pacific",439539.814215912,26.0075429458584,"Taiwan, Province of China"
"2284","52511910B40762326804108",3,13404.4788504197,"Western Pacific",40213.4365512591,20.0577977543318,"Taiwan, Province of China"
"2285","52511910B40907976300093",2,117297.395895598,"Western Pacific",234594.791791196,22.836094560314,"Taiwan, Province of China"
"2286","52511910B40932238962124",3,1746.05241542073,"Western Pacific",5238.15724626219,46.1485570623971,"Taiwan, Province of China"
"2287","52511910B41349980343036",3,40689.6135474628,"Western Pacific",122068.840642388,12.2659050783534,"Taiwan, Province of China"
"2288","52511910B41569626445575",3,40520.0181267489,"Western Pacific",121560.054380247,8.00090718428403,"Taiwan, Province of China"
"2289","52511910B41832053670190",2,98600.3410544577,"Western Pacific",197200.682108915,24.5456901461188,"Taiwan, Province of China"
"2290","52511910B41847670787440",3,1054.3106853202,"Western Pacific",3162.9320559606,50.8813492831811,"Taiwan, Province of China"
"2291","52511910B41918855057041",3,40133.5713601892,"Western Pacific",120400.714080568,20.6992783626147,"Taiwan, Province of China"
"2292","52511910B42295955196197",2,27086.9364226861,"Western Pacific",54173.8728453722,3.13865343509884,"Taiwan, Province of China"
"2293","52511910B42739382471676",2,64162.1210822439,"Western Pacific",128324.242164488,17.8222996272578,"Taiwan, Province of China"
"2294","52511910B42807411813200",2,9762.89121998005,"Western Pacific",19525.7824399601,49.4393605645308,"Taiwan, Province of China"
"2295","52511910B43288181316884",3,51546.3261186065,"Western Pacific",154638.97835582,13.8250094527048,"Taiwan, Province of China"
"2296","52511910B43412485397625",3,47081.3515066542,"Western Pacific",141244.054519963,8.81178752541622,"Taiwan, Province of China"
"2297","52511910B43880613502989",3,23295.5058123965,"Western Pacific",69886.5174371895,27.8121474220233,"Taiwan, Province of China"
"2298","52511910B44183742195819",2,201225.613035483,"Western Pacific",402451.226070966,20.7496696008821,"Taiwan, Province of China"
"2299","52511910B44653158831279",3,68660.5102866684,"Western Pacific",205981.530860005,8.18557391534143,"Taiwan, Province of China"
"2300","52511910B45067846009416",2,327294.726383851,"Western Pacific",654589.452767702,12.8466126889168,"Taiwan, Province of China"
"2301","52511910B45111644423638",3,244907.595173127,"Western Pacific",734722.785519381,10.2139598068806,"Taiwan, Province of China"
"2302","52511910B45186727587827",3,151191.202021414,"Western Pacific",453573.606064242,9.46499876573311,"Taiwan, Province of China"
"2303","52511910B45758904415578",3,43092.4664512089,"Western Pacific",129277.399353627,19.0023399870821,"Taiwan, Province of China"
"2304","52511910B46327040282414",2,169785.669458731,"Western Pacific",339571.338917462,25.6922969211113,"Taiwan, Province of China"
"2305","52511910B46580896438278",2,18280.3117974305,"Western Pacific",36560.623594861,24.5360482971151,"Taiwan, Province of China"
"2306","52511910B46875128491",2,146148.691399496,"Western Pacific",292297.382798992,13.8828273334648,"Taiwan, Province of China"
"2307","52511910B47006759189229",3,42725.1526726782,"Western Pacific",128175.458018035,9.74095101917393,"Taiwan, Province of China"
"2308","52511910B47108576517123",2,24645.8132942014,"Western Pacific",49291.6265884028,15.0315303051169,"Taiwan, Province of China"
"2309","52511910B47117449404442",1,16395.0556614474,"Western Pacific",16395.0556614474,31.985213344811,"Taiwan, Province of China"
"2310","52511910B47244734334087",2,4975.88658869449,"Western Pacific",9951.77317738898,32.4772013377686,"Taiwan, Province of China"
"2311","52511910B47715712995546",2,198728.995079267,"Western Pacific",397457.990158534,23.4649845925778,"Taiwan, Province of China"
"2312","52511910B47928826922149",2,1256.254475425,"Western Pacific",2512.50895085,49.3131523048454,"Taiwan, Province of China"
"2313","52511910B4802898208422",2,21063.9621895951,"Western Pacific",42127.9243791902,9.32495193405926,"Taiwan, Province of China"
"2314","52511910B48556697809502",2,42413.2857836448,"Western Pacific",84826.5715672896,25.5888779305583,"Taiwan, Province of China"
"2315","52511910B4874504546565",2,246253.852496004,"Western Pacific",492507.704992008,14.8221942521326,"Taiwan, Province of China"
"2316","52511910B48822656668811",2,5905.45304939108,"Western Pacific",11810.9060987822,41.8050012822889,"Taiwan, Province of China"
"2317","52511910B49041277824691",1,3124.65091946483,"Western Pacific",3124.65091946483,31.8617363309644,"Taiwan, Province of China"
"2318","52511910B49192689587509",2,8436.22207552111,"Western Pacific",16872.4441510422,14.4588235556527,"Taiwan, Province of China"
"2319","52511910B49246730473855",1,49819.2731508207,"Western Pacific",49819.2731508207,20.2812109117578,"Taiwan, Province of China"
"2320","52511910B49284203349487",2,22228.8330388675,"Western Pacific",44457.666077735,12.4192277548331,"Taiwan, Province of China"
"2321","52511910B49336497562900",2,152957.859305813,"Western Pacific",305915.718611626,29.707406249561,"Taiwan, Province of China"
"2322","52511910B49397347460294",3,18137.80036166,"Western Pacific",54413.40108498,28.3657635683536,"Taiwan, Province of China"
"2323","52511910B4946947315760",2,85309.3231509048,"Western Pacific",170618.64630181,10.3565132174964,"Taiwan, Province of China"
"2324","52511910B49492134849249",2,71267.7366176997,"Western Pacific",142535.473235399,9.75313745848079,"Taiwan, Province of China"
"2325","52511910B49637011657057",2,43140.7521252982,"Western Pacific",86281.5042505964,10.2687207732813,"Taiwan, Province of China"
"2326","52511910B4969786063416",2,9711.49449176693,"Western Pacific",19422.9889835339,25.0606735883177,"Taiwan, Province of China"
"2327","52511910B49699122775209",3,12534.5297581913,"Western Pacific",37603.5892745739,23.5366952984347,"Taiwan, Province of China"
"2328","52511910B49735999236113",3,7704.95934357727,"Western Pacific",23114.8780307318,11.5982611929186,"Taiwan, Province of China"
"2329","52511910B50234287801955",3,20976.4113663254,"Western Pacific",62929.2340989762,10.540533835747,"Taiwan, Province of China"
"2330","52511910B50474008293669",2,304814.701346257,"Western Pacific",609629.402692514,19.3742795714666,"Taiwan, Province of China"
"2331","52511910B50770239456778",2,44633.8941865464,"Western Pacific",89267.7883730928,9.52435083509163,"Taiwan, Province of China"
"2332","52511910B51634678228857",3,164602.954283748,"Western Pacific",493808.862851244,9.0117069435295,"Taiwan, Province of China"
"2333","52511910B51671938708352",3,5341.57849402368,"Western Pacific",16024.735482071,32.9252750487809,"Taiwan, Province of China"
"2334","52511910B5173446134858",2,33408.6429236325,"Western Pacific",66817.285847265,13.7700056368034,"Taiwan, Province of China"
"2335","52511910B52040400722593",3,41123.2110523648,"Western Pacific",123369.633157094,14.6184878679029,"Taiwan, Province of China"
"2336","52511910B52167757698823",3,25463.1323022925,"Western Pacific",76389.3969068775,20.2236108715517,"Taiwan, Province of China"
"2337","52511910B52234359951443",2,42662.9778272682,"Western Pacific",85325.9556545364,9.5843946521937,"Taiwan, Province of China"
"2338","52511910B52477730632252",3,19380.169574622,"Western Pacific",58140.508723866,34.4307916169613,"Taiwan, Province of China"
"2339","52511910B53055897182204",3,13025.2380235598,"Western Pacific",39075.7140706794,10.6690940271921,"Taiwan, Province of China"
"2340","52511910B53218930904512",2,5063.29807540314,"Western Pacific",10126.5961508063,31.1962343302979,"Taiwan, Province of China"
"2341","52511910B53442502489936",2,176511.025426194,"Western Pacific",353022.050852388,26.2186657618823,"Taiwan, Province of China"
"2342","52511910B53659520741831",3,47598.216131512,"Western Pacific",142794.648394536,12.4477493412056,"Taiwan, Province of China"
"2343","52511910B53728166380969",2,19710.3034693678,"Western Pacific",39420.6069387356,18.6467675471518,"Taiwan, Province of China"
"2344","52511910B54123288304078",3,23833.4134289073,"Western Pacific",71500.2402867219,8.75970560072412,"Taiwan, Province of China"
"2345","52511910B54132966107148",3,52738.2896842599,"Western Pacific",158214.86905278,11.2663052187072,"Taiwan, Province of China"
"2346","52511910B54429610497624",2,158980.197078357,"Western Pacific",317960.394156714,8.26961549845076,"Taiwan, Province of China"
"2347","52511910B54492038659997",3,24653.467931568,"Western Pacific",73960.403794704,9.37052173430059,"Taiwan, Province of China"
"2348","52511910B54544949915679",3,93139.3070113055,"Western Pacific",279417.921033917,13.9234239680876,"Taiwan, Province of China"
"2349","52511910B54921877123299",2,25505.016959437,"Western Pacific",51010.033918874,24.0567327914468,"Taiwan, Province of China"
"2350","52511910B55440888068193",3,4432.1347410053,"Western Pacific",13296.4042230159,35.3494444443079,"Taiwan, Province of China"
"2351","52511910B55503333028627",3,25277.8211468971,"Western Pacific",75833.4634406913,25.3858966476338,"Taiwan, Province of China"
"2352","52511910B55551570232595",3,44432.5959591005,"Western Pacific",133297.787877302,10.9415429829349,"Taiwan, Province of China"
"2353","52511910B55567443002533",3,5812.54332796194,"Western Pacific",17437.6299838858,34.2992885798325,"Taiwan, Province of China"
"2354","52511910B55591891530874",3,8964.08976946812,"Western Pacific",26892.2693084044,24.3696767501587,"Taiwan, Province of China"
"2355","52511910B558444185686",3,77084.2109793175,"Western Pacific",231252.632937953,8.01035963285309,"Taiwan, Province of China"
"2356","52511910B56209015841977",2,142211.803873345,"Western Pacific",284423.60774669,8.62212062425828,"Taiwan, Province of China"
"2357","52511910B56958480946992",2,70392.8709666836,"Western Pacific",140785.741933367,10.3013011278447,"Taiwan, Province of China"
"2358","52511910B57035161982504",2,200559.908480166,"Western Pacific",401119.816960332,22.2145784435035,"Taiwan, Province of China"
"2359","52511910B57239711193520",2,64083.2448581347,"Western Pacific",128166.489716269,17.3125501026788,"Taiwan, Province of China"
"2360","52511910B57344020400583",2,334754.541605308,"Western Pacific",669509.083210616,28.7447859220621,"Taiwan, Province of China"
"2361","52511910B57885575775117",2,185192.287575993,"Western Pacific",370384.575151986,23.3920196661236,"Taiwan, Province of China"
"2362","52511910B58011485138839",2,4073.25203312278,"Western Pacific",8146.50406624556,29.649727206304,"Taiwan, Province of China"
"2363","52511910B5845387986633",2,8279.82958406925,"Western Pacific",16559.6591681385,1.23463042721628,"Taiwan, Province of China"
"2364","52511910B58943778362560",2,12003.5138695869,"Western Pacific",24007.0277391738,25.2757204052217,"Taiwan, Province of China"
"2365","52511910B59176200579981",3,19889.6815115859,"Western Pacific",59669.0445347577,14.8213249496482,"Taiwan, Province of China"
"2366","52511910B59203276225690",3,5004.34107245635,"Western Pacific",15013.023217369,30.4155651635012,"Taiwan, Province of China"
"2367","52511910B59245920767717",3,8906.53957265253,"Western Pacific",26719.6187179576,7.29385444911923,"Taiwan, Province of China"
"2368","52511910B59360103371589",3,7786.32866726509,"Western Pacific",23358.9860017953,23.1610622271282,"Taiwan, Province of China"
"2369","52511910B59553354826271",3,8744.79738506977,"Western Pacific",26234.3921552093,23.6753284717903,"Taiwan, Province of China"
"2370","52511910B59671861776280",3,8965.5306389674,"Western Pacific",26896.5919169022,24.9442148927593,"Taiwan, Province of China"
"2371","52511910B59824272814460",2,60565.9357136206,"Western Pacific",121131.871427241,11.6893253122076,"Taiwan, Province of China"
"2372","52511910B60061263127196",3,22585.9360197503,"Western Pacific",67757.8080592509,21.4779868427306,"Taiwan, Province of China"
"2373","52511910B60889717547120",2,207589.289233399,"Western Pacific",415178.578466798,22.6779375080493,"Taiwan, Province of China"
"2374","52511910B61192023784720",3,12373.9874259783,"Western Pacific",37121.9622779349,26.2078845709615,"Taiwan, Province of China"
"2375","52511910B61439489120441",2,62498.2415499217,"Western Pacific",124996.483099843,16.6955905410747,"Taiwan, Province of China"
"2376","52511910B6162382764157",2,315110.426484366,"Western Pacific",630220.852968732,19.835508883091,"Taiwan, Province of China"
"2377","52511910B61676244874246",3,16434.2712204747,"Western Pacific",49302.8136614241,22.2351891987558,"Taiwan, Province of China"
"2378","52511910B61790844495814",3,19690.7485868568,"Western Pacific",59072.2457605704,24.84685131967,"Taiwan, Province of China"
"2379","52511910B62200479590982",2,6166.20408042856,"Western Pacific",12332.4081608571,32.63612580145,"Taiwan, Province of China"
"2380","52511910B62500214534323",2,116.208142993078,"Western Pacific",232.416285986156,67.5876651085085,"Taiwan, Province of China"
"2381","52511910B62556379472396",2,7251.07512683314,"Western Pacific",14502.1502536663,39.4495973571027,"Taiwan, Province of China"
"2382","52511910B62562257240113",2,124458.996309938,"Western Pacific",248917.992619876,9.87918410631844,"Taiwan, Province of China"
"2383","52511910B62922031863482",1,6735.80210829736,"Western Pacific",6735.80210829736,40.6670123472388,"Taiwan, Province of China"
"2384","52511910B63167976390159",2,18601.0216083799,"Western Pacific",37202.0432167598,12.0075998037026,"Taiwan, Province of China"
"2385","52511910B63672424305930",2,17731.0920903904,"Western Pacific",35462.1841807808,23.7957152311331,"Taiwan, Province of China"
"2386","52511910B63745543652662",2,44943.4286822135,"Western Pacific",89886.857364427,11.4193210710085,"Taiwan, Province of China"
"2387","52511910B6389603869041",2,558411.688063642,"Western Pacific",1116823.37612728,19.9261856107825,"Taiwan, Province of China"
"2388","52511910B648094459248",3,45716.9876421982,"Western Pacific",137150.962926595,14.1896597479378,"Taiwan, Province of China"
"2389","52511910B65003852157868",3,11677.8463793542,"Western Pacific",35033.5391380626,16.0142683425924,"Taiwan, Province of China"
"2390","52511910B65196754917234",3,53625.5544761095,"Western Pacific",160876.663428328,12.5126413850807,"Taiwan, Province of China"
"2391","52511910B65674101735888",3,22824.9030986252,"Western Pacific",68474.7092958756,13.6899226898095,"Taiwan, Province of China"
"2392","52511910B65736953470193",3,12917.0272365771,"Western Pacific",38751.0817097313,50.3432097054206,"Taiwan, Province of China"
"2393","52511910B66300742055958",3,8918.84585570196,"Western Pacific",26756.5375671059,28.6629422144246,"Taiwan, Province of China"
"2394","52511910B66393591343605",3,22657.0417904744,"Western Pacific",67971.1253714232,19.9644060170838,"Taiwan, Province of China"
"2395","52511910B66525116512935",2,26359.635991338,"Western Pacific",52719.271982676,11.474001158999,"Taiwan, Province of China"
"2396","52511910B66692058551395",3,64287.0890874556,"Western Pacific",192861.267262367,11.9801413691256,"Taiwan, Province of China"
"2397","52511910B67044835484249",2,28139.475298549,"Western Pacific",56278.950597098,20.3384315734218,"Taiwan, Province of China"
"2398","52511910B67072521171420",2,3554.99576189041,"Western Pacific",7109.99152378082,36.3402774308567,"Taiwan, Province of China"
"2399","52511910B67244265985329",3,36429.795659512,"Western Pacific",109289.386978536,14.9786388610162,"Taiwan, Province of China"
"2400","52511910B67503722299641",3,124411.325320246,"Western Pacific",373233.975960738,7.50466589684231,"Taiwan, Province of China"
"2401","52511910B67569609565838",2,81862.3729887616,"Western Pacific",163724.745977523,21.4657708440099,"Taiwan, Province of China"
"2402","52511910B67622492960002",3,22452.4637655963,"Western Pacific",67357.3912967889,11.5437333082095,"Taiwan, Province of China"
"2403","52511910B68145786967648",3,72319.3055711272,"Western Pacific",216957.916713382,12.3274891865492,"Taiwan, Province of China"
"2404","52511910B68305869820707",3,35398.4632435082,"Western Pacific",106195.389730525,9.90979932344515,"Taiwan, Province of China"
"2405","52511910B68505135665197",2,458224.119690902,"Western Pacific",916448.239381804,14.1237772168402,"Taiwan, Province of China"
"2406","52511910B68559401871490",2,155936.62600384,"Western Pacific",311873.25200768,27.0853866182644,"Taiwan, Province of China"
"2407","52511910B68600157990452",2,12253.8616529942,"Western Pacific",24507.7233059884,4.35371807900571,"Taiwan, Province of China"
"2408","52511910B68602378722707",2,85618.2484462457,"Western Pacific",171236.496892491,14.9945326506076,"Taiwan, Province of China"
"2409","52511910B69050472249631",3,15326.1913057373,"Western Pacific",45978.5739172119,10.426660935704,"Taiwan, Province of China"
"2410","52511910B69477070610060",3,3943.39512464976,"Western Pacific",11830.1853739493,36.6881495563792,"Taiwan, Province of China"
"2411","52511910B70153095650041",2,3203.91212173248,"Western Pacific",6407.82424346496,34.3852376715158,"Taiwan, Province of China"
"2412","52511910B70290379794397",2,71411.5238906636,"Western Pacific",142823.047781327,28.8790446923516,"Taiwan, Province of China"
"2413","52511910B70456030054544",3,1261.96287495956,"Western Pacific",3785.88862487868,37.6153105444475,"Taiwan, Province of China"
"2414","52511910B70473175587181",3,3770.27711413262,"Western Pacific",11310.8313423979,51.274186279304,"Taiwan, Province of China"
"2415","52511910B70638918104863",2,33773.4500583602,"Western Pacific",67546.9001167204,14.5324454875288,"Taiwan, Province of China"
"2416","52511910B71032150875325",2,11674.5925371091,"Western Pacific",23349.1850742182,40.8179887346086,"Taiwan, Province of China"
"2417","52511910B71538284073489",3,3504.29585218967,"Western Pacific",10512.887556569,27.4711556461915,"Taiwan, Province of China"
"2418","52511910B71690687423925",3,14075.8403421823,"Western Pacific",42227.5210265469,15.1079975367249,"Taiwan, Province of China"
"2419","52511910B72557613719767",2,305884.739390254,"Western Pacific",611769.478780508,25.9590193863198,"Taiwan, Province of China"
"2420","52511910B73336698759549",3,31913.09636588,"Western Pacific",95739.28909764,12.1197302164163,"Taiwan, Province of China"
"2421","52511910B75183314272458",2,47468.5283523152,"Western Pacific",94937.0567046304,22.9887283654083,"Taiwan, Province of China"
"2422","52511910B75402986028359",2,90699.4628734703,"Western Pacific",181398.925746941,23.7085907708586,"Taiwan, Province of China"
"2423","52511910B76288634877329",2,45625.9650161518,"Western Pacific",91251.9300323036,15.7411791090254,"Taiwan, Province of China"
"2424","52511910B76622709081814",3,1884.34977485906,"Western Pacific",5653.04932457718,30.6578309756624,"Taiwan, Province of China"
"2425","52511910B76643025216805",2,213406.932299927,"Western Pacific",426813.864599854,9.58011409435675,"Taiwan, Province of China"
"2426","52511910B76864499188928",3,3865.22142989339,"Western Pacific",11595.6642896802,40.0635904358884,"Taiwan, Province of China"
"2427","52511910B77222989775801",1,6224.98605216578,"Western Pacific",6224.98605216578,39.5005734928623,"Taiwan, Province of China"
"2428","52511910B77517078586613",2,101825.617205633,"Western Pacific",203651.234411266,10.2478715720368,"Taiwan, Province of China"
"2429","52511910B77588417233313",3,30444.5498751773,"Western Pacific",91333.6496255319,10.0899325800011,"Taiwan, Province of China"
"2430","52511910B7774942695724",2,20526.3708488926,"Western Pacific",41052.7416977852,10.86542469802,"Taiwan, Province of China"
"2431","52511910B78140930961679",3,2546.7402006649,"Western Pacific",7640.2206019947,41.8184905722763,"Taiwan, Province of China"
"2432","52511910B78362812420952",3,173933.363709388,"Western Pacific",521800.091128164,9.78510994456017,"Taiwan, Province of China"
"2433","52511910B78382154896940",3,1430.73475552,"Western Pacific",4292.20426656,38.1644242098056,"Taiwan, Province of China"
"2434","52511910B7838707993704",2,21093.2534583395,"Western Pacific",42186.506916679,22.553560892189,"Taiwan, Province of China"
"2435","52511910B78526013910080",2,5678.55231082953,"Western Pacific",11357.1046216591,27.0510581527142,"Taiwan, Province of China"
"2436","52511910B78624558885304",3,54399.3211455806,"Western Pacific",163197.963436742,11.3879623973819,"Taiwan, Province of China"
"2437","52511910B79023193352255",2,31022.1857239575,"Western Pacific",62044.371447915,11.9702886788858,"Taiwan, Province of China"
"2438","52511910B79239618011253",2,231184.841534543,"Western Pacific",462369.683069086,24.966142380585,"Taiwan, Province of China"
"2439","52511910B79351211043156",2,98184.9887801052,"Western Pacific",196369.97756021,10.0906169183406,"Taiwan, Province of China"
"2440","52511910B79904820365756",2,36054.3945075067,"Western Pacific",72108.7890150134,12.285505599365,"Taiwan, Province of China"
"2441","52511910B79940153361499",2,15455.4803084651,"Western Pacific",30910.9606169302,18.9557793953443,"Taiwan, Province of China"
"2442","52511910B80020209032330",2,44907.5444602539,"Western Pacific",89815.0889205078,9.70479046421089,"Taiwan, Province of China"
"2443","52511910B80553421723016",2,96777.6599251458,"Western Pacific",193555.319850292,8.73957586530853,"Taiwan, Province of China"
"2444","52511910B80611967822771",2,31336.6695556733,"Western Pacific",62673.3391113466,23.0077907809786,"Taiwan, Province of China"
"2445","52511910B80613047181881",3,13554.1408927093,"Western Pacific",40662.4226781279,10.0457042463439,"Taiwan, Province of China"
"2446","52511910B80624224978544",2,13522.9204400778,"Western Pacific",27045.8408801556,21.3224295036011,"Taiwan, Province of China"
"2447","52511910B81270804246754",2,31311.1958538269,"Western Pacific",62622.3917076538,18.4006334123403,"Taiwan, Province of China"
"2448","52511910B81672195550340",3,102042.049682444,"Western Pacific",306126.149047332,13.0780038075151,"Taiwan, Province of China"
"2449","52511910B81807770672257",2,507540.076303046,"Western Pacific",1015080.15260609,28.3537798897246,"Taiwan, Province of China"
"2450","52511910B81868017791126",2,11919.3538712307,"Western Pacific",23838.7077424614,36.0334338534702,"Taiwan, Province of China"
"2451","52511910B82181877276071",3,18256.2548838037,"Western Pacific",54768.7646514111,28.8919156827276,"Taiwan, Province of China"
"2452","52511910B82353065981408",3,8232.94280903596,"Western Pacific",24698.8284271079,27.7780724327113,"Taiwan, Province of China"
"2453","52511910B82588790657213",2,9662.50556164723,"Western Pacific",19325.0111232945,14.4987704602309,"Taiwan, Province of China"
"2454","52511910B82760897224923",2,31895.412371104,"Western Pacific",63790.824742208,16.898513808661,"Taiwan, Province of China"
"2455","52511910B83187520966287",3,75132.3139959793,"Western Pacific",225396.941987938,8.81209817557225,"Taiwan, Province of China"
"2456","52511910B83254623159264",2,89542.7965480309,"Western Pacific",179085.593096062,15.2185043053074,"Taiwan, Province of China"
"2457","52511910B83654747413473",2,69918.3026255513,"Western Pacific",139836.605251103,13.1999114097609,"Taiwan, Province of China"
"2458","52511910B8366046265197",3,1182.19166876674,"Western Pacific",3546.57500630022,47.5461030560351,"Taiwan, Province of China"
"2459","52511910B83755823779571",3,26240.9883113522,"Western Pacific",78722.9649340566,19.7199657949901,"Taiwan, Province of China"
"2460","52511910B84130893113897",1,184471.32928362,"Western Pacific",184471.32928362,15.8420708487662,"Taiwan, Province of China"
"2461","52511910B84254778922177",3,2783.50119171879,"Western Pacific",8350.50357515637,39.3432366085743,"Taiwan, Province of China"
"2462","52511910B8433520860340",2,15633.085298485,"Western Pacific",31266.17059697,16.1250889085983,"Taiwan, Province of China"
"2463","52511910B8555120582575",2,73417.9977459914,"Western Pacific",146835.995491983,13.9678219328775,"Taiwan, Province of China"
"2464","52511910B85663060935330",3,40504.6074799814,"Western Pacific",121513.822439944,6.37925634549769,"Taiwan, Province of China"
"2465","52511910B85672644454395",2,214654.806746472,"Western Pacific",429309.613492944,25.9924057218918,"Taiwan, Province of China"
"2466","52511910B8569683364670",2,150870.690564221,"Western Pacific",301741.381128442,23.0106393151568,"Taiwan, Province of China"
"2467","52511910B85706759339541",1,35248.2399268081,"Western Pacific",35248.2399268081,23.9214048798805,"Taiwan, Province of China"
"2468","52511910B86399036189677",3,18123.2062052742,"Western Pacific",54369.6186158226,17.2932715684589,"Taiwan, Province of China"
"2469","52511910B8640641883305",3,11187.84004748,"Western Pacific",33563.52014244,23.0358808011839,"Taiwan, Province of China"
"2470","52511910B86463604693023",3,22197.8332467306,"Western Pacific",66593.4997401918,18.9735944187414,"Taiwan, Province of China"
"2471","52511910B86635109020715",3,8407.35943115199,"Western Pacific",25222.078293456,22.3240330380037,"Taiwan, Province of China"
"2472","52511910B86664130512952",2,3547.92750440376,"Western Pacific",7095.85500880752,38.8520019560686,"Taiwan, Province of China"
"2473","52511910B86675185737242",2,160288.036380688,"Western Pacific",320576.072761376,24.3628404904363,"Taiwan, Province of China"
"2474","52511910B86901151057582",3,32794.6035457519,"Western Pacific",98383.8106372557,11.847522138006,"Taiwan, Province of China"
"2475","52511910B8694284014765",2,19493.4636276592,"Western Pacific",38986.9272553184,10.0200480620791,"Taiwan, Province of China"
"2476","52511910B87526029786391",2,13287.2474779285,"Western Pacific",26574.494955857,9.20958249490827,"Taiwan, Province of China"
"2477","52511910B87738681480797",3,2321.78741188165,"Western Pacific",6965.36223564495,33.7335434271813,"Taiwan, Province of China"
"2478","52511910B88737921309662",2,294004.316127419,"Western Pacific",588008.632254838,15.6161920162163,"Taiwan, Province of China"
"2479","52511910B89393531563013",2,126186.549136956,"Western Pacific",252373.098273912,9.47348614645234,"Taiwan, Province of China"
"2480","52511910B89557374460695",3,2364.63161025947,"Western Pacific",7093.89483077841,40.862817733896,"Taiwan, Province of China"
"2481","52511910B90052363141845",3,8374.01458720911,"Western Pacific",25122.0437616273,23.4931009113905,"Taiwan, Province of China"
"2482","52511910B9027234137610",3,18140.9743633157,"Western Pacific",54422.9230899471,19.8530984154983,"Taiwan, Province of China"
"2483","52511910B9049907467318",3,2550.9064071109,"Western Pacific",7652.7192213327,37.3367531939328,"Taiwan, Province of China"
"2484","52511910B90712224530022",2,70637.5803734396,"Western Pacific",141275.160746879,11.9967383439528,"Taiwan, Province of China"
"2485","52511910B90795941917739",2,7172.28916902915,"Western Pacific",14344.5783380583,11.2194594798196,"Taiwan, Province of China"
"2486","52511910B90991611037176",2,3456.70001877539,"Western Pacific",6913.40003755078,47.7372667754539,"Taiwan, Province of China"
"2487","52511910B91175598455743",3,14446.5885846932,"Western Pacific",43339.7657540796,20.5219374071631,"Taiwan, Province of China"
"2488","52511910B91354507826004",3,181475.801303953,"Western Pacific",544427.403911859,13.3818420566601,"Taiwan, Province of China"
"2489","52511910B92065650444302",1,76862.3433475686,"Western Pacific",76862.3433475686,22.0821489988528,"Taiwan, Province of China"
"2490","52511910B92188863099631",2,72867.8021710803,"Western Pacific",145735.604342161,8.36989116940791,"Taiwan, Province of China"
"2491","52511910B92709587856848",3,41012.2011324416,"Western Pacific",123036.603397325,9.27989202401389,"Taiwan, Province of China"
"2492","52511910B92990516943265",2,71345.8072953808,"Western Pacific",142691.614590762,9.80322187647719,"Taiwan, Province of China"
"2493","52511910B93540688501820",3,37043.9023658611,"Western Pacific",111131.707097583,13.5292467476376,"Taiwan, Province of China"
"2494","52511910B93844416805291",3,31988.9870436178,"Western Pacific",95966.9611308534,9.88617830006344,"Taiwan, Province of China"
"2495","52511910B93975188491166",3,7616.23460613106,"Western Pacific",22848.7038183932,15.5902752087171,"Taiwan, Province of China"
"2496","52511910B94067910328765",3,26528.4540607202,"Western Pacific",79585.3621821606,9.21546246749965,"Taiwan, Province of China"
"2497","52511910B94409074074623",3,10981.6071246673,"Western Pacific",32944.8213740019,11.67623882744,"Taiwan, Province of China"
"2498","52511910B94458762678017",2,39564.1019534035,"Western Pacific",79128.203906807,17.55378073639,"Taiwan, Province of China"
"2499","52511910B94488542881377",3,38821.4701847626,"Western Pacific",116464.410554288,10.2309683213732,"Taiwan, Province of China"
"2500","52511910B94627775761425",3,29633.3800206919,"Western Pacific",88900.1400620757,11.0172822535185,"Taiwan, Province of China"
"2501","52511910B94675128167590",2,235388.64419085,"Western Pacific",470777.2883817,26.1395853481983,"Taiwan, Province of China"
"2502","52511910B95098417504855",3,23948.9893650834,"Western Pacific",71846.9680952502,11.7323526272955,"Taiwan, Province of China"
"2503","52511910B95362195406961",2,138842.037791458,"Western Pacific",277684.075582916,10.9477112800532,"Taiwan, Province of China"
"2504","52511910B95398494564210",3,19442.9203992106,"Western Pacific",58328.7611976318,18.5464228569111,"Taiwan, Province of China"
"2505","52511910B954183777842",2,163747.480338147,"Western Pacific",327494.960676294,13.8843506320327,"Taiwan, Province of China"
"2506","52511910B95850947838113",3,34358.7524836326,"Western Pacific",103076.257450898,13.9278941330371,"Taiwan, Province of China"
"2507","52511910B95876228816034",3,16384.4542424631,"Western Pacific",49153.3627273893,16.9706566074908,"Taiwan, Province of China"
"2508","52511910B95956240331763",2,83213.0035028484,"Western Pacific",166426.007005697,9.15245564741995,"Taiwan, Province of China"
"2509","52511910B96063333949316",2,25361.7352577839,"Western Pacific",50723.4705155678,28.5468645254687,"Taiwan, Province of China"
"2510","52511910B96194264601254",2,362069.62309035,"Western Pacific",724139.2461807,24.0245887935199,"Taiwan, Province of China"
"2511","52511910B96314718972571",2,9701.7681390869,"Western Pacific",19403.5362781738,20.5037043132285,"Taiwan, Province of China"
"2512","52511910B9639721186799",3,17590.7901962564,"Western Pacific",52772.3705887692,12.2301524499653,"Taiwan, Province of China"
"2513","52511910B96811995525646",2,5668.23105847981,"Western Pacific",11336.4621169596,37.2313189823952,"Taiwan, Province of China"
"2514","52511910B97040583536387",2,272013.807523743,"Western Pacific",544027.615047486,23.2445982759915,"Taiwan, Province of China"
"2515","52511910B97060806511909",3,14919.3805375424,"Western Pacific",44758.1416126272,19.3671637324712,"Taiwan, Province of China"
"2516","52511910B97228601381981",2,92908.4747052515,"Western Pacific",185816.949410503,21.23768849969,"Taiwan, Province of China"
"2517","52511910B97258167764484",2,166995.502206746,"Western Pacific",333991.004413492,24.1074921126663,"Taiwan, Province of China"
"2518","52511910B97596648855860",3,11887.0232305803,"Western Pacific",35661.0696917409,20.713419150298,"Taiwan, Province of China"
"2519","52511910B98030585757527",2,215518.012961043,"Western Pacific",431036.025922086,25.5988358193341,"Taiwan, Province of China"
"2520","52511910B98629971413037",2,179346.387799067,"Western Pacific",358692.775598134,22.233083893873,"Taiwan, Province of China"
"2521","52511910B98838605252897",2,165158.002789676,"Western Pacific",330316.005579352,23.138861167698,"Taiwan, Province of China"
"2522","52511910B98966812491458",2,10240.5631726233,"Western Pacific",20481.1263452466,18.6489286728559,"Taiwan, Province of China"
"2523","52511910B99182661436347",3,10345.0737151409,"Western Pacific",31035.2211454227,19.0033051498884,"Taiwan, Province of China"
"2524","52511910B99479800826846",3,18922.3513945305,"Western Pacific",56767.0541835915,21.0888817964081,"Taiwan, Province of China"
"2525","52511910B99923381863543",2,303151.44805877,"Western Pacific",606302.89611754,21.3028420818604,"Taiwan, Province of China"
"2526","54806243B20736296010663",1,29901.353679843,"Western Pacific",29901.353679843,75.6680763266552,"Lao People's Democratic Republic"
"2527","54806243B48324758526346",1,19348.2560769135,"Western Pacific",19348.2560769135,71.3831242026626,"Lao People's Democratic Republic"
"2528","54806243B69269956902772",1,26118.7206754968,"Western Pacific",26118.7206754968,56.0191390416477,"Lao People's Democratic Republic"
"2529","57096268B61339172511637",1,437415.385140251,"Americas",437415.385140251,64.4634525134158,"Haiti"
"2530","57096268B94613960435878",1,303551.606100227,"Americas",303551.606100227,74.3971181112938,"Haiti"
"2531","65221844B83452679821580",1,253.460002660751,"Africa",253.460002660751,0,"Mauritius"
"2532","72390352B25336426084217",1,258185.797278414,"Africa",258185.797278414,74.2187270630176,"Tanzania, United Republic of"
"2533","72390352B74532147136856",1,58366.0877709429,"Africa",58366.0877709429,64.7698884798837,"Tanzania, United Republic of"
"2534","75667366B10388242457894",1,188366.94311939,"Americas",188366.94311939,25.3191701398091,"Cuba"
"2535","75667366B10680094164751",1,28109.1599626948,"Americas",28109.1599626948,32.6077863813289,"Cuba"
"2536","75667366B12605402479047",1,27380.9265468351,"Americas",27380.9265468351,40.3014405450028,"Cuba"
"2537","75667366B15427453282982",1,27949.5249548937,"Americas",27949.5249548937,29.7065710284325,"Cuba"
"2538","75667366B18879934460880",1,55864.4355744088,"Americas",55864.4355744088,12.3915203110342,"Cuba"
"2539","75667366B19980502726207",1,47498.5300543645,"Americas",47498.5300543645,24.7346212989509,"Cuba"
"2540","75667366B2002412802844",1,42745.9809482467,"Americas",42745.9809482467,24.509895688316,"Cuba"
"2541","75667366B23380456359307",1,72123.3273842015,"Americas",72123.3273842015,35.0391838067304,"Cuba"
"2542","75667366B25903359168563",2,67438.7294414541,"Americas",134877.458882908,35.7098624210945,"Cuba"
"2543","75667366B26845086877570",1,82767.0604756763,"Americas",82767.0604756763,40.50521499099,"Cuba"
"2544","75667366B27255150678965",1,53967.7623597435,"Americas",53967.7623597435,34.2030811375674,"Cuba"
"2545","75667366B29476094069096",1,20606.1223771516,"Americas",20606.1223771516,29.2321810873244,"Cuba"
"2546","75667366B3039479778897",1,30164.0194517235,"Americas",30164.0194517235,38.2416491489897,"Cuba"
"2547","75667366B31265103522165",1,70565.8312536319,"Americas",70565.8312536319,11.3612682404023,"Cuba"
"2548","75667366B32750380578448",1,31594.2703793538,"Americas",31594.2703793538,25.8743427053195,"Cuba"
"2549","75667366B33792308655913",1,49520.5820462283,"Americas",49520.5820462283,27.1884871617804,"Cuba"
"2550","75667366B35074617847721",1,36131.2692662087,"Americas",36131.2692662087,37.6475101547598,"Cuba"
"2551","75667366B37088337934130",1,433630.900067952,"Americas",433630.900067952,28.7768087514992,"Cuba"
"2552","75667366B38367821610265",2,25523.1185843483,"Americas",51046.2371686966,38.2015881360086,"Cuba"
"2553","75667366B39781215847289",1,29144.0041104855,"Americas",29144.0041104855,30.9540190348646,"Cuba"
"2554","75667366B40759243895064",1,106563.201359245,"Americas",106563.201359245,14.5950599902757,"Cuba"
"2555","75667366B41426179995922",1,23874.6551469408,"Americas",23874.6551469408,36.3304237020871,"Cuba"
"2556","75667366B41693677561366",1,20617.2258349423,"Americas",20617.2258349423,37.7686031682135,"Cuba"
"2557","75667366B42220855402560",1,22298.4166246909,"Americas",22298.4166246909,38.7140080872383,"Cuba"
"2558","75667366B43283590384827",1,91138.885722092,"Americas",91138.885722092,33.9152693240001,"Cuba"
"2559","75667366B44154135823395",1,33504.2673184663,"Americas",33504.2673184663,41.4274960968455,"Cuba"
"2560","75667366B44494476895893",1,74821.0290000252,"Americas",74821.0290000252,14.0027692548557,"Cuba"
"2561","75667366B44844501353027",1,68986.8364656226,"Americas",68986.8364656226,25.8113160459922,"Cuba"
"2562","75667366B45015819829333",1,76953.9139941559,"Americas",76953.9139941559,37.2195776731346,"Cuba"
"2563","75667366B45419331747538",1,42821.4022306223,"Americas",42821.4022306223,35.9970042186792,"Cuba"
"2564","75667366B46102635862321",1,120822.218161678,"Americas",120822.218161678,21.4903081591597,"Cuba"
"2565","75667366B46145165221806",1,102661.261117088,"Americas",102661.261117088,30.2612959211515,"Cuba"
"2566","75667366B47194088471769",1,21084.7199893628,"Americas",21084.7199893628,45.9067834848468,"Cuba"
"2567","75667366B47389896256",1,221067.69794392,"Americas",221067.69794392,40.3350360609595,"Cuba"
"2568","75667366B49025507333210",1,31243.7166674586,"Americas",31243.7166674586,32.3970051550394,"Cuba"
"2569","75667366B49038548326439",1,24400.3819568488,"Americas",24400.3819568488,48.3764051351867,"Cuba"
"2570","75667366B497077547550",1,155312.205431479,"Americas",155312.205431479,29.9828532422327,"Cuba"
"2571","75667366B50607521886252",1,77348.9564263633,"Americas",77348.9564263633,44.5244077446472,"Cuba"
"2572","75667366B52062801683075",1,17898.896594677,"Americas",17898.896594677,37.5447046023257,"Cuba"
"2573","75667366B52554296779728",1,37571.8842268837,"Americas",37571.8842268837,40.5174595674424,"Cuba"
"2574","75667366B53824695685103",1,95667.9266514715,"Americas",95667.9266514715,31.4662858408162,"Cuba"
"2575","75667366B55450845848024",1,40042.4817887017,"Americas",40042.4817887017,31.6667845222918,"Cuba"
"2576","75667366B60114686204489",1,19011.9618485371,"Americas",19011.9618485371,36.5604765554801,"Cuba"
"2577","75667366B6235496505331",1,31696.4459509931,"Americas",31696.4459509931,32.5576990896987,"Cuba"
"2578","75667366B62455388286151",1,69868.3641803148,"Americas",69868.3641803148,39.6940795073053,"Cuba"
"2579","75667366B62928460103923",1,37490.9191864927,"Americas",37490.9191864927,30.3314262014929,"Cuba"
"2580","75667366B63092623675998",1,35231.9447060336,"Americas",35231.9447060336,33.161561176393,"Cuba"
"2581","75667366B65149533303144",1,33575.363956794,"Americas",33575.363956794,32.7892698093943,"Cuba"
"2582","75667366B65648600044594",1,214096.727362814,"Americas",214096.727362814,36.5137539508572,"Cuba"
"2583","75667366B66529798652377",1,179576.741072571,"Americas",179576.741072571,28.3613954076096,"Cuba"
"2584","75667366B66642132315537",1,34128.3220687903,"Americas",34128.3220687903,40.3923540129398,"Cuba"
"2585","75667366B6678530358474",1,94112.3658909499,"Americas",94112.3658909499,22.4943258115026,"Cuba"
"2586","75667366B68367745340454",1,27954.8552773744,"Americas",27954.8552773744,40.7907774350427,"Cuba"
"2587","75667366B69202185225589",1,9224.45887334619,"Americas",9224.45887334619,40.9311364079727,"Cuba"
"2588","75667366B69518596321544",1,12343.230649536,"Americas",12343.230649536,38.5225727542,"Cuba"
"2589","75667366B70751681444112",1,132724.196657218,"Americas",132724.196657218,38.3499504877789,"Cuba"
"2590","75667366B71613146081304",1,37219.2305179891,"Americas",37219.2305179891,46.5384443503523,"Cuba"
"2591","75667366B7171439243991",1,14446.3147711234,"Americas",14446.3147711234,43.7289623800727,"Cuba"
"2592","75667366B7302956753404",1,291187.500757489,"Americas",291187.500757489,23.8519831158063,"Cuba"
"2593","75667366B73876769816488",1,39448.7045986652,"Americas",39448.7045986652,39.804355683314,"Cuba"
"2594","75667366B76262272549979",1,80686.7397907097,"Americas",80686.7397907097,28.5005045382715,"Cuba"
"2595","75667366B77160460927054",1,18996.1280022114,"Americas",18996.1280022114,44.5524879233946,"Cuba"
"2596","75667366B7803341445428",1,21899.5859413337,"Americas",21899.5859413337,43.3846831091396,"Cuba"
"2597","75667366B78870807940351",1,25078.4106058221,"Americas",25078.4106058221,33.4357124820355,"Cuba"
"2598","75667366B80263662304106",1,39790.2602503536,"Americas",39790.2602503536,23.3293168666405,"Cuba"
"2599","75667366B80682104725187",1,46802.3827680206,"Americas",46802.3827680206,6.28226974110755,"Cuba"
"2600","75667366B82556438360114",1,42876.7035411452,"Americas",42876.7035411452,24.2303063565957,"Cuba"
"2601","75667366B82870270071557",1,43172.4136377139,"Americas",43172.4136377139,40.025866348044,"Cuba"
"2602","75667366B8388196899019",1,28888.1565283866,"Americas",28888.1565283866,42.5848909001403,"Cuba"
"2603","75667366B85703768975715",1,49161.8970953587,"Americas",49161.8970953587,48.4600371760622,"Cuba"
"2604","75667366B86823637835543",1,185016.75123655,"Americas",185016.75123655,24.8065682815915,"Cuba"
"2605","75667366B86860977517537",1,65189.8636041159,"Americas",65189.8636041159,7.90754665065555,"Cuba"
"2606","75667366B89140663288606",1,130360.2178485,"Americas",130360.2178485,20.2059715993292,"Cuba"
"2607","75667366B90563155997798",1,23297.7742854199,"Americas",23297.7742854199,43.3124748228033,"Cuba"
"2608","75667366B91463258125198",1,29031.898267505,"Americas",29031.898267505,31.1997643513418,"Cuba"
"2609","75667366B91712962926649",1,522470.450355729,"Americas",522470.450355729,24.2820033340901,"Cuba"
"2610","75667366B92264993742233",1,39838.1725571938,"Americas",39838.1725571938,34.8516885069846,"Cuba"
"2611","75667366B92334467605945",1,78020.7361410892,"Americas",78020.7361410892,30.8372656929509,"Cuba"
"2612","75667366B92506466281371",1,21983.0415068085,"Americas",21983.0415068085,22.920669110082,"Cuba"
"2613","75667366B93220946498673",1,76056.3794543924,"Americas",76056.3794543924,37.0272839553878,"Cuba"
"2614","75667366B93291752136089",1,29485.6296638218,"Americas",29485.6296638218,39.7540494852345,"Cuba"
"2615","75667366B93303026760321",1,49320.3622797749,"Americas",49320.3622797749,6.19032795397638,"Cuba"
"2616","75667366B9514275444181",1,98843.7716576987,"Americas",98843.7716576987,38.7318276023158,"Cuba"
"2617","75667366B96454310315942",1,188803.494592482,"Americas",188803.494592482,31.8625686705181,"Cuba"
"2618","75667366B96937661980351",1,35251.261063265,"Americas",35251.261063265,31.3088461973803,"Cuba"
"2619","75667366B9750656068001",1,32599.0761561878,"Americas",32599.0761561878,36.8038202884752,"Cuba"
"2620","75667366B98184381496608",1,86140.3364729134,"Americas",86140.3364729134,25.9479704451821,"Cuba"
"2621","76128533B22077262393417",1,4284624.10052355,"South-East Asia",4284624.10052355,34.7406884153096,"India"
"2622","76128533B25373378863054",1,5686475.24308326,"South-East Asia",5686475.24308326,50.0802003816114,"India"
"2623","76128533B2860535426345",1,12357410.137242,"South-East Asia",12357410.137242,38.6340134199909,"India"
"2624","76128533B32949331695897",1,1282074.34960402,"South-East Asia",1282074.34960402,54.5686598534517,"India"
"2625","76128533B34216851275023",1,2875907.59536412,"South-East Asia",2875907.59536412,68.9320432124098,"India"
"2626","76128533B58797478961083",1,1566508.65613548,"South-East Asia",1566508.65613548,57.3449651369165,"India"
"2627","76128533B59504628511334",1,2052869.84144386,"South-East Asia",2052869.84144386,66.0139970120834,"India"
"2628","76128533B70842759816811",1,2880150.34814342,"South-East Asia",2880150.34814342,47.231022837016,"India"
"2629","76128533B72507508533064",1,3588931.99726095,"South-East Asia",3588931.99726095,15.9733541120288,"India"
"2630","76128533B81147724102706",1,2464132.37965947,"South-East Asia",2464132.37965947,62.4478673475692,"India"
"2631","76128533B81857725777974",1,5859976.04079616,"South-East Asia",5859976.04079616,38.4177134737748,"India"
"2632","76128533B91818883767147",1,2083477.18950555,"South-East Asia",2083477.18950555,59.2606556365395,"India"
"2633","76128533B93453964263910",1,10497537.3626477,"South-East Asia",10497537.3626477,30.4765457135649,"India"
"2634","76128533B98951704707517",1,1698678.50143432,"South-East Asia",1698678.50143432,61.0232484472428,"India"
"2635","81297802B10167820950608",2,68010.791852919,"Western Pacific",136021.583705838,51.9615656199144,"Viet Nam"
"2636","81297802B10763760406842",1,97159.5585454119,"Western Pacific",97159.5585454119,61.2136637550399,"Viet Nam"
"2637","81297802B10780873415993",1,286829.167901296,"Western Pacific",286829.167901296,11.1201202979915,"Viet Nam"
"2638","81297802B11071874803157",1,76773.7586276427,"Western Pacific",76773.7586276427,46.1706027496517,"Viet Nam"
"2639","81297802B12405297659236",1,221963.788517026,"Western Pacific",221963.788517026,32.5425946059432,"Viet Nam"
"2640","81297802B12607058922832",1,49485.0344409645,"Western Pacific",49485.0344409645,45.9505353259541,"Viet Nam"
"2641","81297802B12977108616150",1,53749.6948084777,"Western Pacific",53749.6948084777,14.3986456820831,"Viet Nam"
"2642","81297802B13645799597087",1,61739.4435216439,"Western Pacific",61739.4435216439,52.8368612621397,"Viet Nam"
"2643","81297802B14141540631295",1,127631.40498407,"Western Pacific",127631.40498407,31.4542843196652,"Viet Nam"
"2644","81297802B1430654702420",1,146043.771387198,"Western Pacific",146043.771387198,49.7296650548851,"Viet Nam"
"2645","81297802B1435628045096",2,45529.6232835037,"Western Pacific",91059.2465670074,41.1983821106718,"Viet Nam"
"2646","81297802B17568713952999",1,37326.1830053277,"Western Pacific",37326.1830053277,41.4703519359994,"Viet Nam"
"2647","81297802B17638458778811",1,105118.859686314,"Western Pacific",105118.859686314,13.3084260094293,"Viet Nam"
"2648","81297802B18173194226488",1,159956.672170224,"Western Pacific",159956.672170224,48.2556477656579,"Viet Nam"
"2649","81297802B18330735489877",1,115064.879773589,"Western Pacific",115064.879773589,53.217217307938,"Viet Nam"
"2650","81297802B18343005733844",1,143773.502613987,"Western Pacific",143773.502613987,12.2357757900323,"Viet Nam"
"2651","81297802B18420716282175",2,19215.4620076073,"Western Pacific",38430.9240152146,58.5598774006894,"Viet Nam"
"2652","81297802B19362557849536",1,121329.806756943,"Western Pacific",121329.806756943,12.2865991075498,"Viet Nam"
"2653","81297802B19798201223775",1,122439.93435778,"Western Pacific",122439.93435778,45.6108681845605,"Viet Nam"
"2654","81297802B21506651579478",1,93345.8862216122,"Western Pacific",93345.8862216122,18.2555773441083,"Viet Nam"
"2655","81297802B21956500009646",1,127911.710545211,"Western Pacific",127911.710545211,8.57773031437465,"Viet Nam"
"2656","81297802B21968879828656",1,130631.632260333,"Western Pacific",130631.632260333,59.2870755299943,"Viet Nam"
"2657","81297802B21970288414729",1,269709.871985639,"Western Pacific",269709.871985639,26.1987488729602,"Viet Nam"
"2658","81297802B21993860278161",1,83970.1731403176,"Western Pacific",83970.1731403176,46.0572400134005,"Viet Nam"
"2659","81297802B22157258808987",1,160536.575668605,"Western Pacific",160536.575668605,52.035751184191,"Viet Nam"
"2660","81297802B22385523751240",1,77612.5124851735,"Western Pacific",77612.5124851735,54.7402161422754,"Viet Nam"
"2661","81297802B22446045808118",1,111578.528293911,"Western Pacific",111578.528293911,47.1379237564173,"Viet Nam"
"2662","81297802B22471082550929",2,82460.4533285468,"Western Pacific",164920.906657094,48.5198294908296,"Viet Nam"
"2663","81297802B22502411355715",1,94234.0822774611,"Western Pacific",94234.0822774611,37.9508695092039,"Viet Nam"
"2664","81297802B23156291808671",2,38945.2250731262,"Western Pacific",77890.4501462524,19.4497788282833,"Viet Nam"
"2665","81297802B2331859269186",1,236300.101183149,"Western Pacific",236300.101183149,40.6151979586323,"Viet Nam"
"2666","81297802B23821385944469",1,210059.037961776,"Western Pacific",210059.037961776,10.9041950127324,"Viet Nam"
"2667","81297802B23878626253121",1,199040.017014748,"Western Pacific",199040.017014748,48.8025685225612,"Viet Nam"
"2668","81297802B24165490506756",1,86638.3955469729,"Western Pacific",86638.3955469729,49.362728709718,"Viet Nam"
"2669","81297802B24308322432437",1,37016.7172348314,"Western Pacific",37016.7172348314,63.4463117136118,"Viet Nam"
"2670","81297802B24341511138047",1,30466.956385237,"Western Pacific",30466.956385237,58.8749411675876,"Viet Nam"
"2671","81297802B24696745321038",1,30068.1780516314,"Western Pacific",30068.1780516314,63.5362357012838,"Viet Nam"
"2672","81297802B25708049906691",1,56541.4438851999,"Western Pacific",56541.4438851999,51.9502618878364,"Viet Nam"
"2673","81297802B25831565259333",1,218032.474726157,"Western Pacific",218032.474726157,35.4879556751128,"Viet Nam"
"2674","81297802B26729031323268",1,94341.0544031451,"Western Pacific",94341.0544031451,38.3237935000078,"Viet Nam"
"2675","81297802B27432396017289",1,113453.338925605,"Western Pacific",113453.338925605,31.5309321160719,"Viet Nam"
"2676","81297802B28152038240632",1,167287.98178555,"Western Pacific",167287.98178555,28.9674858381497,"Viet Nam"
"2677","81297802B28789600266311",1,233951.12659906,"Western Pacific",233951.12659906,40.9109796271101,"Viet Nam"
"2678","81297802B29202402001629",1,138209.000587932,"Western Pacific",138209.000587932,40.5454313681535,"Viet Nam"
"2679","81297802B29311833142389",1,90715.3836663314,"Western Pacific",90715.3836663314,23.3472837268995,"Viet Nam"
"2680","81297802B29420287983322",1,134865.140728881,"Western Pacific",134865.140728881,30.3884720584137,"Viet Nam"
"2681","81297802B29506934186430",1,104449.184334069,"Western Pacific",104449.184334069,28.2094006103791,"Viet Nam"
"2682","81297802B29692958480362",1,116140.382682231,"Western Pacific",116140.382682231,25.6796988638843,"Viet Nam"
"2683","81297802B29855819440848",1,26779.396516816,"Western Pacific",26779.396516816,40.508886139697,"Viet Nam"
"2684","81297802B29926011513196",1,110873.21228766,"Western Pacific",110873.21228766,21.2622612306562,"Viet Nam"
"2685","81297802B30186135932553",1,157384.281576324,"Western Pacific",157384.281576324,31.178470633029,"Viet Nam"
"2686","81297802B30321615980530",1,37458.3167788039,"Western Pacific",37458.3167788039,22.6263735075299,"Viet Nam"
"2687","81297802B30557639912850",1,58012.2194365733,"Western Pacific",58012.2194365733,56.6383000963793,"Viet Nam"
"2688","81297802B30905014988311",1,183750.010506506,"Western Pacific",183750.010506506,32.2681082852771,"Viet Nam"
"2689","81297802B31270346353021",1,169222.964645074,"Western Pacific",169222.964645074,18.0117021391809,"Viet Nam"
"2690","81297802B31371166923700",1,98959.5298546768,"Western Pacific",98959.5298546768,49.5887666118492,"Viet Nam"
"2691","81297802B31644345342604",1,180593.472478862,"Western Pacific",180593.472478862,11.9816065023565,"Viet Nam"
"2692","81297802B31840185218616",1,123874.635763536,"Western Pacific",123874.635763536,36.5632069998083,"Viet Nam"
"2693","81297802B31894177777214",1,94919.9503323924,"Western Pacific",94919.9503323924,39.7890997871076,"Viet Nam"
"2694","81297802B32233799995516",1,35518.6559478926,"Western Pacific",35518.6559478926,2.62659808552951,"Viet Nam"
"2695","81297802B3249391660958",1,158425.142460892,"Western Pacific",158425.142460892,22.6389781606415,"Viet Nam"
"2696","81297802B33082020704537",1,105540.60704299,"Western Pacific",105540.60704299,16.4979929900883,"Viet Nam"
"2697","81297802B33091662264636",1,119302.718847233,"Western Pacific",119302.718847233,13.9711661291934,"Viet Nam"
"2698","81297802B33733008951227",1,241171.90372978,"Western Pacific",241171.90372978,21.2491805320592,"Viet Nam"
"2699","81297802B33900605812276",1,68731.8734148975,"Western Pacific",68731.8734148975,43.8057817416077,"Viet Nam"
"2700","81297802B35079403712963",1,111104.658523779,"Western Pacific",111104.658523779,55.8413384947388,"Viet Nam"
"2701","81297802B35519691635120",1,26720.0895785797,"Western Pacific",26720.0895785797,29.8861467987168,"Viet Nam"
"2702","81297802B36566531846362",1,68123.1981608961,"Western Pacific",68123.1981608961,32.4222878129888,"Viet Nam"
"2703","81297802B36883846114124",1,49737.8729338905,"Western Pacific",49737.8729338905,53.0731672483649,"Viet Nam"
"2704","81297802B3696641207460",1,129742.773508805,"Western Pacific",129742.773508805,29.7941865201108,"Viet Nam"
"2705","81297802B37110717960369",1,162253.073277679,"Western Pacific",162253.073277679,11.3912608615394,"Viet Nam"
"2706","81297802B37279419107484",1,121822.354166844,"Western Pacific",121822.354166844,19.1317453634662,"Viet Nam"
"2707","81297802B37600217906847",1,151438.608265872,"Western Pacific",151438.608265872,49.0000272465087,"Viet Nam"
"2708","81297802B38321972927223",1,200156.035939607,"Western Pacific",200156.035939607,53.1994559635563,"Viet Nam"
"2709","81297802B38356347526872",1,139579.422777658,"Western Pacific",139579.422777658,19.1598715750306,"Viet Nam"
"2710","81297802B3855346019179",1,147542.395253168,"Western Pacific",147542.395253168,28.5214872104126,"Viet Nam"
"2711","81297802B38910067880652",1,160874.140886074,"Western Pacific",160874.140886074,39.2865238357806,"Viet Nam"
"2712","81297802B3900213451305",1,45469.158781395,"Western Pacific",45469.158781395,58.8778539829256,"Viet Nam"
"2713","81297802B3906213091507",1,225427.239001389,"Western Pacific",225427.239001389,13.0836820588437,"Viet Nam"
"2714","81297802B40107493867560",1,119831.197384906,"Western Pacific",119831.197384906,60.056037684985,"Viet Nam"
"2715","81297802B40676303665635",1,223209.542208963,"Western Pacific",223209.542208963,32.8089321400289,"Viet Nam"
"2716","81297802B40785510400399",1,81231.1956164485,"Western Pacific",81231.1956164485,41.165061030054,"Viet Nam"
"2717","81297802B41242908240864",1,48004.1719174617,"Western Pacific",48004.1719174617,42.5869749746405,"Viet Nam"
"2718","81297802B41330613652559",1,190693.58424468,"Western Pacific",190693.58424468,26.0438778499937,"Viet Nam"
"2719","81297802B41688796411548",1,116119.680956915,"Western Pacific",116119.680956915,21.732967983124,"Viet Nam"
"2720","81297802B42641748496229",1,107640.798129191,"Western Pacific",107640.798129191,25.0966207456471,"Viet Nam"
"2721","81297802B42689754920120",1,105137.142622883,"Western Pacific",105137.142622883,37.7065006230941,"Viet Nam"
"2722","81297802B42785936874032",1,267665.571656554,"Western Pacific",267665.571656554,40.2626179947264,"Viet Nam"
"2723","81297802B42791937018990",1,26838.0198812844,"Western Pacific",26838.0198812844,59.4566343051365,"Viet Nam"
"2724","81297802B4294080644708",1,184999.672123833,"Western Pacific",184999.672123833,38.42685165287,"Viet Nam"
"2725","81297802B43083568307928",1,44149.7375031476,"Western Pacific",44149.7375031476,60.4374542276088,"Viet Nam"
"2726","81297802B43105107768719",1,299850.849288655,"Western Pacific",299850.849288655,20.7394052888537,"Viet Nam"
"2727","81297802B43584820413656",1,81842.2461293312,"Western Pacific",81842.2461293312,51.4844939094926,"Viet Nam"
"2728","81297802B43959874007568",1,65191.372982651,"Western Pacific",65191.372982651,52.9232829673091,"Viet Nam"
"2729","81297802B44532488811780",1,59167.633239876,"Western Pacific",59167.633239876,50.1466315741325,"Viet Nam"
"2730","81297802B4597997720172",1,57079.6232102433,"Western Pacific",57079.6232102433,34.4191266717042,"Viet Nam"
"2731","81297802B46332855119377",1,27372.6069124849,"Western Pacific",27372.6069124849,43.8242508754895,"Viet Nam"
"2732","81297802B46816941364430",1,107286.442585415,"Western Pacific",107286.442585415,43.2216979918909,"Viet Nam"
"2733","81297802B46977673973725",1,336768.340733301,"Western Pacific",336768.340733301,12.633587567055,"Viet Nam"
"2734","81297802B47439602304770",1,125089.400502429,"Western Pacific",125089.400502429,26.6837108543996,"Viet Nam"
"2735","81297802B47590181438391",1,177811.334069473,"Western Pacific",177811.334069473,38.787250673322,"Viet Nam"
"2736","81297802B47675849617506",1,119451.600851874,"Western Pacific",119451.600851874,42.9342910196385,"Viet Nam"
"2737","81297802B47692200365960",1,152181.481429791,"Western Pacific",152181.481429791,38.5712420647001,"Viet Nam"
"2738","81297802B47963627673209",1,137719.361862906,"Western Pacific",137719.361862906,42.4252186828355,"Viet Nam"
"2739","81297802B48396752750587",1,191114.762438063,"Western Pacific",191114.762438063,14.3246388450212,"Viet Nam"
"2740","81297802B48433290328639",1,260502.990984955,"Western Pacific",260502.990984955,24.3525735114392,"Viet Nam"
"2741","81297802B48632704069528",1,185416.06206944,"Western Pacific",185416.06206944,36.7223460053145,"Viet Nam"
"2742","81297802B51483513425235",1,198283.200770019,"Western Pacific",198283.200770019,26.5641140031441,"Viet Nam"
"2743","81297802B52142956360096",1,40202.957171821,"Western Pacific",40202.957171821,55.2624353055814,"Viet Nam"
"2744","81297802B5241398972305",1,335557.387107341,"Western Pacific",335557.387107341,18.8518514309416,"Viet Nam"
"2745","81297802B53592665760601",2,54723.6459199868,"Western Pacific",109447.291839974,30.3848581544697,"Viet Nam"
"2746","81297802B53696601888295",2,38611.7386766251,"Western Pacific",77223.4773532502,40.1117460031272,"Viet Nam"
"2747","81297802B53771614429572",1,98594.4959477618,"Western Pacific",98594.4959477618,34.9402898959864,"Viet Nam"
"2748","81297802B54089788823696",1,251912.174173644,"Western Pacific",251912.174173644,13.4618108125187,"Viet Nam"
"2749","81297802B54863694878388",1,50715.3721759017,"Western Pacific",50715.3721759017,57.2729230196952,"Viet Nam"
"2750","81297802B55237865359696",1,57553.3740086439,"Western Pacific",57553.3740086439,19.3149076552035,"Viet Nam"
"2751","81297802B55266176914642",1,191709.466132335,"Western Pacific",191709.466132335,39.9113542683382,"Viet Nam"
"2752","81297802B55451481919262",1,72899.1500386038,"Western Pacific",72899.1500386038,57.1406150523482,"Viet Nam"
"2753","81297802B55456276640785",1,76742.0826341197,"Western Pacific",76742.0826341197,25.1159122164118,"Viet Nam"
"2754","81297802B55629975533372",1,209491.169085312,"Western Pacific",209491.169085312,49.5349651438998,"Viet Nam"
"2755","81297802B55928452292311",1,166748.492531142,"Western Pacific",166748.492531142,35.4533900401982,"Viet Nam"
"2756","81297802B55955468315553",1,96238.8805615956,"Western Pacific",96238.8805615956,15.3045759461316,"Viet Nam"
"2757","81297802B5641238333098",2,184775.467972194,"Western Pacific",369550.935944388,14.8004437737211,"Viet Nam"
"2758","81297802B56696175700764",1,113726.859490242,"Western Pacific",113726.859490242,33.0808164787051,"Viet Nam"
"2759","81297802B57234015442712",1,187573.07829691,"Western Pacific",187573.07829691,46.3385654674503,"Viet Nam"
"2760","81297802B5756602808944",1,10371.4271867802,"Western Pacific",10371.4271867802,39.9602694444907,"Viet Nam"
"2761","81297802B58266448529829",1,384205.421778662,"Western Pacific",384205.421778662,13.6905558544681,"Viet Nam"
"2762","81297802B59755992581592",1,140513.940762391,"Western Pacific",140513.940762391,36.1107115259603,"Viet Nam"
"2763","81297802B59998896925567",1,194267.617879913,"Western Pacific",194267.617879913,30.0755600389349,"Viet Nam"
"2764","81297802B60314868788909",1,94048.408908619,"Western Pacific",94048.408908619,52.7462408631448,"Viet Nam"
"2765","81297802B60514422076531",1,51310.6481862517,"Western Pacific",51310.6481862517,56.0322303483903,"Viet Nam"
"2766","81297802B60728672974675",1,249696.628651968,"Western Pacific",249696.628651968,14.5105011782503,"Viet Nam"
"2767","81297802B61067118889021",1,102034.353982429,"Western Pacific",102034.353982429,45.0425136132532,"Viet Nam"
"2768","81297802B61752422174773",1,127493.376833725,"Western Pacific",127493.376833725,42.4440970115153,"Viet Nam"
"2769","81297802B61782089337393",1,209381.08533807,"Western Pacific",209381.08533807,46.630668917847,"Viet Nam"
"2770","81297802B62167717430855",1,57114.87995844,"Western Pacific",57114.87995844,13.5741486385453,"Viet Nam"
"2771","81297802B62704406726497",1,154317.968059554,"Western Pacific",154317.968059554,53.175312515055,"Viet Nam"
"2772","81297802B62924474209473",1,146105.380042273,"Western Pacific",146105.380042273,16.5331512729449,"Viet Nam"
"2773","81297802B63234506717185",1,269889.470340678,"Western Pacific",269889.470340678,14.1905479711901,"Viet Nam"
"2774","81297802B63499365755438",1,84310.1854686756,"Western Pacific",84310.1854686756,9.1305562297418,"Viet Nam"
"2775","81297802B63925273406451",1,185015.723628916,"Western Pacific",185015.723628916,37.6128442389388,"Viet Nam"
"2776","81297802B63935781650096",1,465285.839655336,"Western Pacific",465285.839655336,14.561821253298,"Viet Nam"
"2777","81297802B64104222015073",1,70898.4448304604,"Western Pacific",70898.4448304604,41.6867538737725,"Viet Nam"
"2778","81297802B64128830492510",1,154374.220064277,"Western Pacific",154374.220064277,20.9949645618919,"Viet Nam"
"2779","81297802B64444176527608",1,97416.4160001633,"Western Pacific",97416.4160001633,9.9979653561128,"Viet Nam"
"2780","81297802B64676269296055",1,253987.560403545,"Western Pacific",253987.560403545,42.4538579846144,"Viet Nam"
"2781","81297802B65234108276491",1,181395.090504284,"Western Pacific",181395.090504284,31.2870055662709,"Viet Nam"
"2782","81297802B65483274658502",1,147906.991606575,"Western Pacific",147906.991606575,38.8874203594297,"Viet Nam"
"2783","81297802B65575052729344",1,58898.8044811112,"Western Pacific",58898.8044811112,53.6656800900156,"Viet Nam"
"2784","81297802B65658789050233",1,139934.550385747,"Western Pacific",139934.550385747,28.1103423088682,"Viet Nam"
"2785","81297802B66022953489908",1,248629.168096194,"Western Pacific",248629.168096194,12.2265558264764,"Viet Nam"
"2786","81297802B66276855595229",1,43495.2309625431,"Western Pacific",43495.2309625431,25.1503962284472,"Viet Nam"
"2787","81297802B67206181597957",1,100329.247929871,"Western Pacific",100329.247929871,48.6585858278129,"Viet Nam"
"2788","81297802B67689154766571",1,127053.446279805,"Western Pacific",127053.446279805,40.5654765612327,"Viet Nam"
"2789","81297802B6788314119837",1,59040.487845581,"Western Pacific",59040.487845581,46.4068668131437,"Viet Nam"
"2790","81297802B6810559606516",1,25237.3367073955,"Western Pacific",25237.3367073955,48.485123343746,"Viet Nam"
"2791","81297802B68109668722051",1,100273.062129131,"Western Pacific",100273.062129131,54.7455332473047,"Viet Nam"
"2792","81297802B68203584934419",1,83778.6845843867,"Western Pacific",83778.6845843867,49.4068749122097,"Viet Nam"
"2793","81297802B68427461655945",1,261367.98996415,"Western Pacific",261367.98996415,13.5974749646794,"Viet Nam"
"2794","81297802B68784640933993",1,28244.2963912174,"Western Pacific",28244.2963912174,64.5404358435399,"Viet Nam"
"2795","81297802B69083052749589",1,174284.573137648,"Western Pacific",174284.573137648,26.3861569433052,"Viet Nam"
"2796","81297802B69562638547328",2,104285.96271441,"Western Pacific",208571.92542882,18.4170926466736,"Viet Nam"
"2797","81297802B6982011035243",1,94819.3752479687,"Western Pacific",94819.3752479687,57.7236385247734,"Viet Nam"
"2798","81297802B69837826881440",1,205540.173773553,"Western Pacific",205540.173773553,30.1780213113472,"Viet Nam"
"2799","81297802B70010606578992",1,156738.165437567,"Western Pacific",156738.165437567,38.8291101454614,"Viet Nam"
"2800","81297802B70315889029707",1,324883.044306053,"Western Pacific",324883.044306053,11.679055720243,"Viet Nam"
"2801","81297802B70743667519193",1,136198.030324576,"Western Pacific",136198.030324576,55.3435015724962,"Viet Nam"
"2802","81297802B71504358310710",2,191892.201070972,"Western Pacific",383784.402141944,17.5508736168778,"Viet Nam"
"2803","81297802B71869801036686",1,90949.5598718405,"Western Pacific",90949.5598718405,44.0818996308069,"Viet Nam"
"2804","81297802B72197288944143",1,43620.358926367,"Western Pacific",43620.358926367,63.8944954211351,"Viet Nam"
"2805","81297802B72352297629850",1,88566.7029350699,"Western Pacific",88566.7029350699,48.1151798352541,"Viet Nam"
"2806","81297802B72565329345275",1,34348.9093202034,"Western Pacific",34348.9093202034,61.5378455857498,"Viet Nam"
"2807","81297802B72882386082996",1,83739.8734463036,"Western Pacific",83739.8734463036,57.8668847535838,"Viet Nam"
"2808","81297802B72919536287172",2,28346.556097572,"Western Pacific",56693.112195144,54.4789178840319,"Viet Nam"
"2809","81297802B73795447547430",1,58438.1607877483,"Western Pacific",58438.1607877483,44.9753808870764,"Viet Nam"
"2810","81297802B74193371644879",1,120556.579981666,"Western Pacific",120556.579981666,57.7095324397452,"Viet Nam"
"2811","81297802B74371944720443",1,193308.14210473,"Western Pacific",193308.14210473,37.3303128683274,"Viet Nam"
"2812","81297802B74485828948407",1,145505.429529154,"Western Pacific",145505.429529154,42.8892037569728,"Viet Nam"
"2813","81297802B75512670100174",1,155315.0542709,"Western Pacific",155315.0542709,29.0181942995982,"Viet Nam"
"2814","81297802B76384767601248",2,3655.07477037065,"Western Pacific",7310.1495407413,42.8939659783099,"Viet Nam"
"2815","81297802B76693228184167",1,103195.628542464,"Western Pacific",103195.628542464,41.9860716801755,"Viet Nam"
"2816","81297802B77229581138550",1,109077.136353353,"Western Pacific",109077.136353353,58.0883599328423,"Viet Nam"
"2817","81297802B77309747732529",1,163913.623062383,"Western Pacific",163913.623062383,37.6384272072012,"Viet Nam"
"2818","81297802B77321226192187",1,170935.155635657,"Western Pacific",170935.155635657,56.2968201894938,"Viet Nam"
"2819","81297802B7752291855220",2,46465.5168903646,"Western Pacific",92931.0337807292,39.850793830657,"Viet Nam"
"2820","81297802B77828019918781",1,130186.55399626,"Western Pacific",130186.55399626,39.0728788246992,"Viet Nam"
"2821","81297802B77847273364040",1,157809.883920792,"Western Pacific",157809.883920792,22.569977039197,"Viet Nam"
"2822","81297802B78295235973409",1,266970.563585384,"Western Pacific",266970.563585384,13.0883399817287,"Viet Nam"
"2823","81297802B78626005730568",1,63789.2879126424,"Western Pacific",63789.2879126424,48.4427126548525,"Viet Nam"
"2824","81297802B7902592700170",1,126274.993702176,"Western Pacific",126274.993702176,26.4510527435793,"Viet Nam"
"2825","81297802B79469395018575",1,146391.619014473,"Western Pacific",146391.619014473,26.7908912447825,"Viet Nam"
"2826","81297802B79786453625721",1,119127.291359499,"Western Pacific",119127.291359499,38.0794416773598,"Viet Nam"
"2827","81297802B80649611591308",1,134119.938371054,"Western Pacific",134119.938371054,34.3589468165436,"Viet Nam"
"2828","81297802B81208073820584",1,217460.424050681,"Western Pacific",217460.424050681,10.5460250843869,"Viet Nam"
"2829","81297802B81471151736005",1,90213.7326025381,"Western Pacific",90213.7326025381,21.6596008400259,"Viet Nam"
"2830","81297802B81765499113898",1,36076.1473584667,"Western Pacific",36076.1473584667,61.4443575545375,"Viet Nam"
"2831","81297802B82332241258399",1,201396.127410877,"Western Pacific",201396.127410877,35.3721948446412,"Viet Nam"
"2832","81297802B82512093072214",1,122539.383211878,"Western Pacific",122539.383211878,58.6237334957424,"Viet Nam"
"2833","81297802B82663613485319",1,225478.132712839,"Western Pacific",225478.132712839,38.2443797520276,"Viet Nam"
"2834","81297802B83094530275497",1,125414.786648336,"Western Pacific",125414.786648336,17.4169267989426,"Viet Nam"
"2835","81297802B8357375846053",1,16937.1222499972,"Western Pacific",16937.1222499972,60.0641088549669,"Viet Nam"
"2836","81297802B83594447255",1,116756.984886438,"Western Pacific",116756.984886438,21.8144784292578,"Viet Nam"
"2837","81297802B83942116722165",1,40954.5987655344,"Western Pacific",40954.5987655344,62.3408411037189,"Viet Nam"
"2838","81297802B84784766195181",1,47131.1159291698,"Western Pacific",47131.1159291698,58.0694047959856,"Viet Nam"
"2839","81297802B85054848055124",1,196965.01413151,"Western Pacific",196965.01413151,15.4449829790412,"Viet Nam"
"2840","81297802B85279913761146",1,134860.31400532,"Western Pacific",134860.31400532,12.4884654915469,"Viet Nam"
"2841","81297802B85331365285334",1,95329.9890664458,"Western Pacific",95329.9890664458,64.4765060532773,"Viet Nam"
"2842","81297802B85424672096974",1,137629.604725234,"Western Pacific",137629.604725234,29.2143787215583,"Viet Nam"
"2843","81297802B85505749224324",1,79874.6873309053,"Western Pacific",79874.6873309053,46.9103325691675,"Viet Nam"
"2844","81297802B85581314164043",1,135817.870718182,"Western Pacific",135817.870718182,28.4025009870033,"Viet Nam"
"2845","81297802B85606551737880",1,80534.6593578917,"Western Pacific",80534.6593578917,42.0283342319627,"Viet Nam"
"2846","81297802B85756054610964",1,144539.308718621,"Western Pacific",144539.308718621,50.5800070440637,"Viet Nam"
"2847","81297802B85934029741785",2,33878.9753289261,"Western Pacific",67757.9506578522,36.5314198733588,"Viet Nam"
"2848","81297802B85996690558528",1,147213.022806135,"Western Pacific",147213.022806135,15.8502408273648,"Viet Nam"
"2849","81297802B86040607446214",1,50975.9169576538,"Western Pacific",50975.9169576538,55.9779493314242,"Viet Nam"
"2850","81297802B86407395704878",1,319006.111468852,"Western Pacific",319006.111468852,25.6996443577205,"Viet Nam"
"2851","81297802B86432819232797",1,114686.653234765,"Western Pacific",114686.653234765,19.4178775264137,"Viet Nam"
"2852","81297802B86878375688696",1,256001.540748581,"Western Pacific",256001.540748581,41.7701067537222,"Viet Nam"
"2853","81297802B88130440660417",1,330562.1073086,"Western Pacific",330562.1073086,22.8807487536973,"Viet Nam"
"2854","81297802B887089272157",1,56354.8984121566,"Western Pacific",56354.8984121566,59.0289800060396,"Viet Nam"
"2855","81297802B88984924666070",1,90843.0327905696,"Western Pacific",90843.0327905696,22.9909798156567,"Viet Nam"
"2856","81297802B89235073975729",1,53934.9967097714,"Western Pacific",53934.9967097714,63.5438668839636,"Viet Nam"
"2857","81297802B89523168412992",1,113962.90715147,"Western Pacific",113962.90715147,30.7048447193474,"Viet Nam"
"2858","81297802B8967556658808",1,53983.3341099862,"Western Pacific",53983.3341099862,22.7328238435701,"Viet Nam"
"2859","81297802B90284781247335",1,86677.2664651521,"Western Pacific",86677.2664651521,56.7930112304035,"Viet Nam"
"2860","81297802B90742047749751",1,477972.415351891,"Western Pacific",477972.415351891,12.9894869880321,"Viet Nam"
"2861","81297802B9107629386142",1,23633.6967271,"Western Pacific",23633.6967271,60.6742567322888,"Viet Nam"
"2862","81297802B91620400281223",1,215067.308040508,"Western Pacific",215067.308040508,30.3970214297582,"Viet Nam"
"2863","81297802B91668671895601",1,215923.208407246,"Western Pacific",215923.208407246,19.5205501451454,"Viet Nam"
"2864","81297802B91982413663988",1,175372.59595485,"Western Pacific",175372.59595485,29.5519282048659,"Viet Nam"
"2865","81297802B92281690814663",1,276972.180123629,"Western Pacific",276972.180123629,11.753278248555,"Viet Nam"
"2866","81297802B92770026846870",1,90115.9671464416,"Western Pacific",90115.9671464416,44.9441781843973,"Viet Nam"
"2867","81297802B92827581567655",1,100808.201242905,"Western Pacific",100808.201242905,55.614402461667,"Viet Nam"
"2868","81297802B9308814425220",1,121160.992380192,"Western Pacific",121160.992380192,42.1885985795228,"Viet Nam"
"2869","81297802B93284854578765",1,141950.11126889,"Western Pacific",141950.11126889,18.6323582079331,"Viet Nam"
"2870","81297802B93646092032264",1,85962.4450590607,"Western Pacific",85962.4450590607,37.5895060501643,"Viet Nam"
"2871","81297802B93912769577432",1,207179.995134919,"Western Pacific",207179.995134919,13.5380739972907,"Viet Nam"
"2872","81297802B94506734482800",1,182625.78133895,"Western Pacific",182625.78133895,44.0760540906065,"Viet Nam"
"2873","81297802B94679881937971",1,82954.3472476027,"Western Pacific",82954.3472476027,33.7960105100241,"Viet Nam"
"2874","81297802B94706269623038",1,44798.2847664387,"Western Pacific",44798.2847664387,56.7770247481355,"Viet Nam"
"2875","81297802B9474885125507",1,165143.52572741,"Western Pacific",165143.52572741,49.630632294305,"Viet Nam"
"2876","81297802B94958861355476",1,282047.064761998,"Western Pacific",282047.064761998,39.8715898858123,"Viet Nam"
"2877","81297802B95308085705563",1,210117.217744521,"Western Pacific",210117.217744521,38.178592331518,"Viet Nam"
"2878","81297802B95607767906649",1,53584.6194136299,"Western Pacific",53584.6194136299,16.8983047427104,"Viet Nam"
"2879","81297802B95629282135268",1,249666.731292961,"Western Pacific",249666.731292961,13.1330162182348,"Viet Nam"
"2880","81297802B95846226867008",1,51734.1421537019,"Western Pacific",51734.1421537019,28.2281399689503,"Viet Nam"
"2881","81297802B96824977906351",1,84615.0076200265,"Western Pacific",84615.0076200265,12.19083274337,"Viet Nam"
"2882","81297802B97142358911210",1,201965.05117862,"Western Pacific",201965.05117862,45.566178041725,"Viet Nam"
"2883","81297802B97239523369157",1,83334.2691725902,"Western Pacific",83334.2691725902,50.0519170918091,"Viet Nam"
"2884","81297802B97878568873252",1,103514.204739885,"Western Pacific",103514.204739885,48.2458502687802,"Viet Nam"
"2885","81297802B98282177960136",1,162772.377480891,"Western Pacific",162772.377480891,29.082661532866,"Viet Nam"
"2886","81297802B98438479076374",1,145635.701248473,"Western Pacific",145635.701248473,40.8729012752632,"Viet Nam"
"2887","81297802B98540731986743",1,66203.2325695594,"Western Pacific",66203.2325695594,30.4051724473091,"Viet Nam"
"2888","81297802B99176770386813",1,72130.5159737413,"Western Pacific",72130.5159737413,58.7099096017405,"Viet Nam"
"2889","81297802B99190294686821",1,318622.428550514,"Western Pacific",318622.428550514,32.3323979911187,"Viet Nam"
"2890","81297802B99638089462809",1,125971.702111893,"Western Pacific",125971.702111893,38.389664852516,"Viet Nam"
"2891","81297802B99776560080545",1,86238.4643278018,"Western Pacific",86238.4643278018,12.0861118335637,"Viet Nam"
"2892","81297802B99897160628736",1,233267.012650862,"Western Pacific",233267.012650862,31.7812433777734,"Viet Nam"
"2893","85939544B12924931865401",1,140774.097780385,"Africa",140774.097780385,80.2852252729125,"Mozambique"
"2894","85939544B1665883546251",1,336379.3986021,"Africa",336379.3986021,81.8533322781151,"Mozambique"
"2895","85939544B19130781251351",1,43475.5276941492,"Africa",43475.5276941492,76.815571601469,"Mozambique"
"2896","85939544B22682737370097",1,168281.002702685,"Africa",168281.002702685,78.4331774713519,"Mozambique"
"2897","85939544B2345621089228",1,94870.3591960747,"Africa",94870.3591960747,75.3552618296212,"Mozambique"
"2898","85939544B26812417695120",1,271744.33584935,"Africa",271744.33584935,79.0079233193647,"Mozambique"
"2899","85939544B29216683074298",1,26286.976414281,"Africa",26286.976414281,81.0991098295626,"Mozambique"
"2900","85939544B35031207172791",1,42942.4680885458,"Africa",42942.4680885458,80.9870562500014,"Mozambique"
"2901","85939544B36345946298130",1,226377.451933537,"Africa",226377.451933537,80.4132777913724,"Mozambique"
"2902","85939544B43724113746926",1,111831.834485871,"Africa",111831.834485871,70.2900723548655,"Mozambique"
"2903","85939544B45831091528789",1,50784.9629366486,"Africa",50784.9629366486,80.4527814305401,"Mozambique"
"2904","85939544B58572468312701",1,251282.495172999,"Africa",251282.495172999,44.7492624043593,"Mozambique"
"2905","85939544B58581363474884",1,56307.8115587022,"Africa",56307.8115587022,69.9226349901688,"Mozambique"
"2906","85939544B66501899539367",1,62819.2713446315,"Africa",62819.2713446315,68.2089202635278,"Mozambique"
"2907","85939544B68242516881190",1,253096.353962981,"Africa",253096.353962981,81.7255976530344,"Mozambique"
"2908","85939544B70195584825603",1,174993.037608396,"Africa",174993.037608396,72.2607719557638,"Mozambique"
"2909","85939544B7087427782291",1,142788.291541101,"Africa",142788.291541101,78.897660182349,"Mozambique"
"2910","85939544B71599092008043",1,105425.553156284,"Africa",105425.553156284,80.7016442951892,"Mozambique"
"2911","85939544B73793826279493",1,56972.1051028165,"Africa",56972.1051028165,76.1708660799778,"Mozambique"
"2912","85939544B74614871029564",1,51315.3143578654,"Africa",51315.3143578654,81.1959628963446,"Mozambique"
"2913","85939544B74766547400417",1,272674.871166243,"Africa",272674.871166243,64.39934346159,"Mozambique"
"2914","85939544B76219123027909",1,314745.936502699,"Africa",314745.936502699,80.385259336441,"Mozambique"
"2915","85939544B78261911608408",1,111720.6382198,"Africa",111720.6382198,74.276609181385,"Mozambique"
"2916","85939544B80156310814638",1,149307.20808483,"Africa",149307.20808483,83.7135967073609,"Mozambique"
"2917","85939544B80255250880532",1,291931.14472776,"Africa",291931.14472776,44.4316932986338,"Mozambique"
"2918","86173395B61374394244874",1,750.304578277869,"Americas",750.304578277869,39.2202501859132,"Bahamas"
"2919","8701671B10960716544692",1,126.875798753276,"Americas",126.875798753276,59.4702981732489,"Saint Lucia"
"2920","8701671B11157561333534",1,57.8230230402946,"Americas",57.8230230402946,33.7910104885481,"Saint Lucia"
"2921","8701671B11486827062004",1,105.759402278662,"Americas",105.759402278662,61.2300487073705,"Saint Lucia"
"2922","8701671B13319398950854",1,90.9565686225891,"Americas",90.9565686225891,99.4617427440211,"Saint Lucia"
"2923","8701671B134536261517",1,170.865604836792,"Americas",170.865604836792,72.0167532056152,"Saint Lucia"
"2924","8701671B1426599605087",1,1701.85399438884,"Americas",1701.85399438884,34.3740717799415,"Saint Lucia"
"2925","8701671B14688938630280",1,157.300325025767,"Americas",157.300325025767,65.7102994222869,"Saint Lucia"
"2926","8701671B14942759406503",1,8.31176303863526,"Americas",8.31176303863526,0,"Saint Lucia"
"2927","8701671B16290064127769",1,116.429637775607,"Americas",116.429637775607,74.3810157720982,"Saint Lucia"
"2928","8701671B18356236998563",1,142.726561250836,"Americas",142.726561250836,52.4541679125304,"Saint Lucia"
"2929","8701671B18948997599977",1,499.743600327857,"Americas",499.743600327857,68.4745727205434,"Saint Lucia"
"2930","8701671B19142540356259",1,46.1656038704514,"Americas",46.1656038704514,57.0160470821615,"Saint Lucia"
"2931","8701671B19228970825308",1,178.387250091433,"Americas",178.387250091433,41.2249958148663,"Saint Lucia"
"2932","8701671B19465815393412",1,1985.3576049795,"Americas",1985.3576049795,24.6737607646856,"Saint Lucia"
"2933","8701671B19516927692390",1,249.31501409471,"Americas",249.31501409471,70.2931863476414,"Saint Lucia"
"2934","8701671B19884465022303",1,185.77388436839,"Americas",185.77388436839,35.4566609385794,"Saint Lucia"
"2935","8701671B1991093639025",1,118.497637579888,"Americas",118.497637579888,46.6279689332642,"Saint Lucia"
"2936","8701671B20457253682512",1,103.264060036875,"Americas",103.264060036875,45.8797464677658,"Saint Lucia"
"2937","8701671B22058673565731",1,202.691671494171,"Americas",202.691671494171,39.2033125678471,"Saint Lucia"
"2938","8701671B22263392934776",1,45.8835637097061,"Americas",45.8835637097061,78.5672088451844,"Saint Lucia"
"2939","8701671B22929774804888",1,33.4333841337264,"Americas",33.4333841337264,16.5356870492205,"Saint Lucia"
"2940","8701671B23364700154190",1,342.128222187012,"Americas",342.128222187012,63.1121670988761,"Saint Lucia"
"2941","8701671B23610017259246",1,628.2245785781,"Americas",628.2245785781,71.9796531889521,"Saint Lucia"
"2942","8701671B24452545338403",1,56.8017873942852,"Americas",56.8017873942852,39.2357553704768,"Saint Lucia"
"2943","8701671B26165957358131",1,542.611173118129,"Americas",542.611173118129,53.2507418428306,"Saint Lucia"
"2944","8701671B26801747706600",1,299.571584827453,"Americas",299.571584827453,48.5669600626237,"Saint Lucia"
"2945","8701671B26969099511197",1,51.794548446238,"Americas",51.794548446238,23.6397541351804,"Saint Lucia"
"2946","8701671B28049445861870",1,229.725744282007,"Americas",229.725744282007,79.8930544225064,"Saint Lucia"
"2947","8701671B28263897430178",1,330.559452869892,"Americas",330.559452869892,67.5580659523103,"Saint Lucia"
"2948","8701671B28478396095564",1,115.089159789085,"Americas",115.089159789085,27.537238606147,"Saint Lucia"
"2949","8701671B29376048072153",1,57.5370909591019,"Americas",57.5370909591019,30.7117162504963,"Saint Lucia"
"2950","8701671B29380756423502",1,218.333529389277,"Americas",218.333529389277,53.2923882248742,"Saint Lucia"
"2951","8701671B30970661206572",1,148.800846797414,"Americas",148.800846797414,42.416445662494,"Saint Lucia"
"2952","8701671B31053612499035",1,243.041817180291,"Americas",243.041817180291,72.5316176701743,"Saint Lucia"
"2953","8701671B31259394762981",1,633.093543691076,"Americas",633.093543691076,63.0800012561172,"Saint Lucia"
"2954","8701671B31446207074709",1,430.077622332908,"Americas",430.077622332908,62.6534771367329,"Saint Lucia"
"2955","8701671B31799938456205",1,137.378592867851,"Americas",137.378592867851,50.4111899672487,"Saint Lucia"
"2956","8701671B32126440612749",1,14.5256375839189,"Americas",14.5256375839189,61.8805701129741,"Saint Lucia"
"2957","8701671B32439381681784",1,170.041066125035,"Americas",170.041066125035,80.0102715960625,"Saint Lucia"
"2958","8701671B32794864311067",1,1043.93203215674,"Americas",1043.93203215674,65.2826980319657,"Saint Lucia"
"2959","8701671B32861116669136",1,68.9006971376389,"Americas",68.9006971376389,67.5026475496783,"Saint Lucia"
"2960","8701671B33750138379558",1,769.784038934223,"Americas",769.784038934223,73.5957460664499,"Saint Lucia"
"2961","8701671B34835556346125",1,412.28014919281,"Americas",412.28014919281,18.7313364476258,"Saint Lucia"
"2962","8701671B35578223598548",1,378.404617400728,"Americas",378.404617400728,76.313330010592,"Saint Lucia"
"2963","8701671B37545518209863",1,438.509964027107,"Americas",438.509964027107,27.5434138449613,"Saint Lucia"
"2964","8701671B38315544372764",1,193.220350132659,"Americas",193.220350132659,67.2795649918177,"Saint Lucia"
"2965","8701671B39771319698243",1,554.348357747793,"Americas",554.348357747793,33.7017619093049,"Saint Lucia"
"2966","8701671B40321186165087",1,5877.71923445225,"Americas",5877.71923445225,24.6137782260119,"Saint Lucia"
"2967","8701671B40414621404718",1,254.657458356768,"Americas",254.657458356768,66.5709578148728,"Saint Lucia"
"2968","8701671B40447391578275",1,300.413187890723,"Americas",300.413187890723,56.2159149266895,"Saint Lucia"
"2969","8701671B41249245584298",1,53.887545838505,"Americas",53.887545838505,67.907859786623,"Saint Lucia"
"2970","8701671B42907640167452",1,129.402323929071,"Americas",129.402323929071,63.1378698324598,"Saint Lucia"
"2971","8701671B42961858888115",1,32.4132084518671,"Americas",32.4132084518671,0,"Saint Lucia"
"2972","8701671B43089055128677",1,132.988987950534,"Americas",132.988987950534,57.962585742473,"Saint Lucia"
"2973","8701671B43129052292298",1,304.945235498063,"Americas",304.945235498063,73.7991067582989,"Saint Lucia"
"2974","8701671B43516735791505",1,24.3174618035555,"Americas",24.3174618035555,64.4402672414889,"Saint Lucia"
"2975","8701671B45251476998803",1,833.901821160093,"Americas",833.901821160093,49.0095235438928,"Saint Lucia"
"2976","8701671B45853929817808",1,7.33334266781807,"Americas",7.33334266781807,36.7788350175114,"Saint Lucia"
"2977","8701671B45858620723076",1,80.0226728120446,"Americas",80.0226728120446,30.0156110672687,"Saint Lucia"
"2978","8701671B45952926697202",1,1552.82275377765,"Americas",1552.82275377765,28.4054366176222,"Saint Lucia"
"2979","8701671B46937841277831",1,7.11664681375027,"Americas",7.11664681375027,12.4338589516396,"Saint Lucia"
"2980","8701671B476552117611",1,161.324212044775,"Americas",161.324212044775,48.6784878816148,"Saint Lucia"
"2981","8701671B48782263961868",1,3.88741593360901,"Americas",3.88741593360901,2.24489088539468,"Saint Lucia"
"2982","8701671B49997775844737",1,103.114814439155,"Americas",103.114814439155,63.5316938937417,"Saint Lucia"
"2983","8701671B5294461890646",1,156.848325045705,"Americas",156.848325045705,50.4339970600871,"Saint Lucia"
"2984","8701671B53815212038994",1,153.21477645345,"Americas",153.21477645345,31.0464292465506,"Saint Lucia"
"2985","8701671B54095148495441",1,396.21391577661,"Americas",396.21391577661,44.7414689227908,"Saint Lucia"
"2986","8701671B5410324269547",1,266.008770141006,"Americas",266.008770141006,91.0271369262337,"Saint Lucia"
"2987","8701671B54248554179471",1,451.655356444344,"Americas",451.655356444344,70.2034651852504,"Saint Lucia"
"2988","8701671B5497256844946",1,93.5104424035549,"Americas",93.5104424035549,45.2833580783527,"Saint Lucia"
"2989","8701671B55619097224465",1,15.5632844334841,"Americas",15.5632844334841,37.9701446241841,"Saint Lucia"
"2990","8701671B55791110195050",1,63.0904918745905,"Americas",63.0904918745905,29.3922842938264,"Saint Lucia"
"2991","8701671B56473836536162",1,77.2908139884472,"Americas",77.2908139884472,15.5727270607027,"Saint Lucia"
"2992","8701671B56799057925384",1,1101.22718294278,"Americas",1101.22718294278,51.7747220648317,"Saint Lucia"
"2993","8701671B57020485893312",1,14.2957246378064,"Americas",14.2957246378064,5.07205499475672,"Saint Lucia"
"2994","8701671B57419145053481",1,966.178150026798,"Americas",966.178150026798,45.6411862223463,"Saint Lucia"
"2995","8701671B58191073405905",1,15.5949423933029,"Americas",15.5949423933029,33.6097129332932,"Saint Lucia"
"2996","8701671B59760242426432",1,362.078165578246,"Americas",362.078165578246,68.1549042668834,"Saint Lucia"
"2997","8701671B59921054204413",1,241.378215551376,"Americas",241.378215551376,49.6731647845133,"Saint Lucia"
"2998","8701671B60383917462580",1,5.67564519524574,"Americas",5.67564519524574,0,"Saint Lucia"
"2999","8701671B61982793358866",1,303.738371714205,"Americas",303.738371714205,38.1581244596041,"Saint Lucia"
"3000","8701671B62248544319556",1,705.345102654547,"Americas",705.345102654547,55.7668165289386,"Saint Lucia"
"3001","8701671B6329691357439",1,11.7383231198043,"Americas",11.7383231198043,47.8032450487549,"Saint Lucia"
"3002","8701671B63359836488901",1,55.0324338608235,"Americas",55.0324338608235,97.8825622903503,"Saint Lucia"
"3003","8701671B63558668022840",1,103.775788249671,"Americas",103.775788249671,38.5957519786813,"Saint Lucia"
"3004","8701671B6383069893931",1,24.0202026855946,"Americas",24.0202026855946,21.4567144928194,"Saint Lucia"
"3005","8701671B64489112890700",1,4462.400182705,"Americas",4462.400182705,28.7229442933065,"Saint Lucia"
"3006","8701671B65041139962090",1,104.750767913759,"Americas",104.750767913759,64.1853315573222,"Saint Lucia"
"3007","8701671B65386836314559",1,35.3600307970867,"Americas",35.3600307970867,13.1647952210716,"Saint Lucia"
"3008","8701671B65845111607319",1,1021.67148966324,"Americas",1021.67148966324,62.7567885317925,"Saint Lucia"
"3009","8701671B67257471082353",1,139.679820803702,"Americas",139.679820803702,35.9300858321618,"Saint Lucia"
"3010","8701671B67888908023489",1,233.33729880996,"Americas",233.33729880996,54.0963740659733,"Saint Lucia"
"3011","8701671B68052266894517",1,41.8091170555353,"Americas",41.8091170555353,21.268413942852,"Saint Lucia"
"3012","8701671B68891744403519",1,113.749348100089,"Americas",113.749348100089,46.5884025791539,"Saint Lucia"
"3013","8701671B68975897642122",1,64.7339642447233,"Americas",64.7339642447233,31.9335593525409,"Saint Lucia"
"3014","8701671B69185125078741",1,86.3068337321281,"Americas",86.3068337321281,26.4303157544992,"Saint Lucia"
"3015","8701671B70067848832200",1,157.024239471778,"Americas",157.024239471778,69.1080753083698,"Saint Lucia"
"3016","8701671B71571062507422",1,400.896123487577,"Americas",400.896123487577,68.4638202330371,"Saint Lucia"
"3017","8701671B7232350225457",1,272.948806494251,"Americas",272.948806494251,68.4843219715733,"Saint Lucia"
"3018","8701671B72346500642507",1,112.534775991589,"Americas",112.534775991589,34.7386711806679,"Saint Lucia"
"3019","8701671B72959640308554",1,325.978412472717,"Americas",325.978412472717,53.9363281739425,"Saint Lucia"
"3020","8701671B73612450286207",1,300.811711989716,"Americas",300.811711989716,57.9390274309546,"Saint Lucia"
"3021","8701671B74250012316808",1,113.608017288372,"Americas",113.608017288372,60.5270780825955,"Saint Lucia"
"3022","8701671B75049629719771",1,1941.94017784655,"Americas",1941.94017784655,36.7054082950427,"Saint Lucia"
"3023","8701671B75449277915828",1,269.994132963121,"Americas",269.994132963121,23.3569597891595,"Saint Lucia"
"3024","8701671B76730810017081",1,13.4860322955251,"Americas",13.4860322955251,0,"Saint Lucia"
"3025","8701671B77198875782479",1,239.27814273119,"Americas",239.27814273119,77.6228887835711,"Saint Lucia"
"3026","8701671B78477528803813",1,260.486935563013,"Americas",260.486935563013,66.4146998070602,"Saint Lucia"
"3027","8701671B7895347248645",1,117.436779725626,"Americas",117.436779725626,80.3573806682834,"Saint Lucia"
"3028","8701671B80390087772516",1,251.136283665448,"Americas",251.136283665448,59.8689155700233,"Saint Lucia"
"3029","8701671B80425002261515",1,6.27449657082558,"Americas",6.27449657082558,53.2579960891348,"Saint Lucia"
"3030","8701671B8071500438377",1,186.38079503268,"Americas",186.38079503268,33.1981078853709,"Saint Lucia"
"3031","8701671B80994766223390",1,174.608724110276,"Americas",174.608724110276,17.5728619687106,"Saint Lucia"
"3032","8701671B82289109634820",1,212.318041232079,"Americas",212.318041232079,29.4375909503714,"Saint Lucia"
"3033","8701671B83724356219791",1,250.469239333868,"Americas",250.469239333868,67.019591015496,"Saint Lucia"
"3034","8701671B84690280241827",1,122.706253580078,"Americas",122.706253580078,53.6443431892273,"Saint Lucia"
"3035","8701671B84813542366979",1,276.796797341183,"Americas",276.796797341183,40.306399887274,"Saint Lucia"
"3036","8701671B85169170830121",1,113.053344040811,"Americas",113.053344040811,98.2380514745117,"Saint Lucia"
"3037","8701671B85920169217386",1,27.0432558041066,"Americas",27.0432558041066,97.4079627072294,"Saint Lucia"
"3038","8701671B86080825614718",1,967.166683115326,"Americas",967.166683115326,44.0242006416581,"Saint Lucia"
"3039","8701671B86679693622237",1,94.762587633431,"Americas",94.762587633431,37.324610519007,"Saint Lucia"
"3040","8701671B87129820959835",1,164.577868441157,"Americas",164.577868441157,75.9686482483184,"Saint Lucia"
"3041","8701671B87504135677093",1,1214.54224632092,"Americas",1214.54224632092,50.7367384160845,"Saint Lucia"
"3042","8701671B87910523251509",1,45.2188479368389,"Americas",45.2188479368389,23.6920717383986,"Saint Lucia"
"3043","8701671B8813575079880",1,2.25173208236694,"Americas",2.25173208236694,1.82884830295906,"Saint Lucia"
"3044","8701671B89606244104668",1,698.715428707823,"Americas",698.715428707823,65.1212496638581,"Saint Lucia"
"3045","8701671B8981340817709",1,92.4893346808106,"Americas",92.4893346808106,38.6777151675158,"Saint Lucia"
"3046","8701671B90029568380485",1,269.324296838716,"Americas",269.324296838716,72.1185555521302,"Saint Lucia"
"3047","8701671B90589302469982",1,1671.61497411013,"Americas",1671.61497411013,66.4315078557977,"Saint Lucia"
"3048","8701671B91249744249717",1,23.8679930537939,"Americas",23.8679930537939,18.1282921647891,"Saint Lucia"
"3049","8701671B91352204106029",1,226.818850117922,"Americas",226.818850117922,46.098859204752,"Saint Lucia"
"3050","8701671B91684501452899",1,83.3713359439373,"Americas",83.3713359439373,36.6464453336826,"Saint Lucia"
"3051","8701671B91946398565623",1,12.0194985485077,"Americas",12.0194985485077,11.2401413890345,"Saint Lucia"
"3052","8701671B91948443212485",1,64.3600139784813,"Americas",64.3600139784813,25.3434328080258,"Saint Lucia"
"3053","8701671B91980057323344",1,87.3744666753709,"Americas",87.3744666753709,36.7324207418177,"Saint Lucia"
"3054","8701671B92996832063401",1,54.7939859747887,"Americas",54.7939859747887,67.9149522005905,"Saint Lucia"
"3055","8701671B93108958332775",1,72.116942178607,"Americas",72.116942178607,45.6868532822975,"Saint Lucia"
"3056","8701671B93430889647256",1,1.42008609056473,"Americas",1.42008609056473,75.3085481301876,"Saint Lucia"
"3057","8701671B93683641934125",1,205.073856672645,"Americas",205.073856672645,65.5259348174025,"Saint Lucia"
"3058","8701671B93850487776066",1,350.735467522517,"Americas",350.735467522517,44.2353396320351,"Saint Lucia"
"3059","8701671B94960647396655",1,530.647198997885,"Americas",530.647198997885,60.1199685428016,"Saint Lucia"
"3060","8701671B95563300423658",1,310.893801601641,"Americas",310.893801601641,48.1746738962817,"Saint Lucia"
"3061","8701671B96951790647096",1,1256.06277802538,"Americas",1256.06277802538,41.9779446681839,"Saint Lucia"
"3062","8701671B96967747537750",1,157.588599486277,"Americas",157.588599486277,70.156721883495,"Saint Lucia"
"3063","8701671B96985788698945",1,79.8471949728578,"Americas",79.8471949728578,49.4501344499362,"Saint Lucia"
"3064","8701671B9732663070943",1,3602.01747185215,"Americas",3602.01747185215,28.8522988505092,"Saint Lucia"
"3065","8701671B98275971460966",1,205.753275104091,"Americas",205.753275104091,49.2299726314752,"Saint Lucia"
"3066","8701671B98916205392785",1,370.955515849255,"Americas",370.955515849255,45.8117041988011,"Saint Lucia"
"3067","8701671B98929881441736",1,349.346647269279,"Americas",349.346647269279,17.5983939374441,"Saint Lucia"
"3068","8701671B99321727283863",1,565.04233897645,"Americas",565.04233897645,61.5723197634539,"Saint Lucia"
"3069","8701671B99904787478825",1,194.403709982336,"Americas",194.403709982336,67.2014419731234,"Saint Lucia"
"3070","93216281B3621351927787",1,1014236.45739998,"Europe",1014236.45739998,15.0951531879023,"Spain"
"3071","93216281B43695015348250",1,859896.077853532,"Europe",859896.077853532,12.6100343450495,"Spain"
"3072","93216281B51396366921995",1,1003325.98090408,"Europe",1003325.98090408,16.9365680669743,"Spain"
"3073","93216281B81853390501709",1,286606.916739619,"Europe",286606.916739619,30.6833299900564,"Spain"
"3074","93511190B20758743929628",1,14806.1824963111,"Americas",14806.1824963111,47.2070495283589,"Grenada"
"3075","93511190B21658762393869",1,7341.06791946791,"Americas",7341.06791946791,55.1801429020107,"Grenada"
"3076","93511190B28979172348328",1,12288.6784720659,"Americas",12288.6784720659,50.6736916633337,"Grenada"
"3077","93511190B48408833278115",1,30146.0991324354,"Americas",30146.0991324354,46.8972718237171,"Grenada"
"3078","93511190B55681603978518",1,3779.51827306047,"Americas",3779.51827306047,52.9619918517473,"Grenada"
"3079","93511190B76376744251170",1,4183.82039072675,"Americas",4183.82039072675,44.3767179492069,"Grenada"
"3080","93511190B82420517640996",1,49704.3199555095,"Americas",49704.3199555095,30.8683087866135,"Grenada"
"3081","94954027B24043744256815",1,6451.10518456161,"Americas",6451.10518456161,47.6710165425184,"Saint Vincent and the Grenadines"
"3082","94954027B50419639501702",1,12056.5494763367,"Americas",12056.5494763367,35.3584214058265,"Saint Vincent and the Grenadines"
"3083","94954027B73683206567439",1,9330.10014499979,"Americas",9330.10014499979,32.9784988675628,"Saint Vincent and the Grenadines"
"3084","94954027B75488374461778",1,3139.10175951272,"Americas",3139.10175951272,52.7929014013308,"Saint Vincent and the Grenadines"
"3085","94954027B8071677306874",1,40656.3959629704,"Americas",40656.3959629704,30.2208189051931,"Saint Vincent and the Grenadines"
"3086","94954027B88448576527444",1,22158.8027521478,"Americas",22158.8027521478,38.6474903749228,"Saint Vincent and the Grenadines"
